Date,Close,RS_raw,RS_smooth,RS_Ratio,RS_Momentum,Symbol,Label,Group,Quadrant,Rank,RankVelocity,RankAccel
2024-09-18,107.28158569335938,0.6290996173759049,0.6290996173759049,,,XLK,情報技術,growth,,,,
2024-09-19,110.4678726196289,0.6409457399630765,0.6330483249049621,,,XLK,情報技術,growth,,,,
2024-09-20,109.92941284179688,0.6401580879033858,0.6354182459044367,,,XLK,情報技術,growth,,,,
2024-09-23,109.90912628173828,0.6367793272368285,0.6358719396819007,,,XLK,情報技術,growth,,,,
2024-09-24,110.66136169433594,0.6402005301119139,0.6373148031585718,,,XLK,情報技術,growth,,,,
2024-09-25,110.97808074951172,0.6460272006048605,0.640218935640668,,,XLK,情報技術,growth,,,,
2024-09-26,112.4478988647461,0.649149573978788,0.6431958150867081,,,XLK,情報技術,growth,,,,
2024-09-27,111.39873504638672,0.640792701278728,0.6423947771507148,,,XLK,情報技術,growth,,,,
2024-09-30,111.72535705566406,0.6418463527390026,0.6422119690134774,,,XLK,情報技術,growth,,,,
2024-10-01,109.00347900390625,0.6295478544009777,0.6379905974759776,,,XLK,情報技術,growth,,,,
2024-10-02,109.81015014648438,0.6348836017293775,0.636954932227111,,,XLK,情報技術,growth,,,,
2024-10-03,110.26544952392578,0.6405384175120556,0.6381494273220926,,,XLK,情報技術,growth,,,,
2024-10-04,111.49275207519531,0.6426264206328175,0.6396417584256676,,,XLK,情報技術,growth,,,,
2024-10-07,110.72569274902344,0.6432119972085745,0.6408318380199699,,,XLK,情報技術,growth,,,,
2024-10-08,112.7943115234375,0.6536791920083718,0.6451142893494373,,,XLK,情報技術,growth,,,,
2024-10-09,114.05626678466797,0.6564829344367356,0.6489038377118701,,,XLK,情報技術,growth,,,,
2024-10-10,114.02658081054688,0.658780415667008,0.6521960303635828,,,XLK,情報技術,growth,,,,
2024-10-11,114.22452545166016,0.6535045226123635,0.6526321944465097,,,XLK,情報技術,growth,,,,
2024-10-14,115.71414184570312,0.657204786612419,0.6541563918351462,,,XLK,情報技術,growth,,,,
2024-10-15,113.17041778564453,0.6456792278387564,0.6513306705030163,,,XLK,情報技術,growth,,,,
2024-10-16,113.52178955078125,0.6433332220723562,0.648664854359463,,,XLK,情報技術,growth,,,,
2024-10-17,113.86820983886719,0.6463283450855184,0.6478860179348148,,,XLK,情報技術,growth,,,,
2024-10-18,114.27401733398438,0.6467059632203601,0.64749266636333,,,XLK,情報技術,growth,,,,
2024-10-21,114.8084945678711,0.6553155615214149,0.6501002980826918,,,XLK,情報技術,growth,,,,
2024-10-22,114.68971252441406,0.6575915540534334,0.6525973834062724,,,XLK,情報技術,growth,,,,
2024-10-23,113.04669189453125,0.6503083963076007,0.6518343877067152,,,XLK,情報技術,growth,,,,
2024-10-24,113.3782730102539,0.6520699985748175,0.6519129246627493,,,XLK,情報技術,growth,,,,
2024-10-25,113.9671859741211,0.6585851415071879,0.6541369969442289,,,XLK,情報技術,growth,,,,
2024-10-28,113.93254089355469,0.6546725941295111,0.654315529339323,,,XLK,情報技術,growth,,,,
2024-10-29,115.4666976928711,0.6654943252183613,0.6580417946323358,,,XLK,情報技術,growth,,,,
2024-10-30,113.63066101074219,0.6563455870759068,0.6574763921135263,,,XLK,情報技術,growth,,,,
2024-10-31,109.98336029052734,0.6421252002891398,0.6523593281720641,,,XLK,情報技術,growth,,,,
2024-11-01,110.809814453125,0.6465469364120062,0.6504218642520448,,,XLK,情報技術,growth,,,,
2024-11-04,110.72569274902344,0.6452879342543443,0.6487105542528113,,,XLK,情報技術,growth,,,,
2024-11-05,112.2845687866211,0.646828062776418,0.6480830570940136,,,XLK,情報技術,growth,,,,
2024-11-06,115.48152923583984,0.649859169369763,0.6486750945192634,,,XLK,情報技術,growth,,,,
2024-11-07,117.4957275390625,0.6605437283173574,0.6526313057852948,,,XLK,情報技術,growth,,,,
2024-11-08,117.3670425415039,0.6561645166645426,0.6538090427450441,,,XLK,情報技術,growth,,,,
2024-11-11,116.71875,0.6492953760555014,0.6523044871818633,,,XLK,情報技術,growth,,,,
2024-11-12,116.86720275878906,0.6551138163760641,0.6532409302465969,,,XLK,情報技術,growth,,,,
2024-11-13,116.46142578125,0.6524837270520037,0.6529885291817326,,,XLK,情報技術,growth,,,,
2024-11-14,116.06550598144531,0.6555108856271252,0.6538293146635301,,,XLK,情報技術,growth,,,,
2024-11-15,113.18527221679688,0.6438366805961755,0.6504984366410786,,,XLK,情報技術,growth,,,,
2024-11-18,113.55147552490234,0.6433243844761029,0.6481070859194201,,,XLK,情報技術,growth,,,,
2024-11-19,114.48186492919922,0.6503495548779314,0.6488545755722572,,,XLK,情報技術,growth,,,,
2024-11-20,114.38288879394531,0.647607022757657,0.6484387246340573,,,XLK,情報技術,growth,,,,
2024-11-21,115.54586791992188,0.6460531908522095,0.6476435467067747,,,XLK,情報技術,growth,,,,
2024-11-22,115.60525512695312,0.6413333845747267,0.6455401593294254,,,XLK,情報技術,growth,,,,
2024-11-25,115.60029602050781,0.6355508010300713,0.6422103732296408,,,XLK,情報技術,growth,,,,
2024-11-26,116.17932891845703,0.6386660745766659,0.6410289403453159,,,XLK,情報技術,growth,,,,
2024-11-27,114.60559844970703,0.6306210449707107,0.6375596418871142,,,XLK,情報技術,growth,,,,
2024-11-29,115.66959381103516,0.6345421700382139,0.6365538179374808,,,XLK,情報技術,growth,,,,
2024-12-02,116.76824188232422,0.6421779234803192,0.6384285197850936,,,XLK,情報技術,growth,,,,
2024-12-03,117.18890380859375,0.6473622957619604,0.6414064451107159,,,XLK,情報技術,growth,,,,
2024-12-04,119.33174133300781,0.6591641904013762,0.6473256935409359,,,XLK,情報技術,growth,,,,
2024-12-05,118.72798156738281,0.6591189324467551,0.651256773176209,,,XLK,情報技術,growth,,,,
2024-12-06,119.18822479248047,0.6624242678144328,0.6549792713889503,,,XLK,情報技術,growth,,,,
2024-12-09,118.41126251220703,0.660817940334791,0.6569254943708972,,,XLK,情報技術,growth,,,,
2024-12-10,116.76824188232422,0.6556660338362904,0.656505674192695,,,XLK,情報技術,growth,,,,
2024-12-11,118.46075439453125,0.6645533657279221,0.6591882380377707,,,XLK,情報技術,growth,,,,
2024-12-12,117.79759979248047,0.6632551480995208,0.6605438747250207,,,XLK,情報技術,growth,,,,
2024-12-13,118.30237579345703,0.6684375271310699,0.6631750921937039,,,XLK,情報技術,growth,,,,
2024-12-16,119.48516082763672,0.6773516679350573,0.6679006174408217,102.54950951532074,,XLK,情報技術,growth,,10.0,,
2024-12-17,118.76261901855469,0.6786004028587399,0.6714672125801279,102.85733605596288,,XLK,情報技術,growth,,11.0,,
2024-12-18,114.93221282958984,0.6767382449237652,0.6732242233613404,102.87797877183044,,XLK,情報技術,growth,,11.0,,
2024-12-19,115.0559310913086,0.6797221671585438,0.6753902046270749,102.90882380379958,,XLK,情報技術,growth,,11.0,,
2024-12-20,116.77320098876953,0.680338952945358,0.677039787399836,102.87204130955794,,XLK,情報技術,growth,,11.0,,
2024-12-23,118.01044464111328,0.6866113436925488,0.6802303061640735,102.96037257129235,,XLK,情報技術,growth,,11.0,1.0,
2024-12-24,119.22985076904297,0.6885113809698402,0.6829906644326624,102.96635160552184,,XLK,情報技術,growth,,11.0,0.0,
2024-12-26,119.30917358398438,0.6878463568417525,0.6846092285690258,102.86187310824238,,XLK,情報技術,growth,,11.0,0.0,
2024-12-27,117.72293090820312,0.6833491672449011,0.684189208127651,102.62245424847944,,XLK,情報技術,growth,,11.0,0.0,
2024-12-30,116.2259292602539,0.6815251327397839,0.6833011829983621,102.38963499866453,,XLK,情報技術,growth,,11.0,0.0,
2024-12-31,115.25932312011719,0.6746231207390812,0.6804084955786018,102.05421862026562,,XLK,情報技術,growth,,11.0,0.0,-1.0
2025-01-02,114.9866943359375,0.6749918221005002,0.678602937752568,101.83580413395583,,XLK,情報技術,growth,,11.0,0.0,0.0
2025-01-03,116.86042785644531,0.6797659746754818,0.6789906167268727,101.79352349418699,,XLK,情報技術,growth,,11.0,0.0,0.0
2025-01-06,118.34751892089844,0.6888852216350175,0.682288818362921,101.95888429586668,,XLK,情報技術,growth,,11.0,0.0,0.0
2025-01-07,115.97312927246094,0.6773321947644367,0.6806366104967596,101.75988960977425,,XLK,情報技術,growth,,11.0,0.0,0.0
2025-01-08,115.9334716796875,0.6762917592236217,0.679188326739047,101.5876734969536,,XLK,情報技術,growth,,11.0,0.0,0.0
2025-01-10,113.40542602539062,0.671357955236287,0.6765782029047938,101.34632970456254,,XLK,情報技術,growth,,11.0,0.0,0.0
2025-01-13,112.6023941040039,0.6611847263006447,0.6714470440367442,100.943129648462,,XLK,情報技術,growth,,9.0,-2.0,-2.0
2025-01-14,112.89981079101562,0.6576226029422626,0.6668388970052503,100.59072750350492,,XLK,情報技術,growth,,7.0,-4.0,-4.0
2025-01-15,115.14531707763672,0.6643261254718124,0.6660013064941044,100.51556718653289,,XLK,情報技術,growth,,7.0,-4.0,-4.0
2025-01-16,114.25802612304688,0.6540560790896269,0.6620195640259453,100.21486127488414,,XLK,情報技術,growth,,7.0,-4.0,-4.0
2025-01-17,116.0474853515625,0.6610895595093675,0.6617095625204195,100.17806328793172,,XLK,情報技術,growth,,6.0,-5.0,-5.0
2025-01-21,117.01409149169922,0.6589465548234534,0.6607885599547642,100.0963983613639,,XLK,情報技術,growth,,5.0,-4.0,-2.0
2025-01-22,119.6561508178711,0.676201072276248,0.6659260640619254,100.45428850961676,,XLK,情報技術,growth,,6.0,-1.0,3.0
2025-01-23,119.86930084228516,0.6742107942667634,0.6686876407968715,100.63680184058204,,XLK,情報技術,growth,,7.0,0.0,4.0
2025-01-24,118.62015533447266,0.6677709724614038,0.668382084685049,100.59549086331498,,XLK,情報技術,growth,,8.0,1.0,5.0
2025-01-27,112.80563354492188,0.6346201175168709,0.6571280956289897,99.75799451205796,,XLK,情報技術,growth,,5.0,-1.0,4.0
2025-01-28,115.81450653076172,0.6547797982921075,0.656345329850029,99.69409863805913,,XLK,情報技術,growth,,5.0,0.0,4.0
2025-01-29,114.8726806640625,0.6516101139277484,0.6547669245426022,99.57610627326765,,XLK,情報技術,growth,,5.0,-1.0,0.0
2025-01-30,115.08582305908203,0.645924485323204,0.6518194448028028,99.36133469227018,,XLK,情報技術,growth,,4.0,-3.0,-3.0
2025-01-31,114.41167449951172,0.6474553122218738,0.6503647339424932,99.26564997860045,,XLK,情報技術,growth,,4.0,-4.0,-5.0
2025-02-03,112.87007141113281,0.6422396525662053,0.6476563734837306,99.08335155779807,,XLK,情報技術,growth,,2.0,-3.0,-2.0
2025-02-04,114.4959487915039,0.6506967477071146,0.648669831558192,99.16450136428436,,XLK,情報技術,growth,,2.0,-3.0,-3.0
2025-02-05,116.08714294433594,0.6565383535675511,0.6512926722279784,99.3547215365043,,XLK,情報技術,growth,,3.0,-2.0,-1.0
2025-02-06,116.40438079833984,0.6592048818306502,0.653930075428869,99.53970395390664,,XLK,情報技術,growth,,4.0,0.0,3.0
2025-02-07,115.40804290771484,0.6567901143441439,0.6548834217339607,99.59969557079523,,XLK,情報技術,growth,,3.0,-1.0,3.0
2025-02-10,117.0934066772461,0.664501160434358,0.6580893346340932,99.8242668459614,,XLK,情報技術,growth,,4.0,2.0,5.0
2025-02-11,117.14793395996094,0.6647370371460681,0.6603052354714183,99.97967342942573,,XLK,情報技術,growth,,3.0,1.0,4.0
2025-02-12,116.89513397216797,0.6671782445694507,0.6625962385040958,100.14011226776876,,XLK,情報技術,growth,,4.0,1.0,3.0
2025-02-13,118.55074310302734,0.6708043202423596,0.6653322657501838,100.32953560532657,,XLK,情報技術,growth,,5.0,1.0,1.0
2025-02-14,118.9522705078125,0.6737454545454545,0.668136662015274,100.52177259003938,,XLK,情報技術,growth,,6.0,3.0,4.0
2025-02-18,120.03785705566406,0.6747148770803413,0.6703294003702964,100.66482363682027,,XLK,情報技術,growth,,7.0,3.0,1.0
2025-02-19,120.04774475097656,0.6734049827755284,0.6713545945053738,100.71951346060229,,XLK,情報技術,growth,,7.0,4.0,3.0
2025-02-20,119.66607666015625,0.6729570898291992,0.6718887596133156,100.73501670856334,,XLK,情報技術,growth,,7.0,3.0,2.0
2025-02-21,116.42420959472656,0.6640469948258138,0.6692748380174817,100.51805112406583,,XLK,情報技術,growth,,6.0,1.0,0.0
2025-02-24,114.75868225097656,0.6540018435263528,0.664183839853772,100.1176635439814,,XLK,情報技術,growth,,4.0,-2.0,-5.0
2025-02-25,113.27157592773438,0.6448819719158757,0.6577498838744733,99.61500096224421,,XLK,情報技術,growth,,3.0,-4.0,-7.0
2025-02-26,114.50586700439453,0.6532870865297224,0.6562622847595564,99.4861187360226,,XLK,情報技術,growth,,3.0,-4.0,-8.0
2025-02-27,110.3370590209961,0.6350490488820192,0.6491912061337106,98.92981225102724,,XLK,情報技術,growth,,3.0,-4.0,-7.0
2025-02-28,111.79440307617188,0.6363660999565887,0.6449161707413367,98.58733931282782,,XLK,情報技術,growth,,2.0,-4.0,-5.0
2025-03-03,108.39392852783203,0.623655242315153,0.6378291945992755,98.05262984287042,,XLK,情報技術,growth,,1.0,-3.0,-1.0
2025-03-04,108.3096694946289,0.6334038406058533,0.6363540766014681,97.9460646206322,,XLK,情報技術,growth,,1.0,-2.0,2.0
2025-03-05,109.83145141601562,0.6363887697524464,0.6363656409851276,97.94817206973842,,XLK,情報技術,growth,,1.0,-2.0,2.0
2025-03-06,106.78292083740234,0.6256525180363589,0.6327946000022048,97.71296212888379,,XLK,情報技術,growth,,1.0,-2.0,2.0
2025-03-07,108.3294906616211,0.6288228356241575,0.6314706785428557,97.68023558511405,,XLK,情報技術,growth,,1.0,-1.0,3.0
2025-03-10,103.72447204589844,0.6106982953114665,0.6245465507990593,97.33280282104653,,XLK,情報技術,growth,,1.0,0.0,3.0
2025-03-11,103.3031234741211,0.6164269441389406,0.6218400152456864,97.33132538468699,,XLK,情報技術,growth,,2.0,1.0,3.0
2025-03-12,104.92900848388672,0.6290935722402204,0.6242578675771978,97.63690700291512,,XLK,情報技術,growth,,2.0,1.0,3.0
2025-03-13,102.93631744384766,0.6231202573456875,0.6238786641666945,97.74489757490835,,XLK,情報技術,growth,,2.0,1.0,3.0
2025-03-14,106.0492935180664,0.6299551647140453,0.6259041643491448,97.96915061560652,,XLK,情報技術,growth,,2.0,1.0,2.0
2025-03-17,106.78787994384766,0.6258961127627993,0.6259014804870296,98.06253961947331,,XLK,情報技術,growth,,2.0,1.0,1.0
2025-03-18,105.1619873046875,0.6195885535490544,0.6237971715077046,98.04042498396765,,XLK,情報技術,growth,,2.0,0.0,-1.0
2025-03-19,106.53011322021484,0.6230324308844846,0.6235422579666313,98.11752519130934,,XLK,情報技術,growth,,2.0,0.0,-1.0
2025-03-20,105.7717056274414,0.6211826752709263,0.6227557304013963,98.16295160785009,,XLK,情報技術,growth,,2.0,0.0,-1.0
2025-03-21,106.05921173095703,0.6257374972846164,0.6237496526958031,98.28976823928026,,XLK,情報技術,growth,,2.0,0.0,-1.0
2025-03-24,108.06781005859375,0.6278585194864603,0.6251192749593555,98.42316626125395,,XLK,情報技術,growth,,2.0,0.0,-1.0
2025-03-25,108.42534637451172,0.631445326575891,0.627227958831534,98.58114318020351,,XLK,情報技術,growth,,2.0,0.0,0.0
2025-03-26,106.00706481933594,0.6185263780177769,0.6243274318936151,98.49245433265533,100.8970125095178,XLK,情報技術,growth,Improving,1.0,-1.0,-1.0
2025-03-27,105.02882385253906,0.6143989330090419,0.621017932265424,98.38907048175595,100.71896556158997,XLK,情報技術,growth,Improving,1.0,-1.0,-1.0
2025-03-28,102.4814453125,0.6088840803518862,0.6169733149609115,98.25693589494293,100.40137281098511,XLK,情報技術,growth,Improving,1.0,-1.0,-1.0
2025-03-31,102.53109741210938,0.6041503498185385,0.6126989932467872,98.12288932398658,100.0751535450912,XLK,情報技術,growth,Improving,1.0,-1.0,-1.0
2025-04-01,103.2809066772461,0.6079367943528831,0.6111115936154858,98.11987252158721,99.87851873125167,XLK,情報技術,growth,Lagging,1.0,-1.0,-1.0
2025-04-02,104.0456314086914,0.6073595984055722,0.6098609285455147,98.13257173217873,100.00210607057235,XLK,情報技術,growth,Improving,1.0,0.0,1.0
2025-04-03,96.9447250366211,0.5942158467111416,0.6046459012673904,97.9768307094001,99.92700900404786,XLK,情報技術,growth,Lagging,1.0,0.0,1.0
2025-04-04,90.55886840820312,0.5880933138374594,0.5991283721240801,97.8302280082633,99.89421119937664,XLK,情報技術,growth,Lagging,1.0,0.0,1.0
2025-04-07,91.10013580322266,0.5965804488588673,0.5982790643690092,97.89247430040088,100.12511923110203,XLK,情報技術,growth,Improving,1.0,0.0,1.0
2025-04-08,89.24793243408203,0.5956868924496862,0.5974150070625683,97.94212616871283,100.18224211761921,XLK,情報技術,growth,Improving,1.0,0.0,1.0
2025-04-09,101.23008728027344,0.6256295936406256,0.6068198692552541,98.40664100835428,100.73429147940953,XLK,情報技術,growth,Improving,1.0,0.0,0.0
2025-04-10,96.51766967773438,0.6172861096177322,0.6103086160427469,98.60133994664338,101.14304954925376,XLK,情報技術,growth,Improving,1.0,0.0,0.0
2025-04-11,98.49401092529297,0.6205170815861903,0.6137114378905614,98.78685947338674,101.50176022686145,XLK,情報技術,growth,Improving,1.0,0.0,0.0
2025-04-14,99.39279174804688,0.6182801674702618,0.6152343477504616,98.8886917168035,101.49274775285966,XLK,情報技術,growth,Improving,2.0,1.0,1.0
2025-04-15,99.75528717041016,0.6225459070247646,0.6176715341752292,99.02860874914828,101.54789689102572,XLK,情報技術,growth,Improving,2.0,1.0,1.0
2025-04-16,96.28925323486328,0.6087309560936883,0.6146913414813824,98.92880129187692,100.8405766144419,XLK,情報技術,growth,Improving,2.0,1.0,1.0
2025-04-17,95.76786041259766,0.6009683010087566,0.6101169946571738,98.76424113578977,100.38135872326826,XLK,情報技術,growth,Improving,1.0,0.0,0.0
2025-04-21,93.29496002197266,0.5974611573639775,0.6058983822261084,98.62328636334492,99.95840638285208,XLK,情報技術,growth,Lagging,1.0,0.0,0.0
2025-04-22,95.56924438476562,0.597298264616948,0.6030316763563883,98.54819407343271,99.72557290165336,XLK,情報技術,growth,Lagging,1.0,-1.0,-2.0
2025-04-23,98.34008026123047,0.6087267659484839,0.6049300395537536,98.67482051237259,99.71339092558863,XLK,情報技術,growth,Lagging,1.0,-1.0,-2.0
2025-04-24,102.00969696044922,0.6209360052013189,0.6102653614362754,98.94185983938645,100.17663560725143,XLK,情報技術,growth,Improving,1.0,-1.0,-2.0
2025-04-25,103.51927185058594,0.6310278993054845,0.6171862073926785,99.2759599657651,100.79945979797913,XLK,情報技術,growth,Improving,2.0,1.0,1.0
2025-04-28,103.35043334960938,0.6282353801055683,0.6208692649636418,99.46502748399882,101.1762405538315,XLK,情報技術,growth,Improving,2.0,1.0,1.0
2025-04-29,103.83210754394531,0.6275012594305133,0.6230799297859323,99.5866490750832,101.37204067589387,XLK,情報技術,growth,Improving,3.0,2.0,3.0
2025-04-30,104.26412200927734,0.6292179047511703,0.6251259214410116,99.70003830628958,101.31039286297859,XLK,情報技術,growth,Improving,3.0,2.0,3.0
2025-05-01,105.79354095458984,0.6393171216146312,0.6298563214988848,99.93538107829566,101.23519960938316,XLK,情報技術,growth,Improving,4.0,3.0,4.0
2025-05-02,107.56131744384766,0.638731031560703,0.6328145581861576,100.08732262518483,100.98410609229748,XLK,情報技術,growth,Leading,5.0,3.0,2.0
2025-05-05,106.99027252197266,0.6374538572619788,0.6343609912114314,100.17087800387849,100.8264633680159,XLK,情報技術,growth,Leading,5.0,3.0,2.0
2025-05-06,106.10140991210938,0.6368791642150631,0.635200382212642,100.22191711504293,100.71587781978039,XLK,情報技術,growth,Leading,5.0,2.0,0.0
2025-05-07,107.16407012939453,0.6390488913808665,0.6364832186020501,100.29627835963228,100.64974876661944,XLK,情報技術,growth,Leading,5.0,2.0,0.0
2025-05-08,108.18699645996094,0.6397667758759913,0.6375777376933639,100.36461370238365,100.43754240596499,XLK,情報技術,growth,Leading,6.0,2.0,-1.0
2025-05-09,108.05292510986328,0.63912198032098,0.6380924852359027,100.40670124386183,100.30211849434511,XLK,情報技術,growth,Leading,7.0,2.0,-1.0
2025-05-12,113.06824493408203,0.6509452534315432,0.6423767413011162,100.63632846513211,100.48979508810571,XLK,情報技術,growth,Leading,9.0,4.0,1.0
2025-05-13,115.5113525390625,0.6635135941739593,0.6494223589253973,101.00475892055925,100.88458234755234,XLK,情報技術,growth,Leading,10.0,5.0,3.0
2025-05-14,116.26117706298828,0.6718661916842931,0.6569036365116959,101.39359316274884,101.2602257660164,XLK,情報技術,growth,Leading,10.0,5.0,3.0
2025-05-15,116.4200668334961,0.6667072269833383,0.6601715000022434,101.57367463835944,101.37679988733937,XLK,情報技術,growth,Leading,10.0,4.0,2.0
2025-05-16,116.63855743408203,0.6614641432461603,0.6606023810835491,101.61961258384763,101.36649462986783,XLK,情報技術,growth,Leading,10.0,3.0,1.0
2025-05-19,116.46973419189453,0.6605801330773389,0.6605949650814791,101.65230759984159,101.12035491913275,XLK,情報技術,growth,Leading,10.0,1.0,-3.0
2025-05-20,116.03275299072266,0.6598248605458908,0.6603382635696164,101.67833329054989,100.70846973081994,XLK,情報技術,growth,Leading,10.0,0.0,-5.0
2025-05-21,113.85282135009766,0.661845408941398,0.6608406453602103,101.74776386476805,100.32740222229003,XLK,情報技術,growth,Leading,10.0,0.0,-5.0
2025-05-22,113.88262176513672,0.66413675924648,0.6619393499889669,101.83733924097172,100.21616484140492,XLK,情報技術,growth,Leading,10.0,0.0,-4.0
2025-05-23,112.62630462646484,0.6594474708386742,0.661108723605536,101.80369637696536,100.1086852991668,XLK,情報技術,growth,Leading,9.0,-1.0,-4.0
2025-05-27,115.30279541015625,0.6627630819351091,0.6616601763820604,101.81979531468329,100.06607815263116,XLK,情報技術,growth,Leading,8.0,-2.0,-3.0
2025-05-28,114.82609558105469,0.6656834331207019,0.6630012619616077,101.86853537669396,100.06777738990466,XLK,情報技術,growth,Leading,8.0,-2.0,-2.0
2025-05-29,115.01976013183594,0.6651817167166248,0.6637280802132801,101.86011759828925,99.92718978341087,XLK,情報技術,growth,Weakening,8.0,-2.0,-2.0
2025-05-30,114.66222381591797,0.6633770905704184,0.6636110836656596,101.79955123307266,99.66539444882697,XLK,情報技術,growth,Weakening,8.0,-2.0,-2.0
2025-06-02,115.67521667480469,0.6687071009317664,0.6653097560876953,101.81726752037217,99.66171446548388,XLK,情報技術,growth,Weakening,9.0,0.0,1.0
2025-06-03,117.41320037841797,0.6731499749672405,0.667923162380877,101.87038883913205,99.65108292079792,XLK,情報技術,growth,Weakening,10.0,2.0,4.0
2025-06-04,117.58700561523438,0.6756645002541792,0.6705036083386444,101.91253820713277,99.5640959393146,XLK,情報技術,growth,Weakening,11.0,3.0,5.0
2025-06-05,117.25430297851562,0.6755782222019039,0.6721951462930642,101.90451189822939,99.4972341889382,XLK,情報技術,growth,Weakening,10.0,2.0,4.0
2025-06-06,118.36164855957031,0.6761192365947388,0.6735031763936224,101.877570561918,99.51038779404345,XLK,情報技術,growth,Weakening,10.0,2.0,4.0
2025-06-09,118.942626953125,0.6793238678551384,0.6754434068807945,101.8739680543211,99.42168093101313,XLK,情報技術,growth,Weakening,10.0,1.0,1.0
2025-06-10,119.60802459716797,0.6797392623420013,0.6768753587011969,101.84794761982783,99.21236211023468,XLK,情報技術,growth,Weakening,10.0,0.0,-2.0
2025-06-11,119.34484100341797,0.6801749549268132,0.6779752241097357,101.810219909686,99.02292820851245,XLK,情報技術,growth,Weakening,10.0,-1.0,-4.0
2025-06-12,120.45219421386719,0.684879944043237,0.6802767974209027,101.82004676595267,99.06922927444225,XLK,情報技術,growth,Weakening,10.0,0.0,-2.0
2025-06-13,118.76385498046875,0.6835426429685321,0.6813654126034459,101.78234300917183,99.06568673405916,XLK,情報技術,growth,Weakening,10.0,0.0,-2.0
2025-06-16,120.6855697631836,0.6879697295909332,0.683566851599275,101.7868563766848,99.1118546506809,XLK,情報技術,growth,Weakening,10.0,0.0,-1.0
2025-06-17,119.83148193359375,0.689726293764419,0.6856199989876564,101.78358161184192,99.18753952186603,XLK,情報技術,growth,Weakening,10.0,0.0,0.0
2025-06-18,119.9754867553711,0.6904772317308637,0.6872390765687255,101.76401379782563,99.24776367053491,XLK,情報技術,growth,Weakening,10.0,0.0,1.0
2025-06-20,119.44415283203125,0.6862971879663124,0.6869251137012545,101.6799956758836,99.07014043799431,XLK,情報技術,growth,Weakening,10.0,0.0,0.0
2025-06-23,120.80602264404297,0.6880477743487542,0.6872993339170879,101.62553802210337,99.05733957344117,XLK,情報技術,growth,Weakening,10.0,0.0,0.0
2025-06-24,122.9746322631836,0.6938296906107075,0.6894761194816278,101.63358390912119,99.08834901929778,XLK,情報技術,growth,Weakening,10.0,0.0,0.0
2025-06-25,124.02413177490234,0.7048363749032135,0.6945962046221564,101.73289511468727,99.32636654767542,XLK,情報技術,growth,Weakening,10.0,0.0,0.0
2025-06-26,124.879638671875,0.7043823359783744,0.6978582484075625,101.76284318388701,99.44495443722658,XLK,情報技術,growth,Weakening,10.0,0.0,0.0
2025-06-27,124.73042297363281,0.7009736739968913,0.6988967236040055,101.72151108305759,99.54205002698559,XLK,情報技術,growth,Weakening,10.0,0.0,0.0
2025-06-30,125.95399475097656,0.704539460510811,0.7007776359062741,101.70916355779636,99.62619628480557,XLK,情報技術,growth,Weakening,10.0,0.0,0.0
2025-07-01,124.82989501953125,0.6901629458553535,0.6972394058893006,101.53877099378391,99.23718858923702,XLK,情報技術,growth,Weakening,10.0,0.0,0.0
2025-07-02,126.14797973632812,0.6958609691123744,0.6967799269636585,101.47160593681429,98.86595731431856,XLK,情報技術,growth,Weakening,10.0,0.0,0.0
2025-07-03,127.80925750732422,0.7016364186175863,0.6983987575149678,101.47051870676799,98.79343582323158,XLK,情報技術,growth,Weakening,10.0,0.0,0.0
2025-07-07,126.79458618164062,0.7016741667418194,0.699490560590585,101.45707093170549,98.84060816381454,XLK,情報技術,growth,Weakening,11.0,1.0,1.0
2025-07-08,127.47601318359375,0.70368298927478,0.7008880368186501,101.45802861990816,98.85405717220883,XLK,情報技術,growth,Weakening,11.0,1.0,1.0
2025-07-09,128.2419891357422,0.7058034072185467,0.7025264936186157,101.46856896553294,99.23991210011287,XLK,情報技術,growth,Weakening,11.0,1.0,1.0
2025-07-10,127.8192138671875,0.6994248804339114,0.7014926225570477,101.40092673538352,99.23256189522574,XLK,情報技術,growth,Weakening,11.0,1.0,1.0
2025-07-11,127.25715637207031,0.7014845868824231,0.7014899439988396,101.36159789486076,99.16645243975877,XLK,情報技術,growth,Weakening,10.0,0.0,0.0
2025-07-14,127.1527099609375,0.700187451480786,0.7010557798261551,101.30946412601384,99.10995143920118,XLK,情報技術,growth,Weakening,11.0,0.0,-1.0
2025-07-15,128.28179931640625,0.7163384266719177,0.7061499954414093,101.42896731506612,99.39370428629068,XLK,情報技術,growth,Weakening,11.0,0.0,-1.0
2025-07-16,128.6796875,0.7157688426592239,0.7093562778473476,101.48498669631984,99.51918362966238,XLK,情報技術,growth,Weakening,11.0,0.0,-1.0
2025-07-17,129.8485565185547,0.7164295926437485,0.7117140494461479,101.51153052498708,99.76101969390224,XLK,情報技術,growth,Weakening,11.0,0.0,-1.0
2025-07-18,129.76402282714844,0.7162353150837752,0.7132211379920237,101.51391864367572,99.87214429697343,XLK,情報技術,growth,Weakening,11.0,1.0,1.0
2025-07-21,129.93313598632812,0.7196303384518965,0.7153575381453147,101.54141851179517,100.05721105516582,XLK,情報技術,growth,Leading,11.0,0.0,0.0
2025-07-22,128.72943115234375,0.7039887073576078,0.7115679278827458,101.38904975037995,99.40988489714154,XLK,情報技術,growth,Weakening,11.0,0.0,0.0
2025-07-23,129.465576171875,0.702197217415197,0.7084443577268963,101.26547875123794,98.97517394191337,XLK,情報技術,growth,Weakening,11.0,0.0,0.0
2025-07-24,130.0126953125,0.707429304909447,0.7081060067877465,101.23638621476945,98.83553045021537,XLK,情報技術,growth,Weakening,10.0,-1.0,-1.0
2025-07-25,130.31112670898438,0.7056538606138477,0.7072886247297803,101.18863756136587,98.74292590851543,XLK,情報技術,growth,Weakening,10.0,-1.0,-2.0
2025-07-28,131.35067749023438,0.7155138843322937,0.7100303779306181,101.26458655245395,98.89333245360127,XLK,情報技術,growth,Weakening,10.0,-1.0,-1.0
2025-07-29,131.35565185546875,0.7158861670571036,0.7119823076394467,101.31154710470987,99.38532766745912,XLK,情報技術,growth,Weakening,10.0,-1.0,-1.0
2025-07-30,131.64910888671875,0.7221701542271962,0.7153782565020299,101.41294086573487,99.95374615770267,XLK,情報技術,growth,Weakening,11.0,0.0,0.0
2025-07-31,130.68417358398438,0.723474569599214,0.7180770275344246,101.48813618414015,100.25099684122281,XLK,情報技術,growth,Leading,10.0,0.0,1.0
2025-08-01,127.86396789550781,0.7159322112094486,0.7173620887594326,101.42897182345641,100.26241228331416,XLK,情報技術,growth,Leading,9.0,-1.0,0.0
2025-08-04,130.46034240722656,0.721645945637071,0.7187900410519787,101.45374979211472,100.15637468552738,XLK,情報技術,growth,Leading,9.0,-1.0,0.0
2025-08-05,129.38101196289062,0.7176670944623913,0.7184157255221163,101.40808081927862,99.92764912760553,XLK,情報技術,growth,Weakening,9.0,-1.0,0.0
2025-08-06,130.83836364746094,0.7273782624879584,0.7214032378440638,101.5007638121326,99.92634100169292,XLK,情報技術,growth,Weakening,9.0,-2.0,-2.0
2025-08-07,130.95773315429688,0.7284800792441923,0.72376218497744,101.56789713211425,99.92557335391145,XLK,情報技術,growth,Weakening,10.0,0.0,0.0
2025-08-08,132.26588439941406,0.7344307544986566,0.7273183748178456,101.68504370218609,100.44544490493938,XLK,情報技術,growth,Leading,10.0,1.0,2.0
2025-08-11,131.37057495117188,0.731457064342634,0.728697937992775,101.71171960807217,100.45450096118772,XLK,情報技術,growth,Leading,9.0,0.0,1.0
2025-08-12,133.4049072265625,0.7334639886932023,0.7302866215595842,101.74267314933155,100.687220044428,XLK,情報技術,growth,Leading,8.0,-1.0,0.0
2025-08-13,133.4546356201172,0.7234085968347163,0.727993946651295,101.59771227877182,100.02456821546829,XLK,情報技術,growth,Leading,8.0,-1.0,1.0
2025-08-14,133.16615295410156,0.7265713587333155,0.7275197506786353,101.52948005100454,99.64125152770896,XLK,情報技術,growth,Weakening,9.0,-1.0,-1.0
2025-08-15,132.15646362304688,0.7228469986597169,0.7259621666723293,101.41532321136621,98.82736399960795,XLK,情報技術,growth,Weakening,9.0,-1.0,-2.0
2025-08-18,132.43995666503906,0.7245534955158596,0.7254926096201728,101.35409525167236,98.35243322859907,XLK,情報技術,growth,Weakening,9.0,0.0,0.0
2025-08-19,130.12709045410156,0.7085827661685986,0.7198559951363148,101.06543546829384,96.80872332010044,XLK,情報技術,growth,Weakening,9.0,1.0,2.0
2025-08-20,129.24671936035156,0.7044303036880595,0.7147140979868964,100.80111283932271,96.43841977976025,XLK,情報技術,growth,Weakening,8.0,0.0,1.0
2025-08-21,128.7791748046875,0.7043366205600344,0.7112549388446092,100.61286163840015,96.34783608048456,XLK,情報技術,growth,Weakening,8.0,-1.0,0.0
2025-08-22,130.5250244140625,0.7002472451481118,0.7075857076124434,100.40985218061091,96.44129067132015,XLK,情報技術,growth,Weakening,8.0,-1.0,0.0
2025-08-25,130.23153686523438,0.7040602326202007,0.7064105492816959,100.32508902829088,96.72892715841381,XLK,情報技術,growth,Weakening,9.0,0.0,0.0
2025-08-26,130.82843017578125,0.7067985687570766,0.7065398891068229,100.3048160630308,97.7915419035468,XLK,情報技術,growth,Weakening,9.0,0.0,-1.0
2025-08-27,131.53469848632812,0.7080554004734301,0.7070450595623586,100.30447940187292,98.72070257320246,XLK,情報技術,growth,Weakening,9.0,1.0,1.0
2025-08-28,132.57424926757812,0.7139916589625064,0.7093605926957413,100.40550350821765,99.7011413154718,XLK,情報技術,growth,Weakening,9.0,1.0,2.0
2025-08-29,130.5399169921875,0.7035574162703035,0.7074262005539287,100.26696298187528,99.92252132216765,XLK,情報技術,growth,Weakening,7.0,-1.0,0.0
2025-09-02,129.2218475341797,0.7019988942005211,0.7056170984361262,100.12768352268975,99.75084261027187,XLK,情報技術,growth,Weakening,7.0,-2.0,-2.0
2025-09-03,129.99281311035156,0.7072833033927678,0.7061725000883401,100.12969427107376,99.83716836827323,XLK,情報技術,growth,Weakening,7.0,-2.0,-2.0
2025-09-04,130.6344451904297,0.7055631073770114,0.7059693691845639,100.0838370390679,99.69765360704582,XLK,情報技術,growth,Weakening,7.0,-2.0,-3.0
2025-09-05,130.7438507080078,0.705329515129993,0.705756084499707,100.03547467963749,99.21826575312582,XLK,情報技術,growth,Weakening,8.0,-1.0,-2.0
2025-09-08,131.7237091064453,0.7111817644607207,0.7075646444867116,100.12871395528343,100.00895896245376,XLK,情報技術,growth,Leading,9.0,2.0,3.0
2025-09-09,131.97738647460938,0.7147530286807082,0.7099607725513772,100.27330429655971,100.95876072147333,XLK,情報技術,growth,Leading,9.0,2.0,4.0
2025-09-10,134.3698272705078,0.7284471790941905,0.7161229080656484,100.7173378977656,102.30783737828386,XLK,情報技術,growth,Leading,9.0,2.0,4.0
2025-09-11,134.82244873046875,0.7201100769415523,0.7174519643576164,100.80280611018476,102.5421507921223,XLK,情報技術,growth,Leading,9.0,2.0,4.0
2025-09-12,134.73291015625,0.7248492896361115,0.7199177394504481,100.98528209448243,102.95689736443435,XLK,情報技術,growth,Leading,9.0,1.0,2.0
2025-09-15,135.94656372070312,0.7326581345797867,0.7241645378268944,101.32358016515545,103.26142051847923,XLK,情報技術,growth,Leading,9.0,0.0,-2.0
2025-09-16,135.4740447998047,0.7320520647195908,0.7267937134577933,101.52469250751787,103.0801119445105,XLK,情報技術,growth,Leading,9.0,0.0,-2.0
2025-09-17,135.00648498535156,0.7288280920632415,0.7274718396596094,101.55384428451228,102.00185898325373,XLK,情報技術,growth,Leading,9.0,0.0,-2.0
2025-09-18,137.33924865722656,0.7366101935717668,0.7305179576303286,101.78398062797386,102.20067620306246,XLK,情報技術,growth,Leading,9.0,0.0,-2.0
2025-09-19,138.73194885253906,0.7453775328111446,0.7354711493572673,102.16653863043189,102.46053380963986,XLK,情報技術,growth,Leading,9.0,0.0,-1.0
2025-09-22,140.77285766601562,0.755981765362777,0.7423080213591039,102.658324491851,102.57838304191873,XLK,情報技術,growth,Leading,11.0,2.0,2.0
2025-09-23,139.55767822265625,0.7485424743059305,0.7443861723413794,102.69244764677264,102.1289514488829,XLK,情報技術,growth,Leading,11.0,2.0,2.0
2025-09-24,138.69607543945312,0.7456597182344337,0.7448106876390642,102.56929394519744,101.76381432760402,XLK,情報技術,growth,Leading,11.0,2.0,2.0
2025-09-25,138.45205688476562,0.7505268977583437,0.7467160910121574,102.55746581730692,101.2796975118106,XLK,情報技術,growth,Leading,11.0,2.0,2.0
2025-09-26,138.87039184570312,0.7454091780810137,0.7462804533684428,102.37798883038421,100.2569012486145,XLK,情報技術,growth,Leading,10.0,1.0,1.0
2025-09-29,139.61244201660156,0.7468969093254432,0.746485938687443,102.26269870898022,99.17651489190898,XLK,情報技術,growth,Weakening,11.0,0.0,-2.0
2025-09-30,140.3744354248047,0.7489940834087043,0.7473219869278634,102.21166575177612,99.04095411429223,XLK,情報技術,growth,Weakening,11.0,0.0,-2.0
2025-10-01,141.74899291992188,0.7546177340320043,0.7497539026292437,102.27109290107407,99.36874912617827,XLK,情報技術,growth,Weakening,11.0,0.0,-2.0
2025-10-02,142.51596069335938,0.7569093444764671,0.7521390499116516,102.31274178903557,99.4624966280387,XLK,情報技術,growth,Weakening,11.0,0.0,-2.0
2025-10-03,141.79879760742188,0.7504621884129751,0.7515800960787595,102.16247921963334,99.51297019692609,XLK,情報技術,growth,Weakening,10.0,0.0,-1.0
2025-10-06,143.23312377929688,0.7582911229154605,0.7538171050243265,102.19653190809912,99.77442749607955,XLK,情報技術,growth,Weakening,10.0,-1.0,-1.0
2025-10-07,142.27691650390625,0.7565527536405449,0.7547289878963994,102.14300741375081,99.7699145217582,XLK,情報技術,growth,Weakening,10.0,-1.0,-1.0
2025-10-08,144.77203369140625,0.7673211935582669,0.7589263897836886,102.28320289345972,99.91232274607377,XLK,情報技術,growth,Weakening,10.0,-1.0,-1.0
2025-10-09,144.5279998779297,0.7724184155476188,0.7634237317049988,102.41426644613061,100.06674058183656,XLK,情報技術,growth,Leading,10.0,-1.0,-1.0
2025-10-10,138.6462860107422,0.7580756675454948,0.7616410436518308,102.1912788639167,99.93111313353718,XLK,情報技術,growth,Weakening,9.0,-1.0,-1.0
2025-10-13,142.02293395996094,0.7690602716015476,0.7641141196350698,102.21000456525991,99.9023440987104,XLK,情報技術,growth,Weakening,9.0,-1.0,0.0
2025-10-14,140.20013427734375,0.7529460933184954,0.7603914441962117,101.90601689092969,99.46071547842237,XLK,情報技術,growth,Weakening,9.0,-1.0,0.0
2025-10-15,141.58963012695312,0.7588782539749394,0.7598870474557877,101.79575619216973,99.03605027297701,XLK,情報技術,growth,Weakening,9.0,-1.0,0.0
2025-10-16,141.6942138671875,0.7667060282310101,0.7621600410475287,101.8328583763826,98.90036768688023,XLK,情報技術,growth,Weakening,9.0,-1.0,0.0
2025-10-17,141.9432373046875,0.7641725149852253,0.7628308656934276,101.78621358670918,99.2319476539438,XLK,情報技術,growth,Weakening,9.0,0.0,1.0
2025-10-20,143.52696228027344,0.7650487223097158,0.7635701512321904,101.74746914313957,99.14785686855592,XLK,情報技術,growth,Weakening,9.0,0.0,1.0
2025-10-21,143.60166931152344,0.7619559116951438,0.7630320713865083,101.65324013690726,99.51498965264814,XLK,情報技術,growth,Weakening,9.0,0.0,1.0
2025-10-22,142.18228149414062,0.7580807545419274,0.7613816324383147,101.51422020793446,99.46505752505482,XLK,情報技術,growth,Weakening,9.0,0.0,1.0
2025-10-23,143.9751739501953,0.7640177853812471,0.7622603500859588,101.50325495803405,99.38139526473164,XLK,情報技術,growth,Weakening,10.0,1.0,2.0
2025-10-24,146.21133422851562,0.7737747369784488,0.7660984790501222,101.62781524254235,99.67621253500464,XLK,情報技術,growth,Weakening,10.0,1.0,1.0
2025-10-27,148.91067504882812,0.7845733059958978,0.7722567546987141,101.84328522321888,100.11536522659092,XLK,情報技術,growth,Leading,11.0,2.0,2.0
2025-10-28,150.3848114013672,0.7992043813922198,0.7812392969298827,102.14952019076965,100.80117619489361,XLK,情報技術,growth,Leading,11.0,2.0,2.0
2025-10-29,151.46554565429688,0.8140518087974495,0.7921768008857384,102.47767354346357,101.56306971952588,XLK,情報技術,growth,Leading,11.0,2.0,2.0
2025-10-30,149.60292053222656,0.8075141890205684,0.7972892635973485,102.51898787694333,101.59813815152205,XLK,情報技術,growth,Leading,11.0,1.0,0.0
2025-10-31,149.74732971191406,0.8065302725777894,0.8003695999241622,102.4723160721731,101.27781773540376,XLK,情報技術,growth,Leading,11.0,1.0,0.0
2025-11-03,150.3599090576172,0.8118166353097204,0.804185278386015,102.4530245501735,100.87194250333988,XLK,情報技術,growth,Leading,11.0,0.0,-2.0
2025-11-04,146.390625,0.795648597691838,0.8013397181546227,102.21129546675881,99.97499277261322,XLK,情報技術,growth,Weakening,11.0,0.0,-2.0
2025-11-05,146.96337890625,0.7941135584815973,0.7989309982636142,102.01545527844723,99.13605988042903,XLK,情報技術,growth,Weakening,11.0,0.0,-2.0
2025-11-06,144.0100555419922,0.7836778235083012,0.7938466066785099,101.7552873599511,98.68941111505654,XLK,情報技術,growth,Weakening,9.0,-2.0,-3.0
2025-11-07,143.5120086669922,0.7744720261060197,0.7873884131543466,101.47490091318308,98.3805118079762,XLK,情報技術,growth,Weakening,9.0,-2.0,-3.0
2025-11-10,147.18251037597656,0.7897326720019335,0.788169832770209,101.44743449525343,98.43079748175407,XLK,情報技術,growth,Weakening,9.0,-2.0,-2.0
2025-11-11,145.92747497558594,0.7785002135207214,0.7849466263537132,101.29407245148563,98.61417645529247,XLK,情報技術,growth,Weakening,8.0,-3.0,-3.0
2025-11-12,146.38067626953125,0.7790701999357137,0.7829878175477134,101.18935877554544,98.78650326094854,XLK,情報技術,growth,Weakening,9.0,-2.0,-2.0
2025-11-13,142.73011779785156,0.7683271303157736,0.7781009218037336,100.99666095389655,98.9089198584949,XLK,情報技術,growth,Weakening,9.0,0.0,2.0
2025-11-14,143.50704956054688,0.7753546953673914,0.7771855129916196,100.93698907171658,99.24361936506038,XLK,情報技術,growth,Weakening,9.0,0.0,2.0
2025-11-17,141.2609405517578,0.7733744889623213,0.7759151716485202,100.86721381710082,99.17684701842991,XLK,情報技術,growth,Weakening,8.0,-1.0,1.0
2025-11-18,138.96502685546875,0.7603523905416936,0.7707275779462447,100.67275762213225,99.10778417785262,XLK,情報技術,growth,Weakening,8.0,0.0,3.0
2025-11-19,139.93118286132812,0.7679635512233488,0.7698062357052795,100.61824630958358,99.16704781030923,XLK,情報技術,growth,Weakening,8.0,-1.0,1.0
2025-11-20,135.53857421875,0.7530432118405392,0.7642185610836995,100.40847837007878,99.12077409844981,XLK,情報技術,growth,Weakening,7.0,-2.0,-2.0
2025-11-21,136.0615234375,0.7413798823111252,0.7566056681595081,100.12580359495173,98.76614998959899,XLK,情報技術,growth,Weakening,8.0,-1.0,-1.0
2025-11-24,139.3036651611328,0.755912461122412,0.7563745991471428,100.09241313391637,98.82289248898,XLK,情報技術,growth,Weakening,8.0,0.0,1.0
2025-11-25,139.6772003173828,0.7473224148107872,0.7533572043683576,99.95884190894525,98.92698331450491,XLK,情報技術,growth,Lagging,8.0,0.0,0.0
2025-11-26,141.33065795898438,0.7509293740575629,0.7525479275980927,99.90264202372255,98.9456925497298,XLK,情報技術,growth,Lagging,8.0,0.0,1.0
2025-11-28,142.5458526611328,0.7533129404660953,0.752802931887427,99.88240641902429,99.2455193303457,XLK,情報技術,growth,Lagging,8.0,1.0,3.0
2025-12-01,142.610595703125,0.7588453270147428,0.7548170635965323,99.9270038293475,99.73943076310009,XLK,情報技術,growth,Lagging,8.0,0.0,1.0
2025-12-02,144.07977294921875,0.7673891556275648,0.7590077609402098,100.06016286169414,99.98733547100235,XLK,情報技術,growth,Weakening,9.0,1.0,1.0
2025-12-03,144.4234161376953,0.7633947489361195,0.7604700902721798,100.08749644896818,100.2219505847108,XLK,情報技術,growth,Leading,9.0,1.0,1.0
2025-12-04,144.96128845214844,0.7659978183189768,0.7623126662877788,100.13255392345182,100.36093472249912,XLK,情報技術,growth,Leading,9.0,1.0,1.0
2025-12-05,146.02207946777344,0.7697947769613303,0.7648067031789627,100.21090348673083,100.49793975742872,XLK,情報技術,growth,Leading,9.0,1.0,0.0
2025-12-08,147.04803466796875,0.7798745314310329,0.7698293125963195,100.41478076029281,100.72728790831972,XLK,情報技術,growth,Leading,9.0,1.0,1.0
2025-12-09,147.43649291992188,0.7834124159185895,0.7743570137037428,100.60854487386871,100.8200069836055,XLK,情報技術,growth,Leading,9.0,0.0,-1.0
2025-12-10,148.1436767578125,0.776249109216868,0.7749877122081179,100.61791560652624,100.80092330952559,XLK,情報技術,growth,Leading,9.0,0.0,-1.0
2025-12-11,147.38668823242188,0.7660957789652005,0.7720237344604789,100.44024299029174,100.48708793803169,XLK,情報技術,growth,Leading,9.0,0.0,-1.0
2025-12-12,143.12356567382812,0.7490138980976528,0.7643537890062037,99.99492101406707,99.70990049092342,XLK,情報技術,growth,Lagging,8.0,-1.0,-2.0
2025-12-15,141.73904418945312,0.740849001354327,0.7565188597889114,99.5155517906591,98.659166496369,XLK,情報技術,growth,Lagging,5.0,-4.0,-5.0
2025-12-16,141.99801635742188,0.7474519837876661,0.7534965677884964,99.2925969889405,98.07029797152714,XLK,情報技術,growth,Lagging,3.0,-6.0,-6.0
2025-12-17,138.8404998779297,0.7328130569658086,0.7466020641809338,98.8357757329389,97.4774199454861,XLK,情報技術,growth,Lagging,3.0,-6.0,-6.0
2025-12-18,140.98204040527344,0.7425287626054264,0.745244296989098,98.72369627445666,97.67501166271677,XLK,情報技術,growth,Lagging,3.0,-6.0,-6.0
2025-12-19,144.0299835205078,0.7558286731040142,0.7487724223607368,98.92819363598359,98.68164642359929,XLK,情報技術,growth,Lagging,4.0,-4.0,-3.0
2025-12-22,144.80706787109375,0.7543155205812427,0.7506201217675722,99.03090224541366,99.62355331150368,XLK,情報技術,growth,Lagging,5.0,0.0,4.0
2025-12-23,145.59515380859375,0.7601882472389797,0.753809496924708,99.21595306578227,100.3314354603535,XLK,情報技術,growth,Improving,5.0,2.0,8.0
2025-12-24,145.94430541992188,0.7592587741462571,0.7556259226652244,99.31691130006514,101.30164292195309,XLK,情報技術,growth,Improving,5.0,2.0,8.0
2025-12-26,146.17373657226562,0.7602561635230857,0.7571693362845116,99.39880156646822,101.59714082389154,XLK,情報技術,growth,Improving,5.0,2.0,8.0
2025-12-29,145.51535034179688,0.7580833123472147,0.7574739949720792,99.40071230440903,101.21665189618776,XLK,情報技術,growth,Improving,5.0,1.0,5.0
2025-12-30,145.0564727783203,0.7569052402339185,0.757284410059359,99.37149416265787,100.96800459913008,XLK,情報技術,growth,Improving,5.0,0.0,0.0
2025-12-31,143.61996459960938,0.7558646239222803,0.7568111480136661,99.32796815400629,100.57617185695223,XLK,情報技術,growth,Improving,4.0,-1.0,-3.0
2026-01-02,143.94915771484375,0.7524903602111569,0.7553708854128298,99.22567584169498,100.23548491183143,XLK,情報技術,growth,Improving,4.0,-1.0,-3.0
2026-01-05,144.26837158203125,0.7472239033958056,0.7526552247404885,99.04094695482473,99.79801732352145,XLK,情報技術,growth,Lagging,4.0,-1.0,-3.0
2026-01-06,146.29344177246094,0.7486738206272704,0.7513280900360826,98.95703775881239,99.66602995456742,XLK,情報技術,growth,Lagging,4.0,-1.0,-2.0
2026-01-07,146.17373657226562,0.7565483961482824,0.7530681920734825,99.07700164520077,99.91866848361879,XLK,情報技術,growth,Lagging,5.0,0.0,0.0
2026-01-08,143.88931274414062,0.7383943976199563,0.7481769272556404,98.77330396350858,99.50321337844112,XLK,情報技術,growth,Lagging,5.0,1.0,2.0
2026-01-09,145.79466247558594,0.7438557043722119,0.746736519627831,98.71269878988448,99.58770957176739,XLK,情報技術,growth,Lagging,5.0,1.0,2.0
2026-01-12,146.43310546875,0.7464331338207174,0.74663539102546,98.73746677005227,99.9433967445835,XLK,情報技術,growth,Lagging,5.0,1.0,2.0
2026-01-13,146.1238555908203,0.7448567528870631,0.7460425116459943,98.7344486512982,100.08402488767716,XLK,情報技術,growth,Improving,4.0,0.0,1.0
2026-01-14,144.3481903076172,0.7324723147232773,0.7415191126717553,98.49240230256024,99.4923466270061,XLK,情報技術,growth,Lagging,4.0,-1.0,-1.0
2026-01-15,145.10635375976562,0.7330725072428923,0.738703577528801,98.37191457178909,99.79393638177699,XLK,情報技術,growth,Lagging,3.0,-2.0,-3.0
2026-01-16,145.2659454345703,0.7357590538101173,0.7377220696225731,98.37159972461595,99.8874788275136,XLK,情報技術,growth,Lagging,3.0,-2.0,-3.0
2026-01-20,141.49514770507812,0.7275155527294309,0.7343198973248591,98.24078873602089,99.6313441290815,XLK,情報技術,growth,Lagging,3.0,-2.0,-3.0
2026-01-21,143.46034240722656,0.7253384747320856,0.7313260897939347,98.14982890360933,99.48906016269439,XLK,情報技術,growth,Lagging,3.0,-1.0,-1.0
2026-01-22,144.5277557373047,0.7297837801479373,0.7308119865786022,98.1994682536192,99.9743620387457,XLK,情報技術,growth,Lagging,3.0,-1.0,0.0
2026-01-23,144.73724365234375,0.734113927082686,0.7319126334132968,98.32582057758447,100.377512421491,XLK,情報技術,growth,Improving,3.0,0.0,2.0
2026-01-26,145.72483825683594,0.7373794470663484,0.7337349046309807,98.4783675308651,100.61761057594545,XLK,情報技術,growth,Improving,3.0,0.0,2.0
2026-01-27,147.69004821777344,0.7484882362871391,0.7386526818497002,98.77679948938578,101.291323108148,XLK,情報技術,growth,Improving,4.0,1.0,3.0
2026-01-28,148.86717224121094,0.7570034480495064,0.7447696039163023,99.12319781148197,101.92588225069754,XLK,情報技術,growth,Improving,6.0,3.0,4.0
2026-01-29,146.51290893554688,0.7440559954274265,0.7445317344200104,99.13897195624278,101.82991252353337,XLK,情報技術,growth,Improving,7.0,4.0,5.0
2026-01-30,143.5301971435547,0.7305276275562151,0.7398636987987454,98.92493728596932,101.32796965109927,XLK,情報技術,growth,Improving,4.0,1.0,1.0
2026-02-02,144.9068145751953,0.7337557874381175,0.7378277283452028,98.84248415326982,100.99753889253441,XLK,情報技術,growth,Improving,3.0,0.0,0.0
2026-02-03,141.73455810546875,0.7196081753520815,0.7317545440141624,98.53772118061842,100.04844333335261,XLK,情報技術,growth,Improving,2.0,-2.0,-3.0
2026-02-04,137.7841796875,0.6935094620573424,0.719006183361889,97.86892694173717,98.41220004549034,XLK,情報技術,growth,Lagging,1.0,-5.0,-8.0
2026-02-05,135.3002471923828,0.6869748880619881,0.7083290849285888,97.36539176960783,97.69840263412307,XLK,情報技術,growth,Lagging,1.0,-6.0,-10.0
2026-02-06,140.786865234375,0.7017560085324743,0.7061380594632174,97.35053767832062,98.10133139159137,XLK,情報技術,growth,Lagging,2.0,-2.0,-3.0
2026-02-09,143.00148010253906,0.7123721474978844,0.7082160888081064,97.56348545270755,98.58868439499533,XLK,情報技術,growth,Lagging,2.0,-1.0,-1.0
2026-02-10,142.20343017578125,0.7058852757407674,0.7074391511189935,97.63128598399827,99.15240241466152,XLK,情報技術,growth,Lagging,2.0,0.0,2.0
2026-02-11,142.62240600585938,0.7067123558310958,0.7071968860230277,97.71287077220812,100.27958324925409,XLK,情報技術,growth,Improving,2.0,1.0,6.0
2026-02-12,138.87155151367188,0.6972767848557909,0.7038901856339488,97.64728764297436,100.92360612729408,XLK,情報技術,growth,Improving,4.0,3.0,9.0
2026-02-13,139.22068786621094,0.6918627501310138,0.6998810404663038,97.56429427776602,100.7933138399667,XLK,情報技術,growth,Improving,4.0,2.0,4.0
2026-02-17,139.14088439941406,0.6926611877579182,0.697474422896842,97.57918825632906,100.47097732907264,XLK,情報技術,growth,Improving,4.0,2.0,3.0
2026-02-18,140.56741333007812,0.6961532581734979,0.6970340346557273,97.68164364499208,100.50951083645602,XLK,情報技術,growth,Improving,4.0,2.0,2.0
2026-02-19,139.86911010742188,0.6941612666024994,0.6960764453046514,97.75162559203606,100.47646872580542,XLK,情報技術,growth,Improving,4.0,2.0,1.0
2026-02-20,140.53749084472656,0.6942318007206537,0.6954615637766522,97.83628959374111,100.68690943020783,XLK,情報技術,growth,Improving,4.0,0.0,-3.0
2026-02-23,138.1832275390625,0.6901771060422285,0.6937000778651777,97.86565464797074,100.83509379811787,XLK,情報技術,growth,Improving,3.0,-1.0,-3.0
2026-02-24,139.97885131835938,0.6936132025262869,0.6936711194188808,97.96841916469486,100.94112531679643,XLK,情報技術,growth,Improving,3.0,-1.0,-3.0
2026-02-25,142.66229248046875,0.706493395796124,0.6979452115446286,98.23564766858199,101.15387660579248,XLK,情報技術,growth,Improving,4.0,0.0,-2.0
2026-02-26,140.6671600341797,0.6927001324797701,0.6961968518563425,98.23986835220362,101.02118973065168,XLK,情報技術,growth,Improving,3.0,-1.0,-3.0
2026-02-27,138.42262268066406,0.6808489671570557,0.6910808902899136,98.1171520566119,100.6845543850978,XLK,情報技術,growth,Improving,3.0,-1.0,-1.0
2026-03-02,139.2007293701172,0.6859478890204158,0.6893698898667477,98.13724330427323,100.64816459846016,XLK,情報技術,growth,Improving,3.0,0.0,1.0
2026-03-03,137.1656951904297,0.6843151950128595,0.6876849915821184,98.15786287044118,100.50647766917338,XLK,情報技術,growth,Improving,3.0,0.0,1.0
2026-03-04,139.5,0.6931824704206336,0.6895174845282902,98.30253269994154,100.31369985548119,XLK,情報技術,growth,Improving,3.0,-1.0,-1.0
2026-03-05,139.83917236328125,0.7030105759577824,0.6940151816714544,98.5289882608688,100.64119618640325,XLK,情報技術,growth,Improving,3.0,0.0,1.0
2026-03-06,136.95620727539062,0.6968217214649963,0.6949506949359684,98.61344278452727,100.94013127823581,XLK,情報技術,growth,Improving,4.0,1.0,2.0
2026-03-09,139.42019653320312,0.7073590707526136,0.6990868202081835,98.80727637475151,101.18004858775912,XLK,情報技術,growth,Improving,4.0,1.0,1.0
2026-03-10,139.42019653320312,0.7127032749177259,0.7036256384446976,99.00831275108813,101.41791849110407,XLK,情報技術,growth,Improving,4.0,1.0,1.0
2026-03-11,140.08856201171875,0.7184878332766865,0.708579703388694,99.22058077187916,101.48922659579081,XLK,情報技術,growth,Improving,4.0,1.0,2.0
2026-03-12,137.50486755371094,0.7163145857208117,0.7111579974994,99.343140307797,101.32274357250922,XLK,情報技術,growth,Improving,4.0,1.0,1.0
2026-03-13,136.4674072265625,0.7109467410465586,0.7110875786817863,99.36427767605751,101.21965884842449,XLK,情報技術,growth,Improving,4.0,0.0,-1.0
2026-03-16,138.44259643554688,0.715909628006042,0.7126949284565383,99.45271532059071,101.05396268570951,XLK,情報技術,growth,Improving,4.0,0.0,-1.0
2026-03-17,139.2007293701172,0.7158279613496518,0.7137392727542429,99.51949157640759,100.84134704141508,XLK,情報技術,growth,Improving,4.0,0.0,-1.0
2026-03-18,137.62457275390625,0.7171604993538342,0.7148796816207734,99.5894434021387,100.61591358402994,XLK,情報技術,growth,Improving,4.0,0.0,-1.0
2026-03-19,138.0934295654297,0.7201620181140014,0.7166404604518495,99.68494987457083,100.55303331052004,XLK,情報技術,growth,Improving,4.0,0.0,-1.0
2026-03-20,134.96107482910156,0.7143205917431963,0.7158671708822985,99.67051104820844,100.4778684736014,XLK,情報技術,growth,Improving,4.0,0.0,0.0
2026-03-23,136.78689575195312,0.7163474635194406,0.7160272684280126,99.69540319227133,100.35198399850472,XLK,情報技術,growth,Improving,4.0,0.0,0.0
2026-03-24,135.9878387451172,0.7113093741584622,0.7144546370048291,99.6476286595803,100.13618693050834,XLK,情報技術,growth,Improving,4.0,0.0,0.0
2026-03-25,136.5971221923828,0.7110507185941702,0.7133199975346095,99.619615387239,99.95665997341543,XLK,情報技術,growth,Lagging,5.0,1.0,1.0
2026-03-26,132.34219360351562,0.6952832417410856,0.7073077456034349,99.37811680495834,99.39155619177608,XLK,情報技術,growth,Lagging,5.0,1.0,1.0
2026-03-27,129.76527404785156,0.6912226646792271,0.7019460519620324,99.16425622432537,99.08237920768848,XLK,情報技術,growth,Lagging,5.0,1.0,1.0
2026-03-30,127.34815216064453,0.6797540065583373,0.6945487034941341,98.85874164241568,98.57459715516457,XLK,情報技術,growth,Lagging,3.0,-1.0,-1.0
2026-03-31,132.74171447753906,0.6943299248009401,0.6944757772630695,98.88413545689474,98.74080974233036,XLK,情報技術,growth,Lagging,3.0,-1.0,-1.0
2026-04-01,134.74932861328125,0.7025615171690539,0.6971710238983977,99.03544412804492,99.06796569746072,XLK,情報技術,growth,Lagging,3.0,-2.0,-3.0
2026-04-02,135.8280487060547,0.7061685719288056,0.7001702065752003,99.20205005536741,99.75212117963456,XLK,情報技術,growth,Lagging,4.0,-1.0,-2.0
2026-04-06,136.61709594726562,0.7072307247407583,0.7025237126303864,99.34063755905635,100.32904419800485,XLK,情報技術,growth,Improving,4.0,-1.0,-2.0
2026-04-07,137.2663116455078,0.7121707306279524,0.7057393852962418,99.52688338804937,101.10809304148052,XLK,情報技術,growth,Improving,5.0,2.0,3.0
2026-04-08,141.52125549316406,0.7176668750474428,0.7097152152133088,99.75934035008946,101.39717164530116,XLK,情報技術,growth,Improving,5.0,2.0,3.0
2026-04-09,141.9008026123047,0.7191556512029619,0.7128620272098598,99.95918471177771,101.4233573090622,XLK,情報技術,growth,Improving,6.0,3.0,5.0
2026-04-10,142.45013427734375,0.727189536323404,0.7176378635810412,100.25690662093497,101.57122466268375,XLK,情報技術,growth,Leading,6.0,2.0,3.0
2026-04-13,145.43658447265625,0.7342947783837496,0.7231901685152773,100.61042625437145,101.8264921776621,XLK,情報技術,growth,Leading,6.0,2.0,3.0
2026-04-14,147.76380920410156,0.7429433474615477,0.7297745614973674,101.035731235503,102.08010479386105,XLK,情報技術,growth,Leading,8.0,3.0,1.0
2026-04-15,150.12100219726562,0.7545305593799774,0.7380265607915708,101.55898320490151,102.35672189109408,XLK,情報技術,growth,Leading,11.0,6.0,4.0
2026-04-16,151.83895874023438,0.7597039214512655,0.7452523476781358,101.98050408782844,102.49930748736537,XLK,情報技術,growth,Leading,11.0,5.0,2.0
2026-04-17,154.1661834716797,0.761780071355279,0.7507615889038501,102.25045108669704,102.31377532516768,XLK,情報技術,growth,Leading,11.0,5.0,3.0
2026-04-20,154.37591552734375,0.7604208764850285,0.7539813514309097,102.35500777981399,101.89465945205508,XLK,情報技術,growth,Leading,11.0,5.0,3.0
2026-04-21,154.50576782226562,0.7657572460088238,0.7579066496235478,102.45891977658569,101.43171789829756,XLK,情報技術,growth,Leading,11.0,3.0,0.0
2026-04-22,157.90171813964844,0.7829360779122344,0.7662497923864434,102.72805295536935,101.07553551290695,XLK,情報技術,growth,Leading,11.0,0.0,-6.0
2026-04-23,155.65440368652344,0.7718311805067848,0.768110255093224,102.64588988784377,100.41987813967745,XLK,情報技術,growth,Leading,11.0,0.0,-5.0
2026-04-24,160.02919006347656,0.795173748379256,0.7771314195219015,102.8601519243276,100.33621730043538,XLK,情報技術,growth,Leading,11.0,0.0,-5.0
2026-04-27,160.37876892089844,0.797858593443454,0.7840404774957523,102.93022465556498,100.28291838176513,XLK,情報技術,growth,Leading,11.0,0.0,-5.0
2026-04-28,157.66201782226562,0.7883672895273087,0.7854827481729378,102.78735258999261,99.9731271327063,XLK,情報技術,growth,Weakening,11.0,0.0,-3.0
2026-04-29,158.92050170898438,0.7960479083382066,0.7890044682280275,102.74569867594245,99.59530810184276,XLK,情報技術,growth,Weakening,11.0,0.0,0.0
2026-04-30,159.31004333496094,0.7861138997210269,0.7880409453923607,102.55734373371969,99.47907319315514,XLK,情報技術,growth,Weakening,11.0,0.0,0.0
2026-05-01,161.67721557617188,0.8002334916050342,0.7921051274632519,102.54304098601575,99.20813049322317,XLK,情報技術,growth,Weakening,11.0,0.0,0.0
2026-05-04,161.8570098876953,0.8058115731755945,0.7966739427006995,102.53391397889533,99.12792175732896,XLK,情報技術,growth,Weakening,11.0,0.0,0.0
2026-05-05,165.4327392578125,0.8171296198596458,0.8034925017536816,102.57258642234817,99.35742221009178,XLK,情報技術,growth,Weakening,11.0,0.0,0.0
2026-05-06,169.82749938964844,0.8322440948944528,0.8130763661339387,102.6564163287729,99.47753430047234,XLK,情報技術,growth,Weakening,11.0,0.0,0.0
2026-05-07,169.4879150390625,0.8359256987044295,0.8206928103241024,102.66184238251145,99.67156361208755,XLK,情報技術,growth,Weakening,11.0,0.0,0.0
2026-05-08,175.31097412109375,0.8622729486045642,0.8345528564175897,102.79574881416346,99.82737364297041,XLK,情報技術,growth,Weakening,11.0,0.0,0.0
2026-05-11,177.66815185546875,0.8743380229126203,0.8478145785825999,102.8704274774281,99.90905267385278,XLK,情報技術,growth,Weakening,11.0,0.0,0.0
2026-05-12,174.99134826660156,0.8619256009775907,0.8525182527142636,102.74690196892232,99.61634001663352,XLK,情報技術,growth,Weakening,11.0,0.0,0.0
2026-05-13,176.63938903808594,0.873859056600455,0.8596318540096608,102.6851806080942,99.3742692733677,XLK,情報技術,growth,Weakening,11.0,0.0,0.0
2026-05-14,179.28622436523438,0.8837305295124218,0.8676647458439145,102.64368692235752,99.30841038559599,XLK,情報技術,growth,Weakening,11.0,0.0,0.0
2026-05-15,176.05007934570312,0.876820233589361,0.8707165750923967,102.51955750663299,98.91401618173464,XLK,情報技術,growth,Weakening,11.0,0.0,0.0
2026-05-18,174.15234375,0.8620651029685802,0.8678327510511246,102.31618001311993,98.50673606424392,XLK,情報技術,growth,Weakening,11.0,0.0,0.0
2026-05-19,173.03367614746094,0.8615405268631623,0.8657353429884704,102.153973626223,98.48735923520917,XLK,情報技術,growth,Weakening,11.0,0.0,0.0
2026-05-20,176.9290313720703,0.8713841908895457,0.8676182922888289,102.07448369236165,98.50063743708245,XLK,情報技術,growth,Weakening,11.0,0.0,0.0
2026-05-21,178.38729858398438,0.8747894268226735,0.8700086704667771,102.01096622596951,98.51363464905666,XLK,情報技術,growth,Weakening,11.0,0.0,0.0
2026-05-22,180.17515563964844,0.8755587749786856,0.8718587053040799,101.94558257206525,98.64328007436498,XLK,情報技術,growth,Weakening,11.0,0.0,0.0
2026-05-26,184.9195098876953,0.8940264977833923,0.8792479694638508,101.96743566457408,99.00101560942376,XLK,情報技術,growth,Weakening,11.0,0.0,0.0
2026-05-27,184.21034240722656,0.8912417059819989,0.8832458816365669,101.93540378950424,99.21275335359107,XLK,情報技術,growth,Weakening,11.0,0.0,0.0
2026-05-28,186.62747192382812,0.8996409841369993,0.8887109158033778,101.92625197853543,99.33206771529333,XLK,情報技術,growth,Weakening,11.0,0.0,0.0
2026-05-29,190.79251098632812,0.9171642368546811,0.8981953561538123,101.97253776006862,99.49989332550089,XLK,情報技術,growth,Weakening,11.0,0.0,0.0
2026-06-01,195.52685546875,0.9382155798116152,0.9115354307064133,102.06290078551407,99.72929974944284,XLK,情報技術,growth,Weakening,11.0,0.0,0.0
2026-06-02,197.9739532470703,0.9462039193624715,0.9230915935917661,102.11704004201171,99.77701650474387,XLK,情報技術,growth,Weakening,11.0,0.0,0.0
2026-06-03,195.9962921142578,0.9402883671056353,0.9288238514297226,102.08872944536536,99.78029352184083,XLK,情報技術,growth,Weakening,11.0,0.0,0.0
2026-06-04,192.93994140625,0.9186887984881337,0.925445500449193,101.94939584290377,99.5983237829721,XLK,情報技術,growth,Weakening,11.0,0.0,0.0
2026-06-05,180.08526611328125,0.8698585076639532,0.9069165028541132,101.63777886010037,99.10488309963613,XLK,情報技術,growth,Weakening,11.0,0.0,0.0
2026-06-08,183.9606475830078,0.8895192578060815,0.901117421171436,101.50567699566918,98.82353442977849,XLK,情報技術,growth,Weakening,11.0,0.0,0.0
2026-06-09,180.55471801757812,0.8664561650725763,0.8895636691384828,101.31012672589355,98.52368173673403,XLK,情報技術,growth,Weakening,11.0,0.0,0.0
2026-06-10,176.41964721679688,0.8575165359050586,0.8788812913940081,101.13434201834347,98.38148006218451,XLK,情報技術,growth,Weakening,11.0,0.0,0.0
2026-06-11,182.99180603027344,0.8758069092235568,0.8778564973371911,101.08586900076021,98.56115942259508,XLK,情報技術,growth,Weakening,11.0,0.0,0.0
2026-06-12,184.5799102783203,0.8754772228174151,0.8770634058305992,101.04206341540704,98.96195102902591,XLK,情報技術,growth,Weakening,11.0,0.0,0.0
2026-06-15,191.56158447265625,0.903342058654942,0.8858229567720468,101.11935037161616,99.27100916286871,XLK,情報技術,growth,Weakening,11.0,0.0,0.0
2026-06-16,186.21795654296875,0.881081904508874,0.8842426060176559,101.06469159375126,99.47985075305353,XLK,情報技術,growth,Weakening,11.0,0.0,0.0
2026-06-17,185.57872009277344,0.8914179101742731,0.8866343740698617,101.06170676686496,99.72521345100499,XLK,情報技術,growth,Weakening,11.0,0.0,0.0
2026-06-18,191.21200561523438,0.9142337903187857,0.8958341794861697,101.14423633812135,99.91014337579435,XLK,情報技術,growth,Weakening,11.0,0.0,0.0
2026-06-22,192.14999389648438,0.9167024156145872,0.9027902581956422,101.1959344614679,100.0439319357482,XLK,情報技術,growth,Leading,11.0,0.0,0.0
2026-06-23,184.19000244140625,0.8817559623705653,0.8957788262539499,101.07111957139695,99.77406928891817,XLK,情報技術,growth,Weakening,11.0,0.0,0.0
2026-06-24,183.0500030517578,0.8700922084003265,0.8872166203027421,100.93012043504139,99.66210270078913,XLK,情報技術,growth,Weakening,11.0,0.0,0.0
2026-06-25,184.57000732421875,0.8716411207755312,0.8820247871270052,100.8347761415457,99.54232604136166,XLK,情報技術,growth,Weakening,10.0,-1.0,-1.0
2026-06-26,181.11000061035156,0.8611573520649827,0.8750689754396643,100.7174539141426,99.2737649634021,XLK,情報技術,growth,Weakening,10.0,-1.0,-1.0
2026-06-29,185.41000366210938,0.870265200686556,0.8734677171886283,100.67132996948928,99.14135129138519,XLK,情報技術,growth,Weakening,9.0,-2.0,-2.0
2026-06-30,190.52000427246094,0.8954269889870945,0.8807874744547838,100.74708135502657,99.39668117275086,XLK,情報技術,growth,Weakening,9.0,-2.0,-2.0
2026-07-01,185.6199951171875,0.8697811345857919,0.8771186944984533,100.67216136476318,99.4713412044461,XLK,情報技術,growth,Weakening,9.0,-2.0,-2.0
2026-07-02,180.58999633789062,0.8403052126964824,0.8648475338977963,100.47173311554415,99.31776403149738,XLK,情報技術,growth,Weakening,9.0,-1.0,0.0
2026-07-06,183.57000732421875,0.8538139875545058,0.8611696851166994,100.39186126727715,99.37438351128255,XLK,情報技術,growth,Weakening,8.0,-2.0,-1.0
2026-07-07,179.17999267578125,0.8344432368132416,0.8522608690155469,100.2279391654664,99.22790713607306,XLK,情報技術,growth,Weakening,8.0,-1.0,1.0
2026-07-08,181.39999389648438,0.8548538949353979,0.8531252109888305,100.21230043438622,99.12901270717269,XLK,情報技術,growth,Weakening,8.0,-1.0,1.0
2026-07-09,185.35000610351562,0.8681499114918765,0.858133444489846,100.26545785953067,99.33030724617517,XLK,情報技術,growth,Weakening,9.0,0.0,2.0
2026-07-10,185.77999877929688,0.8669155209224483,0.8610608033007134,100.28657588718286,99.65940860401176,XLK,情報技術,growth,Weakening,9.0,0.0,1.0
2026-07-13,181.27999877929688,0.8461933547804926,0.8561049871273065,100.16736436151386,99.62700253088028,XLK,情報技術,growth,Weakening,9.0,1.0,3.0
2026-07-14,183.6199951171875,0.8602482911335533,0.8574860884627221,100.16050124007097,99.8784147884533,XLK,情報技術,growth,Weakening,9.0,1.0,2.0
2026-07-15,181.5800018310547,0.8526083523044232,0.8558601764099558,100.09485777691157,99.8364601853035,XLK,情報技術,growth,Weakening,9.0,1.0,2.0
2026-07-16,177.52000427246094,0.8254440913591803,0.8457214813930307,99.84968683864086,99.39767735092339,XLK,情報技術,growth,Lagging,9.0,0.0,0.0
2026-07-17,175.58999633789062,0.8229366844267524,0.838126549070938,99.64377423678435,99.00796879348165,XLK,情報技術,growth,Lagging,9.0,0.0,0.0
2026-07-20,175.7100067138672,0.827182036665487,0.8344783782691211,99.51420374166808,98.94591371143868,XLK,情報技術,growth,Lagging,7.0,-2.0,-3.0
2026-07-21,180.77999877929688,0.8496898075144876,0.8395488546842433,99.58079521625068,99.05679365773427,XLK,情報技術,growth,Lagging,7.0,-2.0,-3.0
2026-07-22,180.27000427246094,0.8475317670847327,0.8422098254844065,99.59377550948892,99.22020622562825,XLK,情報技術,growth,Lagging,7.0,-2.0,-3.0
2026-07-23,178.4499969482422,0.842063035532775,0.8421608955005293,99.54239648413613,99.75122792521537,XLK,情報技術,growth,Lagging,5.0,-4.0,-4.0
2026-07-24,175.8800048828125,0.8235238977906228,0.8359485629305605,99.32019246900578,99.73525075647164,XLK,情報技術,growth,Lagging,5.0,-4.0,-4.0
2026-07-27,174.3000030517578,0.8100195602961161,0.8273055620524123,99.02446751524363,99.2456663103056,XLK,情報技術,growth,Lagging,4.0,-3.0,-1.0
2026-07-28,171.08999633789062,0.7859341008732886,0.8135150749927045,98.5818831044874,97.66473984239103,XLK,情報技術,growth,Lagging,2.0,-5.0,-3.0
2026-07-29,166.57000732421875,0.772122609850658,0.7997175866120224,98.1453566112939,96.5648352822791,XLK,情報技術,growth,Lagging,2.0,-5.0,-3.0
2026-07-30,175.72999572753906,0.8159067310967568,0.8051139681069339,98.27206826385633,97.31423482015097,XLK,情報技術,growth,Lagging,2.0,-3.0,1.0
2026-07-31,175.35000610351562,0.8155435123177058,0.8085904828438579,98.33451925114312,98.20770455897173,XLK,情報技術,growth,Lagging,1.0,-4.0,0.0
2026-08-03,178.0399932861328,0.820045105179941,0.812408690289219,98.41195934948199,99.26250230806802,XLK,情報技術,growth,Lagging,1.0,-3.0,0.0
2026-08-04,186.89999389648438,0.8486582097005105,0.8244918634263163,98.7476578425169,101.37257334423795,XLK,情報技術,growth,Improving,3.0,1.0,6.0
2026-08-05,185.91000366210938,0.8460838632729697,0.8316891967085343,98.9413191915239,102.84164637642587,XLK,情報技術,growth,Improving,6.0,4.0,9.0
2026-08-06,185.3300018310547,0.8478817836880628,0.8370867257017105,99.09112523715191,102.6955100841519,XLK,情報技術,growth,Improving,7.0,5.0,8.0
2026-08-07,187.97000122070312,0.8540597226060396,0.8427443913364869,99.2586556467423,102.75104555142936,XLK,情報技術,growth,Improving,7.0,6.0,10.0
2026-08-10,186.32000732421875,0.846063056450036,0.8438506130410033,99.28796216175554,102.51235310927558,XLK,情報技術,growth,Improving,5.0,4.0,7.0
2026-08-11,186.08999633789062,0.843218969048215,0.8436400650434073,99.28411820889522,101.75116930686764,XLK,情報技術,growth,Improving,5.0,2.0,1.0
2026-08-12,188.86000061035156,0.8542608967168136,0.8471803422678761,99.40799284802898,101.57145518149359,XLK,情報技術,growth,Improving,7.0,1.0,-3.0
2026-08-13,190.77000427246094,0.8565079151073387,0.8502895332143636,99.51916305477374,101.45544021359478,XLK,情報技術,growth,Improving,8.0,1.0,-4.0
2026-08-14,190.00999450683594,0.8529424557286557,0.8511738407191277,99.55859503673354,101.16718849736263,XLK,情報技術,growth,Improving,8.0,1.0,-5.0
2026-08-17,190.32000732421875,0.8619956207778562,0.854781100738704,99.68909863277798,101.3342173355994,XLK,情報技術,growth,Improving,8.0,3.0,-1.0
2026-08-18,185.6199951171875,0.8445334218448188,0.8513652077740756,99.58313481193612,101.09126155270215,XLK,情報技術,growth,Improving,8.0,3.0,1.0
2026-08-19,183.63999938964844,0.8269464283014901,0.8432256146165471,99.32325882311798,100.2998241486453,XLK,情報技術,growth,Improving,8.0,1.0,0.0
2026-08-20,183.10000610351562,0.83121484981924,0.8392220263507781,99.20788081114196,99.8296099148226,XLK,情報技術,growth,Lagging,8.0,0.0,-1.0
2026-08-21,183.30999755859375,0.8269499664942679,0.8351313397319415,99.09536316766389,99.51252858639711,XLK,情報技術,growth,Lagging,7.0,-1.0,-2.0
2026-08-24,180.0500030517578,0.8112918893067051,0.8271848562568629,98.86617356265607,98.79406149242415,XLK,情報技術,growth,Lagging,4.0,-4.0,-7.0
2026-08-25,181.74000549316406,0.8194976867560635,0.8246224664232631,98.82080782088124,98.93981029261704,XLK,情報技術,growth,Lagging,4.0,-4.0,-7.0
2026-08-26,182.83999633789062,0.8231956950855515,0.8241468759773593,98.84362302521771,99.51799731899335,XLK,情報技術,growth,Lagging,4.0,-4.0,-5.0
2026-08-27,188.61000061035156,0.8517046882345811,0.8333328133964333,99.16833599827088,100.39815175924446,XLK,情報技術,growth,Improving,6.0,-2.0,-2.0
2026-08-28,185.69000244140625,0.8414064995568044,0.836024042116557,99.2810602875547,100.83922573536704,XLK,情報技術,growth,Improving,6.0,-1.0,0.0
2026-08-31,186.5,0.8500843270835056,0.8407108037722066,99.45874671885163,101.60841103896263,XLK,情報技術,growth,Improving,7.0,3.0,7.0
2026-09-01,183.63999938964844,0.8439726204346177,0.8417980759930104,99.51949427805106,101.76114909137992,XLK,情報技術,growth,Improving,7.0,3.0,7.0
2026-09-02,183.60000610351562,0.8398902149004235,0.8411621222954815,99.52031259001639,101.6705229130212,XLK,情報技術,growth,Improving,6.0,2.0,6.0
2026-09-03,185.97000122070312,0.8451261015295748,0.842483448706846,99.59443395742026,101.17463447881272,XLK,情報技術,growth,Improving,6.0,0.0,2.0
2026-09-04,187.27999877929688,0.8551598117776114,0.8467089030637678,99.78908314029044,101.28541090488147,XLK,情報技術,growth,Improving,6.0,0.0,1.0
2026-09-08,187.8699951171875,0.866838918565602,0.8534189082310459,100.09515618142113,101.46600713192026,XLK,情報技術,growth,Leading,8.0,1.0,-2.0
2026-09-09,187.8699951171875,0.8752795175708895,0.8607057780109938,100.42870530065065,101.87642700294039,XLK,情報技術,growth,Leading,8.0,1.0,-2.0
2026-09-10,185.22000122070312,0.8688840024941467,0.8634318528387115,100.56122584892293,102.01962046779025,XLK,情報技術,growth,Leading,7.0,1.0,-1.0
2026-09-11,187.6699981689453,0.8734118417352426,0.8667585158042219,100.71792042635622,102.06357012917383,XLK,情報技術,growth,Leading,7.0,1.0,1.0
2026-09-14,184.27999877929688,0.8570764312699797,0.8635311542928079,100.59169004878848,101.45901146123056,XLK,情報技術,growth,Leading,7.0,1.0,1.0
2026-09-15,183.74000549316406,0.8587586452027135,0.8619403179294431,100.54834964360055,100.8415983235599,XLK,情報技術,growth,Leading,7.0,-1.0,-2.0
2026-09-16,183.92999267578125,0.8664499422152789,0.8634435260247217,100.64087824644676,100.42206926841175,XLK,情報技術,growth,Leading,7.0,-1.0,-2.0
2026-09-17,188.05999755859375,0.8816276766724723,0.869504909573972,100.94451888121024,100.69593520598482,XLK,情報技術,growth,Leading,8.0,1.0,0.0
2024-09-18,94.7915267944336,0.5558578655549016,0.5558578655549016,,,XLY,一般消費財・サービス,growth,,,,
2024-09-19,96.95045471191406,0.5625163177447025,0.5580773496181686,,,XLY,一般消費財・サービス,growth,,,,
2024-09-20,96.72916412353516,0.5632883424832718,0.5598143472398697,,,XLY,一般消費財・サービス,growth,,,,
2024-09-23,97.90448760986328,0.567228180796063,0.5622856250919341,,,XLY,一般消費財・サービス,growth,,,,
2024-09-24,98.761962890625,0.5713598678833852,0.5653103726890846,,,XLY,一般消費財・サービス,growth,,,,
2024-09-25,98.40715026855469,0.5728491191966838,0.5678232881916176,,,XLY,一般消費財・サービス,growth,,,,
2024-09-26,98.8260269165039,0.5705119786011185,0.568719518328118,,,XLY,一般消費財・サービス,growth,,,,
2024-09-27,98.9738540649414,0.5693217546485734,0.5689202637682698,,,XLY,一般消費財・サービス,growth,,,,
2024-09-30,98.74224853515625,0.5672602330728033,0.5683669202031143,,,XLY,一般消費財・サービス,growth,,,,
2024-10-01,98.34307861328125,0.5679788819764112,0.5682375741275467,,,XLY,一般消費財・サービス,growth,,,,
2024-10-02,97.51024627685547,0.5637698908451099,0.5667483463667344,,,XLY,一般消費財・サービス,growth,,,,
2024-10-03,96.3817367553711,0.5598871215316924,0.5644612714217204,,,XLY,一般消費財・サービス,growth,,,,
2024-10-04,97.65808868408203,0.562885629861998,0.5639360575684796,,,XLY,一般消費財・サービス,growth,,,,
2024-10-07,96.14026641845703,0.5584844062827107,0.5621188404732234,,,XLY,一般消費財・サービス,growth,,,,
2024-10-08,97.07659149169922,0.5625899660377378,0.5622758823280616,,,XLY,一般消費財・サービス,growth,,,,
2024-10-09,97.77143096923828,0.5627509799872951,0.5624342482144727,,,XLY,一般消費財・サービス,growth,,,,
2024-10-10,97.28849792480469,0.5620773388707409,0.5623152784332288,,,XLY,一般消費財・サービス,growth,,,,
2024-10-11,96.8745346069336,0.5542412738531443,0.5596239435732007,,,XLY,一般消費財・サービス,growth,,,,
2024-10-14,97.29833221435547,0.5526111903067641,0.5572863591510552,,,XLY,一般消費財・サービス,growth,,,,
2024-10-15,97.51024627685547,0.556332138330176,0.5569682855440955,,,XLY,一般消費財・サービス,growth,,,,
2024-10-16,98.02276611328125,0.5554995407458163,0.5564787039446691,,,XLY,一般消費財・サービス,growth,,,,
2024-10-17,97.93405151367188,0.555884329190058,0.5562805790264655,,,XLY,一般消費財・サービス,growth,,,,
2024-10-18,98.31843566894531,0.5564092356687899,0.556323464573907,,,XLY,一般消費財・サービス,growth,,,,
2024-10-21,97.55461120605469,0.5568320973297515,0.5564930088258552,,,XLY,一般消費財・サービス,growth,,,,
2024-10-22,97.16036987304688,0.5570843034733616,0.5566901070416906,,,XLY,一般消費財・サービス,growth,,,,
2024-10-23,95.6326904296875,0.5501332281879878,0.5545044807571231,,,XLY,一般消費財・サービス,growth,,,,
2024-10-24,98.64860534667969,0.5673555809233357,0.5587881808125273,,,XLY,一般消費財・サービス,growth,,,,
2024-10-25,98.9590835571289,0.5718574297578289,0.5631445971276279,,,XLY,一般消費財・サービス,growth,,,,
2024-10-28,99.1906967163086,0.5699638595214804,0.5654176845922454,,,XLY,一般消費財・サービス,growth,,,,
2024-10-29,98.67326354980469,0.5687050747552906,0.5665134813132605,,,XLY,一般消費財・サービス,growth,,,,
2024-10-30,98.53527069091797,0.5691526346326543,0.5673931990863919,,,XLY,一般消費財・サービス,growth,,,,
2024-10-31,97.02731323242188,0.5664828095659857,0.5670897359129232,,,XLY,一般消費財・サービス,growth,,,,
2024-11-01,98.60425567626953,0.5753306215637322,0.5698366977965262,,,XLY,一般消費財・サービス,growth,,,,
2024-11-04,98.26423645019531,0.5726649757229558,0.5707794571053362,,,XLY,一般消費財・サービス,growth,,,,
2024-11-05,100.0038070678711,0.5760833344687083,0.5725474162264602,,,XLY,一般消費財・サービス,growth,,,,
2024-11-06,103.20208740234375,0.5807580072787824,0.5752842799105676,,,XLY,一般消費財・サービス,growth,,,,
2024-11-07,104.5277099609375,0.5876394375882168,0.5794026658031174,,,XLY,一般消費財・サービス,growth,,,,
2024-11-08,106.01103210449219,0.5926764118415527,0.5838272478159292,,,XLY,一般消費財・サービス,growth,,,,
2024-11-11,108.14978790283203,0.601627049695889,0.5897605151092492,,,XLY,一般消費財・サービス,growth,,,,
2024-11-12,106.70588684082031,0.5981532808855137,0.5925581037013374,,,XLY,一般消費財・サービス,growth,,,,
2024-11-13,107.61756896972656,0.6029353670247466,0.5960171914758072,,,XLY,一般消費財・サービス,growth,,,,
2024-11-14,106.08988952636719,0.5991709324097572,0.5970684384537905,,,XLY,一般消費財・サービス,growth,,,,
2024-11-15,105.18314361572266,0.5983178262848919,0.5974849010641576,,,XLY,一般消費財・サービス,growth,,,,
2024-11-18,106.15394592285156,0.6014137782432547,0.5987945267905234,,,XLY,一般消費財・サービス,growth,,,,
2024-11-19,106.2328109741211,0.6034882588013265,0.6003591041274579,,,XLY,一般消費財・サービス,growth,,,,
2024-11-20,105.7646484375,0.5988127228628385,0.599843643705918,,,XLY,一般消費財・サービス,growth,,,,
2024-11-21,105.95191955566406,0.5924104162105779,0.5973659012074714,,,XLY,一般消費財・サービス,growth,,,,
2024-11-22,107.4795913696289,0.596255334846986,0.5969957124206429,,,XLY,一般消費財・サービス,growth,,,,
2024-11-25,108.57852935791016,0.5969463200669042,0.59697924830273,,,XLY,一般消費財・サービス,growth,,,,
2024-11-26,108.97276306152344,0.5990498264034952,0.5976694410029851,,,XLY,一般消費財・サービス,growth,,,,
2024-11-27,108.43561553955078,0.5966705126853125,0.5973364648970942,,,XLY,一般消費財・サービス,growth,,,,
2024-11-29,109.54933166503906,0.6009675347743647,0.5985468215228511,,,XLY,一般消費財・サービス,growth,,,,
2024-12-02,110.50537872314453,0.6077347187718289,0.6016094539391771,,,XLY,一般消費財・サービス,growth,,,,
2024-12-03,110.42160034179688,0.6099790882567611,0.6043993320450385,,,XLY,一般消費財・サービス,growth,,,,
2024-12-04,111.44660949707031,0.6156083310400399,0.6081356650433722,,,XLY,一般消費財・サービス,growth,,,,
2024-12-05,112.35829162597656,0.6237575696174396,0.6133429665680614,,,XLY,一般消費財・サービス,growth,,,,
2024-12-06,114.7237319946289,0.6376115115381416,0.6214324815580882,,,XLY,一般消費財・サービス,growth,,,,
2024-12-09,114.35906219482422,0.6382038189180816,0.6270229273447527,,,XLY,一般消費財・サービス,growth,,,,
2024-12-10,114.54633331298828,0.6431897821113435,0.6324118789336164,,,XLY,一般消費財・サービス,growth,,,,
2024-12-11,116.55695343017578,0.6538732265965703,0.6395656614879344,,,XLY,一般消費財・サービス,growth,,,,
2024-12-12,115.591064453125,0.6508313302469565,0.6433208844076085,,,XLY,一般消費財・サービス,growth,,,,
2024-12-13,116.04937744140625,0.6557075321755629,0.6474497669969266,,,XLY,一般消費財・サービス,growth,,,,
2024-12-16,117.62139129638672,0.6667861099034633,0.6538952146324388,102.74293946880081,,XLY,一般消費財・サービス,growth,,11.0,,
2024-12-17,117.99099731445312,0.674191416229908,0.6606606151649286,102.77093398466175,,XLY,一般消費財・サービス,growth,,10.0,,
2024-12-18,112.67369079589844,0.6634397257395207,0.6615869853564593,102.60652934722715,,XLY,一般消費財・サービス,growth,,10.0,,
2024-12-19,112.52091979980469,0.6647459433994666,0.6626399713707951,102.46990784770269,,XLY,一般消費財・サービス,growth,,10.0,,
2024-12-20,112.80674743652344,0.6572297734950059,0.6608365720788654,102.27020130497428,,XLY,一般消費財・サービス,growth,,10.0,,
2024-12-23,113.14889526367188,0.6583257545599595,0.6599996329058968,102.1233148079183,,XLY,一般消費財・サービス,growth,,10.0,-1.0,
2024-12-24,115.76568603515625,0.6685070210763139,0.6628354289627025,102.09278969468521,,XLY,一般消費財・サービス,growth,,10.0,0.0,
2024-12-26,115.33614349365234,0.6649408736239525,0.663537243849786,102.00729374931021,,XLY,一般消費財・サービス,growth,,10.0,0.0,
2024-12-27,113.43033599853516,0.6584318369150214,0.6618354415381978,101.86830215909065,,XLY,一般消費財・サービス,growth,,10.0,0.0,
2024-12-30,111.60844421386719,0.6544491426471081,0.6593733419078347,101.72370354720324,,XLY,一般消費財・サービス,growth,,10.0,0.0,
2024-12-31,110.76910400390625,0.6483414668912304,0.6556960502356333,101.56086210827509,,XLY,一般消費財・サービス,growth,,10.0,0.0,1.0
2025-01-02,109.31258392333984,0.6416838106969434,0.6510253037227367,101.38494005957673,,XLY,一般消費財・サービス,growth,,9.0,-1.0,-1.0
2025-01-03,111.52452850341797,0.6487275565298918,0.6502593879917884,101.31840378274138,,XLY,一般消費財・サービス,growth,,9.0,-1.0,-1.0
2025-01-06,111.96395111083984,0.6517273195027926,0.6507486984954565,101.28703640520011,,XLY,一般消費財・サービス,growth,,9.0,-1.0,-1.0
2025-01-07,109.79645538330078,0.6412578031537717,0.6475850667148949,101.16562139471183,,XLY,一般消費財・サービス,growth,,9.0,-1.0,-1.0
2025-01-08,110.10750579833984,0.6423062961991091,0.6458254765429663,101.08447272442442,,XLY,一般消費財・サービス,growth,,8.0,-2.0,-2.0
2025-01-10,109.02623748779297,0.6454332427667311,0.6456947319508879,101.04741600494198,,XLY,一般消費財・サービス,growth,,9.0,0.0,1.0
2025-01-13,109.64339447021484,0.6438099148807074,0.6450664595941611,100.99899135956323,,XLY,一般消費財・サービス,growth,,10.0,1.0,2.0
2025-01-14,109.43109130859375,0.6374178894097547,0.642516936199359,100.90294326103229,,XLY,一般消費財・サービス,growth,,10.0,1.0,2.0
2025-01-15,112.21573638916016,0.6474240313404421,0.6441526345797202,100.91728133456569,,XLY,一般消費財・サービス,growth,,9.0,0.0,1.0
2025-01-16,111.60844421386719,0.6388888719047365,0.6423980470213924,100.84325279517684,,XLY,一般消費財・サービス,growth,,9.0,1.0,3.0
2025-01-17,113.173583984375,0.6447177597831465,0.6431712846086438,100.83725783951567,,XLY,一般消費財・サービス,growth,,9.0,0.0,0.0
2025-01-21,114.0030517578125,0.6419903554991871,0.6427776415721582,100.80048029430849,,XLY,一般消費財・サービス,growth,,8.0,-2.0,-3.0
2025-01-22,113.57351684570312,0.6418268793398193,0.6424607208280453,100.7663225405729,,XLY,一般消費財・サービス,growth,,8.0,-2.0,-3.0
2025-01-23,114.25980377197266,0.642659901347245,0.6425271143344452,100.74328347456733,,XLY,一般消費財・サービス,growth,,8.0,-1.0,-1.0
2025-01-24,113.56363677978516,0.6393053520698958,0.6414531935795955,100.68814476892604,,XLY,一般消費財・サービス,growth,,9.0,0.0,-1.0
2025-01-27,114.21043395996094,0.6425232210806199,0.6418098694132703,100.67491009884482,,XLY,一般消費財・サービス,growth,,8.0,-1.0,-1.0
2025-01-28,114.34868621826172,0.6464924985634134,0.6433707457966513,100.69789918410903,,XLY,一般消費財・サービス,growth,,8.0,0.0,2.0
2025-01-29,114.02281951904297,0.6467893148106073,0.6445102688013034,100.70877958567148,,XLY,一般消費財・サービス,growth,,8.0,0.0,2.0
2025-01-30,115.1386489868164,0.6462209732769464,0.6450805036265177,100.70260727266422,,XLY,一般消費財・サービス,growth,,9.0,1.0,2.0
2025-01-31,114.6301040649414,0.6486914044572372,0.6462841372367576,100.7174618979106,,XLY,一般消費財・サービス,growth,,8.0,-1.0,-1.0
2025-02-03,113.11434173583984,0.6436295700749897,0.6453992815161683,100.66475040308961,,XLY,一般消費財・サービス,growth,,8.0,0.0,1.0
2025-02-04,114.44742584228516,0.6504209848912328,0.6470731826411898,100.69857042568573,,XLY,一般消費財・サービス,growth,,8.0,0.0,0.0
2025-02-05,113.14889526367188,0.6399209035579333,0.6446890896134376,100.59211161696079,,XLY,一般消費財・サービス,growth,,8.0,0.0,0.0
2025-02-06,113.59820556640625,0.6433133457950128,0.6442305083406294,100.55202651482685,,XLY,一般消費財・サービス,growth,,8.0,-1.0,-2.0
2025-02-07,111.37640380859375,0.6338459534504056,0.6407689900438882,100.39761778719475,,XLY,一般消費財・サービス,growth,,8.0,0.0,1.0
2025-02-10,111.75657653808594,0.6342148281706805,0.6385842694194857,100.28539343176483,,XLY,一般消費財・サービス,growth,,7.0,-1.0,-1.0
2025-02-11,110.4876708984375,0.6269444497356604,0.6347043295248773,100.09875050658508,,XLY,一般消費財・サービス,growth,,4.0,-4.0,-4.0
2025-02-12,110.46794128417969,0.6304950825816934,0.6333012472104828,100.008271826773,,XLY,一般消費財・サービス,growth,,3.0,-5.0,-5.0
2025-02-13,112.12688446044922,0.6344557321417964,0.6336860755209207,99.99471146407892,,XLY,一般消費財・サービス,growth,,2.0,-6.0,-5.0
2025-02-14,112.07749938964844,0.634806762815319,0.6340596379523868,99.98160055214285,,XLY,一般消費財・サービス,growth,,2.0,-6.0,-6.0
2025-02-18,111.76644134521484,0.6282224840033124,0.6321139199693621,99.86370375631174,,XLY,一般消費財・サービス,growth,,1.0,-6.0,-5.0
2025-02-19,111.70226287841797,0.6265911997402741,0.6302730132263328,99.74685296539428,,XLY,一般消費財・サービス,growth,,1.0,-3.0,1.0
2025-02-20,110.73948669433594,0.6227572991018985,0.6277677751848547,99.59332871839277,,XLY,一般消費財・サービス,growth,,1.0,-2.0,3.0
2025-02-21,107.82645416259766,0.6150081078380758,0.6235145527359285,99.34918216043543,,XLY,一般消費財・サービス,growth,,2.0,0.0,6.0
2025-02-24,107.42159271240234,0.6121882744767255,0.6197391266495276,99.12494462373529,,XLY,一般消費財・サービス,growth,,2.0,0.0,6.0
2025-02-25,106.85873413085938,0.608372141186658,0.6159501314952378,98.89456964396972,,XLY,一般消費財・サービス,growth,,2.0,1.0,7.0
2025-02-26,106.4193115234375,0.6071510901094462,0.613017117699974,98.69823669731667,,XLY,一般消費財・サービス,growth,,2.0,1.0,4.0
2025-02-27,104.88379669189453,0.6036625946287741,0.6098989433429074,98.48862839849558,,XLY,一般消費財・サービス,growth,,1.0,0.0,2.0
2025-02-28,106.6266860961914,0.6069499591683156,0.6089159486180435,98.39175941137381,,XLY,一般消費財・サービス,growth,,1.0,-1.0,-1.0
2025-03-03,104.66162109375,0.6021810404958196,0.6066709792439688,98.22920655782008,,XLY,一般消費財・サービス,growth,,2.0,0.0,0.0
2025-03-04,102.81507110595703,0.6012709780626425,0.6048709788501935,98.09216899461389,,XLY,一般消費財・サービス,growth,,2.0,0.0,-1.0
2025-03-05,104.38021087646484,0.6048030243592691,0.6048483273532187,98.0611048034692,,XLY,一般消費財・サービス,growth,,2.0,0.0,-1.0
2025-03-06,101.7337875366211,0.596069107704802,0.6019219208037465,97.88837430841645,,XLY,一般消費財・サービス,growth,,2.0,1.0,1.0
2025-03-07,101.54618072509766,0.5894475910517821,0.5977638108864252,97.68234739372349,,XLY,一般消費財・サービス,growth,,2.0,1.0,2.0
2025-03-10,97.92216491699219,0.5765360672219504,0.5906878963316002,97.38234919774148,,XLY,一般消費財・サービス,growth,,2.0,0.0,0.0
2025-03-11,96.96430969238281,0.5786021864981749,0.5866593263871251,97.31267583697085,,XLY,一般消費財・サービス,growth,,1.0,-1.0,-1.0
2025-03-12,97.52718353271484,0.5847165161056953,0.5860117229599819,97.44180638345472,,XLY,一般消費財・サービス,growth,,1.0,-1.0,-1.0
2025-03-13,95.09307098388672,0.5756415260881549,0.582554990669373,97.4460994125059,,XLY,一般消費財・サービス,growth,,1.0,-1.0,-2.0
2025-03-14,97.11738586425781,0.5768977498967832,0.5806692437451764,97.52842895225922,,XLY,一般消費財・サービス,growth,,1.0,-1.0,-2.0
2025-03-17,97.27043151855469,0.5701132469924176,0.5771505781609235,97.54401710938359,,XLY,一般消費財・サービス,growth,,1.0,-1.0,-1.0
2025-03-18,95.53742980957031,0.5628830289599089,0.572394728427252,97.51955662001183,,XLY,一般消費財・サービス,growth,,1.0,0.0,1.0
2025-03-19,97.36918640136719,0.5694555188492642,0.5714149919012561,97.63777900867201,,XLY,一般消費財・サービス,growth,,1.0,0.0,1.0
2025-03-20,97.13712310791016,0.5704729600638904,0.5711009812888009,97.76065501613031,,XLY,一般消費財・サービス,growth,,1.0,0.0,1.0
2025-03-21,97.48767852783203,0.5751664092397493,0.572456123939117,97.91949354528398,,XLY,一般消費財・サービス,growth,,1.0,0.0,1.0
2025-03-24,101.14244842529297,0.5876231589324246,0.5775118022702196,98.18352843173781,,XLY,一般消費財・サービス,growth,,1.0,0.0,1.0
2025-03-25,101.94944763183594,0.5937311192141097,0.5829182412515164,98.43614435588849,,XLY,一般消費財・サービス,growth,,1.0,0.0,0.0
2025-03-26,100.61764526367188,0.5870803780453767,0.5843056201828032,98.53722411592759,102.92010700193406,XLY,一般消費財・サービス,growth,Improving,2.0,1.0,1.0
2025-03-27,100.68201446533203,0.5889709128567518,0.5858607177407861,98.63841078292633,102.6549942337518,XLY,一般消費財・サービス,growth,Improving,2.0,1.0,1.0
2025-03-28,97.55301666259766,0.5796022748804166,0.5837745701206629,98.60915012160552,102.12037697357768,XLY,一般消費財・サービス,growth,Improving,2.0,1.0,1.0
2025-03-31,97.76097106933594,0.5760430382671766,0.5811973928361676,98.56345991842873,101.40758649401607,XLY,一般消費財・サービス,growth,Improving,2.0,1.0,1.0
2025-04-01,98.7808609008789,0.5814484191851947,0.5812810682858434,98.61044599744068,100.94507632031157,XLY,一般消費財・サービス,growth,Improving,2.0,1.0,1.0
2025-04-02,100.6572494506836,0.5875801393605632,0.5833807586440833,98.72488909652374,100.94419706483433,XLY,一般消費財・サービス,growth,Improving,2.0,0.0,-1.0
2025-04-03,94.57752990722656,0.5797062913164328,0.5821559362015332,98.72192125274378,100.70470107623684,XLY,一般消費財・サービス,growth,Improving,2.0,0.0,-1.0
2025-04-04,90.49796295166016,0.5876977910974039,0.5840032211668235,98.82581047682474,100.95173818150344,XLY,一般消費財・サービス,growth,Improving,2.0,0.0,-1.0
2025-04-07,89.4285659790039,0.58563396818418,0.5845468035059423,98.88090327486444,101.12497964703887,XLY,一般消費財・サービス,growth,Improving,3.0,1.0,0.0
2025-04-08,87.30461120605469,0.582716160783604,0.5839365892651629,98.89381234399734,101.02143304860311,XLY,一般消費財・サービス,growth,Improving,2.0,0.0,-1.0
2025-04-09,96.81037902832031,0.5983145892583427,0.5887292559295562,99.09534418533903,101.1631382129935,XLY,一般消費財・サービス,growth,Improving,2.0,0.0,0.0
2025-04-10,93.02788543701172,0.5949669286371546,0.5908084801654223,99.1973617185632,101.33185643877518,XLY,一般消費財・サービス,growth,Improving,2.0,0.0,0.0
2025-04-11,93.92894744873047,0.5917569586191112,0.5911246396499853,99.23502049444636,101.1611573344082,XLY,一般消費財・サービス,growth,Improving,3.0,1.0,1.0
2025-04-14,94.20126342773438,0.5859858839225568,0.5894117210741758,99.19921315178533,100.95160976078014,XLY,一般消費財・サービス,growth,Improving,3.0,0.0,-1.0
2025-04-15,93.5229721069336,0.5836517055833097,0.5874917159105538,99.15628127703629,100.8164554414112,XLY,一般消費財・サービス,growth,Improving,3.0,1.0,1.0
2025-04-16,91.21585083007812,0.5766574173262831,0.5838802830491303,99.05262305113314,100.20272966601273,XLY,一般消費財・サービス,growth,Improving,3.0,1.0,1.0
2025-04-17,91.7901382446289,0.5760070569873271,0.5812558743618627,98.98686845033711,99.86792874031558,XLY,一般消費財・サービス,growth,Lagging,2.0,0.0,0.0
2025-04-21,89.33943939208984,0.572129993355222,0.5782139140263158,98.90707702081353,99.63826321324615,XLY,一般消費財・サービス,growth,Lagging,2.0,-1.0,-2.0
2025-04-22,92.16641998291016,0.5760309508162702,0.5774862596229673,98.91327646761347,99.7246834119196,XLY,一般消費財・サービス,growth,Lagging,2.0,-1.0,-1.0
2025-04-23,94.22600555419922,0.5832605736835493,0.5794110309764946,99.01631722218444,100.01484616123903,XLY,一般消費財・サービス,growth,Improving,3.0,0.0,-1.0
2025-04-24,96.10240936279297,0.5849781730367343,0.5812667449965745,99.1148303767337,100.40857403080354,XLY,一般消費財・サービス,growth,Improving,3.0,0.0,-1.0
2025-04-25,97.83027648925781,0.5963491894590801,0.5862942264840764,99.33279356490547,100.94872852465608,XLY,一般消費財・サービス,growth,Improving,4.0,2.0,2.0
2025-04-28,97.86493682861328,0.5948907401244454,0.589159731030866,99.46829028774698,101.33046301203157,XLY,一般消費財・サービス,growth,Improving,3.0,1.0,2.0
2025-04-29,98.55807495117188,0.5956280539979623,0.5913158386865648,99.57781350321389,101.48009174945759,XLY,一般消費財・サービス,growth,Improving,2.0,0.0,1.0
2025-04-30,97.66194915771484,0.5893748092701038,0.5906688288810779,99.57633307442954,101.24615378099698,XLY,一般消費財・サービス,growth,Improving,2.0,-1.0,-1.0
2025-05-01,98.20160675048828,0.59343857856693,0.591592078776362,99.64001236851347,101.15113119348105,XLY,一般消費財・サービス,growth,Improving,3.0,0.0,0.0
2025-05-02,99.72647857666016,0.5922054326681171,0.5917965300736137,99.6752873122792,100.7979940796431,XLY,一般消費財・サービス,growth,Improving,3.0,-1.0,-3.0
2025-05-05,98.66697692871094,0.5878632098508632,0.5904854233326968,99.64419474819344,100.48310480006708,XLY,一般消費財・サービス,growth,Improving,3.0,0.0,-1.0
2025-05-06,97.80552673339844,0.5870826992137038,0.5893511819596992,99.61916304489624,100.23305226100534,XLY,一般消費財・サービス,growth,Improving,4.0,2.0,2.0
2025-05-07,98.56796264648438,0.5877879328290718,0.5888300989161568,99.62104111122477,100.2344266381583,XLY,一般消費財・サービス,growth,Improving,4.0,2.0,3.0
2025-05-08,99.73143768310547,0.589764596742561,0.5891415981916248,99.66418953397675,100.19133019993106,XLY,一般消費財・サービス,growth,Improving,4.0,1.0,1.0
2025-05-09,100.21167755126953,0.5927418044697477,0.5903416669509991,99.75643232865127,100.28509342071128,XLY,一般消費財・サービス,growth,Improving,4.0,1.0,2.0
2025-05-12,105.19230651855469,0.605602684163792,0.5954286726885968,100.0715269194903,100.89800910773457,XLY,一般消費財・サービス,growth,Leading,7.0,4.0,4.0
2025-05-13,106.58351135253906,0.6122308079916986,0.6010293844562975,100.43785238840925,101.55833644502626,XLY,一般消費財・サービス,growth,Leading,8.0,4.0,2.0
2025-05-14,106.99443054199219,0.6183142334842469,0.6067910007989473,100.83789086607653,102.16131377704507,XLY,一般消費財・サービス,growth,Leading,8.0,4.0,2.0
2025-05-15,106.75679779052734,0.6113682164290342,0.6083167393423097,101.00154210253952,102.2404415086261,XLY,一般消費財・サービス,growth,Leading,9.0,5.0,4.0
2025-05-16,107.76678466796875,0.611151796275235,0.6092617583199514,101.14488324384732,102.19668094926908,XLY,一般消費財・サービス,growth,Leading,9.0,5.0,4.0
2025-05-19,107.5142822265625,0.6097875929202544,0.6094370365200524,101.24268299752052,101.76102117427348,XLY,一般消費財・サービス,growth,Leading,9.0,2.0,-2.0
2025-05-20,106.954833984375,0.6082029133971478,0.6090256621457509,101.3023343026469,101.22675139419337,XLY,一般消費財・サービス,growth,Leading,9.0,1.0,-3.0
2025-05-21,104.78632354736328,0.6091403474878474,0.6090638905931165,101.39295753112233,100.71035740581473,XLY,一般消費財・サービス,growth,Leading,9.0,1.0,-3.0
2025-05-22,105.23686218261719,0.6137167156844293,0.6106148322902207,101.58542441052808,100.73074320609904,XLY,一般消費財・サービス,growth,Leading,9.0,0.0,-5.0
2025-05-23,104.2912368774414,0.6106441352005897,0.6106245999270105,101.637156608724,100.55935076927224,XLY,一般消費財・サービス,growth,Leading,8.0,-1.0,-6.0
2025-05-27,107.37071228027344,0.6171692882840009,0.612806162712674,101.83931045229605,100.70635730087703,XLY,一般消費財・サービス,growth,Leading,9.0,0.0,-2.0
2025-05-28,106.3854751586914,0.6167504693027234,0.6141209315760239,101.94328688370143,100.75889484917188,XLY,一般消費財・サービス,growth,Leading,9.0,0.0,-1.0
2025-05-29,106.43004608154297,0.6155057242477682,0.614582529133272,101.95387187605066,100.59865430700137,XLY,一般消費財・サービス,growth,Leading,9.0,0.0,-1.0
2025-05-30,105.85077667236328,0.6123985557463375,0.6138545380042939,101.86601074672443,100.06051412468508,XLY,一般消費財・サービス,growth,Leading,9.0,0.0,0.0
2025-06-02,106.09832763671875,0.6133440431507081,0.6136843730530986,101.81664932408027,99.83282240721141,XLY,一般消費財・サービス,growth,Weakening,8.0,0.0,1.0
2025-06-03,106.66273498535156,0.6115157167500611,0.6129614876187528,101.72176785196558,99.20864112294194,XLY,一般消費財・サービス,growth,Weakening,8.0,-1.0,-1.0
2025-06-04,106.38052368164062,0.6112711433891744,0.6123980395422267,101.64531954445663,98.81551125410024,XLY,一般消費財・サービス,growth,Weakening,8.0,-1.0,-1.0
2025-06-05,103.6971206665039,0.5974664864978918,0.6074208551941152,101.23671050545275,97.97748499130208,XLY,一般消費財・サービス,growth,Weakening,8.0,-1.0,-1.0
2025-06-06,105.04376983642578,0.6000432938807276,0.6049616680896527,101.02799681506347,97.75650981929974,XLY,一般消費財・サービス,growth,Weakening,8.0,-1.0,-1.0
2025-06-09,105.88542938232422,0.6047495442138692,0.6048909601310581,100.99678879371463,97.7878187234705,XLY,一般消費財・サービス,growth,Weakening,8.0,0.0,0.0
2025-06-10,107.15286254882812,0.608955862218118,0.6062459274934114,101.06872951674562,98.10419173707363,XLY,一般消費財・サービス,growth,Weakening,8.0,0.0,1.0
2025-06-11,106.30625915527344,0.6058649408004608,0.6061189319290946,101.02752306178176,98.17557547585032,XLY,一般消費財・サービス,growth,Weakening,8.0,0.0,1.0
2025-06-12,105.80622863769531,0.6016043495243206,0.6046140711275033,100.88498822263489,98.70795937507525,XLY,一般消費財・サービス,growth,Weakening,8.0,0.0,1.0
2025-06-13,104.83088684082031,0.6033517644547125,0.6041933022365731,100.82598010395472,99.01638885624472,XLY,一般消費財・サービス,growth,Weakening,8.0,0.0,1.0
2025-06-16,105.95970153808594,0.604024717766473,0.6041371074132065,100.79496030778306,99.03549412562303,XLY,一般消費財・サービス,growth,Weakening,8.0,0.0,0.0
2025-06-17,104.13280487060547,0.5993678155670136,0.6025473434644755,100.64870950861204,98.63542775226696,XLY,一般消費財・サービス,growth,Weakening,8.0,0.0,0.0
2025-06-18,104.18230438232422,0.5995850575036656,0.6015599148108722,100.547377086083,98.5618364549018,XLY,一般消費財・サービス,growth,Weakening,8.0,0.0,0.0
2025-06-20,104.30608367919922,0.5993175071322236,0.6008124455846561,100.462807392103,98.71579247633035,XLY,一般消費財・サービス,growth,Weakening,8.0,0.0,0.0
2025-06-23,106.37351989746094,0.6058478047137328,0.6024908986276817,100.57696026654477,99.07579141307403,XLY,一般消費財・サービス,growth,Weakening,8.0,0.0,0.0
2025-06-24,106.96392822265625,0.6034964110842077,0.6028260694465237,100.58106707067445,99.16975095020625,XLY,一般消費財・サービス,growth,Weakening,8.0,0.0,0.0
2025-06-25,105.7037353515625,0.6007204934451364,0.6021242107793947,100.49875913559839,99.31735623061097,XLY,一般消費財・サービス,growth,Weakening,8.0,0.0,0.0
2025-06-26,106.67616271972656,0.6017058144055405,0.6019847453214433,100.46570781907863,99.47320328762069,XLY,一般消費財・サービス,growth,Weakening,8.0,0.0,0.0
2025-06-27,108.45237731933594,0.6094925325419817,0.6044873410616228,100.66093532208255,100.04475668616882,XLY,一般消費財・サービス,growth,Leading,8.0,0.0,0.0
2025-06-30,107.82723236083984,0.6031451425266601,0.6040399415499687,100.59834364646633,99.71102385105549,XLY,一般消費財・サービス,growth,Weakening,8.0,0.0,0.0
2025-07-01,108.28864288330078,0.5987092175582115,0.6022630335527163,100.41812285796465,99.35886536807612,XLY,一般消費財・サービス,growth,Weakening,8.0,0.0,0.0
2025-07-02,109.15689849853516,0.6021342976182229,0.6022201215745518,100.39089582783772,99.479569073233,XLY,一般消費財・サービス,growth,Weakening,8.0,0.0,0.0
2025-07-03,109.75227355957031,0.6025087200828282,0.6023163210773107,100.37730689674997,99.52816782829905,XLY,一般消費財・サービス,growth,Weakening,8.0,0.0,0.0
2025-07-07,108.35810089111328,0.5996476856163049,0.6014267759236421,100.27153550213373,98.95086219231727,XLY,一般消費財・サービス,growth,Weakening,8.0,0.0,0.0
2025-07-08,107.99095916748047,0.596123137708887,0.5996588965187237,100.08293380717525,98.74066502423001,XLY,一般消費財・サービス,growth,Weakening,7.0,-1.0,-1.0
2025-07-09,108.6309814453125,0.5978706143776359,0.5990628024716944,100.00394319698023,98.96929365526213,XLY,一般消費財・サービス,growth,Weakening,7.0,-1.0,-1.0
2025-07-10,109.83165740966797,0.6009972329468031,0.599707612630064,100.0430233107645,99.12227394449943,XLY,一般消費財・サービス,growth,Weakening,7.0,-1.0,-1.0
2025-07-11,109.8614273071289,0.6055934310172022,0.6016695520924434,100.21859451610842,99.50356351992588,XLY,一般消費財・サービス,growth,Weakening,7.0,-1.0,-1.0
2025-07-14,110.26826477050781,0.6072104582953015,0.6035165208267295,100.38459425672765,100.03948028607425,XLY,一般消費財・サービス,growth,Leading,7.0,-1.0,-1.0
2025-07-15,108.6905288696289,0.6069388086190574,0.6046572834241721,100.47940685824031,100.58951466990494,XLY,一般消費財・サービス,growth,Leading,7.0,0.0,1.0
2025-07-16,108.88897705078125,0.6056848489159137,0.6049998052547527,100.49251961007914,100.76046398930275,XLY,一般消費財・サービス,growth,Leading,8.0,1.0,2.0
2025-07-17,109.2610855102539,0.6028397779896727,0.6042797961663928,100.3973895509115,100.49760974537136,XLY,一般消費財・サービス,growth,Leading,8.0,1.0,2.0
2025-07-18,110.22856903076172,0.6084089576673014,0.6056561833333624,100.51437820207613,100.3739119686423,XLY,一般消費財・サービス,growth,Leading,9.0,2.0,3.0
2025-07-21,110.74952697753906,0.613382560016253,0.6082316422276592,100.76278235459199,100.51532139670502,XLY,一般消費財・サービス,growth,Leading,9.0,2.0,3.0
2025-07-22,111.87081146240234,0.6117931792867197,0.6094188212473461,100.8779605027712,100.53429744023533,XLY,一般消費財・サービス,growth,Leading,9.0,2.0,2.0
2025-07-23,112.40168762207031,0.6096458581098584,0.609494500201517,100.87969676027807,100.49310021692666,XLY,一般消費財・サービス,growth,Leading,9.0,1.0,0.0
2025-07-24,110.54114532470703,0.6014800740265337,0.6068230248098558,100.53885301010563,100.00664178073879,XLY,一般消費財・サービス,growth,Leading,8.0,0.0,-1.0
2025-07-25,111.56816864013672,0.6041579941085822,0.6059346812427646,100.39959993524899,99.51355746565018,XLY,一般消費財・サービス,growth,Weakening,9.0,0.0,-2.0
2025-07-28,112.2181167602539,0.6112920172912987,0.6077204599256093,100.62263407126257,99.47964904287608,XLY,一般消費財・サービス,growth,Weakening,9.0,0.0,-2.0
2025-07-29,111.44412231445312,0.6073686547764281,0.6076031915425489,100.5824927792169,99.2036470340569,XLY,一般消費財・サービス,growth,Weakening,9.0,0.0,-2.0
2025-07-30,110.7396011352539,0.6074696251815834,0.6075586694222271,100.55174581969638,99.16796306455802,XLY,一般消費財・サービス,growth,Weakening,9.0,0.0,-1.0
2025-07-31,109.8614273071289,0.6081987333033959,0.6077720240492834,100.56019882972168,99.8657971076327,XLY,一般消費財・サービス,growth,Weakening,8.0,0.0,0.0
2025-08-01,107.2120132446289,0.6002983872139049,0.6052808117708239,100.14299673455874,99.34227516856713,XLY,一般消費財・サービス,growth,Weakening,7.0,-2.0,-2.0
2025-08-04,108.47222900390625,0.6000179275211589,0.6035265170209356,99.82496493470053,98.34643269868592,XLY,一般消費財・サービス,growth,Lagging,7.0,-2.0,-2.0
2025-08-05,108.61114501953125,0.6024581481458597,0.603170394062577,99.71937010505371,98.29345707485014,XLY,一般消費財・サービス,growth,Lagging,7.0,-2.0,-2.0
2025-08-06,110.86859893798828,0.6163590449455549,0.6075666110235697,100.46337154407581,99.75717118124307,XLY,一般消費財・サービス,growth,Weakening,7.0,-2.0,-2.0
2025-08-07,110.8338623046875,0.6165367928255826,0.6105566716242408,101.02500732161741,100.78241675085516,XLY,一般消費財・サービス,growth,Leading,7.0,-1.0,-1.0
2025-08-08,111.02735900878906,0.6164999192125721,0.6125377541536846,101.45345093123896,102.23165316645664,XLY,一般消費財・サービス,growth,Leading,8.0,1.0,3.0
2025-08-11,111.31512451171875,0.6197904989191056,0.6149553357421583,102.01731404498535,103.384336336069,XLY,一般消費財・サービス,growth,Leading,10.0,3.0,5.0
2025-08-12,112.49596405029297,0.6185060221516792,0.6161388978786653,102.23574393347165,103.46334743596546,XLY,一般消費財・サービス,growth,Leading,11.0,4.0,6.0
2025-08-13,114.03897094726562,0.6181634049211003,0.616813733559477,102.26413668338276,102.31155906869041,XLY,一般消費財・サービス,growth,Leading,11.0,4.0,6.0
2025-08-14,113.90996551513672,0.6215071666606169,0.618378211259857,102.44544048843305,101.7613000647334,XLY,一般消費財・サービス,growth,Leading,11.0,4.0,5.0
2025-08-15,113.6370849609375,0.6215528438680775,0.6194364221292639,102.49744588177107,101.25659030085662,XLY,一般消費財・サービス,growth,Leading,11.0,3.0,2.0
2025-08-18,114.09354400634766,0.6241838053048366,0.6210188831877881,102.62299943977052,100.67344663487744,XLY,一般消費財・サービス,growth,Leading,11.0,1.0,-2.0
2025-08-19,114.03897094726562,0.6209779163035682,0.6210052275597149,102.45737264895595,100.14696653044048,XLY,一般消費財・サービス,growth,Leading,11.0,0.0,-4.0
2025-08-20,112.9127197265625,0.6154054960997876,0.6191386504064058,102.01922634865689,99.48748021514488,XLY,一般消費財・サービス,growth,Weakening,11.0,0.0,-4.0
2025-08-21,112.242919921875,0.61389428080639,0.6173905272064006,101.65153168249456,98.72381798239167,XLY,一般消費財・サービス,growth,Weakening,11.0,0.0,-4.0
2025-08-22,115.65144348144531,0.6204527067421066,0.6184112537183026,101.762509649995,98.847868022281,XLY,一般消費財・サービス,growth,Weakening,11.0,0.0,-3.0
2025-08-25,115.41825103759766,0.623976362639706,0.6202662900254371,101.98416522151615,99.01765356167722,XLY,一般消費財・サービス,growth,Weakening,11.0,0.0,-1.0
2025-08-26,115.94912719726562,0.6264133647522013,0.6223153149343585,102.20974284677804,99.59894540363659,XLY,一般消費財・サービス,growth,Weakening,11.0,0.0,0.0
2025-08-27,115.97393035888672,0.6242912984156379,0.622973976094785,102.21267339269002,100.24858456889747,XLY,一般消費財・サービス,growth,Leading,11.0,0.0,0.0
2025-08-28,116.17239379882812,0.6256578531073447,0.6238686017656383,102.24408550468515,100.827993191518,XLY,一般消費財・サービス,growth,Leading,11.0,0.0,0.0
2025-08-29,114.97667694091797,0.6196778397272833,0.6224716810861867,101.96513953989674,100.26300971046493,XLY,一般消費財・サービス,growth,Leading,11.0,0.0,0.0
2025-09-02,114.11834716796875,0.6199489873313843,0.6216307831679192,101.78692881542263,99.69008903870518,XLY,一般消費財・サービス,growth,Weakening,11.0,0.0,0.0
2025-09-03,114.57976531982422,0.6234218106240828,0.6222277923199737,101.80440278411146,99.39571792971635,XLY,一般消費財・サービス,growth,Weakening,10.0,-1.0,-1.0
2025-09-04,116.67350006103516,0.6301593513993561,0.6248716453464345,102.06354922311925,99.76362071684679,XLY,一般消費財・サービス,growth,Weakening,10.0,-1.0,-1.0
2025-09-05,116.64868927001953,0.629289737129739,0.626344342607536,102.133500737192,99.80384570685638,XLY,一般消費財・サービス,growth,Weakening,10.0,-1.0,-1.0
2025-09-08,117.10018920898438,0.6322287744951971,0.628305819903423,102.24144360721539,100.34905670220058,XLY,一般消費財・サービス,growth,Leading,10.0,-1.0,-1.0
2025-09-09,116.93645477294922,0.6332955019398713,0.6299690472489058,102.29531056334096,100.66858095599264,XLY,一般消費財・サービス,growth,Leading,10.0,-1.0,-1.0
2025-09-10,115.53732299804688,0.6263522006959824,0.6287634317312647,102.04391592469482,100.2468105997135,XLY,一般消費財・サービス,growth,Leading,10.0,0.0,1.0
2025-09-11,117.78486633300781,0.6291093950324056,0.6288787528316451,101.95602605232229,99.70757576505392,XLY,一般消費財・サービス,growth,Weakening,10.0,0.0,1.0
2025-09-12,118.39512634277344,0.6369536821138427,0.631570395925711,102.12707854290313,99.85281701046767,XLY,一般消費財・サービス,growth,Weakening,10.0,0.0,1.0
2025-09-15,119.4221420288086,0.6436029084641339,0.6355812334385187,102.38751580118807,100.07773362579282,XLY,一般消費財・サービス,growth,Leading,10.0,0.0,1.0
2025-09-16,120.15643310546875,0.6492813075315118,0.6401479248028498,102.63791354407084,100.36579187513196,XLY,一般消費財・サービス,growth,Leading,10.0,0.0,1.0
2025-09-17,119.85379028320312,0.647026765478212,0.6424408716946373,102.64900275443598,100.7437716612823,XLY,一般消費財・サービス,growth,Leading,10.0,0.0,0.0
2025-09-18,119.31298828125,0.6399275098178793,0.6416030844023847,102.4142898463554,100.49815392072914,XLY,一般消費財・サービス,growth,Leading,10.0,0.0,0.0
2025-09-19,119.76447296142578,0.6434692809606616,0.6422251499218103,102.32548602832017,100.08285061554758,XLY,一般消費財・サービス,growth,Leading,10.0,0.0,0.0
2025-09-22,119.37432098388672,0.6410668321480535,0.6418390439972248,102.17035388250456,99.43725349406563,XLY,一般消費財・サービス,growth,Weakening,9.0,-1.0,-1.0
2025-09-23,118.25106048583984,0.6342606335435641,0.639312907179338,101.87825147093339,98.62703646669983,XLY,一般消費財・サービス,growth,Weakening,9.0,-1.0,-1.0
2025-09-24,119.08605194091797,0.6402320444508905,0.6396192862698555,101.8210820851763,98.56168687654193,XLY,一般消費財・サービス,growth,Weakening,9.0,-1.0,-1.0
2025-09-25,117.4061279296875,0.6364402158808473,0.6385595961401862,101.67127141184591,98.7219360716707,XLY,一般消費財・サービス,growth,Weakening,8.0,-2.0,-2.0
2025-09-26,119.1407241821289,0.6395070115971977,0.6388754012925234,101.62898802165236,98.82567544897242,XLY,一般消費財・サービス,growth,Weakening,8.0,-2.0,-2.0
2025-09-29,119.66259002685547,0.6401694387833151,0.6393067471227873,101.59805099160424,99.02979869594195,XLY,一般消費財・サービス,growth,Weakening,8.0,-1.0,0.0
2025-09-30,119.1059341430664,0.6355120125830251,0.6380418356095333,101.45232782269659,99.25229137153302,XLY,一般消費財・サービス,growth,Weakening,8.0,-1.0,0.0
2025-10-01,119.8514633178711,0.6380436136180883,0.6380424282790517,101.40387158008048,99.27478256973488,XLY,一般消費財・サービス,growth,Weakening,9.0,0.0,1.0
2025-10-02,118.98665618896484,0.6319440398062912,0.6360096321214649,101.2153649741421,99.23049513749638,XLY,一般消費財・サービス,growth,Weakening,9.0,1.0,3.0
2025-10-03,118.22123718261719,0.625679271403868,0.6325661785489327,100.93292821711283,98.89776244506336,XLY,一般消費財・サービス,growth,Weakening,7.0,-1.0,1.0
2025-10-06,119.23515319824219,0.6312433592456548,0.6321252387811734,100.87305187061665,98.86644954142689,XLY,一般消費財・サービス,growth,Weakening,8.0,0.0,1.0
2025-10-07,117.14767456054688,0.6229288485383702,0.6290597753669057,100.61885727441248,98.73304868623971,XLY,一般消費財・サービス,growth,Weakening,7.0,-1.0,0.0
2025-10-08,117.49559020996094,0.6227505010388757,0.6269566839242291,100.4340470570587,98.57447829506269,XLY,一般消費財・サービス,growth,Weakening,7.0,-2.0,-2.0
2025-10-09,116.90910339355469,0.6248114170445394,0.6262415949643325,100.3544823731577,98.75710364890479,XLY,一般消費財・サービス,growth,Weakening,7.0,-2.0,-3.0
2025-10-10,113.6933822631836,0.6216407891949608,0.6247079930412087,100.20954949456244,98.97374879974063,XLY,一般消費財・サービス,growth,Weakening,7.0,0.0,1.0
2025-10-13,116.23316192626953,0.6294075512151044,0.6262745124325073,100.31328739386005,99.22026907030295,XLY,一般消費財・サービス,growth,Weakening,7.0,-1.0,-1.0
2025-10-14,116.47669982910156,0.6255391733467509,0.6260293994039219,100.27019904105238,99.52514398631126,XLY,一般消費財・サービス,growth,Weakening,7.0,0.0,1.0
2025-10-15,116.64568328857422,0.6251861268962822,0.625748308568042,100.22261782852542,99.72424834789855,XLY,一般消費財・サービス,growth,Weakening,7.0,0.0,2.0
2025-10-16,115.51744842529297,0.6250638022280374,0.6255201397880404,100.17961367209469,99.78416941368292,XLY,一般消費財・サービス,growth,Weakening,7.0,0.0,2.0
2025-10-17,116.51148986816406,0.6272569227522491,0.6260990674427767,100.20811536083906,100.0296397104096,XLY,一般消費財・サービス,growth,Leading,7.0,0.0,0.0
2025-10-20,117.43594360351562,0.6259745010952119,0.6260575453269217,100.18360274738227,99.86498919174669,XLY,一般消費財・サービス,growth,Weakening,7.0,0.0,1.0
2025-10-21,118.87232971191406,0.6307410965012988,0.6276187290517141,100.30087958114102,100.09339722521808,XLY,一般消費財・サービス,growth,Leading,7.0,0.0,0.0
2025-10-22,117.94290924072266,0.6288424175677735,0.6280266252237339,100.31350142345988,100.17750016227178,XLY,一般消費財・サービス,growth,Leading,7.0,0.0,0.0
2025-10-23,118.47471618652344,0.6286972107830999,0.6282501537435226,100.30881327774229,100.22489873441076,XLY,一般消費財・サービス,growth,Leading,8.0,1.0,1.0
2025-10-24,118.12183380126953,0.6251204214998789,0.6272069096623081,100.18535222458588,100.01296045811918,XLY,一般消費財・サービス,growth,Leading,7.0,0.0,0.0
2025-10-27,119.82164764404297,0.631310456360074,0.6285747585615634,100.29187038161596,100.18484192002443,XLY,一般消費財・サービス,growth,Leading,8.0,1.0,1.0
2025-10-28,119.8514633178711,0.6369380904050572,0.6313625358427281,100.54258271954411,100.35653371655201,XLY,一般消費財・サービス,growth,Leading,8.0,1.0,1.0
2025-10-29,118.86238861083984,0.6388260909678014,0.6338503875510859,100.77020655536678,100.64147064320076,XLY,一般消費財・サービス,growth,Leading,8.0,1.0,1.0
2025-10-30,116.17848205566406,0.6270985378163857,0.6315997709728526,100.51353509311045,100.2849952722972,XLY,一般消費財・サービス,growth,Leading,7.0,-1.0,-2.0
2025-10-31,119.25006103515625,0.6422737848924094,0.6351577756127049,100.88350785459338,100.93353960138056,XLY,一般消費財・サービス,growth,Leading,7.0,0.0,0.0
2025-11-03,120.36836242675781,0.6498875903522048,0.6400677138592049,101.43835942400658,101.49824470053659,XLY,一般消費財・サービス,growth,Leading,8.0,0.0,-1.0
2025-11-04,118.37034606933594,0.6433554051590715,0.6411636109591605,101.55048523191405,101.26784557850314,XLY,一般消費財・サービス,growth,Leading,8.0,0.0,-1.0
2025-11-05,119.81169891357422,0.647400020876479,0.6432424142649333,101.7658461241093,101.2273251570225,XLY,一般消費財・サービス,growth,Leading,9.0,1.0,0.0
2025-11-06,117.04329681396484,0.6369293849529695,0.6411380711609455,101.47412476459597,101.20076916378802,XLY,一般消費財・サービス,growth,Leading,8.0,1.0,2.0
2025-11-07,117.22720336914062,0.6326243396028942,0.6383001606415951,101.09004184920674,100.23943597615862,XLY,一般消費財・サービス,growth,Leading,8.0,1.0,1.0
2025-11-10,118.76795959472656,0.6372695902479354,0.6379566371770419,101.0189806871906,99.32298651257246,XLY,一般消費財・サービス,growth,Weakening,7.0,-1.0,-1.0
2025-11-11,119.06120300292969,0.6351728622407937,0.6370287121982925,100.87273166061784,98.89406036980346,XLY,一般消費財・サービス,growth,Weakening,7.0,-1.0,-1.0
2025-11-12,118.26100158691406,0.6294110978232463,0.6344895074066105,100.5113973113983,97.92083531906964,XLY,一般消費財・サービス,growth,Weakening,6.0,-3.0,-4.0
2025-11-13,115.30870056152344,0.6207155460233895,0.6298981869455369,99.86467701400906,97.42433877365514,XLY,一般消費財・サービス,growth,Lagging,6.0,-2.0,-3.0
2025-11-14,114.75700378417969,0.6200209814279325,0.6266057851063355,99.39047142326784,97.443777269396,XLY,一般消費財・サービス,growth,Lagging,5.0,-3.0,-4.0
2025-11-17,113.678466796875,0.6223661390166173,0.6251925697430961,99.17503501279336,97.40479260795884,XLY,一般消費財・サービス,growth,Lagging,4.0,-3.0,-2.0
2025-11-18,111.58103942871094,0.6105198695567233,0.6203016696809719,98.47518930733874,96.87146597993876,XLY,一般消費財・サービス,growth,Lagging,1.0,-6.0,-5.0
2025-11-19,111.58601379394531,0.6124009650156292,0.617668101459191,98.09870991117108,97.09438558625493,XLY,一般消費財・サービス,growth,Lagging,1.0,-5.0,-2.0
2025-11-20,109.9209976196289,0.6107136774406967,0.615349960119693,97.80709792244876,97.70003991666374,XLY,一般消費財・サービス,growth,Lagging,1.0,-5.0,-3.0
2025-11-21,112.07806396484375,0.6106974240229142,0.6137991147541001,97.66974170787073,98.20396702777377,XLY,一般消費財・サービス,growth,Lagging,1.0,-4.0,-1.0
2025-11-24,113.5740966796875,0.6162944445258642,0.6146308913446882,97.85972045015401,98.7525870921682,XLY,一般消費財・サービス,growth,Lagging,1.0,-3.0,0.0
2025-11-25,116.00452423095703,0.6206652265385246,0.6166423364093003,98.17497111730819,100.02569707527428,XLY,一般消費財・サービス,growth,Improving,1.0,0.0,6.0
2025-11-26,116.79976654052734,0.6205898765701746,0.6179581831295918,98.38332526111743,100.76652913985818,XLY,一般消費財・サービス,growth,Improving,1.0,0.0,5.0
2025-11-28,117.5254135131836,0.6210872724833054,0.6190012129141631,98.53700057859014,101.30160590895687,XLY,一般消費財・サービス,growth,Improving,1.0,0.0,5.0
2025-12-01,117.5949935913086,0.6257347914937413,0.6212457391073558,98.82357765669214,101.75606072928737,XLY,一般消費財・サービス,growth,Improving,3.0,2.0,6.0
2025-12-02,117.51547241210938,0.6259039509958638,0.6227984764035253,99.01806098179519,101.69065382096991,XLY,一般消費財・サービス,growth,Improving,4.0,3.0,6.0
2025-12-03,118.78286743164062,0.6278636781062966,0.6244868769711157,99.23352897459935,101.52056835527893,XLY,一般消費財・サービス,growth,Improving,5.0,4.0,4.0
2025-12-04,118.36040496826172,0.6254346449946675,0.624802799645633,99.27812274842492,101.29418370892672,XLY,一般消費財・サービス,growth,Improving,4.0,3.0,3.0
2025-12-05,119.0164794921875,0.6274274727448396,0.6256776906787018,99.39556809170132,101.23010855697893,XLY,一般消費財・サービス,growth,Improving,7.0,6.0,6.0
2025-12-08,117.28683471679688,0.6220349389526083,0.6244634401033373,99.25664599267814,100.74998624000283,XLY,一般消費財・サービス,growth,Improving,6.0,3.0,1.0
2025-12-09,117.27690887451172,0.6231577046718466,0.6240281949595071,99.21511028168162,100.48312659690559,XLY,一般消費財・サービス,growth,Improving,6.0,2.0,-1.0
2025-12-10,118.99658966064453,0.6235230469872162,0.6238598123020769,99.20790850872572,100.22882135444225,XLY,一般消費財・サービス,growth,Improving,5.0,0.0,-4.0
2025-12-11,119.46379089355469,0.6209563905690706,0.6228920050577414,99.1101955045574,100.07026680777213,XLY,一般消費財・サービス,growth,Improving,5.0,1.0,-2.0
2025-12-12,119.98068237304688,0.6278993831487911,0.6245611310880914,99.33819193525112,100.19968513173241,XLY,一般消費財・サービス,growth,Improving,6.0,-1.0,-7.0
2025-12-15,121.00454711914062,0.6324728546407014,0.6271983722722948,99.68604226870205,100.75060279784468,XLY,一般消費財・サービス,growth,Improving,7.0,1.0,-2.0
2025-12-16,121.20336151123047,0.6379926658642211,0.6307964701362703,100.16343706522045,101.32416469816849,XLY,一般消費財・サービス,growth,Leading,9.0,3.0,1.0
2025-12-17,119.80176544189453,0.6323248478690554,0.631305929380532,100.25444983109935,101.40792226836219,XLY,一般消費財・サービス,growth,Leading,9.0,4.0,4.0
2025-12-18,121.61090850830078,0.6405042596518744,0.6343720394709795,100.68420226435717,101.91461009850867,XLY,一般消費財・サービス,growth,Leading,9.0,4.0,3.0
2025-12-19,121.12383270263672,0.6356236633177929,0.6347892474199174,100.76890791957253,101.69021377628961,XLY,一般消費財・サービス,growth,Leading,10.0,4.0,5.0
2025-12-22,121.85191345214844,0.6347396634762317,0.6347727194386888,100.78489855055729,101.29443486099791,XLY,一般消費財・サービス,growth,Leading,9.0,2.0,1.0
2025-12-23,121.68260192871094,0.6353349095758526,0.6349601161510767,100.83049506840126,100.81722204145424,XLY,一般消費財・サービス,growth,Leading,9.0,0.0,-3.0
2025-12-24,122.10092163085938,0.6352162615241019,0.6350454979420852,100.85745681941289,100.7274382611879,XLY,一般消費財・サービス,growth,Leading,9.0,0.0,-4.0
2025-12-26,121.56307983398438,0.6322550334132373,0.634115343099136,100.74647268710221,100.1512277812018,XLY,一般消費財・サービス,growth,Leading,9.0,0.0,-4.0
2025-12-29,120.36786651611328,0.6270738498335101,0.6317681786772608,100.43843701975005,99.73582157086476,XLY,一般消費財・サービス,growth,Weakening,8.0,-2.0,-6.0
2025-12-30,119.87981414794922,0.6255333373886668,0.6296898982477295,100.16072031231708,99.4321787333335,XLY,一般消費財・サービス,growth,Weakening,7.0,-2.0,-4.0
2025-12-31,118.9336166381836,0.6259416207388607,0.62844047241144,100.00047295612453,99.22666374224346,XLY,一般消費財・サービス,growth,Weakening,7.0,-2.0,-2.0
2026-01-02,117.87783813476562,0.6162032365250545,0.6243613937826449,99.41804631712934,98.62773552551971,XLY,一般消費財・サービス,growth,Lagging,5.0,-4.0,-4.0
2026-01-05,119.82006072998047,0.6205962713932083,0.623106352986166,99.25366350041766,98.60437995297077,XLY,一般消費財・サービス,growth,Lagging,5.0,-4.0,-4.0
2026-01-06,120.58698272705078,0.6171180059909604,0.6211102373210975,98.98717774332518,98.67353950825172,XLY,一般消費財・サービス,growth,Lagging,5.0,-3.0,-1.0
2026-01-07,120.41767120361328,0.6232432593796751,0.6218212446739567,99.11540301976285,99.0863386296331,XLY,一般消費財・サービス,growth,Lagging,6.0,-1.0,1.0
2026-01-08,122.42960357666016,0.6282699643203299,0.6239708178894144,99.441143560845,99.56376156837216,XLY,一般消費財・サービス,growth,Lagging,6.0,-1.0,1.0
2026-01-09,123.91366577148438,0.6322171578073055,0.6267195978620448,99.8448575406475,100.53428127806131,XLY,一般消費財・サービス,growth,Improving,6.0,1.0,5.0
2026-01-12,124.02322387695312,0.632200234835413,0.6285464768531676,100.10518497467586,100.93264670318926,XLY,一般消費財・サービス,growth,Leading,6.0,1.0,5.0
2026-01-13,123.71446228027344,0.6306263428833483,0.6292397655298945,100.20055840454685,101.25298824666399,XLY,一般消費財・サービス,growth,Leading,7.0,2.0,5.0
2026-01-14,121.76228332519531,0.6178636623232466,0.6254477311276786,99.64248871485975,100.55815748594819,XLY,一般消費財・サービス,growth,Improving,6.0,0.0,1.0
2026-01-15,122.21048736572266,0.617403346326844,0.6227662695274004,99.25672925820156,99.85402422212476,XLY,一般消費財・サービス,growth,Lagging,6.0,0.0,1.0
2026-01-16,121.81208801269531,0.6169673583904317,0.6208332991484109,98.99116852941386,99.20670071695498,XLY,一般消費財・サービス,growth,Lagging,5.0,-1.0,-2.0
2026-01-20,118.644775390625,0.6100274161109762,0.6172313381359327,98.51328021162782,98.53166327504087,XLY,一般消費財・サービス,growth,Lagging,4.0,-2.0,-3.0
2026-01-21,120.9156723022461,0.6113521538235077,0.615271610031791,98.29822980330016,98.30047184364702,XLY,一般消費財・サービス,growth,Lagging,4.0,-3.0,-5.0
2026-01-22,122.13080596923828,0.6166917959671845,0.6157450053435889,98.42389904524019,98.97313320973606,XLY,一般消費財・サービス,growth,Lagging,4.0,-2.0,-2.0
2026-01-23,122.63876342773438,0.6220294235307602,0.6178398114059793,98.74927272970243,99.64746445788428,XLY,一般消費財・サービス,growth,Lagging,5.0,-1.0,-1.0
2026-01-26,121.83200073242188,0.6164797601403135,0.6173864609840907,98.72821855992144,99.88179375343479,XLY,一般消費財・サービス,growth,Lagging,5.0,0.0,1.0
2026-01-27,122.20052337646484,0.6193081749187773,0.6180270322956529,98.8459532143927,100.43285994794508,XLY,一般消費財・サービス,growth,Improving,6.0,2.0,4.0
2026-01-28,121.28419494628906,0.6167414372557878,0.6175985006156979,98.82534194750659,100.60662094819268,XLY,一般消費財・サービス,growth,Improving,4.0,0.0,3.0
2026-01-29,120.70651245117188,0.6129999392472611,0.616065646826219,98.67223025814076,100.3468791330565,XLY,一般消費財・サービス,growth,Improving,2.0,-2.0,0.0
2026-01-30,120.68658447265625,0.6142601765152763,0.6154638233892381,98.64257215572376,100.02463257487072,XLY,一般消費財・サービス,growth,Improving,2.0,-3.0,-2.0
2026-02-02,121.4833984375,0.6151480656205449,0.6153585707996738,98.6759976965349,100.07935818340083,XLY,一般消費財・サービス,growth,Improving,2.0,-3.0,-3.0
2026-02-03,120.5073013305664,0.6118341241982987,0.6141837552658822,98.5767228078462,99.8904293612088,XLY,一般消費財・サービス,growth,Lagging,3.0,-3.0,-5.0
2026-02-04,119.62085723876953,0.6020879649800849,0.6101518251706164,98.12990281988813,99.51270196449936,XLY,一般消費財・サービス,growth,Lagging,2.0,-2.0,-2.0
2026-02-05,117.04119110107422,0.5942661659810247,0.6048566054407525,97.57334010319059,99.15774646521204,XLY,一般消費財・サービス,growth,Lagging,2.0,0.0,2.0
2026-02-06,117.51927185058594,0.5857780482733118,0.5984970863849389,96.97790731565958,98.66385316991443,XLY,一般消費財・サービス,growth,Lagging,1.0,-1.0,2.0
2026-02-09,117.0810317993164,0.5832475719436013,0.593413914904493,96.6750256708047,98.4055143795665,XLY,一般消費財・サービス,growth,Lagging,1.0,-1.0,2.0
2026-02-10,117.85792541503906,0.5850363389757282,0.5906213895949047,96.69735714760922,98.57262235928391,XLY,一般消費財・サービス,growth,Lagging,1.0,-2.0,1.0
2026-02-11,117.29019165039062,0.5811879772503831,0.5874769188133975,96.70844395350487,99.01904735812856,XLY,一般消費財・サービス,growth,Lagging,1.0,-1.0,1.0
2026-02-12,115.66669464111328,0.5807647432117288,0.5852395269461745,96.8093869033478,99.624376738784,XLY,一般消費財・サービス,growth,Lagging,1.0,-1.0,-1.0
2026-02-13,115.71649932861328,0.5750577495922476,0.5818456011615323,96.83124902497185,100.17590908415289,XLY,一般消費財・サービス,growth,Improving,1.0,0.0,1.0
2026-02-17,115.57705688476562,0.5753574288744664,0.5796828770658436,96.95813337085536,100.54976635482053,XLY,一般消費財・サービス,growth,Improving,1.0,0.0,1.0
2026-02-18,116.55313873291016,0.5772237345559899,0.5788631628958925,97.15444173824504,100.68681148026569,XLY,一般消費財・サービス,growth,Improving,1.0,0.0,2.0
2026-02-19,115.77625274658203,0.5745899876487022,0.5774387711468291,97.28138560051366,100.76992343562122,XLY,一般消費財・サービス,growth,Improving,1.0,0.0,1.0
2026-02-20,116.98143005371094,0.57786878326149,0.5775821085183828,97.47894166236186,100.84070865456692,XLY,一般消費財・サービス,growth,Improving,1.0,0.0,1.0
2026-02-23,114.53124237060547,0.5720436757668009,0.5757359642678556,97.53551824626454,100.85549020298065,XLY,一般消費財・サービス,growth,Improving,1.0,0.0,0.0
2026-02-24,116.27426147460938,0.5761539126318351,0.5758752803891821,97.6903702475734,100.86118032502048,XLY,一般消費財・サービス,growth,Improving,2.0,1.0,1.0
2026-02-25,116.62286376953125,0.5775407195512786,0.5764304267765477,97.84430918585564,100.79195690093592,XLY,一般消費財・サービス,growth,Improving,2.0,1.0,1.0
2026-02-26,116.5830307006836,0.5741004566498255,0.5756537700676403,97.91405164737552,100.70578161686144,XLY,一般消費財・サービス,growth,Improving,1.0,0.0,0.0
2026-02-27,116.39378356933594,0.5724973692306295,0.5746016364553035,97.96566881233294,100.53437110818243,XLY,一般消費財・サービス,growth,Improving,1.0,0.0,0.0
2026-03-02,114.95952606201172,0.5664930390943255,0.5718987706683109,97.93768972577725,100.44114922573355,XLY,一般消費財・サービス,growth,Improving,1.0,0.0,0.0
2026-03-03,113.90375518798828,0.5682621324227696,0.5706865579197972,97.98427730759522,100.3337360206422,XLY,一般消費財・サービス,growth,Improving,1.0,-1.0,-2.0
2026-03-04,115.9256591796875,0.5760403929413347,0.5724711695936431,98.15915101563998,100.3751716270592,XLY,一般消費財・サービス,growth,Improving,1.0,-1.0,-2.0
2026-03-05,116.08502960205078,0.5835918658657816,0.5761780683510226,98.40060795990004,100.58071043352942,XLY,一般消費財・サービス,growth,Improving,2.0,1.0,1.0
2026-03-06,113.98344421386719,0.5799382254789427,0.5774314540603294,98.51597940911294,100.66565386318653,XLY,一般消費財・サービス,growth,Improving,2.0,1.0,1.0
2026-03-09,114.13284301757812,0.5790617413169499,0.5779748831458695,98.59281080817752,100.78970389752463,XLY,一般消費財・サービス,growth,Improving,2.0,1.0,1.0
2026-03-10,113.98344421386719,0.5826729268616294,0.5795408977177895,98.70875763576646,100.87159938343389,XLY,一般消費財・サービス,growth,Improving,2.0,1.0,2.0
2026-03-11,113.68463897705078,0.5830670881512136,0.5807162945289309,98.80174395035297,100.77420005579826,XLY,一般消費財・サービス,growth,Improving,2.0,1.0,2.0
2026-03-12,111.07508850097656,0.5786319235019128,0.5800215041865916,98.81068619615952,100.50981175279168,XLY,一般消費財・サービス,growth,Improving,2.0,0.0,-1.0
2026-03-13,110.417724609375,0.5752371431405917,0.5784267171712583,98.78153880174514,100.34306537032327,XLY,一般消費財・サービス,growth,Improving,2.0,0.0,-1.0
2026-03-16,111.75236511230469,0.577890015040221,0.5782478164609126,98.81342802961919,100.2859445626354,XLY,一般消費財・サービス,growth,Improving,2.0,0.0,-1.0
2026-03-17,112.72846221923828,0.5796965695626702,0.5787307341614985,98.87162259509411,100.2176185869476,XLY,一般消費財・サービス,growth,Improving,3.0,1.0,0.0
2026-03-18,110.12887573242188,0.5738806517842454,0.5771140400357475,98.8399591610824,100.08588446984298,XLY,一般消費財・サービス,growth,Improving,3.0,1.0,0.0
2026-03-19,109.26234436035156,0.5698069101914474,0.5746783300876475,98.77495449498002,100.0209940703268,XLY,一般消費財・サービス,growth,Improving,2.0,0.0,0.0
2026-03-20,107.31016540527344,0.5679701421274276,0.5724422674342409,98.72056725174149,100.0125169410985,XLY,一般消費財・サービス,growth,Improving,2.0,0.0,0.0
2026-03-23,109.90100860595703,0.575547155451705,0.573477230106729,98.80182310556522,100.10057488206418,XLY,一般消費財・サービス,growth,Improving,2.0,0.0,0.0
2026-03-24,109.46187591552734,0.5725604522447101,0.573171637486056,98.82372782266008,100.08784559622968,XLY,一般消費財・サービス,growth,Improving,2.0,-1.0,-2.0
2026-03-25,110.50979614257812,0.5752542125170573,0.5738658291630565,98.88643854305718,100.22607626129701,XLY,一般消費財・サービス,growth,Improving,2.0,-1.0,-2.0
2026-03-26,108.61357116699219,0.5706207053232367,0.57278412121645,98.87110063182843,100.3005315816713,XLY,一般消費財・サービス,growth,Improving,2.0,0.0,0.0
2026-03-27,105.46983337402344,0.5618077702450902,0.56912533755933,98.74395869068249,100.22325608257613,XLY,一般消費財・サービス,growth,Improving,2.0,0.0,0.0
2026-03-30,105.44987487792969,0.5628662349880561,0.567038970035572,98.68721108673905,100.0545998733752,XLY,一般消費財・サービス,growth,Improving,2.0,0.0,0.0
2026-03-31,108.76327514648438,0.568906292575727,0.5676614108822904,98.75042627332913,100.10110770926579,XLY,一般消費財・サービス,growth,Improving,2.0,0.0,1.0
2026-04-01,109.5816421508789,0.5713412122768061,0.568888011347129,98.83913753682049,100.12247370615859,XLY,一般消費財・サービス,growth,Improving,2.0,0.0,1.0
2026-04-02,107.93492126464844,0.5611525008038141,0.5663095078326907,98.75630556580302,100.02388522305581,XLY,一般消費財・サービス,growth,Improving,2.0,0.0,0.0
2026-04-06,108.82315063476562,0.5633487899765184,0.5653226018806333,98.74857977905171,100.14876093317598,XLY,一般消費財・サービス,growth,Improving,2.0,0.0,0.0
2026-04-07,107.55567169189453,0.5580247649533422,0.5628899895715362,98.67655280204838,100.10142264842037,XLY,一般消費財・サービス,growth,Improving,2.0,0.0,0.0
2026-04-08,110.599609375,0.5608604570742952,0.5622134787391226,98.68633220336487,100.00162438694487,XLY,一般消費財・サービス,growth,Improving,2.0,0.0,0.0
2026-04-09,112.51579284667969,0.5702319281191646,0.5648862951991367,98.84526644158126,100.0755347754201,XLY,一般消費財・サービス,growth,Improving,2.0,0.0,0.0
2026-04-10,112.66549682617188,0.5751428091823179,0.5683051331935305,99.03371307598127,100.43272296370021,XLY,一般消費財・サービス,growth,Improving,2.0,0.0,0.0
2026-04-13,113.69344329833984,0.5740268313722391,0.5702123659197667,99.1489683323155,100.60369567714498,XLY,一般消費財・サービス,growth,Improving,3.0,1.0,1.0
2026-04-14,116.20843505859375,0.5842857206425011,0.5749034841606782,99.40096071379335,101.05843911273544,XLY,一般消費財・サービス,growth,Improving,3.0,1.0,1.0
2026-04-15,117.94497680664062,0.5928090541857172,0.5808720075023579,99.72930709971205,101.51399639144564,XLY,一般消費財・サービス,growth,Improving,3.0,1.0,1.0
2026-04-16,117.39606475830078,0.587373961859205,0.5830393256213069,99.8731044664677,101.46307402904228,XLY,一般消費財・サービス,growth,Improving,3.0,1.0,1.0
2026-04-17,120.17053985595703,0.5937976822465083,0.5866254444963741,100.10157932215819,101.464951910225,XLY,一般消費財・サービス,growth,Leading,5.0,3.0,3.0
2026-04-20,119.6316146850586,0.589278301497868,0.5875097301635388,100.18700964613267,101.37688625796959,XLY,一般消費財・サービス,growth,Leading,6.0,3.0,2.0
2026-04-21,118.73340606689453,0.5884632484634663,0.587827569596848,100.23963321837333,101.0884679651854,XLY,一般消費財・サービス,growth,Leading,9.0,6.0,5.0
2026-04-22,118.6934814453125,0.5885269009825129,0.5880606800587364,100.28761251999936,100.68473937718066,XLY,一般消費財・サービス,growth,Leading,9.0,6.0,5.0
2026-04-23,117.50584411621094,0.582666935420046,0.586262765179173,100.21276898358393,100.33524136467122,XLY,一般消費財・サービス,growth,Leading,9.0,6.0,5.0
2026-04-24,118.45396423339844,0.5885893861769351,0.5870383055117604,100.30553122233484,100.11195846973602,XLY,一般消費財・サービス,growth,Leading,9.0,4.0,1.0
2026-04-27,117.60564422607422,0.5850691741467771,0.5863819283900993,100.30828552414573,99.97553335797237,XLY,一般消費財・サービス,growth,Weakening,9.0,3.0,0.0
2026-04-28,116.77730560302734,0.5839288952926196,0.5855642506909394,100.30307431280788,99.89294999485222,XLY,一般消費財・サービス,growth,Weakening,9.0,0.0,-6.0
2026-04-29,116.60763549804688,0.5840987370179971,0.585075746133292,100.32398698225198,99.86283861879257,XLY,一般消費財・サービス,growth,Weakening,9.0,0.0,-6.0
2026-04-30,118.11463165283203,0.5828355310122746,0.5843290077596196,100.32537912091365,99.98402481047324,XLY,一般消費財・サービス,growth,Weakening,9.0,0.0,-6.0
2026-05-01,118.39407348632812,0.5860003369904068,0.5848861175032154,100.4427648348081,100.0161327641652,XLY,一般消費財・サービス,growth,Leading,9.0,0.0,-4.0
2026-05-04,117.48589324951172,0.584908200954762,0.584893478653731,100.53061160048495,100.14118011730446,XLY,一般消費財・サービス,growth,Leading,9.0,0.0,-3.0
2026-05-05,117.83518981933594,0.5820288311439302,0.5839385961504641,100.53598368671017,100.14566129986152,XLY,一般消費財・サービス,growth,Leading,9.0,0.0,0.0
2026-05-06,119.6316146850586,0.586257851302951,0.5847116812012931,100.73022973219781,100.39271097275262,XLY,一般消費財・サービス,growth,Leading,9.0,0.0,0.0
2026-05-07,119.64159393310547,0.5900803191755164,0.5865012271927009,101.0553857172547,100.87954508823198,XLY,一般消費財・サービス,growth,Leading,9.0,0.0,0.0
2026-05-08,119.96095275878906,0.5900319986887113,0.5876781510247044,101.28397482228934,101.06686894038717,XLY,一般消費財・サービス,growth,Leading,10.0,1.0,1.0
2026-05-11,119.13261413574219,0.5862737537372021,0.587210018595537,101.26259723514592,100.9164721497691,XLY,一般消費財・サービス,growth,Leading,9.0,0.0,0.0
2026-05-12,118.05475616455078,0.5814825570711599,0.585300864754078,101.02956787076198,100.44057205973907,XLY,一般消費財・サービス,growth,Leading,9.0,0.0,0.0
2026-05-13,118.48390197753906,0.5861559608435283,0.5855858967838948,101.07892143758896,100.03893315998758,XLY,一般消費財・サービス,growth,Leading,9.0,0.0,0.0
2026-05-14,118.43399810791016,0.583780155060659,0.5849839828761496,100.99589596216312,98.80154215094804,XLY,一般消費財・サービス,growth,Weakening,10.0,1.0,1.0
2026-05-15,116.29825592041016,0.579225322142169,0.5830644292981562,100.72331949409879,97.44086548375782,XLY,一般消費財・サービス,growth,Weakening,10.0,0.0,-1.0
2026-05-18,116.08867645263672,0.5746462818972452,0.5802583801645191,100.32996966457453,96.7584022320971,XLY,一般消費財・サービス,growth,Weakening,10.0,1.0,1.0
2026-05-19,114.80123901367188,0.571599252506744,0.5773720042785941,99.9302490252969,96.72093766683892,XLY,一般消費財・サービス,growth,Lagging,8.0,-1.0,-1.0
2026-05-20,117.70545196533203,0.5797051463442879,0.5781497183004921,100.03727616460066,97.12342037388198,XLY,一般消費財・サービス,growth,Weakening,8.0,-1.0,-1.0
2026-05-21,118.46393585205078,0.5809326076788152,0.5790773480932665,100.163467765225,97.72302207140822,XLY,一般消費財・サービス,growth,Weakening,8.0,-2.0,-3.0
2026-05-22,118.94298553466797,0.5780018578994613,0.5787188513619982,100.10687548619566,98.25488158250249,XLY,一般消費財・サービス,growth,Weakening,9.0,-1.0,-1.0
2026-05-26,119.21244812011719,0.5763539366383783,0.5779305464541249,99.99217893621507,98.86979897634576,XLY,一般消費財・サービス,growth,Lagging,9.0,-1.0,-2.0
2026-05-27,121.30827331542969,0.5869105450136376,0.5809238793072958,100.40032103958019,100.55378635457608,XLY,一般消費財・サービス,growth,Leading,10.0,2.0,3.0
2026-05-28,121.81725311279297,0.5872221937399914,0.5830233174515278,100.67531223306646,100.90342000529792,XLY,一般消費財・サービス,growth,Leading,10.0,2.0,3.0
2026-05-29,120.62963104248047,0.5798822130134155,0.5819762826388237,100.5131092758574,100.30780783306989,XLY,一般消費財・サービス,growth,Leading,10.0,2.0,4.0
2026-06-01,117.9549560546875,0.5659947694713965,0.5766491115830147,99.75926983230626,98.8870149967298,XLY,一般消費財・サービス,growth,Lagging,10.0,1.0,2.0
2026-06-02,117.35614776611328,0.5608962449671191,0.5713981560443828,99.02035122014297,97.73742148521347,XLY,一般消費財・サービス,growth,Lagging,10.0,1.0,2.0
2026-06-03,116.49786376953125,0.5588962164207119,0.5672308428364925,98.46865428327688,96.37224743202057,XLY,一般消費財・サービス,growth,Lagging,8.0,-2.0,-4.0
2026-06-04,117.02680969238281,0.557226349316762,0.563896011663249,98.09227924501212,95.97243064856013,XLY,一般消費財・サービス,growth,Lagging,7.0,-3.0,-5.0
2026-06-05,114.63157653808594,0.5537002235144646,0.5604974156136542,97.76877921236066,96.29464705091043,XLY,一般消費財・サービス,growth,Lagging,2.0,-8.0,-10.0
2026-06-08,115.1605224609375,0.5568446502765829,0.5592798271679638,97.7498480628105,97.4618255683036,XLY,一般消費財・サービス,growth,Lagging,2.0,-8.0,-9.0
2026-06-09,115.63957214355469,0.5549377014915953,0.5578324519425076,97.71696119710339,98.42024219165857,XLY,一般消費財・サービス,growth,Lagging,2.0,-8.0,-9.0
2026-06-10,113.26429748535156,0.550539634069234,0.5554015126514165,97.59660361821815,98.99246852856191,XLY,一般消費財・サービス,growth,Lagging,2.0,-6.0,-4.0
2026-06-11,116.06871795654297,0.5555100380518866,0.5554376877849065,97.74258410487138,99.65898464806305,XLY,一般消費財・サービス,growth,Lagging,2.0,-5.0,-2.0
2026-06-12,116.36811828613281,0.5519432578985166,0.5542728778227766,97.75623179068094,100.08634998503034,XLY,一般消費財・サービス,growth,Improving,2.0,0.0,8.0
2026-06-15,118.33419799804688,0.5580255473617451,0.5555237676690994,97.99152154900467,100.40431465297296,XLY,一般消費財・サービス,growth,Improving,2.0,0.0,8.0
2026-06-16,118.22441864013672,0.5593735312570166,0.5568070221984052,98.20242604997358,100.70093621489718,XLY,一般消費財・サービス,growth,Improving,2.0,0.0,8.0
2026-06-17,115.26032257080078,0.5536470766729724,0.555753707023261,98.18373179560717,100.81267265104043,XLY,一般消費財・サービス,growth,Improving,2.0,0.0,6.0
2026-06-18,116.92700958251953,0.5590581136227092,0.5568551758897438,98.3525020222708,100.82363947295747,XLY,一般消費財・サービス,growth,Improving,3.0,1.0,6.0
2026-06-22,114.94000244140625,0.548351710828295,0.5540206875359276,98.16937946324528,100.56983755529122,XLY,一般消費財・サービス,growth,Improving,2.0,0.0,0.0
2026-06-23,113.76000213623047,0.5445928597281994,0.5508780782666849,97.98922129600558,100.05799627222201,XLY,一般消費財・サービス,growth,Improving,2.0,0.0,0.0
2026-06-24,115.06999969482422,0.5469626248888121,0.5495729271407273,97.9795008711924,99.78977866790238,XLY,一般消費財・サービス,growth,Lagging,2.0,0.0,0.0
2026-06-25,113.3499984741211,0.5353010553677502,0.544815636549735,97.72254061107597,99.50728747318499,XLY,一般消費財・サービス,growth,Lagging,2.0,0.0,0.0
2026-06-26,114.37000274658203,0.5438162905913105,0.5444825212302602,97.82180701360359,99.43541545603122,XLY,一般消費財・サービス,growth,Lagging,2.0,-1.0,-2.0
2026-06-29,117.12000274658203,0.5497301153200603,0.5462317192601935,98.04734517944627,99.93925041165251,XLY,一般消費財・サービス,growth,Lagging,2.0,0.0,0.0
2026-06-30,117.27999877929688,0.551205510289481,0.5478896496032895,98.23807079354651,100.38644279201904,XLY,一般消費財・サービス,growth,Improving,3.0,1.0,1.0
2026-07-01,118.08999633789062,0.553347988901503,0.5497090960360274,98.42312204756789,100.61301603736267,XLY,一般消費財・サービス,growth,Improving,6.0,4.0,4.0
2026-07-02,117.12000274658203,0.5449723174856163,0.548130169852557,98.37002011746954,100.84346809012835,XLY,一般消費財・サービス,growth,Improving,4.0,2.0,2.0
2026-07-06,118.01000213623047,0.5488837308661882,0.5483813568571008,98.43794803549754,100.78736416262969,XLY,一般消費財・サービス,growth,Improving,5.0,3.0,4.0
2026-07-07,117.38999938964844,0.5466865446157749,0.5478164194433255,98.44777470374446,100.5181565895426,XLY,一般消費財・サービス,growth,Improving,4.0,2.0,2.0
2026-07-08,115.30000305175781,0.5433553473607292,0.5463293954157934,98.39646437973708,100.22319529011787,XLY,一般消費財・サービス,growth,Improving,4.0,1.0,0.0
2026-07-09,116.8499984741211,0.5473067844221129,0.5466551917512332,98.4610296610894,100.07612361121917,XLY,一般消費財・サービス,growth,Improving,4.0,-2.0,-6.0
2026-07-10,117.23999786376953,0.5470835100056144,0.5467979645026937,98.51490828477156,100.20225403426576,XLY,一般消費財・サービス,growth,Improving,5.0,1.0,-1.0
2026-07-13,116.04000091552734,0.5416608468923687,0.5450855919659188,98.45995362328989,100.05924368909237,XLY,一般消費財・サービス,growth,Improving,3.0,-2.0,-5.0
2026-07-14,115.9000015258789,0.5429843203698081,0.5443851681005486,98.47190411262622,100.06914979860647,XLY,一般消費財・サービス,growth,Improving,3.0,-1.0,-3.0
2026-07-15,117.0,0.5493731479991477,0.5460478280667483,98.6224207779002,100.32444133923478,XLY,一般消費財・サービス,growth,Improving,4.0,0.0,-1.0
2026-07-16,117.33999633789062,0.5456151663254855,0.5459036074863274,98.66145988089184,100.31391955967197,XLY,一般消費財・サービス,growth,Improving,2.0,-2.0,0.0
2026-07-17,115.44000244140625,0.5410320339464978,0.5442797496397176,98.61458871630047,100.2109790704312,XLY,一般消費財・サービス,growth,Improving,2.0,-3.0,-4.0
2026-07-20,114.61000061035156,0.5395443065544049,0.54270126861128,98.57194304447707,100.24935938364835,XLY,一般消費財・サービス,growth,Improving,2.0,-1.0,1.0
2026-07-21,114.87000274658203,0.5399041441641478,0.5417688937955693,98.5671028766329,100.25113202529522,XLY,一般消費財・サービス,growth,Improving,2.0,-1.0,0.0
2026-07-22,114.0199966430664,0.5360601705641383,0.539865986051759,98.5084184962196,100.000518228214,XLY,一般消費財・サービス,growth,Improving,1.0,-3.0,-3.0
2026-07-23,108.76000213623047,0.5132125475460113,0.5309815065498431,98.07734199628604,99.40765005650655,XLY,一般消費財・サービス,growth,Lagging,1.0,-1.0,1.0
2026-07-24,109.41000366210938,0.5122910516925488,0.524751354930745,97.83658003107163,99.1785711240505,XLY,一般消費財・サービス,growth,Lagging,1.0,-1.0,2.0
2026-07-27,110.83999633789062,0.5151036346808362,0.5215354481807755,97.77872332467904,99.18244503195997,XLY,一般消費財・サービス,growth,Lagging,1.0,-1.0,0.0
2026-07-28,112.4800033569336,0.5166980664957679,0.5199229876191063,97.80899779811577,99.24904637694323,XLY,一般消費財・サービス,growth,Lagging,1.0,-1.0,0.0
2026-07-29,111.61000061035156,0.517359675616514,0.5190685502849088,97.87384584187268,99.42501546002838,XLY,一般消費財・サービス,growth,Lagging,1.0,0.0,3.0
2026-07-30,112.38999938964844,0.5218218815195934,0.5199863273631371,98.01444234179327,100.16840835376493,XLY,一般消費財・サービス,growth,Improving,1.0,0.0,1.0
2026-07-31,116.08999633789062,0.5399283721864367,0.5266336756375704,98.40808333935074,100.97553032910682,XLY,一般消費財・サービス,growth,Improving,2.0,1.0,2.0
2026-08-03,118.20999908447266,0.5444705391375534,0.5325792968042313,98.74459841377988,101.44362063236204,XLY,一般消費財・サービス,growth,Improving,4.0,3.0,4.0
2026-08-04,118.29000091552734,0.5371202979174174,0.53409296384196,98.85537778604375,101.50363302016925,XLY,一般消費財・サービス,growth,Improving,5.0,4.0,5.0
2026-08-05,118.63999938964844,0.5399353829540858,0.5360404368793353,98.98440117341686,101.53863147914356,XLY,一般消費財・サービス,growth,Improving,7.0,6.0,6.0
2026-08-06,118.0999984741211,0.5403055974233324,0.5374621570606677,99.08461362108899,101.45583245570144,XLY,一般消費財・サービス,growth,Improving,6.0,5.0,5.0
2026-08-07,119.86000061035156,0.5445954046286496,0.539839906249995,99.23146349254007,101.15354638272254,XLY,一般消費財・サービス,growth,Improving,6.0,4.0,3.0
2026-08-10,119.66999816894531,0.5434111229933778,0.5410303118311226,99.3175983535809,100.86133625012883,XLY,一般消費財・サービス,growth,Improving,6.0,2.0,-1.0
2026-08-11,119.23999786376953,0.5403053901158393,0.5407886712593615,99.32891243465396,100.74914341808656,XLY,一般消費財・サービス,growth,Improving,6.0,1.0,-3.0
2026-08-12,117.88999938964844,0.5332458766656689,0.5382744063947973,99.21724288324738,100.46252276800388,XLY,一般消費財・サービス,growth,Improving,5.0,-2.0,-8.0
2026-08-13,118.44999694824219,0.531809811073402,0.5361195412876656,99.1223480716682,100.23077913124351,XLY,一般消費財・サービス,growth,Improving,6.0,0.0,-5.0
2026-08-14,118.19999694824219,0.530592066621665,0.5342770497323321,99.04239622767416,99.95549781510434,XLY,一般消費財・サービス,growth,Lagging,5.0,-1.0,-5.0
2026-08-17,116.75,0.52878302255618,0.5324457073402815,98.96196458968589,99.7470903241376,XLY,一般消費財・サービス,growth,Lagging,5.0,-1.0,-3.0
2026-08-18,116.36000061035156,0.5294144600062329,0.5314352915622653,98.92968089891278,99.68105910992031,XLY,一般消費財・サービス,growth,Lagging,5.0,-1.0,-2.0
2026-08-19,118.58999633789062,0.5340207701472764,0.5322971177572691,99.00886364932998,99.89816001801205,XLY,一般消費財・サービス,growth,Lagging,6.0,1.0,3.0
2026-08-20,116.68000030517578,0.5296894904293145,0.5314279086479509,98.98198387516149,99.964891843456,XLY,一般消費財・サービス,growth,Lagging,6.0,0.0,0.0
2026-08-21,118.0199966430664,0.5324130356743979,0.5317562843234332,99.02584952569471,100.10563452762312,XLY,一般消費財・サービス,growth,Improving,5.0,0.0,1.0
2026-08-24,118.30000305175781,0.5330509933579953,0.5321878540016206,99.07534018465037,100.25688659883033,XLY,一般消費財・サービス,growth,Improving,6.0,1.0,2.0
2026-08-25,117.94999694824219,0.531857305658577,0.5320776712206061,99.08922762537917,100.30572678650552,XLY,一般消費財・サービス,growth,Improving,6.0,1.0,2.0
2026-08-26,117.16000366210938,0.5274863956605161,0.5305472460339095,99.0001187896423,100.10116091081102,XLY,一般消費財・サービス,growth,Improving,6.0,0.0,-1.0
2026-08-27,115.87999725341797,0.5232783872221127,0.5281242930966439,98.83233959366396,99.93628550234672,XLY,一般消費財・サービス,growth,Lagging,5.0,-1.0,-1.0
2026-08-28,117.20999908447266,0.5311069726214362,0.529118519604908,98.90448529058825,99.98235250181331,XLY,一般消費財・サービス,growth,Lagging,5.0,0.0,0.0
2026-08-31,116.58999633789062,0.5314280352898881,0.5298883581665681,98.9713468657695,99.9998170307046,XLY,一般消費財・サービス,growth,Lagging,5.0,-1.0,-2.0
2026-09-01,114.58999633789062,0.5266326497838917,0.5288031220390093,98.89455235846832,99.8650973477617,XLY,一般消費財・サービス,growth,Lagging,4.0,-2.0,-3.0
2026-09-02,114.86000061035156,0.5254345718360176,0.5276802719713454,98.81727792824228,99.83634721113195,XLY,一般消費財・サービス,growth,Lagging,4.0,-2.0,-2.0
2026-09-03,116.45999908447266,0.5292433422828909,0.5282012954085272,98.88661847133363,100.11676733838732,XLY,一般消費財・サービス,growth,Improving,4.0,-1.0,0.0
2026-09-04,114.91000366210938,0.5247032130689926,0.5270352679620157,98.80983594802792,99.79187227857544,XLY,一般消費財・サービス,growth,Lagging,4.0,-1.0,-1.0
2026-09-08,113.98999786376953,0.5259539524333837,0.5266748294524718,98.80649576659494,99.56033022164554,XLY,一般消費財・サービス,growth,Lagging,4.0,-1.0,0.0
2026-09-09,112.45999908447266,0.5239470713951946,0.5257655767667128,98.75391103921756,99.54304582216207,XLY,一般消費財・サービス,growth,Lagging,3.0,-1.0,1.0
2026-09-10,111.95999908447266,0.5252146176580632,0.5255819237304963,98.77162793702875,99.71246102115181,XLY,一般消費財・サービス,growth,Lagging,3.0,-1.0,1.0
2026-09-11,112.95999908447266,0.5257132296338799,0.5256256923649575,98.8087341564107,99.62698233709261,XLY,一般消費財・サービス,growth,Lagging,3.0,-1.0,0.0
2026-09-14,112.8499984741211,0.5248593151818959,0.525370233303937,98.81753055710618,99.82180666122439,XLY,一般消費財・サービス,growth,Lagging,3.0,-1.0,0.0
2026-09-15,110.87999725341797,0.5182276770148915,0.5229893812075885,98.62171070767053,99.39847554684297,XLY,一般消費財・サービス,growth,Lagging,2.0,-2.0,-1.0
2026-09-16,110.18000030517578,0.5190314722948894,0.5216700782366889,98.52592459256064,99.32349958836443,XLY,一般消費財・サービス,growth,Lagging,2.0,-1.0,0.0
2026-09-17,111.38999938964844,0.5221977434932505,0.5218459666555428,98.57654229162657,99.42206174780802,XLY,一般消費財・サービス,growth,Lagging,2.0,-1.0,0.0
2024-09-18,85.67250061035156,0.5023838621071508,0.5023838621071508,,,XLC,通信サービス,growth,,,,
2024-09-19,86.83485412597656,0.5038245827725872,0.502864102328963,,,XLC,通信サービス,growth,,,,
2024-09-20,86.83485412597656,0.5056702546083203,0.503799486422082,,,XLC,通信サービス,growth,,,,
2024-09-23,87.02982330322266,0.5042237547272194,0.5039409091904612,,,XLC,通信サービス,growth,,,,
2024-09-24,87.44131469726562,0.5058674063445706,0.5045830749084976,,,XLC,通信サービス,growth,,,,
2024-09-25,87.16699981689453,0.5074177936446295,0.5055279811538749,,,XLC,通信サービス,growth,,,,
2024-09-26,87.6568603515625,0.5060335864699254,0.5056965162592251,,,XLC,通信サービス,growth,,,,
2024-09-27,88.1859130859375,0.507266886267053,0.5062199729285011,,,XLC,通信サービス,growth,,,,
2024-09-30,88.5680160522461,0.5088107084244189,0.5070835514271403,,,XLC,通信サービス,growth,,,,
2024-10-01,88.6365966796875,0.5119192503855993,0.5086954510799601,,,XLC,通信サービス,growth,,,,
2024-10-02,88.36225891113281,0.5108794507575841,0.5094234509725014,,,XLC,通信サービス,growth,,,,
2024-10-03,88.05854797363281,0.5115372332037812,0.5101280450495947,,,XLC,通信サービス,growth,,,,
2024-10-04,89.03829193115234,0.5132024977227747,0.5111528626073214,,,XLC,通信サービス,growth,,,,
2024-10-07,87.843017578125,0.5102852045850219,0.510863643266555,,,XLC,通信サービス,growth,,,,
2024-10-08,88.61698913574219,0.5135638586209196,0.5117637150513432,,,XLC,通信サービス,growth,,,,
2024-10-09,88.6463851928711,0.5102292115916252,0.5112522138981039,,,XLC,通信サービス,growth,,,,
2024-10-10,87.9899673461914,0.5083557434661662,0.5102867237541246,,,XLC,通信サービス,growth,,,,
2024-10-11,88.59740447998047,0.5068859274349701,0.5091531249810731,,,XLC,通信サービス,growth,,,,
2024-10-14,89.00889587402344,0.5055308840080794,0.5079457113234086,,,XLC,通信サービス,growth,,,,
2024-10-15,89.20484161376953,0.5089467228242701,0.5082793818236958,,,XLC,通信サービス,growth,,,,
2024-10-16,89.14605712890625,0.5051948211416379,0.5072511949296765,,,XLC,通信サービス,growth,,,,
2024-10-17,88.72476196289062,0.5036113999572837,0.5060379299388789,,,XLC,通信サービス,growth,,,,
2024-10-18,89.3812026977539,0.5058311428354312,0.5059690009043963,,,XLC,通信サービス,growth,,,,
2024-10-21,89.02848815917969,0.5081658280515621,0.5067012766201182,,,XLC,通信サービス,growth,,,,
2024-10-22,89.1558609008789,0.5111891889196295,0.508197247386622,,,XLC,通信サービス,growth,,,,
2024-10-23,88.47982788085938,0.5089859244041949,0.5084601397258129,,,XLC,通信サービス,growth,,,,
2024-10-24,88.78355407714844,0.5106189258617264,0.5091797351044508,,,XLC,通信サービス,growth,,,,
2024-10-25,89.00889587402344,0.5143580214212125,0.5109058305433714,,,XLC,通信サービス,growth,,,,
2024-10-28,89.5771255493164,0.5147229114535918,0.5121781908467782,,,XLC,通信サービス,growth,,,,
2024-10-29,90.41971588134766,0.5211356088744238,0.5151639968559935,,,XLC,通信サービス,growth,,,,
2024-10-30,90.9683609008789,0.525445172189713,0.5185910553005667,,,XLC,通信サービス,growth,,,,
2024-10-31,90.17477416992188,0.526475048333981,0.5212190529783716,,,XLC,通信サービス,growth,,,,
2024-11-01,90.5274887084961,0.5282047513066654,0.5235476190878029,,,XLC,通信サービス,growth,,,,
2024-11-04,90.2237548828125,0.5258066033595791,0.5243006138450617,,,XLC,通信サービス,growth,,,,
2024-11-05,91.22308349609375,0.525500975030688,0.5247007342402705,,,XLC,通信サービス,growth,,,,
2024-11-06,93.46668243408203,0.5259731232543219,0.525124863911621,,,XLC,通信サービス,growth,,,,
2024-11-07,94.69135284423828,0.532340882151251,0.527530203324831,,,XLC,通信サービス,growth,,,,
2024-11-08,94.23088073730469,0.5268170601811213,0.5272924889435945,,,XLC,通信サービス,growth,,,,
2024-11-11,94.75993347167969,0.5271405548679073,0.5272418442516988,,,XLC,通信サービス,growth,,,,
2024-11-12,95.1910171508789,0.533605229340032,0.5293629726144766,,,XLC,通信サービス,growth,,,,
2024-11-13,95.2302017211914,0.5335342284377295,0.5307533912222276,,,XLC,通信サービス,growth,,,,
2024-11-14,95.1224365234375,0.5372293178858553,0.5329120334434368,,,XLC,通信サービス,growth,,,,
2024-11-15,93.22174072265625,0.530277260731501,0.5320337758727915,,,XLC,通信サービス,growth,,,,
2024-11-18,94.14268493652344,0.5333641378040447,0.5324772298498759,,,XLC,通信サービス,growth,,,,
2024-11-19,94.75993347167969,0.538313038416017,0.534422499371923,,,XLC,通信サービス,growth,,,,
2024-11-20,95.36737060546875,0.5399459621735214,0.5362636536391225,,,XLC,通信サービス,growth,,,,
2024-11-21,95.1224365234375,0.531859379689751,0.5347955623226655,,,XLC,通信サービス,growth,,,,
2024-11-22,94.91668701171875,0.5265611850170392,0.5320507698874568,,,XLC,通信サービス,growth,,,,
2024-11-25,95.40654754638672,0.5245290003916835,0.5295435133888657,,,XLC,通信サービス,growth,,,,
2024-11-26,95.75926971435547,0.5264120344138054,0.5284996870638456,,,XLC,通信サービス,growth,,,,
2024-11-27,95.88663482666016,0.5276193368480939,0.5282062369919285,,,XLC,通信サービス,growth,,,,
2024-11-29,96.4058837890625,0.5288649911220443,0.5284258217019671,,,XLC,通信サービス,growth,,,,
2024-12-02,97.1994857788086,0.5345577096527206,0.5304697843522184,,,XLC,通信サービス,growth,,,,
2024-12-03,97.98326873779297,0.5412685991155013,0.5340693892733127,,,XLC,通信サービス,growth,,,,
2024-12-04,98.20860290527344,0.542484283740177,0.5368743540956009,,,XLC,通信サービス,growth,,,,
2024-12-05,97.98326873779297,0.5439545643370045,0.5392344241760688,,,XLC,通信サービス,growth,,,,
2024-12-06,98.88460540771484,0.5495808201638489,0.5426832228386622,,,XLC,通信サービス,growth,,,,
2024-12-09,96.77819061279297,0.5400902180523643,0.5418188879098963,,,XLC,通信サービス,growth,,,,
2024-12-10,98.29678344726562,0.5519468401920802,0.5451948720039577,,,XLC,通信サービス,growth,,,,
2024-12-11,99.90354919433594,0.5604492408021162,0.5502796616033439,,,XLC,通信サービス,growth,,,,
2024-12-12,100.0896987915039,0.5635514485196921,0.55470359057546,,,XLC,通信サービス,growth,,,,
2024-12-13,98.89441680908203,0.5587777842631303,0.5560616551380169,,,XLC,通信サービス,growth,,,,
2024-12-16,99.2765121459961,0.5627904806176713,0.5583045969645684,102.44946873853284,,XLC,通信サービス,growth,,9.0,,
2024-12-17,98.53190612792969,0.5630036769600565,0.5598709569630644,102.40459066738538,,XLC,通信サービス,growth,,9.0,,
2024-12-18,95.7200698852539,0.5636142427203805,0.5611187188821698,102.3444375279754,,XLC,通信サービス,growth,,9.0,,
2024-12-19,95.45555114746094,0.5639279390279663,0.5620551255974353,102.27171099921506,,XLC,通信サービス,growth,,9.0,,
2024-12-20,95.97480773925781,0.5591642573259457,0.5610915028402721,102.10534925029634,,XLC,通信サービス,growth,,9.0,,
2024-12-23,96.49934387207031,0.5614549149691812,0.5612126402165751,102.01448817835792,,XLC,通信サービス,growth,,9.0,0.0,
2024-12-24,97.41285705566406,0.562525745884998,0.5616503421060495,101.94817612849224,,XLC,通信サービス,growth,,9.0,0.0,
2024-12-26,97.2851791381836,0.5608726809074099,0.561391121706503,101.85214987479617,,XLC,通信サービス,growth,,9.0,0.0,
2024-12-27,96.4207534790039,0.5596958985533715,0.5608260473221258,101.74871497991488,,XLC,通信サービス,growth,,9.0,0.0,
2024-12-30,95.40901184082031,0.5594589767812076,0.5603703571418197,101.65861342770533,,XLC,通信サービス,growth,,9.0,0.0,
2024-12-31,95.09468841552734,0.5565977113863202,0.5591128085566532,101.5335690220704,,XLC,通信サービス,growth,,9.0,0.0,0.0
2025-01-02,95.55635833740234,0.5609323826547558,0.5597193332560207,101.51029393242437,,XLC,通信サービス,growth,,10.0,1.0,1.0
2025-01-03,96.14571380615234,0.5592704566903945,0.5595697077341454,101.45031833801347,,XLC,通信サービス,growth,,10.0,1.0,1.0
2025-01-06,97.18695068359375,0.5657123585873205,0.5616172580185371,101.50259703995759,,XLC,通信サービス,growth,,10.0,1.0,1.0
2025-01-07,96.10643768310547,0.5613023014491266,0.5615122724954003,101.44567233597043,,XLC,通信サービス,growth,,10.0,1.0,1.0
2025-01-08,95.53671264648438,0.5573083470203098,0.5601109640037034,101.3278779692508,,XLC,通信サービス,growth,,10.0,1.0,1.0
2025-01-10,94.11238861083984,0.5571435423736254,0.5591218234603441,101.23651378849279,,XLC,通信サービス,growth,,10.0,0.0,-1.0
2025-01-13,94.15170288085938,0.5528449763023918,0.55702954107436,101.09438177756765,,XLC,通信サービス,growth,,11.0,1.0,0.0
2025-01-14,93.83736419677734,0.5465870249380129,0.5535487023622443,100.88596644668515,,XLC,通信サービス,growth,,9.0,-1.0,-2.0
2025-01-15,95.37954711914062,0.5502883364695784,0.5524619137313557,100.8029067043937,,XLC,通信サービス,growth,,8.0,-2.0,-3.0
2025-01-16,94.83928680419922,0.5428958837780857,0.5492732370802658,100.60953560736881,,XLC,通信サービス,growth,,8.0,-2.0,-3.0
2025-01-17,95.6644058227539,0.544972945467088,0.5478398065425398,100.50804276374122,,XLC,通信サービス,growth,,8.0,-2.0,-2.0
2025-01-21,96.52880096435547,0.5435868451896075,0.5464221527582291,100.40502882137075,,XLC,通信サービス,growth,,7.0,-4.0,-5.0
2025-01-22,97.49144744873047,0.5509438574782322,0.5479293876648968,100.4653873879133,,XLC,通信サービス,growth,,7.0,-2.0,-1.0
2025-01-23,97.74684143066406,0.5497819302770788,0.5485469018689575,100.47656809106975,,XLC,通信サービス,growth,,6.0,-2.0,0.0
2025-01-24,98.63089752197266,0.5552416464746281,0.5507784834041811,100.58631739011258,,XLC,通信サービス,growth,,7.0,-1.0,1.0
2025-01-27,99.14167785644531,0.5577496555349066,0.5531022074477563,100.70696129428534,,XLC,通信サービス,growth,,9.0,1.0,3.0
2025-01-28,99.62299346923828,0.5632379355838089,0.5564807834931071,100.90045261348814,,XLC,通信サービス,growth,,9.0,2.0,6.0
2025-01-29,100.06503295898438,0.5676143983900808,0.5601919884587651,101.12122418372323,,XLC,通信サービス,growth,,10.0,3.0,5.0
2025-01-30,100.16325378417969,0.5621708776034867,0.5608516181736722,101.14387936198032,,XLC,通信サービス,growth,,10.0,4.0,6.0
2025-01-31,100.56598663330078,0.569102607399059,0.5636019479154679,101.30641865226139,,XLC,通信サービス,growth,,10.0,3.0,4.0
2025-02-03,100.7820816040039,0.5734580324529698,0.5668873094279685,101.49926932330949,,XLC,通信サービス,growth,,10.0,1.0,0.0
2025-02-04,101.685791015625,0.5778948006481988,0.5705564731680453,101.70662665703506,,XLC,通信サービス,growth,,10.0,1.0,-1.0
2025-02-05,100.70350646972656,0.5695352013944917,0.5702160492435274,101.63011828057034,,XLC,通信サービス,growth,,10.0,0.0,-3.0
2025-02-06,101.1357192993164,0.5727375501877547,0.5710565495582699,101.63725470506665,,XLC,通信サービス,growth,,10.0,0.0,-4.0
2025-02-07,100.91960906982422,0.574336068011645,0.5721497223760617,101.66161622671765,,XLC,通信サービス,growth,,9.0,-1.0,-4.0
2025-02-10,101.37146759033203,0.5752796827782397,0.573193042510121,101.68189321646915,,XLC,通信サービス,growth,,10.0,0.0,-1.0
2025-02-11,101.53845977783203,0.5761635961259063,0.5741832270487162,101.69387078088899,,XLC,通信サービス,growth,,10.0,0.0,-1.0
2025-02-12,101.6465072631836,0.5801468031903998,0.5761710857626108,101.7727812983629,,XLC,通信サービス,growth,,10.0,0.0,0.0
2025-02-13,102.8154067993164,0.5817679186415484,0.5780366967222568,101.83918019209652,,XLC,通信サービス,growth,,10.0,0.0,0.0
2025-02-14,103.44407653808594,0.5859070707070707,0.5806601547171948,101.94516325242977,,XLC,通信サービス,growth,,10.0,1.0,2.0
2025-02-18,102.96275329589844,0.5787382675590477,0.5800195256644791,101.8301609097213,,XLC,通信サービス,growth,,10.0,0.0,0.0
2025-02-19,103.08064270019531,0.5782284254153033,0.5794224922480872,101.72392192135031,,XLC,通信サービス,growth,,10.0,0.0,0.0
2025-02-20,102.59930419921875,0.5769799687549716,0.578608317750382,101.61354549313215,,XLC,通信サービス,growth,,11.0,1.0,1.0
2025-02-21,101.19464874267578,0.5771823800560412,0.5781330051856017,101.53180050451196,,XLC,通信サービス,growth,,10.0,0.0,0.0
2025-02-24,101.39110565185547,0.5778209431550388,0.5780289845087474,101.47658327775828,,XLC,通信サービス,growth,,8.0,-2.0,-3.0
2025-02-25,99.88822937011719,0.5686874028174819,0.5749151239449923,101.2261055988392,,XLC,通信サービス,growth,,8.0,-2.0,-2.0
2025-02-26,99.71141815185547,0.5688807356541179,0.5729036611813676,101.05752994927956,,XLC,通信サービス,growth,,6.0,-4.0,-4.0
2025-02-27,98.74876403808594,0.5683521859027277,0.5713865027551543,100.92702093797337,,XLC,通信サービス,growth,,6.0,-5.0,-6.0
2025-02-28,100.1927261352539,0.5703259968324828,0.5710330007809306,100.88025820808866,,XLC,通信サービス,growth,,6.0,-4.0,-4.0
2025-03-03,99.19080352783203,0.5707041478222736,0.5709233831280449,100.85324745255461,,XLC,通信サービス,growth,,6.0,-2.0,0.0
2025-03-04,98.40496063232422,0.5754802898948271,0.5724423520503057,100.95228210027896,,XLC,通信サービス,growth,,6.0,-2.0,0.0
2025-03-05,99.67210388183594,0.5775231661807049,0.5741359567604388,101.07449273710463,,XLC,通信サービス,growth,,6.0,0.0,4.0
2025-03-06,97.88436126708984,0.5735149087782266,0.5739289407663681,101.04706904450192,,XLC,通信サービス,growth,,6.0,0.0,5.0
2025-03-07,98.51301574707031,0.5718409043522501,0.5732329286283289,100.97264652046512,,XLC,通信サービス,growth,,6.0,0.0,4.0
2025-03-10,96.05731201171875,0.56555637778325,0.570674078346636,100.7250886376722,,XLC,通信サービス,growth,,6.0,0.0,2.0
2025-03-11,94.64282989501953,0.5647495298771248,0.5686992288567989,100.5183774930419,,XLC,通信サービス,growth,,5.0,-1.0,1.0
2025-03-12,95.11432647705078,0.5702504224449911,0.5692162933861964,100.54425406069956,,XLC,通信サービス,growth,,5.0,-1.0,-1.0
2025-03-13,93.15959167480469,0.5639372981289122,0.567456628300435,100.34220884080392,,XLC,通信サービス,growth,,5.0,-1.0,-1.0
2025-03-14,94.86875915527344,0.5635404331071402,0.5661512299026701,100.17853010427926,,XLC,通信サービス,growth,,5.0,-1.0,-1.0
2025-03-17,95.54652404785156,0.5600092259626602,0.5641038952560001,99.93528853007254,,XLC,通信サービス,growth,,3.0,-3.0,-3.0
2025-03-18,94.21064758300781,0.5550659545426226,0.561091248351541,99.59296532074056,,XLC,通信サービス,growth,,3.0,-2.0,-1.0
2025-03-19,95.33042907714844,0.5575320176598322,0.5599048381209715,99.45325542605599,,XLC,通信サービス,growth,,3.0,-2.0,-1.0
2025-03-20,95.1241455078125,0.5586510195603167,0.5594868986007533,99.40425202502274,,XLC,通信サービス,growth,,3.0,-2.0,-1.0
2025-03-21,95.87068939208984,0.5656263540345267,0.5615333837453444,99.6269038738999,,XLC,通信サービス,growth,,3.0,-2.0,-1.0
2025-03-24,97.22827911376953,0.5648823950766568,0.5626497208557819,99.74747716720502,,XLC,通信サービス,growth,,3.0,0.0,3.0
2025-03-25,98.45976257324219,0.5734079623587054,0.5662358013567564,100.13729176210715,,XLC,通信サービス,growth,,3.0,0.0,2.0
2025-03-26,97.62234497070312,0.5696035028536808,0.567358368522398,100.25090653507124,102.02534412822921,XLC,通信サービス,growth,Leading,3.0,0.0,2.0
2025-03-27,97.18887329101562,0.5685366917389071,0.567751142927901,100.28320408015072,102.07522120898702,XLC,通信サービス,growth,Leading,3.0,0.0,2.0
2025-03-28,94.32196044921875,0.5604052516041602,0.5653025124866541,100.00495444045583,101.05678780475472,XLC,通信サービス,growth,Leading,3.0,0.0,2.0
2025-03-31,95.02145385742188,0.5599008109460408,0.5635019453064497,99.80085890580683,100.40638921685891,XLC,通信サービス,growth,Improving,3.0,0.0,0.0
2025-04-01,95.08057403564453,0.5596676214810604,0.5622238373646533,99.65579468451399,99.35738089967862,XLC,通信サービス,growth,Lagging,3.0,0.0,0.0
2025-04-02,95.41552734375,0.5569819278766465,0.5604765342019844,99.46089999972466,98.77551143658391,XLC,通信サービス,growth,Lagging,3.0,0.0,0.0
2025-04-03,91.15951538085938,0.5587558126277881,0.559902960343919,99.39504282625049,98.6153594123765,XLC,通信サービス,growth,Lagging,3.0,0.0,0.0
2025-04-04,85.93801879882812,0.5580853112277921,0.55929707730521,99.32855591337716,99.03363622199763,XLC,通信サービス,growth,Lagging,4.0,1.0,1.0
2025-04-07,86.05624389648438,0.5635499020744235,0.5607146855616145,99.48392225913763,99.71573585973393,XLC,通信サービス,growth,Lagging,4.0,1.0,1.0
2025-04-08,84.85430145263672,0.566361525300807,0.5625969654746787,99.69203966258479,100.38041484767295,XLC,通信サービス,growth,Improving,4.0,1.0,1.0
2025-04-09,92.3515853881836,0.5707580264996565,0.5653173191496713,99.98904493178807,101.27788452152022,XLC,通信サービス,growth,Improving,6.0,3.0,3.0
2025-04-10,89.15958404541016,0.570226912380821,0.5669538502267213,100.16034532291299,101.65632624023236,XLC,通信サービス,growth,Leading,5.0,2.0,2.0
2025-04-11,89.91816711425781,0.5664888465313827,0.5667988489949418,100.12983187423852,101.65360528598963,XLC,通信サービス,growth,Leading,5.0,1.0,0.0
2025-04-14,90.5191421508789,0.5630809778457563,0.56555955861188,99.97485551738667,101.0635140753541,XLC,通信サービス,growth,Improving,4.0,0.0,-1.0
2025-04-15,90.7457275390625,0.5663196694819915,0.5658129289019173,99.98121746781833,100.68033115020552,XLC,通信サービス,growth,Improving,4.0,0.0,-1.0
2025-04-16,88.3024673461914,0.5582393005164229,0.5632883861067525,99.6638539385697,99.57012515287532,XLC,通信サービス,growth,Lagging,4.0,-2.0,-5.0
2025-04-17,88.8738784790039,0.5577067663773334,0.5614278461969462,99.40460040037426,98.79792224702354,XLC,通信サービス,growth,Lagging,4.0,-1.0,-3.0
2025-04-21,86.87393951416016,0.5563409259693558,0.5597322061210828,99.14519442863471,98.41005765690869,XLC,通信サービス,growth,Lagging,3.0,-2.0,-3.0
2025-04-22,89.13987731933594,0.5571153604254541,0.5588599242225398,98.963608757255,98.39168572610073,XLC,通信サービス,growth,Lagging,3.0,-1.0,-1.0
2025-04-23,90.56840515136719,0.5606199651093708,0.5594466045181502,98.97235010165743,98.4400961242923,XLC,通信サービス,growth,Lagging,2.0,-2.0,-2.0
2025-04-24,92.38115692138672,0.5623268007244694,0.5604066699202566,99.0336779045352,99.10709388531214,XLC,通信サービス,growth,Lagging,2.0,-2.0,0.0
2025-04-25,92.96240997314453,0.5666758781340537,0.5624964059915223,99.27791975620393,99.97458194348297,XLC,通信サービス,growth,Lagging,3.0,-1.0,0.0
2025-04-28,93.31708526611328,0.5672457543954941,0.5640795221261796,99.47137977519951,100.74728672619054,XLC,通信サービス,growth,Improving,4.0,1.0,3.0
2025-04-29,93.99686431884766,0.5680627325958137,0.565407258949391,99.64870132527724,101.34877293866059,XLC,通信サービス,growth,Improving,4.0,1.0,2.0
2025-04-30,94.02640533447266,0.567434862690129,0.5660831268629704,99.7391244923136,101.47862879053146,XLC,通信サービス,growth,Improving,4.0,2.0,4.0
2025-05-01,94.50916290283203,0.5711249046780816,0.5677637194680075,99.9935685172097,101.7763080963199,XLC,通信サービス,growth,Improving,5.0,3.0,5.0
2025-05-02,95.97708129882812,0.5699403986585553,0.5684892791981901,100.10000625529274,101.5365787224807,XLC,通信サービス,growth,Leading,6.0,3.0,4.0
2025-05-05,96.20368957519531,0.5731868099499217,0.5700551227821007,100.34873787983892,101.62078407729362,XLC,通信サービス,growth,Leading,6.0,2.0,1.0
2025-05-06,96.18397521972656,0.5773492529417411,0.5724864995019809,100.74064908150257,101.94432349832474,XLC,通信サービス,growth,Leading,7.0,3.0,2.0
2025-05-07,96.00663757324219,0.5725140453540527,0.5724956814526716,100.73379286962785,101.741418508059,XLC,通信サービス,growth,Leading,7.0,3.0,1.0
2025-05-08,96.23323822021484,0.5690778981098567,0.5713564203384,100.54693385781869,101.02667915516466,XLC,通信サービス,growth,Leading,7.0,2.0,-1.0
2025-05-09,95.74064636230469,0.5662961131137509,0.569669651263517,100.27916116392535,100.4297750192115,XLC,通信サービス,growth,Leading,6.0,0.0,-3.0
2025-05-12,97.73072052001953,0.5626455834176951,0.5673282953149097,99.910857682158,99.45009882373473,XLC,通信サービス,growth,Lagging,6.0,0.0,-2.0
2025-05-13,98.68635559082031,0.566868425091389,0.5671750052404028,99.90308457012272,98.83944599346606,XLC,通信サービス,growth,Lagging,6.0,-1.0,-4.0
2025-05-14,99.19866180419922,0.5732629654218675,0.569204325300891,100.26243968272007,99.43985392950061,XLC,通信サービス,growth,Weakening,7.0,0.0,-3.0
2025-05-15,99.59273529052734,0.5703415070891278,0.56958338589697,100.35774393832364,99.89906948288882,XLC,通信サービス,growth,Weakening,7.0,0.0,-2.0
2025-05-16,100.27250671386719,0.5686513036833241,0.5692726918257547,100.35008829016354,100.32058368420576,XLC,通信サービス,growth,Leading,7.0,1.0,1.0
2025-05-19,100.37102508544922,0.5692732585687414,0.5692728807400836,100.39790235467206,100.97204681251345,XLC,通信サービス,growth,Leading,7.0,1.0,1.0
2025-05-20,100.1247329711914,0.56936327258557,0.5693030113552457,100.45345213738138,101.05053700451728,XLC,通信サービス,growth,Leading,8.0,2.0,3.0
2025-05-21,99.3759994506836,0.5776892326027669,0.5720984184377529,101.06172965181494,101.39633746456082,XLC,通信サービス,growth,Leading,8.0,1.0,1.0
2025-05-22,99.15925598144531,0.5782735407393802,0.5741567925382953,101.53344116756436,101.88790147026054,XLC,通信サービス,growth,Leading,8.0,1.0,1.0
2025-05-23,98.70606994628906,0.5779419683384556,0.5754185178050154,101.84038925820384,102.2255885466428,XLC,通信サービス,growth,Leading,10.0,3.0,2.0
2025-05-27,100.3119125366211,0.5765951473343036,0.5758107276481115,101.91032247606363,102.13623113178653,XLC,通信サービス,growth,Leading,10.0,3.0,2.0
2025-05-28,100.29222106933594,0.581425935445211,0.577682463580478,102.22705242525409,102.35066951484514,XLC,通信サービス,growth,Leading,10.0,2.0,0.0
2025-05-29,99.48436737060547,0.5753375089479978,0.5769008120363179,101.99407987250325,101.17959048353009,XLC,通信サービス,growth,Leading,10.0,2.0,1.0
2025-05-30,99.89813995361328,0.5779596385834661,0.5772537542187007,101.98861689531734,100.51921438568411,XLC,通信サービス,growth,Leading,10.0,2.0,1.0
2025-06-02,100.39073944091797,0.5803490346653889,0.5782855143675968,102.09744184666937,100.23508818939904,XLC,通信サービス,growth,Leading,11.0,1.0,-2.0
2025-06-03,100.10503387451172,0.5739192938233602,0.5768301075195179,101.77624038697078,99.70128163559001,XLC,通信サービス,growth,Weakening,9.0,-1.0,-4.0
2025-06-04,100.74540710449219,0.5788913051064335,0.5775171733818232,101.86410141652323,99.40044557110254,XLC,通信サービス,growth,Weakening,9.0,-1.0,-3.0
2025-06-05,100.88333129882812,0.5812544177688377,0.5787629215108281,102.03063820021063,99.94312625415925,XLC,通信サービス,growth,Weakening,11.0,1.0,-1.0
2025-06-06,102.17391204833984,0.583649756950228,0.5803918666572947,102.22569544912174,100.21141900315033,XLC,通信サービス,growth,Leading,11.0,1.0,-1.0
2025-06-09,101.87836456298828,0.5818637643925583,0.580882499235716,102.19580117483396,100.01882515723472,XLC,通信サービス,growth,Leading,11.0,0.0,-1.0
2025-06-10,103.1689682006836,0.5863151621933778,0.58269338688827,102.3466501462416,100.6369755989683,XLC,通信サービス,growth,Leading,11.0,2.0,3.0
2025-06-11,102.9325180053711,0.5866371785002551,0.5840079840922651,102.39715142536672,100.56538751540735,XLC,通信サービス,growth,Leading,11.0,2.0,3.0
2025-06-12,102.09510803222656,0.5805032638263855,0.5828397440036386,102.10353744998372,99.92206549443897,XLC,通信サービス,growth,Weakening,11.0,0.0,-1.0
2025-06-13,101.0606689453125,0.5816523618436531,0.5824439499503101,101.9467193292298,99.42126400008036,XLC,通信サービス,growth,Weakening,11.0,0.0,-1.0
2025-06-16,102.79459381103516,0.585981978179809,0.5836232926934765,102.00643577476635,99.52684449702251,XLC,通信サービス,growth,Weakening,11.0,0.0,0.0
2025-06-17,101.88821411132812,0.5864483953910021,0.5845649935926517,102.03162155528835,99.32644413247458,XLC,通信サービス,growth,Weakening,11.0,0.0,-2.0
2025-06-18,101.93748474121094,0.5866657779620756,0.5852652550491264,102.02651918009634,99.21399517858879,XLC,通信サービス,growth,Weakening,11.0,0.0,-2.0
2025-06-20,101.31680297851562,0.5821418238502961,0.584224111316183,101.81591922701661,99.30773344657251,XLC,通信サービス,growth,Weakening,11.0,0.0,0.0
2025-06-23,102.59967803955078,0.5843539798675151,0.5842674008332938,101.74755711949585,99.42671078258829,XLC,通信サービス,growth,Weakening,11.0,0.0,0.0
2025-06-24,103.92304229736328,0.5863395641646489,0.5849581219437455,101.75836407757194,99.35559482838647,XLC,通信サービス,growth,Weakening,11.0,0.0,0.0
2025-06-25,103.90328979492188,0.5904884563311305,0.5868015667395405,101.89391603374781,99.53630161103908,XLC,通信サービス,growth,Weakening,11.0,0.0,0.0
2025-06-26,105.1081314086914,0.5928613496913506,0.588821494390144,102.02854319535767,99.76238773641984,XLC,通信サービス,growth,Weakening,11.0,0.0,0.0
2025-06-27,106.34260559082031,0.597635806615982,0.5917595984654234,102.23396424606157,100.40264109483518,XLC,通信サービス,growth,Leading,11.0,0.0,0.0
2025-06-30,107.18204498291016,0.599536206040972,0.5943518009906062,102.36746895691593,100.70090558920124,XLC,通信サービス,growth,Leading,11.0,0.0,0.0
2025-07-01,106.42161560058594,0.5883867459320903,0.5923634493044343,102.04616891024622,100.19296752089882,XLC,通信サービス,growth,Leading,11.0,0.0,0.0
2025-07-02,106.11546325683594,0.5853570485556138,0.5900279823881608,101.72974370590896,99.49898157212895,XLC,通信サービス,growth,Weakening,11.0,0.0,0.0
2025-07-03,106.6981430053711,0.5857424132766402,0.5885994593509873,101.52875155510964,98.97243771024033,XLC,通信サービス,growth,Weakening,11.0,0.0,0.0
2025-07-07,105.67105865478516,0.584777743776086,0.5873255541593536,101.3554508119219,98.39043214196944,XLC,通信サービス,growth,Weakening,10.0,-1.0,-1.0
2025-07-08,105.45378112792969,0.5821176084912287,0.5855895722699787,101.14425118489025,97.92222690655625,XLC,通信サービス,growth,Weakening,10.0,-1.0,-1.0
2025-07-09,105.73030853271484,0.5819062267481604,0.5843617904293726,100.98727522458915,98.22636629255926,XLC,通信サービス,growth,Weakening,9.0,-2.0,-2.0
2025-07-10,105.37477111816406,0.576609215940364,0.5817775989330365,100.69262246269786,98.32297797322174,XLC,通信サービス,growth,Weakening,8.0,-3.0,-3.0
2025-07-11,104.69334411621094,0.5771052044568391,0.5802201341076374,100.50709188434688,98.41012278275683,XLC,通信サービス,growth,Weakening,8.0,-3.0,-3.0
2025-07-14,105.7204360961914,0.5821670866658718,0.5808691182937156,100.55480241716354,98.76316728370033,XLC,通信サービス,growth,Weakening,8.0,-2.0,-1.0
2025-07-15,104.67359924316406,0.5845078709177833,0.5820820358350716,100.6606384016103,99.23275587983552,XLC,通信サービス,growth,Weakening,9.0,-1.0,0.0
2025-07-16,104.9896240234375,0.5839950588820236,0.5827197101840557,100.70393702080771,99.53076035409066,XLC,通信サービス,growth,Weakening,9.0,0.0,2.0
2025-07-17,105.35503387451172,0.5812884334289778,0.5822426179323631,100.62897595333888,99.84744510079473,XLC,通信サービス,growth,Weakening,9.0,1.0,4.0
2025-07-18,104.8711166381836,0.578838383953231,0.5811078732726525,100.48259875230913,99.89560213169787,XLC,通信サービス,growth,Weakening,8.0,0.0,3.0
2025-07-21,106.27347564697266,0.588592099064995,0.5836026152034334,100.73221786396519,100.16112400216191,XLC,通信サービス,growth,Leading,8.0,0.0,2.0
2025-07-22,106.52037048339844,0.5825329705303823,0.5832460669790831,100.66906154184842,99.89592556150313,XLC,通信サービス,growth,Weakening,8.0,-1.0,0.0
2025-07-23,107.10304260253906,0.5809069925457315,0.5824663755012993,100.5559114450511,99.64183401966324,XLC,通信サービス,growth,Weakening,7.0,-2.0,-2.0
2025-07-24,107.28080749511719,0.5837398178229922,0.582890856275197,100.58419576438084,99.7670303075019,XLC,通信サービス,growth,Weakening,9.0,0.0,-1.0
2025-07-25,106.28335571289062,0.5755399571157668,0.580440556555387,100.25019595121245,99.46919023838387,XLC,通信サービス,growth,Weakening,7.0,-1.0,-1.0
2025-07-28,105.71055603027344,0.5758430181357153,0.5789080437488298,100.01860777200096,98.76345325934543,XLC,通信サービス,growth,Weakening,8.0,0.0,0.0
2025-07-29,104.80198669433594,0.5711691236333668,0.5763284037103421,99.6344184926854,98.3484370551105,XLC,通信サービス,growth,Lagging,8.0,0.0,1.0
2025-07-30,105.12788391113281,0.5766861681001525,0.5764476585069456,99.61580499466493,98.5424898301668,XLC,通信サービス,growth,Lagging,6.0,-1.0,1.0
2025-07-31,106.07596588134766,0.5872422165298365,0.580045844514576,100.10067567604361,99.2346554915073,XLC,通信サービス,growth,Weakening,7.0,-2.0,-2.0
2025-08-01,104.80198669433594,0.5868042366285363,0.5822986418858962,100.40713754930267,100.1945197082626,XLC,通信サービス,growth,Leading,8.0,1.0,2.0
2025-08-04,106.81664276123047,0.5908599943313921,0.5851524260343949,100.81100076250988,101.1410677653986,XLC,通信サービス,growth,Leading,8.0,0.0,0.0
2025-08-05,105.98707580566406,0.5879026264366586,0.5860691595018162,100.92325614863564,101.84183979148513,XLC,通信サービス,growth,Leading,8.0,0.0,0.0
2025-08-06,106.3919906616211,0.5914719441050335,0.5878700877028886,101.16482857384399,102.16886737147757,XLC,通信サービス,growth,Leading,8.0,2.0,3.0
2025-08-07,105.93769836425781,0.5893008457042747,0.5883470070366841,101.2001830006849,101.51532546195754,XLC,通信サービス,growth,Leading,8.0,1.0,3.0
2025-08-08,106.29322814941406,0.5902127831552748,0.5889689324095477,101.25828442773557,101.14557183087926,XLC,通信サービス,growth,Leading,7.0,-1.0,-2.0
2025-08-11,106.83639526367188,0.5948534218835556,0.5909304289008837,101.52064777719238,100.92600659365763,XLC,通信サービス,growth,Leading,8.0,0.0,0.0
2025-08-12,108.88069152832031,0.5986291506084485,0.593496669470072,101.87748595683861,101.2297707116737,XLC,通信サービス,growth,Leading,9.0,1.0,1.0
2025-08-13,109.7300033569336,0.5948060731667999,0.5939331373689813,101.90627782731114,100.90278844972984,XLC,通信サービス,growth,Leading,10.0,2.0,0.0
2025-08-14,109.81889343261719,0.5991857603893351,0.5956840117090993,102.1159838561167,101.11223578460175,XLC,通信サービス,growth,Leading,10.0,2.0,1.0
2025-08-15,110.09541320800781,0.6021812087118484,0.597849744043349,102.36345556862123,101.33156738415362,XLC,通信サービス,growth,Leading,10.0,3.0,4.0
2025-08-18,109.42385864257812,0.5986368560421176,0.5981121147096052,102.31816014864879,100.88374620335802,XLC,通信サービス,growth,Leading,10.0,2.0,2.0
2025-08-19,108.81156158447266,0.5925130349844092,0.5962457548012066,101.9749439516074,99.92848152760253,XLC,通信サービス,growth,Weakening,10.0,1.0,0.0
2025-08-20,108.48564910888672,0.591276738982456,0.5945894161949564,101.68428913204995,99.50467186239217,XLC,通信サービス,growth,Weakening,10.0,0.0,-2.0
2025-08-21,108.36715698242188,0.5926964297174507,0.5939584207024546,101.54518269707276,99.05395085044967,XLC,通信サービス,growth,Weakening,10.0,0.0,-2.0
2025-08-22,109.92752075195312,0.5897447169082757,0.5925538527710617,101.28008789252074,98.4023065780638,XLC,通信サービス,growth,Weakening,10.0,0.0,-3.0
2025-08-25,110.10528564453125,0.5952533072217523,0.5934536709212919,101.38848217176388,98.64408227675753,XLC,通信サービス,growth,Weakening,10.0,0.0,-2.0
2025-08-26,109.62137603759766,0.5922277870677862,0.5930450429701234,101.28301345845722,98.99778942943954,XLC,通信サービス,growth,Weakening,10.0,0.0,-1.0
2025-08-27,109.80902099609375,0.5911053982844381,0.5923984947415617,101.13874190294933,99.22231066199815,XLC,通信サービス,growth,Weakening,10.0,0.0,0.0
2025-08-28,110.22380828857422,0.5936211607601438,0.5928060500810891,101.17287238895527,99.50764833305853,XLC,通信サービス,growth,Weakening,10.0,0.0,0.0
2025-08-29,110.00653076171875,0.5928907596915851,0.5928342866179211,101.1438407383818,99.88373539009268,XLC,通信サービス,growth,Weakening,10.0,0.0,0.0
2025-09-02,109.81889343261719,0.5965921647392544,0.5940869126583657,101.31620950315752,99.99042693671807,XLC,通信サービス,growth,Weakening,10.0,0.0,0.0
2025-09-03,111.6557846069336,0.6075126023518191,0.5985621425561836,102.00071611721476,101.17662428762661,XLC,通信サービス,growth,Leading,11.0,1.0,1.0
2025-09-04,112.66312408447266,0.6084991121596303,0.6018744657573325,102.42211015530748,101.94158633041623,XLC,通信サービス,growth,Leading,11.0,1.0,1.0
2025-09-05,113.26554107666016,0.611038521015841,0.604929150843502,102.71962022648124,102.20337768373267,XLC,通信サービス,growth,Leading,11.0,1.0,1.0
2025-09-08,113.39392852783203,0.6122185194799568,0.607358940388987,102.8528290065375,102.29693640940542,XLC,通信サービス,growth,Leading,11.0,1.0,1.0
2025-09-09,114.03585052490234,0.6175866314532255,0.6107681707437331,103.05123930444604,102.20389919652625,XLC,通信サービス,growth,Leading,11.0,1.0,1.0
2025-09-10,113.19641876220703,0.6136616650172076,0.6117326688348913,102.91027172758481,101.11206389531829,XLC,通信サービス,growth,Leading,11.0,0.0,-1.0
2025-09-11,114.93455505371094,0.613885388244447,0.61245024197141,102.76277467659644,100.37882644738434,XLC,通信サービス,growth,Leading,11.0,0.0,-1.0
2025-09-12,115.89249420166016,0.6234897769135266,0.6161300869521156,102.92596358295991,100.20141456840892,XLC,通信サービス,growth,Leading,11.0,0.0,-1.0
2025-09-15,117.52201080322266,0.6333625128182777,0.621874228907503,103.20669307001758,100.38017394999765,XLC,通信サービス,growth,Leading,11.0,0.0,-1.0
2025-09-16,117.0479736328125,0.6324843322997038,0.6254109300382367,103.20534094706717,100.11351902483588,XLC,通信サービス,growth,Leading,11.0,0.0,-1.0
2025-09-17,117.35411834716797,0.6335323683155705,0.6281180761306813,103.12121297557484,100.17690952814486,XLC,通信サービス,growth,Leading,11.0,0.0,0.0
2025-09-18,117.44300842285156,0.629897993572978,0.6287113819447803,102.89839360737047,100.06847096596273,XLC,通信サービス,growth,Leading,11.0,0.0,0.0
2025-09-19,117.92691802978516,0.6335964854533549,0.6303397497809718,102.78524853067724,99.7039836458566,XLC,通信サービス,growth,Weakening,11.0,0.0,0.0
2025-09-22,117.51565551757812,0.6310853824301509,0.6305882939973649,102.60156832002683,99.10966153381142,XLC,通信サービス,growth,Weakening,10.0,-1.0,-1.0
2025-09-23,117.34717559814453,0.6294124858892034,0.6301963579613111,102.40796503818352,98.88083145072866,XLC,通信サービス,growth,Weakening,10.0,-1.0,-1.0
2025-09-24,116.37596893310547,0.6256620594993008,0.628684925140641,102.17587994584453,98.72318503547814,XLC,通信サービス,growth,Weakening,10.0,-1.0,-1.0
2025-09-25,115.97956085205078,0.6287070193699857,0.6286922898837559,102.06235957560853,98.89058731795895,XLC,通信サービス,growth,Weakening,10.0,-1.0,-1.0
2025-09-26,117.10932159423828,0.6286031312720552,0.6286625703465224,101.95992573986784,98.93698827476148,XLC,通信サービス,growth,Weakening,9.0,-2.0,-2.0
2025-09-29,117.48591613769531,0.6285246958296048,0.6286166121742166,101.86829361185823,99.08119870056831,XLC,通信サービス,growth,Weakening,9.0,-1.0,0.0
2025-09-30,117.30753326416016,0.6259163079675694,0.6277165107720009,101.73797295065555,99.18279348861927,XLC,通信サービス,growth,Weakening,10.0,0.0,1.0
2025-10-01,115.66242980957031,0.6157427922245714,0.623725271256191,101.45224123678958,99.13233006552035,XLC,通信サービス,growth,Weakening,10.0,0.0,1.0
2025-10-02,115.4047622680664,0.6129204233182763,0.6201236552768862,101.2065994498395,98.98195923690456,XLC,通信サービス,growth,Weakening,8.0,-2.0,-1.0
2025-10-03,115.34530639648438,0.6104585689162434,0.6169019598233386,100.9933200237883,98.84977032967053,XLC,通信サービス,growth,Weakening,8.0,-1.0,1.0
2025-10-06,115.4642333984375,0.6112797158231732,0.6150278784899502,100.8605540841008,98.78825708330368,XLC,通信サービス,growth,Weakening,7.0,-2.0,-1.0
2025-10-07,115.01825714111328,0.6116057425004459,0.6138871664934488,100.7710977039108,98.83422350740577,XLC,通信サービス,growth,Weakening,8.0,-2.0,-2.0
2025-10-08,114.54257202148438,0.6070989046413899,0.6116244125427626,100.6207061108418,98.99272245319425,XLC,通信サービス,growth,Weakening,8.0,-2.0,-2.0
2025-10-09,113.88850402832031,0.6086680636620176,0.6106389629158476,100.54232412888064,99.18728743409696,XLC,通信サービス,growth,Weakening,8.0,0.0,2.0
2025-10-10,111.78752899169922,0.6112201639290785,0.6108326965869246,100.53087242228875,99.42990010543177,XLC,通信サービス,growth,Weakening,8.0,0.0,1.0
2025-10-13,112.81819152832031,0.610915340214179,0.6108602444626762,100.5103953396694,99.56777946672409,XLC,通信サービス,growth,Weakening,8.0,1.0,3.0
2025-10-14,113.56145477294922,0.6098828233196263,0.6105344374149929,100.46989801785178,99.62981039723465,XLC,通信サービス,growth,Weakening,8.0,0.0,2.0
2025-10-15,114.36418914794922,0.612957997701092,0.6113422908436926,100.49490717126103,99.85182458454145,XLC,通信サービス,growth,Weakening,8.0,0.0,2.0
2025-10-16,113.14522552490234,0.6122277269332344,0.6116374362068733,100.4895029174082,99.94422565625113,XLC,通信サービス,growth,Weakening,8.0,0.0,0.0
2025-10-17,113.90831756591797,0.6132423577548536,0.6121724100562,100.49916842491992,99.97496446890702,XLC,通信サービス,growth,Weakening,8.0,0.0,0.0
2025-10-20,115.19664764404297,0.6140382733269236,0.6127943644797746,100.51390424730012,100.01939275561293,XLC,通信サービス,growth,Leading,8.0,0.0,-1.0
2025-10-21,115.60296630859375,0.6133937301051913,0.6129941530215802,100.50291696664478,100.05293721011166,XLC,通信サービス,growth,Leading,8.0,0.0,0.0
2025-10-22,114.60203552246094,0.611029705304653,0.6123393371159378,100.43953195844979,99.94184442670495,XLC,通信サービス,growth,Weakening,8.0,0.0,0.0
2025-10-23,114.21553802490234,0.6060954817675712,0.6102580519998156,100.28492899231017,99.75338374434043,XLC,通信サービス,growth,Weakening,7.0,-1.0,-1.0
2025-10-24,114.51284790039062,0.6060210669187422,0.6088457236394579,100.16832786381616,99.5846102072189,XLC,通信サービス,growth,Weakening,6.0,-2.0,-2.0
2025-10-27,116.1083984375,0.6117462699442325,0.6098125724077161,100.20331488709613,99.59048571596142,XLC,通信サービス,growth,Weakening,7.0,-1.0,-1.0
2025-10-28,115.53359985351562,0.6139912557692364,0.6112054668615563,100.26959130738638,99.67143955667748,XLC,通信サービス,growth,Weakening,7.0,-1.0,-1.0
2025-10-29,115.24620056152344,0.6193908827177579,0.6139339388136236,100.43582310956025,99.95918505890043,XLC,通信サービス,growth,Weakening,6.0,-2.0,-2.0
2025-10-30,113.29388427734375,0.6115282960903288,0.6131320579058587,100.35223675532738,100.05346338103584,XLC,通信サービス,growth,Leading,6.0,-1.0,0.0
2025-10-31,113.77947998046875,0.6128095584672422,0.6130245580929865,100.31902620594474,100.17666261127647,XLC,通信サービス,growth,Leading,6.0,0.0,2.0
2025-11-03,112.5704345703125,0.6077853598142656,0.6112781586667462,100.15969907025244,99.94827675753655,XLC,通信サービス,growth,Weakening,5.0,-2.0,-1.0
2025-11-04,111.79743194580078,0.6076309186686312,0.6100624120007079,100.03830100564487,99.7243203328909,XLC,通信サービス,growth,Weakening,5.0,-2.0,-1.0
2025-11-05,112.4019546508789,0.6073616220067771,0.6091621486693977,99.93861040101416,99.37835950752785,XLC,通信サービス,growth,Lagging,5.0,-1.0,1.0
2025-11-06,111.39111328125,0.6061711794074142,0.6081651589154032,99.82803575655942,99.36440876147417,XLC,通信サービス,growth,Lagging,5.0,-1.0,0.0
2025-11-07,111.10372161865234,0.5995785662061299,0.6053029613456455,99.5602907575471,99.0587053900443,XLC,通信サービス,growth,Lagging,5.0,-1.0,-1.0
2025-11-10,112.26321411132812,0.6023672773428606,0.6043244000113839,99.4537646416451,99.16120815866361,XLC,通信サービス,growth,Lagging,5.0,0.0,2.0
2025-11-11,113.17495727539062,0.6037706636041679,0.6041398212089786,99.41516073325924,99.30687514846703,XLC,通信サービス,growth,Lagging,5.0,0.0,2.0
2025-11-12,112.52088928222656,0.5988609558589332,0.6023801994256301,99.24329158344061,99.22628372019976,XLC,通信サービス,growth,Lagging,4.0,-1.0,0.0
2025-11-13,110.92533874511719,0.5971195744268057,0.6006266577593554,99.07955223736425,99.1700348166114,XLC,通信サービス,growth,Lagging,4.0,-1.0,0.0
2025-11-14,110.33071899414062,0.5961061932311192,0.5991198362499435,98.94181945707429,99.39361271997255,XLC,通信サービス,growth,Lagging,3.0,-2.0,-1.0
2025-11-17,110.18206787109375,0.6032240766611445,0.6004879163870105,99.05163153438917,99.74267503061348,XLC,通信サービス,growth,Lagging,3.0,-2.0,-2.0
2025-11-18,110.80640411376953,0.6062814231875782,0.6024190853205331,99.20411162010556,100.0406367429146,XLC,通信サービス,growth,Improving,5.0,0.0,0.0
2025-11-19,110.19197845458984,0.604750287676589,0.6031961527725518,99.24980048530882,100.36629665294679,XLC,通信サービス,growth,Improving,5.0,1.0,2.0
2025-11-20,108.98292541503906,0.6055018112988663,0.6039647056146566,99.28937227828696,100.65929306262882,XLC,通信サービス,growth,Improving,4.0,0.0,1.0
2025-11-21,110.89561462402344,0.6042544258042524,0.6040612790111886,99.26804652568843,100.8160568105762,XLC,通信サービス,growth,Improving,4.0,1.0,3.0
2025-11-24,111.99564361572266,0.607729182879893,0.6052839136340901,99.35225718514874,100.75084485683878,XLC,通信サービス,growth,Improving,4.0,1.0,3.0
2025-11-25,113.27406311035156,0.6060562939886079,0.6055413737522627,99.3390523936821,100.47080179495136,XLC,通信サービス,growth,Improving,6.0,1.0,1.0
2025-11-26,113.43262481689453,0.6026993094178976,0.604594018974141,99.20223194705673,100.17227535356095,XLC,通信サービス,growth,Improving,5.0,0.0,-1.0
2025-11-28,114.35428619384766,0.6043287965197837,0.6045056114893552,99.1493822253395,100.02519159589046,XLC,通信サービス,growth,Improving,5.0,1.0,1.0
2025-12-01,113.81912994384766,0.605643041156443,0.6048847547117179,99.14911009563387,100.05990540051656,XLC,通信サービス,growth,Improving,5.0,1.0,0.0
2025-12-02,114.19571685791016,0.6082224655279158,0.6059973249837839,99.24755868203094,100.10504507264973,XLC,通信サービス,growth,Improving,5.0,1.0,0.0
2025-12-03,114.09661102294922,0.6030930167396353,0.6050292222357344,99.12802965746614,99.96996319944911,XLC,通信サービス,growth,Lagging,4.0,-2.0,-3.0
2025-12-04,114.75069427490234,0.6063603766475791,0.605472940373016,99.17648059335153,100.3525953708107,XLC,通信サービス,growth,Improving,3.0,-2.0,-2.0
2025-12-05,116.07865905761719,0.6119399599356441,0.6076286135605588,99.41953689417609,101.04023427201894,XLC,通信サービス,growth,Improving,8.0,3.0,2.0
2025-12-08,115.21647644042969,0.6110547195003593,0.6087706488738256,99.55282149449737,101.54900696965333,XLC,通信サービス,growth,Improving,8.0,3.0,2.0
2025-12-09,115.34530639648438,0.6128940220927471,0.6101451066134661,99.71108046858743,101.77151651036444,XLC,通信サービス,growth,Improving,8.0,3.0,2.0
2025-12-10,116.01920318603516,0.6079220193275054,0.609404077518146,99.63329031647498,101.84640872787526,XLC,通信サービス,growth,Improving,8.0,4.0,6.0
2025-12-11,115.76153564453125,0.6017125758599978,0.6068402436320967,99.36215015214539,101.0837616123291,XLC,通信サービス,growth,Improving,6.0,3.0,5.0
2025-12-12,115.50386810302734,0.6044707039396083,0.6060503970679338,99.29794340701605,100.37266721574917,XLC,通信サービス,growth,Improving,4.0,-4.0,-7.0
2025-12-15,115.52368927001953,0.6038252220331398,0.6053086720563359,99.2397852705446,99.92375616795825,XLC,通信サービス,growth,Lagging,4.0,-4.0,-7.0
2025-12-16,115.60296630859375,0.6085131941674536,0.6063768460933752,99.38612408659378,99.91433478315321,XLC,通信サービス,growth,Lagging,6.0,-2.0,-5.0
2025-12-17,114.77050018310547,0.6057693624167506,0.6061743515345004,99.38545107619751,100.12242676181414,XLC,通信サービス,growth,Improving,5.0,-3.0,-7.0
2025-12-18,115.4245834350586,0.6079219230045633,0.6067568753578547,99.47925116962784,101.02079094672612,XLC,通信サービス,growth,Improving,6.0,0.0,-3.0
2025-12-19,115.47412872314453,0.605975612558681,0.6064964544247968,99.46784558913224,101.11577849966997,XLC,通信サービス,growth,Improving,6.0,2.0,6.0
2025-12-22,115.98716735839844,0.6041895731538315,0.6057274940011417,99.38263681756048,101.0169066380447,XLC,通信サービス,growth,Improving,6.0,2.0,6.0
2025-12-23,116.71295166015625,0.609387138456974,0.6069473754864192,99.58010794216038,101.114537512925,XLC,通信サービス,growth,Improving,6.0,0.0,2.0
2025-12-24,117.4089126586914,0.6108066144999077,0.6082337884909154,99.80882255864809,101.6369831235252,XLC,通信サービス,growth,Improving,6.0,1.0,4.0
2025-12-26,117.28961181640625,0.6100285344800562,0.6088320371539624,99.95193631119156,101.70010094567269,XLC,通信サービス,growth,Improving,6.0,0.0,0.0
2025-12-29,117.21006774902344,0.6106228393836949,0.6094289712305399,100.12249811671202,102.05581459362996,XLC,通信サービス,growth,Leading,7.0,1.0,-1.0
2025-12-30,117.60775756835938,0.6136777373022946,0.6108452265877915,100.51091722165326,102.94783498589369,XLC,通信サービス,growth,Leading,8.0,2.0,0.0
2025-12-31,117.04105377197266,0.6159811579083213,0.6125572036946348,101.01953157471404,103.29494998090617,XLC,通信サービス,growth,Leading,9.0,3.0,3.0
2026-01-02,116.22578430175781,0.6075671694328739,0.6108938589407146,100.69706243944567,102.04167296047575,XLC,通信サービス,growth,Leading,8.0,2.0,1.0
2026-01-05,117.07087707519531,0.6063571438619707,0.6093816205811333,100.34992014279864,100.9968792424296,XLC,通信サービス,growth,Leading,6.0,0.0,0.0
2026-01-06,116.65330505371094,0.596986949826487,0.6052500636629179,99.25368070618849,98.29227376109341,XLC,通信サービス,growth,Lagging,6.0,-1.0,-2.0
2026-01-07,116.41468048095703,0.6025250627867814,0.6043417300375391,99.02872335117145,97.12141898152352,XLC,通信サービス,growth,Lagging,4.0,-4.0,-6.0
2026-01-08,116.80243682861328,0.5993931261313844,0.6026921954021542,98.61206090304806,95.8982646915039,XLC,通信サービス,growth,Lagging,4.0,-5.0,-8.0
2026-01-09,117.2299575805664,0.598116358918278,0.6011669165741955,98.26093985951216,96.3443509251542,XLC,通信サービス,growth,Lagging,4.0,-4.0,-6.0
2026-01-12,116.87203216552734,0.5957475049515177,0.599360446033303,97.88151266477894,96.68232655982357,XLC,通信サービス,growth,Lagging,1.0,-5.0,-5.0
2026-01-13,116.21583557128906,0.5924025859274226,0.5970411593313429,97.44982500801098,97.7677702546996,XLC,通信サービス,growth,Lagging,1.0,-5.0,-4.0
2026-01-14,115.96727752685547,0.5884578117760451,0.594180043479577,97.01459787852573,97.63159283298556,XLC,通信サービス,growth,Lagging,1.0,-3.0,1.0
2026-01-15,115.53976440429688,0.5837030742178012,0.5906877203923184,96.6066937306181,97.77787268959005,XLC,通信サービス,growth,Lagging,1.0,-3.0,2.0
2026-01-16,114.50575256347656,0.5799614211705635,0.5871122873184002,96.35714617696043,98.00995967393354,XLC,通信サービス,growth,Lagging,1.0,-3.0,1.0
2026-01-20,112.81555938720703,0.5800557501458283,0.5847601082608762,96.40070587092073,98.57729991848642,XLC,通信サービス,growth,Lagging,1.0,0.0,5.0
2026-01-21,113.96886444091797,0.5762289488050121,0.5819163884422549,96.40147275773528,99.12121780981751,XLC,通信サービス,growth,Lagging,1.0,0.0,5.0
2026-01-22,115.57952880859375,0.5836115354545807,0.5824814374463635,96.82269095214825,100.14844464118053,XLC,通信サービス,growth,Improving,1.0,0.0,3.0
2026-01-23,116.28543090820312,0.5898050300831537,0.5849226349919603,97.36967286911747,101.25898141060479,XLC,通信サービス,growth,Improving,2.0,1.0,4.0
2026-01-26,117.09075927734375,0.5924886955807372,0.5874446551882193,97.83750276801263,102.00529899199265,XLC,通信サービス,growth,Improving,2.0,1.0,4.0
2026-01-27,116.22578430175781,0.5890283966515971,0.5879725690093452,98.01105761902873,102.04471437402752,XLC,通信サービス,growth,Improving,2.0,1.0,1.0
2026-01-28,116.07664489746094,0.5902605598164972,0.5887352326117292,98.19176029770273,102.12324206427364,XLC,通信サービス,growth,Improving,2.0,1.0,1.0
2026-01-29,119.09911346435547,0.6048368711471604,0.5941024454568731,98.89680730815566,102.28136376228603,XLC,通信サービス,growth,Improving,4.0,3.0,3.0
2026-01-30,119.38744354248047,0.6076479209727492,0.5986176039621651,99.48199214266008,102.19451857689211,XLC,通信サービス,growth,Improving,7.0,5.0,4.0
2026-02-02,118.97980499267578,0.6024707723896001,0.5999019934379768,99.66596545114257,101.83847559343661,XLC,通信サービス,growth,Improving,7.0,5.0,4.0
2026-02-03,117.0609359741211,0.5943363966229055,0.5980467944996197,99.45246054428742,101.42896472184967,XLC,通信サービス,growth,Improving,7.0,5.0,4.0
2026-02-04,116.12635803222656,0.5844990932359851,0.5935308940784082,98.90317094611542,100.7349406651416,XLC,通信サービス,growth,Improving,6.0,4.0,3.0
2026-02-05,115.53976440429688,0.5866428063911098,0.5912348648493088,98.65262104477927,99.84942795718953,XLC,通信サービス,growth,Lagging,5.0,1.0,-2.0
2026-02-06,115.09235382080078,0.5736810084906425,0.58538357939642,98.00087229625072,98.73291332884453,XLC,通信サービス,growth,Lagging,3.0,-4.0,-9.0
2026-02-09,116.20588684082031,0.5788879744554579,0.5832183777494326,97.85158090495074,98.47450557475933,XLC,通信サービス,growth,Lagging,3.0,-4.0,-9.0
2026-02-10,116.90185546875,0.580290492150307,0.5822424158830575,97.85781950101722,98.69886195643836,XLC,通信サービス,growth,Lagging,3.0,-4.0,-9.0
2026-02-11,116.06670379638672,0.575125437654758,0.5798700898069576,97.7250593973801,99.08029014237964,XLC,通信サービス,growth,Lagging,3.0,-3.0,-7.0
2026-02-12,113.97881317138672,0.5722898572354405,0.577343345616452,97.60644318027815,99.20589092586094,XLC,通信サービス,growth,Lagging,3.0,-2.0,-3.0
2026-02-13,113.91915893554688,0.5661257949644737,0.5736041620657926,97.40936163654109,99.60496496543786,XLC,通信サービス,growth,Lagging,2.0,-1.0,3.0
2026-02-17,113.74019622802734,0.5662133006785449,0.5711405416033767,97.37061142688749,99.69824366498229,XLC,通信サービス,growth,Lagging,2.0,-1.0,3.0
2026-02-18,113.9291000366211,0.5642283109032442,0.5688364647033326,97.36203733815158,99.683231783898,XLC,通信サービス,growth,Lagging,2.0,-1.0,3.0
2026-02-19,114.4759292602539,0.568136567035893,0.5686031654808528,97.52081133853179,99.93815572081631,XLC,通信サービス,growth,Lagging,2.0,-1.0,2.0
2026-02-20,116.12635803222656,0.5736448698725937,0.5702837336114331,97.7969811430348,100.28149647892442,XLC,通信サービス,growth,Improving,2.0,-1.0,1.0
2026-02-23,114.69466400146484,0.572859909909395,0.5711424590440871,97.97602975450778,100.60433874175366,XLC,通信サービス,growth,Improving,4.0,2.0,3.0
2026-02-24,115.49005126953125,0.5722680502556614,0.5715176561146119,98.09994330124513,100.73762871693017,XLC,通信サービス,growth,Improving,4.0,2.0,3.0
2026-02-25,115.82808685302734,0.5736048186704058,0.5722133769665432,98.23373712554222,100.85096192026165,XLC,通信サービス,growth,Improving,3.0,1.0,2.0
2026-02-26,116.04682159423828,0.5714599532161792,0.5719622357164218,98.28979523869299,100.75196981678201,XLC,通信サービス,growth,Improving,4.0,2.0,3.0
2026-02-27,117.36915588378906,0.5772948598432803,0.5737397770920414,98.47969598880076,100.66706427573796,XLC,通信サービス,growth,Improving,4.0,2.0,3.0
2026-03-02,117.19019317626953,0.5774852329215863,0.5749882623685564,98.62020188748077,100.62211454632292,XLC,通信サービス,growth,Improving,4.0,0.0,-2.0
2026-03-03,117.2796630859375,0.5851044271986121,0.5783603173119083,98.89719933960934,100.73836093646585,XLC,通信サービス,growth,Improving,5.0,1.0,-1.0
2026-03-04,118.1048812866211,0.5868690564802558,0.5811965637013574,99.12661665558885,100.80262201736078,XLC,通信サービス,growth,Improving,5.0,2.0,1.0
2026-03-05,117.75690460205078,0.5919968484383761,0.584796658613697,99.40395817865449,100.96810087181603,XLC,通信サービス,growth,Improving,5.0,1.0,-1.0
2026-03-06,116.78255462646484,0.5941798650152573,0.5879243940808838,99.64441847286307,100.98479820083666,XLC,通信サービス,growth,Improving,5.0,1.0,-1.0
2026-03-09,116.88197326660156,0.5930096646930585,0.589619484284942,99.78242277067491,100.95946646735997,XLC,通信サービス,growth,Improving,5.0,1.0,1.0
2026-03-10,116.70301055908203,0.5965751009281325,0.5919380231660055,99.96709101563447,100.86650186766174,XLC,通信サービス,growth,Improving,5.0,0.0,-1.0
2026-03-11,116.32520294189453,0.5966100430826117,0.5934953631382076,100.09916774951037,100.77476697118048,XLC,通信サービス,growth,Leading,5.0,0.0,-2.0
2026-03-12,114.60517883300781,0.5970214920948813,0.5946707394570989,100.20667370646882,100.62816062188323,XLC,通信サービス,growth,Leading,5.0,0.0,-1.0
2026-03-13,113.78990936279297,0.5928050284648082,0.594048835793002,100.18094306490738,100.40757376472791,XLC,通信サービス,growth,Leading,5.0,0.0,-1.0
2026-03-16,114.66484069824219,0.5929509093530195,0.593682860313008,100.17086738020855,100.2823350864576,XLC,通信サービス,growth,Leading,5.0,0.0,-1.0
2026-03-17,114.70460510253906,0.5898587169730307,0.5924081458663489,100.09082867281676,100.06039708241711,XLC,通信サービス,growth,Leading,5.0,0.0,0.0
2026-03-18,113.00447082519531,0.5888653537993461,0.591227215177348,100.01698122167714,99.88711949054043,XLC,通信サービス,growth,Weakening,5.0,0.0,0.0
2026-03-19,112.48746490478516,0.5866260255342216,0.5896934852963058,99.9169415172001,99.71499028727413,XLC,通信サービス,growth,Lagging,5.0,0.0,0.0
2026-03-20,111.58271789550781,0.5905838640983198,0.5899902782303106,99.96019464905898,99.77166801493532,XLC,通信サービス,growth,Lagging,6.0,1.0,1.0
2026-03-23,112.41754150390625,0.5887261368767835,0.5895688977791349,99.94758241974245,99.77412853823904,XLC,通信サービス,growth,Lagging,6.0,1.0,1.0
2026-03-24,110.84164428710938,0.5797775842024668,0.5863051265869123,99.70481623959733,99.64721386472313,XLC,通信サービス,growth,Lagging,5.0,0.0,0.0
2026-03-25,111.15084075927734,0.5785911439841269,0.5837337990526505,99.51622268508979,99.56153714345551,XLC,通信サービス,growth,Lagging,4.0,-1.0,-1.0
2026-03-26,108.52766418457031,0.5701693777186375,0.5792123252746462,99.16674204681924,99.37013227568822,XLC,通信サービス,growth,Lagging,3.0,-2.0,-2.0
2026-03-27,106.76226043701172,0.568692161195884,0.5757056039150588,98.90203374423852,99.14071306917853,XLC,通信サービス,growth,Lagging,3.0,-3.0,-4.0
2026-03-30,107.67987060546875,0.5747694193270834,0.5753935423857337,98.90428676496204,99.17612755368957,XLC,通信サービス,growth,Lagging,4.0,-2.0,-3.0
2026-03-31,110.57234191894531,0.5783689486897191,0.5763853444870621,99.01518351342386,99.48135401372869,XLC,通信サービス,growth,Lagging,4.0,-1.0,-1.0
2026-04-01,110.95135498046875,0.5784826766057625,0.5770844551932957,99.09823406204919,99.72071420729543,XLC,通信サービス,growth,Lagging,4.0,0.0,1.0
2026-04-02,111.41016387939453,0.5792202499744755,0.5777963867870223,99.1803801040532,100.09461353849535,XLC,通信サービス,growth,Improving,3.0,0.0,2.0
2026-04-06,111.47000885009766,0.5770508778516543,0.5775478838085664,99.1742823065106,100.31915092258883,XLC,通信サービス,growth,Improving,3.0,0.0,3.0
2026-04-07,111.52985382080078,0.5786437803290958,0.5779131826487429,99.2285649113745,100.36371180283382,XLC,通信サービス,growth,Improving,3.0,-1.0,1.0
2026-04-08,113.51468658447266,0.5756430729022428,0.5771564793999095,99.17245125301987,100.21122598816282,XLC,通信サービス,growth,Improving,3.0,-1.0,0.0
2026-04-09,113.97349548339844,0.5776195895676619,0.577310849455827,99.21044641791097,100.15396521871274,XLC,通信サービス,growth,Improving,3.0,-1.0,-1.0
2026-04-10,113.6543197631836,0.5801906225572883,0.5782707738229808,99.33823807887059,100.16344176174044,XLC,通信サービス,growth,Improving,3.0,0.0,0.0
2026-04-13,114.5220718383789,0.5782104940481515,0.5782506805647044,99.35947440637268,100.1567270328556,XLC,通信サービス,growth,Improving,4.0,1.0,1.0
2026-04-14,116.25755310058594,0.584532681807992,0.5803446809791336,99.62683798775299,100.32251170880936,XLC,通信サービス,growth,Improving,4.0,1.0,2.0
2026-04-15,117.05548095703125,0.5883383153074222,0.5830092257552298,99.96881986544554,100.67599856677043,XLC,通信サービス,growth,Improving,5.0,2.0,3.0
2026-04-16,118.52166748046875,0.5930057497028648,0.5863414004044416,100.3932066034236,101.0289664841152,XLC,通信サービス,growth,Leading,6.0,3.0,4.0
2026-04-17,118.79096221923828,0.5869807868231821,0.5865545292106884,100.42985449102682,100.9183913304601,XLC,通信サービス,growth,Leading,8.0,5.0,5.0
2026-04-20,118.4418716430664,0.5834178961121366,0.5855089848445045,100.30417699530712,100.74656874097866,XLC,通信サービス,growth,Leading,8.0,4.0,3.0
2026-04-21,116.85600280761719,0.5791585139559107,0.5833921612149733,100.04493710724202,100.15722153352186,XLC,通信サービス,growth,Leading,7.0,3.0,2.0
2026-04-22,117.57412719726562,0.5829767218262282,0.583253681418725,100.02517135586567,99.73666638366893,XLC,通信サービス,growth,Weakening,7.0,2.0,0.0
2026-04-23,117.08539581298828,0.5805820916730488,0.5823631515034996,99.91515318245966,99.14843194478553,XLC,通信サービス,growth,Lagging,6.0,0.0,-3.0
2026-04-24,115.24020385742188,0.5726204377398134,0.5791155802489376,99.52517591709459,98.71812567471528,XLC,通信サービス,growth,Lagging,3.0,-5.0,-10.0
2026-04-27,115.5094985961914,0.5746411866072554,0.5776241157017102,99.36059208274588,98.71605470417092,XLC,通信サービス,growth,Lagging,3.0,-5.0,-9.0
2026-04-28,115.44965362548828,0.5772901537274319,0.5775127950436175,99.3673087147063,99.03745389816362,XLC,通信サービス,growth,Lagging,3.0,-4.0,-7.0
2026-04-29,114.99085235595703,0.5760001164834739,0.577008568856903,99.32737196299423,99.04067701242647,XLC,通信サービス,growth,Lagging,3.0,-4.0,-6.0
2026-04-30,116.20768737792969,0.5734257325519085,0.5758142900885715,99.20602634315551,99.04670125884977,XLC,通信サービス,growth,Lagging,3.0,-3.0,-3.0
2026-05-01,116.4171371459961,0.5762153424587596,0.5759479742119675,99.24447959955945,99.57504828897092,XLC,通信サービス,growth,Lagging,3.0,0.0,5.0
2026-05-04,115.79874420166016,0.5765086621928989,0.5761348702056114,99.28751872881547,99.86208489759719,XLC,通信サービス,growth,Lagging,4.0,1.0,6.0
2026-05-05,115.32996368408203,0.5696546512279932,0.573974797213072,99.01404242958955,99.52806969773711,XLC,通信サービス,growth,Lagging,4.0,1.0,5.0
2026-05-06,117.04550170898438,0.5735845371412112,0.5738447105224518,99.0223862233337,99.61037240860996,XLC,通信サービス,growth,Lagging,3.0,0.0,4.0
2026-05-07,117.07542419433594,0.5774237989075038,0.5750377399841359,99.21785480284228,100.02339237509928,XLC,通信サービス,growth,Improving,5.0,2.0,5.0
2026-05-08,116.6365737915039,0.5736809284332921,0.5745854694671879,99.17859137273398,99.88744477708104,XLC,通信サービス,growth,Lagging,6.0,3.0,3.0
2026-05-11,115.28009796142578,0.5673148050459879,0.5721619146601212,98.86582169440491,99.33926757875739,XLC,通信サービス,growth,Lagging,5.0,1.0,0.0
2026-05-12,115.55937194824219,0.5691914606162943,0.5711717633121789,98.76459535064208,99.53519174435631,XLC,通信サービス,growth,Lagging,4.0,0.0,-1.0
2026-05-13,116.45703887939453,0.5761287937181883,0.5728241067808487,99.02075986616356,99.87577119914177,XLC,通信サービス,growth,Lagging,4.0,1.0,1.0
2026-05-14,116.8061294555664,0.5757561296163963,0.5738014477260314,99.16903912817276,99.77272597448874,XLC,通信サービス,growth,Lagging,4.0,-1.0,-3.0
2026-05-15,115.77880096435547,0.5766381684322713,0.5747470212947781,99.29656713534762,100.0194624727022,XLC,通信サービス,growth,Improving,5.0,-1.0,-4.0
2026-05-18,116.67646789550781,0.5775558866709262,0.5756833097534941,99.4115534825528,100.68048405532069,XLC,通信サービス,growth,Improving,6.0,1.0,0.0
2026-05-19,115.54939270019531,0.5753243350202353,0.5755636515090745,99.36918246222547,100.74959906936077,XLC,通信サービス,growth,Improving,6.0,2.0,2.0
2026-05-20,115.79874420166016,0.5703145167284164,0.5738139399155218,99.093354747931,99.88465552018057,XLC,通信サービス,growth,Lagging,5.0,1.0,0.0
2026-05-21,115.79874420166016,0.5678628348041498,0.5718302382117311,98.79604704145258,99.18353730968103,XLC,通信サービス,growth,Lagging,4.0,0.0,1.0
2026-05-22,115.16040802001953,0.5596204727232983,0.5677603163822535,98.2317643857684,98.15918462473617,XLC,通信サービス,growth,Lagging,4.0,-1.0,0.0
2026-05-26,115.25017547607422,0.5571976197231538,0.564239417495887,97.8047718747565,97.48778707714992,XLC,通信サービス,growth,Lagging,3.0,-3.0,-4.0
2026-05-27,115.95833587646484,0.5610266163064244,0.5631684837660662,97.75174981445933,97.62025484588975,XLC,通信サービス,growth,Lagging,1.0,-5.0,-7.0
2026-05-28,116.36726379394531,0.560950425153074,0.5624291308950689,97.7500648716865,98.10427724491736,XLC,通信サービス,growth,Lagging,2.0,-3.0,-4.0
2026-05-29,115.38981628417969,0.5546937468665383,0.5598506695522254,97.55781363433611,98.32260405338582,XLC,通信サービス,growth,Lagging,2.0,-2.0,-2.0
2026-06-01,115.31002044677734,0.5533033169904026,0.5576682186982844,97.45896105278268,99.00176834132016,XLC,通信サービス,growth,Lagging,3.0,-1.0,0.0
2026-06-02,113.27531433105469,0.5413921610854432,0.5522428661606706,97.09081335492426,99.11229436670386,XLC,通信サービス,growth,Lagging,1.0,-2.0,1.0
2026-06-03,111.78917694091797,0.536306383717614,0.5469307053463184,96.85527325250024,98.89154057213936,XLC,通信サービス,growth,Lagging,1.0,0.0,5.0
2026-06-04,112.8165054321289,0.537178870635415,0.5436800937760173,96.86803618948694,98.94013639695659,XLC,通信サービス,growth,Lagging,1.0,-1.0,2.0
2026-06-05,111.38024139404297,0.5379954321267365,0.5417852065595904,96.98793416208906,99.4087626748752,XLC,通信サービス,growth,Lagging,1.0,-1.0,1.0
2026-06-08,110.80174255371094,0.5357683020523426,0.5397795717238412,97.07997749989092,99.71493309451513,XLC,通信サービス,growth,Lagging,1.0,-2.0,-1.0
2026-06-09,111.19073486328125,0.5335883702128504,0.5377158378868443,97.15179509675684,100.41479351994396,XLC,通信サービス,growth,Improving,1.0,0.0,2.0
2026-06-10,110.72195434570312,0.5381821596235774,0.5378712784657553,97.3520377281547,101.1232516079486,XLC,通信サービス,growth,Improving,1.0,0.0,0.0
2026-06-11,111.8290786743164,0.5352189361903347,0.5369871643739484,97.45241051878257,101.27752665313741,XLC,通信サービス,growth,Improving,1.0,0.0,1.0
2026-06-12,111.36029815673828,0.5281907679734719,0.5340550322404563,97.41945129234347,101.03967083971762,XLC,通信サービス,growth,Improving,1.0,0.0,1.0
2026-06-15,111.89889526367188,0.5276787550435396,0.5319296065081507,97.44505540178992,100.93457329139733,XLC,通信サービス,growth,Improving,1.0,0.0,2.0
2026-06-16,112.02855682373047,0.5300580891234145,0.5313057673799053,97.55716610223487,100.98637649189256,XLC,通信サービス,growth,Improving,1.0,0.0,0.0
2026-06-17,108.9166488647461,0.5231755638020366,0.5285956995206158,97.54505542634311,100.63967193260785,XLC,通信サービス,growth,Improving,1.0,0.0,0.0
2026-06-18,109.16600036621094,0.5219507319512755,0.5263807103308358,97.56818539702219,100.5059464819883,XLC,通信サービス,growth,Improving,1.0,0.0,0.0
2026-06-22,106.86000061035156,0.5098039229960019,0.5208551145525578,97.4288837189381,100.33152456825997,XLC,通信サービス,growth,Improving,1.0,0.0,0.0
2026-06-23,107.2699966430664,0.5135238496648786,0.5184113595899982,97.46738693368991,100.34542512086534,XLC,通信サービス,growth,Improving,1.0,0.0,0.0
2026-06-24,106.54000091552734,0.5064169523851522,0.5144132238550496,97.44026438967457,100.11875230584894,XLC,通信サービス,growth,Improving,1.0,0.0,0.0
2026-06-25,105.58000183105469,0.4986068563450044,0.5091444346850346,97.37540704497447,100.02710076305515,XLC,通信サービス,growth,Improving,1.0,0.0,0.0
2026-06-26,106.18000030517578,0.5048737650980826,0.5077208781560506,97.49030114024006,100.15655602791306,XLC,通信サービス,growth,Improving,1.0,0.0,0.0
2026-06-29,107.87999725341797,0.5063599892425718,0.5072672485182244,97.62936659971429,100.57636084269198,XLC,通信サービス,growth,Improving,1.0,0.0,0.0
2026-06-30,107.12999725341797,0.5035014104536724,0.5060119691633738,97.71951466590988,100.63532144000307,XLC,通信サービス,growth,Improving,1.0,0.0,0.0
2026-07-01,109.73999786376953,0.5142214328317998,0.5087484570528491,97.94607486610283,101.01816474042745,XLC,通信サービス,growth,Improving,2.0,1.0,1.0
2026-07-02,109.5999984741211,0.5099809064562618,0.5091592735206534,98.06068841635185,101.26861208144155,XLC,通信サービス,growth,Improving,2.0,1.0,1.0
2026-07-06,110.20999908447266,0.512604646904524,0.510307731315277,98.18984314069871,101.25778506329151,XLC,通信サービス,growth,Improving,3.0,2.0,2.0
2026-07-07,111.0199966430664,0.5170213703349323,0.5125456109884954,98.34568412728126,101.26006457718792,XLC,通信サービス,growth,Improving,3.0,2.0,2.0
2026-07-08,109.45999908447266,0.5158341218599126,0.5136417812789678,98.44855343967251,101.25768033657488,XLC,通信サービス,growth,Improving,5.0,4.0,4.0
2026-07-09,110.51000213623047,0.5176112512235619,0.5149649379271658,98.55212587774035,101.04572377455158,XLC,通信サービス,growth,Improving,6.0,4.0,3.0
2026-07-10,111.63999938964844,0.5209519262707855,0.5169606007083725,98.67251105194491,101.03386233034429,XLC,通信サービス,growth,Improving,6.0,4.0,3.0
2026-07-13,111.58999633789062,0.5208887577060519,0.5182699863742657,98.76235475006771,100.9568267362087,XLC,通信サービス,growth,Improving,5.0,2.0,0.0
2026-07-14,111.44999694824219,0.5221363248614467,0.5195587658699927,98.84723359688599,100.8366826991825,XLC,通信サービス,growth,Improving,5.0,2.0,0.0
2026-07-15,113.37999725341797,0.5323754359935465,0.5238309892445107,99.0328358951463,100.95457587788644,XLC,通信サービス,growth,Improving,5.0,0.0,-4.0
2026-07-16,112.6500015258789,0.5238073226295238,0.5238231003728484,99.06263777750928,100.85595453668353,XLC,通信サービス,growth,Improving,5.0,-1.0,-5.0
2026-07-17,110.6500015258789,0.5185827626096513,0.5220763211184494,99.02941557688105,100.65839473353473,XLC,通信サービス,growth,Improving,3.0,-3.0,-7.0
2026-07-20,110.80000305175781,0.5216081536900992,0.5219202653089994,99.05307699691899,100.58891624756892,XLC,通信サービス,growth,Improving,3.0,-2.0,-4.0
2026-07-21,110.02999877929688,0.5171554879682121,0.5203320061954037,99.02439055334975,100.43490214742755,XLC,通信サービス,growth,Improving,3.0,-2.0,-4.0
2026-07-22,109.19999694824219,0.513399146756051,0.5180210530489529,98.96988517564098,100.05337404553595,XLC,通信サービス,growth,Improving,3.0,-2.0,-2.0
2026-07-23,105.37999725341797,0.4972631094938369,0.5111017385305809,98.74876493896971,99.64878190832198,XLC,通信サービス,growth,Lagging,3.0,-2.0,-1.0
2026-07-24,106.30000305175781,0.4977290790199052,0.5066441853603557,98.62444510005706,99.49591368901356,XLC,通信サービス,growth,Lagging,2.0,-1.0,2.0
2026-07-27,107.66000366210938,0.5003253430923024,0.504537904604338,98.5914353982513,99.3835240186896,XLC,通信サービス,growth,Lagging,2.0,-1.0,1.0
2026-07-28,109.66999816894531,0.5037897787633322,0.5042885293240028,98.62683908173058,99.46852318600594,XLC,通信サービス,growth,Lagging,3.0,0.0,2.0
2026-07-29,109.51000213623047,0.5076252922868386,0.5054007836449481,98.70910562112421,99.68697609998418,XLC,通信サービス,growth,Lagging,3.0,0.0,2.0
2026-07-30,106.58000183105469,0.49484631541839036,0.5018826275694288,98.6205432593945,99.89717732161574,XLC,通信サービス,growth,Lagging,4.0,1.0,3.0
2026-07-31,108.23999786376953,0.5034184485797389,0.5023945679061989,98.68107415207221,100.19703931172481,XLC,通信サービス,growth,Improving,3.0,1.0,2.0
2026-08-03,111.33999633789062,0.5128275806037746,0.5058722388053909,98.84673695753752,100.52780010958843,XLC,通信サービス,growth,Improving,5.0,3.0,4.0
2026-08-04,112.04000091552734,0.5087408758529849,0.5068284511545889,98.91465378134338,100.5728786898089,XLC,通信サービス,growth,Improving,6.0,3.0,3.0
2026-08-05,110.87000274658203,0.5045738174229917,0.5060769065773898,98.91755679622919,100.42004431728796,XLC,通信サービス,growth,Improving,5.0,2.0,2.0
2026-08-06,111.18000030517578,0.5086467168716984,0.506933510008826,98.98042625613127,100.66361489236635,XLC,通信サービス,growth,Improving,4.0,0.0,-1.0
2026-08-07,111.25,0.5054750413517419,0.506447353789798,98.98961665599157,100.56494123608492,XLC,通信サービス,growth,Improving,4.0,1.0,0.0
2026-08-10,111.83000183105469,0.5078103769465487,0.5069016948420483,99.03456870472222,100.34884145021324,XLC,通信サービス,growth,Improving,4.0,-1.0,-4.0
2026-08-11,111.2699966430664,0.5041913789121865,0.505998256198761,99.02538700912595,100.20175261658797,XLC,通信サービス,growth,Improving,4.0,-2.0,-5.0
2026-08-12,110.2699966430664,0.4987787033190489,0.5035917385721903,98.95476626507381,100.06641628744424,XLC,通信サービス,growth,Improving,4.0,-1.0,-3.0
2026-08-13,112.55000305175781,0.5053203664109879,0.5041679478517895,99.00412440924295,100.04224627689207,XLC,通信サービス,growth,Improving,4.0,0.0,0.0
2026-08-14,112.94999694824219,0.507025159500817,0.5051203517347987,99.0674847060436,100.13284114453903,XLC,通信サービス,growth,Improving,6.0,2.0,1.0
2026-08-17,110.81999969482422,0.5019249198998209,0.5040552077898062,99.0414582440426,100.01262077025119,XLC,通信サービス,growth,Improving,6.0,2.0,3.0
2026-08-18,110.4800033569336,0.5026616621854372,0.5035906925883499,99.0377919659694,100.0371882952765,XLC,通信サービス,growth,Improving,6.0,2.0,4.0
2026-08-19,111.31999969482422,0.5012833612073455,0.5028215821280151,99.01586380889381,100.1388217323892,XLC,通信サービス,growth,Improving,7.0,3.0,4.0
2026-08-20,110.68000030517578,0.5024514296282904,0.5026981979614402,99.02200681944962,100.06400662503692,XLC,通信サービス,growth,Improving,7.0,3.0,3.0
2026-08-21,111.4000015258789,0.5025488448868738,0.5026484136032514,99.02985499641342,99.95635231696382,XLC,通信サービス,growth,Lagging,6.0,0.0,-2.0
2026-08-24,112.31999969482422,0.5061055440979225,0.5038007904348085,99.10386169559762,100.10501467079331,XLC,通信サービス,growth,Improving,7.0,1.0,-1.0
2026-08-25,113.18000030517578,0.5103485508622967,0.5059833772439712,99.24172415939363,100.33533247518906,XLC,通信サービス,growth,Improving,7.0,1.0,-1.0
2026-08-26,112.61000061035156,0.5070010368776853,0.506322597121876,99.27630499759125,100.42597122031556,XLC,通信サービス,growth,Improving,7.0,0.0,-3.0
2026-08-27,111.41000366210938,0.5030932725104006,0.5052461555847175,99.21927477820714,100.25663513066566,XLC,通信サービス,growth,Improving,7.0,0.0,-3.0
2026-08-28,112.98999786376953,0.5119851221795544,0.5074924777829966,99.38239679286366,100.61048996871749,XLC,通信サービス,growth,Improving,7.0,1.0,1.0
2026-08-31,111.45999908447266,0.5080450311981345,0.5076766622547092,99.4101209881101,100.46798727937022,XLC,通信サービス,growth,Improving,6.0,-1.0,-2.0
2026-09-01,110.87999725341797,0.5095822377846586,0.5083118540980257,99.47782319654117,100.25182617521392,XLC,通信サービス,growth,Improving,6.0,-1.0,-2.0
2026-09-02,112.41999816894531,0.5142726213635606,0.5102987765198707,99.66705139944952,100.66946930368337,XLC,通信サービス,growth,Improving,7.0,0.0,0.0
2026-09-03,113.37999725341797,0.5152465152511265,0.5119480227636226,99.84341377654339,101.38763249630266,XLC,通信サービス,growth,Improving,7.0,0.0,0.0
2026-09-04,112.02999877929688,0.5115525058415382,0.5118161837895945,99.86735718620875,100.92926235384805,XLC,通信サービス,growth,Improving,7.0,0.0,-1.0
2026-09-08,111.5199966430664,0.5145572779102675,0.5127298818298188,99.9960143711562,101.23887500441153,XLC,通信サービス,growth,Improving,7.0,1.0,2.0
2026-09-09,110.83000183105469,0.5163529731001283,0.513937578919922,100.1658641794829,101.52634423105931,XLC,通信サービス,growth,Leading,7.0,1.0,2.0
2026-09-10,111.5,0.5230567197905215,0.5169772925434551,100.5617567514134,102.12718075323788,XLC,通信サービス,growth,Leading,8.0,1.0,1.0
2026-09-11,112.5999984741211,0.5240377950988941,0.5193307933952682,100.91995440173167,102.56794082844513,XLC,通信サービス,growth,Leading,8.0,1.0,1.0
2026-09-14,115.06999969482422,0.5351844222811964,0.5246153363572443,101.64910567553132,104.02363972928738,XLC,通信サービス,growth,Leading,10.0,3.0,3.0
2026-09-15,114.02999877929688,0.5329500616991071,0.5273935781378654,102.0553748378833,104.02237718471746,XLC,通信サービス,growth,Leading,10.0,3.0,2.0
2026-09-16,113.0,0.53231581236951,0.5290343228817469,102.29960971169945,103.65214535409974,XLC,通信サービス,growth,Leading,11.0,4.0,3.0
2026-09-17,112.3499984741211,0.5266982314940952,0.5282556257525297,102.2015885792339,102.47708139671673,XLC,通信サービス,growth,Leading,11.0,3.0,2.0
2024-09-18,43.84029769897461,0.2570796687038329,0.2570796687038329,,,XLF,金融,value,,,,
2024-09-19,44.32537078857422,0.25718027246749264,0.2571132032917195,,,XLF,金融,value,,,,
2024-09-20,44.296268463134766,0.25795293350128556,0.2573931133615749,,,XLF,金融,value,,,,
2024-09-23,44.24271774291992,0.2563285597162139,0.25703826214645453,,,XLF,金融,value,,,,
2024-09-24,43.87273406982422,0.2538135007460161,0.25596334167964174,,,XLF,金融,value,,,,
2024-09-25,43.609840393066406,0.25386223043041245,0.255262971263232,,,XLF,金融,value,,,,
2024-09-26,43.83378219604492,0.2530476898698413,0.2545245441321018,,,XLF,金融,value,,,,
2024-09-27,43.960357666015625,0.2528707020439267,0.25397326343604343,,,XLF,金融,value,,,,
2024-09-30,44.12588119506836,0.25349693796313844,0.25381448827840847,,,XLF,金融,value,,,,
2024-10-01,43.892208099365234,0.25349874780497944,0.25370924145393214,,,XLF,金融,value,,,,
2024-10-02,43.940887451171875,0.25405073074730106,0.2538230712183885,,,XLF,金融,value,,,,
2024-10-03,43.707210540771484,0.25389773128868715,0.253847957908488,,,XLF,金融,value,,,,
2024-10-04,44.44718551635742,0.2561864803221967,0.25462746537972425,,,XLF,金融,value,,,,
2024-10-07,43.90194320678711,0.2550289446856859,0.2547612918150448,,,XLF,金融,value,,,,
2024-10-08,44.155086517333984,0.25589288048194825,0.25513848803734596,,,XLF,金融,value,,,,
2024-10-09,44.56402587890625,0.2565007895141074,0.25559258852959976,,,XLF,金融,value,,,,
2024-10-10,44.42771530151367,0.25667794776811825,0.2559543749424393,,,XLF,金融,value,,,,
2024-10-11,45.28451919555664,0.2590830470216896,0.2569972656355227,,,XLF,金融,value,,,,
2024-10-14,45.56688690185547,0.25879962211410706,0.2575980511283842,,,XLF,金融,value,,,,
2024-10-15,45.664249420166016,0.2605314876657566,0.25857586330750837,,,XLF,金融,value,,,,
2024-10-16,46.228965759277344,0.2619816830995671,0.25971113657152795,,,XLF,金融,value,,,,
2024-10-17,46.35554122924805,0.2631190943516239,0.2608471224982266,,,XLF,金融,value,,,,
2024-10-18,46.36527633666992,0.2623929865495945,0.26136241051534925,,,XLF,金融,value,,,,
2024-10-21,45.99529266357422,0.2625365932427004,0.26175380475779964,,,XLF,金融,value,,,,
2024-10-22,45.90766143798828,0.2632188167839321,0.2622421420998438,,,XLF,金融,value,,,,
2024-10-23,45.868717193603516,0.263862758113156,0.2627823474376145,,,XLF,金融,value,,,,
2024-10-24,45.90766143798828,0.2640277359466827,0.2631974769406373,,,XLF,金融,value,,,,
2024-10-25,45.401363372802734,0.26236203926528634,0.2629189977155203,,,XLF,金融,value,,,,
2024-10-28,45.96607971191406,0.26412763562499514,0.2633218770186786,,,XLF,金融,value,,,,
2024-10-29,45.6837158203125,0.263298892587826,0.26331421554172774,,,XLF,金融,value,,,,
2024-10-30,45.88819122314453,0.2650562052557187,0.26389487877972473,,,XLF,金融,value,,,,
2024-10-31,45.255313873291016,0.2642179454080357,0.2640025676558284,,,XLF,金融,value,,,,
2024-11-01,45.411102294921875,0.2649621715619248,0.26432243562452723,,,XLF,金融,value,,,,
2024-11-04,45.06058120727539,0.26260435714274916,0.2637497427972679,,,XLF,金融,value,,,,
2024-11-05,45.47925567626953,0.26198843851373416,0.26316264136942336,,,XLF,金融,value,,,,
2024-11-06,48.244422912597656,0.27149000197837797,0.2659384282390749,,,XLF,金融,value,,,,
2024-11-07,47.46549987792969,0.2668440709505046,0.2662403091428848,,,XLF,金融,value,,,,
2024-11-08,47.8939094543457,0.2677607211340696,0.2667471131399464,,,XLF,金融,value,,,,
2024-11-11,48.57546615600586,0.27022072773084965,0.26790498467024754,,,XLF,金融,value,,,,
2024-11-12,48.429420471191406,0.27147721277496956,0.2690957273718216,,,XLF,金融,value,,,,
2024-11-13,48.4586296081543,0.2714930462379037,0.26989483366051564,,,XLF,金融,value,,,,
2024-11-14,48.332054138183594,0.2729681600437233,0.27091927578825153,,,XLF,金融,value,,,,
2024-11-15,48.555992126464844,0.27620315065265005,0.27268056740971774,,,XLF,金融,value,,,,
2024-11-18,48.7020378112793,0.2759207518250352,0.2737606288814902,,,XLF,金融,value,,,,
2024-11-19,48.38072967529297,0.2748416618514672,0.2741209732048159,,,XLF,金融,value,,,,
2024-11-20,48.23469161987305,0.2730926396679114,0.2737781953591811,,,XLF,金融,value,,,,
2024-11-21,48.848087310791016,0.2731249783508935,0.27356045635641857,,,XLF,金融,value,,,,
2024-11-22,49.39333724975586,0.2740151917751469,0.27371203482932804,,,XLF,金融,value,,,,
2024-11-25,49.71464538574219,0.2733226798331826,0.2735822498306129,,,XLF,金融,value,,,,
2024-11-26,49.8120002746582,0.2738287006680557,0.2736644001097605,,,XLF,金融,value,,,,
2024-11-27,49.909366607666016,0.27462791826670224,0.2739855728287411,,,XLF,金融,value,,,,
2024-11-29,49.98725891113281,0.2742209313499481,0.27406402566914345,,,XLF,金融,value,,,,
2024-12-02,49.49069595336914,0.27217873495911055,0.2734355954324658,,,XLF,金融,value,,,,
2024-12-03,49.12071228027344,0.2713473378260975,0.2727395095636764,,,XLF,金融,value,,,,
2024-12-04,48.93571472167969,0.27031090316710504,0.2719299740981526,,,XLF,金融,value,,,,
2024-12-05,49.081764221191406,0.27247763845555406,0.2721125288839531,,,XLF,金融,value,,,,
2024-12-06,49.07202911376953,0.27273250367185714,0.27231918714658776,,,XLF,金融,value,,,,
2024-12-09,48.40020751953125,0.27010712297350853,0.271581832422228,,,XLF,金融,value,,,,
2024-12-10,48.39046859741211,0.27171760154374286,0.2716270887960663,,,XLF,金融,value,,,,
2024-12-11,48.48784255981445,0.2720121033730125,0.27175542698838173,,,XLF,金融,value,,,,
2024-12-12,48.27363586425781,0.27180297018661737,0.27177127472112694,,,XLF,金融,value,,,,
2024-12-13,48.23469161987305,0.27253787400354884,0.27202680781526756,,,XLF,金融,value,,,,
2024-12-16,48.147064208984375,0.2729417947989124,0.2723318034764825,101.08113645538656,,XLF,金融,value,,8.0,,
2024-12-17,47.806278228759766,0.27316136957324055,0.2726083255087352,101.08389967895492,,XLF,金融,value,,8.0,,
2024-12-18,46.37501907348633,0.2730631234137117,0.27275992481039407,101.0700720188573,,XLF,金融,value,,8.0,,
2024-12-19,46.54053497314453,0.2749500437970338,0.2734899644726073,101.13307820876086,,XLF,金融,value,,8.0,,
2024-12-20,47.23182678222656,0.27518001824585536,0.2740533157303567,101.17195154613115,,XLF,金融,value,,8.0,,
2024-12-23,47.345252990722656,0.2754653443793437,0.2745239919466857,101.19854572517832,,XLF,金融,value,,8.0,0.0,
2024-12-24,47.9025993347168,0.2766210358165958,0.2752230065699891,101.25607714604347,,XLF,金融,value,,8.0,0.0,
2024-12-26,48.019935607910156,0.2768465891721709,0.2757642007707164,101.29346890565051,,XLF,金融,value,,8.0,0.0,
2024-12-27,47.66792678833008,0.27669917681964945,0.27607585945369406,101.30213791528304,,XLF,金融,value,,8.0,0.0,
2024-12-30,47.2083625793457,0.2768202050789621,0.2763239746621168,101.3044600472759,,XLF,金融,value,,8.0,0.0,
2024-12-31,47.25724792480469,0.27660089621858774,0.27641628184760714,101.28795920271477,,XLF,金融,value,,8.0,0.0,0.0
2025-01-02,47.13991165161133,0.27671945039499346,0.2765173380300693,101.27511859624357,,XLF,金融,value,,8.0,0.0,0.0
2025-01-03,47.511478424072266,0.2763697432195506,0.27646813975989637,101.24360895783764,,XLF,金融,value,,8.0,0.0,0.0
2025-01-06,47.364803314208984,0.27570424227158075,0.2762135072637912,101.18162855661996,,XLF,金融,value,,8.0,0.0,0.0
2025-01-07,47.25724792480469,0.27600234344142965,0.27614311932300406,101.14971129446806,,XLF,金融,value,,8.0,0.0,0.0
2025-01-08,47.413700103759766,0.27658530526081926,0.27629051463560916,101.15345792983261,,XLF,金融,value,,9.0,1.0,1.0
2025-01-10,46.2696647644043,0.27391553133219626,0.27549885353447157,101.0062033008394,,XLF,金融,value,,8.0,0.0,0.0
2025-01-13,46.60212326049805,0.273640825829703,0.2748795109662154,100.88438948895553,,XLF,金融,value,,8.0,0.0,0.0
2025-01-14,47.179019927978516,0.274809936986813,0.27485631963974794,100.8622249835326,,XLF,金融,value,,8.0,0.0,0.0
2025-01-15,48.38172149658203,0.27913633312425035,0.27628299080124874,101.10600317895135,,XLF,金融,value,,10.0,2.0,2.0
2025-01-16,48.704402923583984,0.2788023904447197,0.27712279068240575,101.24572561551608,,XLF,金融,value,,10.0,1.0,0.0
2025-01-17,49.11507797241211,0.27979464754177874,0.2780134096355301,101.3940525819371,,XLF,金融,value,,10.0,2.0,2.0
2025-01-21,49.525760650634766,0.2788965751023396,0.2783077981244666,101.42266566040178,,XLF,金融,value,,11.0,3.0,3.0
2025-01-22,49.29107666015625,0.2785538283107661,0.27838980818656645,101.40932145714689,,XLF,金融,value,,10.0,2.0,2.0
2025-01-23,49.574642181396484,0.2788350198570553,0.2785382120767294,101.41031320334953,,XLF,金融,value,,10.0,0.0,-2.0
2025-01-24,49.7213134765625,0.2799056345751838,0.2789940195762142,101.47393761261696,,XLF,金融,value,,10.0,0.0,-1.0
2025-01-27,50.268882751464844,0.2828018714727792,0.2802633035417359,101.70121188018646,,XLF,金融,value,,11.0,1.0,-1.0
2025-01-28,50.18088150024414,0.28370735628116395,0.28141132112154527,101.89166047204554,,XLF,金融,value,,11.0,0.0,-3.0
2025-01-29,50.14176559448242,0.28442690988563946,0.28241651737624335,102.04632826856167,,XLF,金融,value,,11.0,1.0,-1.0
2025-01-30,50.62089538574219,0.28411210807302784,0.2829817142751715,102.10023272173133,,XLF,金融,value,,11.0,1.0,1.0
2025-01-31,50.327552795410156,0.2848034656520492,0.28358896473413076,102.16161585230138,,XLF,金融,value,,11.0,1.0,1.0
2025-02-03,50.12220764160156,0.2851993342357212,0.28412575456799427,102.19992343277815,,XLF,金融,value,,11.0,0.0,-1.0
2025-02-04,50.004878997802734,0.28418483340934153,0.28414544751511006,102.13547905822792,,XLF,金融,value,,11.0,0.0,0.0
2025-02-05,50.53289031982422,0.28579203320987384,0.28469430941336465,102.18059332986056,,XLF,金融,value,,11.0,0.0,-1.0
2025-02-06,50.953346252441406,0.28855180848739914,0.2859801424380428,102.37654856721494,,XLF,金融,value,,11.0,0.0,-1.0
2025-02-07,50.66978454589844,0.28836303560147364,0.2867744401591864,102.4726056382137,,XLF,金融,value,,11.0,0.0,-1.0
2025-02-10,50.268882751464844,0.2852742256800201,0.286274368666131,102.27295335256932,,XLF,金融,value,,11.0,0.0,0.0
2025-02-11,50.39600372314453,0.2859639864444818,0.28617090792558125,102.16976467085576,,XLF,金融,value,,11.0,0.0,0.0
2025-02-12,50.21999740600586,0.2866303204682486,0.2863240454398037,102.12290395746376,,XLF,金融,value,,11.0,0.0,0.0
2025-02-13,50.552452087402344,0.28604462841370776,0.2862309064311051,102.02407491970357,,XLF,金融,value,,11.0,0.0,0.0
2025-02-14,50.65022659301758,0.2868827958731702,0.2864482029117935,101.9854621741909,,XLF,金融,value,,11.0,0.0,0.0
2025-02-18,51.01201248168945,0.2867309078605371,0.28654243789470807,101.922657436767,,XLF,金融,value,,11.0,0.0,0.0
2025-02-19,51.03157043457031,0.2862603864886053,0.2864484207593405,101.82568872443424,,XLF,金融,value,,11.0,0.0,0.0
2025-02-20,50.24932861328125,0.28258335940518087,0.28516006697462065,101.5102706708344,,XLF,金融,value,,10.0,-1.0,-1.0
2025-02-21,49.623531341552734,0.2830369815239463,0.28445237182439587,101.32354641664966,,XLF,金融,value,,9.0,-2.0,-2.0
2025-02-24,49.83864974975586,0.2840270398358218,0.28431059449487117,101.25280861535273,,XLF,金融,value,,7.0,-4.0,-4.0
2025-02-25,49.82887268066406,0.28368760131979276,0.2841029301031784,101.17337884560963,,XLF,金融,value,,7.0,-4.0,-4.0
2025-02-26,49.7213134765625,0.2836736044126711,0.28395982153967597,101.1094200318626,,XLF,金融,value,,7.0,-4.0,-4.0
2025-02-27,49.99510192871094,0.28774866948869726,0.28522277085601644,101.30603682579574,,XLF,金融,value,,7.0,-3.0,-2.0
2025-02-28,51.02178955078125,0.2904307938127621,0.286958778508265,101.57399220407676,,XLF,金融,value,,8.0,-1.0,1.0
2025-03-03,50.59156036376953,0.2910835714351559,0.28833370948389536,101.75488755949873,,XLF,金融,value,,7.0,0.0,4.0
2025-03-04,48.81195068359375,0.28545629558942565,0.28737457151907214,101.51953265701908,,XLF,金融,value,,7.0,0.0,4.0
2025-03-05,49.095523834228516,0.28447079238598333,0.28640664514137587,101.29836798268653,,XLF,金融,value,,7.0,0.0,4.0
2025-03-06,48.2839469909668,0.28290079329850376,0.2852380278604185,101.053405892051,,XLF,金融,value,,7.0,0.0,3.0
2025-03-07,48.02970886230469,0.2787992220450564,0.28309175925529784,100.64187938773388,,XLF,金融,value,,5.0,-3.0,-2.0
2025-03-10,46.95412826538086,0.27645169480173715,0.2808784044374443,100.21646966727927,,XLF,金融,value,,5.0,-2.0,-2.0
2025-03-11,46.55323028564453,0.27779087911088346,0.2798492293285907,100.00349707373088,,XLF,金融,value,,4.0,-3.0,-3.0
2025-03-12,46.621681213378906,0.27951660272167006,0.2797383537929505,99.95985442541134,,XLF,金融,value,,3.0,-4.0,-4.0
2025-03-13,46.36744689941406,0.2806832045471844,0.2800533040443618,99.99422875072122,,XLF,金融,value,,3.0,-4.0,-4.0
2025-03-14,47.44303512573242,0.2818216323343399,0.28064274680768786,100.08326228463373,,XLF,金融,value,,3.0,-2.0,1.0
2025-03-17,48.00038146972656,0.28133578631611583,0.28087375997716385,100.10293403212395,,XLF,金融,value,,4.0,-1.0,1.0
2025-03-18,47.94171142578125,0.2824607674149759,0.28140276245643453,100.18458853128972,,XLF,金融,value,,5.0,1.0,4.0
2025-03-19,48.469730377197266,0.2834711522252511,0.28209222571270676,100.30360063322944,,XLF,金融,value,,5.0,2.0,6.0
2025-03-20,48.538169860839844,0.2850579937995133,0.2830808150749756,100.4921531558055,,XLF,金融,value,,5.0,2.0,6.0
2025-03-21,48.36216735839844,0.28533138302847666,0.2838310043928093,100.63403682971104,,XLF,金融,value,,5.0,2.0,4.0
2025-03-24,49.2149658203125,0.2859319121925792,0.2845313069927326,100.76916473721154,,XLF,金融,value,,6.0,2.0,3.0
2025-03-25,49.48974609375,0.28821737655681645,0.28575999684742726,101.02797859149585,,XLF,金融,value,,8.0,3.0,2.0
2025-03-26,49.3425407409668,0.2879021606599368,0.2864740514515971,101.16667667148434,101.61864991289225,XLF,金融,value,Leading,10.0,5.0,3.0
2025-03-27,49.24440383911133,0.288070532122644,0.2870062116752794,101.26068818491869,101.40456719922875,XLF,金融,value,Leading,10.0,5.0,3.0
2025-03-28,48.29248809814453,0.28692537574854615,0.28697926636636834,101.21983969214133,101.05542180932098,XLF,金融,value,Leading,9.0,4.0,2.0
2025-03-31,48.881309509277344,0.2880263742903267,0.28732830234102114,101.26803464995103,100.88805185023477,XLF,金融,value,Leading,8.0,2.0,0.0
2025-04-01,48.82242202758789,0.28738077244759896,0.2873457923765471,101.23591142613638,100.3707181635865,XLF,金融,value,Leading,8.0,0.0,-3.0
2025-04-02,49.22477722167969,0.28734643175480495,0.28734600550263306,101.20064088996212,100.06502807071173,XLF,金融,value,Leading,7.0,-3.0,-8.0
2025-04-03,46.80082702636719,0.28686236458713193,0.2871847918641327,101.12780011787436,99.77533327537871,XLF,金融,value,Weakening,6.0,-4.0,-9.0
2025-04-04,43.37590026855469,0.2816850229911527,0.2853515355731394,100.64183646244018,99.01067072237768,XLF,金融,value,Weakening,5.0,-4.0,-8.0
2025-04-07,43.2679557800293,0.2833455323953795,0.28468286784721947,100.44643269580733,98.62538333264952,XLF,金融,value,Weakening,5.0,-3.0,-5.0
2025-04-08,43.10111999511719,0.2876791823715986,0.28568163935534585,100.68331480750986,99.10884940159545,XLF,金融,value,Weakening,7.0,-1.0,-1.0
2025-04-09,46.34940719604492,0.286451998300274,0.2859384256703219,100.72837970564524,99.25888399185867,XLF,金融,value,Weakening,7.0,0.0,3.0
2025-04-10,45.054012298583984,0.28814636809324173,0.28667440647796183,100.90658644581535,99.69168642510756,XLF,金融,value,Weakening,7.0,1.0,5.0
2025-04-11,45.79984664916992,0.28854127182813216,0.2872966949280186,101.06342805899615,100.77117361960609,XLF,金融,value,Leading,7.0,2.0,6.0
2025-04-14,46.270896911621094,0.2878315156297889,0.28747496849527543,101.10663153854041,101.14138651066668,XLF,金融,value,Leading,7.0,2.0,5.0
2025-04-15,46.38866424560547,0.28949917220040805,0.28814970306365295,101.31234602249,101.05570294416978,XLF,金融,value,Leading,8.0,1.0,2.0
2025-04-16,45.66245651245117,0.28867344876600165,0.28832428496443585,101.35740774883853,101.02875648244705,XLF,金融,value,Leading,8.0,1.0,1.0
2025-04-17,45.78022003173828,0.2872828204968617,0.2879771301419112,101.22766697866787,100.50855365974449,XLF,金融,value,Leading,7.0,0.0,-1.0
2025-04-21,44.798866271972656,0.2868920516729206,0.2876154373189143,101.08454995622449,100.01944955794114,XLF,金融,value,Leading,6.0,-1.0,-3.0
2025-04-22,46.28070831298828,0.28924982025909585,0.2881602316323082,101.25822602496454,100.24882333598791,XLF,金融,value,Leading,7.0,0.0,-2.0
2025-04-23,46.83027267456055,0.28988018270826466,0.288733548657627,101.44807168643275,100.23465204293923,XLF,金融,value,Leading,8.0,0.0,-1.0
2025-04-24,47.35039138793945,0.2882232155296522,0.2885634376149687,101.36911518577942,100.03310275706136,XLF,金融,value,Leading,9.0,1.0,0.0
2025-04-25,47.12467575073242,0.2872603778295265,0.28812908435315465,101.18564754362085,99.94935314858971,XLF,金融,value,Weakening,8.0,1.0,1.0
2025-04-28,47.27187728881836,0.28735114923402333,0.28786977264677754,101.05771572333552,99.98403800961067,XLF,金融,value,Weakening,8.0,2.0,3.0
2025-04-29,47.76255416870117,0.2886492781800978,0.288129607824551,101.13321731267797,99.83235684459378,XLF,金融,value,Weakening,9.0,2.0,2.0
2025-04-30,47.85087966918945,0.2887726829298838,0.2883439661929953,101.18489390961706,99.61714524408829,XLF,金融,value,Weakening,9.0,1.0,1.0
2025-05-01,47.841064453125,0.28910660655814796,0.2885981796480462,101.24907142675822,99.88463638432735,XLF,金融,value,Weakening,10.0,1.0,0.0
2025-05-02,48.83223342895508,0.28998029749656606,0.28905888559755283,101.3900757738088,100.47060621882521,XLF,金融,value,Leading,10.0,2.0,1.0
2025-05-05,48.51820373535156,0.2890740942095523,0.28906395513488603,101.34413950806496,100.62462757333668,XLF,金融,value,Leading,10.0,2.0,0.0
2025-05-06,48.24342346191406,0.28958362795319004,0.28923717940765403,101.36529186638619,100.5284679633085,XLF,金融,value,Leading,10.0,1.0,-1.0
2025-05-07,48.528018951416016,0.28938595440026793,0.2892867710718587,101.33820811743367,100.3878575594664,XLF,金融,value,Leading,10.0,1.0,0.0
2025-05-08,48.93037414550781,0.28935111181372747,0.28930821798581496,101.30707485734901,100.22522423607471,XLF,金融,value,Leading,10.0,0.0,-1.0
2025-05-09,48.93037414550781,0.28941814939231864,0.2893448617879829,101.28861834244661,99.95259245350626,XLF,金融,value,Weakening,10.0,0.0,-2.0
2025-05-12,49.921539306640625,0.2874033206635424,0.2886976814131694,101.01531517168145,99.5578268456381,XLF,金融,value,Weakening,10.0,0.0,-2.0
2025-05-13,50.127628326416016,0.2879402076694496,0.2884451901652628,100.89884167374947,99.32840698411265,XLF,金融,value,Weakening,9.0,-1.0,-2.0
2025-05-14,49.990234375,0.2888904898385793,0.2885936233897016,100.93488632423633,99.45192157535115,XLF,金融,value,Weakening,9.0,-1.0,-2.0
2025-05-15,50.32389450073242,0.288191761662278,0.28845966948056045,100.86559876951154,99.38749522707487,XLF,金融,value,Weakening,8.0,-2.0,-2.0
2025-05-16,50.628116607666016,0.28711503736646043,0.2880114587758605,100.68550450962407,99.10639591113068,XLF,金融,value,Weakening,8.0,-2.0,-2.0
2025-05-19,50.657554626464844,0.28731390527077827,0.2877789409408331,100.58964241143931,99.42307109722417,XLF,金融,value,Weakening,8.0,-2.0,-2.0
2025-05-20,50.382774353027344,0.2865036483626252,0.28735384341476383,100.42518877722638,99.34323582318493,XLF,金融,value,Weakening,7.0,-2.0,-1.0
2025-05-21,49.35235595703125,0.28689346318579195,0.2872003833384399,100.35607287205403,99.15611116800281,XLF,金融,value,Weakening,7.0,-2.0,-1.0
2025-05-22,49.29347229003906,0.28746797739016205,0.2872895813556806,100.37345820591129,99.29960705032397,XLF,金融,value,Weakening,7.0,-1.0,1.0
2025-05-23,49.11682891845703,0.2875879548149658,0.28738903917544234,100.39361228178129,99.63912288967133,XLF,金融,value,Weakening,7.0,-1.0,1.0
2025-05-27,49.98042297363281,0.2872886043099996,0.28735556088696146,100.36343766972844,99.73906338042003,XLF,金融,value,Weakening,7.0,-1.0,1.0
2025-05-28,49.646759033203125,0.28781806809071436,0.2875097299548791,100.40248357367457,100.0886342763592,XLF,金融,value,Leading,7.0,0.0,2.0
2025-05-29,49.90190887451172,0.28859247641046565,0.2878706454400747,100.52289689160331,100.42442898836943,XLF,金融,value,Leading,7.0,0.0,2.0
2025-05-30,50.00986099243164,0.2893315250736031,0.2883576053179175,100.69607835133685,100.70632450701218,XLF,金融,value,Leading,7.0,0.0,1.0
2025-06-02,50.02948760986328,0.2892155690941557,0.2886435932433302,100.80086680156322,100.86596000676825,XLF,金融,value,Leading,7.0,0.0,1.0
2025-06-03,50.127628326416016,0.28739027336228323,0.2882258199496479,100.63699923491086,100.62414761129081,XLF,金融,value,Leading,7.0,0.0,1.0
2025-06-04,49.84303665161133,0.2864021434524781,0.2876179277839247,100.40108433041745,100.12559168014582,XLF,金融,value,Leading,7.0,0.0,0.0
2025-06-05,49.705650329589844,0.2863865464212995,0.28720746732971636,100.23585712004976,99.60196961276534,XLF,金融,value,Weakening,7.0,0.0,0.0
2025-06-06,50.32389450073242,0.2874660292956712,0.2872936546517013,100.24654167011626,99.27753706699714,XLF,金融,value,Weakening,7.0,0.0,0.0
2025-06-09,50.04911422729492,0.28584838531444884,0.2868118982059505,100.02846566961169,98.58318713667782,XLF,金融,value,Weakening,6.0,-1.0,-1.0
2025-06-10,50.10800552368164,0.28476666868138173,0.28613015503109424,99.69976132398293,98.16187993010993,XLF,金融,value,Lagging,6.0,-1.0,-1.0
2025-06-11,50.04911422729492,0.28524194030894306,0.28583408345704386,99.49575026718878,98.1533876320812,XLF,金融,value,Lagging,6.0,-1.0,-1.0
2025-06-12,50.04911422729492,0.2845745963792254,0.2854142544311044,99.20089469511925,97.8739339237792,XLF,金融,value,Lagging,4.0,-3.0,-3.0
2025-06-13,49.02850341796875,0.2821824267376757,0.28433697853329487,98.53418976411496,96.75872716583301,XLF,金融,value,Lagging,1.0,-6.0,-6.0
2025-06-16,49.5878791809082,0.2826763787751898,0.2837834452805932,98.08719238924196,96.70657694930586,XLF,金融,value,Lagging,1.0,-5.0,-4.0
2025-06-17,49.303287506103516,0.2837799651082603,0.2837822852231489,97.94371461180867,97.26802095562836,XLF,金融,value,Lagging,1.0,-5.0,-4.0
2025-06-18,49.283660888671875,0.2836349879484808,0.2837331861315929,97.80441654185145,97.54766394168301,XLF,金融,value,Lagging,1.0,-5.0,-4.0
2025-06-20,49.421051025390625,0.2839613956889281,0.28380925598403794,97.80603227642028,98.10681800080427,XLF,金融,value,Lagging,1.0,-3.0,0.0
2025-06-23,50.04339599609375,0.2850209491410943,0.2842131537030568,98.04721755485983,99.53673840742663,XLF,金融,value,Lagging,1.0,0.0,6.0
2025-06-24,50.791778564453125,0.2865700295937584,0.28499877899995735,98.54318186583671,101.02399491507258,XLF,金融,value,Improving,1.0,0.0,5.0
2025-06-25,50.6243782043457,0.2877012941323481,0.285899617377421,99.13261667299405,102.13418588564684,XLF,金融,value,Improving,6.0,5.0,10.0
2025-06-26,50.99856948852539,0.287656914208972,0.286485382987938,99.51797591491953,102.79391739984392,XLF,金融,value,Improving,6.0,5.0,10.0
2025-06-27,51.146278381347656,0.28743744960938644,0.28680273852842086,99.72909276378815,102.90306373833415,XLF,金融,value,Improving,7.0,6.0,9.0
2025-06-30,51.5697021484375,0.2884615942685824,0.2873556904418081,100.08894414347697,102.85202814000728,XLF,金融,value,Leading,7.0,6.0,6.0
2025-07-01,51.85527038574219,0.2866988405457692,0.2871367404764618,99.94688426043915,101.94490553078323,XLF,金融,value,Improving,7.0,6.0,6.0
2025-07-02,51.81588363647461,0.2858282080938284,0.286700563015584,99.66691578091292,100.82473444905486,XLF,金融,value,Improving,6.0,0.0,-5.0
2025-07-03,52.37717056274414,0.28753574731361137,0.2869789577815931,99.85378062860974,100.56492868914063,XLF,金融,value,Improving,6.0,0.0,-5.0
2025-07-07,51.874969482421875,0.28707318729043785,0.2870103676178747,99.87626284512102,100.31972369140416,XLF,金融,value,Improving,6.0,-1.0,-7.0
2025-07-08,51.412147521972656,0.28380126385968435,0.2859406663651446,99.16167314113085,98.97084786035444,XLF,金融,value,Lagging,5.0,-2.0,-8.0
2025-07-09,51.599246978759766,0.2839859594580295,0.28528909739610625,98.71196519703811,98.60485762939172,XLF,金融,value,Lagging,4.0,-3.0,-9.0
2025-07-10,51.90450668334961,0.2840207061412884,0.284866300311167,98.45567702154521,98.66415189317655,XLF,金融,value,Lagging,3.0,-3.0,-3.0
2025-07-11,51.3629150390625,0.28312980003976795,0.28428746688736733,98.13519471531033,98.1174025605416,XLF,金融,value,Lagging,1.0,-5.0,-5.0
2025-07-14,51.74695587158203,0.2849531808228287,0.28450937153252115,98.33797469203112,98.39347651332017,XLF,金融,value,Lagging,2.0,-4.0,-3.0
2025-07-15,50.8607063293457,0.28401128254775254,0.28434334187093163,98.30411918848982,99.21644131618676,XLF,金融,value,Lagging,1.0,-4.0,-2.0
2025-07-16,51.215206146240234,0.2848798403388098,0.2845221746935577,98.4724914808229,99.95681183481288,XLF,金融,value,Lagging,1.0,-3.0,0.0
2025-07-17,51.70756149291992,0.2852925608894287,0.2847789700921814,98.6746031542481,100.50881140715158,XLF,金融,value,Improving,3.0,0.0,3.0
2025-07-18,51.73711013793945,0.2855640922178503,0.28504067746740436,98.86830078747835,101.11528109421249,XLF,金融,value,Improving,4.0,3.0,8.0
2025-07-21,51.58939743041992,0.285726156392384,0.28526917044239763,99.03411925956594,101.0580143439577,XLF,金融,value,Improving,4.0,2.0,6.0
2025-07-22,51.874969482421875,0.28369109055509584,0.284743143813297,98.76382416502047,100.76792444341697,XLF,金融,value,Improving,3.0,2.0,6.0
2025-07-23,52.288543701171875,0.28360334055835423,0.2843632093949828,98.59335052761666,100.37104361113815,XLF,金融,value,Improving,1.0,0.0,3.0
2025-07-24,52.25900650024414,0.2843534052952717,0.28435994136174575,98.63847148484463,100.1901991909161,XLF,金融,value,Improving,2.0,-1.0,-1.0
2025-07-25,52.62335205078125,0.28496316831028684,0.28456101701125947,98.79411616248348,100.1471514525757,XLF,金融,value,Improving,2.0,-2.0,-5.0
2025-07-28,52.25900650024414,0.28467340592983453,0.2845984799841178,98.85357152337751,100.02476984405251,XLF,金融,value,Improving,2.0,-2.0,-4.0
2025-07-29,51.993133544921875,0.2833617325253493,0.284186230831195,98.66574962739539,100.12305522137353,XLF,金融,value,Improving,2.0,-1.0,-3.0
2025-07-30,51.89466094970703,0.2846716975035961,0.28434805305532873,98.79758104575953,100.4714549156245,XLF,金融,value,Improving,3.0,2.0,2.0
2025-07-31,51.5697021484375,0.28549262732432984,0.2847295778116624,99.04279043933414,100.69113349193775,XLF,金融,value,Improving,5.0,3.0,4.0
2025-08-01,50.61452865600586,0.28339939715957585,0.2842861842609669,98.83067920244709,100.25821773965028,XLF,金融,value,Improving,4.0,2.0,4.0
2025-08-04,51.11673355102539,0.28275399895979864,0.28377545582724417,98.58659739658172,99.91217865917648,XLF,金融,value,Lagging,2.0,0.0,2.0
2025-08-05,50.909942626953125,0.28239376126391674,0.2833148909728017,98.38016414729913,99.90077678877199,XLF,金融,value,Lagging,2.0,0.0,1.0
2025-08-06,51.156124114990234,0.284395582740858,0.2836751215621538,98.62071836711353,100.03601946058959,XLF,金融,value,Improving,3.0,0.0,-2.0
2025-08-07,50.584983825683594,0.2813896677829833,0.2829133036357636,98.24179349864487,99.32162716315707,XLF,金融,value,Lagging,2.0,-3.0,-6.0
2025-08-08,51.057647705078125,0.2835070199487756,0.2831112090734343,98.39702296423754,99.76155163755494,XLF,金融,value,Lagging,3.0,-1.0,-3.0
2025-08-11,51.037960052490234,0.28417380713989265,0.28346540842892043,98.63038163388445,100.31888963941266,XLF,金融,value,Improving,3.0,1.0,1.0
2025-08-12,51.658329010009766,0.2840189677622539,0.28364992820669827,98.77118141025664,100.70981804952568,XLF,金融,value,Improving,5.0,3.0,3.0
2025-08-13,51.953739166259766,0.28162215104737337,0.28297400248692334,98.42122750441986,100.0151853608061,XLF,金融,value,Improving,3.0,0.0,0.0
2025-08-14,52.19992446899414,0.2848093844108106,0.28358579646155246,98.81411111367441,100.89362057036075,XLF,金融,value,Improving,5.0,3.0,6.0
2025-08-15,51.658329010009766,0.2825519619469434,0.28324118495668277,98.64309775643092,100.50128312650372,XLF,金融,value,Improving,3.0,0.0,1.0
2025-08-18,51.697715759277344,0.2828282461486012,0.28310353868732224,98.60196388824008,100.17259273531944,XLF,金融,value,Improving,3.0,0.0,-1.0
2025-08-19,51.79618835449219,0.2820464692873566,0.28275118222066703,98.44038712186097,99.81943637348245,XLF,金融,value,Lagging,3.0,-2.0,-5.0
2025-08-20,52.06206512451172,0.2837526285215536,0.2830849976542959,98.68646177879509,100.49809389382746,XLF,金融,value,Improving,3.0,0.0,0.0
2025-08-21,51.89466094970703,0.283829354970327,0.2833331167596396,98.87292162768142,100.24699743808458,XLF,金融,value,Improving,3.0,-2.0,-5.0
2025-08-22,52.751365661621094,0.28300319151958064,0.28322314167962,98.84259351579546,100.39780958053998,XLF,金融,value,Improving,2.0,-1.0,-1.0
2025-08-25,52.44610595703125,0.2835351440130965,0.2833271424574455,98.93825162264393,100.54408261761648,XLF,金融,value,Improving,2.0,-1.0,-1.0
2025-08-26,52.84983825683594,0.2855204330494946,0.2840582393214619,99.40999949506248,101.24101753960683,XLF,金融,value,Improving,3.0,0.0,2.0
2025-08-27,52.95815658569336,0.2850754150891618,0.28439729791069523,99.64438078752971,101.19563994373773,XLF,金融,value,Improving,5.0,2.0,2.0
2025-08-28,53.0270881652832,0.2855825988700565,0.2847923982304823,99.92309164048238,101.26811114304613,XLF,金融,value,Improving,7.0,4.0,6.0
2025-08-29,53.164947509765625,0.2865375891755438,0.2853741285455028,100.346911080939,101.71497231526529,XLF,金融,value,Leading,8.0,6.0,7.0
2025-09-02,52.771060943603516,0.2866792816779637,0.28580917958965646,100.70945454319165,101.9259095447153,XLF,金融,value,Leading,8.0,6.0,7.0
2025-09-03,52.682437896728516,0.28664206747146154,0.2860868088835915,100.97395852658185,101.64787793386262,XLF,金融,value,Leading,9.0,6.0,6.0
2025-09-04,53.23387908935547,0.28751881705675436,0.28656414494131244,101.37394649325974,101.74597960558621,XLF,金融,value,Leading,9.0,4.0,2.0
2025-09-05,52.25900650024414,0.28192392618381673,0.28501740535548054,100.22408294390439,100.29083270073367,XLF,金融,value,Leading,9.0,2.0,-2.0
2025-09-08,52.298397064208984,0.28236121313996326,0.28413200795030813,99.55213607671743,99.19036753011815,XLF,金融,value,Lagging,5.0,-3.0,-9.0
2025-09-09,52.52488327026367,0.28446024278366994,0.28424141956142873,99.66631996403189,98.94851796234997,XLF,金融,value,Lagging,7.0,-1.0,-7.0
2025-09-10,52.347633361816406,0.283787563244428,0.2840901341224285,99.5623407973633,98.59865318897477,XLF,金融,value,Lagging,6.0,-3.0,-9.0
2025-09-11,53.2043342590332,0.28417357493254053,0.2841179477257992,99.60578519204272,98.28842017436769,XLF,金融,value,Lagging,6.0,-3.0,-7.0
2025-09-12,52.977848052978516,0.28501540925018004,0.28441710156725947,99.87277647592539,99.66050544428533,XLF,金融,value,Lagging,7.0,-2.0,-4.0
2025-09-15,52.85968780517578,0.28487722824223277,0.2845704771255839,100.0003886610063,100.42336439392632,XLF,金融,value,Leading,8.0,3.0,6.0
2025-09-16,52.741519927978516,0.28499583530395767,0.28471226318504184,100.10913549877459,100.39215037360782,XLF,金融,value,Leading,8.0,1.0,2.0
2025-09-17,53.25357437133789,0.2874876788979535,0.2856374017560124,100.87371354390193,101.26578767166934,XLF,金融,value,Leading,8.0,2.0,5.0
2025-09-18,53.30281448364258,0.28588620426131883,0.2857203359244479,100.91552944332594,101.23589393704059,XLF,金融,value,Leading,8.0,2.0,5.0
2025-09-19,53.42097473144531,0.2870196423753507,0.28615343807474886,101.24206545638911,101.26569635315408,XLF,金融,value,Leading,8.0,1.0,3.0
2025-09-22,53.3498420715332,0.28650059720141324,0.28626915778363704,101.29573767073097,101.14731634040639,XLF,金融,value,Leading,8.0,0.0,-3.0
2025-09-23,53.11273193359375,0.28487960164606385,0.285805972404446,100.89324730419372,100.58760119441752,XLF,金融,value,Leading,8.0,0.0,-1.0
2025-09-24,52.96453857421875,0.28474866923620623,0.28545353801503276,100.60984198582305,99.47884058363412,XLF,金融,value,Weakening,7.0,-1.0,-3.0
2025-09-25,52.82622528076172,0.28636268663926245,0.2857565875564427,100.88204773679973,99.75376135610881,XLF,金融,value,Weakening,7.0,-1.0,-3.0
2025-09-26,53.21153259277344,0.285621465074289,0.28571154672905813,100.87588967706183,99.40845524219749,XLF,金融,value,Weakening,7.0,-1.0,-2.0
2025-09-29,53.47827911376953,0.286097433790093,0.2858401757494031,101.04390938022709,99.56421602549013,XLF,金融,value,Weakening,7.0,-1.0,-1.0
2025-09-30,53.22140884399414,0.2839727918705021,0.2852177144564362,100.53701208886334,99.46446659899152,XLF,金融,value,Weakening,6.0,-2.0,-2.0
2025-10-01,52.74718475341797,0.28080595294019595,0.28374712728435614,99.19812629001329,98.26875760815409,XLF,金融,value,Lagging,4.0,-3.0,-2.0
2025-10-02,52.707672119140625,0.2799330640475991,0.2824757728721038,98.03573829928816,96.9089625527007,XLF,金融,value,Lagging,3.0,-4.0,-3.0
2025-10-03,53.07321548461914,0.28088701816055434,0.281946187968254,97.60421495456495,96.81068680842235,XLF,金融,value,Lagging,1.0,-6.0,-5.0
2025-10-06,53.0534553527832,0.280870535896405,0.2815876372776377,97.43062400406232,96.80072606699242,XLF,金融,value,Lagging,1.0,-6.0,-5.0
2025-10-07,53.12261199951172,0.28247771582613274,0.28188433012713604,97.8300422676048,97.72674435621249,XLF,金融,value,Lagging,1.0,-5.0,-3.0
2025-10-08,52.86574172973633,0.2801991725064253,0.2813226109202325,97.51071164650713,98.63782365370675,XLF,金融,value,Lagging,1.0,-3.0,0.0
2025-10-09,52.67802810668945,0.28153353702195344,0.28139291962080615,97.71390777855503,99.80329654604296,XLF,金融,value,Lagging,1.0,-2.0,2.0
2025-10-10,51.53199768066406,0.2817612693837004,0.28151570287510425,97.9279038014975,100.35193353406368,XLF,金融,value,Improving,1.0,0.0,6.0
2025-10-13,52.02597427368164,0.2817228794648943,0.2815847617383676,98.07688263473212,100.6197525293355,XLF,金融,value,Improving,1.0,0.0,6.0
2025-10-14,52.598995208740234,0.28248338105407383,0.2818843015102697,98.37097398686709,100.51335182019196,XLF,金融,value,Improving,2.0,1.0,6.0
2025-10-15,52.598995208740234,0.2819149510388226,0.2818945180197874,98.4410173841495,100.84662098318174,XLF,金融,value,Improving,2.0,1.0,4.0
2025-10-16,51.136810302734375,0.2767007886459033,0.28016327489515935,97.38442480990773,99.74096082734052,XLF,金融,value,Lagging,1.0,0.0,2.0
2025-10-17,51.551753997802734,0.27753652975969995,0.27928769318333957,97.05863789077956,99.28228983157574,XLF,金融,value,Lagging,1.0,0.0,0.0
2025-10-20,52.15441131591797,0.2780011860220526,0.2788588574629106,97.0663623115766,99.18029433724699,XLF,金融,value,Lagging,1.0,0.0,0.0
2025-10-21,52.09513473510742,0.27641876359987994,0.2780454928419004,96.91100120880319,98.81703587368673,XLF,金融,value,Lagging,1.0,-1.0,-2.0
2025-10-22,51.798744201660156,0.27617809108188385,0.2774230255885616,96.9022602696557,98.78378817670459,XLF,金融,value,Lagging,1.0,-1.0,-2.0
2025-10-23,51.90742492675781,0.2754516264804349,0.2767658925525194,96.90249785618393,99.70596603569561,XLF,金融,value,Lagging,1.0,0.0,0.0
2025-10-24,52.470558166503906,0.27768293449086556,0.2770715731986348,97.2755501791284,100.30580725743145,XLF,金融,value,Improving,1.0,0.0,0.0
2025-10-27,52.68791198730469,0.2775995023885686,0.2772475495952794,97.53077161475473,100.51127473820182,XLF,金融,value,Improving,1.0,0.0,0.0
2025-10-28,52.35200500488281,0.27821926552743204,0.277571454905997,97.79840077525829,100.86263920949395,XLF,金融,value,Improving,1.0,0.0,1.0
2025-10-29,51.46284103393555,0.27658711853287,0.2772433427816213,97.79990139517277,100.86085778493793,XLF,金融,value,Improving,1.0,0.0,1.0
2025-10-30,51.60115432739258,0.2785284146925033,0.27767170008524866,98.06282830620374,101.06054016729702,XLF,金融,value,Improving,1.0,0.0,0.0
2025-10-31,51.739463806152344,0.2786656959218197,0.27800303203077237,98.26326559271568,100.8916413165242,XLF,金融,value,Improving,3.0,2.0,2.0
2025-11-03,51.522117614746094,0.27817596078757356,0.2780606749497061,98.35195334493878,100.7335231679183,XLF,金融,value,Improving,3.0,2.0,2.0
2025-11-04,51.78886795043945,0.28147799875036345,0.27919978288325853,98.79531817651606,100.86010910326543,XLF,金融,value,Improving,4.0,3.0,3.0
2025-11-05,51.966697692871094,0.2808009691567337,0.2797335116410836,99.00861163478929,101.00506164713337,XLF,金融,value,Improving,4.0,3.0,3.0
2025-11-06,51.778987884521484,0.2817722996917549,0.28041310765797406,99.26353037382957,100.9703466277572,XLF,金融,value,Improving,4.0,3.0,3.0
2025-11-07,52.144527435302734,0.2814013836770183,0.2807425329976555,99.39420098714575,100.89275210597388,XLF,金融,value,Improving,4.0,1.0,-1.0
2025-11-10,52.33224105834961,0.28079749732007186,0.280760854438461,99.41728888073068,100.82618963411204,XLF,金融,value,Improving,4.0,1.0,-1.0
2025-11-11,52.56935501098633,0.2804492718560804,0.2806569935776675,99.39573624023656,100.43660255336847,XLF,金融,value,Improving,4.0,0.0,-3.0
2025-11-12,53.02381896972656,0.28220444322881144,0.28117281012804884,99.58689423463221,100.41850293366451,XLF,金融,value,Improving,5.0,1.0,-2.0
2025-11-13,52.34212112426758,0.28176163754735223,0.2813690859344833,99.66490516905719,100.27245681302202,XLF,金融,value,Improving,5.0,1.0,-2.0
2025-11-14,51.818504333496094,0.27997036218726234,0.28090284468540966,99.51681518514425,100.04381942453648,XLF,金融,value,Improving,6.0,2.0,1.0
2025-11-17,50.830543518066406,0.27828673278979144,0.28003080738687025,99.23490754450798,99.79376518311764,XLF,金融,value,Lagging,5.0,1.0,0.0
2025-11-18,50.75150680541992,0.2776887854181382,0.2792501333972929,98.99589426775667,99.62577109026242,XLF,金融,value,Lagging,3.0,-1.0,-1.0
2025-11-19,50.93922424316406,0.2795621872582196,0.2793541513509351,99.05852700076427,99.52972590400658,XLF,金融,value,Lagging,3.0,-2.0,-3.0
2025-11-20,50.4946403503418,0.2805448291700715,0.2797510439573139,99.21448879014906,99.60181753535937,XLF,金融,value,Lagging,3.0,-2.0,-3.0
2025-11-21,51.04789352416992,0.27815270869405256,0.27921826553622686,99.06249550744599,99.60913113278673,XLF,金融,value,Lagging,2.0,-4.0,-6.0
2025-11-24,51.2652473449707,0.278183917456597,0.27887348284301694,98.97948997248321,99.78500693853289,XLF,金融,value,Lagging,2.0,-3.0,-4.0
2025-11-25,51.90742492675781,0.2777230790331548,0.27849001490639624,98.88818108905278,99.91851221449551,XLF,金融,value,Lagging,2.0,-1.0,0.0
2025-11-26,52.3124885559082,0.27795090501936176,0.27831031161071806,98.86582345993551,99.86435658566438,XLF,金融,value,Lagging,3.0,0.0,2.0
2025-11-28,52.68791198730469,0.27844013112419025,0.27835358478187544,98.91456886607733,99.79715581001571,XLF,金融,value,Lagging,4.0,1.0,3.0
2025-12-01,52.25320816040039,0.2780445775333058,0.27825058236568556,98.91345041869259,99.94719639057803,XLF,金融,value,Lagging,4.0,2.0,6.0
2025-12-02,52.20381164550781,0.27804485056556927,0.27818200509898017,98.92183520258973,100.04742869644133,XLF,金融,value,Improving,3.0,1.0,4.0
2025-12-03,52.9052619934082,0.2796471671764873,0.27867039245814923,99.11176224446812,100.31720062299617,XLF,金融,value,Improving,3.0,1.0,2.0
2025-12-04,53.013938903808594,0.28013383417337484,0.27915820636322447,99.30436999114433,100.50420146663302,XLF,金融,value,Improving,5.0,2.0,2.0
2025-12-05,53.033695220947266,0.27958142859521606,0.279299280440555,99.37643685569314,100.50750728907475,XLF,金融,value,Improving,6.0,2.0,1.0
2025-12-08,52.83610153198242,0.2802181614867445,0.2796055741226182,99.5049630360287,100.6003649445805,XLF,金融,value,Improving,7.0,3.0,1.0
2025-12-09,52.638511657714844,0.27969780595993216,0.2796363180683895,99.53697033764325,100.59780318109311,XLF,金融,value,Improving,7.0,4.0,3.0
2025-12-10,53.24116516113281,0.2789751674488395,0.2794159345285395,99.48105773240586,100.35516783866534,XLF,金融,value,Improving,7.0,4.0,3.0
2025-12-11,54.20936965942383,0.2817728641202564,0.28020157772577853,99.78284079832594,100.44184882223753,XLF,金融,value,Improving,8.0,3.0,1.0
2025-12-12,54.28840255737305,0.2841095233307777,0.28150422626077826,100.27597304712022,100.81359396666517,XLF,金融,value,Leading,9.0,3.0,1.0
2025-12-15,54.32792663574219,0.2839640299813428,0.2823241608342998,100.5998292600495,100.9741624362654,XLF,金融,value,Leading,10.0,3.0,0.0
2025-12-16,53.98213577270508,0.2841522403442687,0.2829335206709561,100.86194696805067,101.1800121414436,XLF,金融,value,Leading,11.0,4.0,0.0
2025-12-17,53.972259521484375,0.28487059990467606,0.2835792137488628,101.14417548498798,101.46820503128909,XLF,金融,value,Leading,11.0,4.0,0.0
2025-12-18,53.88334274291992,0.28379452940906535,0.283650985635597,101.21990253706058,101.26444784190512,XLF,金融,value,Leading,11.0,3.0,0.0
2025-12-19,54.17972946166992,0.28431991747272306,0.283873962914639,101.36250504031122,100.95867231670964,XLF,金融,value,Leading,11.0,2.0,-1.0
2025-12-22,54.844970703125,0.28569332447238277,0.28448041676722025,101.64812009746527,100.9180110701412,XLF,金融,value,Leading,11.0,1.0,-2.0
2025-12-23,54.95402526855469,0.28692853474058005,0.28529645609167353,101.99470239933845,100.96643000631553,XLF,金融,value,Leading,11.0,0.0,-4.0
2025-12-24,55.25144958496094,0.28743942945207124,0.28601078054513945,102.28360542890579,100.94883690705673,XLF,金融,value,Leading,11.0,0.0,-4.0
2025-12-26,55.142391204833984,0.28679805119540464,0.28627320409522783,102.36915262644257,100.93073914888491,XLF,金融,value,Leading,11.0,0.0,-3.0
2025-12-29,54.844970703125,0.2857228255201378,0.2860897445701978,102.28306317234815,100.71278427988729,XLF,金融,value,Leading,11.0,0.0,-2.0
2025-12-30,54.706172943115234,0.2854570236039515,0.28587883758144905,102.1721896316735,100.35650119460296,XLF,金融,value,Leading,11.0,0.0,-1.0
2025-12-31,54.29969024658203,0.285776528783803,0.28584473464890037,102.09530744152607,99.9674352488183,XLF,金融,value,Weakening,11.0,0.0,0.0
2026-01-02,54.45832061767578,0.2846794100682939,0.2854562931220316,101.87385804246739,99.45298905214595,XLF,金融,value,Weakening,10.0,-1.0,-1.0
2026-01-05,55.648014068603516,0.2882234396395283,0.2863786752945305,102.1268349983925,99.52281871008591,XLF,金融,value,Weakening,10.0,-1.0,-1.0
2026-01-06,55.91569900512695,0.2861551379201559,0.28630416283640564,102.00324691598207,99.34352007264374,XLF,金融,value,Weakening,10.0,-1.0,-1.0
2026-01-07,55.13248062133789,0.2853480438267964,0.28598545649986923,101.81514491114837,99.11928146723085,XLF,金融,value,Weakening,10.0,-1.0,-1.0
2026-01-08,55.41999053955078,0.28439784546974056,0.2854562528231597,101.57220479919003,98.82156941215821,XLF,金融,value,Weakening,10.0,-1.0,-1.0
2026-01-09,55.25144958496094,0.2818971919187311,0.28426989918835016,101.13326146526528,98.54726065610801,XLF,金融,value,Weakening,9.0,-1.0,0.0
2026-01-12,54.81522750854492,0.2794170206205902,0.28265227299909684,100.57077416546116,97.5996298274709,XLF,金融,value,Weakening,9.0,-1.0,0.0
2026-01-13,53.76432800292969,0.27406012943948754,0.27978822514589374,99.60073294708134,96.85161859809931,XLF,金融,value,Lagging,6.0,-4.0,-3.0
2026-01-14,53.685020446777344,0.2724162395719514,0.2773308966212463,98.79872179736402,96.57252009906951,XLF,金融,value,Lagging,5.0,-5.0,-4.0
2026-01-15,53.90312576293945,0.2723168112726947,0.2756595348383958,98.30665124003663,96.69980843736681,XLF,金融,value,Lagging,2.0,-8.0,-7.0
2026-01-16,53.9725227355957,0.2733660125288841,0.2748950274018919,98.13643796965603,97.19762179324206,XLF,金融,value,Lagging,2.0,-7.0,-6.0
2026-01-20,52.7431755065918,0.27118583996507184,0.27365863158961856,97.85078397178748,97.58501587626765,XLF,金融,value,Lagging,2.0,-7.0,-6.0
2026-01-21,53.000938415527344,0.26797384688070613,0.27176370335331446,97.4425346526358,98.13229573766925,XLF,金融,value,Lagging,2.0,-4.0,0.0
2026-01-22,53.347938537597656,0.2693770483770047,0.2709681516945446,97.38994186962714,98.76867610472877,XLF,金融,value,Lagging,2.0,-3.0,2.0
2026-01-23,52.614288330078125,0.2668620795310339,0.2695994609733744,97.22275141969546,99.03242253931366,XLF,金融,value,Lagging,1.0,-1.0,7.0
2026-01-26,52.95137023925781,0.26793820858193895,0.26904571017622925,97.27357541766533,99.22985240841653,XLF,金融,value,Lagging,1.0,-1.0,6.0
2026-01-27,52.544891357421875,0.2662957560960634,0.268129058816174,97.256238823725,99.47159273601771,XLF,金融,value,Lagging,1.0,-1.0,6.0
2026-01-28,52.534976959228516,0.2671452550794678,0.2678011242372719,97.36907778069683,99.92377544699661,XLF,金融,value,Lagging,1.0,-1.0,3.0
2026-01-29,53.09016799926758,0.2696148625066332,0.2684057036603924,97.64308882820812,100.21248230026696,XLF,金融,value,Improving,1.0,-1.0,2.0
2026-01-30,52.981109619140625,0.26965868566776785,0.2688233643295176,97.84079830129515,100.53088670651624,XLF,金融,value,Improving,1.0,0.0,1.0
2026-02-02,53.566043853759766,0.2712391049591689,0.26962861120606807,98.08607709335953,100.70589944815767,XLF,金融,value,Improving,1.0,0.0,1.0
2026-02-03,53.07033920288086,0.2694462837403633,0.2695678353841665,98.15301453179025,100.78078738767758,XLF,金融,value,Improving,1.0,0.0,1.0
2026-02-04,53.49664306640625,0.2692647896079383,0.2694668201254238,98.20798754925502,100.7303534933584,XLF,金融,value,Improving,3.0,2.0,3.0
2026-02-05,52.8323974609375,0.2682517666073956,0.26906180228608106,98.21170281255796,100.50451093467038,XLF,金融,value,Improving,3.0,2.0,3.0
2026-02-06,53.794071197509766,0.26813802994641117,0.2687538781728578,98.23434103051672,100.3666919723622,XLF,金融,value,Improving,4.0,3.0,3.0
2026-02-09,53.4768180847168,0.2663986114902247,0.26796878927864676,98.18163811964925,100.12226849446647,XLF,金融,value,Improving,4.0,3.0,3.0
2026-02-10,53.09016799926758,0.26353490792002815,0.2664908288257739,98.0317874308029,99.94774873578916,XLF,金融,value,Lagging,4.0,3.0,3.0
2026-02-11,52.28712463378906,0.2590894240562811,0.26402369390260966,97.7632085907431,99.6781679838073,XLF,金融,value,Lagging,4.0,1.0,-1.0
2026-02-12,51.24613952636719,0.25730787202804956,0.2617850866110897,97.57830143972004,99.52567092540598,XLF,金融,value,Lagging,2.0,-1.0,-3.0
2026-02-13,51.20648193359375,0.2544726502799347,0.25934760783403804,97.41224400193587,99.37595309179424,XLF,金融,value,Lagging,3.0,-1.0,-4.0
2026-02-17,51.75176239013672,0.25762691792886583,0.258774044532314,97.51179289834002,99.52820114579698,XLF,金融,value,Lagging,3.0,-1.0,-4.0
2026-02-18,52.13841247558594,0.25821294467190953,0.25858701124551253,97.64422420438619,99.78941937968065,XLF,金融,value,Lagging,3.0,-1.0,-4.0
2026-02-19,51.70219039916992,0.2565945972348541,0.2579228732419597,97.70603244963753,100.08489496049667,XLF,金融,value,Improving,3.0,-1.0,-2.0
2026-02-20,52.03927230834961,0.25706533897587097,0.25763702848659686,97.80323168050626,100.3296273728259,XLF,金融,value,Improving,3.0,1.0,2.0
2026-02-23,50.29438400268555,0.2512029355468445,0.25549233084001277,97.69717357254959,100.37192110664765,XLF,金融,value,Improving,2.0,-1.0,0.0
2026-02-24,50.542236328125,0.2504432781967917,0.2538093132922724,97.66069525549507,100.24110948570934,XLF,金融,value,Improving,1.0,-2.0,-1.0
2026-02-25,51.42459487915039,0.25466530806369075,0.25409464488274525,97.82175128104905,100.2578844845458,XLF,金融,value,Improving,1.0,-2.0,-1.0
2026-02-26,52.0491828918457,0.2563105409669513,0.2548332769108139,98.00456788446986,100.35849678319076,XLF,金融,value,Improving,2.0,-1.0,0.0
2026-02-27,50.988372802734375,0.25079268321513976,0.2534864123455892,97.97697778383427,100.24221773760033,XLF,金融,value,Improving,2.0,-1.0,-2.0
2026-03-02,50.8594856262207,0.25062337647104027,0.25253206705407294,97.99064680703255,100.34252371640373,XLF,金融,value,Improving,2.0,0.0,1.0
2026-03-03,50.770259857177734,0.2532911762433309,0.2527851034504923,98.10810608760161,100.46931955657847,XLF,金融,value,Improving,2.0,1.0,3.0
2026-03-04,51.057769775390625,0.2537086092263314,0.2530929387091054,98.21840539210639,100.4155000202421,XLF,金融,value,Improving,2.0,1.0,3.0
2026-03-05,50.79009246826172,0.25533598029529897,0.2538406192378366,98.35499111976273,100.36792482163474,XLF,金融,value,Improving,1.0,-1.0,0.0
2026-03-06,50.1357536315918,0.25508651887725176,0.25425591911764167,98.45313648351275,100.47609866681668,XLF,金融,value,Improving,1.0,-1.0,0.0
2026-03-09,49.89781951904297,0.25316041811177725,0.2538907521156869,98.48111067359125,100.4879632697848,XLF,金融,value,Improving,1.0,-1.0,-1.0
2026-03-10,49.6301383972168,0.25370472176814496,0.2538287419998396,98.53180193254701,100.4290272101646,XLF,金融,value,Improving,1.0,-1.0,-2.0
2026-03-11,49.2137451171875,0.2524080238165429,0.2533551692720741,98.5469912673839,100.34846994824656,XLF,金融,value,Improving,1.0,-1.0,-2.0
2026-03-12,48.410701751708984,0.25218955798916615,0.25296663217777143,98.56831356151167,100.2517340471666,XLF,金融,value,Improving,1.0,0.0,1.0
2026-03-13,48.470184326171875,0.2525124517637243,0.2528152387064224,98.6069553159414,100.20164816837696,XLF,金融,value,Improving,1.0,0.0,1.0
2026-03-16,48.87666320800781,0.25274933204327726,0.25279326981870737,98.65326205639549,100.22281239092183,XLF,金融,value,Improving,1.0,0.0,1.0
2026-03-17,49.13443374633789,0.2526696641595404,0.2527520679323184,98.69524828490404,100.2268267020234,XLF,金融,value,Improving,1.0,0.0,1.0
2026-03-18,48.54949951171875,0.25299103653140825,0.25283172413201505,98.7439000867561,100.2723577019646,XLF,金融,value,Improving,2.0,1.0,2.0
2026-03-19,48.5693244934082,0.25329070945431126,0.2529847192394471,98.79547675526611,100.32004786868019,XLF,金融,value,Improving,3.0,2.0,2.0
2026-03-20,48.65855407714844,0.257539495634353,0.2545029780377491,98.94865327645843,100.4547471803102,XLF,金融,value,Improving,3.0,2.0,2.0
2026-03-23,49.0980110168457,0.2571243061144238,0.2553767540633073,99.04806452092602,100.52897970587834,XLF,金融,value,Improving,3.0,2.0,2.0
2026-03-24,49.107975006103516,0.25686828535640016,0.25587393116100493,99.11603548983102,100.56921327731355,XLF,金融,value,Improving,3.0,2.0,2.0
2026-03-25,49.16776657104492,0.2559407928285144,0.25589621838350807,99.14523210502381,100.56530224104257,XLF,金融,value,Improving,3.0,1.0,0.0
2026-03-26,48.87877655029297,0.25679334222039873,0.25619525966247164,99.1956005233058,100.58173998485897,XLF,金融,value,Improving,4.0,1.0,-1.0
2026-03-27,47.64310836791992,0.25378127208000933,0.25539059713498424,99.15516077675002,100.41048321407585,XLF,金融,value,Improving,4.0,1.0,-1.0
2026-03-30,48.19118881225586,0.257233050657988,0.25600474830931885,99.23113632813212,100.40800362643225,XLF,金融,value,Improving,5.0,2.0,0.0
2026-03-31,49.197662353515625,0.2573374115043435,0.2564489693743271,99.29307794047736,100.41786451015324,XLF,金融,value,Improving,5.0,2.0,0.0
2026-04-01,49.267417907714844,0.25687246258260293,0.2565901337770857,99.32905333739188,100.4317970306452,XLF,金融,value,Improving,5.0,2.0,1.0
2026-04-02,49.35710144042969,0.2566070422918455,0.25659576994867234,99.35279255710768,100.40337541457384,XLF,金融,value,Improving,5.0,1.0,0.0
2026-04-06,49.70588302612305,0.25731426533919055,0.2568352684121784,99.39817377923445,100.48008727016564,XLF,金融,value,Improving,5.0,1.0,0.0
2026-04-07,49.70588302612305,0.25788610917615534,0.2571855486668374,99.45465694620448,100.45176407328431,XLF,金融,value,Improving,4.0,-1.0,-3.0
2026-04-08,51.02127456665039,0.25873342171525776,0.25770150634964417,99.53006500661388,100.4563855429785,XLF,金融,value,Improving,4.0,-1.0,-3.0
2026-04-09,51.150821685791016,0.25923322350413425,0.2582120787344742,99.60933145260917,100.48941368369857,XLF,金融,value,Improving,4.0,-1.0,-3.0
2026-04-10,50.5927734375,0.25826957372817355,0.258231243732374,99.63862896277503,100.48149914983058,XLF,金融,value,Improving,5.0,0.0,-1.0
2026-04-13,51.47966766357422,0.2599156965584569,0.258792728007735,99.73480124838794,100.51605459581086,XLF,金融,value,Improving,5.0,0.0,-1.0
2026-04-14,51.599246978759766,0.25943644444048913,0.25900730015198636,99.79507340930881,100.49643487696524,XLF,金融,value,Improving,5.0,1.0,2.0
2026-04-15,51.987884521484375,0.26129886568057936,0.25977115532818407,99.93297895606835,100.53855182879843,XLF,金融,value,Improving,4.0,0.0,1.0
2026-04-16,51.84837341308594,0.2594157186639972,0.2596526764401218,99.95319044025581,100.45518014496761,XLF,金融,value,Improving,4.0,0.0,1.0
2026-04-17,52.246978759765625,0.25816755861393814,0.2591576371647273,99.91577616992986,100.35465207957431,XLF,金融,value,Improving,3.0,-2.0,-2.0
2026-04-20,52.44628143310547,0.2583385313668219,0.25888460189875884,99.90888387349447,100.17264839737686,XLF,金融,value,Improving,4.0,-1.0,-1.0
2026-04-21,52.117431640625,0.25830298431374715,0.2586907293704216,99.91209026985234,100.01345764848865,XLF,金融,value,Improving,5.0,0.0,-1.0
2026-04-22,52.027748107910156,0.25797313370705255,0.2584515308159653,99.90403450982221,99.60218089236146,XLF,金融,value,Lagging,6.0,2.0,2.0
2026-04-23,51.619178771972656,0.2559599391007264,0.25762100024421897,99.79059010816374,99.15998922930345,XLF,金融,value,Lagging,4.0,0.0,0.0
2026-04-24,51.24050521850586,0.2546104531759758,0.2566174845548046,99.63809148084162,98.734079207974,XLF,金融,value,Lagging,4.0,1.0,3.0
2026-04-27,51.629146575927734,0.25684670449161884,0.25669389120040936,99.6784616548258,98.76434322594324,XLF,金融,value,Lagging,4.0,0.0,1.0
2026-04-28,51.669002532958984,0.25836375838731584,0.2572505135960449,99.81091323112233,99.08932102275425,XLF,金融,value,Lagging,5.0,0.0,0.0
2026-04-29,51.7387580871582,0.2591643602454744,0.25788846247918806,99.96434466684676,99.57884553806876,XLF,金融,value,Lagging,7.0,1.0,-1.0
2026-04-30,51.948028564453125,0.2563370548569788,0.2573713266051183,99.8921227996191,99.71402059681387,XLF,金融,value,Lagging,7.0,3.0,3.0
2026-05-01,51.7387580871582,0.2560848595013584,0.25694250423719833,99.83525984761792,100.0310537248999,XLF,金融,value,Improving,7.0,3.0,2.0
2026-05-04,51.39994812011719,0.25589668982859604,0.2565938994343309,99.79298598266759,99.80007390870128,XLF,金融,value,Lagging,6.0,2.0,2.0
2026-05-05,51.409912109375,0.25393136888995543,0.2557063892528725,99.61527285360208,98.80975000062604,XLF,金融,value,Lagging,6.0,1.0,1.0
2026-05-06,51.65903854370117,0.25315646718249213,0.2548564152294124,99.42125280843872,97.71679539442187,XLF,金融,value,Lagging,6.0,-1.0,-2.0
2026-05-07,51.370052337646484,0.25336052356849953,0.25435778467577475,99.2925121154934,97.65940844528821,XLF,金融,value,Lagging,6.0,-1.0,-4.0
2026-05-08,51.061134338378906,0.2511459142006452,0.2532871611840649,98.95603171424183,97.03291616166166,XLF,金融,value,Lagging,4.0,-3.0,-6.0
2026-05-11,51.0013427734375,0.25098709442698364,0.2525204722650378,98.65372244232937,96.65839431753922,XLF,金融,value,Lagging,3.0,-3.0,-5.0
2026-05-12,51.39994812011719,0.25317212315064236,0.252737689226906,98.67596014654043,97.39419233369172,XLF,金融,value,Lagging,3.0,-3.0,-4.0
2026-05-13,50.812007904052734,0.25137390665134474,0.25228309503505225,98.4709571176176,97.4889381511484,XLF,金融,value,Lagging,3.0,-3.0,-2.0
2026-05-14,51.1109619140625,0.25193412152061767,0.2521667705302407,98.43661084985538,97.7722945552396,XLF,金融,value,Lagging,2.0,-4.0,-3.0
2026-05-15,50.92162322998047,0.25361595826142785,0.25264983310730316,98.68506192190836,99.15523042536583,XLF,金融,value,Lagging,3.0,-1.0,2.0
2026-05-18,51.559391021728516,0.2552222426242465,0.2535073029462843,99.08881593101299,100.91800818340575,XLF,金融,value,Improving,5.0,2.0,5.0
2026-05-19,50.92162322998047,0.2535404846216034,0.253518363504724,99.12189095264486,100.91659380357628,XLF,金融,value,Improving,5.0,2.0,5.0
2026-05-20,51.47966766357422,0.2535398979263706,0.25352554164527286,99.15295618536584,101.47499231674237,XLF,金融,value,Improving,6.0,3.0,6.0
2026-05-21,51.54942321777344,0.25279204712259745,0.25328104347104774,99.073737045526,101.32503999331891,XLF,金融,value,Improving,6.0,4.0,8.0
2026-05-22,51.758689880371094,0.2515206657947629,0.25269425091228614,98.84414942159758,100.12443549214832,XLF,金融,value,Improving,5.0,2.0,3.0
2026-05-26,51.669002532958984,0.2498030489403557,0.25173051692164267,98.45800022231933,98.20920682112576,XLF,金融,value,Lagging,5.0,0.0,-2.0
2026-05-27,51.24050521850586,0.24791048477270047,0.2504571728719953,97.99438995325849,97.23031990113353,XLF,金融,value,Lagging,4.0,-1.0,-3.0
2026-05-28,51.09103012084961,0.24628520198384418,0.24906651590927828,97.57296960343373,96.6195363253249,XLF,金融,value,Lagging,1.0,-5.0,-8.0
2026-05-29,51.39994812011719,0.24708618775574273,0.24840640652476642,97.4747417419583,96.910796456641,XLF,金融,value,Lagging,1.0,-5.0,-9.0
2026-06-01,51.25047302246094,0.24592014302645365,0.24757765202532883,97.33771178980902,97.31073663996452,XLF,金融,value,Lagging,1.0,-4.0,-6.0
2026-06-02,51.280364990234375,0.24509124328867174,0.2467488491131098,97.2473807108195,97.95203719991233,XLF,金融,value,Lagging,3.0,-2.0,-2.0
2026-06-03,50.69242477416992,0.2431959135621936,0.24556453726280442,97.10035947711432,98.55813626781186,XLF,金融,value,Lagging,3.0,-1.0,0.0
2026-06-04,52.007816314697266,0.24763663725562352,0.2462552372604108,97.49434757198617,99.97369589478268,XLF,金融,value,Lagging,3.0,2.0,7.0
2026-06-05,52.117431640625,0.2517407019943245,0.24808372550504873,98.12671470131954,101.22538444366201,XLF,金融,value,Improving,5.0,4.0,9.0
2026-06-08,51.7885856628418,0.25041738484232673,0.24886161195080808,98.40939440653598,101.88794984689169,XLF,金融,value,Improving,7.0,6.0,10.0
2026-06-09,52.27687454223633,0.25086921424804015,0.24953081271655211,98.63987712039288,102.30642381007641,XLF,金融,value,Improving,7.0,4.0,6.0
2026-06-10,52.04767608642578,0.2529862382316963,0.2506826212216002,98.98248633444338,102.85391598678474,XLF,金融,value,Improving,7.0,4.0,5.0
2026-06-11,52.436317443847656,0.2509625436669224,0.2507759287033743,99.0246013059751,102.20123251881297,XLF,金融,value,Improving,8.0,5.0,3.0
2026-06-12,53.153804779052734,0.2521127316617287,0.2512215296894924,99.15836956119081,101.43501168459105,XLF,金融,value,Improving,8.0,3.0,-1.0
2026-06-15,53.3730354309082,0.25168985647903697,0.2513776386193406,99.21043175331516,101.08240315388724,XLF,金融,value,Improving,9.0,2.0,-4.0
2026-06-16,54.1602783203125,0.2562569263301983,0.25300406785629315,99.65459773545143,101.3446756445264,XLF,金融,value,Improving,10.0,3.0,-1.0
2026-06-17,53.861324310302734,0.25872012228506847,0.2549094193325516,100.16774785276519,101.53016647510776,XLF,金融,value,Leading,10.0,3.0,-1.0
2026-06-18,53.382999420166016,0.25523785361412227,0.2550188974264085,100.18906315020389,101.45616518160348,XLF,金融,value,Leading,9.0,1.0,-4.0
2026-06-22,53.70000076293945,0.2561900701616022,0.25540928833813975,100.2920649638683,101.37760451872855,XLF,金融,value,Leading,9.0,1.0,-2.0
2026-06-23,53.880001068115234,0.2579348040861034,0.2562511269207943,100.51835374812445,101.55858988175854,XLF,金融,value,Leading,9.0,0.0,-2.0
2026-06-24,53.720001220703125,0.25534746636509803,0.2559499067355622,100.43547067516634,100.8643806331099,XLF,金融,value,Leading,9.0,-1.0,-4.0
2026-06-25,53.45000076293945,0.25242031056878134,0.25477337467996863,100.1183558814262,99.80316964196714,XLF,金融,value,Weakening,9.0,-1.0,-4.0
2026-06-26,53.56999969482422,0.25471922550852233,0.2547553249561532,100.11991367144081,99.78711236704791,XLF,金融,value,Weakening,8.0,-1.0,-2.0
2026-06-29,53.720001220703125,0.2521473853612315,0.253886011757846,99.88757815934109,99.36860638229707,XLF,金融,value,Lagging,8.0,-1.0,-2.0
2026-06-30,53.61000061035156,0.25196221052710843,0.2532447446809335,99.72300960969291,98.8965164045563,XLF,金融,value,Lagging,8.0,-1.0,-1.0
2026-07-01,54.779998779296875,0.2566889922650003,0.2543928272089558,100.04811690575092,99.42934696193018,XLF,金融,value,Weakening,8.0,-1.0,0.0
2026-07-02,55.619998931884766,0.2588060024387366,0.25586388561888274,100.45820766301074,100.35037813775112,XLF,金融,value,Leading,8.0,-1.0,0.0
2026-07-06,56.13999938964844,0.261116276230923,0.2576146824895628,100.93452328254936,100.93354168985059,XLF,金融,value,Leading,9.0,1.0,2.0
2026-07-07,56.04999923706055,0.26102547549146227,0.258751613490196,101.22920716061891,101.54566473443094,XLF,金融,value,Leading,10.0,2.0,3.0
2026-07-08,54.970001220703125,0.2590480773386198,0.25885043477300396,101.2396999557157,101.69574031320361,XLF,金融,value,Leading,10.0,2.0,3.0
2026-07-09,55.540000915527344,0.2601405195106667,0.2592804630188915,101.33905174255781,101.38108086286186,XLF,金融,value,Leading,10.0,2.0,3.0
2026-07-10,55.709999084472656,0.2599626611811926,0.25950786240632523,101.38521980205685,100.92985324662322,XLF,金融,value,Leading,10.0,2.0,3.0
2026-07-13,56.06999969482422,0.2617280530880227,0.26024792596689106,101.55686165356627,100.56252036737376,XLF,金融,value,Leading,10.0,1.0,0.0
2026-07-14,56.18000030517578,0.2631998177952583,0.26123188990968016,101.77935209531294,100.47282640721062,XLF,金融,value,Leading,11.0,1.0,-1.0
2026-07-15,56.560001373291016,0.265577316284453,0.2626803653679378,102.08810239373629,100.81009229269279,XLF,金融,value,Leading,11.0,1.0,-1.0
2026-07-16,56.75,0.26387985048004237,0.26308019373863933,102.12607703917011,100.72843813431088,XLF,金融,value,Leading,11.0,1.0,-1.0
2026-07-17,56.2599983215332,0.2636734292965324,0.2632779389246037,102.10893280654533,100.64560644790312,XLF,金融,value,Leading,11.0,1.0,-1.0
2026-07-20,56.040000915527344,0.2638169729714276,0.2634576169402117,102.0799594897578,100.40736196597035,XLF,金融,value,Leading,11.0,1.0,0.0
2026-07-21,56.11000061035156,0.26372439396048564,0.26354654261363636,102.0287447449721,100.08819167609953,XLF,金融,value,Leading,11.0,0.0,-1.0
2026-07-22,56.04999923706055,0.2635166903678875,0.2635365918650534,101.95812630135023,99.65264881995986,XLF,金融,value,Weakening,11.0,0.0,-1.0
2026-07-23,55.83000183105469,0.2634484820377655,0.2635072219226241,101.8867851870257,99.53037962291452,XLF,金融,value,Weakening,11.0,0.0,-1.0
2026-07-24,56.310001373291016,0.26366062388061495,0.2635583559086211,101.83053673220014,99.48771124452479,XLF,金融,value,Weakening,11.0,0.0,-1.0
2026-07-27,56.880001068115234,0.26433684823950243,0.2638178533522482,101.81249367782081,99.50012301489137,XLF,金融,value,Weakening,11.0,0.0,-1.0
2026-07-28,57.599998474121094,0.2645964345084005,0.26407738040429896,101.79439293573597,99.5385314449844,XLF,金融,value,Weakening,11.0,0.0,0.0
2026-07-29,56.68000030517578,0.2627358338094116,0.2636301982060032,101.64809805202172,99.45569885015546,XLF,金融,value,Weakening,10.0,-1.0,-1.0
2026-07-30,57.0,0.26464852218298307,0.2639696395316632,101.66091174260333,99.55882528532764,XLF,金融,value,Weakening,10.0,-1.0,-1.0
2026-07-31,56.939998626708984,0.2648248922442471,0.2642547237691912,101.65830809827276,99.6261372376313,XLF,金融,value,Weakening,11.0,0.0,0.0
2026-08-03,57.380001068115234,0.2642899954253854,0.2642664809879226,101.60456474357058,99.59295465500485,XLF,金融,value,Weakening,11.0,0.0,0.0
2026-08-04,57.880001068115234,0.2628161567042955,0.2637830395600469,101.46755870376109,99.46543796502108,XLF,金融,value,Weakening,11.0,0.0,0.0
2026-08-05,58.0,0.2639603200644434,0.2638421330615124,101.43020522577581,99.59098078365629,XLF,金融,value,Weakening,11.0,1.0,2.0
2026-08-06,57.810001373291016,0.2644798283878396,0.26405469817028815,101.41852012988264,99.55586374580017,XLF,金融,value,Weakening,11.0,1.0,2.0
2026-08-07,57.599998474121094,0.26171111560059895,0.26327350398039173,101.2408756728141,99.34926217172743,XLF,金融,value,Weakening,11.0,0.0,0.0
2026-08-10,57.810001373291016,0.2625102218365451,0.2630190765991095,101.1591081754896,99.30365641017548,XLF,金融,value,Weakening,11.0,0.0,0.0
2026-08-11,57.79999923706055,0.26190583441769905,0.2626479958719727,101.06118519076603,99.32546313323026,XLF,金融,value,Weakening,10.0,-1.0,-1.0
2026-08-12,57.91999816894531,0.2619866007292994,0.26242753082441495,100.99224907036634,99.2716720403493,XLF,金融,value,Weakening,10.0,-1.0,-2.0
2026-08-13,58.2599983215332,0.2615723047595324,0.26214245546945414,100.91468808819181,99.1769793091997,XLF,金融,value,Weakening,10.0,-1.0,-2.0
2026-08-14,58.15999984741211,0.26107644086714193,0.2617871172686834,100.82771142902847,99.27149895830489,XLF,金融,value,Weakening,10.0,-1.0,-1.0
2026-08-17,57.58000183105469,0.2607908129080555,0.2614550158151408,100.74724310945669,99.27706862098923,XLF,金融,value,Weakening,10.0,-1.0,-1.0
2026-08-18,57.84000015258789,0.2631602981000554,0.2620234432434457,100.81887129716522,99.49632234281684,XLF,金融,value,Weakening,9.0,-1.0,0.0
2026-08-19,57.47999954223633,0.2588372929547232,0.26096139314720485,100.61866403092003,99.35477598806146,XLF,金融,value,Weakening,9.0,-1.0,0.0
2026-08-20,56.95000076293945,0.2585345972332188,0.2601524611758762,100.4643135757531,99.2844316166178,XLF,金融,value,Weakening,9.0,-1.0,0.0
2026-08-21,57.47999954223633,0.2593043714396933,0.2598697645971486,100.39959556952142,99.3321836672159,XLF,金融,value,Weakening,9.0,-1.0,0.0
2026-08-24,58.220001220703125,0.2623349846442659,0.2606915046128544,100.51975412265875,99.58205102788324,XLF,金融,value,Weakening,9.0,-1.0,0.0
2026-08-25,58.310001373291016,0.26293006380453887,0.2614376910100826,100.62428511977575,99.61119591270098,XLF,金融,value,Weakening,9.0,0.0,1.0
2026-08-26,58.2599983215332,0.2623024544659695,0.2617259454953782,100.64941184081492,99.85904697192773,XLF,金融,value,Weakening,9.0,0.0,1.0
2026-08-27,57.880001068115234,0.2613682631101733,0.2616067180336432,100.60436921236622,99.95866621057203,XLF,金融,value,Weakening,9.0,0.0,1.0
2026-08-28,58.099998474121094,0.26326520382157675,0.2621595466296211,100.67769777496872,100.10187668930844,XLF,金融,value,Leading,9.0,0.0,1.0
2026-08-31,57.709999084472656,0.2630475374676336,0.2624555435756253,100.70813416364987,99.94308377389864,XLF,金融,value,Weakening,9.0,0.0,1.0
2026-09-01,57.20000076293945,0.26287973585934005,0.26259694100353026,100.71387220768874,99.7678991492435,XLF,金融,value,Weakening,9.0,0.0,0.0
2026-09-02,57.65999984741211,0.26376943384030765,0.26298777194912276,100.77527700361416,99.79237151500281,XLF,金融,value,Weakening,9.0,0.0,0.0
2026-09-03,58.560001373291016,0.2661213386101029,0.2640322941694495,100.97932358928003,100.15153960516918,XLF,金融,value,Leading,9.0,0.0,0.0
2026-09-04,58.099998474121094,0.26529679668548445,0.2644537950081278,101.05690667751631,100.16469241686436,XLF,金融,value,Leading,9.0,0.0,0.0
2026-09-08,57.29999923706055,0.2643842586011718,0.26443061620580915,101.0387833445056,100.1111625363941,XLF,金融,value,Leading,9.0,0.0,0.0
2026-09-09,57.060001373291016,0.2658404842319566,0.264900572214525,101.13552168403271,100.27819198899249,XLF,金融,value,Leading,9.0,0.0,0.0
2026-09-10,56.869998931884766,0.26678237754082607,0.2655278406566254,101.27000142264771,100.44860392407737,XLF,金融,value,Leading,10.0,1.0,1.0
2026-09-11,57.25,0.26644017918265667,0.2658319534986358,101.33233386838369,100.25777660367487,XLF,金融,value,Leading,10.0,1.0,1.0
2026-09-14,57.029998779296875,0.26524347814670396,0.26563579504799184,101.26993967533274,100.0434315078291,XLF,金融,value,Leading,9.0,0.0,0.0
2026-09-15,56.849998474121094,0.26570385441307115,0.2656584815030183,101.26891689284928,100.08928931358214,XLF,金融,value,Leading,9.0,0.0,0.0
2026-09-16,55.93000030517578,0.2634727747635096,0.26492991258984877,101.04809562597728,99.56093916462403,XLF,金融,value,Weakening,8.0,-1.0,-1.0
2026-09-17,55.880001068115234,0.2619661605535655,0.263941995244421,100.73773498766595,98.80506539053762,XLF,金融,value,Weakening,7.0,-3.0,-4.0
2024-09-18,128.3155975341797,0.7524431410143646,0.7524431410143646,,,XLI,資本財・サービス,value,,,,
2024-09-19,130.52474975585938,0.7573177642682272,0.7540680154323189,,,XLI,資本財・サービス,value,,,,
2024-09-20,129.6099090576172,0.754764620412028,0.754300217092222,,,XLI,資本財・サービス,value,,,,
2024-09-23,130.4798583984375,0.755959757481202,0.754853397221882,,,XLI,資本財・サービス,value,,,,
2024-09-24,131.4171600341797,0.7602774286482534,0.7566614076973392,,,XLI,資本財・サービス,value,,,,
2024-09-25,130.8020477294922,0.7614267624504669,0.7582498592817152,,,XLI,資本財・サービス,value,,,,
2024-09-26,131.45620727539062,0.7588824852328179,0.7584607345987494,,,XLI,資本財・サービス,value,,,,
2024-09-27,131.64170837402344,0.7572352224180227,0.7580522305385071,,,XLI,資本財・サービス,value,,,,
2024-09-30,132.23731994628906,0.7596846744577335,0.7585963785115826,,,XLI,資本財・サービス,value,,,,
2024-10-01,132.30564880371094,0.7641291644142901,0.7604406404791518,,,XLI,資本財・サービス,value,,,,
2024-10-02,132.0615692138672,0.7635334675409127,0.7614715828330723,,,XLI,資本財・サービス,value,,,,
2024-10-03,131.38787841796875,0.7632398370067041,0.7620610008909495,,,XLI,資本財・サービス,value,,,,
2024-10-04,132.30564880371094,0.7625886341283269,0.762236878636742,,,XLI,資本財・サービス,value,,,,
2024-10-07,131.98345947265625,0.7666996020366096,0.7637244531033647,,,XLI,資本財・サービス,value,,,,
2024-10-08,132.27635192871094,0.7665838612136747,0.7646775891401347,,,XLI,資本財・サービス,value,,,,
2024-10-09,133.45773315429688,0.768153532938402,0.7658362370728906,,,XLI,資本財・サービス,value,,,,
2024-10-10,132.7742919921875,0.7670939762180041,0.7662554834545952,,,XLI,資本財・サービス,value,,,,
2024-10-11,135.14683532714844,0.7732058220755443,0.7685722629949117,,,XLI,資本財・サービス,value,,,,
2024-10-14,135.95721435546875,0.772176422204722,0.7697736493981818,,,XLI,資本財・サービス,value,,,,
2024-10-15,134.91250610351562,0.7697259095720972,0.7697577361228203,,,XLI,資本財・サービス,value,,,,
2024-10-16,135.95721435546875,0.7704758101629466,0.7699970941361958,,,XLI,資本財・サービス,value,,,,
2024-10-17,135.56666564941406,0.7694911405205883,0.7698284429309934,,,XLI,資本財・サービス,value,,,,
2024-10-18,135.97674560546875,0.7695272669494453,0.769728050937144,,,XLI,資本財・サービス,value,,,,
2024-10-21,135.49832153320312,0.773411052857661,0.770955718243983,,,XLI,資本財・サービス,value,,,,
2024-10-22,133.85806274414062,0.7674963130085771,0.7698025831655144,,,XLI,資本財・サービス,value,,,,
2024-10-23,133.46749877929688,0.7677804068015369,0.7691285243775219,,,XLI,資本財・サービス,value,,,,
2024-10-24,132.54974365234375,0.7623304612044969,0.766862503319847,,,XLI,資本財・サービス,value,,,,
2024-10-25,132.19825744628906,0.7639375083547102,0.7658875049981348,,,XLI,資本財・サービス,value,,,,
2024-10-28,132.5887908935547,0.7618740616684453,0.764549690554905,,,XLI,資本財・サービス,value,,,,
2024-10-29,132.41305541992188,0.763164953423821,0.7640881115112104,,,XLI,資本財・サービス,value,,,,
2024-10-30,132.18849182128906,0.7635380494787459,0.763904757500389,,,XLI,資本財・サービス,value,,,,
2024-10-31,130.66537475585938,0.7628747631853193,0.7635614260620325,,,XLI,資本財・サービス,value,,,,
2024-11-01,130.84112548828125,0.763424514864905,0.7635157889963233,,,XLI,資本財・サービス,value,,,,
2024-11-04,130.69467163085938,0.7616632832082317,0.7628982870669595,,,XLI,資本財・サービス,value,,,,
2024-11-05,132.88168334960938,0.7654800899920143,0.7637588880419779,,,XLI,資本財・サービス,value,,,,
2024-11-06,138.0856475830078,0.7770612740754174,0.7681930167197911,,,XLI,資本財・サービス,value,,,,
2024-11-07,137.25575256347656,0.7716316876385283,0.7693392403593702,,,XLI,資本財・サービス,value,,,,
2024-11-08,138.7300567626953,0.7755988280129674,0.771425769577236,,,XLI,資本財・サービス,value,,,,
2024-11-11,139.80406188964844,0.777716784481721,0.7735227745453976,,,XLI,資本財・サービス,value,,,,
2024-11-12,138.60313415527344,0.7769573159507838,0.7746676216805264,,,XLI,資本財・サービス,value,,,,
2024-11-13,138.89602661132812,0.7781752327702007,0.7758368253770846,,,XLI,資本財・サービス,value,,,,
2024-11-14,136.5527801513672,0.771218227973594,0.7742972929092544,,,XLI,資本財・サービス,value,,,,
2024-11-15,135.8205108642578,0.7725936878450461,0.7737294245545184,,,XLI,資本財・サービス,value,,,,
2024-11-18,135.63499450683594,0.7684382695264396,0.7719657062118255,,,XLI,資本財・サービス,value,,,,
2024-11-19,135.51785278320312,0.7698509741265592,0.7712607955167368,,,XLI,資本財・サービス,value,,,,
2024-11-20,135.664306640625,0.7680970348308565,0.7702062086214434,,,XLI,資本財・サービス,value,,,,
2024-11-21,137.36314392089844,0.7680404244060979,0.7694842805496617,,,XLI,資本財・サービス,value,,,,
2024-11-22,139.2767791748047,0.7726538735869184,0.7705408115620807,,,XLI,資本財・サービス,value,,,,
2024-11-25,140.14576721191406,0.7704976343374127,0.770526419153858,,,XLI,資本財・サービス,value,,,,
2024-11-26,140.31175231933594,0.771327885132303,0.7707935744800064,,,XLI,資本財・サービス,value,,,,
2024-11-27,139.79428100585938,0.7692225926251823,0.7702699138617317,,,XLI,資本財・サービス,value,,,,
2024-11-29,140.58514404296875,0.7712243074173369,0.7705880450469336,,,XLI,資本財・サービス,value,,,,
2024-12-02,139.55018615722656,0.7674693677245933,0.7695484859394869,,,XLI,資本財・サービス,value,,,,
2024-12-03,138.67147827148438,0.7660340152780729,0.7683769957190156,,,XLI,資本財・サービス,value,,,,
2024-12-04,139.2767791748047,0.769336509808202,0.7686968337487444,,,XLI,資本財・サービス,value,,,,
2024-12-05,137.5877227783203,0.7638188719982435,0.7670708464985776,,,XLI,資本財・サービス,value,,,,
2024-12-06,137.23622131347656,0.7627314156199644,0.7656243695390399,,,XLI,資本財・サービス,value,,,,
2024-12-09,136.0450897216797,0.7592270707634277,0.7634919366138359,,,XLI,資本財・サービス,value,,,,
2024-12-10,135.71311950683594,0.7620435263234646,0.7630091331837121,,,XLI,資本財・サービス,value,,,,
2024-12-11,135.4006805419922,0.7595847117126417,0.761867659360022,,,XLI,資本財・サービス,value,,,,
2024-12-12,134.53172302246094,0.7574760269694553,0.7604037818964998,,,XLI,資本財・サービス,value,,,,
2024-12-13,134.18023681640625,0.7581513480676901,0.75965297062023,,,XLI,資本財・サービス,value,,,,
2024-12-16,134.2974090576172,0.7613210995778587,0.7602090136061063,99.00142763748909,,XLI,資本財・サービス,value,,6.0,,
2024-12-17,133.06719970703125,0.7603356685352991,0.7602512319158372,98.94532891141122,,XLI,資本財・サービス,value,,6.0,,
2024-12-18,129.30825805664062,0.7613865726325856,0.7606296788214201,98.96309571503939,,XLI,資本財・サービス,value,,6.0,,
2024-12-19,129.1422576904297,0.7629407231464056,0.7614000269297486,99.05643647197581,,XLI,資本財・サービス,value,,6.0,,
2024-12-20,130.6556396484375,0.7612202142456711,0.7613400893683895,98.98899379170169,,XLI,資本財・サービス,value,,6.0,,
2024-12-23,130.6261749267578,0.7600125036443809,0.76089756079372,98.85791018404748,,XLI,資本財・サービス,value,,4.0,-2.0,
2024-12-24,131.64669799804688,0.7602144031391234,0.7606698415755211,98.78679431181611,,XLI,資本財・サービス,value,,4.0,-2.0,
2024-12-26,131.7448272705078,0.7595409200196597,0.7602935343902341,98.68724258930285,,XLI,資本財・サービス,value,,4.0,-2.0,
2024-12-27,130.76353454589844,0.7590462771235083,0.7598777819679922,98.57618308119703,,XLI,資本財・サービス,value,,4.0,-2.0,
2024-12-30,129.4486541748047,0.7590604934800881,0.7596053524720241,98.50447340062568,,XLI,資本財・サービス,value,,4.0,-2.0,
2024-12-31,129.29164123535156,0.7567555329539042,0.7586554126326508,98.31744088091449,,XLI,資本財・サービス,value,,2.0,-2.0,0.0
2025-01-02,128.84027099609375,0.7563147178185771,0.7578751810279596,98.19260723272393,,XLI,資本財・サービス,value,,1.0,-3.0,-1.0
2025-01-03,130.23365783691406,0.7575567793044017,0.7577690471201071,98.22009452715557,,XLI,資本財・サービス,value,,2.0,-2.0,0.0
2025-01-06,129.94908142089844,0.7564163792545264,0.7573181578315802,98.18221158615479,,XLI,資本財・サービス,value,,1.0,-3.0,-1.0
2025-01-07,129.821533203125,0.7582127391386801,0.7576163516006136,98.30147829293745,,XLI,資本財・サービス,value,,1.0,-3.0,-1.0
2025-01-08,130.331787109375,0.7602835687564511,0.7585054239858928,98.52591020290077,,XLI,資本財・サービス,value,,3.0,1.0,3.0
2025-01-10,128.86972045898438,0.7629062828073587,0.7599723769263815,98.84684406218304,,XLI,資本財・サービス,value,,3.0,2.0,5.0
2025-01-13,130.380859375,0.7655772642016758,0.761840672684813,99.22929677779328,,XLI,資本財・サービス,value,,4.0,2.0,4.0
2025-01-14,131.92144775390625,0.7684204716376665,0.7640339390024309,99.66925059196349,,XLI,資本財・サービス,value,,5.0,4.0,7.0
2025-01-15,132.75550842285156,0.7659273931750905,0.7646650903933175,99.8070137258089,,XLI,資本財・サービス,value,,6.0,5.0,8.0
2025-01-16,134.36480712890625,0.7691548847844113,0.7661616885236822,100.11157794285972,,XLI,資本財・サービス,value,,6.0,3.0,2.0
2025-01-17,135.16943359375,0.7700218668496959,0.7674484146323535,100.37448413609884,,XLI,資本財・サービス,value,,7.0,4.0,2.0
2025-01-21,137.9464111328125,0.7768236389945797,0.7705734894197622,100.98772845921042,,XLI,資本財・サービス,value,,9.0,5.0,3.0
2025-01-22,137.62257385253906,0.7777329570809252,0.77295997864015,101.43171527013446,,XLI,資本財・サービス,value,,11.0,6.0,2.0
2025-01-23,139.01597595214844,0.7819022126923462,0.7759407233242155,101.95153107787192,,XLI,資本財・サービス,value,,11.0,5.0,0.0
2025-01-24,138.42724609375,0.7792747908526286,0.7770520791670199,102.07482727183591,,XLI,資本財・サービス,value,,11.0,5.0,2.0
2025-01-27,136.57264709472656,0.7683281997997977,0.7741441193779459,101.49965856634853,,XLI,資本財・サービス,value,,10.0,3.0,-1.0
2025-01-28,135.6698760986328,0.767035985104186,0.7717747412866927,101.04573359209161,,XLI,資本財・サービス,value,,10.0,1.0,-4.0
2025-01-29,135.20867919921875,0.7669651508758263,0.7701715444830706,100.74136493700551,,XLI,資本財・サービス,value,,9.0,-2.0,-8.0
2025-01-30,136.71981811523438,0.7673462795172299,0.7692297894944571,100.55808223704594,,XLI,資本財・サービス,value,,7.0,-4.0,-9.0
2025-01-31,135.75820922851562,0.7682552862479622,0.7689049550789588,100.48585206863747,,XLI,資本財・サービス,value,,7.0,-4.0,-9.0
2025-02-03,134.41384887695312,0.7648254539361099,0.7675451213646759,100.23260496052633,,XLI,資本財・サービス,value,,7.0,-3.0,-6.0
2025-02-04,134.45310974121094,0.764116129445147,0.7664021240581663,100.02002328519406,,XLI,資本財・サービス,value,,7.0,-3.0,-4.0
2025-02-05,134.55125427246094,0.7609633307355039,0.7645891929506122,99.69152729778205,,XLI,資本財・サービス,value,,5.0,-4.0,-2.0
2025-02-06,135.1596221923828,0.7654169212923277,0.7648651023978508,99.7347919458996,,XLI,資本財・サービス,value,,5.0,-2.0,2.0
2025-02-07,134.75732421875,0.7669073675663823,0.7655458574540279,99.85196910296288,,XLI,資本財・サービス,value,,6.0,-1.0,3.0
2025-02-10,135.96424865722656,0.7715925565249558,0.767561423811004,100.21720898030121,,XLI,資本財・サービス,value,,6.0,-1.0,2.0
2025-02-11,136.01333618164062,0.7717857161410757,0.7689695212543612,100.47247354462407,,XLI,資本財・サービス,value,,7.0,0.0,3.0
2025-02-12,135.16943359375,0.7714786951353927,0.7698059125480385,100.63033581015925,,XLI,資本財・サービス,value,,7.0,2.0,6.0
2025-02-13,135.30682373046875,0.7656164739329422,0.7684094330096731,100.39718403292937,,XLI,資本財・サービス,value,,6.0,1.0,3.0
2025-02-14,134.9731903076172,0.7644879165991465,0.767102260872831,100.18298500203848,,XLI,資本財・サービス,value,,3.0,-3.0,-2.0
2025-02-18,136.032958984375,0.7646209575155593,0.7662751597537405,100.05823214490374,,XLI,資本財・サービス,value,,3.0,-3.0,-2.0
2025-02-19,136.1703338623047,0.7638442647906328,0.7654648614327046,99.92779764956404,,XLI,資本財・サービス,value,,2.0,-5.0,-5.0
2025-02-20,135.2773895263672,0.7607492525545977,0.763892991806669,99.64280633966638,,XLI,資本財・サービス,value,,2.0,-5.0,-7.0
2025-02-21,132.31393432617188,0.7546769762811794,0.7608209866315059,99.05736618808294,,XLI,資本財・サービス,value,,1.0,-5.0,-6.0
2025-02-24,131.71536254882812,0.7506367992208492,0.7574262574946203,98.43237969001306,,XLI,資本財・サービス,value,,1.0,-2.0,1.0
2025-02-25,132.39244079589844,0.7537415948170829,0.7561980366021079,98.26209299269692,,XLI,資本財・サービス,value,,1.0,-2.0,1.0
2025-02-26,132.47093200683594,0.7557826641083946,0.7560595791042035,98.30719211131544,,XLI,資本財・サービス,value,,1.0,-1.0,4.0
2025-02-27,132.009765625,0.7597871181915585,0.757302092133322,98.59619275997746,,XLI,資本財・サービス,value,,2.0,0.0,5.0
2025-02-28,133.77603149414062,0.7614918912496164,0.7586986918387535,98.89898047274998,,XLI,資本財・サービス,value,,3.0,2.0,7.0
2025-03-03,131.87237548828125,0.7587408206973658,0.7587127347916243,98.93533393297746,,XLI,資本財・サービス,value,,3.0,2.0,4.0
2025-03-04,129.3014678955078,0.7561656013090367,0.7578636902974285,98.81083517860479,,XLI,資本財・サービス,value,,3.0,2.0,4.0
2025-03-05,131.34251403808594,0.7610288296044732,0.7589187367331102,99.04370931395276,,XLI,資本財・サービス,value,,3.0,2.0,3.0
2025-03-06,130.2140350341797,0.7629379142649703,0.7602584625770635,99.32664034326697,,XLI,資本財・サービス,value,,3.0,1.0,1.0
2025-03-07,131.73500061035156,0.7646853698731474,0.7617340983424249,99.63169929758237,,XLI,資本財・サービス,value,,3.0,0.0,-2.0
2025-03-10,129.67434692382812,0.7634833038915527,0.7623171668588009,99.76357457430447,,XLI,資本財・サービス,value,,3.0,0.0,-2.0
2025-03-11,127.682373046875,0.7619019869947163,0.7621787735707728,99.75074320866378,,XLI,資本財・サービス,value,,3.0,0.0,-2.0
2025-03-12,127.67257690429688,0.7654508380699349,0.7632694617371601,99.97354423479705,,XLI,資本財・サービス,value,,4.0,1.0,-1.0
2025-03-13,126.36746978759766,0.7649596590350682,0.7638328608364628,100.08393369067934,,XLI,資本財・サービス,value,,4.0,1.0,0.0
2025-03-14,128.6734619140625,0.7643474954464516,0.7640044057064591,100.11473895607986,,XLI,資本財・サービス,value,,4.0,1.0,1.0
2025-03-17,130.4495391845703,0.7645798336876243,0.7641962150335142,100.14545906555283,,XLI,資本財・サービス,value,,5.0,2.0,2.0
2025-03-18,129.40939331054688,0.7624483035360863,0.763613577867705,100.02010691891677,,XLI,資本財・サービス,value,,4.0,1.0,1.0
2025-03-19,131.1266326904297,0.7668831117257549,0.764703422487055,100.22154507227008,,XLI,資本財・サービス,value,,4.0,0.0,-1.0
2025-03-20,130.4691925048828,0.7662276178667788,0.7652114876136297,100.3079403393051,,XLI,資本財・サービス,value,,4.0,0.0,-1.0
2025-03-21,129.77247619628906,0.7656431077150023,0.765355360980754,100.32147606236155,,XLI,資本財・サービス,value,,4.0,0.0,-1.0
2025-03-24,132.1790313720703,0.7679412666864064,0.7662173295493049,100.47725243686834,,XLI,資本財・サービス,value,,4.0,-1.0,-3.0
2025-03-25,132.37591552734375,0.7709281639942797,0.7677876076976298,100.77008756337142,,XLI,資本財・サービス,value,,5.0,1.0,0.0
2025-03-26,131.49986267089844,0.7672708786559099,0.7676153646837233,100.71423023794243,100.38177834917259,XLI,資本財・サービス,value,Leading,5.0,1.0,1.0
2025-03-27,130.80104064941406,0.7651615705447085,0.7667974333040517,100.53248759414741,100.10025796389068,XLI,資本財・サービス,value,Leading,4.0,0.0,0.0
2025-03-28,128.1041259765625,0.7611188805609814,0.764904582389695,100.14082539489652,99.68400870554203,XLI,資本財・サービス,value,Weakening,4.0,0.0,0.0
2025-03-31,129.00965881347656,0.7601716207996713,0.7633269285263539,99.81338442981644,99.19667510011108,XLI,資本財・サービス,value,Lagging,4.0,0.0,1.0
2025-04-01,129.73800659179688,0.7636697853517844,0.7634412141348308,99.82395078866692,98.92219789481949,XLI,資本財・サービス,value,Lagging,4.0,-1.0,-2.0
2025-04-02,130.95852661132812,0.7644618717148507,0.7637814333281708,99.8786821975813,99.0446942209223,XLI,資本財・サービス,value,Lagging,4.0,-1.0,-2.0
2025-04-03,123.8717041015625,0.7592628635385464,0.7622752433982961,99.55448573059577,98.91420005666305,XLI,資本財・サービス,value,Lagging,4.0,0.0,0.0
2025-04-04,116.08605194091797,0.753867977551471,0.7594728214493545,98.96373747953918,98.73488024482563,XLI,資本財・サービス,value,Lagging,3.0,-1.0,-1.0
2025-04-07,115.5447006225586,0.756658689396059,0.7585347774315894,98.76201379704094,98.87837499747597,XLI,資本財・サービス,value,Lagging,2.0,-2.0,-2.0
2025-04-08,114.5899429321289,0.7648325865884117,0.7606340471505302,99.17832539340056,99.28553544479635,XLI,資本財・サービス,value,Lagging,3.0,-1.0,0.0
2025-04-09,124.76741027832031,0.7710966797440453,0.7641215913483685,99.89164872650701,99.93227401743313,XLI,資本財・サービス,value,Lagging,4.0,0.0,1.0
2025-04-10,121.5488052368164,0.7773746440816377,0.7685392755927917,100.81489629363651,101.13593329347901,XLI,資本財・サービス,value,Leading,6.0,2.0,2.0
2025-04-11,123.69454956054688,0.7792817063734642,0.772120085853016,101.53379735965721,102.28723069310868,XLI,資本財・サービス,value,Leading,9.0,6.0,7.0
2025-04-14,124.98394775390625,0.7774718346202214,0.7739040021087511,101.8303467622886,102.58447922536813,XLI,資本財・サービス,value,Leading,9.0,7.0,9.0
2025-04-15,124.36385345458984,0.7761213480115955,0.7746431174096993,101.89270370794077,102.1873999194128,XLI,資本財・サービス,value,Leading,9.0,6.0,7.0
2025-04-16,122.66104888916016,0.775450790792075,0.7749123418704913,101.85962179607698,101.52355013305318,XLI,資本財・サービス,value,Leading,9.0,5.0,5.0
2025-04-17,123.33036041259766,0.7739301769992004,0.7745849535800611,101.72509743012074,100.63266837044677,XLI,資本財・サービス,value,Leading,9.0,3.0,1.0
2025-04-21,120.56452178955078,0.7720954991400876,0.7737551354334032,101.51793539000067,99.85265077254593,XLI,資本財・サービス,value,Weakening,8.0,-1.0,-7.0
2025-04-22,122.67088317871094,0.7666808094315362,0.7713970267661143,101.06656532512847,99.22586742189313,XLI,資本財・サービス,value,Weakening,6.0,-3.0,-10.0
2025-04-23,124.20635986328125,0.768839475714932,0.7705445097490535,100.92060881449466,99.07047773918025,XLI,資本財・サービス,value,Weakening,7.0,-2.0,-8.0
2025-04-24,126.99187469482422,0.7730032508243162,0.7713640901074745,101.11450791659082,99.29671024415126,XLI,資本財・サービス,value,Weakening,7.0,-2.0,-7.0
2025-04-25,126.98202514648438,0.7740510452333587,0.7722597418161026,101.33955603515844,99.65099751488587,XLI,資本財・サービス,value,Weakening,10.0,1.0,-2.0
2025-04-28,127.40526580810547,0.7744572809061049,0.7729922548461035,101.49861586136132,100.01185729320888,XLI,資本財・サービス,value,Leading,11.0,3.0,4.0
2025-04-29,128.23207092285156,0.7749605387660689,0.773648349486092,101.6105705832815,100.53700600380378,XLI,資本財・サービス,value,Leading,11.0,5.0,8.0
2025-04-30,129.15728759765625,0.7794443219721393,0.7755803403147744,101.93065567776945,100.94805547953688,XLI,資本財・サービス,value,Leading,11.0,4.0,6.0
2025-05-01,130.13172912597656,0.7863943464305111,0.7791850090200201,102.47682643445823,101.24044460702238,XLI,資本財・サービス,value,Leading,11.0,4.0,6.0
2025-05-02,132.46446228027344,0.7866132978668942,0.7816611053023115,102.72348982962855,101.22538832737673,XLI,資本財・サービス,value,Leading,11.0,1.0,0.0
2025-05-05,132.53335571289062,0.7896409348588725,0.7843210484878319,102.91504887946873,101.21772206555607,XLI,資本財・サービス,value,Leading,11.0,0.0,-3.0
2025-05-06,131.37193298339844,0.7885667772849739,0.7857362914202126,102.87671096416523,101.0413364283138,XLI,資本財・サービス,value,Leading,11.0,0.0,-5.0
2025-05-07,132.04122924804688,0.7873982489247204,0.7862902772550486,102.72720672142374,100.57104562765684,XLI,資本財・サービス,value,Leading,11.0,0.0,-4.0
2025-05-08,133.86215209960938,0.7915975141456439,0.7880593562185805,102.74059855328264,100.04302672551655,XLI,資本財・サービス,value,Leading,11.0,0.0,-4.0
2025-05-09,133.97044372558594,0.7924214472798294,0.7895133865723302,102.70518066065688,99.75918546960355,XLI,資本財・サービス,value,Weakening,11.0,0.0,-1.0
2025-05-12,138.09457397460938,0.7950243457464957,0.7913503729637188,102.70716958811546,99.57806905056667,XLI,資本財・サービス,value,Weakening,11.0,0.0,0.0
2025-05-13,139.0591583251953,0.7987755308462328,0.7938254255912235,102.75916360864223,99.6748527843977,XLI,資本財・サービス,value,Weakening,11.0,0.0,0.0
2025-05-14,138.3898468017578,0.7997464130962231,0.79579908809289,102.74291340799421,99.81791448327073,XLI,資本財・サービス,value,Weakening,11.0,0.0,0.0
2025-05-15,139.92532348632812,0.8013156747258924,0.7976379503038908,102.70466447033185,99.77807216410793,XLI,資本財・サービス,value,Weakening,11.0,0.0,0.0
2025-05-16,141.51986694335938,0.8025675179745209,0.7992811395274343,102.6473779908528,99.76281291030298,XLI,資本財・サービス,value,Weakening,11.0,0.0,0.0
2025-05-19,142.0021514892578,0.8053920684105969,0.8013181158218219,102.62149243772052,99.73436560006374,XLI,資本財・サービス,value,Weakening,11.0,0.0,0.0
2025-05-20,141.49034118652344,0.8045904474011126,0.8024088930149189,102.52486122931506,99.58322019358218,XLI,資本財・サービス,value,Weakening,11.0,0.0,0.0
2025-05-21,139.09854125976562,0.8086029826185115,0.8044735895494498,102.50616847728362,99.56504513112908,XLI,資本財・サービス,value,Weakening,11.0,0.0,0.0
2025-05-22,139.06898498535156,0.8110177265706707,0.8066549685565235,102.49406203202888,99.56546306820314,XLI,資本財・サービス,value,Weakening,11.0,0.0,0.0
2025-05-23,138.61624145507812,0.8116232717381971,0.8083110696170814,102.45052346549367,99.54015332250033,XLI,資本財・サービス,value,Weakening,11.0,0.0,0.0
2025-05-27,141.05723571777344,0.8108001886771602,0.8091407759704411,102.36231596034851,99.43008528393554,XLI,資本財・サービス,value,Weakening,11.0,0.0,0.0
2025-05-28,140.35841369628906,0.8137024099262092,0.8106613206223638,102.32511188395968,99.45216180504997,XLI,資本財・サービス,value,Weakening,11.0,0.0,0.0
2025-05-29,140.48635864257812,0.812460025216764,0.8112608888204973,102.23583860051076,99.350209929508,XLI,資本財・サービス,value,Weakening,11.0,0.0,0.0
2025-05-30,140.574951171875,0.8132949022965928,0.8119388933125291,102.15904535021131,99.28174820904084,XLI,資本財・サービス,value,Weakening,11.0,0.0,0.0
2025-06-02,140.39776611328125,0.8116257384574035,0.8118345083608207,102.0477582877726,99.22509932910837,XLI,資本財・サービス,value,Weakening,10.0,-1.0,-1.0
2025-06-03,141.48048400878906,0.8111318315310592,0.8116002827509003,101.94244477759997,99.2264316753136,XLI,資本財・サービス,value,Weakening,11.0,0.0,0.0
2025-06-04,141.5592498779297,0.8134109659880312,0.8122038438299439,101.89079226892372,99.2330766733563,XLI,資本財・サービス,value,Weakening,10.0,-1.0,-1.0
2025-06-05,141.46083068847656,0.8150477558613463,0.8131518145070781,101.86019631120931,99.31905843296158,XLI,資本財・サービス,value,Weakening,9.0,-2.0,-2.0
2025-06-06,142.65176391601562,0.8148720712456723,0.8137252334199429,101.8113075611015,99.36967459977942,XLI,資本財・サービス,value,Weakening,9.0,-2.0,-2.0
2025-06-09,142.52383422851562,0.8140045735480205,0.8138183467959688,101.74165622078313,99.43534264556517,XLI,資本財・サービス,value,Weakening,9.0,-1.0,0.0
2025-06-10,141.9037322998047,0.8064470476952426,0.8113612470957268,101.54955948779039,99.36086759575392,XLI,資本財・サービス,value,Weakening,9.0,-2.0,-2.0
2025-06-11,141.97262573242188,0.8091361427648621,0.8106195456521053,101.45645816038821,99.33735289130699,XLI,資本財・サービス,value,Weakening,9.0,-1.0,0.0
2025-06-12,141.59860229492188,0.8051164484738126,0.8087851799260077,101.31393800401028,99.2361936381947,XLI,資本財・サービス,value,Weakening,9.0,0.0,2.0
2025-06-13,140.40762329101562,0.8081128549848292,0.8085610716122816,101.25964499787322,99.25104952243561,XLI,資本財・サービス,value,Weakening,9.0,0.0,2.0
2025-06-16,141.37222290039062,0.8058942767664755,0.8076721399970129,101.1744531701169,99.25343575368302,XLI,資本財・サービス,value,Weakening,9.0,0.0,1.0
2025-06-17,140.30918884277344,0.807591921922882,0.8076454006389693,101.13637290030259,99.43753027472347,XLI,資本財・サービス,value,Weakening,9.0,0.0,2.0
2025-06-18,139.97454833984375,0.8055748825386321,0.806955227938857,101.06601537159527,99.47496644731497,XLI,資本財・サービス,value,Weakening,9.0,0.0,1.0
2025-06-20,140.1320343017578,0.8051647469134612,0.8063584009303917,101.00262736880609,99.57226491930783,XLI,資本財・サービス,value,Weakening,9.0,0.0,0.0
2025-06-23,142.02957153320312,0.8089259827142102,0.807214261524998,101.01516057557308,99.65411879186175,XLI,資本財・サービス,value,Weakening,9.0,0.0,0.0
2025-06-24,143.2142791748047,0.8080229001883239,0.8074838077461067,100.99745846834304,99.73733145147044,XLI,資本財・サービス,value,Weakening,9.0,0.0,0.0
2025-06-25,141.95059204101562,0.8067134942024324,0.8072270365648819,100.95321827688497,99.7457958476107,XLI,資本財・サービス,value,Weakening,9.0,0.0,0.0
2025-06-26,143.49073791503906,0.8093580525919564,0.8079373752405735,100.96000633840667,99.84137852464873,XLI,資本財・サービス,value,Weakening,9.0,0.0,0.0
2025-06-27,144.9222869873047,0.8144501199598881,0.8101082901470118,101.04231513305777,100.00611940278085,XLI,資本財・サービス,value,Leading,9.0,0.0,0.0
2025-06-30,145.64300537109375,0.8146724098286525,0.8116296633742255,101.09001029019262,100.04062742687478,XLI,資本財・サービス,value,Leading,9.0,0.0,0.0
2025-07-01,146.12677001953125,0.8079096922193835,0.8103896729892782,100.99401592449216,99.94186403591746,XLI,資本財・サービス,value,Weakening,9.0,0.0,0.0
2025-07-02,146.2748565673828,0.8068854028459714,0.8092215829415093,100.90337266053747,99.87300450554005,XLI,資本財・サービス,value,Weakening,9.0,0.0,0.0
2025-07-03,147.51882934570312,0.809836353949921,0.8094265066109798,100.88776812288411,99.83277545054042,XLI,資本財・サービス,value,Weakening,9.0,0.0,0.0
2025-07-07,147.0054473876953,0.813519945200982,0.8107909861409806,100.93766265589642,99.777704344127,XLI,資本財・サービス,value,Weakening,9.0,0.0,0.0
2025-07-08,146.96595764160156,0.8112698366705963,0.8109506029841858,100.92397147667982,99.68350094003131,XLI,資本財・サービス,value,Weakening,9.0,0.0,0.0
2025-07-09,147.99270629882812,0.8145051168743481,0.8121354409475733,100.97272681791112,99.83095092668864,XLI,資本財・サービス,value,Weakening,8.0,-1.0,-1.0
2025-07-10,148.82203674316406,0.8143520219360355,0.8128743012770607,100.99665841333066,99.9525504093998,XLI,資本財・サービス,value,Weakening,9.0,0.0,0.0
2025-07-11,148.2888946533203,0.8174186581774493,0.8143890869105237,101.06733906314406,100.05238837471508,XLI,資本財・サービス,value,Leading,9.0,0.0,0.0
2025-07-14,149.08859252929688,0.8209810210102113,0.8165863982770862,101.17803997676853,100.14645723602584,XLI,資本財・サービス,value,Leading,10.0,1.0,1.0
2025-07-15,147.9729766845703,0.8262959349887217,0.8198229105142981,101.34954528042316,100.44478750722193,XLI,資本財・サービス,value,Leading,10.0,1.0,1.0
2025-07-16,148.49623107910156,0.8259965307946928,0.8218807839410964,101.44113524850349,100.63819315388646,XLI,資本財・サービス,value,Leading,10.0,2.0,3.0
2025-07-17,149.86854553222656,0.8268883683002012,0.8235499787274647,101.50513461817982,100.87037761098685,XLI,資本財・サービス,value,Leading,10.0,1.0,1.0
2025-07-18,149.5328826904297,0.8253499623067955,0.8241499732539084,101.500726839335,100.86407491578848,XLI,資本財・サービス,value,Leading,10.0,1.0,1.0
2025-07-21,148.74305725097656,0.8238084597846779,0.8240361354308317,101.45394965422035,100.59412000701195,XLI,資本財・サービス,value,Leading,10.0,0.0,-1.0
2025-07-22,149.0984649658203,0.8153818025970541,0.8211513578195725,101.23354570889474,99.82416457189036,XLI,資本財・サービス,value,Weakening,10.0,0.0,-1.0
2025-07-23,151.77398681640625,0.8231938896020115,0.8218322017470522,101.25723159575516,99.66656376226024,XLI,資本財・サービス,value,Weakening,10.0,0.0,-2.0
2025-07-24,151.51730346679688,0.8244408779898923,0.8227017604946656,101.30032228380854,99.58820809455342,XLI,資本財・サービス,value,Weakening,11.0,1.0,0.0
2025-07-25,153.01795959472656,0.8286146905353092,0.8246727371748802,101.4252795348824,99.83023532056528,XLI,資本財・サービス,value,Weakening,11.0,1.0,0.0
2025-07-28,152.54405212402344,0.8309617380935301,0.8267690708144302,101.56447573420732,100.20636191314688,XLI,資本財・サービス,value,Leading,11.0,1.0,1.0
2025-07-29,150.80645751953125,0.8218927416987457,0.8251436277758688,101.43166035542541,100.38402106365889,XLI,資本財・サービス,value,Leading,11.0,1.0,1.0
2025-07-30,150.0659942626953,0.8231972334442539,0.8244948296653305,101.37736076706311,100.23566245141123,XLI,資本財・サービス,value,Leading,10.0,0.0,0.0
2025-07-31,150.07586669921875,0.8308280191072235,0.8266058928126282,101.54991744281907,100.55777455764267,XLI,資本財・サービス,value,Leading,11.0,0.0,-1.0
2025-08-01,147.83474731445312,0.8277520186525116,0.826987934759256,101.57277730050116,100.40546119067365,XLI,資本財・サービス,value,Leading,11.0,0.0,-1.0
2025-08-04,149.1971893310547,0.8252894695395041,0.8264217796860055,101.50979160959305,99.97272481028081,XLI,資本財・サービス,value,Weakening,10.0,-1.0,-2.0
2025-08-05,148.89112854003906,0.8258882968174994,0.8262439520631701,101.47718259025719,100.34187899991663,XLI,資本財・サービス,value,Leading,10.0,-1.0,-2.0
2025-08-06,149.00962829589844,0.8283989611478949,0.8269622884247452,101.52901038207335,100.84021083928441,XLI,資本財・サービス,value,Leading,10.0,0.0,0.0
2025-08-07,148.7924346923828,0.827689377365241,0.8272046514049105,101.53995298166822,100.33753440038157,XLI,資本財・サービス,value,Leading,9.0,-2.0,-2.0
2025-08-08,148.91090393066406,0.826855300015361,0.8270882009417273,101.51410950537414,100.17060816686678,XLI,資本財・サービス,value,Leading,9.0,-2.0,-2.0
2025-08-11,148.4271240234375,0.8264260733224047,0.8268674917352865,101.47732681615358,100.27523248417103,XLI,資本財・サービス,value,Leading,7.0,-3.0,-2.0
2025-08-12,149.96725463867188,0.8245242476263871,0.8260864103656533,101.37773897740408,100.00338288291925,XLI,資本財・サービス,value,Leading,7.0,-3.0,-2.0
2025-08-13,150.53988647460938,0.8160214707883747,0.8227314305065605,100.98127140564047,98.29591759257193,XLI,資本財・サービス,value,Weakening,7.0,-3.0,-3.0
2025-08-14,149.2070770263672,0.8140926675642545,0.8198518428591252,100.6215215757398,97.12977893252332,XLI,資本財・サービス,value,Weakening,7.0,-2.0,0.0
2025-08-15,148.52586364746094,0.8123815651358474,0.8173617502846993,100.29061943213617,96.5073706309312,XLI,資本財・サービス,value,Weakening,7.0,-2.0,0.0
2025-08-18,149.10833740234375,0.8157429962671189,0.8168221656121725,100.19371873991962,96.71113369031595,XLI,資本財・サービス,value,Weakening,7.0,0.0,3.0
2025-08-19,149.43414306640625,0.8137157150330394,0.8157866820857949,100.02945430016962,96.86644170930415,XLI,資本財・サービス,value,Weakening,7.0,0.0,3.0
2025-08-20,149.29592895507812,0.8137040312798743,0.815092465150488,99.90685107866041,97.73783793360737,XLI,資本財・サービス,value,Lagging,7.0,0.0,3.0
2025-08-21,148.76278686523438,0.8136337162018991,0.8146062155009585,99.81402221175394,98.47633801354152,XLI,資本財・サービス,value,Lagging,7.0,0.0,2.0
2025-08-22,151.19149780273438,0.8111197856613859,0.813444072221101,99.63076124640868,98.87800431055423,XLI,資本財・サービス,value,Lagging,6.0,-1.0,1.0
2025-08-25,149.68096923828125,0.8092081269821367,0.8120320904747796,99.41709692657862,98.63133239041201,XLI,資本財・サービス,value,Lagging,6.0,-1.0,-1.0
2025-08-26,151.2211151123047,0.8169697334411038,0.8136779714635545,99.64026335422486,99.58793033127522,XLI,資本財・サービス,value,Lagging,7.0,0.0,0.0
2025-08-27,151.20135498046875,0.8139216281698392,0.8137591903656494,99.64340883693878,99.89867333831864,XLI,資本財・サービス,value,Lagging,4.0,-3.0,-3.0
2025-08-28,151.46792602539062,0.8157454134565999,0.8144212647292997,99.73119034567574,100.33382919819465,XLI,資本財・サービス,value,Improving,5.0,-2.0,-2.0
2025-08-29,150.07586669921875,0.8088482929382279,0.8125636074656092,99.45882001070903,100.10929747573574,XLI,資本財・サービス,value,Improving,4.0,-2.0,-1.0
2025-09-02,148.64431762695312,0.807511644466402,0.8108796197992068,99.21689840426762,100.03222375866977,XLI,資本財・サービス,value,Improving,3.0,-3.0,-2.0
2025-09-03,147.89398193359375,0.804682517371976,0.8088139189901299,98.92893453991172,98.80067666179684,XLI,資本財・サービス,value,Lagging,3.0,-4.0,-4.0
2025-09-04,149.5625,0.8077944687042244,0.8084741022281614,98.89643816495729,98.73992508167387,XLI,資本財・サービス,value,Lagging,3.0,-1.0,2.0
2025-09-05,149.00962829589844,0.803868696741768,0.8069389670660303,98.70626164419336,98.14856361972905,XLI,資本財・サービス,value,Lagging,2.0,-3.0,-1.0
2025-09-08,149.34530639648438,0.8063214985173973,0.806733144216486,98.70960962248493,98.82119830077022,XLI,資本財・サービス,value,Lagging,3.0,-1.0,1.0
2025-09-09,148.3382568359375,0.8033589781920776,0.8056084222083499,98.59274374544168,99.12746830151667,XLI,資本財・サービス,value,Lagging,2.0,-1.0,2.0
2025-09-10,149.43414306640625,0.8101140128575083,0.8071102857580694,98.81906642052327,100.29959142707439,XLI,資本財・サービス,value,Improving,2.0,-1.0,3.0
2025-09-11,150.85581970214844,0.805747091494897,0.8066558876703454,98.77587349365527,100.26382196120416,XLI,資本財・サービス,value,Improving,2.0,-1.0,0.0
2025-09-12,149.65133666992188,0.8051088999153152,0.8061402250853353,98.71988284135358,100.55320712564408,XLI,資本財・サービス,value,Improving,2.0,0.0,3.0
2025-09-15,150.3424530029297,0.8102420403326543,0.8075074968344418,98.90880349807256,100.95095151890203,XLI,資本財・サービス,value,Improving,2.0,-1.0,0.0
2025-09-16,149.89816284179688,0.8099947098218555,0.8083365678302464,99.01731610940575,101.41688973397326,XLI,資本財・サービス,value,Improving,2.0,0.0,1.0
2025-09-17,149.21693420410156,0.8055427372344487,0.8074052909649806,98.89316149257748,100.60184437790768,XLI,資本財・サービス,value,Improving,2.0,0.0,1.0
2025-09-18,150.80645751953125,0.8088406988637563,0.8078837602645725,98.95318375226925,100.81274688948398,XLI,資本財・サービス,value,Improving,3.0,1.0,2.0
2025-09-19,151.17173767089844,0.812213897288199,0.8093271392724481,99.13544405725543,101.30794622983862,XLI,資本財・サービス,value,Improving,4.0,2.0,2.0
2025-09-22,151.67735290527344,0.8145413463646921,0.8110652083031962,99.35814040906351,101.33895115105018,XLI,資本財・サービス,value,Improving,4.0,2.0,3.0
2025-09-23,151.7169952392578,0.8137611377388073,0.8119638514483999,99.46689736096403,101.29927120359119,XLI,資本財・サービス,value,Improving,4.0,2.0,2.0
2025-09-24,150.93382263183594,0.8114524603461594,0.8117933877476531,99.42829376570872,101.4353194774182,XLI,資本財・サービス,value,Improving,4.0,2.0,2.0
2025-09-25,149.91273498535156,0.8126534372592978,0.8120800709182014,99.45483195149603,101.32396510801149,XLI,資本財・サービス,value,Improving,5.0,2.0,1.0
2025-09-26,151.260986328125,0.811917688112002,0.812025943316135,99.44130458775751,100.89853863815142,XLI,資本財・サービス,value,Improving,5.0,1.0,-1.0
2025-09-29,151.72691345214844,0.8117067582373717,0.8119195482898806,99.4254732001423,100.40035734632544,XLI,資本財・サービス,value,Improving,5.0,1.0,-1.0
2025-09-30,152.89669799804688,0.81580895999122,0.8132160188569938,99.59999996366788,100.5323248455393,XLI,資本財・サービス,value,Improving,4.0,0.0,-2.0
2025-10-01,152.47044372558594,0.8116946609705712,0.8127088995615197,99.51780637127155,100.4361707971325,XLI,資本財・サービス,value,Improving,5.0,1.0,-1.0
2025-10-02,152.86695861816406,0.811884008477776,0.8124339358669386,99.46927156605338,100.27674837710147,XLI,資本財・サービス,value,Improving,5.0,0.0,-2.0
2025-10-03,153.0751495361328,0.8101416489480646,0.8116698402273139,99.35729394975938,100.07106802031923,XLI,資本財・サービス,value,Improving,5.0,0.0,-1.0
2025-10-06,153.78892517089844,0.8141746383992378,0.8125047729512886,99.47191465626062,100.33538464668179,XLI,資本財・サービス,value,Improving,5.0,0.0,-1.0
2025-10-07,152.91653442382812,0.8131285667295163,0.812712704210698,99.50003281137907,100.03340388220036,XLI,資本財・サービス,value,Improving,5.0,1.0,1.0
2025-10-08,154.2449493408203,0.8175295712210354,0.8143183265474772,99.72661632345651,100.67072312350537,XLI,資本財・サービス,value,Improving,5.0,0.0,-1.0
2025-10-09,151.96482849121094,0.8121639553670423,0.8136002028206657,99.6255391037582,100.56264049289574,XLI,資本財・サービス,value,Improving,5.0,0.0,0.0
2025-10-10,148.6041259765625,0.8125221038446653,0.8132408364953323,99.58218705519113,100.70598680129224,XLI,資本財・サービス,value,Improving,6.0,1.0,1.0
2025-10-13,150.15066528320312,0.813072284905816,0.8131846526321602,99.58887291379874,100.49600705196009,XLI,資本財・サービス,value,Improving,6.0,1.0,1.0
2025-10-14,151.91526794433594,0.8158623249807013,0.814077210081674,99.73325030036186,100.75345156338734,XLI,資本財・サービス,value,Improving,6.0,1.0,0.0
2025-10-15,151.2808074951172,0.8108200787647889,0.8129914996427123,99.59743855542852,100.00938331980589,XLI,資本財・サービス,value,Improving,6.0,1.0,1.0
2025-10-16,150.28944396972656,0.8132147356354371,0.8130659116402874,99.6297071574331,100.31347033457168,XLI,資本財・サービス,value,Improving,6.0,1.0,1.0
2025-10-17,150.41831970214844,0.8097993807193976,0.8119770679999909,99.4923470246338,100.12298421008123,XLI,資本財・サービス,value,Improving,5.0,-1.0,-2.0
2025-10-20,152.19285583496094,0.8112409546704844,0.8117316968901556,99.47612265146496,100.07285386934338,XLI,資本財・サービス,value,Improving,5.0,-1.0,-2.0
2025-10-21,153.5410919189453,0.8146948655727065,0.8127194197843393,99.64258395356265,100.11782882681372,XLI,資本財・サービス,value,Improving,5.0,-1.0,-2.0
2025-10-22,151.5484619140625,0.8080189117109893,0.8111525837598893,99.43013223312957,99.94921525122514,XLI,資本財・サービス,value,Lagging,5.0,-1.0,-2.0
2025-10-23,153.4419403076172,0.8142540703509125,0.8121864126235638,99.61015852130937,100.26976581736932,XLI,資本財・サービス,value,Improving,5.0,-1.0,-2.0
2025-10-24,153.57083129882812,0.8127224214375384,0.8123650822282221,99.66356366381928,100.68308664933195,XLI,資本財・サービス,value,Improving,5.0,0.0,1.0
2025-10-27,154.44322204589844,0.8137229199281818,0.8128176947948754,99.76072814682664,100.9248839011662,XLI,資本財・サービス,value,Improving,5.0,0.0,1.0
2025-10-28,153.3428192138672,0.8149244051227608,0.8135199315708372,99.90063732244803,100.85943369070206,XLI,資本財・サービス,value,Improving,6.0,1.0,2.0
2025-10-29,153.73934936523438,0.8262723703498682,0.8177707444971809,100.65045552733567,102.74160056266439,XLI,資本財・サービス,value,Leading,7.0,2.0,3.0
2025-10-30,153.3527374267578,0.8277546384569198,0.8210987091504273,101.27381812383356,103.27410824336556,XLI,資本財・サービス,value,Leading,9.0,4.0,5.0
2025-10-31,153.7195281982422,0.8279242989959875,0.8233739057656141,101.71335593015002,103.51031906890644,XLI,資本財・サービス,value,Leading,9.0,4.0,4.0
2025-11-03,153.0652313232422,0.8264230927947842,0.8243903014420042,101.92267992124552,103.30062284633827,XLI,資本財・サービス,value,Leading,10.0,5.0,5.0
2025-11-04,151.29071044921875,0.8222810826357412,0.8236872285065833,101.84184360722416,102.74143173622484,XLI,資本財・サービス,value,Leading,9.0,3.0,2.0
2025-11-05,151.8756103515625,0.8206566988350232,0.8226770519493967,101.71692597517222,101.45830668863881,XLI,資本財・サービス,value,Leading,8.0,1.0,-1.0
2025-11-06,151.2708740234375,0.8231899423184262,0.8228480154057398,101.81433726071431,100.71389717583295,XLI,資本財・サービス,value,Leading,10.0,1.0,-3.0
2025-11-07,152.00450134277344,0.8203023233082887,0.8219994513732561,101.72035856616206,99.97729086243436,XLI,資本財・サービス,value,Weakening,10.0,1.0,-3.0
2025-11-10,152.86695861816406,0.8202335412131722,0.8214108146532282,101.66999522670042,99.62286164407055,XLI,資本財・サービス,value,Weakening,10.0,0.0,-5.0
2025-11-11,152.9066162109375,0.8157328384449961,0.8195181559171508,101.3061377991587,99.23248783764873,XLI,資本財・サービス,value,Weakening,9.0,0.0,-3.0
2025-11-12,153.05532836914062,0.8145941685240893,0.8178768267861303,100.96942862772428,98.93208341072574,XLI,資本財・サービス,value,Weakening,8.0,0.0,-1.0
2025-11-13,150.68597412109375,0.8111541128220073,0.8156359221314227,100.49401573667585,98.14840304162074,XLI,資本財・サービス,value,Weakening,7.0,-3.0,-4.0
2025-11-14,150.69589233398438,0.8141953168958204,0.8151557203862219,100.39707716316772,98.14817427590782,XLI,資本財・サービス,value,Weakening,7.0,-3.0,-4.0
2025-11-17,149.21878051757812,0.8169420200347571,0.8157511536024004,100.52661636051951,98.37843512622366,XLI,資本財・サービス,value,Weakening,7.0,-3.0,-3.0
2025-11-18,148.55458068847656,0.8128219963565383,0.8147747678537798,100.31566186933513,98.58488094549978,XLI,資本財・サービス,value,Weakening,7.0,-2.0,-2.0
2025-11-19,149.0502471923828,0.8180103591207066,0.8158532982760889,100.5448379753944,99.35899089076545,XLI,資本財・サービス,value,Weakening,7.0,-1.0,-1.0
2025-11-20,146.55203247070312,0.8142332459199678,0.8153132808240486,100.42060734620509,99.83726198464913,XLI,資本財・サービス,value,Weakening,8.0,1.0,4.0
2025-11-21,148.3364715576172,0.8082643281320476,0.8129636299267151,99.90821363155625,99.23888903081367,XLI,資本財・サービス,value,Lagging,6.0,-1.0,2.0
2025-11-24,148.70327758789062,0.8069181841584039,0.810948481337278,99.48181137529023,98.48737740754109,XLI,資本財・サービス,value,Lagging,5.0,-2.0,1.0
2025-11-25,150.60667419433594,0.8057989649691278,0.8092319758812281,99.13135792401172,98.34836000876284,XLI,資本財・サービス,value,Lagging,3.0,-4.0,-2.0
2025-11-26,151.4790802001953,0.8048507841133767,0.8077715786252777,98.85205686016491,97.7816414161248,XLI,資本財・サービス,value,Lagging,2.0,-5.0,-4.0
2025-11-28,152.3613739013672,0.8051850856716535,0.8069094143074029,98.70565932138598,97.8679634312354,XLI,資本財・サービス,value,Lagging,3.0,-5.0,-6.0
2025-12-01,150.13084411621094,0.7988613253921709,0.8042267180023257,98.21046922970157,97.9891097288524,XLI,資本財・サービス,value,Lagging,1.0,-5.0,-4.0
2025-12-02,151.4394073486328,0.8065876045971123,0.8050136802005879,98.40830918260619,98.76809112592859,XLI,資本財・サービス,value,Lagging,2.0,-3.0,-1.0
2025-12-03,152.87689208984375,0.8080782173424835,0.8060351925812199,98.63425540089816,99.46088798349625,XLI,資本財・サービス,value,Lagging,2.0,-1.0,3.0
2025-12-04,153.66995239257812,0.8120157424839122,0.8080287092154508,99.0253446539204,100.25676831087294,XLI,資本財・サービス,value,Improving,2.0,0.0,5.0
2025-12-05,153.24368286132812,0.8078654070599209,0.8079742751636075,99.00603175281348,100.39470990270708,XLI,資本財・サービス,value,Improving,2.0,-1.0,4.0
2025-12-08,153.05532836914062,0.8117344292593072,0.8092276598621742,99.2368868242095,101.25015883051773,XLI,資本財・サービス,value,Improving,5.0,4.0,9.0
2025-12-09,151.93508911132812,0.8073159695148208,0.8085904297463897,99.09740724065774,100.81634094092928,XLI,資本財・サービス,value,Improving,4.0,2.0,5.0
2025-12-10,154.71087646484375,0.8106601825356855,0.8092803473428216,99.22339829139842,100.67818848214455,XLI,資本財・サービス,value,Improving,6.0,4.0,5.0
2025-12-11,156.366455078125,0.8127713746997107,0.8104440231284513,99.44219537035181,100.4600633510244,XLI,資本財・サービス,value,Improving,7.0,5.0,5.0
2025-12-12,155.38502502441406,0.8131822509563162,0.8113567657377397,99.61717543323417,100.6855756433551,XLI,資本財・サービス,value,Improving,7.0,5.0,6.0
2025-12-15,155.6328582763672,0.8134699107879669,0.8120611474211488,99.75208459264533,100.56724546719282,XLI,資本財・サービス,value,Improving,8.0,3.0,-1.0
2025-12-16,154.71087646484375,0.8143701897644984,0.8128308282022654,99.89701804546691,100.89124484013864,XLI,資本財・サービス,value,Improving,8.0,4.0,2.0
2025-12-17,152.2027587890625,0.8033403008841546,0.8096673190962286,99.20048007426922,99.90734793050149,XLI,資本財・サービス,value,Lagging,4.0,-2.0,-6.0
2025-12-18,153.19410705566406,0.8068476695577078,0.8087274359167218,98.99961343083336,99.42042261879638,XLI,資本財・サービス,value,Lagging,4.0,-3.0,-8.0
2025-12-19,154.5126190185547,0.8108385834397581,0.809431151757734,99.16158245654808,99.42248858870806,XLI,資本財・サービス,value,Lagging,5.0,-2.0,-7.0
2025-12-22,156.22557067871094,0.8137957242495714,0.8108860092550131,99.48144851909116,99.65747732514815,XLI,資本財・サービス,value,Lagging,7.0,-1.0,-4.0
2025-12-23,156.1658935546875,0.8153806894968216,0.8123842360022827,99.8035887687341,99.8817213364549,XLI,資本財・サービス,value,Lagging,7.0,-1.0,-5.0
2025-12-24,156.6732177734375,0.815074729541122,0.8132810671818959,99.99367032519471,100.93924310235977,XLI,資本財・サービス,value,Improving,7.0,3.0,5.0
2025-12-26,156.38475036621094,0.8133641044891312,0.8133087462843076,99.99525277252928,101.15704754909599,XLI,資本財・サービス,value,Improving,7.0,3.0,6.0
2025-12-29,156.04652404785156,0.8129469884283814,0.8131881603323322,99.96471529643263,100.90860631260682,XLI,資本財・サービス,value,Improving,6.0,1.0,3.0
2025-12-30,155.598876953125,0.8119155463011856,0.8127639556552834,99.87424410865732,100.41964218432001,XLI,資本財・サービス,value,Improving,6.0,-1.0,0.0
2025-12-31,154.3057098388672,0.8121031617127489,0.8125436910077719,99.82704159361259,99.98621396803082,XLI,資本財・サービス,value,Lagging,6.0,-1.0,0.0
2026-01-02,157.15069580078125,0.8215010463959781,0.815529476137174,100.46342751899147,100.50192168332805,XLI,資本財・サービス,value,Leading,7.0,0.0,-3.0
2026-01-05,159.01087951660156,0.8235812796101033,0.8182134106281505,101.01481228854165,101.11571573779318,XLI,資本財・サービス,value,Leading,9.0,2.0,-1.0
2026-01-06,161.16949462890625,0.8248037632477377,0.8204101948346796,101.43585240733125,101.58102901811968,XLI,資本財・サービス,value,Leading,9.0,3.0,2.0
2026-01-07,158.135498046875,0.8184586385142224,0.8197596760611939,101.25838345380147,101.43103313416755,XLI,資本財・サービス,value,Leading,9.0,3.0,4.0
2026-01-08,159.32920837402344,0.8176270537187087,0.8190488019470323,101.08386618110909,101.25353122865363,XLI,資本財・サービス,value,Leading,9.0,3.0,4.0
2026-01-09,161.0799560546875,0.8218424607373334,0.8199800215437993,101.23956898208043,100.70843197283077,XLI,資本財・サービス,value,Leading,10.0,3.0,3.0
2026-01-12,162.31346130371094,0.8273822042794305,0.8224474157890098,101.67386751957538,100.57048318227724,XLI,資本財・サービス,value,Leading,10.0,1.0,-1.0
2026-01-13,163.14903259277344,0.831641474024677,0.8255121018675656,102.15904332867026,100.62829446437367,XLI,資本財・サービス,value,Leading,10.0,1.0,-2.0
2026-01-14,163.40768432617188,0.8291867360920121,0.8267369799423812,102.25506420948976,100.90819131127833,XLI,資本財・サービス,value,Leading,10.0,1.0,-2.0
2026-01-15,164.9097442626953,0.8331185820820909,0.8288641806556178,102.46759453998402,101.28608457676226,XLI,資本財・サービス,value,Leading,10.0,1.0,-2.0
2026-01-16,166.02386474609375,0.840896063217407,0.8328748081762143,102.89238117086542,101.51773744748004,XLI,資本財・サービス,value,Leading,11.0,1.0,-2.0
2026-01-20,162.67156982421875,0.8363968585036037,0.8340488249520108,102.82638677230739,100.96358363735892,XLI,資本財・サービス,value,Leading,11.0,1.0,0.0
2026-01-21,165.48670959472656,0.8367042453108215,0.8349339650716145,102.72840677489243,100.3424583718554,XLI,資本財・サービス,value,Leading,11.0,1.0,0.0
2026-01-22,164.6312255859375,0.831294982237672,0.8337209707936337,102.39175776766834,99.88607294855017,XLI,資本財・サービス,value,Weakening,10.0,0.0,-1.0
2026-01-23,163.35794067382812,0.8285589549864449,0.8320002988579043,102.0473414040268,99.30893167546921,XLI,資本財・サービス,value,Weakening,9.0,-1.0,-2.0
2026-01-26,163.51710510253906,0.8274097538121241,0.8304701171759776,101.7660447689601,98.61153969231691,XLI,資本財・サービス,value,Weakening,9.0,-2.0,-3.0
2026-01-27,164.19354248046875,0.832127394526463,0.8310225429594728,101.75720948344886,98.70854978300122,XLI,資本財・サービス,value,Weakening,9.0,-2.0,-3.0
2026-01-28,163.2783660888672,0.8302857121574666,0.8307769326921375,101.65603980768681,98.74366167008485,XLI,資本財・サービス,value,Weakening,9.0,-2.0,-3.0
2026-01-29,164.9893341064453,0.8378872832119105,0.8331470495320619,101.85696596465097,99.29720024180767,XLI,資本財・サービス,value,Weakening,9.0,-1.0,-1.0
2026-01-30,164.57154846191406,0.8376220840893166,0.8346387277178136,101.94022729511403,99.74240994961008,XLI,資本財・サービス,value,Weakening,9.0,0.0,1.0
2026-02-02,166.6505584716797,0.8438582555062322,0.8377119036472864,102.17764123845826,100.28932335810312,XLI,資本財・サービス,value,Leading,9.0,0.0,2.0
2026-02-03,168.05316162109375,0.8532317778583995,0.8428851950509908,102.57352713166266,100.74473001294062,XLI,資本財・サービス,value,Leading,9.0,0.0,2.0
2026-02-04,168.50079345703125,0.8481154722672603,0.8446286207897473,102.57881056031725,100.90716494042191,XLI,資本財・サービス,value,Leading,9.0,0.0,2.0
2026-02-05,167.4861602783203,0.8503959792884173,0.8465510736226374,102.58524157748867,100.73809498628002,XLI,資本財・サービス,value,Leading,9.0,0.0,1.0
2026-02-06,172.27088928222656,0.8586889938047835,0.8505970470166861,102.74118102956412,100.82827657547881,XLI,資本財・サービス,value,Leading,9.0,0.0,0.0
2026-02-09,172.78817749023438,0.8607567206486442,0.8539836048940055,102.7994521204336,100.62426665036288,XLI,資本財・サービス,value,Leading,9.0,0.0,0.0
2026-02-10,172.9970703125,0.8587421873644905,0.8555697990508339,102.70792538662614,100.07280164261446,XLI,資本財・サービス,value,Leading,10.0,1.0,1.0
2026-02-11,173.9221954345703,0.8618068360298998,0.8576488113771893,102.6561004244119,100.0025570788243,XLI,資本財・サービス,value,Leading,10.0,1.0,1.0
2026-02-12,171.84315490722656,0.8628278524085625,0.8593751583876471,102.58219808292645,99.90203401019939,XLI,資本財・サービス,value,Weakening,9.0,0.0,0.0
2026-02-13,173.25570678710938,0.8610011314468908,0.8599171494073952,102.44564260666513,99.56021769195041,XLI,資本財・サービス,value,Weakening,9.0,0.0,0.0
2026-02-17,174.1609344482422,0.8669954933566338,0.8622765973904747,102.42881560450296,99.44706829910245,XLI,資本財・サービス,value,Weakening,10.0,1.0,1.0
2026-02-18,174.1211395263672,0.8623264505374917,0.8622932151061471,102.2838762548485,99.35596488320573,XLI,資本財・サービス,value,Weakening,11.0,1.0,0.0
2026-02-19,175.414306640625,0.8705697575707549,0.8650520625943497,102.2996246902542,99.41193438501782,XLI,資本財・サービス,value,Weakening,11.0,1.0,0.0
2026-02-20,176.29965209960938,0.8708909217595383,0.866998348982746,102.26755830612004,99.44235419505073,XLI,資本財・サービス,value,Weakening,11.0,2.0,2.0
2026-02-23,173.9122314453125,0.8686310396849077,0.8675425792167999,102.16888818640112,99.48473541704614,XLI,資本財・サービス,value,Weakening,11.0,2.0,2.0
2026-02-24,176.05096435546875,0.8723551596856257,0.8691467727064085,102.13058484981119,99.4638395454803,XLI,資本財・サービス,value,Weakening,11.0,1.0,0.0
2026-02-25,174.67820739746094,0.8650428769235373,0.8677788074454515,101.96072491993347,99.4290399147148,XLI,資本財・サービス,value,Weakening,11.0,0.0,-1.0
2026-02-26,175.77243041992188,0.865572218907285,0.8670432779327294,101.83841347343184,99.23953632661757,XLI,資本財・サービス,value,Weakening,11.0,0.0,-1.0
2026-02-27,176.21011352539062,0.8667114628593755,0.8669326729082781,101.75618685521488,99.14999442970131,XLI,資本財・サービス,value,Weakening,10.0,-1.0,-3.0
2026-03-02,177.96087646484375,0.8769486201089421,0.8702713219751661,101.8320132998987,99.31349873258526,XLI,資本財・サービス,value,Weakening,10.0,-1.0,-3.0
2026-03-03,174.51904296875,0.8706698329842341,0.8704041589781888,101.76316138199684,99.20769099771483,XLI,資本財・サービス,value,Weakening,9.0,-2.0,-3.0
2026-03-04,175.0462646484375,0.8698136356050749,0.8702073178538176,101.6882337501764,99.26778755216411,XLI,資本財・サービス,value,Weakening,8.0,-3.0,-3.0
2026-03-05,171.1567840576172,0.8604529568212891,0.8669558641763081,101.48859848244415,99.11743677694568,XLI,資本財・サービス,value,Weakening,8.0,-3.0,-3.0
2026-03-06,169.04791259765625,0.8601016325568883,0.8646711203031682,101.34118897007114,99.01619078040402,XLI,資本財・サービス,value,Weakening,8.0,-2.0,-1.0
2026-03-09,170.04266357421875,0.862724508249517,0.8640222496186178,101.27033643280947,98.82762047676228,XLI,資本財・サービス,value,Weakening,8.0,-2.0,-1.0
2026-03-10,169.12750244140625,0.8645643017720154,0.8642029336697504,101.23860173860511,98.91246435077105,XLI,資本財・サービス,value,Weakening,8.0,-1.0,1.0
2026-03-11,168.60028076171875,0.8647190653880429,0.864374977575848,101.2076042568637,99.00836568326488,XLI,資本財・サービス,value,Weakening,8.0,0.0,3.0
2026-03-12,164.3726043701172,0.8562787346945362,0.8616762299487442,101.05348132254811,99.10350827716663,XLI,資本財・サービス,value,Weakening,8.0,0.0,3.0
2026-03-13,163.78567504882812,0.8532652174797833,0.8588725591257572,100.89809824759948,99.1188349528071,XLI,資本財・サービス,value,Weakening,7.0,-1.0,1.0
2026-03-16,165.1882781982422,0.8542159843911843,0.8573203675475662,100.80063714236542,99.10540307454296,XLI,資本財・サービス,value,Weakening,7.0,-1.0,1.0
2026-03-17,165.6259765625,0.8517175569823652,0.8554527640258326,100.68978102970588,99.02125423363566,XLI,資本財・サービス,value,Weakening,7.0,-1.0,0.0
2026-03-18,164.31289672851562,0.8562331327183182,0.8557128869233279,100.67697700376358,99.0757411771656,XLI,資本財・サービス,value,Weakening,7.0,-1.0,-1.0
2026-03-19,163.1987762451172,0.8510872705839532,0.8541710148102031,100.58077562201781,99.18611081403633,XLI,資本財・サービス,value,Weakening,7.0,-1.0,-1.0
2026-03-20,160.82131958007812,0.8511934297561776,0.8531784864588613,100.50966502080706,99.31868547587932,XLI,資本財・サービス,value,Weakening,7.0,0.0,1.0
2026-03-23,162.6498260498047,0.8517905877763307,0.8527158535646845,100.463058006709,99.3884633625802,XLI,資本財・サービス,value,Weakening,8.0,1.0,2.0
2026-03-24,163.59750366210938,0.8557267989374535,0.8537195020222742,100.48830045220173,99.57736973278892,XLI,資本財・サービス,value,Weakening,8.0,1.0,2.0
2026-03-25,164.69480895996094,0.8573120749555595,0.8549170263333694,100.52444297549135,99.64505103437939,XLI,資本財・サービス,value,Weakening,9.0,2.0,3.0
2026-03-26,160.87420654296875,0.845181244107389,0.8516717655913759,100.3325060983639,99.5105913427081,XLI,資本財・サービス,value,Weakening,8.0,1.0,2.0
2026-03-27,158.8092803955078,0.8459318163216323,0.849758449168128,100.20602089440762,99.45234277689828,XLI,資本財・サービス,value,Weakening,6.0,-1.0,-1.0
2026-03-30,156.2256317138672,0.833895092177292,0.844470663504516,99.89134191164777,99.09094162984572,XLI,資本財・サービス,value,Lagging,6.0,-2.0,-3.0
2026-03-31,161.33306884765625,0.8438822566198846,0.8442745278763056,99.84894469246834,99.02304480814627,XLI,資本財・サービス,value,Lagging,6.0,-2.0,-3.0
2026-04-01,164.02642822265625,0.8552076470722546,0.847918900941622,100.02551553668256,99.25206637838055,XLI,資本財・サービス,value,Weakening,6.0,-3.0,-5.0
2026-04-02,163.36807250976562,0.849348861019456,0.8483955543009001,100.02081364016732,99.53549445915019,XLI,資本財・サービス,value,Weakening,6.0,-2.0,-3.0
2026-04-06,164.2060089111328,0.8500512610356965,0.8489474565458323,100.02287009112769,99.73815224477987,XLI,資本財・サービス,value,Weakening,6.0,0.0,1.0
2026-04-07,163.87681579589844,0.8502324440664518,0.8493757857193721,100.01927920803887,100.22024857413483,XLI,資本財・サービス,value,Leading,7.0,1.0,3.0
2026-04-08,170.02169799804688,0.8621951541294253,0.8536489085227232,100.27035277517888,100.71142563658015,XLI,資本財・サービス,value,Leading,7.0,1.0,3.0
2026-04-09,171.76739501953125,0.8705200432037297,0.8592726200830587,100.6233065335741,101.03878115915879,XLI,資本財・サービス,value,Leading,7.0,1.0,4.0
2026-04-10,171.0990447998047,0.8734385241863275,0.8639945881174816,100.92925637591186,101.57326032292586,XLI,資本財・サービス,value,Leading,8.0,2.0,4.0
2026-04-13,172.30606079101562,0.8699560786681122,0.8659817516343586,101.05231377569199,101.74640389285128,XLI,資本財・サービス,value,Leading,9.0,3.0,3.0
2026-04-14,172.924560546875,0.8694493771039458,0.8671376267908878,101.11717224893482,101.8150470841152,XLI,資本財・サービス,value,Leading,9.0,2.0,1.0
2026-04-15,170.75987243652344,0.8582646011107593,0.8641799515641784,100.87150278423356,101.03138720010128,XLI,資本財・サービス,value,Leading,8.0,1.0,0.0
2026-04-16,169.91195678710938,0.8501295118432641,0.859496471657207,100.4818139729347,99.87149386341328,XLI,資本財・サービス,value,Weakening,8.0,1.0,0.0
2026-04-17,173.0841522216797,0.8552592719149744,0.8580840717431295,100.34146772739531,99.15863303000489,XLI,資本財・サービス,value,Weakening,7.0,-1.0,-3.0
2026-04-20,173.4731903076172,0.85448973675565,0.8568859600806364,100.21537512371209,98.72095468338199,XLI,資本財・サービス,value,Weakening,7.0,-2.0,-5.0
2026-04-21,171.0192413330078,0.8476008702039544,0.8537909301217426,99.92216869056521,98.10617230049483,XLI,資本財・サービス,value,Lagging,6.0,-3.0,-5.0
2026-04-22,170.62020874023438,0.8459991355224101,0.8511936652552985,99.66386923902758,98.15902046185572,XLI,資本財・サービス,value,Lagging,4.0,-4.0,-5.0
2026-04-23,173.64279174804688,0.8610287776457719,0.854472036052123,99.92644916950006,99.36987103404185,XLI,資本財・サービス,value,Lagging,7.0,-1.0,-2.0
2026-04-24,172.0467071533203,0.8548879424381797,0.8546106715141419,99.90227461668674,99.58254199809758,XLI,資本財・サービス,value,Lagging,6.0,-1.0,0.0
2026-04-27,172.08660888671875,0.8561032151614177,0.8551081860632339,99.90799420494827,99.79465724573525,XLI,資本財・サービス,value,Lagging,7.0,0.0,2.0
2026-04-28,170.56036376953125,0.8528636988355707,0.8543600236540129,99.78304547902195,100.08310469725488,XLI,資本財・サービス,value,Improving,4.0,-2.0,1.0
2026-04-29,169.512939453125,0.8491064364686216,0.8526088279255492,99.5293715171534,100.06506913749438,XLI,資本財・サービス,value,Improving,4.0,0.0,4.0
2026-04-30,174.1515350341797,0.8593490999200449,0.8548555852570479,99.73003885629501,99.9331891955499,XLI,資本財・サービス,value,Lagging,5.0,-2.0,-1.0
2026-05-01,172.53550720214844,0.8539774195280578,0.8545628633473845,99.63339920658106,99.79595133385499,XLI,資本財・サービス,value,Lagging,5.0,-1.0,0.0
2026-05-04,170.56036376953125,0.8491415672752772,0.8527557646566821,99.33437803145135,99.22387845011394,XLI,資本財・サービス,value,Lagging,5.0,-2.0,-2.0
2026-05-05,171.9868621826172,0.8495027039183753,0.8516714110772465,99.14345730363027,99.11623195367295,XLI,資本財・サービス,value,Lagging,5.0,1.0,3.0
2026-05-06,176.4359130859375,0.8646287987564436,0.8559905403036456,99.71667044856747,100.84872328251895,XLI,資本財・サービス,value,Improving,7.0,3.0,3.0
2026-05-07,173.5729522705078,0.856073374726891,0.8560181517780608,99.69228214413417,100.41306292643819,XLI,資本財・サービス,value,Improving,7.0,2.0,4.0
2026-05-08,172.77491760253906,0.8497992689444905,0.8539451908335375,99.37416416258064,99.96623594167812,XLI,資本財・サービス,value,Lagging,7.0,2.0,3.0
2026-05-11,174.6103973388672,0.8592902441707532,0.8557268752792762,99.6340860588528,101.2719752659896,XLI,資本財・サービス,value,Improving,8.0,3.0,5.0
2026-05-12,173.92210388183594,0.856659002839682,0.8560375844660781,99.67912422030798,101.76838573598647,XLI,資本財・サービス,value,Improving,8.0,3.0,2.0
2026-05-13,173.19387817382812,0.8568136462322287,0.8562962717214617,99.7210259141443,100.5655395055505,XLI,資本財・サービス,value,Improving,8.0,1.0,-2.0
2026-05-14,174.08169555664062,0.8580765730181877,0.8568897054870371,99.81526299580467,100.82818172415412,XLI,資本財・サービス,value,Improving,8.0,1.0,-1.0
2026-05-15,170.9793243408203,0.8515652572531955,0.8551148894090901,99.56278603798751,100.95254417360472,XLI,資本財・サービス,value,Improving,7.0,0.0,-2.0
2026-05-18,170.3309326171875,0.843148876458173,0.8511262184254511,99.00082550225567,99.11707711303313,XLI,資本財・サービス,value,Lagging,4.0,-4.0,-7.0
2026-05-19,168.32586669921875,0.8381001843661711,0.8467842070723578,98.42218424705614,97.83583016670659,XLI,資本財・サービス,value,Lagging,3.0,-5.0,-8.0
2026-05-20,170.31097412109375,0.8387899330779175,0.844119449074211,98.12114792274049,97.31322392590441,XLI,資本財・サービス,value,Lagging,3.0,-5.0,-6.0
2026-05-21,170.11146545410156,0.8342057564737339,0.840814884874052,97.76944940002106,96.78057378885335,XLI,資本財・サービス,value,Lagging,2.0,-6.0,-7.0
2026-05-22,171.3484344482422,0.8326654406230726,0.8380984034570589,97.54190999436632,97.10059447194494,XLI,資本財・サービス,value,Lagging,2.0,-5.0,-5.0
2026-05-26,173.87222290039062,0.8406164097874514,0.838937738900523,97.76043632050151,98.49099332234913,XLI,資本財・サービス,value,Lagging,2.0,-2.0,2.0
2026-05-27,173.87222290039062,0.8412240840313826,0.8396998539441429,97.95111958582295,99.78699114672905,XLI,資本財・サービス,value,Lagging,3.0,0.0,5.0
2026-05-28,173.37344360351562,0.835749709401561,0.8383831390966157,97.88094301836972,100.16867301922655,XLI,資本財・サービス,value,Improving,3.0,0.0,5.0
2026-05-29,172.70509338378906,0.8302156848578294,0.8356606543503536,97.66336521114995,100.38284443722547,XLI,資本財・サービス,value,Improving,3.0,1.0,7.0
2026-06-01,171.9768829345703,0.8252134498344657,0.8321782528450576,97.38042694631952,100.28502332328347,XLI,資本財・サービス,value,Improving,2.0,0.0,5.0
2026-06-02,173.7624969482422,0.8304868037132522,0.8316144364677892,97.44659235962438,100.02810541228872,XLI,資本財・サービス,value,Improving,4.0,2.0,4.0
2026-06-03,173.62283325195312,0.8329521370514588,0.8320603366623458,97.60831851290614,99.98141650924114,XLI,資本財・サービス,value,Lagging,4.0,1.0,1.0
2026-06-04,175.7276611328125,0.8367320560511161,0.8336175764586026,97.88268835854942,100.54852778048092,XLI,資本財・サービス,value,Improving,6.0,3.0,3.0
2026-06-05,173.75250244140625,0.8392696178791524,0.8355015902654526,98.17110567997179,101.35013494174737,XLI,資本財・サービス,value,Improving,6.0,3.0,2.0
2026-06-08,173.20387268066406,0.8375061856994376,0.8361697887434476,98.30980274583467,101.94550165716396,XLI,資本財・サービス,value,Improving,6.0,4.0,4.0
2026-06-09,175.16903686523438,0.8406110545775456,0.8376502106881469,98.52367857093414,102.06706251898358,XLI,資本財・サービス,value,Improving,6.0,2.0,0.0
2026-06-10,169.2436065673828,0.8226362172088224,0.8326455461950388,98.0465594095394,101.05007282611687,XLI,資本財・サービス,value,Improving,4.0,0.0,-1.0
2026-06-11,174.72012329101562,0.8362182683379166,0.8338364535759981,98.2492663984892,100.91518335065372,XLI,資本財・サービス,value,Improving,4.0,-2.0,-5.0
2026-06-12,175.7476043701172,0.8335848920869037,0.8337525997463,98.31093431463661,100.55525586931101,XLI,資本財・サービス,value,Improving,3.0,-3.0,-6.0
2026-06-15,178.241455078125,0.840528665552508,0.8360112883483695,98.60392736762942,100.76826436287487,XLI,資本財・サービス,value,Improving,5.0,-1.0,-5.0
2026-06-16,179.40859985351562,0.8488637389151643,0.8402954385373012,99.08675208571208,101.13856791247245,XLI,資本財・サービス,value,Improving,7.0,1.0,-1.0
2026-06-17,179.15921020507812,0.8605821220754453,0.8470576663833493,99.8153884799903,102.7172175937286,XLI,資本財・サービス,value,Improving,9.0,5.0,5.0
2026-06-18,180.46600341796875,0.8628543892818593,0.8523232406828527,100.37789663771312,102.93819360707816,XLI,資本財・サービス,value,Leading,10.0,6.0,8.0
2026-06-22,181.8000030517578,0.8673250442363657,0.857323841867357,100.89804264419286,103.17844441164009,XLI,資本財・サービス,value,Leading,10.0,7.0,10.0
2026-06-23,178.14999389648438,0.8528411815645427,0.855829621766419,100.73253987596269,102.45457909764954,XLI,資本財・サービス,value,Leading,10.0,5.0,6.0
2026-06-24,180.2100067138672,0.8565928440502184,0.8560840291943521,100.75349524717902,101.84317115934756,XLI,資本財・サービス,value,Leading,10.0,3.0,2.0
2026-06-25,184.1199951171875,0.8695159155475206,0.8605613246454082,101.20442449718975,101.4823630452619,XLI,資本財・サービス,value,Leading,11.0,2.0,-3.0
2026-06-26,181.1999969482422,0.8615852743650889,0.8609026412186352,101.210699452343,100.85591710277392,XLI,資本財・サービス,value,Leading,11.0,1.0,-5.0
2026-06-29,182.75999450683594,0.8578267631492908,0.8598773485288539,101.07808037039146,100.14358733784165,XLI,資本財・サービス,value,Leading,11.0,1.0,-6.0
2026-06-30,185.22999572753906,0.8705644217139944,0.8634397062572341,101.39125786203299,100.63957509854828,XLI,資本財・サービス,value,Leading,11.0,1.0,-4.0
2026-07-01,183.36000061035156,0.8591912162686817,0.8620235429277167,101.20852186705865,100.40218700720791,XLI,資本財・サービス,value,Leading,11.0,1.0,-2.0
2026-07-02,183.91000366210938,0.8557535737203769,0.8599335531919368,100.97382660488813,99.65364175867448,XLI,資本財・サービス,value,Weakening,10.0,-1.0,-3.0
2026-07-06,185.55999755859375,0.8630697560864825,0.8609789541567854,101.04817353770514,99.72476572698615,XLI,資本財・サービス,value,Weakening,10.0,-1.0,-2.0
2026-07-07,182.3800048828125,0.8493457295748565,0.8571012126294758,100.65300256197455,99.44445340193292,XLI,資本財・サービス,value,Weakening,9.0,-2.0,-3.0
2026-07-08,180.4199981689453,0.8502356303659686,0.8548126852083068,100.42031892736973,98.88249577262611,XLI,資本財・サービス,value,Weakening,9.0,-2.0,-3.0
2026-07-09,181.11000061035156,0.8482904009852532,0.852638590467289,100.20976946461194,98.88698758134655,XLI,資本財・サービス,value,Weakening,8.0,-3.0,-4.0
2026-07-10,181.9199981689453,0.8489033858063358,0.8513935222469713,100.10100962292341,99.05029900176704,XLI,資本財・サービス,value,Weakening,8.0,-2.0,-1.0
2026-07-13,180.3699951171875,0.8419455665143399,0.8482442036694275,99.81350301786722,98.71135906573043,XLI,資本財・サービス,value,Lagging,8.0,-2.0,-1.0
2026-07-14,180.4499969482422,0.8453970462787034,0.8472951512058529,99.74328895966805,99.08312742517465,XLI,資本財・サービス,value,Lagging,8.0,-1.0,1.0
2026-07-15,180.05999755859375,0.8454711768160983,0.8466871597426013,99.70711391726682,99.31541996120815,XLI,資本財・サービス,value,Lagging,8.0,-1.0,1.0
2026-07-16,180.14999389648438,0.8376731886059003,0.8436825026970345,99.41781446745256,99.25539763245659,XLI,資本財・サービス,value,Lagging,8.0,0.0,3.0
2026-07-17,179.41000366210938,0.8408398920549885,0.8427349658163525,99.34131143458222,99.30294211192893,XLI,資本財・サービス,value,Lagging,7.0,-1.0,1.0
2026-07-20,178.1199951171875,0.8385274298680778,0.8413324538335943,99.21765725853149,99.47678587607952,XLI,資本財・サービス,value,Lagging,5.0,-3.0,-1.0
2026-07-21,178.66000366210938,0.8397255512072739,0.8407968196248209,99.18683500872942,99.51233549075714,XLI,資本財・サービス,value,Lagging,6.0,-2.0,-1.0
2026-07-22,178.85000610351562,0.8408557060160019,0.8408164484218812,99.21286293313914,99.56241100631958,XLI,資本財・サービス,value,Lagging,5.0,-3.0,-2.0
2026-07-23,181.94000244140625,0.8585315402671972,0.8467214790369866,99.8519807581779,100.53618739992949,XLI,資本財・サービス,value,Improving,8.0,0.0,0.0
2026-07-24,182.66000366210938,0.8552699227322441,0.8495709602687391,100.16590039013927,100.93113222629837,XLI,資本財・サービス,value,Leading,8.0,1.0,2.0
2026-07-27,183.1999969482422,0.8513802545958612,0.8501740583777798,100.23912164872156,101.1088568724823,XLI,資本財・サービス,value,Leading,9.0,4.0,7.0
2026-07-28,182.49000549316406,0.8383021886468274,0.8462167684674624,99.82688270691906,100.68281937053932,XLI,資本財・サービス,value,Improving,7.0,1.0,3.0
2026-07-29,176.66000366210938,0.8188940210485426,0.8371091859944891,98.87714019326215,99.64614049583673,XLI,資本財・サービス,value,Lagging,4.0,-1.0,2.0
2026-07-30,178.38999938964844,0.8282570124683106,0.8341584614857631,98.61014793629496,98.71709725485546,XLI,資本財・サービス,value,Lagging,3.0,-5.0,-5.0
2026-07-31,179.83999633789062,0.8364262170713783,0.8349143800143016,98.7340992186714,98.5626252210302,XLI,資本財・サービス,value,Lagging,5.0,-3.0,-4.0
2026-08-03,183.16000366210938,0.843627668680392,0.8378188095696651,99.06973863885128,98.8603476427626,XLI,資本財・サービス,value,Lagging,6.0,-3.0,-7.0
2026-08-04,186.39999389648438,0.8463878559353559,0.8406751583582288,99.39004771637967,99.60688566726876,XLI,資本財・サービス,value,Lagging,8.0,1.0,0.0
2026-08-05,186.35000610351562,0.8480863319843961,0.8431455495669513,99.66360516330225,100.83376357092638,XLI,資本財・サービス,value,Improving,8.0,4.0,5.0
2026-08-06,184.75999450683594,0.8452740093288178,0.8438550361542403,99.75668190475054,101.17285460984704,XLI,資本財・サービス,value,Improving,9.0,6.0,11.0
2026-08-07,185.17999267578125,0.8413830512836477,0.8430310411973762,99.68849811190127,100.95571095535917,XLI,資本財・サービス,value,Improving,9.0,4.0,7.0
2026-08-10,184.60000610351562,0.8382526795034873,0.8414382539660799,99.53721858960216,100.45564646089647,XLI,資本財・サービス,value,Improving,8.0,2.0,5.0
2026-08-11,185.6999969482422,0.841451787094642,0.8414427650089339,99.55859530291991,100.15856463321845,XLI,資本財・サービス,value,Improving,8.0,0.0,-1.0
2026-08-12,185.8800048828125,0.8407816326365811,0.841222387551483,99.55615098714036,99.89213630106971,XLI,資本財・サービス,value,Lagging,8.0,0.0,-4.0
2026-08-13,185.7899932861328,0.8341489554617773,0.8388645768549144,99.32291112633565,99.57223846023844,XLI,資本財・サービス,value,Lagging,7.0,-2.0,-8.0
2026-08-14,186.50999450683594,0.837231184314757,0.838320112674862,99.28820062314088,99.61452560342967,XLI,資本財・サービス,value,Lagging,7.0,-2.0,-6.0
2026-08-17,186.32000732421875,0.8438788576924195,0.8401730276807144,99.51664956692639,99.997995986772,XLI,資本財・サービス,value,Lagging,7.0,-1.0,-3.0
2026-08-18,183.57000732421875,0.8352063921547093,0.8385174825053794,99.35222794424638,99.80459677997551,XLI,資本財・サービス,value,Lagging,7.0,-1.0,-1.0
2026-08-19,181.9499969482422,0.8193362045627262,0.8321237231911617,98.67708147389229,99.11724354815965,XLI,資本財・サービス,value,Lagging,3.0,-5.0,-5.0
2026-08-20,179.77000427246094,0.8160977177622751,0.8267817213815329,98.16713511162051,98.8184506925421,XLI,資本財・サービス,value,Lagging,2.0,-5.0,-3.0
2026-08-21,180.25,0.8131456736992565,0.8222363721541075,97.79936324246012,98.4432271397495,XLI,資本財・サービス,value,Lagging,1.0,-6.0,-4.0
2026-08-24,179.0,0.8065606538432238,0.8170111327171463,97.43597266523338,97.83417399931247,XLI,資本財・サービス,value,Lagging,1.0,-6.0,-5.0
2026-08-25,178.39999389648438,0.8044369863352067,0.8128197505898331,97.24940459906338,97.87783478646212,XLI,資本財・サービス,value,Lagging,1.0,-6.0,-5.0
2026-08-26,180.33999633789062,0.811940010996001,0.8125265040585558,97.41476871470128,98.75445439606173,XLI,資本財・サービス,value,Lagging,1.0,-2.0,3.0
2026-08-27,178.8000030517578,0.8074057598363723,0.8108195893178279,97.44979598523756,99.30958001319088,XLI,資本財・サービス,value,Lagging,1.0,-1.0,4.0
2026-08-28,177.13999938964844,0.8026643591917108,0.8081011792757888,97.41152606267694,99.6428270956534,XLI,資本財・サービス,value,Lagging,1.0,0.0,6.0
2026-08-31,175.1300048828125,0.7982588329916178,0.8048203971810652,97.34623135041231,99.93852180643724,XLI,資本財・サービス,value,Lagging,1.0,0.0,6.0
2026-09-01,172.72999572753906,0.7938324308775231,0.8011577417465512,97.2826813774235,100.0555817573348,XLI,資本財・サービス,value,Improving,1.0,0.0,6.0
2026-09-02,172.77999877929688,0.7903933849730947,0.7975696228220658,97.25210192943472,99.85737548461542,XLI,資本財・サービス,value,Lagging,1.0,0.0,2.0
2026-09-03,174.55999755859375,0.7932742337546599,0.7961378264662639,97.3591846001554,99.93069246537881,XLI,資本財・サービス,value,Lagging,1.0,0.0,1.0
2026-09-04,175.27000427246094,0.8003196542121503,0.7975317690482261,97.6017618298665,100.21617534923847,XLI,資本財・サービス,value,Improving,1.0,0.0,0.0
2026-09-08,174.4199981689453,0.8047801486058094,0.7999478955674206,97.86046039533697,100.5492079145662,XLI,資本財・サービス,value,Improving,1.0,0.0,0.0
2026-09-09,171.7899932861328,0.8003633701762758,0.8000863871037058,97.97342221040094,100.7368715515593,XLI,資本財・サービス,value,Improving,1.0,0.0,0.0
2026-09-10,170.5500030517578,0.8000656964709943,0.8000794902261354,98.06234086581456,100.84817584148469,XLI,資本財・サービス,value,Improving,1.0,0.0,0.0
2026-09-11,172.3699951171875,0.8022059805194252,0.8007883203238988,98.17819241319434,100.84589565101037,XLI,資本財・サービス,value,Improving,1.0,0.0,0.0
2026-09-14,169.92999267578125,0.7903353193675774,0.7973039866717917,98.08961573825418,100.50781479035798,XLI,資本財・サービス,value,Improving,1.0,0.0,0.0
2026-09-15,168.85000610351562,0.7891662030527133,0.794591392132099,98.05163882851335,100.21303870030118,XLI,資本財・サービス,value,Improving,1.0,0.0,0.0
2026-09-16,168.7100067138672,0.7947522502544928,0.7946450115062303,98.14281690484766,100.19799845588214,XLI,資本財・サービス,value,Improving,1.0,0.0,0.0
2026-09-17,169.00999450683594,0.7923210184295787,0.7938703471473465,98.19142950499109,100.18871860345882,XLI,資本財・サービス,value,Improving,1.0,0.0,0.0
2024-09-18,44.94548416137695,0.26356048622841377,0.26356048622841377,,,XLB,素材,value,,,,
2024-09-19,45.624507904052734,0.2647179970569849,0.2639463231712708,,,XLB,素材,value,,,,
2024-09-20,45.301849365234375,0.2638087889168572,0.26390047841979963,,,XLB,素材,value,,,,
2024-09-23,45.69754409790039,0.26475737158026375,0.2641861094732877,,,XLB,素材,value,,,,
2024-09-24,46.32155227661133,0.2679804573976353,0.26545089211473694,,,XLB,素材,value,,,,
2024-09-25,46.011962890625,0.2678455004791203,0.26624909490286475,,,XLB,素材,value,,,,
2024-09-26,46.96488952636719,0.2711232342782374,0.267873808027989,,,XLB,素材,value,,,,
2024-09-27,46.882667541503906,0.26968054138642805,0.26847605248080203,,,XLB,素材,value,,,,
2024-09-30,46.621456146240234,0.26783366261194347,0.26826192252451586,,,XLB,素材,value,,,,
2024-10-01,46.505367279052734,0.2685910069678409,0.26837161733895754,,,XLB,素材,value,,,,
2024-10-02,46.326377868652344,0.267842795926345,0.2681953435347534,,,XLB,素材,value,,,,
2024-10-03,45.813629150390625,0.2661340396577073,0.2675082422424047,,,XLB,素材,value,,,,
2024-10-04,46.03614807128906,0.2653450067751684,0.26678716375332595,,,XLB,素材,value,,,,
2024-10-07,45.900699615478516,0.2666398370598876,0.26673805485551316,,,XLB,素材,value,,,,
2024-10-08,45.68785858154297,0.2647757859311024,0.26608396521404293,,,XLB,素材,value,,,,
2024-10-09,45.97809600830078,0.26463986800767986,0.26560259947858855,,,XLB,素材,value,,,,
2024-10-10,46.08451843261719,0.2662500093666348,0.265818402774604,,,XLB,素材,value,,,,
2024-10-11,46.384437561035156,0.2653759304764675,0.2656709120085585,,,XLB,素材,value,,,,
2024-10-14,46.650482177734375,0.2649539606478346,0.26543192822165057,,,XLB,素材,value,,,,
2024-10-15,46.60210418701172,0.26588229712224204,0.2655820511885144,,,XLB,素材,value,,,,
2024-10-16,46.96488952636719,0.26615219706129206,0.2657720998127736,,,XLB,素材,value,,,,
2024-10-17,47.03745651245117,0.266989719674573,0.2661779731000401,,,XLB,素材,value,,,,
2024-10-18,47.22610855102539,0.26726465676250744,0.26654020098752923,,,XLB,素材,value,,,,
2024-10-21,46.86331558227539,0.26749118243510417,0.26685719480338754,,,XLB,素材,value,,,,
2024-10-22,46.432804107666016,0.2662298050988574,0.26664806490187754,,,XLB,素材,value,,,,
2024-10-23,46.307037353515625,0.266384223142205,0.2665601176486534,,,XLB,素材,value,,,,
2024-10-24,45.74107360839844,0.26306964298125707,0.26539662609285464,,,XLB,素材,value,,,,
2024-10-25,45.45083999633789,0.2626479511164362,0.26448040110071513,,,XLB,素材,value,,,,
2024-10-28,45.82814025878906,0.2633350158966726,0.26409860603270097,,,XLB,素材,value,,,,
2024-10-29,45.53307342529297,0.2624306625178065,0.2635426248610695,,,XLB,素材,value,,,,
2024-10-30,45.77976989746094,0.264429949472074,0.2638383997314043,,,XLB,素材,value,,,,
2024-10-31,45.175113677978516,0.2637497057912225,0.26380883508467706,,,XLB,素材,value,,,,
2024-11-01,45.04934310913086,0.26285139920438216,0.26348968979124543,,,XLB,素材,value,,,,
2024-11-04,45.247676849365234,0.26369471437958125,0.2635580313206907,,,XLB,素材,value,,,,
2024-11-05,45.31539535522461,0.2610445024486741,0.26272018836335187,,,XLB,素材,value,,,,
2024-11-06,45.93940734863281,0.2585187890952905,0.2613197219406648,,,XLB,素材,value,,,,
2024-11-07,46.118385314941406,0.25927079067432557,0.26063674485188504,,,XLB,素材,value,,,,
2024-11-08,45.69754409790039,0.25548149025866396,0.2589183266541447,,,XLB,素材,value,,,,
2024-11-11,45.499210357666016,0.25310780743804334,0.2569814869154443,,,XLB,素材,value,,,,
2024-11-12,44.725250244140625,0.25071302028412695,0.25489199803833856,,,XLB,素材,value,,,,
2024-11-13,44.8316764831543,0.2511727738647321,0.2536522566471364,,,XLB,素材,value,,,,
2024-11-14,44.46403884887695,0.2511225125667029,0.2528090086203253,,,XLB,素材,value,,,,
2024-11-15,44.154449462890625,0.25116566509896404,0.2522612274465382,,,XLB,素材,value,,,,
2024-11-18,44.49789810180664,0.2521022538412296,0.2522082362447687,,,XLB,素材,value,,,,
2024-11-19,44.352783203125,0.25195966917195733,0.2521253805538316,,,XLB,素材,value,,,,
2024-11-20,44.715579986572266,0.2531683185424041,0.25247302655002246,,,XLB,素材,value,,,,
2024-11-21,45.262184143066406,0.2530750689486716,0.2526737073495722,,,XLB,素材,value,,,,
2024-11-22,45.51372146606445,0.25249257916837586,0.2526133312891734,,,XLB,素材,value,,,,
2024-11-25,45.98293685913086,0.25280637991922883,0.25267768083252523,,,XLB,素材,value,,,,
2024-11-26,45.639495849609375,0.25089142734148934,0.25208226300217995,,,XLB,素材,value,,,,
2024-11-27,45.61531066894531,0.25099973535182424,0.25172142045206136,,,XLB,素材,value,,,,
2024-11-29,45.847496032714844,0.2515109517108187,0.2516512642049805,,,XLB,素材,value,,,,
2024-12-02,45.81847381591797,0.251983004092807,0.25176184416758934,,,XLB,素材,value,,,,
2024-12-03,45.67335510253906,0.25230381933278817,0.25194250255598893,,,XLB,素材,value,,,,
2024-12-04,45.228328704833984,0.2498320592735942,0.2512390214618574,,,XLB,素材,value,,,,
2024-12-05,44.63334655761719,0.24778222745988848,0.25008675679453446,,,XLB,素材,value,,,,
2024-12-06,44.459205627441406,0.2470953551548091,0.249089622914626,,,XLB,素材,value,,,,
2024-12-09,44.449527740478516,0.24805955740307303,0.24874626774410835,,,XLB,素材,value,,,,
2024-12-10,43.99482727050781,0.24703561037457972,0.24817604862093215,,,XLB,素材,value,,,,
2024-12-11,43.840030670166016,0.24593832855769093,0.2474301419331851,,,XLB,素材,value,,,,
2024-12-12,43.535282135009766,0.24512383996684403,0.24666137461107143,,,XLB,素材,value,,,,
2024-12-13,43.16282272338867,0.24388056699377272,0.24573443873863854,,,XLB,素材,value,,,,
2024-12-16,42.78067398071289,0.24252016464222995,0.24466301403983567,97.9810018294749,,XLB,素材,value,,1.0,,
2024-12-17,42.54365158081055,0.24309112867668758,0.24413905225211965,98.01442479696345,,XLB,素材,value,,1.0,,
2024-12-18,41.33433532714844,0.2433828154501795,0.24388697331813963,98.07800766689863,,XLB,素材,value,,2.0,,
2024-12-19,40.889312744140625,0.24156401159375138,0.24311265274334357,98.07608538996685,,XLB,素材,value,,2.0,,
2024-12-20,41.39722442626953,0.24118671135615138,0.24247067228094618,98.09127131553653,,XLB,素材,value,,2.0,,
2024-12-23,41.36513137817383,0.24067165007267455,0.2418709982115223,98.11001645140186,,XLB,素材,value,,2.0,1.0,
2024-12-24,41.588802337646484,0.24016102968913025,0.2413010087040583,98.13025399361679,,XLB,素材,value,,2.0,1.0,
2024-12-26,41.52558898925781,0.23940510393245404,0.24066904044685689,98.13980978197677,,XLB,素材,value,,2.0,0.0,
2024-12-27,41.30191421508789,0.23974622842603716,0.24036143643991698,98.18124785243967,,XLB,素材,value,,2.0,0.0,
2024-12-30,40.747596740722656,0.23893559255064567,0.2398861551434932,98.20238042192646,,XLB,素材,value,,1.0,-1.0,
2024-12-31,40.91292190551758,0.23946698893668222,0.23974643307455623,98.25563299876679,,XLB,素材,value,,1.0,-1.0,-2.0
2025-01-02,40.4607048034668,0.23751134873895535,0.2390014049626893,98.24360091465137,,XLB,素材,value,,2.0,0.0,-1.0
2025-01-03,40.45098114013672,0.23529950322518858,0.2377674377168557,98.18556533875677,,XLB,素材,value,,1.0,-1.0,-1.0
2025-01-06,40.7232780456543,0.23704480396361852,0.23752655979910997,98.23208490078176,,XLB,素材,value,,2.0,0.0,0.0
2025-01-07,40.69896697998047,0.2376992049980109,0.23758410819874362,98.30388033930569,,XLB,素材,value,,2.0,1.0,2.0
2025-01-08,40.922645568847656,0.23872008284463142,0.23796276641403957,98.40251860734209,,XLB,素材,value,,2.0,1.0,2.0
2025-01-10,40.50446701049805,0.23978567078452936,0.23857040120420286,98.51735667178443,,XLB,素材,value,,2.0,0.0,0.0
2025-01-13,41.40889358520508,0.24314694362766487,0.2400959153453569,98.71513768621972,,XLB,素材,value,,2.0,1.0,2.0
2025-01-14,41.924312591552734,0.24420214152578534,0.24146465740549972,98.89000772734761,,XLB,素材,value,,3.0,1.0,1.0
2025-01-15,42.323036193847656,0.2441809998569432,0.24237010488931424,99.0140014556996,,XLB,素材,value,,3.0,1.0,0.0
2025-01-16,42.67314147949219,0.24427717286535336,0.24300579421466062,99.10816761020727,,XLB,素材,value,,3.0,1.0,0.0
2025-01-17,42.95029830932617,0.24467564897325944,0.2435624124675269,99.19298174449752,,XLB,素材,value,,3.0,1.0,1.0
2025-01-21,43.499755859375,0.24496207160852812,0.24402896551452732,99.26776941234571,,XLB,素材,value,,3.0,1.0,0.0
2025-01-22,43.149662017822266,0.24384745393674562,0.24396846165526676,99.28568650617223,,XLB,素材,value,,3.0,0.0,-1.0
2025-01-23,43.38792037963867,0.24403749796812127,0.2439914737595516,99.31210135322007,,XLB,素材,value,,3.0,0.0,-1.0
2025-01-24,43.276084899902344,0.24362228506989447,0.24386841086299926,99.32168382095087,,XLB,素材,value,,3.0,0.0,-1.0
2025-01-27,43.30039596557617,0.24359867067506058,0.24377849746701974,99.33430609101941,,XLB,素材,value,,3.0,0.0,-1.0
2025-01-28,43.15938186645508,0.24400994486319666,0.2438556465990787,99.36703052977684,,XLB,素材,value,,4.0,1.0,0.0
2025-01-29,43.08157730102539,0.24437830936847457,0.24402986752221068,99.41230353219187,,XLB,素材,value,,4.0,1.0,1.0
2025-01-30,43.49003219604492,0.2440898098152243,0.24404984828654855,99.43870033160366,,XLB,素材,value,,5.0,2.0,2.0
2025-01-31,43.173973083496094,0.24432138018181912,0.24414035891830543,99.47465380098622,,XLB,素材,value,,6.0,3.0,3.0
2025-02-03,43.21773147583008,0.24591231759421894,0.24473101181027662,99.57970588877211,,XLB,素材,value,,5.0,2.0,2.0
2025-02-04,43.344154357910156,0.24633098874237327,0.24526433745430887,99.68217263641043,,XLB,素材,value,,6.0,2.0,1.0
2025-02-05,43.31011962890625,0.24494318589277642,0.24515728693379807,99.69522601978791,,XLB,素材,value,,6.0,2.0,1.0
2025-02-06,43.46085739135742,0.2461214016555046,0.24547865850770026,99.77635559693412,,XLB,素材,value,,6.0,1.0,-1.0
2025-02-07,42.930843353271484,0.2443205239814427,0.2450926136656144,99.74539251995127,,XLB,素材,value,,4.0,-2.0,-5.0
2025-02-10,43.149662017822266,0.2448728865001504,0.24501937127712642,99.76461165617472,,XLB,素材,value,,2.0,-3.0,-5.0
2025-02-11,43.40250778198242,0.24628052286065072,0.24543975513830119,99.87667590359041,,XLB,素材,value,,1.0,-5.0,-7.0
2025-02-12,43.091312408447266,0.24594339551984037,0.24560763526548093,99.94614860121338,,XLB,素材,value,,2.0,-4.0,-6.0
2025-02-13,43.84012985229492,0.2480638057186037,0.2464263587498552,100.1499707088516,,XLB,素材,value,,3.0,-3.0,-4.0
2025-02-14,43.689395904541016,0.24745666288553989,0.2467697934617501,100.25642630685333,,XLB,素材,value,,5.0,1.0,3.0
2025-02-18,44.24371337890625,0.24868730887276366,0.2474089652654213,100.42559910545567,,XLB,素材,value,,5.0,3.0,6.0
2025-02-19,43.723426818847656,0.24526552785235614,0.24669448612773293,100.29551461108043,,XLB,素材,value,,5.0,4.0,9.0
2025-02-20,43.62131881713867,0.24530992061401302,0.2462329642898263,100.21727581365114,,XLB,素材,value,,4.0,2.0,6.0
2025-02-21,42.823875427246094,0.2442538874281165,0.24557327200258972,100.09171646963314,,XLB,素材,value,,3.0,0.0,3.0
2025-02-24,42.77524948120117,0.24377320712714245,0.24497325037744064,99.97695292752859,,XLB,素材,value,,3.0,-2.0,-3.0
2025-02-25,43.105892181396484,0.24541207733233047,0.2451195260290706,100.04119095920366,,XLB,素材,value,,4.0,-1.0,-4.0
2025-02-26,43.086448669433594,0.24581989776197624,0.24535298327337252,100.13136678219985,,XLB,素材,value,,4.0,-1.0,-5.0
2025-02-27,42.79469680786133,0.24630646988565508,0.2456708121441334,100.24815331306482,,XLB,素材,value,,4.0,0.0,-2.0
2025-02-28,43.15938186645508,0.2456756935870891,0.2456724392917853,100.28808997676954,,XLB,素材,value,,4.0,1.0,1.0
2025-03-03,42.293861389160156,0.24334193558016,0.24489560472124355,100.1113750245295,,XLB,素材,value,,4.0,1.0,3.0
2025-03-04,41.720088958740234,0.24398250590354145,0.2445912384486762,100.05949318549867,,XLB,素材,value,,4.0,0.0,1.0
2025-03-05,42.80928421020508,0.2480468696468725,0.24574311551474165,100.43937178466904,,XLB,素材,value,,5.0,1.0,2.0
2025-03-06,42.58561325073242,0.24951364837653772,0.246999959802007,100.87560172051418,,XLB,素材,value,,5.0,1.0,1.0
2025-03-07,42.702308654785156,0.2478751321731561,0.2472916839257234,101.03329241011913,,XLB,素材,value,,8.0,4.0,3.0
2025-03-10,41.81247329711914,0.24617918666298566,0.24692085150481083,100.97097492710523,,XLB,素材,value,,7.0,3.0,2.0
2025-03-11,41.491554260253906,0.24758701518478904,0.2471429060648036,101.09058605463933,,XLB,素材,value,,7.0,3.0,3.0
2025-03-12,41.29704666137695,0.24759317735444183,0.247292996494683,101.1706554181162,,XLB,素材,value,,7.0,2.0,1.0
2025-03-13,41.26787567138672,0.24981318495769897,0.24813305931568833,101.48107203572711,,XLB,素材,value,,7.0,2.0,1.0
2025-03-14,41.8076171875,0.24834606151493685,0.24820406004877116,101.50593516439653,,XLB,素材,value,,7.0,-1.0,-5.0
2025-03-17,42.332759857177734,0.24811720066978557,0.24817510692244266,101.48271964715791,,XLB,素材,value,,7.0,0.0,-3.0
2025-03-18,42.25982666015625,0.24898450043300832,0.24844490475929787,101.54877414240707,,XLB,素材,value,,7.0,0.0,-3.0
2025-03-19,42.40083694458008,0.2479777380740224,0.24828918253087273,101.45815634979394,,XLB,素材,value,,7.0,0.0,-2.0
2025-03-20,42.13340377807617,0.2474436837515203,0.24800734960442194,101.32339865569678,,XLB,素材,value,,7.0,0.0,-2.0
2025-03-21,41.71522903442383,0.24611518970054663,0.2473766296364635,101.08038986261242,,XLB,素材,value,,7.0,0.0,1.0
2025-03-24,42.28050231933594,0.2456436710891886,0.2467989767873719,100.86448604401208,,XLB,素材,value,,7.0,0.0,0.0
2025-03-25,42.270721435546875,0.2461753676052079,0.2465911070599839,100.77327141986865,,XLB,素材,value,,6.0,-1.0,-1.0
2025-03-26,42.34889602661133,0.2470958828737752,0.246759365664581,100.80487970124051,97.50047880836965,XLB,素材,value,Weakening,6.0,-1.0,-1.0
2025-03-27,42.32935333251953,0.24761878281124838,0.2470458380468035,100.87245078737723,98.1506451170357,XLB,素材,value,Weakening,7.0,0.0,0.0
2025-03-28,41.55253219604492,0.24688054774530926,0.24699074127963877,100.82675080003902,98.72489708516893,XLB,素材,value,Weakening,5.0,-2.0,-2.0
2025-03-31,42.00690460205078,0.24751989153220205,0.24716712469715987,100.85782398188543,99.39823237309314,XLB,素材,value,Weakening,5.0,-2.0,-2.0
2025-04-01,42.16324234008789,0.24818320454775714,0.24750581798069232,100.94298269991862,99.87273980802533,XLB,素材,value,Weakening,6.0,0.0,1.0
2025-04-02,42.51012420654297,0.2481500820043095,0.2477205726552314,100.98822983557008,99.90651439567019,XLB,素材,value,Weakening,6.0,0.0,1.0
2025-04-03,40.590065002441406,0.2487939373119568,0.24807836087413987,101.08387918722075,99.97976286470876,XLB,素材,value,Weakening,5.0,-2.0,-2.0
2025-04-04,38.04951095581055,0.24709521420952726,0.24775064531926902,100.94826091457118,99.73565265904887,XLB,素材,value,Weakening,6.0,1.0,3.0
2025-04-07,37.438812255859375,0.2451726687717335,0.24689131980342385,100.62020242818232,98.78696114098513,XLB,素材,value,Weakening,7.0,2.0,4.0
2025-04-08,36.28579330444336,0.24219016468039953,0.2453242680957491,99.96892269079842,97.0785002282905,XLB,素材,value,Lagging,5.0,-1.0,-1.0
2025-04-09,39.45658493041992,0.24385247370300173,0.24483366996483333,99.68974260081515,96.67363128019055,XLB,素材,value,Lagging,3.0,-3.0,-3.0
2025-04-10,38.19608688354492,0.2442859836306586,0.24465110785344177,99.50869846930598,96.5185877468114,XLB,素材,value,Lagging,4.0,-1.0,1.0
2025-04-11,39.329559326171875,0.2477781455327053,0.24569345374652962,99.97720487149385,97.86222751278844,XLB,素材,value,Lagging,4.0,-2.0,-3.0
2025-04-14,39.803470611572266,0.24760041490739332,0.24632910746681755,100.3104034163061,99.17375238784894,XLB,素材,value,Weakening,5.0,-2.0,-4.0
2025-04-15,39.49078369140625,0.24645135560872553,0.24636985684745355,100.30629880268641,100.44392125755574,XLB,素材,value,Leading,5.0,0.0,1.0
2025-04-16,39.18299102783203,0.24771092089378244,0.24681687819622986,100.58283342575716,101.51398107559395,XLB,素材,value,Leading,5.0,2.0,5.0
2025-04-17,39.45170211791992,0.2475697200664525,0.2470678254863041,100.73607440609608,102.09143465670111,XLB,素材,value,Leading,5.0,1.0,2.0
2025-04-21,38.850765228271484,0.24880039770950593,0.24764534956070472,101.12347429989777,101.884107391996,XLB,素材,value,Leading,7.0,3.0,5.0
2025-04-22,39.759490966796875,0.2484928609554501,0.2479278533589532,101.29201614104215,101.54339291728681,XLB,素材,value,Leading,8.0,3.0,5.0
2025-04-23,39.808353424072266,0.2464143833643294,0.24742336336074527,100.89413077516252,100.81613025298111,XLB,素材,value,Leading,6.0,1.0,1.0
2025-04-24,40.66823196411133,0.24754871592439512,0.24746514754862858,100.89907442743862,100.32165787107229,XLB,素材,value,Leading,6.0,1.0,-1.0
2025-04-25,40.365325927734375,0.2460570516929815,0.2469957822634129,100.51806012596997,99.36472696909314,XLB,素材,value,Weakening,6.0,1.0,0.0
2025-04-28,40.43860626220703,0.24581380409057635,0.24660178953913406,100.18174108840208,98.13930310059318,XLB,素材,value,Weakening,6.0,-1.0,-4.0
2025-04-29,40.77571105957031,0.24642483572074145,0.24654280493300318,100.10332636657171,97.82953083128696,XLB,素材,value,Weakening,6.0,-2.0,-5.0
2025-04-30,40.98579788208008,0.24734297254833926,0.24680952747144855,100.29894133648881,98.86467421953273,XLB,素材,value,Weakening,6.0,0.0,-1.0
2025-05-01,40.80502700805664,0.24658738311250614,0.2467354793518011,100.205604337725,98.73873628139572,XLB,素材,value,Weakening,6.0,0.0,-1.0
2025-05-02,41.493900299072266,0.24640309705521693,0.24662468525293973,100.07386594901597,99.17058125120082,XLB,素材,value,Weakening,4.0,-2.0,-3.0
2025-05-05,41.18611145019531,0.24538908996756598,0.24621282015781518,99.66121680624673,99.07113604870726,XLB,素材,value,Lagging,4.0,-2.0,-1.0
2025-05-06,40.888084411621094,0.24543282740539862,0.24595282257367634,99.39749102661722,98.8074831019917,XLB,素材,value,Lagging,3.0,-3.0,-1.0
2025-05-07,40.66334915161133,0.24248676038334355,0.2447974685102321,98.30702594058432,97.0264808297837,XLB,素材,value,Lagging,3.0,-3.0,-3.0
2025-05-08,41.20565414428711,0.24367076785894592,0.24442190162647004,98.01415696114788,97.02400269896408,XLB,素材,value,Lagging,2.0,-4.0,-4.0
2025-05-09,41.313133239746094,0.24436294993961996,0.2444022510641867,98.0398425720372,97.43853218966406,XLB,素材,value,Lagging,2.0,-2.0,0.0
2025-05-12,42.270721435546875,0.2433567930026491,0.24405376504367418,97.79206643739971,97.78937938737137,XLB,素材,value,Lagging,2.0,-2.0,0.0
2025-05-13,42.06064224243164,0.24160229530775587,0.24323660846503475,97.25838006522528,97.61303433883691,XLB,素材,value,Lagging,2.0,-1.0,2.0
2025-05-14,41.67467498779297,0.24083538358259796,0.24243620017088918,96.89171439151957,98.536857034822,XLB,素材,value,Lagging,2.0,-1.0,2.0
2025-05-15,42.099727630615234,0.24109411228482133,0.2419888375421999,96.8821303251849,98.90668266687011,XLB,素材,value,Lagging,2.0,0.0,4.0
2025-05-16,42.529666900634766,0.24118825110531394,0.24172197539657128,96.99723366802283,99.04230076677698,XLB,素材,value,Lagging,2.0,0.0,2.0
2025-05-19,42.637149810791016,0.2418246619301623,0.24175620424110164,97.25314399570833,99.65182458643494,XLB,素材,value,Lagging,2.0,0.0,2.0
2025-05-20,42.56386947631836,0.24204113509011338,0.24185118119077226,97.49665826454292,100.57409474072254,XLB,素材,value,Improving,2.0,0.0,1.0
2025-05-21,41.997127532958984,0.24413629558589278,0.24261288598914577,98.04072668092859,101.60535540133709,XLB,素材,value,Improving,3.0,1.0,2.0
2025-05-22,41.953163146972656,0.24466101483008673,0.24329559560279276,98.47681348829983,102.02195646827768,XLB,素材,value,Improving,4.0,2.0,2.0
2025-05-23,41.87009811401367,0.2451570296710722,0.24391607362555257,98.840793226818,102.17415659073068,XLB,素材,value,Improving,4.0,2.0,2.0
2025-05-27,42.60295486450195,0.24488275037131124,0.24423829920747214,99.03176684448407,101.99913429894252,XLB,素材,value,Improving,4.0,2.0,2.0
2025-05-28,42.02155685424805,0.24361234343343738,0.2440296472827939,98.93771578009623,101.58680971889416,XLB,素材,value,Improving,4.0,2.0,2.0
2025-05-29,42.17789840698242,0.24392301668598634,0.24399410375052472,98.94243591946166,101.01358667345899,XLB,素材,value,Improving,4.0,1.0,0.0
2025-05-30,42.18278503417969,0.24404805939449048,0.24401208896517998,98.97507164563159,100.59891349278158,XLB,素材,value,Improving,4.0,0.0,-2.0
2025-06-02,42.43195343017578,0.2452949679353819,0.24443971528858063,99.20953419182518,100.46369411059554,XLB,素材,value,Improving,4.0,0.0,-2.0
2025-06-03,42.86677551269531,0.245762561367003,0.2448806639813881,99.44121175823612,100.49753451512555,XLB,素材,value,Improving,4.0,0.0,-2.0
2025-06-04,43.02800750732422,0.24724243157019984,0.24566791984432534,99.86209821707124,100.99922626226326,XLB,素材,value,Improving,5.0,1.0,-1.0
2025-06-05,42.77395248413086,0.24644853145451412,0.2459281237143883,100.01009316193515,101.12817488527287,XLB,素材,value,Leading,6.0,2.0,1.0
2025-06-06,42.88631820678711,0.2449802370886918,0.24561216150582282,99.85462871560718,100.93741287478784,XLB,素材,value,Improving,6.0,2.0,2.0
2025-06-09,43.17457580566406,0.24658543854817738,0.2459365871866077,100.03750965982239,100.88716417497339,XLB,素材,value,Leading,7.0,3.0,3.0
2025-06-10,43.44329071044922,0.24689071223009793,0.2462546288677711,100.21725958543186,100.8429861499626,XLB,素材,value,Leading,7.0,3.0,3.0
2025-06-11,43.013343811035156,0.2451433923908321,0.24588421670879146,100.02918292135752,100.24652325074118,XLB,素材,value,Leading,7.0,2.0,1.0
2025-06-12,43.19411849975586,0.24559772990589485,0.24578872110782593,99.99747339821126,100.07678861682781,XLB,素材,value,Improving,7.0,1.0,-1.0
2025-06-13,42.690895080566406,0.2457064673326882,0.24576130318278006,100.00378105507603,100.24498482075829,XLB,素材,value,Leading,7.0,1.0,-1.0
2025-06-16,43.05243682861328,0.24542100088131108,0.24564786908229042,99.96224557017277,100.02852172737876,XLB,素材,value,Improving,7.0,0.0,-3.0
2025-06-17,42.632266998291016,0.24538289134904773,0.24555954317120954,99.93686891622447,99.83281547696402,XLB,素材,value,Lagging,6.0,-1.0,-4.0
2025-06-18,42.51012420654297,0.2446522508595275,0.24525711240064887,99.78568728124394,99.87854405532943,XLB,素材,value,Lagging,6.0,-1.0,-3.0
2025-06-20,42.221866607666016,0.24259662475298047,0.24437028318475942,99.28797712681619,99.41674589221822,XLB,素材,value,Lagging,6.0,-1.0,-2.0
2025-06-23,42.69230270385742,0.2431529754419977,0.24396451393717222,99.07558362979893,99.20730786627963,XLB,素材,value,Lagging,4.0,-3.0,-4.0
2025-06-24,43.045860290527344,0.24286712940543448,0.24359871909325967,98.89281016571874,99.07714572594811,XLB,素材,value,Lagging,4.0,-3.0,-3.0
2025-06-25,42.63337326049805,0.24228794694054773,0.2431617950423557,98.67929594497703,98.90383309532318,XLB,素材,value,Lagging,1.0,-5.0,-4.0
2025-06-26,43.10478591918945,0.24313210800828894,0.24315189936433346,98.71800995537953,99.10335279260951,XLB,素材,value,Lagging,3.0,-3.0,-2.0
2025-06-27,43.1588020324707,0.2425485563566221,0.24295078502842968,98.64806106874661,99.53025531737013,XLB,素材,value,Lagging,3.0,-3.0,-2.0
2025-06-30,43.1195182800293,0.24119443139982147,0.2423653338188936,98.37396713915577,99.47742427948218,XLB,素材,value,Lagging,2.0,-2.0,1.0
2025-07-01,44.23421096801758,0.24456331830205877,0.243097995313282,98.83112720609259,100.10960582452736,XLB,素材,value,Improving,4.0,0.0,3.0
2025-07-02,44.89713668823242,0.247662825132403,0.24461960525298904,99.72298332578092,101.17413648839124,XLB,素材,value,Improving,7.0,6.0,11.0
2025-07-03,44.86767578125,0.24631075996233862,0.2451833234894389,100.07467636796491,101.43786903373304,XLB,素材,value,Leading,7.0,4.0,7.0
2025-07-07,44.435543060302734,0.24590381647598136,0.24542348781828638,100.24802933710369,101.61619784943997,XLB,素材,value,Leading,7.0,4.0,7.0
2025-07-08,44.798927307128906,0.24729548953168257,0.24604748838941845,100.65592908593933,102.14110350907251,XLB,素材,value,Leading,8.0,6.0,8.0
2025-07-09,45.06900405883789,0.2480455647877081,0.24671351385551502,101.07209086632703,101.99978094435153,XLB,素材,value,Leading,10.0,6.0,6.0
2025-07-10,45.30961990356445,0.24793358153872871,0.24712020308325294,101.28920480470588,101.36051725487393,XLB,素材,value,Leading,10.0,3.0,-3.0
2025-07-11,44.94132995605469,0.2477318461053461,0.24732408409061735,101.36842424645101,101.08946772248281,XLB,素材,value,Leading,11.0,4.0,0.0
2025-07-14,44.690895080566406,0.24609781372705455,0.24691532730276308,101.09022229910916,100.67318357940152,XLB,素材,value,Leading,9.0,2.0,-2.0
2025-07-15,43.772621154785156,0.2444307044055821,0.24608711967036945,100.59103085289907,99.86344540982734,XLB,素材,value,Weakening,8.0,0.0,-6.0
2025-07-16,43.890472412109375,0.24413668740205885,0.24543697558093258,100.21293368683715,99.1730637002563,XLB,素材,value,Weakening,7.0,-3.0,-9.0
2025-07-17,44.1998405456543,0.24386927822733884,0.24491440979640133,99.91368576133502,98.75822609767,XLB,素材,value,Lagging,7.0,-3.0,-6.0
2025-07-18,44.30295944213867,0.24453113755151917,0.24478665238144062,99.85494108805355,98.68476853640007,XLB,素材,value,Lagging,7.0,-4.0,-8.0
2025-07-21,44.52884292602539,0.24662151084461448,0.24539827186916524,100.24506279239228,99.28454690508774,XLB,素材,value,Weakening,7.0,-2.0,-4.0
2025-07-22,45.142662048339844,0.2468738035863953,0.2458901157749086,100.57530171460101,100.0175173016233,XLB,素材,value,Leading,7.0,-1.0,-1.0
2025-07-23,45.294891357421875,0.24567107037071062,0.24581710064017595,100.56522108358863,100.34888125660821,XLB,素材,value,Leading,8.0,1.0,4.0
2025-07-24,44.82838821411133,0.24392168348094082,0.24518529492043092,100.18576595421418,100.28351430845909,XLB,素材,value,Leading,7.0,0.0,3.0
2025-07-25,45.358734130859375,0.24562419695348425,0.24533159559811538,100.31112136650816,100.44286807991755,XLB,素材,value,Leading,8.0,1.0,5.0
2025-07-28,44.700714111328125,0.24350069750193482,0.24472129623272187,99.92408442872336,99.76254064850617,XLB,素材,value,Lagging,7.0,0.0,2.0
2025-07-29,44.52884292602539,0.24268147000538046,0.24404135415694142,99.48212004908954,99.08901121459154,XLB,素材,value,Lagging,5.0,-2.0,-1.0
2025-07-30,43.63021469116211,0.23933651461017152,0.24247307430801812,98.45645817794762,98.2441067907734,XLB,素材,value,Lagging,1.0,-7.0,-8.0
2025-07-31,43.08023452758789,0.23849448084124766,0.24114687648576133,97.67881996922651,97.99384894293621,XLB,素材,value,Lagging,1.0,-6.0,-6.0
2025-08-01,42.584266662597656,0.2384365876976468,0.24024344688972318,97.28123737074428,97.69225220132722,XLB,素材,value,Lagging,1.0,-7.0,-8.0
2025-08-04,43.148983001708984,0.23868010819984897,0.23972233399309847,97.1805009383705,98.01581753681877,XLB,素材,value,Lagging,1.0,-6.0,-6.0
2025-08-05,43.453433990478516,0.24103304838351872,0.24015923878990525,97.59843576826316,98.71283956456742,XLB,素材,value,Lagging,1.0,-4.0,-2.0
2025-08-06,42.98202133178711,0.23895275913703612,0.23975707890561554,97.53712971990456,99.45020598738736,XLB,素材,value,Lagging,1.0,0.0,7.0
2025-08-07,43.16862487792969,0.2401346030851421,0.23988292029879105,97.74742686783559,100.17918369855985,XLB,素材,value,Improving,1.0,0.0,6.0
2025-08-08,43.38468551635742,0.24090148009176637,0.24022244022978284,98.02746680943707,100.67753964973625,XLB,素材,value,Improving,1.0,0.0,7.0
2025-08-11,43.286476135253906,0.2410143882783385,0.24048642291263472,98.24005510489195,100.89590038340107,XLB,素材,value,Improving,2.0,1.0,7.0
2025-08-12,43.851192474365234,0.24109510819252059,0.24068931800593002,98.40210249320639,100.66772412130376,XLB,素材,value,Improving,3.0,2.0,6.0
2025-08-13,44.6761589050293,0.24217305959644175,0.24118389853610062,98.67686013924617,100.91228543300787,XLB,素材,value,Improving,5.0,4.0,4.0
2025-08-14,44.209659576416016,0.24121348942659054,0.24119376216626393,98.70368699816405,100.7362729037108,XLB,素材,value,Improving,4.0,3.0,3.0
2025-08-15,44.209659576416016,0.24181049386832376,0.24139933940028388,98.81163839568147,100.57216823117292,XLB,素材,value,Improving,4.0,3.0,3.0
2025-08-18,43.95431137084961,0.24046557208779637,0.24108808362945472,98.67654285839102,100.26592090916924,XLB,素材,value,Improving,4.0,2.0,1.0
2025-08-19,44.219478607177734,0.2407889115223014,0.24098835959373693,98.64466682910724,100.09374132067356,XLB,素材,value,Improving,4.0,1.0,-1.0
2025-08-20,44.25385284423828,0.2411957158581195,0.24105747834853114,98.69174430875287,99.90600747044095,XLB,素材,value,Lagging,4.0,-1.0,-5.0
2025-08-21,44.38644027709961,0.24276437079890484,0.24162644249865572,98.96950664763219,100.12868906544293,XLB,素材,value,Improving,4.0,0.0,-3.0
2025-08-22,45.26542663574219,0.24284224764119222,0.24203171087950126,99.17019235204701,100.22616762917981,XLB,素材,value,Improving,4.0,0.0,-3.0
2025-08-25,45.014991760253906,0.24336091190352355,0.2424747778875087,99.38617168349258,100.54984510886426,XLB,素材,value,Improving,5.0,1.0,-1.0
2025-08-26,45.137752532958984,0.24385600931189957,0.24293518836230568,99.60691042074588,100.79035492622971,XLB,素材,value,Improving,6.0,2.0,1.0
2025-08-27,45.25069808959961,0.24358592467419543,0.24315210046626895,99.71271112362685,100.85303888471478,XLB,素材,value,Improving,6.0,2.0,3.0
2025-08-28,45.25069808959961,0.2437020852593734,0.24333542873063713,99.80138395061925,100.68738122691391,XLB,素材,value,Improving,6.0,2.0,2.0
2025-08-29,45.31452941894531,0.2442270071261486,0.24363262152914095,99.94001739058578,100.62744424711754,XLB,素材,value,Improving,6.0,2.0,2.0
2025-09-02,44.975704193115234,0.2443309332897866,0.24386539211602287,100.05066034307859,100.52941991284794,XLB,素材,value,Leading,6.0,1.0,0.0
2025-09-03,44.67124938964844,0.24305365872935883,0.2435948143204682,99.9360452238344,100.23508307310397,XLB,素材,value,Improving,6.0,0.0,-2.0
2025-09-04,44.843116760253906,0.24219989421406307,0.2431298409516665,99.73975006737665,99.98124438855783,XLB,素材,value,Lagging,5.0,-1.0,-3.0
2025-09-05,45.15739059448242,0.24361253122087512,0.2432907377080694,99.83185516206474,99.99885872077465,XLB,素材,value,Lagging,5.0,-1.0,-3.0
2025-09-08,45.196678161621094,0.2440187384700074,0.24353340462871542,99.95984079975202,100.0015399565894,XLB,素材,value,Improving,8.0,2.0,0.0
2025-09-09,44.46009826660156,0.24078359740521926,0.2426168022208834,99.55150280375018,99.55425048845159,XLB,素材,value,Lagging,5.0,-1.0,-2.0
2025-09-10,44.5435791015625,0.24148013882588298,0.24223791442254994,99.39643129255647,99.53561965595027,XLB,素材,value,Lagging,5.0,-1.0,-1.0
2025-09-11,45.47657775878906,0.24289828746834852,0.24245803877114946,99.52323959946919,99.83201082254327,XLB,素材,value,Lagging,5.0,0.0,1.0
2025-09-12,45.0198974609375,0.24220244820814005,0.242372841916813,99.50413108274897,99.73652979237822,XLB,素材,value,Lagging,5.0,0.0,1.0
2025-09-15,44.65652084350586,0.24066782096268452,0.24180450159877018,99.25393118943441,99.4099849772922,XLB,素材,value,Lagging,4.0,-4.0,-6.0
2025-09-16,44.51902770996094,0.2405645022450276,0.241391168480856,99.0816196701477,99.62786052572068,XLB,素材,value,Lagging,3.0,-2.0,-1.0
2025-09-17,44.62214660644531,0.24089119851146754,0.2412245118243932,99.03097508009506,99.72276939127161,XLB,素材,value,Lagging,3.0,-2.0,-1.0
2025-09-18,44.62214660644531,0.23932800252458583,0.24059234205779076,98.76173288601456,99.37703795705542,XLB,素材,value,Lagging,2.0,-3.0,-3.0
2025-09-19,44.602500915527344,0.23963984045924494,0.24027484152494216,98.6543082725758,99.30101349544974,XLB,素材,value,Lagging,2.0,-3.0,-3.0
2025-09-22,44.58721160888672,0.23944330962336652,0.23999766422441696,98.57278850256115,99.44674591022505,XLB,素材,value,Lagging,2.0,-2.0,2.0
2025-09-23,44.44412612915039,0.23838398979382133,0.23945977274755176,98.38249482636799,99.42312474602555,XLB,素材,value,Lagging,2.0,-1.0,1.0
2025-09-24,43.901405334472656,0.23602332962974873,0.23831429170828408,97.9574544618155,99.08182512036933,XLB,素材,value,Lagging,2.0,-1.0,1.0
2025-09-25,43.32907485961914,0.23488012290200397,0.2371695687728574,97.60547622530878,99.00980267558045,XLB,素材,value,Lagging,1.0,-1.0,2.0
2025-09-26,43.83232879638672,0.23527707920485952,0.23653873891685812,97.51474896745906,99.03715076587014,XLB,素材,value,Lagging,1.0,-1.0,2.0
2025-09-29,44.00008010864258,0.23539108240302245,0.2361561867455796,97.53224049738924,99.13357839006586,XLB,素材,value,Lagging,1.0,-1.0,1.0
2025-09-30,44.217166900634766,0.23592897306013663,0.23608044885043195,97.65804137697754,99.42627566872301,XLB,素材,value,Lagging,1.0,-1.0,0.0
2025-10-01,43.753387451171875,0.2329263962621587,0.23502909798767418,97.45909032555699,99.64648836863309,XLB,素材,value,Lagging,1.0,-1.0,0.0
2025-10-02,44.261573791503906,0.23507541640271204,0.2350445374593535,97.61874435361446,100.1254620224181,XLB,素材,value,Improving,1.0,0.0,1.0
2025-10-03,44.3355827331543,0.23464358657400905,0.2349108871642387,97.71087367431936,100.31795283727052,XLB,素材,value,Improving,2.0,1.0,2.0
2025-10-06,44.29611587524414,0.23450826569689942,0.23477668000845894,97.78651183815438,100.41878519906058,XLB,素材,value,Improving,3.0,2.0,3.0
2025-10-07,44.118492126464844,0.2345986090008443,0.23471732300592074,97.8676279901433,100.42567165348498,XLB,素材,value,Improving,2.0,1.0,2.0
2025-10-08,44.355316162109375,0.2350921878372727,0.23484227794970475,97.98647230434676,100.78062498620042,XLB,素材,value,Improving,4.0,3.0,4.0
2025-10-09,43.74845504760742,0.23381014308002898,0.23449823299314618,97.95866752955544,100.61326450414667,XLB,素材,value,Improving,3.0,2.0,2.0
2025-10-10,42.850494384765625,0.23429345329069148,0.23442997309232794,98.0139566181506,100.58817855478459,XLB,素材,value,Improving,2.0,0.0,-1.0
2025-10-13,43.53136444091797,0.23572420331463154,0.23486138316642916,98.21111422972525,100.70608191610698,XLB,素材,value,Improving,2.0,-1.0,-3.0
2025-10-14,43.96554183959961,0.23611734139477863,0.23528003590921234,98.39421408910094,100.78923954223244,XLB,素材,value,Improving,3.0,1.0,0.0
2025-10-15,43.7681884765625,0.23458445665094668,0.23504817615645712,98.38539745747825,100.6306045350665,XLB,素材,value,Improving,1.0,-3.0,-6.0
2025-10-16,43.44255828857422,0.2350672650108829,0.2350545391079324,98.44376738295237,100.69713307706178,XLB,素材,value,Improving,2.0,-1.0,-3.0
2025-10-17,43.35867691040039,0.23342788152654237,0.23451231991413574,98.34280424336919,100.50994376315933,XLB,素材,value,Improving,2.0,0.0,0.0
2025-10-20,43.87673568725586,0.23387829048528408,0.2343009767711852,98.33443408930333,100.28552690516604,XLB,素材,value,Improving,2.0,0.0,1.0
2025-10-21,43.708980560302734,0.231921511022562,0.23350782152164415,98.16660121416149,99.91659729931459,XLB,素材,value,Lagging,2.0,-1.0,-2.0
2025-10-22,43.575767517089844,0.23233521344542793,0.2331169521629054,98.1254086092529,99.8905397233127,XLB,素材,value,Lagging,2.0,1.0,4.0
2025-10-23,44.098758697509766,0.23401420560039346,0.23341603664206811,98.27024942255774,99.9950185568334,XLB,素材,value,Lagging,2.0,0.0,1.0
2025-10-24,43.91620635986328,0.23241187972530736,0.23308131766981455,98.23853265784402,100.0665768629863,XLB,素材,value,Improving,2.0,0.0,0.0
2025-10-27,43.89646911621094,0.23127957673121483,0.23248073735694796,98.14377970985257,99.95670260742031,XLB,素材,value,Lagging,2.0,0.0,0.0
2025-10-28,43.95567321777344,0.23359783674516624,0.2328531038196874,98.31925388139788,100.3053371285055,XLB,素材,value,Improving,2.0,0.0,1.0
2025-10-29,43.092254638671875,0.23159938903752908,0.2324351988923013,98.27909842811697,100.27554810684819,XLB,素材,value,Improving,2.0,0.0,-1.0
2025-10-30,42.51498794555664,0.22948386227981382,0.23145142002147215,98.10494028393138,99.81153111383676,XLB,素材,value,Lagging,2.0,0.0,0.0
2025-10-31,42.2682991027832,0.22765456227066852,0.2301858007712043,97.89010701046122,99.44312779267959,XLB,素材,value,Lagging,1.0,-1.0,-1.0
2025-11-03,42.00680160522461,0.22680128335412034,0.229057628298843,97.74425550207563,99.27703586836503,XLB,素材,value,Lagging,1.0,-1.0,-1.0
2025-11-04,41.799583435058594,0.2271851762652653,0.22843347762098376,97.73484649760698,98.94730847357557,XLB,素材,value,Lagging,1.0,-1.0,-1.0
2025-11-05,42.0462760925293,0.22719617755956598,0.22802104426717784,97.77520809223006,99.1044636741324,XLB,素材,value,Lagging,1.0,-1.0,-1.0
2025-11-06,41.83905029296875,0.22768087789319186,0.22790765547584918,97.87240170491337,99.58109378954762,XLB,素材,value,Lagging,1.0,-1.0,-1.0
2025-11-07,42.342308044433594,0.22850305981899402,0.2281061235902308,98.01894345055362,100.22417023259854,XLB,素材,value,Improving,1.0,0.0,1.0
2025-11-10,42.74195098876953,0.2293391726687532,0.22851713994973827,98.18989061411291,100.79368553335458,XLB,素材,value,Improving,1.0,0.0,1.0
2025-11-11,43.18599319458008,0.23039050685081602,0.22914159558343086,98.38454860321411,101.19282888270524,XLB,素材,value,Improving,1.0,0.0,1.0
2025-11-12,43.49189376831055,0.23147343786874705,0.22991887634520294,98.59313086907943,101.50917425386423,XLB,素材,value,Improving,2.0,1.0,2.0
2025-11-13,43.20573043823242,0.2325797483599055,0.23080583368343713,98.81010345827741,101.70949673844316,XLB,素材,value,Improving,2.0,1.0,2.0
2025-11-14,42.81101989746094,0.23130379582473706,0.23097182106387046,98.87990506924298,101.53720083005167,XLB,素材,value,Improving,2.0,1.0,1.0
2025-11-17,42.15974807739258,0.2308159176682472,0.23091985326532938,98.90540861245478,101.25181562728902,XLB,素材,value,Improving,2.0,1.0,1.0
2025-11-18,42.19429016113281,0.23086765150338714,0.2309024526780153,98.93654086305321,100.94345548409986,XLB,素材,value,Improving,2.0,1.0,1.0
2025-11-19,42.302833557128906,0.23216436551913974,0.23132309029172346,99.04985121400541,100.76999804858725,XLB,素材,value,Improving,2.0,0.0,-1.0
2025-11-20,41.671302795410156,0.23152295853422258,0.23138971303922318,99.09231095593881,100.47013800427413,XLB,素材,value,Improving,2.0,0.0,-1.0
2025-11-21,42.60380172729492,0.23214205392237355,0.23164049333360665,99.16925295852218,100.49913985903336,XLB,素材,value,Improving,3.0,1.0,0.0
2025-11-24,42.68767166137695,0.23163886540825948,0.23163995069182425,99.19569912185918,100.5306905810797,XLB,素材,value,Improving,3.0,1.0,0.0
2025-11-25,43.32414245605469,0.23179948256620386,0.23169312798328412,99.23214283392022,100.57547740312339,XLB,素材,value,Improving,5.0,3.0,2.0
2025-11-26,43.856998443603516,0.23302451757393178,0.23213692451350004,99.34739729158866,100.60505333785919,XLB,素材,value,Improving,6.0,4.0,4.0
2025-11-28,44.10862350463867,0.2331011127428702,0.2324583205899568,99.43854012202401,100.71881307809771,XLB,素材,value,Improving,6.0,4.0,4.0
2025-12-01,44.00008010864258,0.23412885286745988,0.23301516468245784,99.58230212007436,100.86034477127849,XLB,素材,value,Improving,6.0,3.0,2.0
2025-12-02,43.600440979003906,0.23222208713265957,0.23275080549919178,99.5492888052336,100.74546730935761,XLB,素材,value,Improving,6.0,3.0,2.0
2025-12-03,43.90633773803711,0.23208056263034865,0.23252739120957744,99.52357216817684,100.61675785125861,XLB,素材,value,Improving,6.0,1.0,-2.0
2025-12-04,43.649776458740234,0.2306521547547028,0.2319023123912859,99.40186569035198,100.16438461064904,XLB,素材,value,Improving,6.0,0.0,-4.0
2025-12-05,43.50669479370117,0.2293572762222802,0.23105396700161734,99.21873007592558,99.64925995009716,XLB,素材,value,Lagging,4.0,-2.0,-6.0
2025-12-08,42.904762268066406,0.227546947128677,0.2298849603773039,98.94986656143078,98.87230755298411,XLB,素材,value,Lagging,3.0,-3.0,-6.0
2025-12-09,42.81595230102539,0.2275050631475585,0.22909166130072212,98.77028560385205,98.61347509026542,XLB,素材,value,Lagging,3.0,-3.0,-6.0
2025-12-10,43.65471267700195,0.2287436937591332,0.22897567212019249,98.75776767317058,98.67305725095262,XLB,素材,value,Lagging,3.0,-3.0,-4.0
2025-12-11,44.523067474365234,0.23142479465245758,0.22979204629761418,98.99245845438996,99.33730646558621,XLB,素材,value,Lagging,4.0,-2.0,-2.0
2025-12-12,44.55267333984375,0.23315916824625305,0.2309144202804938,99.32711307638166,100.2753314037272,XLB,素材,value,Improving,5.0,1.0,3.0
2025-12-15,44.523067474365234,0.23271548262683447,0.2315147743959407,99.5273837532955,101.11742747921191,XLB,素材,value,Improving,6.0,3.0,6.0
2025-12-16,44.404659271240234,0.23373812897611732,0.23225589258933294,99.78840161640473,101.84998420047263,XLB,素材,value,Improving,7.0,4.0,7.0
2025-12-17,44.592140197753906,0.2353614586788048,0.23329108128582357,100.17203372824173,102.42181165798749,XLB,素材,value,Leading,8.0,5.0,8.0
2025-12-18,44.57240676879883,0.23475539117778269,0.23377918458314328,100.39669799388133,102.28459307423148,XLB,素材,value,Leading,8.0,4.0,6.0
2025-12-19,44.76976013183594,0.23493905621958547,0.23416580846195736,100.60508426581431,101.97651376545147,XLB,素材,value,Leading,8.0,3.0,2.0
2025-12-22,45.29841995239258,0.23596431949243,0.23476531213878157,100.9125738978121,102.0575725561225,XLB,素材,value,Leading,10.0,4.0,1.0
2025-12-23,45.377769470214844,0.23692853872407532,0.23548638766721283,101.26662588094302,102.13270966358968,XLB,素材,value,Leading,10.0,3.0,-1.0
2025-12-24,45.467041015625,0.23653714837488116,0.23583664123643563,101.44522564767634,101.75932623673167,XLB,素材,value,Leading,10.0,2.0,-3.0
2025-12-26,45.73484420776367,0.23786897709583196,0.2365140865229011,101.73533845728461,101.82983367329234,XLB,素材,value,Leading,10.0,2.0,-2.0
2025-12-29,45.367855072021484,0.23635041778274662,0.23645953027618294,101.70410950295127,101.40224352960598,XLB,素材,value,Leading,10.0,2.0,-1.0
2025-12-30,45.35793685913086,0.23667789128818834,0.23653231728018476,101.72331840809032,100.87921293928841,XLB,素材,value,Leading,10.0,0.0,-4.0
2025-12-31,44.98102569580078,0.23673286764817483,0.23659916740284814,101.71525884167255,100.21899748002369,XLB,素材,value,Leading,10.0,0.0,-3.0
2026-01-02,45.7447624206543,0.23912951835314813,0.2374426177196148,102.00171595450816,100.39707955613883,XLB,素材,value,Leading,11.0,1.0,-1.0
2026-01-05,46.20102310180664,0.23929367500611307,0.23805963681511425,102.16220534142141,100.1583161224316,XLB,素材,value,Leading,11.0,1.0,-1.0
2026-01-06,47.11353302001953,0.2411090226738175,0.23907609876801536,102.42584737630958,100.67113755468493,XLB,素材,value,Leading,11.0,1.0,-1.0
2026-01-07,46.30020523071289,0.239635018095845,0.23926240521062525,102.36490833555959,100.51487806938161,XLB,素材,value,Leading,11.0,1.0,1.0
2026-01-08,47.11353302001953,0.24177173530549004,0.2400988485755802,102.50941094958377,100.77609889327768,XLB,素材,value,Leading,11.0,1.0,1.0
2026-01-09,47.867347717285156,0.24422293003101683,0.2414735423940591,102.76168065053824,100.70072849136632,XLB,素材,value,Leading,11.0,0.0,-1.0
2026-01-12,48.1252326965332,0.24531521162877087,0.2427540988056297,102.91209170452697,100.66797178737708,XLB,素材,value,Leading,11.0,0.0,-1.0
2026-01-13,48.333526611328125,0.2463769761736015,0.24396172459495363,102.99187077107965,100.33973841821893,XLB,素材,value,Leading,11.0,0.0,-1.0
2026-01-14,48.35336685180664,0.24536159730945814,0.2444283488331218,102.8730976622333,100.2384649261532,XLB,素材,value,Leading,11.0,0.0,-1.0
2026-01-15,48.5616569519043,0.24533188723450983,0.24472952830025116,102.7318610645673,99.74041351570625,XLB,素材,value,Weakening,11.0,0.0,-1.0
2026-01-16,48.283935546875,0.24455382592197783,0.24467096084082673,102.5380972644543,98.9836344037073,XLB,素材,value,Weakening,10.0,-1.0,-1.0
2026-01-20,47.797916412353516,0.24575915246597896,0.24503369138254416,102.45324155113904,98.61697909584656,XLB,素材,value,Weakening,10.0,-1.0,-1.0
2026-01-21,48.839378356933594,0.246932912677176,0.24566676514742147,102.42617060344631,98.47996844408564,XLB,素材,value,Weakening,10.0,-1.0,-1.0
2026-01-22,49.11709976196289,0.24801369502575454,0.24644907510686584,102.42086074740541,98.68649870290882,XLB,素材,value,Weakening,11.0,0.0,0.0
2026-01-23,49.56344223022461,0.251388048419401,0.2480953995443776,102.55194946274688,99.13892805621606,XLB,素材,value,Weakening,11.0,0.0,0.0
2026-01-26,49.622947692871094,0.2510961217680757,0.24909564028561032,102.54600647635692,99.44751737352424,XLB,素材,value,Weakening,11.0,1.0,2.0
2026-01-27,49.57335662841797,0.2512361172428177,0.24980913260467946,102.48982823952859,99.49084439692777,XLB,素材,value,Weakening,11.0,1.0,2.0
2026-01-28,49.543601989746094,0.2519338345075903,0.25051736657231644,102.43620142291364,99.43838566671096,XLB,素材,value,Weakening,10.0,0.0,1.0
2026-01-29,49.593196868896484,0.25185572882829044,0.2509634873243078,102.35020455611847,99.30972283763313,XLB,素材,value,Weakening,10.0,-1.0,-1.0
2026-01-30,48.86913299560547,0.24872990143183926,0.250218958693485,102.11575641086887,98.72404308975752,XLB,素材,value,Weakening,10.0,-1.0,-1.0
2026-02-02,49.24604415893555,0.24936418632887028,0.24993403457194674,101.97172069867726,98.5231530414996,XLB,素材,value,Weakening,8.0,-3.0,-4.0
2026-02-03,50.287498474121094,0.25531737286720757,0.251728480670367,102.10998071014349,98.84549287451539,XLB,素材,value,Weakening,8.0,-3.0,-4.0
2026-02-04,51.46781539916992,0.2590530861503768,0.2541700158303703,102.30504041426849,99.24267101210091,XLB,素材,value,Weakening,8.0,-2.0,-2.0
2026-02-05,50.08912658691406,0.2543230544231058,0.2542210286946155,102.18942151651368,99.17142154694386,XLB,素材,value,Weakening,8.0,-2.0,-1.0
2026-02-06,51.09090805053711,0.2546640387663842,0.2543686987185384,102.09972543800974,99.39353701440086,XLB,素材,value,Weakening,8.0,-2.0,-1.0
2026-02-09,51.75545883178711,0.25782353669557506,0.2555203113775506,102.13264920143315,99.68202061045481,XLB,素材,value,Weakening,8.0,0.0,3.0
2026-02-10,52.479515075683594,0.26050368070692115,0.25718143448734077,102.21343044609807,99.58425599674098,XLB,素材,value,Weakening,8.0,0.0,3.0
2026-02-11,53.183738708496094,0.2635322620559534,0.2592983770102117,102.3252434606412,99.45431794821495,XLB,素材,value,Weakening,8.0,0.0,2.0
2026-02-12,52.400169372558594,0.2631022785282228,0.2605663441828821,102.32868546961942,99.67137988543821,XLB,素材,value,Weakening,8.0,0.0,2.0
2026-02-13,52.87626647949219,0.262770711047755,0.26130113313783976,102.27422040129768,99.7479202028186,XLB,素材,value,Weakening,8.0,0.0,2.0
2026-02-17,52.2712287902832,0.26021288836651896,0.26093838488073284,102.11934794617417,99.44676041308736,XLB,素材,value,Weakening,8.0,0.0,0.0
2026-02-18,52.588626861572266,0.2604426094587617,0.2607731264067425,102.00078575689591,99.1294586330409,XLB,素材,value,Weakening,8.0,0.0,0.0
2026-02-19,52.400169372558594,0.260058621334652,0.260534958049379,101.88808361404001,98.78096344437903,XLB,素材,value,Weakening,8.0,0.0,0.0
2026-02-20,52.529109954833984,0.2594850553756417,0.2601849904914666,101.77606708083859,98.63109602315154,XLB,素材,value,Weakening,9.0,1.0,1.0
2026-02-23,52.529109954833984,0.26236461354438056,0.2609115315091046,101.76976846075344,98.75380347079349,XLB,素材,value,Weakening,8.0,0.0,0.0
2026-02-24,52.92585754394531,0.2622544277350497,0.2613591635844197,101.73863645734693,98.98782633552398,XLB,素材,value,Weakening,8.0,0.0,0.0
2026-02-25,52.628299713134766,0.2606263051913253,0.26111487745338824,101.64913767291608,99.05996351367298,XLB,素材,value,Weakening,8.0,0.0,0.0
2026-02-26,52.56878662109375,0.2588692730263719,0.2603663426443828,101.52265101251503,99.0611242176763,XLB,素材,value,Weakening,8.0,0.0,0.0
2026-02-27,52.97544860839844,0.2605663638733241,0.26043301638736327,101.47515040544717,99.18686421317744,XLB,素材,value,Weakening,7.0,-2.0,-3.0
2026-03-02,52.81675338745117,0.26026832370040426,0.2603781188250436,101.41974751630177,99.12874687903373,XLB,素材,value,Weakening,7.0,-1.0,-1.0
2026-03-03,51.51741027832031,0.25701868540980505,0.2592583076866307,101.27550745893045,98.97441311406052,XLB,素材,value,Weakening,6.0,-2.0,-2.0
2026-03-04,51.4975700378418,0.25589399870602714,0.2581368713597629,101.13731199905362,98.9285632529696,XLB,素材,value,Weakening,6.0,-2.0,-2.0
2026-03-05,50.41644287109375,0.25345753941158833,0.2565770940437047,100.96564116505208,98.88999646398331,XLB,素材,value,Weakening,6.0,-2.0,-2.0
2026-03-06,49.4543342590332,0.25161951413411443,0.2549245674071746,100.78938505934639,98.72754911974731,XLB,素材,value,Weakening,6.0,-1.0,1.0
2026-03-09,49.583274841308594,0.25156455154090074,0.2538045621184167,100.66258704233418,98.65638005684117,XLB,素材,value,Weakening,6.0,-1.0,0.0
2026-03-10,49.47417068481445,0.2529074291077225,0.25350551778151864,100.61072410453168,98.82039103388611,XLB,素材,value,Weakening,6.0,0.0,2.0
2026-03-11,49.43449401855469,0.2535402033290163,0.25351707963068454,100.58752056538239,98.99142058305988,XLB,素材,value,Weakening,6.0,0.0,2.0
2026-03-12,49.27579879760742,0.25669617395895344,0.2545767777401075,100.66418822421055,99.35140319826425,XLB,素材,value,Weakening,6.0,0.0,2.0
2026-03-13,48.7897834777832,0.2541774498749736,0.25444366845172955,100.62732299808721,99.54575829288615,XLB,素材,value,Weakening,6.0,0.0,1.0
2026-03-16,48.998077392578125,0.2533771849292267,0.2540881739442286,100.56776035181268,99.6415728521249,XLB,素材,value,Weakening,6.0,0.0,1.0
2026-03-17,49.11709976196289,0.2525805256129727,0.2535856245004766,100.49184485385224,99.60986652133765,XLB,素材,value,Weakening,6.0,0.0,0.0
2026-03-18,48.0855598449707,0.2505734508022228,0.2525815666010587,100.3609587205289,99.4596966968313,XLB,素材,value,Weakening,6.0,0.0,0.0
2026-03-19,47.351585388183594,0.24694015784360354,0.2507010970152403,100.1301944158126,99.00570573475198,XLB,素材,value,Weakening,6.0,0.0,0.0
2026-03-20,46.5977668762207,0.24663218228724498,0.24934479210590854,99.95014515423206,98.80062056109243,XLB,素材,value,Lagging,5.0,-1.0,-1.0
2026-03-23,47.372867584228516,0.24808979944352508,0.24892646121844741,99.87151736479929,98.7893950676691,XLB,素材,value,Lagging,5.0,-1.0,-1.0
2026-03-24,48.26951599121094,0.2524825714378298,0.2501118312915749,99.9802241391134,99.11979312574142,XLB,素材,value,Lagging,6.0,0.0,0.0
2026-03-25,49.2259407043457,0.25624361589406075,0.25215575949240354,100.19931857362604,99.75640288627375,XLB,素材,value,Weakening,6.0,0.0,0.0
2026-03-26,48.90713119506836,0.2569423083875828,0.25375127579079665,100.3719851973592,100.55983377085809,XLB,素材,value,Leading,9.0,3.0,3.0
2026-03-27,48.72780227661133,0.259559127669098,0.2556872264168971,100.59576558241501,101.4166480789187,XLB,素材,value,Leading,9.0,4.0,5.0
2026-03-30,48.90713119506836,0.2610545800239408,0.2574763442859117,100.80799318409248,102.08254113138827,XLB,素材,value,Leading,9.0,4.0,5.0
2026-03-31,49.78385543823242,0.2604036021289879,0.2584520969002705,100.9178736285425,102.1163522743059,XLB,素材,value,Leading,9.0,3.0,3.0
2026-04-01,50.27202606201172,0.2621103293408767,0.25967150771380587,101.06663341910765,101.9590029995322,XLB,素材,value,Leading,9.0,3.0,3.0
2026-04-02,50.22221374511719,0.26110475190763544,0.26014925577841574,101.11684105531064,101.66884791611231,XLB,素材,value,Leading,9.0,0.0,-3.0
2026-04-06,50.03292465209961,0.25900727370359816,0.2597685950868099,101.04289903905087,101.06011986622637,XLB,素材,value,Leading,9.0,0.0,-4.0
2026-04-07,49.8934440612793,0.2588592210624099,0.2594654704120099,100.97960473088385,100.4984835105097,XLB,素材,value,Leading,9.0,0.0,-4.0
2026-04-08,51.55722427368164,0.26145127035281657,0.26012740372561216,101.06686358140644,100.4800984793167,XLB,素材,value,Leading,9.0,0.0,-3.0
2026-04-09,51.47751998901367,0.2608889359925471,0.2603812478145905,101.0937306066222,100.2449079332409,XLB,素材,value,Leading,10.0,1.0,-2.0
2026-04-10,51.76643753051758,0.26426097733007686,0.2616744909864193,101.29803755570649,100.619123484552,XLB,素材,value,Leading,11.0,2.0,2.0
2026-04-13,51.995582580566406,0.2625204994078313,0.2619564937935567,101.32800032322639,100.89052059085694,XLB,素材,value,Leading,11.0,2.0,2.0
2026-04-14,51.816253662109375,0.260527534827355,0.26148017413815616,101.22041035690178,100.82923894019315,XLB,素材,value,Leading,10.0,1.0,1.0
2026-04-15,51.188602447509766,0.2572815547010938,0.2600806343258021,100.9387363523922,99.98427379996602,XLB,素材,value,Weakening,9.0,0.0,0.0
2026-04-16,51.55722427368164,0.25795899672143563,0.2593734217910133,100.7820113672304,99.56542315144961,XLB,素材,value,Weakening,9.0,-1.0,-2.0
2026-04-17,51.68674087524414,0.25539925984675027,0.25804870114292566,100.49693832770785,98.42718418485876,XLB,素材,value,Weakening,9.0,-2.0,-4.0
2026-04-20,52.03543472290039,0.2563147933089264,0.257470731864926,100.35192789230759,98.09194873552521,XLB,素材,value,Weakening,9.0,-2.0,-4.0
2026-04-21,51.5771484375,0.25562524753070515,0.2568555704201857,100.18951155198721,98.0412540720749,XLB,素材,value,Weakening,8.0,-2.0,-3.0
2026-04-22,51.636924743652344,0.25603528454636226,0.2565821417955779,100.09435141223159,98.4951952851407,XLB,素材,value,Weakening,8.0,-1.0,-1.0
2026-04-23,51.617000579833984,0.2559491382716464,0.2563711406209341,100.00900498018072,98.68235924743057,XLB,素材,value,Weakening,8.0,-1.0,0.0
2026-04-24,51.726585388183594,0.2570257512249265,0.25658934415559825,100.03028505690497,99.37681205727347,XLB,素材,value,Weakening,8.0,-1.0,1.0
2026-04-27,51.58710861206055,0.2566375723792577,0.2566054202301514,100.00447800444634,99.65379776229008,XLB,素材,value,Weakening,8.0,-1.0,1.0
2026-04-28,51.208526611328125,0.2560612117166399,0.2564240173923143,99.9285075712564,99.85603708321514,XLB,素材,value,Lagging,7.0,-1.0,1.0
2026-04-29,50.770164489746094,0.2543125827909731,0.2557202058585339,99.71338182379661,99.60267552609392,XLB,素材,value,Lagging,5.0,-3.0,-2.0
2026-04-30,51.27826690673828,0.2530321223015164,0.2548241780061947,99.4433354939082,99.21238916807276,XLB,素材,value,Lagging,4.0,-4.0,-3.0
2026-05-01,51.15871047973633,0.2532138704103466,0.2542874088075787,99.2596705326663,98.7823615495058,XLB,素材,value,Lagging,4.0,-4.0,-3.0
2026-05-04,50.46132278442383,0.25122370619382894,0.2532661746029955,98.93063089923366,98.17665598111442,XLB,素材,value,Lagging,3.0,-5.0,-4.0
2026-05-05,51.33803939819336,0.25357636466630773,0.25336957129076626,98.9426095213843,98.41789513830676,XLB,素材,value,Lagging,3.0,-4.0,-3.0
2026-05-06,52.21476364135742,0.2558798125333408,0.25420631837162444,99.187351616282,99.39928243559852,XLB,素材,value,Lagging,4.0,-1.0,2.0
2026-05-07,51.208526611328125,0.2525638679154974,0.25365883488624874,99.03190672664007,99.64817528300371,XLB,素材,value,Lagging,3.0,-1.0,3.0
2026-05-08,51.39781951904297,0.2528019116357067,0.2533731938027347,98.95747565260245,99.88632924169103,XLB,素材,value,Lagging,5.0,1.0,5.0
2026-05-11,52.0653190612793,0.2562231196471608,0.2543231690842101,99.24190576827442,101.16277969832426,XLB,素材,value,Improving,6.0,3.0,8.0
2026-05-12,51.945770263671875,0.25586058794487604,0.25483564203776543,99.40304325561769,101.4434859952694,XLB,素材,value,Improving,6.0,3.0,7.0
2026-05-13,51.86606979370117,0.2565884940290676,0.2554199260348662,99.58873897335499,101.29428144728936,XLB,素材,value,Improving,6.0,2.0,3.0
2026-05-14,51.47751998901367,0.25374094501093636,0.25486026569355624,99.44881406324687,101.3046177091795,XLB,素材,value,Improving,6.0,3.0,4.0
2026-05-15,50.11262130737305,0.2495867112574435,0.253102414214852,98.96748827681289,100.49040818810373,XLB,素材,value,Improving,4.0,-1.0,-2.0
2026-05-18,50.03292465209961,0.24766613766592768,0.2512903220318773,98.48887674011236,98.97606387840901,XLB,素材,value,Lagging,2.0,-4.0,-7.0
2026-05-19,48.85731887817383,0.24326224342336533,0.24861429582904,97.82385121477228,97.49740698283877,XLB,素材,value,Lagging,1.0,-5.0,-8.0
2026-05-20,49.534786224365234,0.24396126107893717,0.24706328424567242,97.54377624672878,96.92566519823822,XLB,素材,value,Lagging,1.0,-5.0,-7.0
2026-05-21,49.83366775512695,0.24437819283111742,0.2461682537741541,97.4753856250924,97.26943295967541,XLB,素材,value,Lagging,1.0,-5.0,-8.0
2026-05-22,50.1026611328125,0.2434732160984141,0.2452699078822408,97.41946127457011,98.05786747244706,XLB,素材,value,Lagging,1.0,-3.0,-2.0
2026-05-26,50.80005645751953,0.2456019734721179,0.24538059641219984,97.59046950557594,99.11268948533821,XLB,素材,value,Lagging,1.0,-1.0,3.0
2026-05-27,50.98934555053711,0.24669533057435747,0.24581884113291907,97.80993109694862,100.50462509123778,XLB,素材,value,Improving,2.0,1.0,6.0
2026-05-28,51.16867446899414,0.2466594879185855,0.24609905672814125,97.97448854880568,101.17423005250005,XLB,素材,value,Improving,4.0,3.0,8.0
2026-05-29,50.95945739746094,0.2449686919725066,0.24572226847626305,97.98359730145886,101.2586503014659,XLB,素材,value,Improving,4.0,3.0,8.0
2026-06-01,50.73031234741211,0.24342420532947506,0.24495624742733374,97.91400079870891,101.20241157934026,XLB,素材,value,Improving,6.0,5.0,8.0
2026-06-02,51.32807922363281,0.24531929043280606,0.24507726176249117,98.03631360778813,101.09583454943106,XLB,素材,value,Improving,7.0,6.0,7.0
2026-06-03,51.43767166137695,0.24677122088614006,0.24564191480370748,98.23696462144193,101.03671892066448,XLB,素材,value,Improving,7.0,5.0,4.0
2026-06-04,51.427703857421875,0.24487441595256956,0.24538608185332816,98.2606928914207,100.8026394892122,XLB,素材,value,Improving,8.0,4.0,1.0
2026-06-05,50.4413948059082,0.24364500970754144,0.24480572447139926,98.22095196460845,100.7073734139878,XLB,素材,value,Improving,7.0,3.0,0.0
2026-06-08,49.773887634277344,0.24067555843207028,0.24342900245828963,98.0410809405456,100.52333969106071,XLB,素材,value,Improving,3.0,-3.0,-8.0
2026-06-09,50.580875396728516,0.24273035788517291,0.2431961209339174,98.08758547475603,100.3938493435995,XLB,素材,value,Improving,3.0,-4.0,-10.0
2026-06-10,49.41522979736328,0.24019080269849297,0.24219434818877594,98.00078257163706,99.95528889682255,XLB,素材,value,Lagging,3.0,-4.0,-9.0
2026-06-11,51.029197692871094,0.24422800605704534,0.24287223414486575,98.20698568362067,100.22349987581453,XLB,素材,value,Improving,3.0,-5.0,-9.0
2026-06-12,51.98562240600586,0.24657194957901332,0.24410547262291493,98.48451349180336,100.68728636541721,XLB,素材,value,Improving,5.0,-2.0,-5.0
2026-06-15,52.30442810058594,0.2466506522548473,0.24495386583355908,98.67713698588854,101.2126677494556,XLB,素材,value,Improving,6.0,3.0,6.0
2026-06-16,52.52360916137695,0.24851309965324128,0.2461402771067865,98.91265934741848,101.44472960947044,XLB,素材,value,Improving,5.0,2.0,6.0
2026-06-17,51.82621765136719,0.24894459131910876,0.24707504851089393,99.0935032143389,101.75710888500346,XLB,素材,value,Improving,7.0,4.0,8.0
2026-06-18,51.617000579833984,0.246794158835123,0.2469814186189703,99.09317195595793,101.41258140510944,XLB,素材,value,Improving,7.0,4.0,9.0
2026-06-22,51.619998931884766,0.24626687076749867,0.24674323600181308,99.06473779659358,100.95505177731204,XLB,素材,value,Improving,7.0,2.0,4.0
2026-06-23,50.869998931884766,0.24352529599559966,0.24567058933307528,98.90145461724283,100.44091362092028,XLB,素材,value,Improving,5.0,-1.0,-4.0
2026-06-24,51.15999984741211,0.24317900304218382,0.2448400605694448,98.79048965268069,99.9477761561396,XLB,素材,value,Lagging,4.0,-1.0,-3.0
2026-06-25,51.84000015258789,0.2448170019012415,0.24483237434671037,98.82200645443427,99.74100763115224,XLB,素材,value,Lagging,5.0,-2.0,-6.0
2026-06-26,51.599998474121094,0.24535209487482873,0.24500561452274985,98.88371846791273,99.83773131099178,XLB,素材,value,Lagging,4.0,-3.0,-7.0
2026-06-29,50.65999984741211,0.23778455349331726,0.24259859417960566,98.55009690507671,99.43175869380548,XLB,素材,value,Lagging,4.0,-3.0,-5.0
2026-06-30,50.83000183105469,0.23889646477594997,0.24136455104505378,98.41694221199914,99.49807237713676,XLB,素材,value,Lagging,4.0,-1.0,0.0
2026-07-01,51.02000045776367,0.2390703321412397,0.24059981141044912,98.36213540235974,99.60250415238824,XLB,素材,value,Lagging,4.0,0.0,1.0
2026-07-02,52.0099983215332,0.24200827060291494,0.24106929780793773,98.48770810039525,99.76362946932728,XLB,素材,value,Lagging,6.0,1.0,3.0
2026-07-06,51.97999954223633,0.24176743973133175,0.24130201178240243,98.56975032014779,99.81612310896708,XLB,素材,value,Lagging,6.0,2.0,5.0
2026-07-07,51.5099983215332,0.23988264027579945,0.2408288879468681,98.54459028750536,100.29544369498014,XLB,素材,value,Improving,6.0,2.0,5.0
2026-07-08,50.15999984741211,0.23638077553623463,0.2393461838099903,98.374444443731,100.24481608478858,XLB,素材,value,Improving,3.0,-1.0,0.0
2026-07-09,50.2599983215332,0.23540982820390258,0.23803406527462773,98.23763336921384,100.12659420024347,XLB,素材,value,Improving,2.0,-2.0,-2.0
2026-07-10,50.88999938964844,0.23747082904780673,0.2378463198656874,98.26816603769154,99.98722308103497,XLB,素材,value,Lagging,2.0,-4.0,-5.0
2026-07-13,50.58000183105469,0.23610139961624746,0.2372646797825408,98.23213391272212,99.8185805555895,XLB,素材,value,Lagging,1.0,-5.0,-7.0
2026-07-14,50.63999938964844,0.23724525703285784,0.23725820553264648,98.2758975880044,99.93756946215127,XLB,素材,value,Lagging,1.0,-5.0,-7.0
2026-07-15,50.5,0.2371225980680082,0.2372130030444337,98.31146860847593,100.26332866905076,XLB,素材,value,Improving,1.0,-2.0,-1.0
2026-07-16,50.88999938964844,0.23663163753074676,0.2370192145398714,98.32855858175833,100.4953498738862,XLB,素材,value,Improving,1.0,-1.0,1.0
2026-07-17,50.529998779296875,0.23681867148914112,0.23695236685629467,98.36477889547363,100.49320219222459,XLB,素材,value,Improving,1.0,-1.0,3.0
2026-07-20,50.029998779296875,0.2355239582457119,0.2364762306527671,98.34286302514633,100.49489662581774,XLB,素材,value,Improving,1.0,0.0,5.0
2026-07-21,50.099998474121094,0.2354765922524565,0.2361430178526636,98.34440275132827,100.40797045179586,XLB,素材,value,Improving,1.0,0.0,5.0
2026-07-22,50.81999969482422,0.2389280696942869,0.23707136846653803,98.53446915723315,100.6256487801893,XLB,素材,value,Improving,2.0,1.0,3.0
2026-07-23,50.290000915527344,0.23730653713688463,0.23714975802332022,98.58829588093563,100.6598780912074,XLB,素材,value,Improving,2.0,1.0,2.0
2026-07-24,51.2599983215332,0.24001496728759225,0.23810482777807757,98.77343726611939,100.86873156512915,XLB,素材,value,Improving,3.0,2.0,3.0
2026-07-27,51.38999938964844,0.23882331600912096,0.23834432385509205,98.84192983686609,100.98290671352305,XLB,素材,value,Improving,3.0,2.0,2.0
2026-07-28,52.34000015258789,0.2404336421773701,0.23904076329585142,98.98110150122697,101.16455365719273,XLB,素材,value,Improving,4.0,3.0,3.0
2026-07-29,51.7400016784668,0.23983684560867913,0.239306124066794,99.049614483063,100.94774374875,XLB,素材,value,Improving,5.0,3.0,2.0
2026-07-30,51.63999938964844,0.23976227235088782,0.2394581734948253,99.09993920733984,100.9153651032953,XLB,素材,value,Improving,6.0,4.0,3.0
2026-07-31,50.43000030517578,0.23454723777304423,0.2378211949208983,98.84730074398307,100.22142479914352,XLB,素材,value,Improving,6.0,3.0,1.0
2026-08-03,51.0099983215332,0.2349500169413251,0.23686413559437391,98.71364202408049,99.88950463454954,XLB,素材,value,Lagging,3.0,0.0,-2.0
2026-08-04,52.0,0.2361167915760785,0.2366150209216088,98.70602898435548,99.63120829558662,XLB,素材,value,Lagging,2.0,-2.0,-5.0
2026-08-05,52.63999938964844,0.2395667428807536,0.23759892824132375,98.91078661896934,99.82511788997583,XLB,素材,value,Lagging,4.0,-1.0,-4.0
2026-08-06,52.16999816894531,0.23867690425434554,0.2379582535789977,98.99997712702802,99.87699461231867,XLB,素材,value,Lagging,5.0,-1.0,-5.0
2026-08-07,52.86000061035156,0.2401744808482747,0.23869699600209004,99.16008893659395,100.53743998883087,XLB,素材,value,Improving,5.0,-1.0,-4.0
2026-08-10,53.18000030517578,0.2414857869875276,0.2396265929972359,99.35991977867764,101.05390228703266,XLB,素材,value,Improving,7.0,4.0,4.0
2026-08-11,53.2400016784668,0.24124337799399023,0.24016552132948735,99.48888636122405,101.25117066644137,XLB,素材,value,Improving,7.0,5.0,7.0
2026-08-12,52.58000183105469,0.2378324651509428,0.23938783593663918,99.34920614262815,100.69523173816178,XLB,素材,value,Improving,6.0,2.0,3.0
2026-08-13,52.310001373291016,0.23485835934411253,0.23787801040579698,99.0297256637187,100.04402452868506,XLB,素材,value,Improving,5.0,0.0,1.0
2026-08-14,52.540000915527344,0.2358486327058099,0.23720155117246797,98.8712519613631,99.54437175151932,XLB,素材,value,Lagging,4.0,-1.0,0.0
2026-08-17,52.2400016784668,0.236604933497898,0.23700267861427798,98.82447715065732,99.16236977391372,XLB,素材,value,Lagging,4.0,-3.0,-7.0
2026-08-18,51.779998779296875,0.23558851795353244,0.2365312917273628,98.7153569511052,98.77883169147425,XLB,素材,value,Lagging,4.0,-3.0,-8.0
2026-08-19,52.52000045776367,0.23650199813379252,0.23652152719617273,98.74136847744376,98.97512400761255,XLB,素材,value,Lagging,5.0,-1.0,-3.0
2026-08-20,52.41999816894531,0.23796984955255063,0.23700430131496536,98.90251641739371,99.70679892922807,XLB,素材,value,Lagging,5.0,0.0,0.0
2026-08-21,53.540000915527344,0.24153020867858693,0.23851293710283922,99.33832218047031,100.85637006258762,XLB,素材,value,Improving,8.0,4.0,5.0
2026-08-24,53.58000183105469,0.24142749335070726,0.23948445585212857,99.62773444418671,101.63166927771141,XLB,素材,value,Improving,8.0,4.0,7.0
2026-08-25,53.58000183105469,0.24160166297885657,0.24019019156103794,99.84556120361094,102.32166820546122,XLB,素材,value,Improving,8.0,4.0,7.0
2026-08-26,53.66999816894531,0.24163701779056224,0.24067246697087938,100.00507413557115,102.45738737219553,XLB,素材,value,Leading,8.0,3.0,4.0
2026-08-27,53.22999954223633,0.24037028799181862,0.2405717406445258,100.00136565658546,102.00466903831347,XLB,素材,value,Leading,8.0,3.0,3.0
2026-08-28,53.18000030517578,0.24097149719908678,0.2407049928293795,100.06509164088054,101.18771821228722,XLB,素材,value,Leading,8.0,0.0,-4.0
2026-08-31,52.689998626708984,0.24016590898990212,0.24052529821622037,100.03285383909332,100.50441204701407,XLB,素材,value,Leading,8.0,0.0,-4.0
2026-09-01,52.06999969482422,0.23930327943002436,0.24011795862082172,99.9319305114701,99.83385705247981,XLB,素材,value,Lagging,8.0,0.0,-4.0
2026-09-02,52.95000076293945,0.2422232355193328,0.2408197175869921,100.17613356231905,100.02441380686723,XLB,素材,value,Leading,8.0,0.0,-3.0
2026-09-03,52.619998931884766,0.23912746285901232,0.24025563267766553,100.02427337492041,99.7146098390634,XLB,素材,value,Weakening,8.0,0.0,-3.0
2026-09-04,52.439998626708984,0.23945204852378532,0.2399877712930388,99.96180476307806,99.45588319853984,XLB,素材,value,Lagging,8.0,0.0,0.0
2026-09-08,51.939998626708984,0.23965302288846566,0.23987618849151443,99.94310119601099,99.4933917156821,XLB,素材,value,Lagging,6.0,-2.0,-2.0
2026-09-09,51.38999938964844,0.239424149905802,0.23972550896294365,99.91056248167152,99.64263921115224,XLB,素材,value,Lagging,6.0,-2.0,-2.0
2026-09-10,50.7599983215332,0.23811980465142182,0.23919027419243638,99.74621613404081,98.78274856088606,XLB,素材,value,Lagging,6.0,-2.0,-2.0
2026-09-11,50.95000076293945,0.23712012808094465,0.23850022548860583,99.53456323369515,98.68734351344311,XLB,素材,value,Lagging,6.0,-2.0,-2.0
2026-09-14,50.4900016784668,0.23482630095533322,0.23727558397751497,99.14735618852654,98.09924749826816,XLB,素材,value,Lagging,5.0,-3.0,-3.0
2026-09-15,50.72999954223633,0.23710038301727354,0.2372171836574345,99.15212084425845,98.22426209672834,XLB,素材,value,Lagging,5.0,-1.0,1.0
2026-09-16,50.36000061035156,0.2372338463347638,0.23722273788321097,99.17229218574784,98.38601606079604,XLB,素材,value,Lagging,5.0,-1.0,1.0
2026-09-17,50.709999084472656,0.23772912505211208,0.23739153360617804,99.2443630004916,98.88052782677698,XLB,素材,value,Lagging,5.0,-1.0,1.0
2024-09-18,78.90072631835938,0.4626741524816343,0.4626741524816343,,,XLP,生活必需品,defensive,,,,
2024-09-19,78.43572235107422,0.45509197298432197,0.4601467593158636,,,XLP,生活必需品,defensive,,,,
2024-09-20,78.81531524658203,0.4589696260669103,0.4597543815662125,,,XLP,生活必需品,defensive,,,,
2024-09-23,79.27230072021484,0.4592790792616936,0.4595959474647062,,,XLP,生活必需品,defensive,,,,
2024-09-24,79.08148956298828,0.457503963127685,0.4588986193523658,,,XLP,生活必需品,defensive,,,,
2024-09-25,78.88114166259766,0.45918403692548637,0.458993758543406,,,XLP,生活必需品,defensive,,,,
2024-09-26,79.06242370605469,0.4564188320517066,0.4581354497128396,,,XLP,生活必需品,defensive,,,,
2024-09-27,79.20552062988281,0.4556094779664813,0.45729345913072017,,,XLP,生活必需品,defensive,,,,
2024-09-30,79.18643188476562,0.4549148360862241,0.45650058478255484,,,XLP,生活必需品,defensive,,,,
2024-10-01,78.91929626464844,0.45579713682775264,0.45626610213095414,,,XLP,生活必需品,defensive,,,,
2024-10-02,78.25146484375,0.4524224015205056,0.454984868594138,,,XLP,生活必需品,defensive,,,,
2024-10-03,77.46914672851562,0.45002278470488155,0.45333084063105256,,,XLP,生活必需品,defensive,,,,
2024-10-04,77.72673797607422,0.4480045068700217,0.45155539604404227,,,XLP,生活必需品,defensive,,,,
2024-10-07,76.95396423339844,0.4470300595894711,0.45004695055918525,,,XLP,生活必需品,defensive,,,,
2024-10-08,77.3355712890625,0.4481844258895617,0.44942610900264407,,,XLP,生活必需品,defensive,,,,
2024-10-09,77.80306243896484,0.44781741659601776,0.4488898782004353,,,XLP,生活必需品,defensive,,,,
2024-10-10,77.45960998535156,0.4475173569252049,0.44843237110869183,,,XLP,生活必需品,defensive,,,,
2024-10-11,77.88893127441406,0.4456203135710497,0.4474950185961445,,,XLP,生活必需品,defensive,,,,
2024-10-14,78.20376586914062,0.44416255818453926,0.4463841984589427,,,XLP,生活必需品,defensive,,,,
2024-10-15,78.69986724853516,0.4490119459689102,0.44726011429559853,,,XLP,生活必需品,defensive,,,,
2024-10-16,78.64261627197266,0.44567133691824273,0.44673052183648,,,XLP,生活必需品,defensive,,,,
2024-10-17,78.28961944580078,0.4443803959453099,0.44594714653942336,,,XLP,生活必需品,defensive,,,,
2024-10-18,78.46135711669922,0.4440329369136604,0.4453090766641691,,,XLP,生活必需品,defensive,,,,
2024-10-21,77.80306243896484,0.4440922053910822,0.4449034529064735,,,XLP,生活必需品,defensive,,,,
2024-10-22,78.24192810058594,0.44861243401276163,0.4461397799419029,,,XLP,生活必需品,defensive,,,,
2024-10-23,78.08928680419922,0.44921366578175576,0.4471644085551872,,,XLP,生活必需品,defensive,,,,
2024-10-24,77.98432922363281,0.44850957856020063,0.44761279855685837,,,XLP,生活必需品,defensive,,,,
2024-10-25,77.3355712890625,0.44690107705661664,0.4473755580567778,,,XLP,生活必需品,defensive,,,,
2024-10-28,77.47868347167969,0.44520354150210384,0.4466515525385532,,,XLP,生活必需品,defensive,,,,
2024-10-29,76.71544647216797,0.44215081321211797,0.44515130609640813,,,XLP,生活必需品,defensive,,,,
2024-10-30,76.5914077758789,0.4424020071209218,0.44423487310457943,,,XLP,生活必需品,defensive,,,,
2024-10-31,76.43876647949219,0.4462789471593018,0.44491623112282025,,,XLP,生活必需品,defensive,,,,
2024-11-01,76.46739196777344,0.4461676815919052,0.44533338127918193,,,XLP,生活必需品,defensive,,,,
2024-11-04,76.67728424072266,0.44686039096707747,0.44584238450848046,,,XLP,生活必需品,defensive,,,,
2024-11-05,77.16384887695312,0.4445111507735419,0.44539863993016765,,,XLP,生活必需品,defensive,,,,
2024-11-06,75.90449523925781,0.4271439125721799,0.43931373081083847,,,XLP,生活必需品,defensive,,,,
2024-11-07,76.18115997314453,0.42827929568309,0.4356355857682557,,,XLP,生活必需品,defensive,,,,
2024-11-08,77.10659790039062,0.43108024576035076,0.43411713909895405,,,XLP,生活必需品,defensive,,,,
2024-11-11,76.83946990966797,0.4274507095981001,0.43189499593200276,,,XLP,生活必需品,defensive,,,,
2024-11-12,76.92533111572266,0.431214626974748,0.4316682062795846,,,XLP,生活必需品,defensive,,,,
2024-11-13,77.15430450439453,0.4322626811704161,0.43186636457652844,,,XLP,生活必需品,defensive,,,,
2024-11-14,76.96349334716797,0.4346718455095921,0.4328015248875497,,,XLP,生活必需品,defensive,,,,
2024-11-15,76.28611755371094,0.4339416227870504,0.43318155752071663,,,XLP,生活必需品,defensive,,,,
2024-11-18,76.82037353515625,0.4352248114018613,0.4338626421477649,,,XLP,生活必需品,defensive,,,,
2024-11-19,76.92533111572266,0.43699807721412925,0.4349077871698863,,,XLP,生活必需品,defensive,,,,
2024-11-20,76.53416442871094,0.4333171061469647,0.4343775601622458,,,XLP,生活必需品,defensive,,,,
2024-11-21,77.36418914794922,0.4325674483778655,0.4337741895674524,,,XLP,生活必需品,defensive,,,,
2024-11-22,78.07972717285156,0.433156223213604,0.4335682007828363,,,XLP,生活必需品,defensive,,,,
2024-11-25,78.50906372070312,0.43162950315423076,0.4329219682399678,,,XLP,生活必需品,defensive,,,,
2024-11-26,78.83343505859375,0.4333665978532599,0.4330701781110652,,,XLP,生活必需品,defensive,,,,
2024-11-27,78.9956283569336,0.43467602260659643,0.43360545960957564,,,XLP,生活必需品,defensive,,,,
2024-11-29,79.39634704589844,0.43555379324592325,0.4342549041550249,,,XLP,生活必需品,defensive,,,,
2024-12-02,79.30093383789062,0.4361229406313053,0.43487758298045176,,,XLP,生活必需品,defensive,,,,
2024-12-03,78.89069366455078,0.43579945630647654,0.43518487408912676,,,XLP,生活必需品,defensive,,,,
2024-12-04,78.6712417602539,0.4345638872230611,0.4349778784671049,,,XLP,生活必需品,defensive,,,,
2024-12-05,78.986083984375,0.4384916063311006,0.43614912108843684,,,XLP,生活必需品,defensive,,,,
2024-12-06,78.59492492675781,0.43681484214724625,0.43637102810804,,,XLP,生活必需品,defensive,,,,
2024-12-09,78.47090148925781,0.43792269753901064,0.43688825125169695,,,XLP,生活必需品,defensive,,,,
2024-12-10,78.84297943115234,0.442711672164734,0.43882939155604267,,,XLP,生活必需品,defensive,,,,
2024-12-11,78.24192810058594,0.43892964320584194,0.43886280877264244,,,XLP,生活必需品,defensive,,,,
2024-12-12,78.47090148925781,0.44182758800220423,0.4398510685158297,,,XLP,生活必需品,defensive,,,,
2024-12-13,78.27054595947266,0.44224784022674096,0.4406499924194668,,,XLP,生活必需品,defensive,,,,
2024-12-16,77.86029815673828,0.4413837036924266,0.4408945628437867,99.67052759258976,,XLP,生活必需品,defensive,,7.0,,
2024-12-17,77.72673797607422,0.44412455820984453,0.441971227965806,99.82018230966405,,XLP,生活必需品,defensive,,7.0,,
2024-12-18,76.54371643066406,0.450700974443379,0.44488114345833035,100.18939621510022,,XLP,生活必需品,defensive,,7.0,,
2024-12-19,75.9999008178711,0.4489887378927141,0.446250341603125,100.38966248193181,,XLP,生活必需品,defensive,,7.0,,
2024-12-20,76.26702880859375,0.4443436514931393,0.4456147782331298,100.35058494666463,,XLP,生活必需品,defensive,,7.0,,
2024-12-23,75.86520385742188,0.4414008414125247,0.44421013262626147,100.20907992105403,,XLP,生活必需品,defensive,,7.0,0.0,
2024-12-24,76.3650894165039,0.4409821268156274,0.44313413068938345,100.10482008392725,,XLP,生活必需品,defensive,,7.0,0.0,
2024-12-26,76.60540771484375,0.44164877710715816,0.4426390128286417,100.07362349472912,,XLP,生活必需品,defensive,,7.0,0.0,
2024-12-27,76.23050689697266,0.442497081960377,0.44259170253922014,100.10411758263362,,XLP,生活必需品,defensive,,7.0,0.0,
2024-12-30,75.33650207519531,0.4417578754047152,0.44231376016105184,100.1002196404181,,XLP,生活必需品,defensive,,7.0,0.0,
2024-12-31,75.56721496582031,0.4423016638113922,0.44230972804449864,100.13958061643132,,XLP,生活必需品,defensive,,7.0,0.0,0.0
2025-01-02,75.33650207519531,0.44223832244320166,0.4422859261773997,100.17503689645267,,XLP,生活必需品,defensive,,7.0,0.0,0.0
2025-01-03,75.29806518554688,0.43800167097546855,0.44085784111008935,99.96817921642786,,XLP,生活必需品,defensive,,7.0,0.0,0.0
2025-01-06,74.50979614257812,0.4337116476769333,0.4384757766323707,99.58062957525974,,XLP,生活必需品,defensive,,6.0,-1.0,-1.0
2025-01-07,74.25025177001953,0.43365291864329925,0.43686815730268025,99.31933838191416,,XLP,生活必需品,defensive,,4.0,-3.0,-3.0
2025-01-08,74.38481903076172,0.4339198972737964,0.435885403959719,99.16735083478325,,XLP,生活必需品,defensive,,4.0,-3.0,-3.0
2025-01-10,73.38507080078125,0.43443821697430945,0.43540300829791584,99.10574110282886,,XLP,生活必需品,defensive,,4.0,-3.0,-3.0
2025-01-13,73.51004791259766,0.43164020886221915,0.43414874181935026,98.90333816701822,,XLP,生活必需品,defensive,,3.0,-4.0,-4.0
2025-01-14,73.5292739868164,0.4282957802398104,0.4321977546261703,98.58149955484869,,XLP,生活必需品,defensive,,2.0,-4.0,-3.0
2025-01-15,73.27935028076172,0.4227821685209028,0.42905922592441453,98.07724741381978,,XLP,生活必需品,defensive,,1.0,-3.0,0.0
2025-01-16,73.8272705078125,0.42261516951314754,0.4269112071206589,97.79355829851107,,XLP,生活必需品,defensive,,1.0,-3.0,0.0
2025-01-17,74.25025177001953,0.42298259274983024,0.4256016689970494,97.68834490893235,,XLP,生活必需品,defensive,,1.0,-3.0,0.0
2025-01-21,74.5963134765625,0.4200774722196444,0.4237602700712477,97.52758410768543,,XLP,生活必需品,defensive,,1.0,-2.0,2.0
2025-01-22,74.23101806640625,0.41949447370293164,0.42233833794847575,97.46502035010397,,XLP,生活必需品,defensive,,1.0,-1.0,3.0
2025-01-23,74.50018310546875,0.4190299540550807,0.4212355433173441,97.46608019712171,,XLP,生活必需品,defensive,,1.0,0.0,3.0
2025-01-24,74.88468933105469,0.4215626060855116,0.4213445642400666,97.62653731273659,,XLP,生活必需品,defensive,,1.0,0.0,3.0
2025-01-27,76.91302490234375,0.4326960575303705,0.42512839533683455,98.2546377496299,,XLP,生活必需品,defensive,,1.0,0.0,3.0
2025-01-28,75.71141052246094,0.4280491589120607,0.4261019831952433,98.44784193199834,,XLP,生活必需品,defensive,,1.0,0.0,2.0
2025-01-29,75.89404296875,0.4305055449165287,0.4275698371023384,98.70175752305775,,XLP,生活必需品,defensive,,1.0,0.0,1.0
2025-01-30,76.64385986328125,0.4301671953978081,0.42843562320082834,98.86319252799768,,XLP,生活必需品,defensive,,2.0,1.0,1.0
2025-01-31,75.92289733886719,0.42964744128043786,0.4288395625606982,98.95574475359543,,XLP,生活必需品,defensive,,2.0,1.0,1.0
2025-02-03,76.22088623046875,0.4337028840234806,0.43046066971495905,99.22692110412228,,XLP,生活必需品,defensive,,3.0,2.0,2.0
2025-02-04,75.57682800292969,0.42951385356942445,0.4301450643331142,99.20521277075085,,XLP,生活必需品,defensive,,3.0,2.0,2.0
2025-02-05,76.04785919189453,0.43009359176083906,0.4301279068090226,99.22821365718166,,XLP,生活必需品,defensive,,1.0,0.0,0.0
2025-02-06,76.3939208984375,0.43262328490606733,0.43095969950803753,99.38269183323337,,XLP,生活必需品,defensive,,1.0,-1.0,-2.0
2025-02-07,76.27857208251953,0.4341032983303193,0.4320075657821315,99.57466056362547,,XLP,生活必需品,defensive,,2.0,0.0,-1.0
2025-02-10,76.74960327148438,0.43555142756546394,0.4331888530432424,99.78265445408456,,XLP,生活必需品,defensive,,3.0,0.0,-2.0
2025-02-11,77.48979187011719,0.43970331285921344,0.43536033964856613,100.13990008729219,,XLP,生活必需品,defensive,,6.0,3.0,1.0
2025-02-12,77.43212890625,0.44194339046865266,0.43755468992192836,100.4902967530328,,XLP,生活必需品,defensive,,6.0,5.0,5.0
2025-02-13,78.2684326171875,0.44287198345588996,0.43932712109991556,100.75901625451318,,XLP,生活必需品,defensive,,7.0,6.0,7.0
2025-02-14,77.48979187011719,0.4389020472100686,0.43918542980329994,100.71479164092554,,XLP,生活必需品,defensive,,7.0,5.0,5.0
2025-02-18,77.7685775756836,0.437125566439912,0.43849880868217067,100.58516494594494,,XLP,生活必需品,defensive,,6.0,3.0,3.0
2025-02-19,78.39341735839844,0.439746019181403,0.4389145455152481,100.63556423413591,,XLP,生活必需品,defensive,,6.0,0.0,-3.0
2025-02-20,78.08580017089844,0.439125225014489,0.4389847720149951,100.63039897916993,,XLP,生活必需品,defensive,,6.0,0.0,-5.0
2025-02-21,78.9990234375,0.4505855293366925,0.44285169112222755,101.21918384714186,,XLP,生活必需品,defensive,,7.0,0.0,-6.0
2025-02-24,79.23934173583984,0.4515795629451203,0.4457609817298585,101.62136200868801,,XLP,生活必需品,defensive,,9.0,2.0,-3.0
2025-02-25,80.36406707763672,0.4575317119386587,0.4496845584661253,102.11612729842878,,XLP,生活必需品,defensive,,11.0,5.0,2.0
2025-02-26,78.82599639892578,0.4497237292503125,0.44969761539418773,102.01117774692601,,XLP,生活必需品,defensive,,10.0,4.0,4.0
2025-02-27,78.8163833618164,0.4536306272284967,0.4510086193389574,102.08548674332886,,XLP,生活必需品,defensive,,11.0,5.0,5.0
2025-02-28,79.86419677734375,0.4546101238604521,0.4522091208461223,102.13107623872749,,XLP,生活必需品,defensive,,11.0,4.0,4.0
2025-03-03,80.28715515136719,0.4619401278353285,0.4554527898425244,102.40437445009934,,XLP,生活必需品,defensive,,10.0,1.0,-1.0
2025-03-04,78.922119140625,0.46154303309829225,0.4574828709277804,102.48524127296086,,XLP,生活必需品,defensive,,9.0,-2.0,-7.0
2025-03-05,79.24897003173828,0.4591868166397759,0.45805085283177893,102.39078942251315,,XLP,生活必需品,defensive,,9.0,-1.0,-5.0
2025-03-06,79.39315795898438,0.46517297712368255,0.4604248942624135,102.48663755609955,,XLP,生活必需品,defensive,,9.0,-2.0,-7.0
2025-03-07,79.6527099609375,0.4623620275224856,0.46107060534910427,102.3937160204763,,XLP,生活必需品,defensive,,9.0,-2.0,-6.0
2025-03-10,79.47967529296875,0.4679522706256496,0.4633644937746194,102.45949102143695,,XLP,生活必需品,defensive,,10.0,0.0,-1.0
2025-03-11,78.31651306152344,0.4673276779886162,0.46468555517928506,102.4225563669498,,XLP,生活必需品,defensive,,11.0,2.0,4.0
2025-03-12,76.61502838134766,0.4593393436964511,0.4629034846850071,102.12971147113555,,XLP,生活必需品,defensive,,8.0,-1.0,0.0
2025-03-13,76.25934600830078,0.461632439256708,0.46247980287557405,101.98698037836584,,XLP,生活必需品,defensive,,9.0,0.0,2.0
2025-03-14,76.432373046875,0.45402441218551737,0.45966133931222186,101.66762924288881,,XLP,生活必需品,defensive,,8.0,-1.0,1.0
2025-03-17,77.54747772216797,0.4545147341288803,0.4579458042511081,101.46588826203988,,XLP,生活必需品,defensive,,6.0,-4.0,-4.0
2025-03-18,76.6630859375,0.45168003899547104,0.45585721583256245,101.24958495732349,,XLP,生活必需品,defensive,,6.0,-5.0,-7.0
2025-03-19,76.6630859375,0.4483576272186228,0.45335735296124924,101.01320302615515,,XLP,生活必需品,defensive,,6.0,-2.0,-1.0
2025-03-20,76.2881851196289,0.4480300156177134,0.45158157384673736,100.84558443081603,,XLP,生活必需品,defensive,,6.0,-3.0,-3.0
2025-03-21,76.25934600830078,0.44992161960286847,0.4510282557654478,100.78369432678494,,XLP,生活必需品,defensive,,6.0,-2.0,-1.0
2025-03-24,76.7309341430664,0.44579575253498627,0.4492840880219606,100.6320127156225,,XLP,生活必需品,defensive,,5.0,-1.0,3.0
2025-03-25,76.03514099121094,0.4428119073615948,0.4471266944685054,100.45273346452306,,XLP,生活必需品,defensive,,4.0,-2.0,3.0
2025-03-26,77.21412658691406,0.45052633172141876,0.44825990688614326,100.5418499307477,99.4112446066514,XLP,生活必需品,defensive,Weakening,4.0,-2.0,0.0
2025-03-27,78.0935287475586,0.45683250537753234,0.4511174397166063,100.76458647280117,99.86721464478575,XLP,生活必需品,defensive,Weakening,5.0,-1.0,2.0
2025-03-28,77.70699310302734,0.46168895147964956,0.4546412769709541,101.02939065252824,100.24138015285395,XLP,生活必需品,defensive,Leading,7.0,1.0,3.0
2025-03-31,78.92462921142578,0.4650524918867184,0.45811168194287555,101.27407215747044,100.67835144230578,XLP,生活必需品,defensive,Leading,9.0,4.0,5.0
2025-04-01,79.04058837890625,0.4652523246431212,0.4604918961762908,101.41810345948797,101.01652542707586,XLP,生活必需品,defensive,Leading,9.0,5.0,7.0
2025-04-02,78.80867004394531,0.46004047974636514,0.4603414240329823,101.36248357783742,100.82978720523028,XLP,生活必需品,defensive,Leading,9.0,5.0,7.0
2025-04-03,79.26286315917969,0.4858361228740342,0.46883965697999963,101.92777829996672,101.17994104581433,XLP,生活必需品,defensive,Leading,10.0,5.0,6.0
2025-04-04,75.8225326538086,0.4923948948978706,0.4766914029526233,102.36137339410065,101.32599431104883,XLP,生活必需品,defensive,Leading,10.0,3.0,2.0
2025-04-07,74.94312286376953,0.49077426156121345,0.48138568915548674,102.51182187532277,101.18596081010281,XLP,生活必需品,defensive,Leading,10.0,1.0,-3.0
2025-04-08,73.7834701538086,0.4924690673651065,0.4850801485586933,102.56539803359884,101.05393928703799,XLP,生活必需品,defensive,Leading,10.0,1.0,-4.0
2025-04-09,76.64395904541016,0.4736806046588562,0.48128030059208093,102.18987771897048,100.68441150641964,XLP,生活必需品,defensive,Leading,10.0,1.0,-4.0
2025-04-10,76.6826171875,0.49042952028396763,0.4843300404893765,102.23987963662337,100.10475918427308,XLP,生活必需品,defensive,Leading,10.0,0.0,-5.0
2025-04-11,77.64900207519531,0.489192507271598,0.48595086275011706,102.20354351039987,99.56583222018065,XLP,生活必需品,defensive,Weakening,10.0,0.0,-3.0
2025-04-14,78.97295379638672,0.49125706442198525,0.4877195966407398,102.17695001610824,99.34630807300934,XLP,生活必需品,defensive,Weakening,10.0,0.0,-1.0
2025-04-15,78.30614471435547,0.4886875800731602,0.48804225778488,102.08168477720926,99.15974958639467,XLP,生活必需品,defensive,Weakening,10.0,0.0,-1.0
2025-04-16,77.46540069580078,0.48972845718012004,0.48860432424996003,102.01085207559792,99.47739996054192,XLP,生活必需品,defensive,Weakening,10.0,0.0,-1.0
2025-04-17,79.11791229248047,0.49648553413350827,0.4912313942111428,102.0462774026097,99.42227018462054,XLP,生活必需品,defensive,Weakening,10.0,0.0,0.0
2025-04-21,78.3641357421875,0.5018441213258287,0.49476896991603814,102.1189349180479,99.5117501480614,XLP,生活必需品,defensive,Weakening,10.0,0.0,0.0
2025-04-22,79.4754638671875,0.4967137383275699,0.4954172260532154,102.05487781236312,99.42069581241601,XLP,生活必需品,defensive,Weakening,10.0,0.0,0.0
2025-04-23,79.02127075195312,0.4891430071868651,0.493325819764432,101.87768144784819,99.27876784459988,XLP,生活必需品,defensive,Weakening,10.0,0.0,0.0
2025-04-24,78.32547760009766,0.4767694701156365,0.4878070365481668,101.56177142960946,98.94754302933605,XLP,生活必需品,defensive,Weakening,10.0,0.0,0.0
2025-04-25,78.12252807617188,0.4762156253522898,0.4839432328162078,101.33746753390436,98.63086721359485,XLP,生活必需品,defensive,Weakening,9.0,-1.0,-1.0
2025-04-28,77.86160278320312,0.47329664748153927,0.480394371037985,101.13168868535135,98.33617077995748,XLP,生活必需品,defensive,Weakening,9.0,-1.0,-1.0
2025-04-29,78.50907897949219,0.4744635074994557,0.4784174165251419,101.0049891195851,98.32715746224562,XLP,生活必需品,defensive,Weakening,8.0,-2.0,-2.0
2025-04-30,79.07925415039062,0.47723110929152257,0.47802198078060215,100.956760994373,98.5408557618734,XLP,生活必需品,defensive,Weakening,7.0,-3.0,-3.0
2025-05-01,78.39311218261719,0.4737345813627323,0.47659284764131227,100.85799103552999,98.84688674062278,XLP,生活必需品,defensive,Weakening,7.0,-3.0,-3.0
2025-05-02,78.81832885742188,0.4680466332450206,0.4737441095092151,100.68765599350684,98.94669488667732,XLP,生活必需品,defensive,Weakening,7.0,-2.0,-1.0
2025-05-05,78.75067901611328,0.46920082468723306,0.47222968123522113,100.5846929937913,99.10604709090505,XLP,生活必需品,defensive,Weakening,7.0,-2.0,-1.0
2025-05-06,78.61538696289062,0.4718928993011922,0.47211742059054485,100.55452477192826,99.25281204986099,XLP,生活必需品,defensive,Weakening,6.0,-2.0,0.0
2025-05-07,78.74102020263672,0.4695544094763817,0.47126308355249047,100.48404018439096,99.24670522781688,XLP,生活必需品,defensive,Weakening,6.0,-1.0,2.0
2025-05-08,78.6443862915039,0.4650657389964815,0.4691973020338209,100.34485441424411,99.21858475079144,XLP,生活必需品,defensive,Weakening,5.0,-2.0,1.0
2025-05-09,78.19017791748047,0.4624868905812549,0.4669604982162989,100.19181276867373,99.2635117155521,XLP,生活必需品,defensive,Weakening,5.0,-2.0,0.0
2025-05-12,78.30614471435547,0.45081634764959977,0.4615791146940659,99.84944344341667,98.99292266453999,XLP,生活必需品,defensive,Lagging,4.0,-3.0,-1.0
2025-05-13,77.2527847290039,0.44375095372685996,0.4556363943716639,99.46443242187951,98.5973479575437,XLP,生活必需品,defensive,Lagging,5.0,-1.0,1.0
2025-05-14,76.83724212646484,0.4440376964277825,0.4517701617237035,99.2015458184618,98.41045904959167,XLP,生活必需品,defensive,Lagging,5.0,-1.0,0.0
2025-05-15,78.41244506835938,0.4490475330793049,0.45086261884223733,99.12152989583164,98.52561725671573,XLP,生活必需品,defensive,Lagging,5.0,0.0,2.0
2025-05-16,79.3111801147461,0.4497783833968532,0.4505012070271093,99.07400719371392,98.69706497727731,XLP,生活必需品,defensive,Lagging,5.0,0.0,2.0
2025-05-19,79.54312133789062,0.4511438619083534,0.4507154253208574,99.05971092266003,99.13805202370196,XLP,生活必需品,defensive,Lagging,5.0,1.0,4.0
2025-05-20,79.82337188720703,0.4539187760889403,0.4517832089102184,99.09989306085,99.69121079584804,XLP,生活必需品,defensive,Lagging,5.0,0.0,1.0
2025-05-21,78.89563751220703,0.4586334783254291,0.45406663204862197,99.21895469803655,100.17823844689907,XLP,生活必需品,defensive,Improving,5.0,0.0,1.0
2025-05-22,78.56707000732422,0.45818473836830337,0.45543933415518245,99.28700531874667,100.37334995291562,XLP,生活必需品,defensive,Improving,5.0,0.0,0.0
2025-05-23,78.85697937011719,0.4617219376598625,0.4575335353234092,99.41002781605961,100.6089482455911,XLP,生活必需品,defensive,Improving,5.0,0.0,0.0
2025-05-27,79.57210540771484,0.4573822657853546,0.4574831121440577,99.39333450834575,100.65331913020843,XLP,生活必需品,defensive,Improving,5.0,0.0,-1.0
2025-05-28,79.03092193603516,0.4581674154368286,0.457711213241648,99.39558884138143,100.64594211955287,XLP,生活必需品,defensive,Improving,5.0,0.0,0.0
2025-05-29,79.34983825683594,0.458895598220425,0.4581060082345737,99.41150819606982,100.55338470373192,XLP,生活必需品,defensive,Improving,5.0,0.0,0.0
2025-05-30,80.0456314086914,0.4631031590841878,0.4597717251844451,99.51801548086802,100.63526757937228,XLP,生活必需品,defensive,Improving,5.0,0.0,0.0
2025-06-02,80.09395599365234,0.4630153169735757,0.46085292244748866,99.58752669744665,100.57950646054972,XLP,生活必需品,defensive,Improving,5.0,0.0,0.0
2025-06-03,80.01664733886719,0.45874913535720035,0.4601516600840593,99.5334437208825,100.53149250963308,XLP,生活必需品,defensive,Improving,5.0,0.0,0.0
2025-06-04,79.45614624023438,0.4565614802472316,0.4589549334717834,99.44618680841586,100.40813628288124,XLP,生活必需品,defensive,Improving,4.0,-1.0,-1.0
2025-06-05,78.69269561767578,0.453399747857492,0.4571032049336863,99.31847689508245,100.20641117830658,XLP,生活必需品,defensive,Improving,4.0,-1.0,-1.0
2025-06-06,78.94396209716797,0.4509529229819556,0.4550531109497761,99.18187777470058,99.85392097024707,XLP,生活必需品,defensive,Lagging,4.0,-1.0,-1.0
2025-06-09,78.83765411376953,0.45027002931672166,0.4534587504054246,99.0852858171534,99.61586302866813,XLP,生活必需品,defensive,Lagging,4.0,-1.0,-1.0
2025-06-10,79.01161193847656,0.44902752132555646,0.45198167404546863,99.00297207883756,99.58469407458105,XLP,生活必需品,defensive,Lagging,4.0,-1.0,-1.0
2025-06-11,78.74102020263672,0.4487640137346688,0.4509091206085354,98.95009515573899,99.64270143091625,XLP,生活必需品,defensive,Lagging,3.0,-1.0,0.0
2025-06-12,79.20487976074219,0.4503515604055581,0.450723267207543,98.95900771598751,99.84559739227197,XLP,生活必需品,defensive,Lagging,3.0,-1.0,0.0
2025-06-13,78.2385025024414,0.45029990640850975,0.4505821469411986,98.96684161852467,100.05193118384783,XLP,生活必需品,defensive,Improving,2.0,-2.0,-1.0
2025-06-16,78.48976135253906,0.44743195064101204,0.4495320815078031,98.91214567884211,100.0967782829647,XLP,生活必需品,defensive,Improving,2.0,-2.0,-1.0
2025-06-17,77.82294464111328,0.44793346715760546,0.44899921005773724,98.89065516498621,100.16708229259758,XLP,生活必需品,defensive,Improving,2.0,-2.0,-1.0
2025-06-18,77.726318359375,0.4473268213767878,0.44844174716408747,98.86416248753295,100.18568360261997,XLP,生活必需品,defensive,Improving,2.0,-1.0,0.0
2025-06-20,78.29647827148438,0.449872610683168,0.4489187016704477,98.90231646224419,100.20849657237106,XLP,生活必需品,defensive,Improving,2.0,-1.0,0.0
2025-06-23,79.20333099365234,0.45110065225607704,0.4496460185323241,98.95416316776331,100.25981495896036,XLP,生活必需品,defensive,Improving,3.0,1.0,3.0
2025-06-24,79.13522338867188,0.44648531611514664,0.4485924510599316,98.88521301510302,100.21768066199137,XLP,生活必需品,defensive,Improving,2.0,0.0,2.0
2025-06-25,78.07462310791016,0.4437026370254337,0.4469625130484324,98.77652405165281,100.05681237152508,XLP,生活必需品,defensive,Improving,2.0,0.0,2.0
2025-06-26,78.00651550292969,0.43999495991384346,0.44463999533690274,98.63160635748694,99.85346896410707,XLP,生活必需品,defensive,Lagging,2.0,0.0,1.0
2025-06-27,78.37626647949219,0.4404675151298326,0.4432491686012127,98.56173512458152,99.68072282947033,XLP,生活必需品,defensive,Lagging,2.0,0.0,1.0
2025-06-30,78.78492736816406,0.44069336851199287,0.44239723523813945,98.53885859270979,99.57299693209856,XLP,生活必需品,defensive,Lagging,3.0,0.0,-1.0
2025-07-01,79.76768493652344,0.4410217633463444,0.4419387446075411,98.54909634603437,99.72702987263423,XLP,生活必需品,defensive,Lagging,3.0,1.0,1.0
2025-07-02,80.0011978149414,0.4413048164387219,0.4417274352179347,98.57797915091,99.99059443043535,XLP,生活必需品,defensive,Lagging,3.0,1.0,1.0
2025-07-03,79.9622802734375,0.4389701423023699,0.4408083375794132,98.56378798484425,100.24965934197616,XLP,生活必需品,defensive,Improving,3.0,1.0,1.0
2025-07-07,79.89417266845703,0.44212989468144864,0.441248856613425,98.63834540693256,100.56638510818222,XLP,生活必需品,defensive,Improving,3.0,1.0,1.0
2025-07-08,79.15467834472656,0.4369433847329443,0.4398136993199314,98.60193370032331,100.6223370664827,XLP,生活必需品,defensive,Improving,3.0,0.0,0.0
2025-07-09,78.63898468017578,0.4328041361610929,0.4374771782669853,98.51516336537615,100.5046434290152,XLP,生活必需品,defensive,Improving,3.0,0.0,-1.0
2025-07-10,78.92115020751953,0.4318553868196756,0.43560324778454873,98.45679355558292,100.3891731510167,XLP,生活必需品,defensive,Improving,4.0,1.0,0.0
2025-07-11,78.62924194335938,0.43343103738896005,0.43487917765268586,98.46987677273249,100.51822540297805,XLP,生活必需品,defensive,Improving,4.0,1.0,0.0
2025-07-14,78.69735717773438,0.43336002809125423,0.434372794465542,98.49110546114753,100.40973019297132,XLP,生活必需品,defensive,Improving,3.0,0.0,-1.0
2025-07-15,77.90921783447266,0.43505288220297256,0.43459949037801887,98.54952637776232,100.64737536951029,XLP,生活必需品,defensive,Improving,3.0,0.0,0.0
2025-07-16,78.1816635131836,0.4348782616526349,0.4346924141362242,98.59430883504092,100.96013891789264,XLP,生活必需品,defensive,Improving,2.0,-1.0,-1.0
2025-07-17,78.92115020751953,0.43544147898224667,0.4349421024182317,98.64442556479652,101.19667922081162,XLP,生活必需品,defensive,Improving,1.0,-3.0,-4.0
2025-07-18,78.70709228515625,0.4344254887757124,0.4347698978707253,98.66583302621815,101.18935778134106,XLP,生活必需品,defensive,Improving,1.0,-3.0,-4.0
2025-07-21,78.69735717773438,0.43586268699804054,0.4351341609131637,98.71157798520323,101.2193625297112,XLP,生活必需品,defensive,Improving,1.0,-2.0,-2.0
2025-07-22,79.41739654541016,0.4343136595511315,0.434860660459153,98.7062242924583,101.04555026670755,XLP,生活必需品,defensive,Improving,1.0,-2.0,-2.0
2025-07-23,79.44657897949219,0.4309034752102332,0.43354159870951314,98.62382011303966,100.72684012409253,XLP,生活必需品,defensive,Improving,2.0,0.0,1.0
2025-07-24,79.1644058227539,0.43075193887912405,0.4326117120993834,98.56178455108885,100.44862571449195,XLP,生活必需品,defensive,Improving,1.0,0.0,3.0
2025-07-25,79.30062866210938,0.42942453325180646,0.4315493191501911,98.49847493773218,100.23220233535483,XLP,生活必需品,defensive,Improving,1.0,0.0,3.0
2025-07-28,78.4832992553711,0.42752646106145475,0.43020836645394567,98.42055468173857,99.91444349092816,XLP,生活必需品,defensive,Lagging,1.0,0.0,2.0
2025-07-29,78.99899291992188,0.4305432270629747,0.43031998665695537,98.45536034421565,99.98393941851391,XLP,生活必需品,defensive,Lagging,1.0,0.0,2.0
2025-07-30,78.29843139648438,0.4295113788123112,0.4300504507087407,98.4624476294192,100.18035728161927,XLP,生活必需品,defensive,Improving,2.0,0.0,0.0
2025-07-31,77.62704467773438,0.42974746824557725,0.4299494565543529,98.47859191696456,100.35923816140388,XLP,生活必需品,defensive,Improving,2.0,1.0,1.0
2025-08-01,77.99679565429688,0.4367173903571163,0.4322054344886074,98.68050340820018,101.03847973815449,XLP,生活必需品,defensive,Improving,2.0,1.0,1.0
2025-08-04,78.37626647949219,0.43354105849689384,0.43265064249136953,98.73976793985916,101.36232338924977,XLP,生活必需品,defensive,Improving,3.0,2.0,2.0
2025-08-05,78.29843139648438,0.43431572306294064,0.4332056693485599,98.80888994101073,101.40385126021503,XLP,生活必需品,defensive,Improving,4.0,3.0,3.0
2025-08-06,79.41739654541016,0.44151032082736275,0.4359738865081609,99.07012431809576,101.97869371227317,XLP,生活必需品,defensive,Improving,5.0,3.0,3.0
2025-08-07,80.02066040039062,0.4451318423553248,0.43902653845721556,99.36872611466163,102.5253686899888,XLP,生活必需品,defensive,Improving,6.0,4.0,3.0
2025-08-08,80.25418090820312,0.4456261635698435,0.4412264134947583,99.60324166111567,102.43944175470564,XLP,生活必需品,defensive,Improving,6.0,4.0,3.0
2025-08-11,80.18607330322266,0.44646732954726476,0.4429733855122605,99.80589902186975,102.58337757788865,XLP,生活必需品,defensive,Improving,6.0,3.0,1.0
2025-08-12,80.40013885498047,0.4420422588796609,0.4426630099680607,99.80004285037849,102.2904696923789,XLP,生活必需品,defensive,Improving,6.0,2.0,-1.0
2025-08-13,80.40013885498047,0.4358196428631986,0.44038188759977337,99.58153029594101,101.22663431024873,XLP,生活必需品,defensive,Improving,6.0,1.0,-2.0
2025-08-14,79.68010711669922,0.4347447336092256,0.4385028362695908,99.40301094794349,100.11532095301456,XLP,生活必需品,defensive,Improving,6.0,0.0,-4.0
2025-08-15,79.80659484863281,0.4365125698590954,0.43783941413275906,99.35387299436867,99.35062946624232,XLP,生活必需品,defensive,Lagging,6.0,0.0,-4.0
2025-08-18,79.69956970214844,0.4360209960265356,0.43723327476401797,99.31162534448805,98.61405855378536,XLP,生活必需品,defensive,Lagging,6.0,0.0,-3.0
2025-08-19,80.51689910888672,0.4384397352987511,0.4376354282755957,99.3757169247314,98.75505521152317,XLP,生活必需品,defensive,Lagging,6.0,0.0,-2.0
2025-08-20,80.97421264648438,0.44133181474749766,0.43886755709956304,99.52686523012953,99.78071750650915,XLP,生活必需品,defensive,Lagging,5.0,-1.0,-2.0
2025-08-21,80.24445343017578,0.4388839052076284,0.43887300646891814,99.5490790185175,100.34536628164834,XLP,生活必需品,defensive,Improving,5.0,-1.0,-1.0
2025-08-22,80.24445343017578,0.43049949774108326,0.4360818368929732,99.27264151752901,99.71060345843361,XLP,生活必需品,defensive,Lagging,5.0,-1.0,-1.0
2025-08-25,78.87250518798828,0.4264020504300533,0.43285524140533327,98.94926288227478,98.94568704938968,XLP,生活必需品,defensive,Lagging,3.0,-3.0,-3.0
2025-08-26,78.35679626464844,0.42332137883051413,0.4296772872137269,98.63514398680161,97.97846074555093,XLP,生活必需品,defensive,Lagging,1.0,-5.0,-5.0
2025-08-27,78.59033203125,0.42305421808915694,0.4274695975055369,98.43333720144479,97.2393615198367,XLP,生活必需品,defensive,Lagging,1.0,-4.0,-3.0
2025-08-28,78.09410095214844,0.4205834617360041,0.4251742189156927,98.22854535297837,96.96300556910175,XLP,生活必需品,defensive,Lagging,1.0,-4.0,-3.0
2025-08-29,78.60006713867188,0.42362260853947015,0.4246570154569519,98.21244697680831,97.72958817310929,XLP,生活必需品,defensive,Lagging,1.0,-4.0,-3.0
2025-09-02,78.47357940673828,0.4263084533976808,0.4252074947705282,98.30153582102679,98.72328507231997,XLP,生活必需品,defensive,Lagging,1.0,-2.0,1.0
2025-09-03,78.41517639160156,0.4266523946004367,0.4256891280471644,98.37903114570356,99.62922843961314,XLP,生活必需品,defensive,Lagging,1.0,0.0,5.0
2025-09-04,78.46383666992188,0.4237870673148322,0.4250551078030537,98.32710240904673,99.976642332642,XLP,生活必需品,defensive,Lagging,1.0,0.0,4.0
2025-09-05,78.6876220703125,0.4244995234654377,0.42486991302384836,98.33351338027651,100.45073525930026,XLP,生活必需品,defensive,Improving,1.0,0.0,4.0
2025-09-08,78.39572143554688,0.4232617489661572,0.42433385833795134,98.30409616952765,100.40539399712314,XLP,生活必需品,defensive,Improving,1.0,0.0,4.0
2025-09-09,78.5514144897461,0.42541273860201184,0.4246934850926382,98.3881509919222,100.37493913410731,XLP,生活必需品,defensive,Improving,1.0,0.0,2.0
2025-09-10,77.78273010253906,0.42167658823712373,0.42368785280746674,98.30603267688495,99.99180139764442,XLP,生活必需品,defensive,Lagging,1.0,0.0,0.0
2025-09-11,78.41517639160156,0.4188290543337417,0.4220682533162251,98.1567116627399,99.75238118247536,XLP,生活必需品,defensive,Lagging,1.0,0.0,0.0
2025-09-12,78.15247344970703,0.4204523215421498,0.4215296093915334,98.14651988268724,99.70630734450052,XLP,生活必需品,defensive,Lagging,1.0,0.0,0.0
2025-09-15,77.2573013305664,0.41636352347831523,0.419807580753794,97.99405288517843,99.4227169679409,XLP,生活必需品,defensive,Lagging,1.0,0.0,0.0
2025-09-16,77.60758972167969,0.4193629589905654,0.4196593734993845,98.04451275808474,99.35240453070668,XLP,生活必需品,defensive,Lagging,1.0,0.0,0.0
2025-09-17,78.07462310791016,0.42148329840947196,0.42026734846941366,98.18157494191013,99.86367189787474,XLP,生活必需品,defensive,Lagging,1.0,0.0,0.0
2025-09-18,77.39351654052734,0.41509512945131344,0.41854327546338027,98.03242855930718,99.86551502193342,XLP,生活必需品,defensive,Lagging,1.0,0.0,0.0
2025-09-19,77.23783874511719,0.4149826349278363,0.4173563952848657,97.95477437289013,99.71350670643298,XLP,生活必需品,defensive,Lagging,1.0,0.0,0.0
2025-09-22,76.37669372558594,0.41015994640264813,0.4149575789907932,97.7382779021504,99.57397117389725,XLP,生活必需品,defensive,Lagging,1.0,0.0,0.0
2025-09-23,76.7587661743164,0.4117093196772987,0.4138748258862951,97.69992297296484,99.38105999315117,XLP,生活必需品,defensive,Lagging,1.0,0.0,0.0
2025-09-24,76.9253158569336,0.41356692440815385,0.41377219206024807,97.78431934730354,99.27251531513625,XLP,生活必需品,defensive,Lagging,1.0,0.0,0.0
2025-09-25,76.19054412841797,0.41301699671255504,0.41352046027768374,97.85434426869266,99.77631976115632,XLP,生活必需品,defensive,Lagging,2.0,1.0,1.0
2025-09-26,76.37669372558594,0.4099641956637562,0.4123350387397079,97.82217138943713,99.87338740057058,XLP,生活必需品,defensive,Lagging,2.0,1.0,1.0
2025-09-29,76.52364349365234,0.409385238093139,0.4113517718575183,97.8201518423619,100.35329850983244,XLP,生活必需品,defensive,Improving,2.0,1.0,1.0
2025-09-30,76.77836608886719,0.40966534796967313,0.4107896305615699,97.8646598566448,100.5279630283959,XLP,生活必需品,defensive,Improving,2.0,1.0,1.0
2025-10-01,76.66080474853516,0.4081129719284174,0.4098974110171858,97.87275707546159,100.33973199747088,XLP,生活必需品,defensive,Improving,2.0,1.0,1.0
2025-10-02,76.35710144042969,0.40553635758560863,0.40844372653999345,97.82982578802188,100.07525277463746,XLP,生活必需品,defensive,Improving,2.0,0.0,-1.0
2025-10-03,76.44525909423828,0.40458224894465666,0.40715656734154787,97.8093195608373,100.1057813663099,XLP,生活必需品,defensive,Improving,3.0,1.0,0.0
2025-10-06,75.88684844970703,0.4017529046850353,0.4053553464560437,97.75133061729119,99.98030394281064,XLP,生活必需品,defensive,Lagging,2.0,0.0,-1.0
2025-10-07,76.59222412109375,0.4072765947572129,0.4059957625564335,97.92612668688115,100.28021274752078,XLP,生活必需品,defensive,Improving,3.0,1.0,0.0
2025-10-08,76.21014404296875,0.40392924791640533,0.4053069243430908,97.96696534392328,100.34821454722177,XLP,生活必需品,defensive,Improving,3.0,1.0,0.0
2025-10-09,76.45506286621094,0.4086080106940603,0.4064072864600806,98.15821333870686,100.87211127056918,XLP,生活必需品,defensive,Improving,4.0,2.0,2.0
2025-10-10,76.51383972167969,0.41835437350977644,0.41038964880997925,98.57913062170857,101.80946221474763,XLP,生活必需品,defensive,Improving,4.0,1.0,0.0
2025-10-13,76.25912475585938,0.412946427464817,0.41124190836159186,98.70235861087139,102.10109535594283,XLP,生活必需品,defensive,Improving,4.0,2.0,2.0
2025-10-14,77.48373413085938,0.41612709724050106,0.41287030465456165,98.88631598364552,102.02024525673023,XLP,生活必需品,defensive,Improving,4.0,1.0,0.0
2025-10-15,77.62089538574219,0.41602488479903366,0.41392183136938565,99.01283618196958,102.09445733655717,XLP,生活必需品,defensive,Improving,5.0,2.0,1.0
2025-10-16,77.08206939697266,0.4170903360286455,0.41497799958913895,99.13578905203057,101.87698465554503,XLP,生活必需品,defensive,Improving,4.0,0.0,-2.0
2025-10-17,78.11074829101562,0.4205208229878248,0.4168256073887009,99.32568348908947,101.38630858529257,XLP,生活必需品,defensive,Improving,4.0,0.0,-1.0
2025-10-20,78.04216766357422,0.41599194819372387,0.4165477209903753,99.32429981115415,101.11976517369148,XLP,生活必需品,defensive,Improving,4.0,0.0,-2.0
2025-10-21,77.67967224121094,0.412171291368005,0.4150889111162519,99.21773141641808,100.55256079815881,XLP,生活必需品,defensive,Improving,4.0,0.0,-1.0
2025-10-22,78.12054443359375,0.41651941892552524,0.41556574705267635,99.2847242935759,100.42759726122796,XLP,生活必需品,defensive,Improving,4.0,-1.0,-3.0
2025-10-23,77.73846435546875,0.4125264637384637,0.4145526526146055,99.21763677954048,100.05729943596049,XLP,生活必需品,defensive,Improving,4.0,0.0,0.0
2025-10-24,77.48373413085938,0.4100568284501759,0.41305404455979566,99.10912452524467,99.48385479229646,XLP,生活必需品,defensive,Lagging,3.0,-1.0,-1.0
2025-10-27,77.61109924316406,0.4089135765130234,0.41167388854420495,99.01522884526945,99.30931168747941,XLP,生活必需品,defensive,Lagging,3.0,-1.0,-1.0
2025-10-28,76.83714294433594,0.40834297508195894,0.4105635840567896,98.94876164811862,99.39028810447343,XLP,生活必需品,defensive,Lagging,3.0,-1.0,-1.0
2025-10-29,75.02471923828125,0.4032204692929852,0.4081158791355215,98.77109729354531,98.94546700417645,XLP,生活必需品,defensive,Lagging,4.0,0.0,1.0
2025-10-30,74.94634246826172,0.40453912759864363,0.40692362862322895,98.70983007505743,98.98529957564924,XLP,生活必需品,defensive,Lagging,4.0,0.0,0.0
2025-10-31,74.7308120727539,0.4024957396365673,0.4054476656276751,98.62831821002429,99.06438138353347,XLP,生活必需品,defensive,Lagging,4.0,1.0,2.0
2025-11-03,74.14299774169922,0.40030962598798686,0.403734985747779,98.53212517494572,99.08824946209845,XLP,生活必需品,defensive,Lagging,4.0,1.0,2.0
2025-11-04,74.44670104980469,0.40462572854689693,0.4040319000141517,98.60401315669863,99.36949520662988,XLP,生活必需品,defensive,Lagging,3.0,0.0,1.0
2025-11-05,74.39772033691406,0.40200653305170425,0.4033567776933359,98.58636853254234,99.69453462136455,XLP,生活必需品,defensive,Lagging,3.0,-1.0,-1.0
2025-11-06,74.06462097167969,0.4030468618570069,0.40325347241455956,98.61055951025138,99.8865063560774,XLP,生活必需品,defensive,Lagging,3.0,-1.0,-1.0
2025-11-07,75.15206909179688,0.40556310065061657,0.4040233484932453,98.70206857249639,100.26949068615085,XLP,生活必需品,defensive,Improving,3.0,-1.0,-2.0
2025-11-10,74.87776184082031,0.4017693052049432,0.403272000730478,98.65561783283444,100.41544596711087,XLP,生活必需品,defensive,Improving,3.0,-1.0,-2.0
2025-11-11,75.85746002197266,0.4046876630608826,0.40374388817394624,98.72301502025404,100.42393673010284,XLP,生活必需品,defensive,Improving,2.0,-1.0,-1.0
2025-11-12,75.74969482421875,0.40315655997592265,0.4035481121079384,98.72988042995388,100.47243656210202,XLP,生活必需品,defensive,Improving,3.0,0.0,1.0
2025-11-13,75.74969482421875,0.4077663953799642,0.404954206531947,98.88896654601946,100.7425119916217,XLP,生活必需品,defensive,Improving,3.0,0.0,1.0
2025-11-14,75.69091033935547,0.4089506606676546,0.40628635791051626,99.04246856106086,100.848033816357,XLP,生活必需品,defensive,Improving,4.0,1.0,2.0
2025-11-17,75.21086120605469,0.4117639392917437,0.40811221837092543,99.24984395578528,101.34556411847223,XLP,生活必需品,defensive,Improving,6.0,3.0,4.0
2025-11-18,75.5341567993164,0.4132879904354955,0.4098374757257821,99.45579467209758,101.58049710786653,XLP,生活必需品,defensive,Improving,6.0,4.0,5.0
2025-11-19,74.95613861083984,0.41137065532144956,0.41034853559100465,99.53613492196791,101.67379963882148,XLP,生活必需品,defensive,Improving,6.0,3.0,3.0
2025-11-20,75.49496459960938,0.41944495098586526,0.41338067405595824,99.94213409884301,102.06454128470047,XLP,生活必需品,defensive,Improving,6.0,3.0,3.0
2025-11-21,76.31790924072266,0.4158454289034066,0.4142022590051077,100.08994889792903,101.9537748614429,XLP,生活必需品,defensive,Leading,7.0,3.0,2.0
2025-11-24,75.43619537353516,0.4093442913835847,0.41258293646460004,99.90420957952627,101.16764718153313,XLP,生活必需品,defensive,Improving,7.0,1.0,-2.0
2025-11-25,76.47466278076172,0.40916648909984643,0.4114441206763489,99.77244307900531,100.49369669388184,XLP,生活必需品,defensive,Improving,7.0,1.0,-3.0
2025-11-26,77.3073959350586,0.4107558492820513,0.41121469687824974,99.765319277228,100.28817347359109,XLP,生活必需品,defensive,Improving,7.0,1.0,-2.0
2025-11-28,77.758056640625,0.4109284780955963,0.4111192906173653,99.77743558695198,99.3850667815868,XLP,生活必需品,defensive,Lagging,7.0,1.0,-2.0
2025-12-01,77.67967224121094,0.41334135092591906,0.41185997738688324,99.92074261086877,99.34437584567972,XLP,生活必需品,defensive,Lagging,7.0,0.0,-3.0
2025-12-02,77.17023468017578,0.4110195346551052,0.41157982980962393,99.90848916578165,99.73176646976557,XLP,生活必需品,defensive,Lagging,7.0,0.0,-1.0
2025-12-03,77.2290267944336,0.40821796836676244,0.4104592093286701,99.75359510969096,99.67472295197555,XLP,生活必需品,defensive,Lagging,8.0,1.0,0.0
2025-12-04,76.85673522949219,0.4061228493312121,0.40901375599618417,99.5320367185893,99.19569618434741,XLP,生活必需品,defensive,Lagging,8.0,1.0,0.0
2025-12-05,76.86653137207031,0.4052226525538071,0.4077500548487252,99.32876162570321,98.73692925805035,XLP,生活必需品,defensive,Lagging,5.0,-2.0,-3.0
2025-12-08,76.229736328125,0.4042871435462816,0.406595751081244,99.13011990935965,98.05568090524012,XLP,生活必需品,defensive,Lagging,4.0,-3.0,-3.0
2025-12-09,76.40608215332031,0.40598817989463204,0.4063932273523734,99.10532255739966,98.10936974466287,XLP,生活必需品,defensive,Lagging,5.0,-2.0,-2.0
2025-12-10,76.63141632080078,0.4015363325583963,0.4047742624210477,98.79631662335501,97.88395729143971,XLP,生活必需品,defensive,Lagging,4.0,-4.0,-5.0
2025-12-11,77.19963073730469,0.40127308615725615,0.40360720366645053,98.57346507897141,97.97354221176175,XLP,生活必需品,defensive,Lagging,3.0,-5.0,-6.0
2025-12-12,77.80703735351562,0.4071904726046338,0.404801626645845,98.85242516527964,98.94547164342386,XLP,生活必需品,defensive,Lagging,3.0,-2.0,0.0
2025-12-15,78.02256774902344,0.40781241139670027,0.4058052215627968,99.09301493574407,99.80657914253604,XLP,生活必需品,defensive,Lagging,3.0,-1.0,2.0
2025-12-16,77.66988372802734,0.40884027933843065,0.4068169074880081,99.34162695732181,100.34045939819043,XLP,生活必需品,defensive,Improving,4.0,-1.0,1.0
2025-12-17,78.0323715209961,0.4118621062792844,0.40849864041843353,99.76879951440897,101.73196897456577,XLP,生活必需品,defensive,Improving,7.0,3.0,7.0
2025-12-18,77.58171081542969,0.4086098595749807,0.4085357134706159,99.80626983281417,102.11761966457752,XLP,生活必需品,defensive,Improving,7.0,4.0,9.0
2025-12-19,77.18003845214844,0.40501904275437267,0.4073634898985349,99.53235637078264,101.04553275670948,XLP,生活必需品,defensive,Improving,7.0,4.0,6.0
2025-12-22,76.91043853759766,0.40063470890291053,0.40512056289999343,98.98668453313694,99.56701958998006,XLP,生活必需品,defensive,Lagging,4.0,1.0,2.0
2025-12-23,76.5450439453125,0.39966057433556695,0.4033005667118513,98.56590682057286,98.34641441761813,XLP,生活必需品,defensive,Lagging,3.0,-1.0,0.0
2025-12-24,77.14745330810547,0.40135091710965864,0.4026506835111205,98.4556076571956,97.51525665164979,XLP,生活必需品,defensive,Lagging,3.0,-4.0,-7.0
2025-12-26,77.25608825683594,0.4018123819247501,0.40237124964899706,98.44517416381778,97.5860749858771,XLP,生活必需品,defensive,Lagging,3.0,-4.0,-8.0
2025-12-29,77.30545043945312,0.402733950706787,0.4024921500015938,98.53156875782132,98.262705462587,XLP,生活必需品,defensive,Lagging,3.0,-4.0,-8.0
2025-12-30,77.17707824707031,0.4027102950478009,0.4025648650169962,98.60096052871074,99.28378521363534,XLP,生活必需品,defensive,Lagging,3.0,-1.0,-2.0
2025-12-31,76.71292114257812,0.4037362315961194,0.4029553205433706,98.73879564524805,100.18972274062475,XLP,生活必需品,defensive,Improving,3.0,0.0,1.0
2026-01-02,76.7228012084961,0.4010663850646267,0.4023256753837893,98.63124953553701,100.18900474026644,XLP,生活必需品,defensive,Improving,3.0,0.0,4.0
2026-01-05,76.38703155517578,0.39563914988131854,0.40009683354963244,98.17740096547594,99.47612308339774,XLP,生活必需品,defensive,Lagging,1.0,-2.0,2.0
2026-01-06,76.50553894042969,0.3915260550556147,0.3972399073849599,97.65110063677646,98.52973313155206,XLP,生活必需品,defensive,Lagging,1.0,-2.0,2.0
2026-01-07,75.66613006591797,0.3916236301164583,0.39536781496212603,97.42233457565656,98.14105940837611,XLP,生活必需品,defensive,Lagging,1.0,-2.0,-1.0
2026-01-08,77.46347045898438,0.39751800544646254,0.39608454512357155,97.70464303289671,98.42518233542754,XLP,生活必需品,defensive,Lagging,1.0,-2.0,-2.0
2026-01-09,78.26338195800781,0.39930586020372344,0.39715831681695557,98.01630040447532,99.08776197799423,XLP,生活必需品,defensive,Lagging,1.0,-2.0,-2.0
2026-01-12,79.18180084228516,0.40362402719710183,0.39931355361033766,98.49392485696792,100.50834345693053,XLP,生活必需品,defensive,Improving,4.0,3.0,5.0
2026-01-13,80.1002197265625,0.40830560711550057,0.40231090477872533,99.09608306802258,102.16657648135319,XLP,生活必需品,defensive,Improving,5.0,4.0,6.0
2026-01-14,81.20628356933594,0.41206858478341124,0.4055634647802874,99.73683797815495,103.1863873773414,XLP,生活必需品,defensive,Improving,7.0,6.0,8.0
2026-01-15,81.34453582763672,0.4109499087021318,0.4073589460875689,100.1047067171054,103.0643532500999,XLP,生活必需品,defensive,Leading,8.0,7.0,9.0
2026-01-16,81.08777618408203,0.41070235217406054,0.4084734147830661,100.35011661541944,102.79038830194312,XLP,生活必需品,defensive,Leading,8.0,7.0,9.0
2026-01-20,81.33466339111328,0.4181926628069406,0.41171316412435766,101.03982639304931,102.82733565859705,XLP,生活必需品,defensive,Leading,8.0,4.0,1.0
2026-01-21,81.41366577148438,0.411629187287243,0.4116851718453195,101.07690953924889,102.08232483424882,XLP,生活必需品,defensive,Leading,8.0,3.0,-1.0
2026-01-22,81.24578094482422,0.41024544272834784,0.41120526213966235,101.00760555752407,101.26137671481672,XLP,生活必需品,defensive,Leading,8.0,1.0,-5.0
2026-01-23,81.87782287597656,0.415288066676475,0.41256619698526664,101.33191566975023,101.18345823281662,XLP,生活必需品,defensive,Leading,8.0,0.0,-7.0
2026-01-26,81.74943542480469,0.4136587435100542,0.41293037916019587,101.42990278672467,100.9982950291165,XLP,生活必需品,defensive,Leading,8.0,0.0,-7.0
2026-01-27,82.12471008300781,0.4162052903861517,0.4140220162355145,101.65769586601475,100.4872206391574,XLP,生活必需品,defensive,Leading,8.0,0.0,-4.0
2026-01-28,81.295166015625,0.4133934974184244,0.41381250996315116,101.58806790252079,100.35899120848369,XLP,生活必需品,defensive,Leading,8.0,0.0,-3.0
2026-01-29,81.1075210571289,0.41189911356794634,0.4131747111647496,101.42598323904438,100.24783349838246,XLP,生活必需品,defensive,Leading,8.0,0.0,-1.0
2026-01-30,82.47035217285156,0.41975049094582967,0.41536663775844296,101.82108668921863,100.30813147508233,XLP,生活必需品,defensive,Leading,8.0,0.0,0.0
2026-02-02,83.44802856445312,0.4225506860320568,0.41776132051631426,102.19276249528866,100.5834112202381,XLP,生活必需品,defensive,Leading,10.0,2.0,2.0
2026-02-03,84.80096435546875,0.4305475534239607,0.42202339815219647,102.79643962121185,100.96006025154907,XLP,生活必需品,defensive,Leading,10.0,2.0,2.0
2026-02-04,85.90702056884766,0.4323960251225819,0.4254809404756583,103.10917683512388,101.32614884400365,XLP,生活必需品,defensive,Leading,11.0,3.0,3.0
2026-02-05,85.837890625,0.43583420228153424,0.4289320277442837,103.3032154156074,101.63840335634485,XLP,生活必需品,defensive,Leading,11.0,3.0,3.0
2026-02-06,86.84519958496094,0.43288228997422096,0.43024878182092946,103.16058240123662,101.04129751782033,XLP,生活必需品,defensive,Leading,11.0,3.0,3.0
2026-02-09,86.34154510498047,0.43011661040582677,0.43020472468256193,102.88610883946635,100.35437654968122,XLP,生活必需品,defensive,Leading,11.0,1.0,-1.0
2026-02-10,86.06503295898438,0.42721922703829146,0.4292095588011385,102.55844033240815,99.38875357675164,XLP,生活必需品,defensive,Weakening,9.0,-1.0,-3.0
2026-02-11,87.29946899414062,0.4325800911893057,0.43033306959719425,102.51663048396728,99.0382869210588,XLP,生活必需品,defensive,Weakening,9.0,-2.0,-5.0
2026-02-12,88.0993881225586,0.44234875630241927,0.4343382984989359,102.76248339356138,99.10818380407923,XLP,生活必需品,defensive,Weakening,11.0,0.0,-3.0
2026-02-13,88.3956527709961,0.43928571509816955,0.4359874373653471,102.72180573175073,99.22605663608256,XLP,生活必需品,defensive,Weakening,11.0,0.0,-3.0
2026-02-17,87.10195922851562,0.4336047366356934,0.4351932037887959,102.46112970946804,99.25499229035212,XLP,生活必需品,defensive,Weakening,11.0,0.0,-1.0
2026-02-18,86.9439468383789,0.43058565592207326,0.4336573544998884,102.17550596377069,99.31217058604403,XLP,生活必需品,defensive,Weakening,9.0,0.0,1.0
2026-02-19,86.57855987548828,0.4296837431626744,0.43233281738748375,101.94669276030139,99.14574338855398,XLP,生活必需品,defensive,Weakening,9.0,0.0,2.0
2026-02-20,86.79582214355469,0.42875690706847835,0.43114084728114865,101.75605411876236,98.7474076121489,XLP,生活必需品,defensive,Weakening,8.0,-3.0,-3.0
2026-02-23,87.86237335205078,0.4388419611416151,0.43370788523463755,101.90048702312663,98.96443054355176,XLP,生活必需品,defensive,Weakening,9.0,-2.0,-2.0
2026-02-24,88.62278747558594,0.4391373043771033,0.4355176916154595,101.96590660762747,99.31092182908463,XLP,生活必需品,defensive,Weakening,9.0,-2.0,-2.0
2026-02-25,87.9018783569336,0.43530841582228147,0.4354479330177335,101.87440791449268,99.52304897089353,XLP,生活必需品,defensive,Weakening,9.0,0.0,0.0
2026-02-26,87.75374603271484,0.432133779395898,0.4343432151437884,101.70983160555276,99.60097605144259,XLP,生活必需品,defensive,Weakening,9.0,0.0,0.0
2026-02-27,88.8894271850586,0.4372137553682068,0.4353000618852612,101.71488383632416,99.80187517326397,XLP,生活必需品,defensive,Weakening,9.0,1.0,4.0
2026-03-02,87.60560607910156,0.43169946614672133,0.43409986330574796,101.55816874427009,99.51149498808606,XLP,生活必需品,defensive,Weakening,8.0,-1.0,1.0
2026-03-03,86.6476821899414,0.4322824701387808,0.43349406558342557,101.45733674059889,99.35313912863288,XLP,生活必需品,defensive,Weakening,7.0,-2.0,0.0
2026-03-04,86.07491302490234,0.4277105437408099,0.43156622496922037,101.26766860120439,99.26525671443184,XLP,生活必需品,defensive,Weakening,7.0,-2.0,-2.0
2026-03-05,84.3467025756836,0.42403443152414644,0.42905562715419576,101.04609390788053,99.22312333363004,XLP,生活必需品,defensive,Weakening,7.0,-2.0,-2.0
2026-03-06,84.71208953857422,0.4310080224583806,0.4297064255889241,101.0633551951046,99.24840813945586,XLP,生活必需品,defensive,Weakening,7.0,-2.0,-3.0
2026-03-09,84.89972686767578,0.4307452822300946,0.430052711135981,101.05656792788167,99.40071769674799,XLP,生活必需品,defensive,Weakening,7.0,-1.0,0.0
2026-03-10,84.65283966064453,0.4327375628312091,0.4309476617010571,101.08835540176133,99.52889572487993,XLP,生活必需品,defensive,Weakening,7.0,0.0,2.0
2026-03-11,83.53689575195312,0.4284449948344848,0.43011343941219965,100.9950679343299,99.61316790411946,XLP,生活必需品,defensive,Weakening,7.0,0.0,2.0
2026-03-12,83.20113372802734,0.4334260066438306,0.43121762848941,101.04284186272625,99.86477818843788,XLP,生活必需品,defensive,Weakening,7.0,0.0,2.0
2026-03-13,83.6850357055664,0.4359693249719549,0.432801527316925,101.12210332676645,99.90934745004404,XLP,生活必需品,defensive,Weakening,8.0,1.0,3.0
2026-03-16,83.92205047607422,0.43397484217078813,0.43319263226821275,101.11431861256114,99.89112804466154,XLP,生活必需品,defensive,Weakening,8.0,1.0,2.0
2026-03-17,83.6455307006836,0.430140057371954,0.4321751073027932,101.00758264944568,99.74411853963903,XLP,生活必需品,defensive,Weakening,8.0,1.0,1.0
2026-03-18,81.6111831665039,0.4252751939670304,0.4298751361908723,100.81333388887565,99.6444042129348,XLP,生活必需品,defensive,Weakening,8.0,1.0,1.0
2026-03-19,80.94952392578125,0.4221545709974335,0.42730161445972603,100.60377487255819,99.39652810982888,XLP,生活必需品,defensive,Weakening,8.0,1.0,1.0
2026-03-20,80.27798461914062,0.4248944930952095,0.42649924067155387,100.52551233268568,99.2618741006951,XLP,生活必需品,defensive,Weakening,8.0,0.0,-1.0
2026-03-23,80.62060546875,0.4222068635848546,0.42506844830932083,100.40278160559296,99.17313809057651,XLP,生活必需品,defensive,Weakening,7.0,-1.0,-2.0
2026-03-24,80.55108642578125,0.42133725634612285,0.4238247176549216,100.2936479529821,99.1951920633746,XLP,生活必需品,defensive,Weakening,7.0,-1.0,-2.0
2026-03-25,80.94833374023438,0.42137323210901473,0.423007555806286,100.21405685720238,99.32158308416325,XLP,生活必需品,defensive,Weakening,7.0,-1.0,-2.0
2026-03-26,80.58087921142578,0.4233459745145002,0.4231203620423575,100.20153193532394,99.51241871330808,XLP,生活必需品,defensive,Weakening,7.0,-1.0,-2.0
2026-03-27,81.21646881103516,0.43261700327238284,0.42628590911903264,100.41875330222723,99.78899481578223,XLP,生活必需品,defensive,Weakening,8.0,0.0,0.0
2026-03-30,81.31578063964844,0.43404420675451244,0.42887200833085926,100.59334712662411,100.07111717176471,XLP,生活必需品,defensive,Leading,8.0,1.0,2.0
2026-03-31,81.41510009765625,0.42585663859292566,0.4278668850848814,100.49136815985408,100.05934125081347,XLP,生活必需品,defensive,Leading,8.0,1.0,2.0
2026-04-01,80.89867401123047,0.4217927891381928,0.42584218643598526,100.30740368479478,99.94033720894677,XLP,生活必需品,defensive,Weakening,7.0,0.0,1.0
2026-04-02,81.32571411132812,0.4228115175192596,0.4248319634637434,100.20183405084111,99.84427364013267,XLP,生活必需品,defensive,Weakening,7.0,0.0,1.0
2026-04-06,82.09041595458984,0.42496046316373837,0.42487479669707506,100.17993534652419,99.59740716026396,XLP,生活必需品,defensive,Weakening,7.0,-1.0,-1.0
2026-04-07,80.70005798339844,0.4186913640120076,0.42281365246871927,99.97556636355279,99.20360553948471,XLP,生活必需品,defensive,Lagging,6.0,-2.0,-3.0
2026-04-08,82.20957946777344,0.4168920900963264,0.42083979834458835,99.76205515291791,99.0806341391231,XLP,生活必需品,defensive,Lagging,6.0,-2.0,-3.0
2026-04-09,82.87496185302734,0.4200116987545946,0.4205637651479238,99.68394210825271,99.1749023744797,XLP,生活必需品,defensive,Lagging,5.0,-2.0,-2.0
2026-04-10,81.80240631103516,0.4175907184449836,0.4195727495802771,99.52615293107245,99.10680289506848,XLP,生活必需品,defensive,Lagging,4.0,-3.0,-3.0
2026-04-13,80.9880599975586,0.4089006200418436,0.41601537306746594,99.08215183876881,98.67131791753681,XLP,生活必需品,defensive,Lagging,2.0,-5.0,-4.0
2026-04-14,80.90860748291016,0.40680131356641536,0.4129440199004491,98.6636402899265,98.49794769049629,XLP,生活必需品,defensive,Lagging,2.0,-4.0,-2.0
2026-04-15,80.50143432617188,0.4046122220340688,0.410166753944989,98.28286359169223,98.38039509334207,XLP,生活必需品,defensive,Lagging,2.0,-4.0,-2.0
2026-04-16,80.86888122558594,0.4046155657294745,0.40831635787315085,98.04046073968453,98.23779050148283,XLP,生活必需品,defensive,Lagging,2.0,-3.0,-1.0
2026-04-17,81.89178466796875,0.40465118979374765,0.4070946351800165,97.89903443194986,98.27023238306359,XLP,生活必需品,defensive,Lagging,2.0,-2.0,1.0
2026-04-20,81.822265625,0.40303799158057624,0.4057424206468698,97.76894330827473,98.61962849999027,XLP,生活必需品,defensive,Lagging,2.0,0.0,5.0
2026-04-21,81.27605438232422,0.4028181500762264,0.4047676637899887,97.7248957238705,99.04432124938147,XLP,生活必需品,defensive,Lagging,2.0,0.0,4.0
2026-04-22,81.54419708251953,0.4043267837264855,0.404620703768821,97.7746164094292,99.6041306319276,XLP,生活必需品,defensive,Lagging,2.0,0.0,4.0
2026-04-23,82.9047622680664,0.4110932875363048,0.4067782316913156,98.04873466962123,100.32134420794895,XLP,生活必需品,defensive,Improving,2.0,0.0,3.0
2026-04-24,82.65648651123047,0.4107142464504371,0.4080902366110228,98.22205846021176,100.79082898489008,XLP,生活必需品,defensive,Improving,2.0,0.0,2.0
2026-04-27,81.77261352539062,0.4068056068053639,0.40766202667580315,98.20985197877386,100.99024120549745,XLP,生活必需品,defensive,Improving,2.0,0.0,0.0
2026-04-28,82.50751495361328,0.4125675088272777,0.4092971873929614,98.40989440668132,101.33465098517166,XLP,生活必需品,defensive,Improving,2.0,0.0,0.0
2026-04-29,82.34861755371094,0.41249205768438957,0.4103621441567708,98.539174970307,101.43180471368201,XLP,生活必需品,defensive,Improving,2.0,0.0,0.0
2026-04-30,83.72903442382812,0.4131601272143221,0.4112948051759546,98.64546322102483,101.18520433887434,XLP,生活必需品,defensive,Improving,2.0,0.0,0.0
2026-05-01,83.59000396728516,0.4137349873303842,0.41210819922743114,98.74329830096404,101.07731008174001,XLP,生活必需品,defensive,Improving,2.0,0.0,0.0
2026-05-04,82.96434783935547,0.41304131156447743,0.41241923667311325,98.79448585343205,101.17671124357976,XLP,生活必需品,defensive,Improving,2.0,0.0,0.0
2026-05-05,83.48075866699219,0.41234039224151187,0.4123929551959128,98.82072133848013,100.9708430886533,XLP,生活必需品,defensive,Improving,2.0,0.0,0.0
2026-05-06,83.65951538085938,0.40997563944403076,0.4115871832786188,98.77623881683662,100.7888402608383,XLP,生活必需品,defensive,Improving,2.0,0.0,0.0
2026-05-07,83.40131378173828,0.41134084090773626,0.4115050691549913,98.80726817154195,100.78513198558431,XLP,生活必需品,defensive,Improving,2.0,0.0,0.0
2026-05-08,83.59993743896484,0.41118911648315226,0.41139975159771164,98.83535096974337,100.74628883133654,XLP,生活必需品,defensive,Improving,3.0,1.0,1.0
2026-05-11,82.79551696777344,0.40745213959630144,0.4100838809305749,98.74827039095278,100.53380684271963,XLP,生活必需品,defensive,Improving,4.0,2.0,2.0
2026-05-12,83.85814666748047,0.4130460401568901,0.4110712673393467,98.88122134595733,100.7177843604836,XLP,生活必需品,defensive,Improving,5.0,3.0,3.0
2026-05-13,84.13621520996094,0.4162332877717137,0.41279194081680237,99.07772848974676,101.12198449496844,XLP,生活必需品,defensive,Improving,5.0,3.0,3.0
2026-05-14,84.39442443847656,0.4159936417924435,0.4138591744753495,99.20792670781131,101.25936508978377,XLP,生活必需品,defensive,Improving,5.0,3.0,3.0
2026-05-15,84.0567626953125,0.41864604989209997,0.41545479961426635,99.3878482942769,101.4763329169958,XLP,生活必需品,defensive,Improving,6.0,3.0,2.0
2026-05-18,85.3080825805664,0.4222803977845869,0.41772999900437324,99.63504898620012,101.96283538963654,XLP,生活必需品,defensive,Improving,7.0,3.0,1.0
2026-05-19,85.49677276611328,0.4256913237585293,0.4203837739224253,99.92103958359267,102.10461616591896,XLP,生活必需品,defensive,Improving,7.0,2.0,-1.0
2026-05-20,84.93069458007812,0.41828785250463507,0.4196851334498286,99.8691655029244,101.62943923823933,XLP,生活必需品,defensive,Improving,7.0,2.0,-1.0
2026-05-21,84.07662963867188,0.41230147681265034,0.41722391457076924,99.63663046626931,101.01488126287977,XLP,生活必需品,defensive,Improving,7.0,2.0,-1.0
2026-05-22,84.21566772460938,0.4092449183973126,0.41456424917961704,99.38597911031762,100.30131042480977,XLP,生活必需品,defensive,Improving,7.0,1.0,-2.0
2026-05-26,83.05371856689453,0.40153808099179383,0.41022219311700936,98.96167832100726,99.21638586732118,XLP,生活必需品,defensive,Lagging,6.0,-1.0,-4.0
2026-05-27,83.99717712402344,0.40639296610280856,0.4089457841122758,98.85809272229625,98.6258272314533,XLP,生活必需品,defensive,Lagging,6.0,-1.0,-3.0
2026-05-28,83.84821319580078,0.40419177444780047,0.40736111422411736,98.72505770132545,98.54513173091105,XLP,生活必需品,defensive,Lagging,6.0,-1.0,-3.0
2026-05-29,82.33869171142578,0.3958127232390908,0.40351165056244187,98.35979987913727,98.40129259962373,XLP,生活必需品,defensive,Lagging,6.0,-1.0,-3.0
2026-06-01,81.46475219726562,0.390900265509475,0.39930785554478626,97.98733039969204,98.28261040664363,XLP,生活必需品,defensive,Lagging,7.0,0.0,-1.0
2026-06-02,81.26612854003906,0.38840629322603715,0.3956740014385366,97.71410991052642,98.55048974875483,XLP,生活必需品,defensive,Lagging,6.0,0.0,1.0
2026-06-03,81.59385681152344,0.39144492765420663,0.3942643101770933,97.69324268733209,98.70112065405165,XLP,生活必需品,defensive,Lagging,5.0,-1.0,0.0
2026-06-04,81.47467803955078,0.3879439038377245,0.3921575080639704,97.62522345243406,98.81658738053285,XLP,生活必需品,defensive,Lagging,4.0,-2.0,-1.0
2026-06-05,82.86503601074219,0.4002595998968735,0.39485820534160476,97.98556439186473,99.8578010275587,XLP,生活必需品,defensive,Lagging,3.0,-3.0,-2.0
2026-06-08,82.4975814819336,0.3989069858948714,0.3962077988593603,98.18889821351443,100.67310363274579,XLP,生活必需品,defensive,Improving,5.0,-2.0,-2.0
2026-06-09,83.5204849243164,0.400802814055957,0.39773947059155923,98.38968433215163,101.31449611902369,XLP,生活必需品,defensive,Improving,5.0,-1.0,-1.0
2026-06-10,84.90090942382812,0.4126747496260643,0.40271789693639426,98.89426356819095,101.96372800768494,XLP,生活必需品,defensive,Improving,6.0,1.0,2.0
2026-06-11,84.68241882324219,0.4052938167236234,0.4035765368654707,99.00462370717574,102.10050490957494,XLP,生活必需品,defensive,Improving,7.0,3.0,5.0
2026-06-12,85.22863006591797,0.4042461839001481,0.4037997525436965,99.05116263716604,101.62782368658517,XLP,生活必需品,defensive,Improving,7.0,4.0,7.0
2026-06-15,84.89098358154297,0.4003182375051826,0.40263924753085856,98.96029826057031,101.21673730046719,XLP,生活必需品,defensive,Improving,7.0,2.0,4.0
2026-06-16,85.00021362304688,0.402174696216121,0.40248439709261274,98.96852275998646,100.9489109631187,XLP,生活必需品,defensive,Improving,6.0,1.0,2.0
2026-06-17,83.10337829589844,0.3991828361135278,0.4013838767662511,98.88242164724402,100.19201539909572,XLP,生活必需品,defensive,Improving,6.0,0.0,-1.0
2026-06-18,82.72599792480469,0.3955342782863027,0.3994340106062683,98.7132931539129,99.83251823849022,XLP,生活必需品,defensive,Lagging,5.0,-2.0,-5.0
2026-06-22,82.18000030517578,0.39206144776432644,0.3969764896589544,98.49863753969524,99.49807321542878,XLP,生活必需品,defensive,Lagging,5.0,-2.0,-6.0
2026-06-23,83.72000122070312,0.40078510922170973,0.3982460295132062,98.67395841074492,99.82864154923348,XLP,生活必需品,defensive,Lagging,4.0,-3.0,-5.0
2026-06-24,84.44000244140625,0.40136895371041403,0.3992870042456088,98.82096989346515,99.9949729066923,XLP,生活必需品,defensive,Lagging,5.0,-1.0,-2.0
2026-06-25,83.94000244140625,0.39641087339507086,0.3983282939620962,98.75665490876031,100.01337781111397,XLP,生活必需品,defensive,Improving,4.0,-2.0,-2.0
2026-06-26,84.70999908447266,0.40278636331053114,0.3998143170782412,98.94834423677027,100.46566811600448,XLP,生活必需品,defensive,Improving,5.0,0.0,2.0
2026-06-29,84.37000274658203,0.39601033343372166,0.39854632253006805,98.83917743029598,100.59086568241791,XLP,生活必需品,defensive,Improving,5.0,0.0,2.0
2026-06-30,83.06999969482422,0.3904215727159059,0.395838072592014,98.56461532035232,100.01845597976974,XLP,生活必需品,defensive,Improving,6.0,2.0,5.0
2026-07-01,83.30000305175781,0.3903284833059942,0.3940015428300074,98.38755358533739,99.61398199208061,XLP,生活必需品,defensive,Lagging,5.0,0.0,1.0
2026-07-02,84.98999786376953,0.3954678535923084,0.39449031308410776,98.47629073570852,99.81866219154048,XLP,生活必需品,defensive,Lagging,5.0,1.0,3.0
2026-07-06,84.0999984741211,0.3911627836005632,0.39338113658959295,98.38391352295113,99.46531396566479,XLP,生活必需品,defensive,Lagging,4.0,-1.0,-1.0
2026-07-07,84.86000061035156,0.3951939752191235,0.39398541613276983,98.485123058521,99.73828477769834,XLP,生活必需品,defensive,Lagging,5.0,0.0,0.0
2026-07-08,84.38999938964844,0.397690860524527,0.3952205642633556,98.6635431536558,100.30651504815248,XLP,生活必需品,defensive,Improving,6.0,0.0,-2.0
2026-07-09,83.19999694824219,0.3896955360573405,0.3933788881946839,98.47762938224419,100.27950970910155,XLP,生活必需品,defensive,Improving,5.0,0.0,0.0
2026-07-10,84.12000274658203,0.3925338383045442,0.3930972048979707,98.48211677428196,100.15813093057105,XLP,生活必需品,defensive,Improving,3.0,-2.0,-3.0
2026-07-13,84.58999633789062,0.3948559866727228,0.3936834654895548,98.59199927693113,100.40357117561557,XLP,生活必需品,defensive,Improving,4.0,0.0,1.0
2026-07-14,83.41999816894531,0.3908175186770941,0.3927281498854013,98.51988490784734,100.1567533776415,XLP,生活必需品,defensive,Improving,4.0,-1.0,-1.0
2026-07-15,83.47000122070312,0.391933139607781,0.39246314645952785,98.53947526021513,99.92058970054987,XLP,生活必需品,defensive,Lagging,2.0,-4.0,-4.0
2026-07-16,85.80999755859375,0.3990049220344409,0.3946437383178322,98.85121581138795,100.5678242718444,XLP,生活必需品,defensive,Improving,3.0,-2.0,-2.0
2026-07-17,85.19000244140625,0.3992595228519269,0.3961823331625305,99.07144147439153,100.84838061015864,XLP,生活必需品,defensive,Improving,4.0,1.0,3.0
2026-07-20,84.86000061035156,0.3994915796151139,0.3972854153133917,99.23037351524489,100.90288488325048,XLP,生活必需品,defensive,Improving,6.0,2.0,2.0
2026-07-21,84.05999755859375,0.39509306133156963,0.39655463065278435,99.16230567055368,100.88705662354263,XLP,生活必需品,defensive,Improving,5.0,1.0,2.0
2026-07-22,84.37999725341797,0.3967089725626595,0.3966060779560761,99.18880037462489,100.87079763890077,XLP,生活必需品,defensive,Improving,4.0,2.0,6.0
2026-07-23,83.20999908447266,0.3926481681928696,0.39528677470167395,99.05216966861693,100.15389454455328,XLP,生活必需品,defensive,Improving,4.0,1.0,3.0
2026-07-24,84.12999725341797,0.393922341004095,0.3948319634691477,99.02595189755249,99.76760079942298,XLP,生活必需品,defensive,Lagging,4.0,0.0,-1.0
2026-07-27,85.36000061035156,0.3966911586383697,0.3954516951922217,99.12775042280995,99.68830980676255,XLP,生活必需品,defensive,Lagging,5.0,-1.0,-3.0
2026-07-28,87.05999755859375,0.3999264852873845,0.39694329189060934,99.32850613921202,100.11831763416912,XLP,生活必需品,defensive,Improving,5.0,0.0,-1.0
2026-07-29,87.36000061035156,0.40495064358451477,0.39961240912191115,99.66689194903425,100.61778093860553,XLP,生活必需品,defensive,Improving,7.0,3.0,1.0
2026-07-30,85.47000122070312,0.39683350024626035,0.3986861061633609,99.57461384169133,100.69790211218499,XLP,生活必需品,defensive,Improving,7.0,3.0,2.0
2026-07-31,85.05000305175781,0.39556302136947297,0.3976450778987316,99.47010954261138,100.57871560984731,XLP,生活必需品,defensive,Improving,7.0,3.0,3.0
2026-08-03,84.86000061035156,0.39086177684947015,0.3953839775489778,99.21917927019699,100.02667126062096,XLP,生活必需品,defensive,Improving,7.0,2.0,3.0
2026-08-04,85.37000274658203,0.38764021433392226,0.39280272314395936,98.93297941268469,99.2703371287642,XLP,生活必需品,defensive,Lagging,7.0,2.0,2.0
2026-08-05,85.33000183105469,0.3883402516280128,0.3913152326386439,98.78562625782337,98.5458751666666,XLP,生活必需品,defensive,Lagging,3.0,-4.0,-7.0
2026-08-06,85.11000061035156,0.38937688671141546,0.39066911732956777,98.74486582062953,98.67257594539112,XLP,生活必需品,defensive,Lagging,3.0,-4.0,-7.0
2026-08-07,85.12000274658203,0.3867508935567545,0.38936304273863004,98.62651230740644,98.6939932709104,XLP,生活必需品,defensive,Lagging,3.0,-4.0,-7.0
2026-08-10,84.94999694824219,0.3857505970273146,0.3881588941681916,98.52576579766244,98.95344247380802,XLP,生活必需品,defensive,Lagging,3.0,-4.0,-6.0
2026-08-11,84.69000244140625,0.38375096970643996,0.3866895860142744,98.40235829435889,99.21717245293141,XLP,生活必需品,defensive,Lagging,3.0,-4.0,-6.0
2026-08-12,85.08000183105469,0.38483807276277876,0.38607241493044253,98.38365975742867,99.42487965156985,XLP,生活必需品,defensive,Lagging,3.0,0.0,4.0
2026-08-13,86.0,0.38611772841410186,0.3860875194249957,98.43330172733513,99.57610461168392,XLP,生活必需品,defensive,Lagging,3.0,0.0,4.0
2026-08-14,86.08999633789062,0.38645237099604063,0.386209136615344,98.48747331100672,99.84960181103412,XLP,生活必需品,defensive,Lagging,3.0,0.0,4.0
2026-08-17,84.68000030517578,0.3835318759008916,0.3853167163771932,98.40875019415026,99.89850125969286,XLP,生活必需品,defensive,Lagging,3.0,0.0,4.0
2026-08-18,85.58000183105469,0.38937169318551584,0.3866683753133008,98.58967837876837,100.38661490043023,XLP,生活必需品,defensive,Improving,3.0,0.0,4.0
2026-08-19,86.54000091552734,0.38969693367542557,0.3876778947673424,98.7066385458318,100.6281474378927,XLP,生活必需品,defensive,Improving,4.0,1.0,1.0
2026-08-20,85.31999969482422,0.3873252232051631,0.38756033757994934,98.66222931063922,100.49989260726348,XLP,生活必需品,defensive,Improving,4.0,1.0,1.0
2026-08-21,85.98999786376953,0.38791897222930655,0.38767988246306845,98.65470785042149,100.40908695431774,XLP,生活必需品,defensive,Improving,4.0,1.0,1.0
2026-08-24,87.44999694824219,0.39404316601766565,0.3898009769812676,98.99383113287571,101.05893824143335,XLP,生活必需品,defensive,Improving,5.0,2.0,2.0
2026-08-25,86.5199966430664,0.3901338998793099,0.38991195128061507,99.02202679181264,100.7884080204564,XLP,生活必需品,defensive,Improving,5.0,2.0,2.0
2026-08-26,86.2699966430664,0.38841113144837724,0.3894116780032025,98.93785112538701,100.44170078182,XLP,生活必需品,defensive,Improving,5.0,1.0,0.0
2026-08-27,85.08000183105469,0.3841950914586817,0.38767281582169555,98.61311530060445,99.95332761822681,XLP,生活必需品,defensive,Lagging,4.0,0.0,-1.0
2026-08-28,85.44999694824219,0.3871946893966317,0.38751344034667434,98.61647355614086,99.93618629942124,XLP,生活必需品,defensive,Lagging,4.0,0.0,-1.0
2026-08-31,84.9800033569336,0.38734675050527045,0.3874578770662064,98.6523070760531,99.34655548158199,XLP,生活必需品,defensive,Lagging,4.0,-1.0,-3.0
2026-09-01,85.25,0.39179190879537124,0.38890255430926135,98.97441658790797,99.8432240791252,XLP,生活必需品,defensive,Lagging,5.0,0.0,-2.0
2026-09-02,85.52999877929688,0.39126256354629324,0.38968922405493867,99.1519058554447,100.3169481108344,XLP,生活必需品,defensive,Improving,5.0,0.0,-1.0
2026-09-03,85.26000213623047,0.3874574003808422,0.3889452828302399,99.02041708831777,100.68483820587574,XLP,生活必需品,defensive,Improving,5.0,1.0,1.0
2026-09-04,84.58000183105469,0.3862100540230808,0.38803353989452016,98.8727965223081,100.35031067293129,XLP,生活必需品,defensive,Improving,5.0,1.0,1.0
2026-09-08,84.0199966430664,0.3876712882359472,0.3879127893416625,98.8843969817233,100.29818602531059,XLP,生活必需品,defensive,Improving,5.0,1.0,2.0
2026-09-09,83.05000305175781,0.3869269627651849,0.38758418048283666,98.85823110086803,99.58696022058398,XLP,生活必需品,defensive,Lagging,4.0,-1.0,-1.0
2026-09-10,83.08999633789062,0.3897827886269373,0.38831704986420357,99.0258629952663,99.59175628229913,XLP,生活必需品,defensive,Lagging,5.0,0.0,0.0
2026-09-11,83.37999725341797,0.38804858355371363,0.3882275610940403,99.03010147313765,99.93881658598319,XLP,生活必需品,defensive,Lagging,5.0,0.0,-1.0
2026-09-14,84.41999816894531,0.39263290231032166,0.3896960081661341,99.34912747351777,101.13423953211878,XLP,生活必需品,defensive,Improving,6.0,1.0,0.0
2026-09-15,83.7300033569336,0.3913348323498014,0.39024228289402324,99.48811326453267,101.47846481655485,XLP,生活必需品,defensive,Improving,6.0,1.0,0.0
2026-09-16,83.33000183105469,0.39254758955266045,0.3910107184469024,99.68292874215322,101.996727834209,XLP,生活必需品,defensive,Improving,6.0,2.0,3.0
2026-09-17,83.48999786376953,0.39140217907899894,0.39114120532426794,99.74043969507879,101.65399910156852,XLP,生活必需品,defensive,Improving,6.0,1.0,1.0
2024-09-18,37.08437728881836,0.21746292630034658,0.21746292630034658,,,XLU,公益事業,defensive,,,,
2024-09-19,36.86701583862305,0.21390614471485678,0.21627733243851666,,,XLU,公益事業,defensive,,,,
2024-09-20,37.84043502807617,0.22035831818611565,0.21763766102104967,,,XLU,公益事業,defensive,,,,
2024-09-23,38.215789794921875,0.22141041184382287,0.21889524462864077,,,XLU,公益事業,defensive,,,,
2024-09-24,37.944618225097656,0.21951803529853972,0.2191028415186071,,,XLU,公益事業,defensive,,,,
2024-09-25,38.14442825317383,0.22204689463580637,0.22008419255767353,,,XLU,公益事業,defensive,,,,
2024-09-26,37.882774353027344,0.21869316439590714,0.21962051650375142,,,XLU,公益事業,defensive,,,,
2024-09-27,38.25860595703125,0.220072835191136,0.2197712893995463,,,XLU,公益事業,defensive,,,,
2024-09-30,38.42987060546875,0.2207741638459274,0.22010558088167337,,,XLU,公益事業,defensive,,,,
2024-10-01,38.73909378051758,0.22373701824773068,0.2213160600036925,,,XLU,公益事業,defensive,,,,
2024-10-02,38.75812911987305,0.22408584797573078,0.2222393226610386,,,XLU,公益事業,defensive,,,,
2024-10-03,38.743858337402344,0.22506532930214096,0.2231813248747394,,,XLU,公益事業,defensive,,,,
2024-10-04,38.682010650634766,0.22295693293616636,0.22310652756188173,,,XLU,公益事業,defensive,,,,
2024-10-07,37.792388916015625,0.21953818802518169,0.2219170810496484,,,XLU,公益事業,defensive,,,,
2024-10-08,37.81141662597656,0.21912927996926895,0.22098781402285528,,,XLU,公益事業,defensive,,,,
2024-10-09,37.487918853759766,0.21577226459204663,0.2192492975459191,,,XLU,公益事業,defensive,,,,
2024-10-10,37.37373352050781,0.2159240725158252,0.21814088920255448,,,XLU,公益事業,defensive,,,,
2024-10-11,37.701995849609375,0.21570170418137802,0.217327827528829,,,XLU,公益事業,defensive,,,,
2024-10-14,38.177730560302734,0.21683250522383654,0.21716272009383153,,,XLU,公益事業,defensive,,,,
2024-10-15,38.3489990234375,0.2187952696679296,0.21770690328519757,,,XLU,公益事業,defensive,,,,
2024-10-16,39.11017608642578,0.221639173387435,0.2190176599859434,,,XLU,公益事業,defensive,,,,
2024-10-17,38.76288604736328,0.22002235764647274,0.21935255920611985,,,XLU,公益事業,defensive,,,,
2024-10-18,38.98648452758789,0.22063451182696162,0.21977987674640045,,,XLU,公益事業,defensive,,,,
2024-10-21,38.83424377441406,0.2216620325967711,0.22040726202985736,,,XLU,公益事業,defensive,,,,
2024-10-22,38.6962776184082,0.22187121037342702,0.22089524481104725,,,XLU,公益事業,defensive,,,,
2024-10-23,39.06735610961914,0.224737489207797,0.22217599294329715,,,XLU,公益事業,defensive,,,,
2024-10-24,38.81521224975586,0.2232370870042313,0.22252969096360856,,,XLU,公益事業,defensive,,,,
2024-10-25,38.23957824707031,0.22097604530430898,0.22201180907717538,,,XLU,公益事業,defensive,,,,
2024-10-28,38.53929138183594,0.22145225294705045,0.22182529036713375,,,XLU,公益事業,defensive,,,,
2024-10-29,37.716270446777344,0.21737838227169617,0.22034298766865457,,,XLU,公益事業,defensive,,,,
2024-10-30,37.625877380371094,0.21733199788507018,0.2193393244074598,,,XLU,公益事業,defensive,,,,
2024-10-31,38.0159797668457,0.22195192579578019,0.2202101915368999,,,XLU,公益事業,defensive,,,,
2024-11-01,37.16917037963867,0.21687260606412415,0.21909766304597467,,,XLU,公益事業,defensive,,,,
2024-11-04,36.72673416137695,0.2140363074776284,0.21741054452319258,,,XLU,公益事業,defensive,,,,
2024-11-05,37.27859115600586,0.21474757538852896,0.2165228881449714,,,XLU,公益事業,defensive,,,,
2024-11-06,36.893245697021484,0.20761254343157903,0.21355277324050728,,,XLU,公益事業,defensive,,,,
2024-11-07,36.95985412597656,0.20778287307784624,0.21162947318628694,,,XLU,公益事業,defensive,,,,
2024-11-08,37.66869354248047,0.21059455496585403,0.21128450044614266,,,XLU,公益事業,defensive,,,,
2024-11-11,37.77335739135742,0.21012961749761946,0.21089953946330162,,,XLU,公益事業,defensive,,,,
2024-11-12,37.34043502807617,0.20931650898562942,0.2103718626374109,,,XLU,公益事業,defensive,,,,
2024-11-13,37.273834228515625,0.20882940523690527,0.2098577101705757,,,XLU,公益事業,defensive,,,,
2024-11-14,37.145389556884766,0.2097884896938343,0.20983463667832858,,,XLU,公益事業,defensive,,,,
2024-11-15,37.701995849609375,0.21446189406311286,0.21137705580659003,,,XLU,公益事業,defensive,,,,
2024-11-18,38.03025436401367,0.21545990368776197,0.21273800510031401,,,XLU,公益事業,defensive,,,,
2024-11-19,38.27287292480469,0.21742086299816946,0.2142989577329325,,,XLU,公益事業,defensive,,,,
2024-11-20,38.291908264160156,0.21679911189631304,0.21513234245405935,,,XLU,公益事業,defensive,,,,
2024-11-21,38.95793533325195,0.21782603639711773,0.21603024043507882,,,XLU,公益事業,defensive,,,,
2024-11-22,38.74861526489258,0.21496237820787065,0.21567428635934277,,,XLU,公益事業,defensive,,,,
2024-11-25,38.819976806640625,0.2134256416700901,0.2149247381295919,,,XLU,公益事業,defensive,,,,
2024-11-26,39.43842697143555,0.21680264101890256,0.21555070575936214,,,XLU,公益事業,defensive,,,,
2024-11-27,39.43842697143555,0.2170112312588454,0.21603754759252322,,,XLU,公益事業,defensive,,,,
2024-11-29,39.452701568603516,0.21643028251754245,0.2161684592341963,,,XLU,公益事業,defensive,,,,
2024-12-02,38.60588836669922,0.21231671236794378,0.21488454361211212,,,XLU,公益事業,defensive,,,,
2024-12-03,38.27287292480469,0.2114228743232806,0.21373065384916828,,,XLU,公益事業,defensive,,,,
2024-12-04,38.26811981201172,0.21138528552662797,0.21294886440832153,,,XLU,公益事業,defensive,,,,
2024-12-05,38.387054443359375,0.21310590823211145,0.21300121234958486,,,XLU,公益事業,defensive,,,,
2024-12-06,37.911319732666016,0.21070351756237027,0.21223531408718,,,XLU,公益事業,defensive,,,,
2024-12-09,37.43558883666992,0.2089168562637195,0.21112916147935984,,,XLU,公益事業,defensive,,,,
2024-12-10,37.16442108154297,0.20868215687373226,0.210313493277484,,,XLU,公益事業,defensive,,,,
2024-12-11,36.93130111694336,0.20718102449556153,0.2092693370168432,,,XLU,公益事業,defensive,,,,
2024-12-12,36.91227722167969,0.2078332490516376,0.20879064102844136,,,XLU,公益事業,defensive,,,,
2024-12-13,36.936058044433594,0.2086978146938986,0.2087596989169271,,,XLU,公益事業,defensive,,,,
2024-12-16,36.64110565185547,0.207715450658107,0.20841161616398707,98.09571923831766,,XLU,公益事業,defensive,,2.0,,
2024-12-17,36.48887252807617,0.2084945903183993,0.20843927421545783,98.18606969192557,,XLU,公益事業,defensive,,3.0,,
2024-12-18,35.62779235839844,0.20978182771856874,0.20888679204982816,98.35294768051462,,XLU,公益事業,defensive,,3.0,,
2024-12-19,35.789546966552734,0.21143584859108047,0.20973647756357894,98.59294507611622,,XLU,公益事業,defensive,,4.0,,
2024-12-20,36.36042785644531,0.21184154589440696,0.21043816700718831,98.78783208214223,,XLU,公益事業,defensive,,4.0,,
2024-12-23,36.48417663574219,0.21227315615634917,0.2110498300569086,98.95442265212607,,XLU,公益事業,defensive,,6.0,4.0,
2024-12-24,36.685646057128906,0.21184698853219355,0.21131554954867027,99.04281385566885,,XLU,公益事業,defensive,,6.0,3.0,
2024-12-26,36.59930419921875,0.21100387589772923,0.21121165833168992,99.05075204240056,,XLU,公益事業,defensive,,6.0,3.0,
2024-12-27,36.4937744140625,0.21183630209579815,0.21141987291972603,99.1240807936191,,XLU,公益事業,defensive,,6.0,2.0,
2024-12-30,36.34027862548828,0.21309197845670574,0.21197724143205263,99.26963075958692,,XLU,公益事業,defensive,,6.0,2.0,
2024-12-31,36.30670166015625,0.21250637011109044,0.21215361765839857,99.33263530502708,,XLU,公益事業,defensive,,6.0,0.0,-4.0
2025-01-02,36.58491516113281,0.21475979189261138,0.21302234240313617,99.5470289931197,,XLU,公益事業,defensive,,6.0,0.0,-3.0
2025-01-03,36.973453521728516,0.21507105639892804,0.21370524706840013,99.7257868794944,,XLU,公益事業,defensive,,6.0,0.0,-3.0
2025-01-06,36.56093215942383,0.21281634024505092,0.21340894479395042,99.68404704756972,,XLU,公益事業,defensive,,7.0,1.0,-1.0
2025-01-07,36.46979522705078,0.21299905071729128,0.21327231343506406,99.67676196406825,,XLU,公益事業,defensive,,7.0,1.0,-1.0
2025-01-08,36.460201263427734,0.2126886506272985,0.2130777591658089,99.65359065602385,,XLU,公益事業,defensive,,6.0,0.0,0.0
2025-01-10,36.253936767578125,0.21462261296119547,0.21359271043093778,99.80041118906824,,XLU,公益事業,defensive,,6.0,0.0,0.0
2025-01-13,35.831817626953125,0.21039917240702077,0.21252819775629878,99.55488237959523,,XLU,公益事業,defensive,,5.0,-1.0,-1.0
2025-01-14,36.301902770996094,0.21145254030770402,0.21216964527343385,99.4842463295301,,XLU,公益事業,defensive,,4.0,-3.0,-4.0
2025-01-15,36.83434295654297,0.21251421214222047,0.21228450089636275,99.53129341123159,,XLU,公益事業,defensive,,4.0,-3.0,-4.0
2025-01-16,37.764915466308594,0.2161806340890631,0.2135832119605962,99.87409046405357,,XLU,公益事業,defensive,,5.0,-1.0,-1.0
2025-01-17,37.81767654418945,0.21543656075378567,0.2142009948916594,100.050756021076,,XLU,公益事業,defensive,,5.0,-1.0,-1.0
2025-01-21,38.39809036254883,0.2162328402814297,0.2148782766882495,100.2466783952625,,XLU,公益事業,defensive,,6.0,1.0,2.0
2025-01-22,37.56825256347656,0.21230578197049624,0.21402077844899842,100.04781606998226,,XLU,公益事業,defensive,,5.0,1.0,4.0
2025-01-23,37.745731353759766,0.21230272753222726,0.2134480948100747,99.92296921145706,,XLU,公益事業,defensive,,5.0,1.0,4.0
2025-01-24,38.12946701049805,0.21464945137899138,0.21384854699971362,100.06477496395597,,XLU,公益事業,defensive,,5.0,0.0,1.0
2025-01-27,37.24686813354492,0.20954283123309275,0.21241330841084,99.68913505395572,,XLU,公益事業,defensive,,4.0,-1.0,0.0
2025-01-28,36.73361587524414,0.20768062925643518,0.21083574869270508,99.23405260644915,,XLU,公益事業,defensive,,3.0,-3.0,-4.0
2025-01-29,36.810359954833984,0.2088051110606208,0.21015886948201035,99.02611151324619,,XLU,公益事業,defensive,,3.0,-2.0,-3.0
2025-01-30,37.57783889770508,0.2109073524816136,0.21040836381521144,99.11097003709556,,XLU,公益事業,defensive,,3.0,-2.0,-3.0
2025-01-31,37.3571891784668,0.2114042180492608,0.21074031522656123,99.24185064523189,,XLU,公益事業,defensive,,3.0,-2.0,-2.0
2025-02-03,37.558658599853516,0.2137117443840248,0.21173079161238245,99.64164667065202,,XLU,公益事業,defensive,,6.0,2.0,3.0
2025-02-04,37.22768020629883,0.21157019694234536,0.21167726005570342,99.6473741578901,,XLU,公益事業,defensive,,5.0,2.0,5.0
2025-02-05,37.60182571411133,0.21265956004545786,0.21200469338562158,99.82406542799289,,XLU,公益事業,defensive,,7.0,4.0,6.0
2025-02-06,37.558658599853516,0.2126969013900487,0.2122354293870973,99.96637429788261,,XLU,公益事業,defensive,,7.0,4.0,6.0
2025-02-07,37.48190689086914,0.2133104876613833,0.21259378214519264,100.17475112054078,,XLU,公益事業,defensive,,7.0,4.0,6.0
2025-02-10,37.88962936401367,0.2150223773932389,0.2134033138945414,100.5795954117172,,XLU,公益事業,defensive,,8.0,2.0,0.0
2025-02-11,38.08150863647461,0.21608737231093186,0.21429800003333824,100.99700390344876,,XLU,公益事業,defensive,,8.0,3.0,1.0
2025-02-12,38.014347076416016,0.21696664770439195,0.21518754925702283,101.38690755380894,,XLU,公益事業,defensive,,8.0,1.0,-3.0
2025-02-13,38.10068893432617,0.21558790837055158,0.21532100229486578,101.4005210597651,,XLU,公益事業,defensive,,8.0,1.0,-3.0
2025-02-14,37.9423942565918,0.21490565548533463,0.2151825533583554,101.28948624207312,,XLU,公益事業,defensive,,8.0,1.0,-3.0
2025-02-18,38.2973518371582,0.21526369822920388,0.21520960164863825,101.26174785455412,,XLU,公益事業,defensive,,9.0,1.0,-1.0
2025-02-19,38.49882125854492,0.21595822662280953,0.21545914330669536,101.3378201323483,,XLU,公益事業,defensive,,9.0,1.0,-2.0
2025-02-20,38.49402618408203,0.21647595174542938,0.21579807945294005,101.44571404049182,,XLU,公益事業,defensive,,9.0,1.0,0.0
2025-02-21,38.50361633300781,0.21961249129251612,0.2170695500661321,101.94979092548179,,XLU,公益事業,defensive,,11.0,3.0,2.0
2025-02-24,38.311744689941406,0.21833600006956702,0.21749170006727708,102.05296570753875,,XLU,公益事業,defensive,,11.0,3.0,2.0
2025-02-25,38.119876861572266,0.21702550845910865,0.2173363028645543,101.92410373918567,,XLU,公益事業,defensive,,9.0,0.0,-1.0
2025-02-26,38.27817153930664,0.21838737015666515,0.21768665862859127,102.02466895464472,,XLU,公益事業,defensive,,11.0,2.0,1.0
2025-02-27,37.42914581298828,0.21542484148033653,0.21693271957917304,101.67561676268093,,XLU,公益事業,defensive,,8.0,-1.0,-2.0
2025-02-28,37.99995803833008,0.21630675981953804,0.2167240663259614,101.55353854089222,,XLU,公益事業,defensive,,7.0,-4.0,-7.0
2025-03-03,38.0527229309082,0.21894012388464532,0.21746275217885602,101.81291488957305,,XLU,公益事業,defensive,,8.0,-3.0,-6.0
2025-03-04,37.43394088745117,0.21891676004329308,0.21794742146700172,101.95813561052823,,XLU,公益事業,defensive,,8.0,-1.0,-1.0
2025-03-05,37.17011642456055,0.2153722304313641,0.21708902445512251,101.59735795042728,,XLU,公益事業,defensive,,8.0,-3.0,-5.0
2025-03-06,36.3978385925293,0.21325881693358342,0.2158122886146095,101.08204230946525,,XLU,公益事業,defensive,,8.0,0.0,1.0
2025-03-07,37.074180603027344,0.21520540005176209,0.2156099924269937,100.98362467759237,,XLU,公益事業,defensive,,7.0,0.0,4.0
2025-03-10,37.48190689086914,0.2206821224710397,0.2173007024416757,101.58188580626103,,XLU,公益事業,defensive,,8.0,0.0,3.0
2025-03-11,37.13174819946289,0.22157132624228484,0.21872424370854543,102.01928826392225,,XLU,公益事業,defensive,,8.0,0.0,1.0
2025-03-12,37.01661682128906,0.22193019875841288,0.2197928953918346,102.26930637614521,,XLU,公益事業,defensive,,11.0,3.0,6.0
2025-03-13,37.10776138305664,0.22463012468991936,0.22140530515786286,102.63181952148369,,XLU,公益事業,defensive,,11.0,3.0,3.0
2025-03-14,37.832069396972656,0.22473046936784197,0.2225136932278559,102.77250314631827,,XLU,公益事業,defensive,,11.0,4.0,4.0
2025-03-17,37.99036407470703,0.2226659168559751,0.222564434437229,102.60821075356495,,XLU,公益事業,defensive,,11.0,3.0,3.0
2025-03-18,37.72654342651367,0.22227551105814142,0.22246812664419982,102.43676734539565,,XLU,公益事業,defensive,,11.0,3.0,3.0
2025-03-19,37.86564636230469,0.22145405638827642,0.2221301032255587,102.22709999146153,,XLU,公益事業,defensive,,11.0,0.0,-3.0
2025-03-20,38.01914978027344,0.22328123605401284,0.22251381416837676,102.23204306813433,,XLU,公益事業,defensive,,10.0,-1.0,-4.0
2025-03-21,37.774505615234375,0.22286536189615294,0.22263099674430217,102.16893314905168,,XLU,公益事業,defensive,,10.0,-1.0,-5.0
2025-03-24,37.76243209838867,0.21939432932569986,0.2215521076047681,101.80522116514231,,XLU,公益事業,defensive,,10.0,-1.0,-4.0
2025-03-25,37.1585807800293,0.21640338684920243,0.21983586735291288,101.29216211485553,,XLU,公益事業,defensive,,10.0,-1.0,-4.0
2025-03-26,37.40495681762695,0.2182491563156468,0.21930696367382418,101.11113382054837,98.00883111134456,XLU,公益事業,defensive,Weakening,9.0,-2.0,-2.0
2025-03-27,37.395294189453125,0.21875546166085905,0.21912312966950248,101.02735115960213,97.98586876092813,XLU,公益事業,defensive,Weakening,9.0,-1.0,0.0
2025-03-28,37.67064666748047,0.22381668196078794,0.22068764709993097,101.41432794567113,98.66469167413179,XLU,公益事業,defensive,Weakening,10.0,0.0,1.0
2025-03-31,38.09092330932617,0.22444551187962447,0.22194026869316213,101.69441043636611,99.57732642583647,XLU,公益事業,defensive,Weakening,10.0,0.0,1.0
2025-04-01,38.18754577636719,0.2247812776860846,0.22288727169080297,101.87058561937877,100.53731086803795,XLU,公益事業,defensive,Leading,10.0,0.0,1.0
2025-04-02,38.36628341674805,0.22396068122052767,0.22324507486737788,101.88003561645854,100.79342309804034,XLU,公益事業,defensive,Leading,10.0,1.0,3.0
2025-04-03,38.1247444152832,0.2336829288526596,0.22672435952913847,102.6041225463775,101.83683589531871,XLU,公益事業,defensive,Leading,11.0,2.0,3.0
2025-04-04,36.004024505615234,0.2338117343466537,0.22908681780164356,102.92248971556248,101.68422908336704,XLU,公益事業,defensive,Leading,11.0,1.0,1.0
2025-04-07,35.453304290771484,0.23217032555258005,0.2301146537186224,102.8926225509772,101.2512279415063,XLU,公益事業,defensive,Leading,11.0,1.0,1.0
2025-04-08,35.308380126953125,0.2356664032614046,0.2319652368995498,102.99877239317188,101.1373149773557,XLU,公益事業,defensive,Leading,11.0,1.0,1.0
2025-04-09,36.69965362548828,0.22681388509422143,0.230248119631107,102.47516424519242,100.44267901853043,XLU,公益事業,defensive,Leading,11.0,1.0,0.0
2025-04-10,36.42430114746094,0.2329543929721268,0.2311502107447803,102.47474028294295,99.51590773944743,XLU,公益事業,defensive,Weakening,11.0,0.0,-2.0
2025-04-11,36.868736267089844,0.23227484001619234,0.23152508716858433,102.38383302268524,99.01185902793164,XLU,公益事業,defensive,Weakening,11.0,0.0,-1.0
2025-04-14,37.530555725097656,0.2334615807732491,0.23217058503680593,102.34772247120145,99.0171647974053,XLU,公益事業,defensive,Weakening,11.0,0.0,-1.0
2025-04-15,37.52572250366211,0.234187937456327,0.23284303584331295,102.31834262667121,98.86377609676481,XLU,公益事業,defensive,Weakening,11.0,0.0,-1.0
2025-04-16,37.18756866455078,0.23509606178745873,0.23359404449136156,102.30034539740342,99.50285966721347,XLU,公益事業,defensive,Weakening,11.0,0.0,-1.0
2025-04-17,37.56919860839844,0.2357565195742827,0.23431486951900196,102.27327226322784,99.47884145328479,XLU,公益事業,defensive,Weakening,11.0,0.0,0.0
2025-04-21,36.680328369140625,0.23490091463414633,0.23451021789071674,102.17555150472751,99.48057116825409,XLU,公益事業,defensive,Weakening,11.0,0.0,0.0
2025-04-22,37.6803092956543,0.23549818246875073,0.23483953941672808,102.10516833976665,99.4557915496102,XLU,公益事業,defensive,Weakening,11.0,0.0,0.0
2025-04-23,37.8397216796875,0.2342285194528953,0.2346358660954505,101.97551940298004,99.34889591551742,XLU,公益事業,defensive,Weakening,11.0,0.0,0.0
2025-04-24,37.8976936340332,0.23068436817907398,0.233318700123325,101.7204005896787,99.07655889404133,XLU,公益事業,defensive,Weakening,11.0,0.0,0.0
2025-04-25,37.78175735473633,0.2303082561287728,0.2323152187918076,101.52578248722551,98.89730376334525,XLU,公益事業,defensive,Weakening,11.0,0.0,0.0
2025-04-28,38.01363754272461,0.23107316783146473,0.23190120180502666,101.42036064198167,98.90292476197092,XLU,公益事業,defensive,Weakening,10.0,-1.0,-1.0
2025-04-29,38.308319091796875,0.23151334443052302,0.23177191601352545,101.35958413723269,98.9022257704451,XLU,公益事業,defensive,Weakening,10.0,-1.0,-1.0
2025-04-30,38.11508560180664,0.2300186664368239,0.23118749948795828,101.24534604690794,98.9075085781367,XLU,公益事業,defensive,Weakening,10.0,-1.0,-1.0
2025-05-01,38.22618865966797,0.23100329834584774,0.2311260991072548,101.20228353517528,99.16042904372961,XLU,公益事業,defensive,Weakening,9.0,-2.0,-2.0
2025-05-02,38.52570343017578,0.22877706296600783,0.23034308706017248,101.06613601595556,99.220659416698,XLU,公益事業,defensive,Weakening,9.0,-2.0,-2.0
2025-05-05,38.42908477783203,0.2289625752438915,0.22988291645474548,100.97414197449315,99.24864693906594,XLU,公益事業,defensive,Weakening,8.0,-2.0,-1.0
2025-05-06,38.897674560546875,0.23348529001218535,0.2310837076405588,101.10699998720875,99.50556698988919,XLU,公益事業,defensive,Weakening,9.0,-1.0,0.0
2025-05-07,39.008785247802734,0.23262013972241688,0.23159585166784485,101.14502700701256,99.71298441096745,XLU,公益事業,defensive,Weakening,9.0,-1.0,0.0
2025-05-08,38.69477844238281,0.22882263541238904,0.2306714462493596,100.98695926858413,99.5871921810745,XLU,公益事業,defensive,Weakening,9.0,0.0,2.0
2025-05-09,38.76240921020508,0.22927567866625992,0.23020619038832638,100.894014482928,99.66145309313046,XLU,公益事業,defensive,Weakening,9.0,0.0,2.0
2025-05-12,38.5305290222168,0.22182412925787023,0.22741217001150768,100.46898017210816,99.26148902662717,XLU,公益事業,defensive,Weakening,8.0,0.0,2.0
2025-05-13,38.47739028930664,0.2210195878076873,0.22528130927690088,100.13442796833098,98.69759567586095,XLU,公益事業,defensive,Weakening,7.0,-2.0,-1.0
2025-05-14,38.308319091796875,0.22138141990501117,0.22398134615293763,99.91914807726441,98.40785786025059,XLU,公益事業,defensive,Lagging,6.0,-3.0,-2.0
2025-05-15,39.124717712402344,0.22405700977519652,0.2240065673603573,99.9005623455858,98.62325716834025,XLU,公益事業,defensive,Lagging,6.0,-3.0,-3.0
2025-05-16,39.69959259033203,0.22513873265987777,0.2243839557935308,99.93492320712994,98.8261897691195,XLU,公益事業,defensive,Lagging,6.0,-3.0,-3.0
2025-05-19,39.8686637878418,0.22612266966451997,0.22496352708386053,100.00127415413937,99.50652669048954,XLU,公益事業,defensive,Weakening,6.0,-2.0,-2.0
2025-05-20,39.98460006713867,0.22737401710526006,0.2257670237576604,100.10505982443959,100.10674332379546,XLU,公益事業,defensive,Leading,6.0,-1.0,1.0
2025-05-21,39.25515365600586,0.2281967448538273,0.22657693078971602,100.2125889081812,100.53784499679327,XLU,公益事業,defensive,Leading,6.0,0.0,3.0
2025-05-22,38.69477844238281,0.22565887890677175,0.2262709134954013,100.14000838251195,100.47368006291039,XLU,公益事業,defensive,Leading,6.0,0.0,3.0
2025-05-23,39.15853500366211,0.2292803351362449,0.22727405404234918,100.28624401423677,100.63975987876547,XLU,公益事業,defensive,Leading,6.0,0.0,3.0
2025-05-27,39.45321273803711,0.22677796122365101,0.2271086897694498,100.23545217062525,100.49230118099929,XLU,公益事業,defensive,Leading,6.0,0.0,2.0
2025-05-28,38.90250015258789,0.2255301787238168,0.22658251942090551,100.12202512495791,100.209420077085,XLU,公益事業,defensive,Leading,6.0,0.0,1.0
2025-05-29,39.173030853271484,0.2265452812812827,0.22657010670769792,100.09490988293972,100.02957899342631,XLU,公益事業,defensive,Leading,6.0,0.0,0.0
2025-05-30,39.57398223876953,0.22895485824509054,0.22736502388682883,100.21200148927444,100.2841252544826,XLU,公益事業,defensive,Leading,6.0,0.0,0.0
2025-06-02,39.69959259033203,0.22949945746706762,0.22807650174690844,100.31817948121355,100.22209884366961,XLU,公益事業,defensive,Leading,6.0,0.0,0.0
2025-06-03,39.80586624145508,0.22821384459008517,0.22812228269463403,100.3025252336484,100.27038280516115,XLU,公益事業,defensive,Leading,6.0,0.0,0.0
2025-06-04,39.1102294921875,0.22473056037444922,0.22699170858790577,100.057921528471,100.07930289646686,XLU,公益事業,defensive,Leading,6.0,0.0,0.0
2025-06-05,39.04742431640625,0.2249775814715698,0.22632033288246045,99.88900241996211,99.87200300724781,XLU,公益事業,defensive,Lagging,5.0,-1.0,-1.0
2025-06-06,39.22133255004883,0.22404467785543714,0.22556178120678605,99.68821436170528,99.42464648392442,XLU,公益事業,defensive,Lagging,5.0,-1.0,-1.0
2025-06-09,38.97013473510742,0.2225723723885982,0.22456531160072343,99.43179395777845,98.93988795074067,XLU,公益事業,defensive,Lagging,5.0,-1.0,-1.0
2025-06-10,39.06192398071289,0.22199115386893362,0.22370725902346017,99.2059401334013,98.69108277738641,XLU,公益事業,defensive,Lagging,5.0,-1.0,-1.0
2025-06-11,39.08607482910156,0.22276094183567444,0.22339181996086493,99.10648535900478,98.9247780037075,XLU,公益事業,defensive,Lagging,4.0,-2.0,-2.0
2025-06-12,39.55949401855469,0.22493159403722457,0.22390507798631815,99.2076139592247,99.31478439631319,XLU,公益事業,defensive,Lagging,5.0,0.0,1.0
2025-06-13,39.33244323730469,0.22637697478966504,0.22472904358743379,99.38661528354959,99.900520070687,XLU,公益事業,defensive,Lagging,5.0,0.0,1.0
2025-06-16,39.13921356201172,0.22311361850050468,0.22419056855845743,99.25014711792346,100.11879183843557,XLU,公益事業,defensive,Improving,5.0,0.0,1.0
2025-06-17,38.815547943115234,0.22341461184696115,0.223931916321292,99.1792335020382,100.37985378049487,XLU,公益事業,defensive,Improving,5.0,0.0,1.0
2025-06-18,38.9169921875,0.22397322786201299,0.22394568683486568,99.16968138983314,100.52087912253705,XLU,公益事業,defensive,Improving,5.0,1.0,3.0
2025-06-20,39.02327346801758,0.22421828286565468,0.22403655217846202,99.18081223215195,100.36681426073129,XLU,公益事業,defensive,Improving,5.0,0.0,0.0
2025-06-23,39.517974853515625,0.22507366809722737,0.22438225748471716,99.25227515827785,100.1829755941729,XLU,公益事業,defensive,Improving,5.0,0.0,0.0
2025-06-24,39.688228607177734,0.2239231853645413,0.22422923344465856,99.19565636911942,100.29384777491295,XLU,公益事業,defensive,Improving,5.0,0.0,0.0
2025-06-25,39.158016204833984,0.22253729008407086,0.22366525232446266,99.02180629435593,100.1040874727762,XLU,公益事業,defensive,Improving,5.0,0.0,0.0
2025-06-26,39.483924865722656,0.22270867794219548,0.22334639419704028,98.89759442212389,99.89155608149723,XLU,公益事業,defensive,Lagging,4.0,-1.0,-2.0
2025-06-27,39.5617561340332,0.2223334843729714,0.22300875758901734,98.76096717588578,99.61483503531703,XLU,公益事業,defensive,Lagging,4.0,-1.0,-1.0
2025-06-30,39.7222785949707,0.2221915453089971,0.22273635349567728,98.66193646888671,99.3159378725796,XLU,公益事業,defensive,Lagging,4.0,-1.0,-1.0
2025-07-01,39.858482360839844,0.22037067001599864,0.2219477923357844,98.45092954783006,99.07434719415133,XLU,公益事業,defensive,Lagging,2.0,-3.0,-3.0
2025-07-02,39.51311492919922,0.21796333563765347,0.2206196401030741,98.1342397875474,98.86564495578423,XLU,公益事業,defensive,Lagging,1.0,-4.0,-4.0
2025-07-03,39.80983352661133,0.2185446466565477,0.21992797562089866,98.01041474140416,98.89568615269069,XLU,公益事業,defensive,Lagging,1.0,-3.0,-2.0
2025-07-07,39.89253234863281,0.22076304862771087,0.22020633328983608,98.1610745327409,99.40522865745147,XLU,公益事業,defensive,Lagging,2.0,-2.0,-1.0
2025-07-08,39.46933364868164,0.217875488830886,0.21942938513685273,98.06469718502785,99.41681560380945,XLU,公益事業,defensive,Lagging,1.0,-3.0,-2.0
2025-07-09,39.83902359008789,0.2192614040038093,0.21937339142583825,98.14067544239681,100.07724249623628,XLU,公益事業,defensive,Improving,2.0,0.0,3.0
2025-07-10,40.16493606567383,0.2197819463555722,0.21950957640241625,98.24695691055473,101.1941473473476,XLU,公益事業,defensive,Improving,2.0,1.0,5.0
2025-07-11,40.10655975341797,0.22108095373154465,0.22003336884545907,98.4320853399819,102.0132311091288,XLU,公益事業,defensive,Improving,3.0,2.0,5.0
2025-07-14,40.267086029052734,0.22173737668588908,0.22060137145893574,98.6121111550657,102.00188518453498,XLU,公益事業,defensive,Improving,4.0,2.0,4.0
2025-07-15,39.88280487060547,0.22270958034978847,0.22130410775588666,98.81111032329876,102.5441106493703,XLU,公益事業,defensive,Improving,4.0,3.0,6.0
2025-07-16,39.902259826660156,0.22195262430689525,0.2215202799395562,98.89478928251668,102.39726264281123,XLU,公益事業,defensive,Improving,4.0,2.0,2.0
2025-07-17,40.067649841308594,0.22107022845416982,0.22137026277776073,98.8932002747657,102.04543420650168,XLU,公益事業,defensive,Improving,4.0,2.0,1.0
2025-07-18,40.738929748535156,0.22485939899909824,0.22253330818487324,99.18577891134059,102.1610980467175,XLU,公益事業,defensive,Improving,5.0,2.0,0.0
2025-07-21,40.870262145996094,0.22635858326266864,0.2238083998774717,99.50915168060408,102.31656073261803,XLU,公益事業,defensive,Improving,6.0,2.0,0.0
2025-07-22,41.37129592895508,0.22624915593906805,0.22462198523133714,99.7339750716965,102.235008060915,XLU,公益事業,defensive,Improving,6.0,2.0,-1.0
2025-07-23,41.05997848510742,0.22270169022453842,0.22398188689573756,99.59962467032939,101.74249167439503,XLU,公益事業,defensive,Improving,6.0,2.0,0.0
2025-07-24,41.0064697265625,0.2231257363423287,0.22369650337793462,99.54951169936857,101.58871297751514,XLU,公益事業,defensive,Improving,6.0,2.0,0.0
2025-07-25,41.11347961425781,0.222635521200428,0.2233428426520991,99.47600974854672,100.88985725686467,XLU,公益事業,defensive,Improving,6.0,1.0,-1.0
2025-07-28,40.675689697265625,0.22157495712459804,0.22275354747626544,99.3304239060453,100.01618255396313,XLU,公益事業,defensive,Improving,6.0,0.0,-2.0
2025-07-29,41.14267349243164,0.22422690164399306,0.22324466553217467,99.49938697100168,99.89705155213493,XLU,公益事業,defensive,Lagging,6.0,0.0,-2.0
2025-07-30,41.44912338256836,0.2273719896693601,0.22462044024456984,99.9506580356436,100.95555279773203,XLU,公益事業,defensive,Improving,8.0,2.0,0.0
2025-07-31,41.672882080078125,0.2307033024734846,0.22664806098754145,100.63328637772518,102.19595469071422,XLU,公益事業,defensive,Leading,9.0,3.0,1.0
2025-08-01,41.736122131347656,0.23368768149930924,0.22899460115813072,101.43743566708434,103.36120410362017,XLU,公益事業,defensive,Leading,10.0,4.0,3.0
2025-08-04,42.47549819946289,0.2349547034674898,0.2309813019279171,102.08042189856332,103.95163582264307,XLU,公益事業,defensive,Leading,11.0,5.0,5.0
2025-08-05,42.02312088012695,0.23309920524452787,0.2316872697001207,102.26080533287087,103.49370970562767,XLU,公益事業,defensive,Leading,11.0,5.0,5.0
2025-08-06,41.6485595703125,0.23153955805352994,0.23163803248459047,102.22814373517323,102.66176097533962,XLU,公益事業,defensive,Leading,11.0,3.0,1.0
2025-08-07,42.100948333740234,0.23419542656776987,0.23249049717898362,102.47115792405607,102.02856499737744,XLU,公益事業,defensive,Leading,11.0,2.0,-1.0
2025-08-08,41.92096710205078,0.23277391322693117,0.23258496919496616,102.43956668935152,101.03413589436859,XLU,公益事業,defensive,Leading,11.0,1.0,-3.0
2025-08-11,41.789634704589844,0.23268013809280866,0.23261669216091369,102.37862174582108,100.22014977927572,XLU,公益事業,defensive,Leading,11.0,0.0,-5.0
2025-08-12,41.96961212158203,0.23075012569307365,0.23199450333830035,102.09835229488881,99.6855697231754,XLU,公益事業,defensive,Weakening,10.0,-1.0,-6.0
2025-08-13,42.062034606933594,0.22800285125823183,0.2306639526449442,101.6436321957496,99.18776832297566,XLU,公益事業,defensive,Weakening,9.0,-2.0,-5.0
2025-08-14,41.770172119140625,0.2279033375815014,0.2297437476237966,101.33317210233031,98.54217119215565,XLU,公益事業,defensive,Weakening,8.0,-3.0,-5.0
2025-08-15,41.6485595703125,0.22780222365643485,0.22909657296800934,101.11562601701074,98.3421183701867,XLU,公益事業,defensive,Weakening,8.0,-3.0,-4.0
2025-08-18,41.46857833862305,0.22686660541058645,0.2283532504488684,100.88336547323617,98.18226198470494,XLU,公益事業,defensive,Weakening,8.0,-3.0,-3.0
2025-08-19,41.8723258972168,0.22800792983708595,0.22823814357827427,100.83190694881384,98.48048765465072,XLU,公益事業,defensive,Weakening,8.0,-2.0,-1.0
2025-08-20,41.916099548339844,0.2284543149751608,0.2283102007105698,100.83603368367739,99.0145913011793,XLU,公益事業,defensive,Weakening,9.0,0.0,2.0
2025-08-21,41.62910842895508,0.2276835955211463,0.2281013323140953,100.76863919694225,99.30154900658832,XLU,公益事業,defensive,Weakening,9.0,1.0,4.0
2025-08-22,41.852867126464844,0.22453437598207765,0.22691234687008943,100.43784866912699,99.1966173119779,XLU,公益事業,defensive,Weakening,9.0,1.0,4.0
2025-08-25,41.38102340698242,0.22371488248757357,0.22584652540925082,100.15109038140987,99.15979669592043,XLU,公益事業,defensive,Weakening,8.0,0.0,3.0
2025-08-26,41.473445892333984,0.22405964941060771,0.2252509000763698,99.99493309065817,99.07021245552367,XLU,公益事業,defensive,Lagging,8.0,0.0,2.0
2025-08-27,41.48316955566406,0.22330520060982936,0.224602333587523,99.82422620097077,98.90888232591232,XLU,公益事業,defensive,Lagging,8.0,-1.0,-1.0
2025-08-28,41.166988372802734,0.22170886492039035,0.2236378440318121,99.57048950346062,98.74335241198712,XLU,公益事業,defensive,Lagging,4.0,-5.0,-6.0
2025-08-29,41.01619338989258,0.2210607123977485,0.22277880015379092,99.35339982357699,98.8946864820752,XLU,公益事業,defensive,Lagging,3.0,-6.0,-7.0
2025-09-02,40.87999725341797,0.22208096706889363,0.22254618912549184,99.31226408005456,99.17198917228698,XLU,公益事業,defensive,Lagging,4.0,-4.0,-4.0
2025-09-03,40.7778434753418,0.22186986455927593,0.2223207476034199,99.27411629006647,99.31099318697765,XLU,公益事業,defensive,Lagging,4.0,-4.0,-4.0
2025-09-04,40.72920227050781,0.21998043833749603,0.22154064451477862,99.08567905204578,99.30643011282062,XLU,公益事業,defensive,Lagging,4.0,-4.0,-3.0
2025-09-05,40.602725982666016,0.21904128473520434,0.22070752458825388,98.89010979127222,99.37644884596868,XLU,公益事業,defensive,Lagging,4.0,0.0,5.0
2025-09-08,40.18925857543945,0.21698347260288814,0.2194661739264653,98.5993747497643,99.30563448567452,XLU,公益事業,defensive,Lagging,2.0,-1.0,5.0
2025-09-09,40.466529846191406,0.21915553520472295,0.21936262768588452,98.6159701050478,99.36058470590925,XLU,公益事業,defensive,Lagging,3.0,-1.0,3.0
2025-09-10,41.16212844848633,0.22314858151487507,0.22062461229554806,98.97203889786547,99.75299337276036,XLU,公益事業,defensive,Lagging,4.0,0.0,4.0
2025-09-11,41.38102340698242,0.22102322150441692,0.2207574820318377,99.02492306231751,99.98985378394956,XLU,公益事業,defensive,Lagging,3.0,-1.0,3.0
2025-09-12,41.59019088745117,0.2237509772900932,0.22175531378458954,99.29702867964812,100.4637541952973,XLU,公益事業,defensive,Improving,4.0,0.0,0.0
2025-09-15,41.68748092651367,0.22466674533751851,0.22272579096889922,99.55833723738746,101.01554408147535,XLU,公益事業,defensive,Improving,5.0,3.0,4.0
2025-09-16,40.92863845825195,0.2211633551932465,0.22220497904368167,99.43278948895491,100.84581739078355,XLU,公益事業,defensive,Improving,5.0,2.0,3.0
2025-09-17,41.03078842163086,0.22150336885248467,0.22197110897994934,99.38215812960183,100.41584085712829,XLU,公益事業,defensive,Improving,5.0,1.0,1.0
2025-09-18,41.05997848510742,0.220222543778829,0.22138825391290923,99.24563614561036,100.21682787341396,XLU,公益事業,defensive,Improving,5.0,2.0,3.0
2025-09-19,41.32265090942383,0.22201789738297054,0.22159813506959633,99.31216966693425,100.00311342034593,XLU,公益事業,defensive,Improving,5.0,1.0,1.0
2025-09-22,41.72323226928711,0.2240630993114484,0.22241978981688038,99.53132671772912,99.95766045476894,XLU,公益事業,defensive,Lagging,5.0,0.0,-3.0
2025-09-23,41.93870162963867,0.22494569906030054,0.22326175956468713,99.75053068774835,100.30862482248746,XLU,公益事業,defensive,Improving,5.0,0.0,-2.0
2025-09-24,42.2374267578125,0.22707742548149334,0.22453364820362254,100.07186584699488,100.67756078066125,XLU,公益事業,defensive,Leading,6.0,1.0,0.0
2025-09-25,41.83096694946289,0.22675911475221083,0.22527547038648532,100.25351195752765,100.97800651271714,XLU,公益事業,defensive,Leading,6.0,1.0,-1.0
2025-09-26,42.51166534423828,0.2281882055774171,0.22624638211679593,100.48784261907454,101.11465599624395,XLU,公益事業,defensive,Leading,6.0,1.0,0.0
2025-09-29,42.634090423583984,0.22808332774159062,0.22685869732506084,100.62620765951904,101.00088022655875,XLU,公益事業,defensive,Leading,6.0,1.0,1.0
2025-09-30,42.70754623413086,0.22787410933811214,0.22719716799607795,100.69068781771837,100.81777026547832,XLU,公益事業,defensive,Leading,7.0,2.0,2.0
2025-10-01,43.11890411376953,0.22954864825500282,0.22798099474905292,100.86202219405806,100.64243633165337,XLU,公益事業,defensive,Leading,6.0,0.0,-1.0
2025-10-02,43.040550231933594,0.22859049964273434,0.22818416304694675,100.88508997241905,100.45999843765681,XLU,公益事業,defensive,Leading,7.0,1.0,0.0
2025-10-03,43.54005432128906,0.23043329704415036,0.22893387437934795,101.04396581330177,100.36532863335886,XLU,公益事業,defensive,Leading,9.0,3.0,2.0
2025-10-06,43.96120071411133,0.23273518984045063,0.23020097953304886,101.32764416883212,100.49552375985554,XLU,公益事業,defensive,Leading,9.0,3.0,2.0
2025-10-07,44.1619873046875,0.2348298931589708,0.23174395074168952,101.6648788745546,100.75471176822225,XLU,公益事業,defensive,Leading,9.0,2.0,0.0
2025-10-08,44.46561050415039,0.235676770259856,0.23305489058107837,101.91970032153131,100.82089666155822,XLU,公益事業,defensive,Leading,9.0,3.0,3.0
2025-10-09,44.35297393798828,0.23704094627298103,0.2343835758117126,102.14625977884978,101.00771195166314,XLU,公益事業,defensive,Leading,9.0,2.0,1.0
2025-10-10,44.17177963256836,0.24151783863173457,0.23676166341838661,102.55555599244686,101.23017358878806,XLU,公益事業,defensive,Leading,10.0,1.0,-2.0
2025-10-13,44.50967788696289,0.24102181253553995,0.2381817131241044,102.68205048186014,101.054610192702,XLU,公益事業,defensive,Leading,10.0,1.0,-2.0
2025-10-14,44.906341552734375,0.24116991479102576,0.23917778034641154,102.69251603682399,100.72242950783983,XLU,公益事業,defensive,Leading,11.0,2.0,0.0
2025-10-15,45.493995666503906,0.24383426926664348,0.2407299433198222,102.78875354221012,100.56021594830351,XLU,公益事業,defensive,Leading,11.0,2.0,-1.0
2025-10-16,44.999385833740234,0.243491243882128,0.24165037684059082,102.74309085173248,100.2925384947243,XLU,公益事業,defensive,Leading,11.0,2.0,0.0
2025-10-17,44.842681884765625,0.24141724287298685,0.24157266551805617,102.53812840229966,99.69556547276021,XLU,公益事業,defensive,Weakening,11.0,1.0,0.0
2025-10-20,44.82798767089844,0.23894879503103772,0.24069804202238337,102.24226894422455,99.29682708544615,XLU,公益事業,defensive,Weakening,11.0,1.0,0.0
2025-10-21,44.37255859375,0.23544248127228323,0.23894618843901666,101.85259697737361,98.93130820344693,XLU,公益事業,defensive,Weakening,10.0,-1.0,-3.0
2025-10-22,44.26972198486328,0.23603520701016129,0.2379758612960649,101.62283301803552,98.65630944761728,XLU,公益事業,defensive,Weakening,10.0,-1.0,-3.0
2025-10-23,44.235443115234375,0.2347395343029808,0.23689708563170356,101.39461525361513,98.53041853155071,XLU,公益事業,defensive,Weakening,9.0,-2.0,-4.0
2025-10-24,44.75453186035156,0.23684843792420063,0.23688086972920258,101.34433899356188,98.71050953250052,XLU,公益事業,defensive,Weakening,9.0,-2.0,-3.0
2025-10-27,44.87696075439453,0.23644554328007905,0.2367357609128281,101.27678799663926,98.94565546657957,XLU,公益事業,defensive,Weakening,9.0,-2.0,-3.0
2025-10-28,44.13749694824219,0.23456411998000615,0.23601188060188746,101.12437701245342,99.18831767792612,XLU,公益事業,defensive,Weakening,9.0,-1.0,0.0
2025-10-29,44.12281036376953,0.23713811237199003,0.23638729119192164,101.14808463556658,99.44564002718303,XLU,公益事業,defensive,Weakening,9.0,-1.0,0.0
2025-10-30,43.93671798706055,0.23715795832945544,0.23664418023776623,101.1564983551903,99.69247016013946,XLU,公益事業,defensive,Weakening,8.0,-1.0,1.0
2025-10-31,43.63310241699219,0.23500531230502097,0.23609789092685116,101.04996856407706,99.66677046864412,XLU,公益事業,defensive,Weakening,8.0,-1.0,1.0
2025-11-03,43.6575813293457,0.23571410093742948,0.23596996093037728,101.01229907890284,99.72834051538986,XLU,公益事業,defensive,Weakening,7.0,-2.0,0.0
2025-11-04,43.500877380371094,0.23643188958348157,0.23612393714807872,101.01725629032323,99.93663093393546,XLU,公益事業,defensive,Weakening,7.0,-2.0,-1.0
2025-11-05,43.51066970825195,0.23510899797682844,0.2357856240909953,100.95246440974967,99.86720749737819,XLU,公益事業,defensive,Weakening,7.0,-2.0,-1.0
2025-11-06,43.31968307495117,0.23573822549737133,0.23576982455978734,100.93732427924088,99.86035020900735,XLU,公益事業,defensive,Weakening,7.0,-1.0,0.0
2025-11-07,43.922027587890625,0.23702812059170855,0.23618925657042777,100.98562239631633,100.05406118698397,XLU,公益事業,defensive,Leading,7.0,-1.0,0.0
2025-11-10,43.9073371887207,0.2355922495815644,0.23599025424080666,100.94055759660604,100.043389490806,XLU,公益事業,defensive,Leading,6.0,-1.0,1.0
2025-11-11,43.931819915771484,0.23436937554428247,0.23544996134196527,100.84431661661559,99.91302129578277,XLU,公益事業,defensive,Weakening,6.0,-1.0,1.0
2025-11-12,44.0346565246582,0.23436214080332587,0.23508735449575216,100.7744824131549,99.88699925109832,XLU,公益事業,defensive,Weakening,7.0,0.0,2.0
2025-11-13,43.42741775512695,0.23377310812618984,0.23464927237256472,100.69454385018635,99.78235913210895,XLU,公益事業,defensive,Weakening,8.0,1.0,2.0
2025-11-14,43.46659851074219,0.2348458236034881,0.2347147894495392,100.68697565494578,99.68057146064272,XLU,公益事業,defensive,Weakening,8.0,1.0,2.0
2025-11-17,43.85836410522461,0.24011548977456826,0.23651502289121556,100.92410811423926,100.01760769585387,XLU,公益事業,defensive,Leading,9.0,3.0,4.0
2025-11-18,43.69186019897461,0.23906166250056354,0.23736390276099822,101.01801830375932,100.24824854461464,XLU,公益事業,defensive,Leading,9.0,3.0,4.0
2025-11-19,43.324581146240234,0.23777187122975346,0.23749989225058332,101.0084259706126,100.31215843752408,XLU,公益事業,defensive,Leading,9.0,2.0,2.0
2025-11-20,43.104209899902344,0.23948409413311433,0.23816129287809368,101.06929857860904,100.4788636485351,XLU,公益事業,defensive,Leading,9.0,1.0,0.0
2025-11-21,43.16787338256836,0.23521560011556872,0.23717939529058535,100.90223661502391,100.24840151605943,XLU,公益事業,defensive,Leading,9.0,1.0,0.0
2025-11-24,43.6575813293457,0.2369019487832204,0.23708691312146374,100.86173704982193,99.85788095164735,XLU,公益事業,defensive,Weakening,9.0,0.0,-3.0
2025-11-25,43.49108123779297,0.2326926640819469,0.2356221634416248,100.63283591528831,99.39809465303752,XLU,公益事業,defensive,Weakening,9.0,0.0,-3.0
2025-11-26,44.06894302368164,0.23415063849596943,0.23513165512640632,100.54143219061625,99.25461320128925,XLU,公益事業,defensive,Weakening,9.0,0.0,-2.0
2025-11-28,44.38235092163086,0.23454768169967297,0.2349369973174952,100.49128889800852,99.07397020923747,XLU,公益事業,defensive,Weakening,10.0,1.0,0.0
2025-12-01,43.344173431396484,0.23063870745062073,0.23350423402853707,100.26369128753937,98.97773960274925,XLU,公益事業,defensive,Weakening,9.0,0.0,-1.0
2025-12-02,43.03565216064453,0.22921394236981732,0.23207413680896383,100.03321681009857,98.7119765346526,XLU,公益事業,defensive,Weakening,8.0,-1.0,-1.0
2025-12-03,42.89853286743164,0.22675349748573978,0.23030059036788916,99.74533932308533,98.63703319311612,XLU,公益事業,defensive,Lagging,7.0,-2.0,-2.0
2025-12-04,42.81038284301758,0.22621666935567036,0.22893928336381625,99.50944149172612,98.45580238092634,XLU,公益事業,defensive,Lagging,7.0,-2.0,-2.0
2025-12-05,42.4088249206543,0.2235695590692643,0.22714937526563228,99.19313114358096,98.12848244355088,XLU,公益事業,defensive,Lagging,3.0,-7.0,-8.0
2025-12-08,41.840763092041016,0.22190398929711236,0.22540091327612566,98.87324909435779,98.06105681238373,XLU,公益事業,defensive,Lagging,2.0,-7.0,-7.0
2025-12-09,41.870147705078125,0.2224794751888135,0.22442710058035495,98.68412889680958,98.18685758671954,XLU,公益事業,defensive,Lagging,2.0,-6.0,-5.0
2025-12-10,41.850555419921875,0.21929019905490038,0.2227148000718701,98.38137207529655,98.2406843070517,XLU,公益事業,defensive,Lagging,2.0,-5.0,-3.0
2025-12-11,42.154178619384766,0.21911163547639687,0.22151374520671235,98.18399746718329,98.35916606749447,XLU,公益事業,defensive,Lagging,2.0,-5.0,-3.0
2025-12-12,41.94850158691406,0.21953065901512547,0.2208527164761834,98.09577713788426,98.6889420510164,XLU,公益事業,defensive,Lagging,2.0,-1.0,6.0
2025-12-15,42.33047103881836,0.22125510564364587,0.22098684619867093,98.13184299028683,99.16282526777071,XLU,公益事業,defensive,Lagging,2.0,0.0,7.0
2025-12-16,42.154178619384766,0.22189200414384455,0.2212885655137288,98.18886490823354,99.49026118861445,XLU,公益事業,defensive,Lagging,2.0,0.0,6.0
2025-12-17,41.87993621826172,0.22104619410489468,0.22120777504411743,98.17769172860974,99.86597568351368,XLU,公益事業,defensive,Lagging,2.0,0.0,5.0
2025-12-18,42.29129409790039,0.2227411533073651,0.22171890113186665,98.25991401230826,100.21737787013987,XLU,公益事業,defensive,Improving,2.0,0.0,5.0
2025-12-19,41.75261688232422,0.21910594062030142,0.22084791429467826,98.1351089960518,100.16988484271037,XLU,公益事業,defensive,Improving,2.0,0.0,1.0
2025-12-22,41.907535552978516,0.21830083960447477,0.21999888939794376,98.03461590358286,100.00602381191783,XLU,公益事業,defensive,Improving,2.0,0.0,0.0
2025-12-23,42.055545806884766,0.21958238868062732,0.21986005582550497,98.06149727780618,99.9841953364311,XLU,公益事業,defensive,Lagging,2.0,0.0,0.0
2025-12-24,42.24303436279297,0.21976461770281777,0.21982824311794258,98.10902204404722,100.08214278446262,XLU,公益事業,defensive,Improving,2.0,0.0,0.0
2025-12-26,42.21342849731445,0.21955393596070646,0.21973680739886386,98.15205623108542,100.05916689800861,XLU,公益事業,defensive,Improving,2.0,0.0,0.0
2025-12-29,42.2923698425293,0.22032823163968995,0.21993394881247258,98.23603811455037,100.36520464554893,XLU,公益事業,defensive,Improving,2.0,0.0,0.0
2025-12-30,42.39104461669922,0.22119663600537343,0.22035484454343954,98.34570073659319,100.67406710578388,XLU,公益事業,defensive,Improving,1.0,-1.0,-1.0
2025-12-31,42.1246223449707,0.22169976100060929,0.22080315002916281,98.45417369777398,100.80275166727297,XLU,公益事業,defensive,Improving,1.0,-1.0,-1.0
2026-01-02,42.608131408691406,0.22273286388492922,0.22144638798108496,98.58172487810236,100.92093727466923,XLU,公益事業,defensive,Improving,2.0,0.0,0.0
2026-01-05,42.134490966796875,0.2182314700204644,0.22037474866087814,98.47875350879578,100.72550926412552,XLU,公益事業,defensive,Improving,3.0,1.0,1.0
2026-01-06,42.341705322265625,0.21668863560404686,0.21914604430860105,98.37032850659628,100.4735657409277,XLU,公益事業,defensive,Improving,3.0,1.0,1.0
2026-01-07,41.31547927856445,0.21383567470646522,0.21737592110788911,98.21181354450928,100.12097965006114,XLU,公益事業,defensive,Improving,2.0,1.0,2.0
2026-01-08,41.433895111083984,0.2126256317312431,0.2157924913156738,98.0983821297976,99.8266132359288,XLU,公益事業,defensive,Lagging,2.0,1.0,2.0
2026-01-09,41.94700241088867,0.21401686793492516,0.21520061685542427,98.11586892679867,99.69039908788737,XLU,公益事業,defensive,Lagging,2.0,0.0,0.0
2026-01-12,42.016082763671875,0.214174221244329,0.21485848498505922,98.160403310687,99.96300899788454,XLU,公益事業,defensive,Lagging,3.0,0.0,-1.0
2026-01-13,42.28250503540039,0.21553229126933707,0.21508308707981852,98.26247507316143,100.37602698386728,XLU,公益事業,defensive,Improving,2.0,-1.0,-2.0
2026-01-14,42.598262786865234,0.2161582218674972,0.2154414653423781,98.36917903774021,100.90999499617934,XLU,公益事業,defensive,Improving,2.0,0.0,-1.0
2026-01-15,43.03243637084961,0.217398447454448,0.21609379271306808,98.49756382371538,101.40855976532504,XLU,公益事業,defensive,Improving,4.0,2.0,1.0
2026-01-16,42.81535339355469,0.21685594519175458,0.21634784353929692,98.5722767416643,101.53272572835475,XLU,公益事業,defensive,Improving,4.0,2.0,2.0
2026-01-20,42.39104461669922,0.21795902372127124,0.21688490359995505,98.67461156264642,101.5980721693948,XLU,公益事業,defensive,Improving,5.0,2.0,2.0
2026-01-21,42.450252532958984,0.21462935963756133,0.2161330556124905,98.62904068913579,101.27886636618256,XLU,公益事業,defensive,Improving,5.0,3.0,4.0
2026-01-22,42.14435577392578,0.21280526437079705,0.21502379186525938,98.54814705785125,100.90106351956138,XLU,公益事業,defensive,Improving,5.0,3.0,3.0
2026-01-23,41.99634552001953,0.21300738742045036,0.21435165705032305,98.52158691074854,100.58856211753138,XLU,公益事業,defensive,Improving,4.0,0.0,-2.0
2026-01-26,42.30223846435547,0.2140527420146373,0.21425201870509447,98.56102268554724,100.4972969006421,XLU,公益事業,defensive,Improving,4.0,0.0,-2.0
2026-01-27,42.85482406616211,0.21718681839943474,0.2152302852698746,98.71675609715085,100.57772184735364,XLU,公益事業,defensive,Improving,3.0,-2.0,-4.0
2026-01-28,42.75614929199219,0.2174190048220551,0.21595985845393478,98.83820573965492,100.88513189266673,XLU,公益事業,defensive,Improving,5.0,0.0,-3.0
2026-01-29,42.75614929199219,0.21713424061556164,0.21635131917447709,98.91802172730354,101.17250408953385,XLU,公益事業,defensive,Improving,5.0,0.0,-3.0
2026-01-30,42.677207946777344,0.2172147749570796,0.21663913776867794,98.98339420885449,101.31263658581621,XLU,公益事業,defensive,Improving,5.0,1.0,1.0
2026-02-02,42.055545806884766,0.21295409895065634,0.2154107914960041,98.87560363211973,100.99270968420011,XLU,公益事業,defensive,Improving,5.0,1.0,1.0
2026-02-03,42.66733932495117,0.21662865153824146,0.21581674484341656,98.95553009512459,100.82132841324994,XLU,公益事業,defensive,Improving,6.0,3.0,5.0
2026-02-04,42.50946044921875,0.21396297539636988,0.21519882169440102,98.9166474657033,100.49340785953262,XLU,公益事業,defensive,Improving,7.0,2.0,2.0
2026-02-05,42.52919387817383,0.2159381731378677,0.2154452721755566,98.97696026544641,100.44912341315302,XLU,公益事業,defensive,Improving,7.0,2.0,2.0
2026-02-06,42.775882720947266,0.21321756592656796,0.2147027034258937,98.92163538451005,100.20753672598073,XLU,公益事業,defensive,Improving,6.0,1.0,0.0
2026-02-09,42.90415954589844,0.21373015335497111,0.21437852006891953,98.9153957760869,100.39859437424597,XLU,公益事業,defensive,Improving,6.0,1.0,0.0
2026-02-10,43.614627838134766,0.21649916292311808,0.21508540102031906,99.02912223841655,100.45999973554476,XLU,公益事業,defensive,Improving,6.0,0.0,-3.0
2026-02-11,43.99946212768555,0.21802299096174452,0.2160645976674609,99.1744417914745,100.8067496225374,XLU,公益事業,defensive,Improving,6.0,-1.0,-3.0
2026-02-12,44.650718688964844,0.2241921345991202,0.21877377664468067,99.53324690013636,101.3459738401986,XLU,公益事業,defensive,Improving,6.0,-1.0,-3.0
2026-02-13,45.8841667175293,0.2280231929551071,0.22185691541482283,99.94684297530672,102.12683166568324,XLU,公益事業,defensive,Improving,6.0,0.0,-1.0
2026-02-17,45.76575469970703,0.22782780306282205,0.22384721129748925,100.2295910976185,102.48097480675031,XLU,公益事業,defensive,Leading,6.0,0.0,-1.0
2026-02-18,45.005950927734375,0.22288977675051763,0.22352806644849874,100.21582942936477,102.13385871653733,XLU,公益事業,defensive,Leading,6.0,0.0,0.0
2026-02-19,45.49932861328125,0.22581019894601248,0.22428877728100333,100.35507902365448,102.02050977262441,XLU,公益事業,defensive,Leading,6.0,0.0,1.0
2026-02-20,45.71641540527344,0.22583147883550903,0.22480301113250525,100.47168984149485,101.57446679501544,XLU,公益事業,defensive,Leading,6.0,0.0,1.0
2026-02-23,46.0617790222168,0.2300625474659969,0.22655618991033583,100.78003638425064,101.37151152539677,XLU,公益事業,defensive,Leading,6.0,0.0,0.0
2026-02-24,46.574893951416016,0.23078458671939958,0.2279656555133571,101.06304309221163,101.34476089901942,XLU,公益事業,defensive,Leading,6.0,0.0,0.0
2026-02-25,46.73277282714844,0.23143042772946507,0.22912057958539309,101.31604233115203,101.69922171784113,XLU,公益事業,defensive,Leading,7.0,1.0,1.0
2026-02-26,46.55515670776367,0.22925580648140237,0.22916565521739618,101.40320184918468,101.56092016444217,XLU,公益事業,defensive,Leading,7.0,1.0,1.0
2026-02-27,47.09787368774414,0.2316567771553527,0.22999602919671505,101.61157340002839,101.62970780884949,XLU,公益事業,defensive,Leading,8.0,2.0,2.0
2026-03-02,46.74264144897461,0.2303365533661164,0.23010953725318217,101.6967832024901,101.25957228091272,XLU,公益事業,defensive,Leading,9.0,3.0,3.0
2026-03-03,46.44661331176758,0.23172064415962473,0.23064657288866305,101.85861897128464,101.0496592287037,XLU,公益事業,defensive,Leading,10.0,4.0,4.0
2026-03-04,46.64396667480469,0.2317762010742568,0.2310231156171943,101.96847827708505,100.8153386703476,XLU,公益事業,defensive,Leading,11.0,4.0,3.0
2026-03-05,46.27886962890625,0.23265680311645903,0.23156767811694923,102.08032448597965,100.82407397839188,XLU,公益事業,defensive,Leading,11.0,4.0,3.0
2026-03-06,46.12098693847656,0.23465972191761095,0.23259835938383647,102.23759623804348,100.72378046040697,XLU,公益事業,defensive,Leading,11.0,3.0,1.0
2026-03-09,46.229530334472656,0.23454907131001337,0.2332485966925621,102.28939029361412,100.64991351317013,XLU,公益事業,defensive,Leading,11.0,2.0,-1.0
2026-03-10,45.9433708190918,0.23485830358679904,0.23378516565730775,102.2902471815778,100.37879274191398,XLU,公益事業,defensive,Leading,11.0,1.0,-3.0
2026-03-11,45.55853271484375,0.23366112827123536,0.2337438198619503,102.18116128488462,99.99136743166041,XLU,公益事業,defensive,Weakening,11.0,0.0,-4.0
2026-03-12,45.8841667175293,0.2390278864897146,0.2355051754045384,102.3458810601385,100.03918259533108,XLU,公益事業,defensive,Leading,11.0,0.0,-4.0
2026-03-13,46.338069915771484,0.24140489265918288,0.23747174782275324,102.49318797324723,99.97409246958686,XLU,公益事業,defensive,Weakening,11.0,0.0,-3.0
2026-03-16,46.63409423828125,0.24115263595240122,0.23869871053263592,102.50210667352975,99.83267332372213,XLU,公益事業,defensive,Weakening,11.0,0.0,-2.0
2026-03-17,46.505821228027344,0.23915224691126305,0.23884988932551163,102.3660089184253,99.47500786058376,XLU,公益事業,defensive,Weakening,11.0,0.0,-1.0
2026-03-18,46.11111831665039,0.2402846524861899,0.2393281437124044,102.28768814584802,99.49110824881484,XLU,公益事業,defensive,Weakening,11.0,0.0,0.0
2026-03-19,45.92363739013672,0.23949335957614476,0.23938321566698453,102.16820471791067,98.79716609772255,XLU,公益事業,defensive,Weakening,11.0,0.0,0.0
2026-03-20,44.05866622924805,0.23319325644186525,0.2373198959252781,101.8186723721719,97.71267020469487,XLU,公益事業,defensive,Weakening,10.0,-1.0,-1.0
2026-03-23,44.495872497558594,0.23302309205489377,0.23588762796848334,101.57812981481317,97.33899978878557,XLU,公益事業,defensive,Weakening,10.0,-1.0,-1.0
2026-03-24,44.80390548706055,0.23435505899604012,0.2353767716443356,101.46174627130377,97.53890466052374,XLU,公益事業,defensive,Weakening,10.0,-1.0,-1.0
2026-03-25,44.962890625,0.234052483506568,0.23493534226507973,101.36055282808613,97.62398479629084,XLU,公益事業,defensive,Weakening,10.0,-1.0,-1.0
2026-03-26,45.04238510131836,0.2366381777138918,0.2355029540813504,101.37866973773691,97.97620706659752,XLU,公益事業,defensive,Weakening,10.0,-1.0,-1.0
2026-03-27,45.30073165893555,0.24130409833420668,0.23743666883230252,101.54418249621041,98.97288219030219,XLU,公益事業,defensive,Weakening,10.0,0.0,1.0
2026-03-30,45.62863540649414,0.24355475289683248,0.23947603018714586,101.7042451359066,99.72692191787813,XLU,公益事業,defensive,Weakening,10.0,0.0,1.0
2026-03-31,45.59882736206055,0.23851304390578576,0.23915503476002586,101.60226407145656,99.75313169234467,XLU,公益事業,defensive,Weakening,10.0,0.0,1.0
2026-04-01,45.81743240356445,0.23888478817300857,0.23906495256435345,101.53205999659342,99.8165842402368,XLU,公益事業,defensive,Weakening,10.0,0.0,1.0
2026-04-02,46.04597473144531,0.23939252995927898,0.23917414502932863,101.48707213755439,99.70478833400777,XLU,公益事業,defensive,Weakening,10.0,0.0,1.0
2026-04-06,45.877052307128906,0.23749341710985075,0.2386139023895027,101.3781853454875,99.20348888936816,XLU,公益事業,defensive,Weakening,10.0,0.0,0.0
2026-04-07,45.976417541503906,0.23853674277158446,0.2385881825168633,101.32866145355112,98.83903743793961,XLU,公益事業,defensive,Weakening,10.0,0.0,0.0
2026-04-08,46.48318099975586,0.23572034557007462,0.23763223686793378,101.1896301098668,98.79970858560125,XLU,公益事業,defensive,Weakening,10.0,0.0,0.0
2026-04-09,46.85083770751953,0.23744083247372594,0.23756843540319783,101.14519099913912,98.86291684507967,XLU,公益事業,defensive,Weakening,11.0,1.0,1.0
2026-04-10,46.66204071044922,0.2382036908583818,0.2377801872215925,101.13023053279028,98.91841687206761,XLU,公益事業,defensive,Weakening,9.0,-1.0,-1.0
2026-04-13,46.09565734863281,0.23273236661874003,0.23609758035397502,100.9279818705573,98.74486907606645,XLU,公益事業,defensive,Weakening,8.0,-2.0,-2.0
2026-04-14,46.17515182495117,0.2321645743376124,0.23478657834852085,100.76680588630717,98.55861047596412,XLU,公益事業,defensive,Weakening,7.0,-3.0,-3.0
2026-04-15,45.728004455566406,0.2298357743165738,0.23313631033787183,100.57195619290744,98.49526886989428,XLU,公益事業,defensive,Weakening,7.0,-3.0,-3.0
2026-04-16,46.055908203125,0.23043397003118546,0.23223553023564306,100.45489167375894,98.4217259631919,XLU,公益事業,defensive,Weakening,7.0,-4.0,-5.0
2026-04-17,45.86711502075195,0.2266427913472205,0.2303712839395022,100.2358093681707,98.15000863379335,XLU,公益事業,defensive,Weakening,6.0,-3.0,-2.0
2026-04-20,45.459716796875,0.22392429268099096,0.22822228685333182,99.98416894700479,98.15378889346513,XLU,公益事業,defensive,Lagging,5.0,-3.0,-1.0
2026-04-21,44.664794921875,0.22136643074883988,0.22593700148516785,99.7158749153667,98.07217698495316,XLU,公益事業,defensive,Lagging,3.0,-4.0,-1.0
2026-04-22,44.58530044555664,0.22107068038683744,0.22431489445239106,99.51595674791115,98.15239210361516,XLU,公益事業,defensive,Lagging,3.0,-4.0,-1.0
2026-04-23,45.79756164550781,0.227092746700394,0.22524084520172538,99.59415697483902,98.51437662546991,XLU,公益事業,defensive,Lagging,3.0,-4.0,0.0
2026-04-24,45.88698959350586,0.22800921195961016,0.22616363412102033,99.67081656173313,98.99582029548873,XLU,公益事業,defensive,Lagging,5.0,-1.0,2.0
2026-04-27,45.89692306518555,0.22832981401816724,0.22688569408673598,99.72498955036863,99.47335652483895,XLU,公益事業,defensive,Lagging,5.0,0.0,3.0
2026-04-28,45.956546783447266,0.2297994071377707,0.22785693177041424,99.81267968289181,100.01843565481143,XLU,公益事業,defensive,Improving,6.0,3.0,7.0
2026-04-29,45.39016342163086,0.2273636457370679,0.22769250309263214,99.76474527204606,100.25070737316489,XLU,公益事業,defensive,Improving,6.0,3.0,7.0
2026-04-30,46.552738189697266,0.22971404561135964,0.22836635059887467,99.82103480671826,100.22082253142688,XLU,公益事業,defensive,Improving,6.0,3.0,7.0
2026-05-01,46.254642486572266,0.22894081845770925,0.22855783988515288,99.81712037562691,100.10500268602357,XLU,公益事業,defensive,Improving,6.0,1.0,2.0
2026-05-04,46.075782775878906,0.22939012051247906,0.2288352667609283,99.8201687726877,100.03164090293446,XLU,公益事業,defensive,Improving,7.0,2.0,2.0
2026-05-05,46.075782775878906,0.2275842558933603,0.22841826313840563,99.72881828369694,99.76340034371093,XLU,公益事業,defensive,Lagging,7.0,1.0,-2.0
2026-05-06,45.41997146606445,0.22258175606871564,0.2264727607818423,99.41363969854585,99.36385445672386,XLU,公益事業,defensive,Lagging,5.0,-1.0,-4.0
2026-05-07,44.83371353149414,0.22112286472277895,0.22468946209548787,99.10649108645315,98.83714741597421,XLU,公益事業,defensive,Lagging,4.0,-2.0,-5.0
2026-05-08,44.43625259399414,0.21856120953782474,0.2226467112429335,98.73996321741444,98.34825423852246,XLU,公益事業,defensive,Lagging,2.0,-4.0,-5.0
2026-05-11,44.85358810424805,0.2207328501706263,0.22200875755216445,98.56887374491377,98.17212625209294,XLU,公益事業,defensive,Lagging,2.0,-5.0,-7.0
2026-05-12,44.90327072143555,0.22117252644666666,0.22173001385033186,98.4528233886308,98.21573170480757,XLU,公益事業,defensive,Lagging,2.0,-5.0,-6.0
2026-05-13,44.38656997680664,0.21958639223610074,0.22101547331225485,98.27276833748411,98.46573269816076,XLU,公益事業,defensive,Lagging,1.0,-4.0,-3.0
2026-05-14,44.6151123046875,0.21991503787238623,0.22064866149896534,98.18665156777917,98.81085345264874,XLU,公益事業,defensive,Lagging,1.0,-3.0,-1.0
2026-05-15,43.591644287109375,0.21710888099807302,0.2194687346653346,98.01332072049357,99.10372873580219,XLU,公益事業,defensive,Lagging,1.0,-1.0,3.0
2026-05-18,43.66120147705078,0.2161257054402732,0.21835439159031414,97.89167069344869,99.19528264120605,XLU,公益事業,defensive,Lagging,1.0,-1.0,4.0
2026-05-19,44.05866241455078,0.21936957056365056,0.2186927845814263,98.00283584165133,99.54393106635737,XLU,公益事業,defensive,Lagging,2.0,0.0,5.0
2026-05-20,44.22758483886719,0.21782303294686295,0.2184028673699052,98.01800114792951,99.85887904302461,XLU,公益事業,defensive,Lagging,2.0,1.0,5.0
2026-05-21,44.7144775390625,0.21927431205902911,0.2186933489329465,98.12163042303554,100.17367929605795,XLU,公益事業,defensive,Improving,3.0,2.0,5.0
2026-05-22,45.062252044677734,0.21897941510275915,0.21878870432288405,98.19900186457943,100.58752582306764,XLU,公益事業,defensive,Improving,3.0,2.0,3.0
2026-05-26,45.04238510131836,0.2177654798479543,0.2184476294979075,98.21607397220221,100.83172180593688,XLU,公益事業,defensive,Improving,4.0,3.0,4.0
2026-05-27,44.85358810424805,0.21700946786729217,0.2179682422877024,98.21886009725335,100.70328491950303,XLU,公益事業,defensive,Improving,5.0,3.0,3.0
2026-05-28,44.346824645996094,0.21377464183921688,0.21657037547154057,98.10403623288667,100.53174864083142,XLU,公益事業,defensive,Improving,5.0,3.0,2.0
2026-05-29,44.138153076171875,0.2121778012826884,0.2151061840752565,98.00100627916963,100.22272204176707,XLU,公益事業,defensive,Improving,5.0,2.0,0.0
2026-06-01,42.82653045654297,0.20549871784762117,0.21190369533271142,97.71170684605451,99.59181560023666,XLU,公益事業,defensive,Lagging,5.0,2.0,0.0
2026-06-02,43.621456146240234,0.20848597553820622,0.2107644554012097,97.71000804370998,99.58237451878657,XLU,公益事業,defensive,Lagging,5.0,1.0,-2.0
2026-06-03,43.43265914916992,0.20836733037082672,0.20996541372441538,97.75103822310909,99.68132212576478,XLU,公益事業,defensive,Lagging,6.0,1.0,-2.0
2026-06-04,43.66120147705078,0.20789400283398643,0.20927494342760572,97.8018827240209,100.03879228337432,XLU,公益事業,defensive,Improving,5.0,0.0,-3.0
2026-06-05,44.068599700927734,0.21286275772597507,0.21047088152706217,98.03937460143061,100.76865364438295,XLU,公益事業,defensive,Improving,4.0,-1.0,-3.0
2026-06-08,43.243865966796875,0.20910043569015951,0.21001406624809463,98.08497633591504,101.49238918331699,XLU,公益事業,defensive,Improving,4.0,-1.0,-3.0
2026-06-09,43.70094680786133,0.20971456850822245,0.20991423366813725,98.16177047205625,101.65546647598589,XLU,公益事業,defensive,Improving,4.0,-1.0,-2.0
2026-06-10,43.720821380615234,0.2125121996823688,0.2107802223395478,98.32439465758208,101.86509227177687,XLU,公益事業,defensive,Improving,5.0,-1.0,-2.0
2026-06-11,43.770503997802734,0.20948757571763096,0.2103493401322422,98.34905435081424,101.7765468490976,XLU,公益事業,defensive,Improving,5.0,0.0,0.0
2026-06-12,44.24745559692383,0.20986920778280205,0.2101892960157622,98.39567208992338,101.37800397316914,XLU,公益事業,defensive,Improving,4.0,0.0,1.0
2026-06-15,44.45612716674805,0.20964062050952828,0.2100064041803509,98.43507212342011,101.35353842495692,XLU,公益事業,defensive,Improving,3.0,-1.0,0.0
2026-06-16,44.77409744262695,0.21184663272960402,0.21061981369676863,98.5456809342839,101.39655904019276,XLU,公益事業,defensive,Improving,4.0,0.0,1.0
2026-06-17,44.17790222167969,0.21220629851658626,0.21114864197004118,98.64136358473847,101.24725626346402,XLU,公益事業,defensive,Improving,4.0,-1.0,0.0
2026-06-18,44.47599792480469,0.2126511880369348,0.21164949065900573,98.7296724093764,101.33674766162511,XLU,公益事業,defensive,Improving,6.0,1.0,1.0
2026-06-22,44.720001220703125,0.21334860498299446,0.21221586210033533,98.82287841998024,101.37781148232962,XLU,公益事業,defensive,Improving,6.0,2.0,2.0
2026-06-23,45.06999969482422,0.2157594898104905,0.21339707133705374,98.97260028449281,101.53546442340578,XLU,公益事業,defensive,Improving,6.0,3.0,4.0
2026-06-24,45.540000915527344,0.21646544281094768,0.21441986182835174,99.10324495126933,101.51923491670964,XLU,公益事業,defensive,Improving,7.0,3.0,3.0
2026-06-25,45.849998474121094,0.216528918413795,0.21512288069016616,99.20020883680387,101.47119160398371,XLU,公益事業,defensive,Improving,7.0,3.0,4.0
2026-06-26,46.20000076293945,0.21967572297683008,0.21664049478572084,99.37648885053532,101.57766556535327,XLU,公益事業,defensive,Improving,6.0,0.0,-1.0
2026-06-29,46.02000045776367,0.2160056315351645,0.21642887370220207,99.3794762712252,101.36233129852656,XLU,公益事業,defensive,Improving,7.0,1.0,-1.0
2026-06-30,45.34000015258789,0.21309394765311052,0.21531723168583825,99.28941979776778,100.908975070559,XLU,公益事業,defensive,Improving,7.0,1.0,-2.0
2026-07-01,44.77000045776367,0.20978398242590218,0.2134728152658596,99.12039646982305,100.36071493956744,XLU,公益事業,defensive,Improving,7.0,0.0,-3.0
2026-07-02,45.7599983215332,0.21292632982073284,0.21329065345081735,99.12479021044506,100.19760001501531,XLU,公益事業,defensive,Improving,7.0,0.0,-3.0
2026-07-06,45.29999923706055,0.21069767087004906,0.2124263259238946,99.05281839693218,99.74991737215677,XLU,公益事業,defensive,Lagging,7.0,1.0,1.0
2026-07-07,45.70000076293945,0.21282541644030983,0.21255935609603305,99.09001309100253,99.8170946630003,XLU,公益事業,defensive,Lagging,7.0,0.0,-1.0
2026-07-08,45.36000061035156,0.2137606091550291,0.21295977378236508,99.15709761553471,100.10161336428725,XLU,公益事業,defensive,Improving,7.0,0.0,-1.0
2026-07-09,45.130001068115234,0.21138173802395893,0.21243376186289636,99.11486741656526,100.32528528901389,XLU,公益事業,defensive,Improving,7.0,0.0,0.0
2026-07-10,45.40999984741211,0.21189920298995363,0.21225557557191546,99.11162647583178,100.30021445507872,XLU,公益事業,defensive,Improving,7.0,0.0,0.0
2026-07-13,45.720001220703125,0.21341549798120013,0.21264221637501035,99.17753202753494,100.54154761383963,XLU,公益事業,defensive,Improving,7.0,0.0,-1.0
2026-07-14,45.689998626708984,0.2140548104003393,0.21311308105012003,99.25915777715477,100.60533239440716,XLU,公益事業,defensive,Improving,7.0,0.0,0.0
2026-07-15,45.220001220703125,0.2123303796849827,0.21285218059507427,99.24209475835568,100.43152523859354,XLU,公益事業,defensive,Improving,7.0,0.0,0.0
2026-07-16,45.470001220703125,0.21142937662460767,0.21237791260491876,99.1936380864778,100.40137201896395,XLU,公益事業,defensive,Improving,6.0,-1.0,-1.0
2026-07-17,45.16999816894531,0.2116979856710263,0.2121512702936213,99.17978049795674,100.36181832716845,XLU,公益事業,defensive,Improving,5.0,-2.0,-2.0
2026-07-20,44.939998626708984,0.2115619951703727,0.21195484525253844,99.17161594419233,100.1990298545892,XLU,公益事業,defensive,Improving,4.0,-3.0,-3.0
2026-07-21,44.91999816894531,0.21112990848240523,0.2116798663291607,99.15278285471149,99.98047300141393,XLU,公益事業,defensive,Lagging,4.0,-3.0,-3.0
2026-07-22,45.93000030517578,0.21593794529462196,0.21309922598431447,99.40732982329178,100.48806446723601,XLU,公益事業,defensive,Improving,6.0,-1.0,-1.0
2026-07-23,46.189998626708984,0.21795960280202406,0.21471935159021768,99.69559634489843,101.14137980460305,XLU,公益事業,defensive,Improving,6.0,0.0,1.0
2026-07-24,46.290000915527344,0.21674392156223932,0.21539420824755826,99.83132344305736,101.40934270183023,XLU,公益事業,defensive,Improving,6.0,1.0,3.0
2026-07-27,45.68000030517578,0.21228739594764898,0.2143586041475885,99.68035559302099,101.07867273143727,XLU,公益事業,defensive,Improving,6.0,2.0,5.0
2026-07-28,45.52000045776367,0.20910468991342815,0.2126072994028684,99.40040204493235,100.52036841264484,XLU,公益事業,defensive,Improving,6.0,2.0,5.0
2026-07-29,44.90999984741211,0.20817689119195174,0.21113049666589617,99.1579469363328,99.50182544424821,XLU,公益事業,defensive,Lagging,6.0,0.0,1.0
2026-07-30,44.65999984741211,0.20735443790017302,0.20987181041065514,98.94495439272065,98.52056812533519,XLU,公益事業,defensive,Lagging,5.0,-1.0,-1.0
2026-07-31,44.349998474121094,0.2062694740114095,0.2086710316109066,98.72794429778995,97.91825459722169,XLU,公益事業,defensive,Lagging,4.0,-2.0,-3.0
2026-08-03,44.36000061035156,0.20432039282227576,0.207220818681363,98.44577239555501,97.79405412584113,XLU,公益事業,defensive,Lagging,2.0,-4.0,-6.0
2026-08-04,44.11000061035156,0.20029061193336684,0.2049107497653643,97.97128064061118,97.59315963073541,XLU,公益事業,defensive,Lagging,1.0,-5.0,-7.0
2026-08-05,43.65999984741211,0.19869840575407677,0.20283996842826846,97.54770166038014,97.45724069648547,XLU,公益事業,defensive,Lagging,1.0,-5.0,-5.0
2026-08-06,43.380001068115234,0.19846280860425922,0.2013809151535987,97.3071280759559,97.56877735637275,XLU,公益事業,defensive,Lagging,1.0,-4.0,-3.0
2026-08-07,43.61000061035156,0.1981462189830737,0.20030268309675706,97.20250433842766,97.84274160790763,XLU,公益事業,defensive,Lagging,1.0,-3.0,-1.0
2026-08-10,43.130001068115234,0.19584960870511764,0.1988183249662106,97.08064149901521,98.12399322141977,XLU,公益事業,defensive,Lagging,1.0,-1.0,3.0
2026-08-11,43.630001068115234,0.19769813124950736,0.19844492706064287,97.19048003655952,99.0016470317325,XLU,公益事業,defensive,Lagging,1.0,0.0,5.0
2026-08-12,43.84000015258789,0.19829925723489736,0.19839637045206104,97.34225545965951,99.87726645506093,XLU,公益事業,defensive,Lagging,2.0,1.0,6.0
2026-08-13,44.040000915527344,0.19772819898672542,0.1981736466302825,97.44983183963122,100.41562735304456,XLU,公益事業,defensive,Improving,1.0,0.0,4.0
2026-08-14,44.310001373291016,0.19890470226457083,0.19841733184171195,97.62211242510025,100.84511544866754,XLU,公益事業,defensive,Improving,1.0,0.0,3.0
2026-08-17,44.18000030517578,0.20009964966084628,0.19897810444809008,97.8321407367823,101.35086234626549,XLU,公益事業,defensive,Improving,2.0,1.0,2.0
2026-08-18,44.02000045776367,0.200282095647805,0.19941276818132841,98.00344199937868,101.40237565382967,XLU,公益事業,defensive,Improving,2.0,1.0,1.0
2026-08-19,44.02000045776367,0.19822578018604356,0.19901710551623347,98.02217320588043,101.14612451510116,XLU,公益事業,defensive,Improving,2.0,0.0,-1.0
2026-08-20,43.77000045776367,0.19870165562156983,0.1989119555513456,98.08654531959354,101.0443573727037,XLU,公益事業,defensive,Improving,1.0,0.0,0.0
2026-08-21,42.77000045776367,0.19294447065933842,0.19692279392067655,97.8523727843111,100.37862969106172,XLU,公益事業,defensive,Improving,2.0,1.0,1.0
2026-08-24,43.220001220703125,0.19474610303729187,0.19619723029288166,97.83679212361488,100.01861203538712,XLU,公益事業,defensive,Improving,2.0,0.0,-1.0
2026-08-25,43.310001373291016,0.19529242250490042,0.19589562769688793,97.88805521647971,99.83537319044297,XLU,公益事業,defensive,Lagging,2.0,0.0,-1.0
2026-08-26,43.5099983215332,0.1958939183376212,0.19589505791046571,97.97996952118697,99.96061154030953,XLU,公益事業,defensive,Lagging,2.0,0.0,0.0
2026-08-27,43.18000030517578,0.1949875859120825,0.195592567244338,98.02519117013148,99.93331525948167,XLU,公益事業,defensive,Lagging,2.0,1.0,1.0
2026-08-28,42.72999954223633,0.19362000575255442,0.19493504674707682,98.02152326202516,100.29986159756503,XLU,公益事業,defensive,Improving,2.0,0.0,-1.0
2026-08-31,42.22999954223633,0.19248826135977865,0.19411945161797745,98.00391366606827,100.28088685314863,XLU,公益事業,defensive,Improving,2.0,0.0,0.0
2026-09-01,42.560001373291016,0.1955972337404728,0.19461204565880924,98.1634350498392,100.43876276805148,XLU,公益事業,defensive,Improving,2.0,0.0,0.0
2026-09-02,42.66999816894531,0.19519669248654734,0.19480692793472193,98.26787840159756,100.44112011982078,XLU,公益事業,defensive,Improving,3.0,1.0,1.0
2026-09-03,43.029998779296875,0.19554645845279,0.19505343810741133,98.36918675567117,100.51638045333577,XLU,公益事業,defensive,Improving,3.0,1.0,0.0
2026-09-04,43.08000183105469,0.1967123371281036,0.1956064044476421,98.50207076110425,100.72582456910827,XLU,公益事業,defensive,Improving,3.0,1.0,1.0
2026-09-08,43.45000076293945,0.20047986720565614,0.1972308920336468,98.76039383981308,101.15681150350642,XLU,公益事業,defensive,Improving,3.0,1.0,1.0
2026-09-09,42.939998626708984,0.20005590173692422,0.19817256193473928,98.91832478138784,101.13831004409164,XLU,公益事業,defensive,Improving,5.0,3.0,3.0
2026-09-10,42.52000045776367,0.1994652194164066,0.19860344776196173,99.00563769892342,101.1019745045341,XLU,公益事業,defensive,Improving,4.0,1.0,0.0
2026-09-11,42.38999938964844,0.1972820791778277,0.1981629915672504,98.97980044547009,100.89542992576352,XLU,公益事業,defensive,Improving,4.0,1.0,0.0
2026-09-14,41.81999969482422,0.19450258482516547,0.19694285598655545,98.85856503294157,100.48888398112426,XLU,公益事業,defensive,Improving,4.0,1.0,0.0
2026-09-15,41.31999969482422,0.19312020189867654,0.1956686379572625,98.73783680054746,99.891749895967,XLU,公益事業,defensive,Lagging,4.0,1.0,0.0
2026-09-16,41.31999969482422,0.19464857703237395,0.1953286176489663,98.7379884944867,99.65274072285274,XLU,公益事業,defensive,Lagging,4.0,-1.0,-4.0
2026-09-17,41.689998626708984,0.1954432474045537,0.19536682756749546,98.78396170357287,99.59997238716308,XLU,公益事業,defensive,Lagging,4.0,0.0,-1.0
2024-09-18,150.1396026611328,0.8804191882198809,0.8804191882198809,,,XLV,ヘルスケア,defensive,,,,
2024-09-19,150.6807861328125,0.8742651204903596,0.8783678323100406,,,XLV,ヘルスケア,defensive,,,,
2024-09-20,150.06228637695312,0.8738660912501093,0.8768672519567302,,,XLV,ヘルスケア,defensive,,,,
2024-09-23,149.76837158203125,0.8677114096321146,0.8738153045151917,,,XLV,ヘルスケア,defensive,,,,
2024-09-24,149.4676971435547,0.8647037907433273,0.8707781332579037,,,XLV,ヘルスケア,defensive,,,,
2024-09-25,148.01268005371094,0.8616135429927452,0.8677232698361843,,,XLV,ヘルスケア,defensive,,,,
2024-09-26,148.5074005126953,0.857317181990825,0.8642545738877313,,,XLV,ヘルスケア,defensive,,,,
2024-09-27,148.42979431152344,0.8538043884207652,0.860771178732076,,,XLV,ヘルスケア,defensive,,,,
2024-09-30,149.39979553222656,0.8582806659954281,0.85994100781986,,,XLV,ヘルスケア,defensive,,,,
2024-10-01,148.6140899658203,0.8583183062293199,0.8594001072896801,,,XLV,ヘルスケア,defensive,,,,
2024-10-02,148.3133544921875,0.8574955644715561,0.8587652596836388,,,XLV,ヘルスケア,defensive,,,,
2024-10-03,146.9747772216797,0.8537850398490794,0.8571051864054524,,,XLV,ヘルスケア,defensive,,,,
2024-10-04,147.0911865234375,0.8478101127007738,0.8540068285038929,,,XLV,ヘルスケア,defensive,,,,
2024-10-07,146.44125366210938,0.8506857704221823,0.8528998091433228,,,XLV,ヘルスケア,defensive,,,,
2024-10-08,147.23666381835938,0.8532836642102699,0.8530277608323051,,,XLV,ヘルスケア,defensive,,,,
2024-10-09,148.74017333984375,0.8561159173052587,0.8540571463232898,,,XLV,ヘルスケア,defensive,,,,
2024-10-10,148.18728637695312,0.8561414489677087,0.8547519138714295,,,XLV,ヘルスケア,defensive,,,,
2024-10-11,149.27365112304688,0.8540285523624682,0.8545107933684425,,,XLV,ヘルスケア,defensive,,,,
2024-10-14,150.09817504882812,0.8524907805600397,0.8538374557656416,,,XLV,ヘルスケア,defensive,,,,
2024-10-15,148.26490783691406,0.8459063161633609,0.8511937425648815,,,XLV,ヘルスケア,defensive,,,,
2024-10-16,148.68197631835938,0.842587623640202,0.848325036256655,,,XLV,ヘルスケア,defensive,,,,
2024-10-17,147.81866455078125,0.8390348189986816,0.845228297170664,,,XLV,ヘルスケア,defensive,,,,
2024-10-18,148.53648376464844,0.8406060454287965,0.8436875465900415,,,XLV,ヘルスケア,defensive,,,,
2024-10-21,146.7904815673828,0.8378655883991364,0.8417468938597399,,,XLV,ヘルスケア,defensive,,,,
2024-10-22,146.5770721435547,0.8404227592685282,0.8413055156626694,,,XLV,ヘルスケア,defensive,,,,
2024-10-23,145.8883819580078,0.8392323394968121,0.840614456940717,,,XLV,ヘルスケア,defensive,,,,
2024-10-24,144.92808532714844,0.8335217487761333,0.8382502208858558,,,XLV,ヘルスケア,defensive,,,,
2024-10-25,144.13267517089844,0.832903238435582,0.8364678934024312,,,XLV,ヘルスケア,defensive,,,,
2024-10-28,144.3460693359375,0.829433056819524,0.8341229478747956,,,XLV,ヘルスケア,defensive,,,,
2024-10-29,143.9483642578125,0.8296489070194851,0.8326316009230255,,,XLV,ヘルスケア,defensive,,,,
2024-10-30,143.67677307128906,0.8298958672935306,0.8317196897131939,,,XLV,ヘルスケア,defensive,,,,
2024-10-31,142.46424865722656,0.8317611315149316,0.8317335036471065,,,XLV,ヘルスケア,defensive,,,,
2024-11-01,143.30816650390625,0.8361665117228183,0.8332111730056772,,,XLV,ヘルスケア,defensive,,,,
2024-11-04,142.3672637939453,0.8296888940426025,0.8320370800179857,,,XLV,ヘルスケア,defensive,,,,
2024-11-05,143.41488647460938,0.8261578077389792,0.8300773225916502,,,XLV,ヘルスケア,defensive,,,,
2024-11-06,143.5991668701172,0.8080879766826173,0.8227475406219726,,,XLV,ヘルスケア,defensive,,,,
2024-11-07,144.63706970214844,0.8131283687927444,0.8195411500122299,,,XLV,ヘルスケア,defensive,,,,
2024-11-08,145.6749725341797,0.8144258036425231,0.817836034555661,,,XLV,ヘルスケア,defensive,,,,
2024-11-11,144.8213653564453,0.8056275695206153,0.8137665462106458,,,XLV,ヘルスケア,defensive,,,,
2024-11-12,142.8037872314453,0.8005046055499254,0.809345899323739,,,XLV,ヘルスケア,defensive,,,,
2024-11-13,142.42547607421875,0.7979492336854405,0.8055470107776395,,,XLV,ヘルスケア,defensive,,,,
2024-11-14,140.18478393554688,0.7917309375597591,0.8009416530383461,,,XLV,ヘルスケア,defensive,,,,
2024-11-15,137.58514404296875,0.7826315270974442,0.7948382777247122,,,XLV,ヘルスケア,defensive,,,,
2024-11-18,137.68214416503906,0.7800363688704254,0.7899043081066166,,,XLV,ヘルスケア,defensive,,,,
2024-11-19,136.97406005859375,0.778123408838782,0.7859773416840051,,,XLV,ヘルスケア,defensive,,,,
2024-11-20,138.5939483642578,0.7846839262303756,0.785546203199462,,,XLV,ヘルスケア,defensive,,,,
2024-11-21,139.70945739746094,0.7811593990225097,0.784083935140478,,,XLV,ヘルスケア,defensive,,,,
2024-11-22,139.8355712890625,0.7757538367980811,0.7813072356930124,,,XLV,ヘルスケア,defensive,,,,
2024-11-25,141.02865600585938,0.775351607030639,0.779322026138888,,,XLV,ヘルスケア,defensive,,,,
2024-11-26,141.78526306152344,0.7794281326575746,0.7793573949784502,,,XLV,ヘルスケア,defensive,,,,
2024-11-27,142.5418701171875,0.7843412913621925,0.781018693773031,,,XLV,ヘルスケア,defensive,,,,
2024-11-29,142.98806762695312,0.7844063053407357,0.7821478976289327,,,XLV,ヘルスケア,defensive,,,,
2024-12-02,142.73587036132812,0.7849893374875677,0.7830950442484776,,,XLV,ヘルスケア,defensive,,,,
2024-12-03,142.415771484375,0.7867178357723905,0.7843026414231153,,,XLV,ヘルスケア,defensive,,,,
2024-12-04,142.33816528320312,0.7862469820187529,0.7849507549549946,,,XLV,ヘルスケア,defensive,,,,
2024-12-05,140.74737548828125,0.7813596984622224,0.7837537361240705,,,XLV,ヘルスケア,defensive,,,,
2024-12-06,139.9519500732422,0.7778248918287303,0.7817774546922904,,,XLV,ヘルスケア,defensive,,,,
2024-12-09,140.35935974121094,0.7833037250264533,0.7822862114703448,,,XLV,ヘルスケア,defensive,,,,
2024-12-10,139.77734375,0.7848645754989944,0.7831456661465613,,,XLV,ヘルスケア,defensive,,,,
2024-12-11,137.87615966796875,0.7734719099950198,0.7799210807627142,,,XLV,ヘルスケア,defensive,,,,
2024-12-12,136.78004455566406,0.7701351204833045,0.776659094002911,,,XLV,ヘルスケア,defensive,,,,
2024-12-13,136.76065063476562,0.7727313209562344,0.7753498363206855,,,XLV,ヘルスケア,defensive,,,,
2024-12-16,135.13104248046875,0.7660468997149106,0.7722488574520939,98.47303214134881,,XLV,ヘルスケア,defensive,,4.0,,
2024-12-17,135.0340576171875,0.7715741422337395,0.7720239523793092,98.51032940260286,,XLV,ヘルスケア,defensive,,4.0,,
2024-12-18,133.2007598876953,0.7843062118934796,0.7761180388840327,98.66850672903124,,XLV,ヘルスケア,defensive,,5.0,,
2024-12-19,132.19192504882812,0.780957408477631,0.7777311620818989,98.75046347481755,,XLV,ヘルスケア,defensive,,5.0,,
2024-12-20,133.86036682128906,0.7798914565409222,0.7784512602349067,98.80485670057689,,XLV,ヘルスケア,defensive,,5.0,,
2024-12-23,135.1971893310547,0.7866076948727245,0.7811700717808461,98.9178793582673,,XLV,ヘルスケア,defensive,,5.0,1.0,
2024-12-24,135.7526092529297,0.7839246284728363,0.7820882573448429,98.97548462860425,,XLV,ヘルスケア,defensive,,5.0,1.0,
2024-12-26,136.02545166015625,0.7842197590642952,0.7827987579179938,99.02640600318055,,XLV,ヘルスケア,defensive,,5.0,0.0,
2024-12-27,135.39208984375,0.7859137649097254,0.7838370935819045,99.08722627668908,,XLV,ヘルスケア,defensive,,5.0,0.0,
2024-12-30,133.7258758544922,0.7841412486227649,0.7839384785955246,99.11773206945062,,XLV,ヘルスケア,defensive,,5.0,0.0,
2024-12-31,134.0474395751953,0.7845916457366207,0.78415620097589,99.15127798917963,,XLV,ヘルスケア,defensive,,5.0,0.0,-1.0
2025-01-02,134.08639526367188,0.7871103763840177,0.7851409261119326,99.20921299825068,,XLV,ヘルスケア,defensive,,5.0,0.0,-1.0
2025-01-03,135.40184020996094,0.7876196037570942,0.7859671519936532,99.26187334829386,,XLV,ヘルスケア,defensive,,5.0,0.0,0.0
2025-01-06,135.46029663085938,0.788496432524843,0.7868102455040498,99.31532899722596,,XLV,ヘルスケア,defensive,,4.0,-1.0,-1.0
2025-01-07,136.13262939453125,0.7950722139283265,0.7895642349788088,99.4347877772681,,XLV,ヘルスケア,defensive,,5.0,0.0,0.0
2025-01-08,136.83419799804688,0.798215037860082,0.7924478359392332,99.56079606233922,,XLV,ヘルスケア,defensive,,5.0,0.0,0.0
2025-01-10,136.06442260742188,0.8054987820571536,0.7967981513118734,99.74360327838215,,XLV,ヘルスケア,defensive,,5.0,0.0,0.0
2025-01-13,137.83782958984375,0.8093634984977209,0.8009866003738226,99.92786573445454,,XLV,ヘルスケア,defensive,,6.0,1.0,1.0
2025-01-14,136.4152069091797,0.7945958706217869,0.7988563571231442,99.87640015181798,,XLV,ヘルスケア,defensive,,6.0,2.0,3.0
2025-01-15,136.9706268310547,0.790246343798488,0.7959863526815922,99.79244862048513,,XLV,ヘルスケア,defensive,,5.0,0.0,0.0
2025-01-16,137.51626586914062,0.7871950244314121,0.7930559099315323,99.70040725732485,,XLV,ヘルスケア,defensive,,4.0,-1.0,-1.0
2025-01-17,136.59060668945312,0.7781178862763873,0.7880765687131507,99.51483729673629,,XLV,ヘルスケア,defensive,,4.0,-1.0,-1.0
2025-01-21,138.8511962890625,0.7819187950904473,0.786023977505583,99.44911740158815,,XLV,ヘルスケア,defensive,,4.0,-2.0,-3.0
2025-01-22,138.53936767578125,0.7829139441183255,0.7849872997098305,99.42586525331039,,XLV,ヘルスケア,defensive,,4.0,-2.0,-4.0
2025-01-23,140.39073181152344,0.7896345948232106,0.7865363980809572,99.52255853149362,,XLV,ヘルスケア,defensive,,4.0,-1.0,-1.0
2025-01-24,140.61485290527344,0.7915899014152065,0.7882208991923737,99.63022924848372,,XLV,ヘルスケア,defensive,,4.0,0.0,1.0
2025-01-27,143.77186584472656,0.8088294487674326,0.7950904157173934,100.01067211148195,,XLV,ヘルスケア,defensive,,6.0,2.0,3.0
2025-01-28,142.7682647705078,0.8071681036271343,0.799116311687307,100.26482848053494,,XLV,ヘルスケア,defensive,,7.0,3.0,5.0
2025-01-29,141.93028259277344,0.8050931437783332,0.8011085890509825,100.4224253153284,,XLV,ヘルスケア,defensive,,7.0,3.0,5.0
2025-01-30,143.5672607421875,0.8057778668059983,0.8026650149693212,100.56340216522442,,XLV,ヘルスケア,defensive,,8.0,4.0,5.0
2025-01-31,143.10928344726562,0.8098549925217068,0.8050616741534498,100.7640142229815,,XLV,ヘルスケア,defensive,,9.0,5.0,5.0
2025-02-03,143.66470336914062,0.8174635492320876,0.8091956325129958,101.08646240129973,,XLV,ヘルスケア,defensive,,9.0,3.0,1.0
2025-02-04,143.27493286132812,0.8142518038833821,0.8108810229697914,101.27008738699811,,XLV,ヘルスケア,defensive,,9.0,2.0,-1.0
2025-02-05,144.64883422851562,0.8180708479955651,0.813277631311716,101.52511709461511,,XLV,ヘルスケア,defensive,,9.0,2.0,-1.0
2025-02-06,143.35287475585938,0.8118157943491077,0.81279035232418,101.59058662092683,,XLV,ヘルスケア,defensive,,9.0,1.0,-3.0
2025-02-07,142.68055725097656,0.811998688743821,0.8125264644640603,101.67255265359675,,XLV,ヘルスケア,defensive,,10.0,1.0,-4.0
2025-02-10,142.5538787841797,0.8089884867523789,0.8113471385601666,101.64320685674166,,XLV,ヘルスケア,defensive,,9.0,0.0,-3.0
2025-02-11,142.29078674316406,0.8074060958271931,0.8100334576491754,101.587665791763,,XLV,ヘルスケア,defensive,,9.0,0.0,-2.0
2025-02-12,142.08619689941406,0.8109560783554169,0.8103409978845894,101.65519441784541,,XLV,ヘルスケア,defensive,,9.0,0.0,-2.0
2025-02-13,142.64158630371094,0.8071192962122332,0.8092670973271373,101.58777868808882,,XLV,ヘルスケア,defensive,,9.0,0.0,-1.0
2025-02-14,141.09228515625,0.799146459244855,0.8058935512997099,101.31372866053132,,XLV,ヘルスケア,defensive,,9.0,-1.0,-2.0
2025-02-18,140.81947326660156,0.7915252398377453,0.8011041141457217,100.91454113972988,,XLV,ヘルスケア,defensive,,8.0,-1.0,-1.0
2025-02-19,142.65130615234375,0.8001991254537435,0.8008024512483957,100.88879556539783,,XLV,ヘルスケア,defensive,,8.0,-1.0,-1.0
2025-02-20,143.4503173828125,0.8067107305202968,0.8027718776723628,101.04011972765139,,XLV,ヘルスケア,defensive,,8.0,-1.0,-1.0
2025-02-21,142.68055725097656,0.813804925903272,0.8064495604159992,101.3142832021826,,XLV,ヘルスケア,defensive,,8.0,-1.0,-1.0
2025-02-24,143.84007263183594,0.8197346887310104,0.810877936521003,101.62178432403239,,XLV,ヘルスケア,defensive,,10.0,1.0,2.0
2025-02-25,145.0775604248047,0.8259609922544138,0.8159056217654733,101.93961330746025,,XLV,ヘルスケア,defensive,,10.0,2.0,3.0
2025-02-26,144.0349578857422,0.8217585740999328,0.8178566058769599,101.9918381634794,,XLV,ヘルスケア,defensive,,9.0,1.0,2.0
2025-02-27,143.4503173828125,0.8256336395412152,0.8204489504317116,102.0807637705032,,XLV,ヘルスケア,defensive,,10.0,2.0,3.0
2025-02-28,145.11654663085938,0.8260453857938397,0.8223144288857545,102.10820321704257,,XLV,ヘルスケア,defensive,,10.0,2.0,3.0
2025-03-03,145.74989318847656,0.8385864982329472,0.8277384520014854,102.35754877125675,,XLV,ヘルスケア,defensive,,9.0,-1.0,-2.0
2025-03-04,144.39549255371094,0.844436696893715,0.8333045336322287,102.5623729638416,,XLV,ヘルスケア,defensive,,10.0,0.0,-2.0
2025-03-05,145.84735107421875,0.8450732019393202,0.837227423067926,102.62350742274988,,XLV,ヘルスケア,defensive,,10.0,1.0,0.0
2025-03-06,145.44786071777344,0.852194523126422,0.8422164564207579,102.71731676630694,,XLV,ヘルスケア,defensive,,11.0,1.0,-1.0
2025-03-07,145.4575958251953,0.8443412528872605,0.8429247219095922,102.56624390972482,,XLV,ヘルスケア,defensive,,11.0,1.0,-1.0
2025-03-10,143.88880920410156,0.8471737552586213,0.8443410663592686,102.47129900727909,,XLV,ヘルスケア,defensive,,11.0,2.0,3.0
2025-03-11,142.3200225830078,0.8492472798521539,0.8459764708568971,102.39883381920906,,XLV,ヘルスケア,defensive,,10.0,0.0,0.0
2025-03-12,140.89744567871094,0.844739492941594,0.8455641448851294,102.24316762317402,,XLV,ヘルスケア,defensive,,10.0,0.0,-1.0
2025-03-13,140.14712524414062,0.8483741687769761,0.8465008195157451,102.1667673551497,,XLV,ヘルスケア,defensive,,10.0,-1.0,-2.0
2025-03-14,141.21897888183594,0.8388705115428314,0.8439573835247739,101.94655620622905,,XLV,ヘルスケア,defensive,,10.0,-1.0,-2.0
2025-03-17,143.01185607910156,0.8382090256494461,0.8420412642329981,101.77881784205519,,XLV,ヘルスケア,defensive,,10.0,-1.0,-3.0
2025-03-18,143.080078125,0.8429926147202329,0.8423583810620765,101.72484046936844,,XLV,ヘルスケア,defensive,,9.0,-1.0,-1.0
2025-03-19,143.15802001953125,0.8372476712664699,0.8406548111302077,101.5895081233334,,XLV,ヘルスケア,defensive,,9.0,-1.0,-1.0
2025-03-20,143.24569702148438,0.8412622711245076,0.8408572977949743,101.54873584499649,,XLV,ヘルスケア,defensive,,9.0,-1.0,0.0
2025-03-21,142.84620666503906,0.8427766565145305,0.8414970840348265,101.53057738282449,,XLV,ヘルスケア,defensive,,9.0,-1.0,0.0
2025-03-24,143.93685913085938,0.836252564241224,0.8397489107702923,101.4061706424644,,XLV,ヘルスケア,defensive,,9.0,-1.0,0.0
2025-03-25,142.09791564941406,0.8275469505356401,0.835681590692075,101.18369881998952,,XLV,ヘルスケア,defensive,,9.0,0.0,1.0
2025-03-26,141.57948303222656,0.8260831010725175,0.8324820941522226,101.00556328246545,98.63769013691524,XLV,ヘルスケア,defensive,Weakening,8.0,-1.0,0.0
2025-03-27,141.8044891357422,0.8295296817111416,0.8314979566718623,100.93060084681437,98.62800253648975,XLV,ヘルスケア,defensive,Weakening,8.0,-1.0,0.0
2025-03-28,141.36428833007812,0.8399029154203363,0.8342996095880204,101.03122473472429,98.86401473867276,XLV,ヘルスケア,defensive,Weakening,8.0,-1.0,0.0
2025-03-31,142.82176208496094,0.8415575342816773,0.8367189178192393,101.11252906804125,99.22769908794784,XLV,ヘルスケア,defensive,Weakening,6.0,-3.0,-2.0
2025-04-01,140.2100372314453,0.8253107308300023,0.832916188822827,100.90257143004985,99.26756699099845,XLV,ヘルスケア,defensive,Weakening,5.0,-4.0,-4.0
2025-04-02,141.1490936279297,0.823948643114377,0.8299270069200104,100.73286371791326,99.29937072139724,XLV,ヘルスケア,defensive,Weakening,5.0,-3.0,-2.0
2025-04-03,140.004638671875,0.858148546818502,0.8393341868861743,101.1590179675784,100.1259184447678,XLV,ヘルスケア,defensive,Leading,7.0,-1.0,0.0
2025-04-04,132.32606506347656,0.8593313441094411,0.8459999059605967,101.44240332077098,100.42212410791453,XLV,ヘルスケア,defensive,Leading,8.0,0.0,1.0
2025-04-07,131.53375244140625,0.8613649626284025,0.851121591516532,101.63896268857238,100.60262943321149,XLV,ヘルスケア,defensive,Leading,8.0,2.0,5.0
2025-04-08,130.07627868652344,0.868196406560166,0.8568131965310767,101.8470660273501,101.25419758165957,XLV,ヘルスケア,defensive,Leading,9.0,4.0,8.0
2025-04-09,135.73007202148438,0.8388489241198326,0.8508251057273287,101.50496471753868,100.95620107101067,XLV,ヘルスケア,defensive,Leading,9.0,4.0,7.0
2025-04-10,131.94454956054688,0.8438614189033113,0.8485038767859896,101.34832600428999,100.02370504528176,XLV,ヘルスケア,defensive,Leading,9.0,2.0,3.0
2025-04-11,133.88133239746094,0.8434589360073421,0.8468222298597738,101.22642416773165,99.38993053980725,XLV,ヘルスケア,defensive,Weakening,8.0,0.0,0.0
2025-04-14,135.51487731933594,0.8429802561145734,0.845541571944707,101.12729344991784,98.94760694222022,XLV,ヘルスケア,defensive,Weakening,8.0,0.0,-2.0
2025-04-15,134.6834259033203,0.8405230230749732,0.8438687223214625,101.01377498281097,98.49025665438579,XLV,ヘルスケア,defensive,Weakening,6.0,-3.0,-7.0
2025-04-16,133.31398010253906,0.8427975484505145,0.8435116643644799,100.96614423571447,98.98569343865375,XLV,ヘルスケア,defensive,Weakening,6.0,-3.0,-7.0
2025-04-17,132.53146362304688,0.8316694993560618,0.8395642760283406,100.74752568991174,98.91741203769895,XLV,ヘルスケア,defensive,Weakening,6.0,-3.0,-5.0
2025-04-21,129.6752471923828,0.8304406074108818,0.8365230531558544,100.5725172920274,98.85544740886563,XLV,ヘルスケア,defensive,Weakening,5.0,-3.0,-3.0
2025-04-22,132.11085510253906,0.8256796943179178,0.8329086002098756,100.36249647312223,98.70166287264448,XLV,ヘルスケア,defensive,Weakening,5.0,-3.0,-3.0
2025-04-23,132.7662353515625,0.8218252502746196,0.829214150231457,100.1367626161439,98.55765036741049,XLV,ヘルスケア,defensive,Weakening,5.0,-1.0,2.0
2025-04-24,134.38998413085938,0.8180357590674778,0.825488019843464,99.89506266515106,98.32006438394684,XLV,ヘルスケア,defensive,Lagging,5.0,-1.0,2.0
2025-04-25,135.0355682373047,0.823143453706842,0.8247064977979234,99.80972009449668,98.56200978646756,XLV,ヘルスケア,defensive,Lagging,5.0,-1.0,2.0
2025-04-28,135.5735626220703,0.8241098356890859,0.8245076104283109,99.76276494246692,98.78892046496573,XLV,ヘルスケア,defensive,Lagging,5.0,0.0,3.0
2025-04-29,136.23870849609375,0.8233480296863195,0.8241210835143138,99.70709645516752,99.04212177468335,XLV,ヘルスケア,defensive,Lagging,5.0,0.0,3.0
2025-04-30,137.40272521972656,0.8292042670456126,0.8258154780247468,99.78371722601,99.50273361562502,XLV,ヘルスケア,defensive,Lagging,5.0,0.0,1.0
2025-05-01,133.65634155273438,0.8076938043288829,0.8197749201261255,99.36281927236115,99.26505399561742,XLV,ヘルスケア,defensive,Lagging,2.0,-3.0,-2.0
2025-05-02,135.50511169433594,0.8046695766761648,0.8147398056428053,99.00734232746548,98.89117274641822,XLV,ヘルスケア,defensive,Lagging,2.0,-3.0,-2.0
2025-05-05,135.1235809326172,0.8050736374641758,0.8115177495832622,98.78559467207062,98.6620876820735,XLV,ヘルスケア,defensive,Lagging,2.0,-3.0,-3.0
2025-05-06,131.3968048095703,0.788716071699421,0.8039171902886485,98.30224157926848,98.08005044801656,XLV,ヘルスケア,defensive,Lagging,2.0,-3.0,-3.0
2025-05-07,132.40431213378906,0.7895634122610211,0.7991325976127728,98.04482083266112,97.67891052542407,XLV,ヘルスケア,defensive,Lagging,1.0,-4.0,-4.0
2025-05-08,131.21095275878906,0.7759195740051309,0.7913949230768922,97.65540244215951,97.81913258656199,XLV,ヘルスケア,defensive,Lagging,1.0,-1.0,2.0
2025-05-09,129.78280639648438,0.7676520015668125,0.7834806159068657,97.3355830901065,97.95644223426272,XLV,ヘルスケア,defensive,Lagging,1.0,-1.0,2.0
2025-05-12,132.9912109375,0.7656437716738987,0.7775350011625435,97.19122527702218,98.15038895603934,XLV,ヘルスケア,defensive,Lagging,1.0,-1.0,2.0
2025-05-13,128.99049377441406,0.740939693434827,0.7653365652533047,96.82324325485119,98.38176243407246,XLV,ヘルスケア,defensive,Lagging,1.0,-1.0,2.0
2025-05-14,125.95821380615234,0.7279047706135475,0.7528593003733857,96.5875133606473,98.47256733588742,XLV,ヘルスケア,defensive,Lagging,1.0,0.0,4.0
2025-05-15,127.6113052368164,0.7307965178188972,0.7455050395218896,96.63679678199321,99.1086133313326,XLV,ヘルスケア,defensive,Lagging,1.0,0.0,1.0
2025-05-16,130.1838836669922,0.7382804877616113,0.743096855601797,96.85052107118689,99.84940039039795,XLV,ヘルスケア,defensive,Lagging,1.0,0.0,1.0
2025-05-19,131.4359130859375,0.7454636482161086,0.7438857864732342,97.11511222556972,100.40087737572559,XLV,ヘルスケア,defensive,Improving,1.0,0.0,1.0
2025-05-20,131.7587127685547,0.7492511557074643,0.7456742428846442,97.36107329303961,101.21061891633587,XLV,ヘルスケア,defensive,Improving,1.0,0.0,1.0
2025-05-21,128.70684814453125,0.7481943401458152,0.7465142753050347,97.54227929374173,101.70713104316613,XLV,ヘルスケア,defensive,Improving,1.0,0.0,0.0
2025-05-22,127.6993408203125,0.7447126265254037,0.7459137257118245,97.66150598275257,101.72920152566371,XLV,ヘルスケア,defensive,Improving,1.0,0.0,0.0
2025-05-23,127.4939193725586,0.7465000557053489,0.7461091690429993,97.7918857827568,101.5822256272453,XLV,ヘルスケア,defensive,Improving,1.0,0.0,0.0
2025-05-27,129.274169921875,0.7430708593599115,0.7450963991486368,97.87792279991514,101.36963974100968,XLV,ヘルスケア,defensive,Improving,1.0,0.0,0.0
2025-05-28,128.60902404785156,0.7455874574960478,0.7452600852644405,97.98637929067235,101.21985138393734,XLV,ヘルスケア,defensive,Improving,1.0,0.0,0.0
2025-05-29,129.46981811523438,0.7487492216830284,0.7464231307373032,98.10946759077963,101.17059526379133,XLV,ヘルスケア,defensive,Improving,1.0,0.0,0.0
2025-05-30,129.74371337890625,0.7506308899021421,0.7478257171255829,98.22663430015015,101.18040962263274,XLV,ヘルスケア,defensive,Improving,1.0,0.0,0.0
2025-06-02,129.82196044921875,0.7504880414733149,0.748713158574827,98.32170245323017,101.14388046855241,XLV,ヘルスケア,defensive,Improving,1.0,0.0,0.0
2025-06-03,130.12518310546875,0.7460299478060621,0.7478187549852388,98.36705124048524,101.09554248449109,XLV,ヘルスケア,defensive,Improving,1.0,0.0,0.0
2025-06-04,130.37948608398438,0.749171133727032,0.7482695478991699,98.44101350912894,101.05738678426832,XLV,ヘルスケア,defensive,Improving,1.0,0.0,0.0
2025-06-05,130.20343017578125,0.7501865573228584,0.7489085510403994,98.51386703707652,100.99986341840219,XLV,ヘルスケア,defensive,Improving,1.0,0.0,0.0
2025-06-06,131.44569396972656,0.7508594493405375,0.7495588504737789,98.5821512777321,100.93725418728592,XLV,ヘルスケア,defensive,Improving,1.0,0.0,0.0
2025-06-09,131.22071838378906,0.7494484377777855,0.7495220462417811,98.63043936960156,100.86601235389934,XLV,ヘルスケア,defensive,Improving,1.0,0.0,0.0
2025-06-10,132.71731567382812,0.7542401152428572,0.7510947359088065,98.71260929194898,100.8996842787257,XLV,ヘルスケア,defensive,Improving,1.0,0.0,0.0
2025-06-11,132.78578186035156,0.7567781098237806,0.7529891938804646,98.79802482962154,100.8934967064684,XLV,ヘルスケア,defensive,Improving,1.0,0.0,0.0
2025-06-12,133.8226318359375,0.7609030055590635,0.7556271311066642,98.89662956334169,100.90300876778407,XLV,ヘルスケア,defensive,Improving,1.0,0.0,0.0
2025-06-13,133.15750122070312,0.7663849437225947,0.7592130686453078,99.01355616731819,100.94058575243311,XLV,ヘルスケア,defensive,Improving,3.0,2.0,2.0
2025-06-16,132.7466583251953,0.7567241287528352,0.7583834220144836,99.02530508495647,100.8655950861649,XLV,ヘルスケア,defensive,Improving,4.0,3.0,3.0
2025-06-17,130.55557250976562,0.7514520366805912,0.7560729602365195,99.002613003411,100.70455114055265,XLV,ヘルスケア,defensive,Improving,3.0,2.0,2.0
2025-06-18,130.3306121826172,0.7500725585146549,0.7540728263292313,98.98776980045747,100.55347706951576,XLV,ヘルスケア,defensive,Improving,3.0,2.0,2.0
2025-06-20,129.70455932617188,0.7452509999140802,0.751132217524181,98.95175405949125,100.36076382112061,XLV,ヘルスケア,defensive,Improving,3.0,2.0,2.0
2025-06-23,129.8913116455078,0.7397928176831591,0.7473524175771737,98.89757982352437,100.12680670404433,XLV,ヘルスケア,defensive,Improving,2.0,-1.0,-3.0
2025-06-24,131.48350524902344,0.741837223567393,0.7455140195739136,98.88982655019018,100.09586164426693,XLV,ヘルスケア,defensive,Improving,3.0,-1.0,-4.0
2025-06-25,131.6014404296875,0.7478986619543716,0.7463089003673997,98.94286514724733,100.18678308944628,XLV,ヘルスケア,defensive,Improving,3.0,0.0,-2.0
2025-06-26,131.91595458984375,0.7440706045839824,0.7455628017729273,98.95884452417046,100.21651875349822,XLV,ヘルスケア,defensive,Improving,5.0,2.0,0.0
2025-06-27,131.6309356689453,0.7397539300176531,0.743626511187836,98.94703719822793,100.23637338677626,XLV,ヘルスケア,defensive,Improving,5.0,2.0,0.0
2025-06-30,132.47616577148438,0.741022041799581,0.7427583547250843,98.9598848678512,100.31437778883924,XLV,ヘルスケア,defensive,Improving,5.0,3.0,4.0
2025-07-01,134.3632049560547,0.742870971192663,0.7427958935476106,98.99279467257188,100.36011405987377,XLV,ヘルスケア,defensive,Improving,5.0,2.0,3.0
2025-07-02,133.03639221191406,0.7338590202181156,0.7398169357711123,98.95535568499271,100.23270955667755,XLV,ヘルスケア,defensive,Improving,4.0,1.0,1.0
2025-07-03,133.17396545410156,0.731087137165814,0.7369070029026796,98.92076379700747,100.16004656814313,XLV,ヘルスケア,defensive,Improving,4.0,-1.0,-3.0
2025-07-07,132.0535430908203,0.7307769409083248,0.7348636489045614,98.90556427535297,100.1615592182478,XLV,ヘルスケア,defensive,Improving,4.0,-1.0,-3.0
2025-07-08,132.653076171875,0.7322610022536675,0.7339961000209301,98.91567074054574,100.16835360919501,XLV,ヘルスケア,defensive,Improving,4.0,-1.0,-4.0
2025-07-09,133.16415405273438,0.7328934484189169,0.7336285494869257,98.9345639037316,100.16311626071422,XLV,ヘルスケア,defensive,Improving,5.0,0.0,-2.0
2025-07-10,133.9799041748047,0.7331360882517969,0.7334643957418828,98.95419114065045,100.26584489434653,XLV,ヘルスケア,defensive,Improving,5.0,1.0,0.0
2025-07-11,132.86929321289062,0.7324205876979694,0.733116459727245,98.96993715286413,100.35616166166466,XLV,ヘルスケア,defensive,Improving,5.0,1.0,2.0
2025-07-14,132.71205139160156,0.7308008855904016,0.7323446016816306,98.97394214322927,100.38626216113371,XLV,ヘルスケア,defensive,Improving,5.0,1.0,2.0
2025-07-15,130.3237762451172,0.7277410305347252,0.7308100779659955,98.95655305738522,100.34163018867123,XLV,ヘルスケア,defensive,Improving,5.0,1.0,2.0
2025-07-16,131.9454345703125,0.7339342582453888,0.73185147139246,99.00620501552129,100.37192188347052,XLV,ヘルスケア,defensive,Improving,5.0,0.0,0.0
2025-07-17,130.44171142578125,0.7197022799954808,0.7278017409268003,98.9141994068147,100.19894900677285,XLV,ヘルスケア,defensive,Improving,5.0,0.0,-1.0
2025-07-18,129.57679748535156,0.7152019207827048,0.7236018008787685,98.81259108450305,100.02482213046993,XLV,ヘルスケア,defensive,Improving,3.0,-2.0,-3.0
2025-07-21,128.8396759033203,0.7135742462653634,0.7202592826743002,98.73313251998412,99.89840047838008,XLV,ヘルスケア,defensive,Lagging,2.0,-3.0,-4.0
2025-07-22,131.23779296875,0.7177063038459138,0.7194082897315048,98.72547378262892,99.90231092243646,XLV,ヘルスケア,defensive,Lagging,2.0,-3.0,-4.0
2025-07-23,133.93077087402344,0.7264156033968358,0.7217440609532819,98.81553176983296,99.94654581868976,XLV,ヘルスケア,defensive,Lagging,3.0,-2.0,-2.0
2025-07-24,133.42950439453125,0.7260209575792095,0.7231696931619245,98.87787951352868,100.14983752411187,XLV,ヘルスケア,defensive,Improving,3.0,-2.0,-2.0
2025-07-25,134.13714599609375,0.7263723161204229,0.7242372341480907,98.92947143554149,100.34883496623878,XLV,ヘルスケア,defensive,Improving,4.0,1.0,3.0
2025-07-28,132.9675750732422,0.7243217008756947,0.7242653897239587,98.9430763475267,100.46317972425905,XLV,ヘルスケア,defensive,Improving,3.0,1.0,4.0
2025-07-29,132.12234497070312,0.7200646320703801,0.7228651371727659,98.89970892045332,100.3902296847504,XLV,ヘルスケア,defensive,Improving,3.0,1.0,4.0
2025-07-30,131.88645935058594,0.7234721563641371,0.723067476903223,98.90871637875193,100.25293891110196,XLV,ヘルスケア,defensive,Improving,4.0,1.0,3.0
2025-07-31,128.19100952148438,0.7096722800978135,0.7186024113014199,98.71260055745664,99.86058764708467,XLV,ヘルスケア,defensive,Lagging,3.0,0.0,2.0
2025-08-01,128.87901306152344,0.7216156225890868,0.7196068150639756,98.73834791594163,99.81295957467717,XLV,ヘルスケア,defensive,Lagging,3.0,-1.0,-2.0
2025-08-04,130.72671508789062,0.723119395434019,0.7207776751873234,98.77242395709162,99.82699378930141,XLV,ヘルスケア,defensive,Lagging,4.0,1.0,0.0
2025-08-05,130.22549438476562,0.722351377239569,0.721302242538072,98.76940685491135,99.86580332103482,XLV,ヘルスケア,defensive,Lagging,3.0,0.0,-1.0
2025-08-06,128.26962280273438,0.7130976936981078,0.7185673929247507,98.5881268725256,99.5280924418307,XLV,ヘルスケア,defensive,Lagging,2.0,-2.0,-3.0
2025-08-07,126.79537963867188,0.7053261077614067,0.7141536312036361,98.28533422058776,99.28053074958608,XLV,ヘルスケア,defensive,Lagging,3.0,0.0,0.0
2025-08-08,127.9256591796875,0.7103308522654244,0.7128793715575655,98.17448003965882,98.95022852623838,XLV,ヘルスケア,defensive,Lagging,2.0,-1.0,0.0
2025-08-11,128.05340576171875,0.7129874273014087,0.7129153901388466,98.16823375977225,98.76103781332728,XLV,ヘルスケア,defensive,Lagging,1.0,-3.0,-4.0
2025-08-12,128.93797302246094,0.7089046569063573,0.7115784790613502,98.08457964919846,98.4707372787732,XLV,ヘルスケア,defensive,Lagging,1.0,-2.0,-2.0
2025-08-13,131.0019073486328,0.7101132571183648,0.7110900717470218,98.10498364691146,98.76714464466333,XLV,ヘルスケア,defensive,Lagging,2.0,0.0,2.0
2025-08-14,131.66041564941406,0.7183558657188157,0.7135120030709532,98.34725049261102,99.94434757422154,XLV,ヘルスケア,defensive,Lagging,2.0,-1.0,-1.0
2025-08-15,133.87179565429688,0.7322292307239056,0.7197510789552707,98.83637312833852,101.46666798682735,XLV,ヘルスケア,defensive,Improving,5.0,3.0,4.0
2025-08-18,133.55728149414062,0.7306661644636433,0.723389440791395,99.12328370235599,102.14625903762025,XLV,ヘルスケア,defensive,Improving,5.0,4.0,7.0
2025-08-19,134.41233825683594,0.7319172826876662,0.7262320547568188,99.34663436230271,102.71858987044811,XLV,ヘルスケア,defensive,Improving,5.0,4.0,6.0
2025-08-20,135.13966369628906,0.7365484772767248,0.7296708622634542,99.60880259718233,103.03866975933354,XLV,ヘルスケア,defensive,Improving,6.0,4.0,4.0
2025-08-21,134.6875457763672,0.7366514886240625,0.7319977377169904,99.79072764618017,102.76969408498266,XLV,ヘルスケア,defensive,Improving,6.0,4.0,5.0
2025-08-22,135.7981414794922,0.7285367299805146,0.7308440684714985,99.72370705214159,101.57051309607785,XLV,ヘルスケア,defensive,Improving,7.0,2.0,-1.0
2025-08-25,133.86195373535156,0.7236870619397996,0.7284583996275988,99.56982204891864,100.62806664590373,XLV,ヘルスケア,defensive,Improving,7.0,2.0,-2.0
2025-08-26,134.69737243652344,0.7277004694282242,0.7282057562278074,99.56946150484916,100.14553546133283,XLV,ヘルスケア,defensive,Improving,5.0,0.0,-4.0
2025-08-27,134.61874389648438,0.7246569134817517,0.7270228086457888,99.50273766649748,99.41628759922656,XLV,ヘルスケア,defensive,Lagging,3.0,-3.0,-7.0
2025-08-28,134.0880126953125,0.7221441807909604,0.7253965993608461,99.40591170199798,98.81423275596553,XLV,ヘルスケア,defensive,Lagging,3.0,-3.0,-7.0
2025-08-29,135.0708465576172,0.7279772961952097,0.7262568316389674,99.49055886990713,99.18876584893316,XLV,ヘルスケア,defensive,Lagging,5.0,-2.0,-4.0
2025-09-02,135.1986083984375,0.7344677034434794,0.7289937889071381,99.71289215224586,100.0681375936347,XLV,ヘルスケア,defensive,Improving,5.0,-2.0,-4.0
2025-09-03,134.55978393554688,0.7321319249007926,0.7300398342383563,99.8101084546601,100.30486287797765,XLV,ヘルスケア,defensive,Improving,5.0,0.0,0.0
2025-09-04,135.0708465576172,0.7295243308479078,0.7298679997748735,99.81710824943225,100.48332051364183,XLV,ヘルスケア,defensive,Improving,6.0,3.0,6.0
2025-09-05,135.53277587890625,0.7311645372017173,0.7303001789171548,99.87087541849576,100.83141682592255,XLV,ヘルスケア,defensive,Improving,6.0,3.0,6.0
2025-09-08,135.48365783691406,0.7314818834792017,0.7306940804378372,99.92326982716406,100.7518973520994,XLV,ヘルスケア,defensive,Improving,7.0,2.0,4.0
2025-09-09,136.2109375,0.7376807703060088,0.7330229770605612,100.12855928121598,100.70661812351487,XLV,ヘルスケア,defensive,Leading,8.0,3.0,5.0
2025-09-10,134.97256469726562,0.7317147458327584,0.732586899984627,100.11964019011184,100.46181058970042,XLV,ヘルスケア,defensive,Leading,8.0,3.0,3.0
2025-09-11,137.32154846191406,0.7334582019521982,0.7328773339738175,100.17377907444043,100.5713596178029,XLV,ヘルスケア,defensive,Leading,8.0,2.0,-1.0
2025-09-12,135.73916625976562,0.7302628446538086,0.7320058375338145,100.1371988992649,100.36652052060384,XLV,ヘルスケア,defensive,Leading,8.0,2.0,-1.0
2025-09-15,134.5794219970703,0.7252901844269541,0.7297672864981944,99.98283335717747,99.89832280852185,XLV,ヘルスケア,defensive,Lagging,7.0,0.0,-2.0
2025-09-16,134.5794219970703,0.7272178511190838,0.7289174747051577,99.94474827977169,99.35024206339905,XLV,ヘルスケア,defensive,Lagging,6.0,-2.0,-5.0
2025-09-17,134.84478759765625,0.7279551740061692,0.7285967078054949,99.95331969169536,99.40879925104956,XLV,ヘルスケア,defensive,Lagging,6.0,-2.0,-5.0
2025-09-18,135.1101531982422,0.7246545839875722,0.727282666532854,99.85392082690304,99.07492450404406,XLV,ヘルスケア,defensive,Lagging,6.0,-2.0,-4.0
2025-09-19,134.93324279785156,0.7249678854996421,0.7265110728551167,99.8026327367364,99.06194949605816,XLV,ヘルスケア,defensive,Lagging,6.0,-2.0,-4.0
2025-09-22,134.89869689941406,0.7244362067942641,0.7258194508348326,99.75280355824404,99.30877228153105,XLV,ヘルスケア,defensive,Lagging,6.0,-1.0,-1.0
2025-09-23,135.20477294921875,0.7251948912471199,0.725611264305595,99.75680197922003,99.40809030837534,XLV,ヘルスケア,defensive,Lagging,6.0,0.0,2.0
2025-09-24,134.6617431640625,0.7239702864448148,0.7250642716853349,99.71835462368291,99.30867332662439,XLV,ヘルスケア,defensive,Lagging,5.0,-1.0,1.0
2025-09-25,132.43038940429688,0.7178843822541496,0.7226709752082732,99.43015858248963,98.90124255413075,XLV,ヘルスケア,defensive,Lagging,4.0,-2.0,0.0
2025-09-26,133.7830047607422,0.7181018091366376,0.7211479198510613,99.24291836242983,98.63397410247929,XLV,ヘルスケア,defensive,Lagging,4.0,-2.0,0.0
2025-09-29,134.1779327392578,0.7178234390507392,0.7200397595842873,99.10394518928845,98.48913717299408,XLV,ヘルスケア,defensive,Lagging,4.0,-2.0,-1.0
2025-09-30,137.40650939941406,0.7331581583965388,0.7244125591883712,99.77585518458561,99.95583342162669,XLV,ヘルスケア,defensive,Lagging,5.0,-1.0,-1.0
2025-10-01,141.6520233154297,0.7541015047332662,0.7343088743700029,101.34606793037118,103.13728114436422,XLV,ヘルスケア,defensive,Leading,8.0,3.0,4.0
2025-10-02,141.3755645751953,0.7508526440616953,0.7398234642672337,102.17730510146589,104.38434629728735,XLV,ヘルスケア,defensive,Leading,10.0,6.0,8.0
2025-10-03,142.98492431640625,0.7567396975370221,0.7454622086904965,102.86412622874045,104.62717690634558,XLV,ヘルスケア,defensive,Leading,11.0,7.0,9.0
2025-10-06,142.29379272460938,0.7533182061664976,0.7480808745158303,103.00352126398573,104.16271019823098,XLV,ヘルスケア,defensive,Leading,11.0,7.0,9.0
2025-10-07,142.4023895263672,0.7572199522486045,0.7511272337600884,103.12748573959763,103.18095262732571,XLV,ヘルスケア,defensive,Leading,11.0,6.0,7.0
2025-10-08,142.6788330078125,0.7562268046356397,0.7528270907186055,103.05991056453391,101.43089639251168,XLV,ヘルスケア,defensive,Leading,11.0,3.0,0.0
2025-10-09,142.3629150390625,0.7608472915980973,0.7555004910117695,103.0769625350185,100.58527121270012,XLV,ヘルスケア,defensive,Leading,11.0,1.0,-5.0
2025-10-10,140.30926513671875,0.7671683309504217,0.7593897709913203,103.16476626700972,99.97180816707318,XLV,ヘルスケア,defensive,Weakening,11.0,0.0,-7.0
2025-10-13,140.15127563476562,0.7589251615894856,0.7592349011907088,102.88706147235504,99.55001461424415,XLV,ヘルスケア,defensive,Weakening,11.0,0.0,-7.0
2025-10-14,140.5363311767578,0.7547516418174637,0.7577404813996271,102.56324128273788,99.11004497693408,XLV,ヘルスケア,defensive,Weakening,10.0,-1.0,-7.0
2025-10-15,140.75355529785156,0.7543971418629005,0.756626034887385,102.31660638000723,98.94877023057458,XLV,ヘルスケア,defensive,Weakening,10.0,-1.0,-4.0
2025-10-16,140.5166015625,0.7603339793781951,0.7578620163843217,102.27517174093845,98.90921156168496,XLV,ヘルスケア,defensive,Weakening,10.0,-1.0,-2.0
2025-10-17,141.45455932617188,0.7615416444559123,0.759088559074852,102.23668008297844,98.80578203429188,XLV,ヘルスケア,defensive,Weakening,10.0,-1.0,-1.0
2025-10-20,142.95529174804688,0.7620015191688313,0.7600595457728452,102.18371475908768,99.03999422690416,XLV,ヘルスケア,defensive,Weakening,10.0,-1.0,-1.0
2025-10-21,143.29100036621094,0.7603074904713805,0.7601421940056903,102.0750471042715,99.2576373659776,XLV,ヘルスケア,defensive,Weakening,11.0,1.0,2.0
2025-10-22,144.1104736328125,0.768361398065336,0.7628819286922389,102.14720839915978,99.5716716992929,XLV,ヘルスケア,defensive,Weakening,11.0,1.0,2.0
2025-10-23,144.189453125,0.7651548779514163,0.7636395784452981,102.08319143960723,99.55504481507657,XLV,ヘルスケア,defensive,Weakening,11.0,1.0,2.0
2025-10-24,144.17958068847656,0.7630223587900952,0.7634338385602304,101.96734785248435,99.4881069906128,XLV,ヘルスケア,defensive,Weakening,11.0,1.0,2.0
2025-10-27,144.51527404785156,0.7614150314572652,0.7627609028592421,101.836411296683,99.42183281207595,XLV,ヘルスケア,defensive,Weakening,10.0,0.0,1.0
2025-10-28,143.60691833496094,0.7631839762409149,0.7629019273197998,101.76529101122989,99.46564409042776,XLV,ヘルスケア,defensive,Weakening,10.0,-1.0,-2.0
2025-10-29,142.1555633544922,0.7640152945638692,0.7632730497344896,101.71541730223336,99.35294009922201,XLV,ヘルスケア,defensive,Weakening,10.0,-1.0,-2.0
2025-10-30,142.4715118408203,0.7690208649228304,0.7651889881306033,101.755512455031,99.45621600462931,XLV,ヘルスケア,defensive,Weakening,10.0,-1.0,-2.0
2025-10-31,142.42213439941406,0.7670772033080933,0.7658183931897667,101.71907976164961,99.53432085693686,XLV,ヘルスケア,defensive,Weakening,10.0,-1.0,-2.0
2025-11-03,142.61959838867188,0.7700254889669327,0.7672207584488221,101.7267448388634,99.66772343679615,XLV,ヘルスケア,defensive,Weakening,9.0,-1.0,-1.0
2025-11-04,143.26138305664062,0.77864083531585,0.7710274507378314,101.86194000374303,99.86014754050174,XLV,ヘルスケア,defensive,Weakening,10.0,0.0,1.0
2025-11-05,143.8142852783203,0.7770974966199398,0.7730507993652009,101.89516029681953,99.93096741625875,XLV,ヘルスケア,defensive,Weakening,10.0,0.0,1.0
2025-11-06,144.09071350097656,0.784116750175662,0.7767394496353546,102.01125804760869,99.99206478466212,XLV,ヘルスケア,defensive,Weakening,11.0,1.0,2.0
2025-11-07,144.28819274902344,0.7786607547303739,0.7773798846670277,101.96264035683478,99.96685483411606,XLV,ヘルスケア,defensive,Weakening,11.0,1.0,2.0
2025-11-10,145.41372680664062,0.7802419643707312,0.778333911234929,101.93695446010207,99.91959888071098,XLV,ヘルスケア,defensive,Weakening,11.0,2.0,3.0
2025-11-11,148.77064514160156,0.7936680808581725,0.7834453011093436,102.11777806875493,99.95288284830013,XLV,ヘルスケア,defensive,Weakening,11.0,1.0,1.0
2025-11-12,150.88356018066406,0.8030355398858731,0.7899753807015202,102.33684488111241,100.13154109552157,XLV,ヘルスケア,defensive,Leading,11.0,1.0,1.0
2025-11-13,150.8045654296875,0.811792498897897,0.7972477534336457,102.53827225910759,100.21858926366664,XLV,ヘルスケア,defensive,Leading,11.0,0.0,-1.0
2025-11-14,149.90609741210938,0.8099281313956772,0.8014745460876562,102.56279254155824,100.29770555852818,XLV,ヘルスケア,defensive,Leading,11.0,0.0,-1.0
2025-11-17,149.77774047851562,0.8200022104345375,0.8076504342032833,102.6482133327606,100.41974890558592,XLV,ヘルスケア,defensive,Leading,11.0,0.0,-2.0
2025-11-18,150.6564483642578,0.8243224446926852,0.8132077710330841,102.68016397410335,100.28872915379722,XLV,ヘルスケア,defensive,Leading,11.0,0.0,-1.0
2025-11-19,150.39974975585938,0.8254166338326092,0.8172773919662593,102.64202639083746,100.04661362821739,XLV,ヘルスケア,defensive,Leading,11.0,0.0,-1.0
2025-11-20,149.50128173828125,0.8306190766974924,0.8217246202100037,102.61620357339886,99.82597518681325,XLV,ヘルスケア,defensive,Weakening,11.0,0.0,0.0
2025-11-21,152.65086364746094,0.8317728367757987,0.8250740257319354,102.55441552173262,99.744581133407,XLV,ヘルスケア,defensive,Weakening,11.0,0.0,0.0
2025-11-24,153.29261779785156,0.8318216168787623,0.8273232227808778,102.46439498259052,99.57124217697164,XLV,ヘルスケア,defensive,Weakening,11.0,0.0,0.0
2025-11-25,156.75814819335938,0.8387115261684509,0.8311193239100689,102.43116216648136,99.50705580595395,XLV,ヘルスケア,defensive,Weakening,11.0,0.0,0.0
2025-11-26,156.41259765625,0.8310639442916331,0.831100864037257,102.29151158603867,99.40203318869654,XLV,ヘルスケア,defensive,Weakening,11.0,0.0,0.0
2025-11-28,155.65232849121094,0.822576813545414,0.8282595138733094,102.09002569634505,99.2286808474227,XLV,ヘルスケア,defensive,Weakening,11.0,0.0,0.0
2025-12-01,153.32223510742188,0.8158430379249396,0.8241206885571862,101.87437034288668,99.09063359527073,XLV,ヘルスケア,defensive,Weakening,11.0,0.0,0.0
2025-12-02,152.40402221679688,0.8117252791924707,0.8199888854356145,101.67952718210202,99.00862821476358,XLV,ヘルスケア,defensive,Weakening,11.0,0.0,0.0
2025-12-03,153.1149139404297,0.8093363556397809,0.8164380421703367,101.51647879049096,98.90801738839545,XLV,ヘルスケア,defensive,Weakening,11.0,0.0,0.0
2025-12-04,151.94984436035156,0.8029264261979754,0.8119341701795496,101.33753132645509,98.90153194657076,XLV,ヘルスケア,defensive,Weakening,11.0,0.0,0.0
2025-12-05,151.31796264648438,0.7977134535424891,0.8071939313005295,101.16099766306486,98.95642642722748,XLV,ヘルスケア,defensive,Weakening,11.0,0.0,0.0
2025-12-08,149.5111541748047,0.7929377741706569,0.8024418789239054,100.99064586490425,99.02815155471966,XLV,ヘルスケア,defensive,Weakening,11.0,0.0,0.0
2025-12-09,148.05979919433594,0.7867243902108778,0.7972027160195629,100.81107190835233,99.06769326819145,XLV,ヘルスケア,defensive,Weakening,10.0,-1.0,-1.0
2025-12-10,150.212158203125,0.7870876202792092,0.7938310174394451,100.68804084553923,99.12963743045158,XLV,ヘルスケア,defensive,Weakening,10.0,-1.0,-1.0
2025-12-11,151.63392639160156,0.7881723400510728,0.7919447916433211,100.60918401107907,99.24453057327106,XLV,ヘルスケア,defensive,Weakening,11.0,0.0,0.0
2025-12-12,152.10781860351562,0.7960315242773717,0.7933070358546714,100.62550340366367,99.43984780913966,XLV,ヘルスケア,defensive,Weakening,11.0,0.0,0.0
2025-12-15,154.12197875976562,0.8055727672207729,0.7973956129767054,100.72224640939027,99.69654519012475,XLV,ヘルスケア,defensive,Weakening,11.0,0.0,0.0
2025-12-16,152.1177215576172,0.800720289368732,0.7985038384407143,100.73010765067899,99.87432640130106,XLV,ヘルスケア,defensive,Weakening,10.0,0.0,1.0
2025-12-17,151.8412322998047,0.8014321304871879,0.7994799357895389,100.73436174323926,99.99041491535392,XLV,ヘルスケア,defensive,Weakening,10.0,0.0,1.0
2025-12-18,151.95973205566406,0.8003464234507122,0.79976876500993,100.71810201668862,100.04361841886819,XLV,ヘルスケア,defensive,Leading,10.0,-1.0,-1.0
2025-12-19,152.9766845703125,0.8027784332709265,0.8007719877635955,100.72459988380402,100.02922598497216,XLV,ヘルスケア,defensive,Leading,9.0,-2.0,-2.0
2025-12-22,153.98507690429688,0.8021247522959742,0.8012229092743884,100.7143645878625,99.92392069773861,XLV,ヘルスケア,defensive,Weakening,8.0,-3.0,-3.0
2025-12-23,153.67770385742188,0.8023892367232692,0.801611685090682,100.70285539690163,99.90212406544804,XLV,ヘルスケア,defensive,Weakening,8.0,-2.0,-2.0
2025-12-24,154.4808349609375,0.8036691054443915,0.8022974918752519,100.70250281837482,99.89154245786665,XLV,ヘルスケア,defensive,Weakening,8.0,-2.0,-2.0
2025-12-26,154.72872924804688,0.8047510643388838,0.8031153493631292,100.70855983760269,99.9043083071117,XLV,ヘルスケア,defensive,Weakening,8.0,-2.0,-1.0
2025-12-29,154.49075317382812,0.8048419745266676,0.8036908910843088,100.70856725211858,99.88791127116312,XLV,ヘルスケア,defensive,Weakening,9.0,0.0,2.0
2025-12-30,154.36184692382812,0.8054607187876803,0.8042808336520993,100.70962924678021,99.89921638084289,XLV,ヘルスケア,defensive,Weakening,9.0,1.0,4.0
2025-12-31,153.4893035888672,0.8078064568302181,0.805456041378139,100.73156879058818,99.95535668516318,XLV,ヘルスケア,defensive,Weakening,8.0,0.0,2.0
2026-01-02,154.1932830810547,0.8060412507425117,0.8056511111662633,100.71547097037782,99.98153699641128,XLV,ヘルスケア,defensive,Weakening,9.0,1.0,3.0
2026-01-05,153.7272491455078,0.7962152334927503,0.8025058186084256,100.56494980599555,99.86328013839825,XLV,ヘルスケア,defensive,Weakening,8.0,0.0,2.0
2026-01-06,156.75144958496094,0.8021939003401541,0.8024018458523352,100.53644096726042,99.88294904222333,XLV,ヘルスケア,defensive,Weakening,8.0,-1.0,-1.0
2026-01-07,158.3081512451172,0.8193522361144686,0.8080519759397131,100.74802936965612,100.36672060996544,XLV,ヘルスケア,defensive,Leading,8.0,-1.0,-2.0
2026-01-08,156.78118896484375,0.8045514248142137,0.8068851255645467,100.67364538470068,100.26239518592217,XLV,ヘルスケア,defensive,Leading,8.0,0.0,0.0
2026-01-09,155.97804260253906,0.7958121015996699,0.8031941175762545,100.48950851419984,99.92049634877054,XLV,ヘルスケア,defensive,Weakening,8.0,-1.0,-2.0
2026-01-12,156.04745483398438,0.7954416480044901,0.8006099610523331,100.35213604703672,99.9705773338936,XLV,ヘルスケア,defensive,Weakening,8.0,0.0,0.0
2026-01-13,155.41287231445312,0.7922069053060732,0.7978089424702466,100.20253867994994,99.68913382227954,XLV,ヘルスケア,defensive,Weakening,8.0,0.0,1.0
2026-01-14,156.5233917236328,0.7942534700284193,0.7966237849896376,100.12274308217091,98.9964951395543,XLV,ヘルスケア,defensive,Weakening,8.0,0.0,1.0
2026-01-15,155.6310272216797,0.7862428100086237,0.7931634599959664,99.9319639076822,98.71845569624303,XLV,ヘルスケア,defensive,Lagging,7.0,-1.0,-1.0
2026-01-16,154.4213409423828,0.782130315263956,0.7894857450852963,99.72435650898659,98.65841198818316,XLV,ヘルスケア,defensive,Lagging,7.0,-1.0,0.0
2026-01-20,154.08421325683594,0.7922438570690534,0.7904051157465488,99.73847310463887,98.99208072024439,XLV,ヘルスケア,defensive,Lagging,7.0,-1.0,-1.0
2026-01-21,156.9199981689453,0.7933907741815829,0.7914003352248935,99.75724588006639,99.38598360221522,XLV,ヘルスケア,defensive,Lagging,7.0,-1.0,-1.0
2026-01-22,156.94973754882812,0.7925077932421405,0.7917694878973092,99.74305119376889,99.54168563910547,XLV,ヘルスケア,defensive,Lagging,7.0,-1.0,-1.0
2026-01-23,156.1466064453125,0.7919827375843964,0.7918405711263383,99.71479977162073,99.94367232599939,XLV,ヘルスケア,defensive,Lagging,7.0,0.0,1.0
2026-01-26,156.76136779785156,0.7932251776077839,0.7923021066201535,99.70718966932502,100.42856117272207,XLV,ヘルスケア,defensive,Improving,7.0,0.0,1.0
2026-01-27,154.1337890625,0.7811448998752573,0.7885830377051881,99.45958054763886,99.7855875147043,XLV,ヘルスケア,defensive,Lagging,7.0,0.0,1.0
2026-01-28,153.00343322753906,0.7780367207418203,0.7850675987173988,99.21152612494903,99.14166884012552,XLV,ヘルスケア,defensive,Lagging,7.0,0.0,1.0
2026-01-29,152.51759338378906,0.7745503832381954,0.781561860224331,98.95416941572114,98.58820192452427,XLV,ヘルスケア,defensive,Lagging,6.0,-1.0,0.0
2026-01-30,153.42982482910156,0.780913899370356,0.7813458732730061,98.89035254872684,98.5400591086761,XLV,ヘルスケア,defensive,Lagging,3.0,-4.0,-4.0
2026-02-02,154.37176513671875,0.781682879567588,0.7814582087045334,98.84948462381955,98.50814150805272,XLV,ヘルスケア,defensive,Lagging,4.0,-3.0,-3.0
2026-02-03,152.7952423095703,0.7757649721463844,0.7795604631851505,98.6779006770557,98.72228520165258,XLV,ヘルスケア,defensive,Lagging,4.0,-3.0,-3.0
2026-02-04,154.70889282226562,0.7786966637243782,0.7792725300315597,98.61385136615165,99.16710769336925,XLV,ヘルスケア,defensive,Lagging,4.0,-3.0,-3.0
2026-02-05,153.52896118164062,0.7795295508371305,0.7793582036334167,98.58878410112503,99.71365738446666,XLV,ヘルスケア,defensive,Lagging,4.0,-2.0,-1.0
2026-02-06,156.37466430664062,0.7794538224624096,0.7793900765764143,98.5672449722849,99.82771743539007,XLV,ヘルスケア,defensive,Lagging,5.0,2.0,6.0
2026-02-09,154.99644470214844,0.7721259254647819,0.7769686928725369,98.3957568732634,99.54744586761667,XLV,ヘルスケア,defensive,Lagging,5.0,1.0,4.0
2026-02-10,154.0148162841797,0.7645159538453766,0.7728177798634835,98.1251302656396,99.34059275393506,XLV,ヘルスケア,defensive,Lagging,5.0,1.0,4.0
2026-02-11,154.92701721191406,0.7676832861115692,0.7711062819461788,98.0411327024529,99.31823889917032,XLV,ヘルスケア,defensive,Lagging,5.0,1.0,4.0
2026-02-12,154.67913818359375,0.7766469876755329,0.7729531838559636,98.21010739866645,99.7991042996168,XLV,ヘルスケア,defensive,Lagging,5.0,1.0,3.0
2026-02-13,156.3350067138672,0.7769130388922452,0.7742731355347241,98.34892722907202,100.2147055793873,XLV,ヘルスケア,defensive,Improving,5.0,0.0,-2.0
2026-02-17,156.03753662109375,0.7767748919902768,0.7751070543532417,98.45838611319431,100.95151699324443,XLV,ヘルスケア,defensive,Improving,5.0,0.0,-1.0
2026-02-18,156.3350067138672,0.7742414953234869,0.7748185346766567,98.49547320145604,101.77469658388287,XLV,ヘルスケア,defensive,Improving,5.0,0.0,-1.0
2026-02-19,155.928466796875,0.7738628059331667,0.7744999584288268,98.53109496864685,102.14024631909642,XLV,ヘルスケア,defensive,Improving,5.0,0.0,-1.0
2026-02-20,155.49220275878906,0.7681055871313479,0.7723685013296673,98.45661002960942,101.55081336262926,XLV,ヘルスケア,defensive,Improving,5.0,0.0,-1.0
2026-02-23,157.1976318359375,0.7851474346736416,0.7766281457776587,98.76139447752146,101.97938874833007,XLV,ヘルスケア,defensive,Improving,5.0,0.0,0.0
2026-02-24,156.53329467773438,0.7756425974412465,0.7762996296655214,98.77593172399328,101.68944248437313,XLV,ヘルスケア,defensive,Improving,5.0,0.0,0.0
2026-02-25,156.49365234375,0.7749891715781204,0.7758628103030545,98.7781338325034,101.56142994649474,XLV,ヘルスケア,defensive,Improving,5.0,0.0,0.0
2026-02-26,156.08712768554688,0.7686340863062384,0.7734532356374493,98.65126177580467,101.11379845503676,XLV,ヘルスケア,defensive,Improving,5.0,0.0,0.0
2026-02-27,158.8435821533203,0.7812920081575804,0.7760661598108264,98.83414793965122,101.7120426439658,XLV,ヘルスケア,defensive,Improving,5.0,0.0,0.0
2026-03-02,157.18771362304688,0.7745834438337461,0.7755719211517996,98.80806471468684,100.85514576405684,XLV,ヘルスケア,defensive,Improving,5.0,0.0,0.0
2026-03-03,155.41287231445312,0.7753497685971993,0.7754978703002663,98.81099211694165,100.80161001935267,XLV,ヘルスケア,defensive,Improving,4.0,-1.0,-1.0
2026-03-04,155.7202606201172,0.7737817559225645,0.7749258321743657,98.78164095182612,100.69822274128904,XLV,ヘルスケア,defensive,Improving,4.0,-1.0,-1.0
2026-03-05,152.60684204101562,0.7671972173837267,0.7723496272441528,98.60531062993967,100.55044829175398,XLV,ヘルスケア,defensive,Improving,4.0,-1.0,-1.0
2026-03-06,151.40708923339844,0.7703465995482394,0.771681951345515,98.58063345888775,99.99561384848744,XLV,ヘルスケア,defensive,Lagging,3.0,-2.0,-2.0
2026-03-09,152.95387268066406,0.7760232157013328,0.773129039464121,98.72833727978333,100.42306856197222,XLV,ヘルスケア,defensive,Improving,3.0,-2.0,-2.0
2026-03-10,151.85325622558594,0.7762599372976884,0.7741726720753102,98.84707405650667,100.70903152342633,XLV,ヘルスケア,defensive,Improving,3.0,-1.0,0.0
2026-03-11,151.5558319091797,0.7773012994434423,0.7752155478646876,98.96571666624982,101.0874240002723,XLV,ヘルスケア,defensive,Improving,3.0,-1.0,0.0
2026-03-12,148.8885955810547,0.7756167076815486,0.7753492678036413,99.00844124042402,101.65207704591762,XLV,ヘルスケア,defensive,Improving,3.0,-1.0,0.0
2026-03-13,148.52171325683594,0.7737453957727598,0.7748146437933476,98.99542811960184,101.63751493990002,XLV,ヘルスケア,defensive,Improving,3.0,0.0,2.0
2026-03-16,149.73138427734375,0.7742858222738406,0.774638369953512,99.01023676771185,101.2279113926592,XLV,ヘルスケア,defensive,Improving,3.0,0.0,2.0
2026-03-17,148.37298583984375,0.7629955134121341,0.7707574177730527,98.73845267083686,100.09864385974528,XLV,ヘルスケア,defensive,Improving,2.0,-1.0,0.0
2026-03-18,145.8941650390625,0.7602532756945836,0.7672560370802297,98.51409854712666,99.12612250310704,XLV,ヘルスケア,defensive,Lagging,1.0,-2.0,-1.0
2026-03-19,145.36863708496094,0.7581024773085596,0.764204850489673,98.34052510931679,98.55928493124406,XLV,ヘルスケア,defensive,Lagging,1.0,-2.0,-1.0
2026-03-20,144.0994873046875,0.7626882875059925,0.7636993294951129,98.36589783471197,98.71173750584873,XLV,ヘルスケア,defensive,Lagging,1.0,-2.0,-2.0
2026-03-23,144.13433837890625,0.7548257246148374,0.7607414612016878,98.2143198447858,98.32124198658495,XLV,ヘルスケア,defensive,Lagging,1.0,-2.0,-2.0
2026-03-24,144.15423583984375,0.7540252144878828,0.7585027122970862,98.12673624229232,98.86110409632737,XLV,ヘルスケア,defensive,Lagging,1.0,-1.0,0.0
2026-03-25,145.59788513183594,0.7579038210115124,0.7583030818685617,98.18698730116954,99.64593420061894,XLV,ヘルスケア,defensive,Lagging,1.0,0.0,2.0
2026-03-26,145.10008239746094,0.7623090786030713,0.7596384141133983,98.34626905022394,100.54726223935057,XLV,ヘルスケア,defensive,Improving,1.0,0.0,2.0
2026-03-27,142.63095092773438,0.759754461965265,0.7596770967306872,98.4040142356705,100.63098488164775,XLV,ヘルスケア,defensive,Improving,1.0,0.0,2.0
2026-03-30,143.18850708007812,0.764306036086086,0.7612200765158202,98.56013906395626,101.4272027465673,XLV,ヘルスケア,defensive,Improving,1.0,0.0,2.0
2026-03-31,145.96624755859375,0.7635032746844836,0.7619811425720415,98.65323173115567,101.83642686107036,XLV,ヘルスケア,defensive,Improving,1.0,0.0,1.0
2026-04-01,147.08132934570312,0.7668586029761757,0.763606962706753,98.80340940826828,101.98089778916362,XLV,ヘルスケア,defensive,Improving,1.0,0.0,0.0
2026-04-02,146.16537475585938,0.7599122194573856,0.7623753816236306,98.73946344139581,101.38528284436404,XLV,ヘルスケア,defensive,Improving,1.0,0.0,0.0
2026-04-06,145.6376953125,0.7539279918904954,0.7595595850459189,98.5552687363031,100.77688284347755,XLV,ヘルスケア,defensive,Improving,1.0,0.0,0.0
2026-04-07,145.9264373779297,0.7571015515719612,0.7587402405545998,98.52815057213111,100.31908361567906,XLV,ヘルスケア,defensive,Improving,1.0,0.0,0.0
2026-04-08,149.0128173828125,0.7556572517709464,0.7577125776267154,98.48343409939066,99.97847048929125,XLV,ヘルスケア,defensive,Lagging,1.0,0.0,0.0
2026-04-09,148.67431640625,0.753483932888062,0.7563030293804976,98.38653360105138,99.3864786441101,XLV,ヘルスケア,defensive,Lagging,1.0,0.0,0.0
2026-04-10,146.66317749023438,0.7486965777595852,0.7537675455068602,98.19726098350503,99.10156557048148,XLV,ヘルスケア,defensive,Lagging,1.0,0.0,0.0
2026-04-13,147.32028198242188,0.7438053788319843,0.7504468232819016,97.96132039254393,98.99718701380216,XLV,ヘルスケア,defensive,Lagging,1.0,0.0,0.0
2026-04-14,148.17649841308594,0.745018312258649,0.7486373196074841,97.86730892600602,98.86387395215368,XLV,ヘルスケア,defensive,Lagging,1.0,0.0,0.0
2026-04-15,147.12115478515625,0.7394528786238953,0.7455758392796212,97.69486318138749,98.59556827278253,XLV,ヘルスケア,defensive,Lagging,1.0,0.0,0.0
2026-04-16,145.96624755859375,0.7303206738891176,0.7404907841494534,97.39887290877466,98.17330838888091,XLV,ヘルスケア,defensive,Lagging,1.0,0.0,0.0
2026-04-17,148.14663696289062,0.732035736600867,0.7376724349665913,97.33317845183363,98.47485267247077,XLV,ヘルスケア,defensive,Lagging,1.0,0.0,0.0
2026-04-20,146.77268981933594,0.7229691047028379,0.7327713248786736,97.16317436474682,98.63062376526119,XLV,ヘルスケア,defensive,Lagging,1.0,0.0,0.0
2026-04-21,145.27928161621094,0.7200291882989376,0.7285239460187616,97.07916045828256,98.66989048778271,XLV,ヘルスケア,defensive,Lagging,1.0,0.0,0.0
2026-04-22,145.7372589111328,0.7226201161196321,0.7265560027190519,97.15490685308178,99.24325752502244,XLV,ヘルスケア,defensive,Lagging,1.0,0.0,0.0
2026-04-23,145.59788513183594,0.7219647173421139,0.7250255742600725,97.24611805756058,100.1196015978226,XLV,ヘルスケア,defensive,Improving,1.0,0.0,0.0
2026-04-24,143.5469207763672,0.713274515835316,0.7211085547851537,97.19556144684768,100.15130353601795,XLV,ヘルスケア,defensive,Improving,1.0,0.0,0.0
2026-04-27,142.83009338378906,0.7105567537109184,0.7175912877604087,97.18289522214943,100.50937082633551,XLV,ヘルスケア,defensive,Improving,1.0,0.0,0.0
2026-04-28,143.20840454101562,0.716093979291863,0.7170921849375602,97.34141781232323,101.03496603647612,XLV,ヘルスケア,defensive,Improving,1.0,0.0,0.0
2026-04-29,142.21279907226562,0.7123574367245947,0.7155139355332384,97.43104489482654,101.03311898000364,XLV,ヘルスケア,defensive,Improving,1.0,0.0,0.0
2026-04-30,145.34898376464844,0.7172231835219218,0.7160836848627996,97.61586999182022,101.20718932979813,XLV,ヘルスケア,defensive,Improving,1.0,0.0,0.0
2026-05-01,144.5226287841797,0.7153255790294993,0.7158309829183662,97.7370330464162,101.5451580687173,XLV,ヘルスケア,defensive,Improving,1.0,0.0,0.0
2026-05-04,144.09449768066406,0.717380198377371,0.7163473880713679,97.8777606349749,101.82530237313348,XLV,ヘルスケア,defensive,Improving,1.0,0.0,0.0
2026-05-05,144.66200256347656,0.7145357544893969,0.7157435102107109,97.95432735549096,101.58737284174973,XLV,ヘルスケア,defensive,Improving,1.0,0.0,0.0
2026-05-06,144.7615509033203,0.7094077598742207,0.7136315934318809,97.95841141408854,101.34919764113575,XLV,ヘルスケア,defensive,Improving,1.0,0.0,0.0
2026-05-07,144.0845489501953,0.7106346032160783,0.71263259669328,98.01073732809195,101.02106343085096,XLV,ヘルスケア,defensive,Improving,1.0,0.0,0.0
2026-05-08,142.85995483398438,0.7026615139741716,0.7093089024535773,97.96289885194514,100.62597537819329,XLV,ヘルスケア,defensive,Improving,1.0,0.0,0.0
2026-05-11,142.41192626953125,0.7008355788772568,0.7064844612614705,97.94508037308717,100.25712031956347,XLV,ヘルスケア,defensive,Improving,1.0,0.0,0.0
2026-05-12,145.2095947265625,0.7152346012656701,0.7094011745962037,98.15811862424003,100.53945583610192,XLV,ヘルスケア,defensive,Improving,1.0,0.0,0.0
2026-05-13,146.06581115722656,0.7226074129587996,0.7138032540504023,98.40923612508082,101.06204461342283,XLV,ヘルスケア,defensive,Improving,2.0,1.0,1.0
2026-05-14,145.9861602783203,0.7195891774787259,0.7157318951931769,98.54412826195642,101.20768440513241,XLV,ヘルスケア,defensive,Improving,3.0,2.0,2.0
2026-05-15,144.462890625,0.7194997353796899,0.7169878419220146,98.6439027123203,101.48214494386784,XLV,ヘルスケア,defensive,Improving,2.0,1.0,1.0
2026-05-18,145.0801544189453,0.7181559292558507,0.7173772043666267,98.70423839071242,101.59597031224467,XLV,ヘルスケア,defensive,Improving,3.0,2.0,2.0
2026-05-19,146.6731414794922,0.7302905330360521,0.7216816472564351,98.91448985059547,101.55255036002663,XLV,ヘルスケア,defensive,Improving,4.0,3.0,3.0
2026-05-20,146.48397827148438,0.7214408053585762,0.7216013666238156,98.9452340160376,101.08054127215922,XLV,ヘルスケア,defensive,Improving,4.0,2.0,1.0
2026-05-21,147.49948120117188,0.7233193598470651,0.7221740310315654,99.00073690034462,100.90045940802891,XLV,ヘルスケア,defensive,Improving,5.0,2.0,0.0
2026-05-22,149.23184204101562,0.7251901536667339,0.7231794052432883,99.07135768005568,100.83800442253805,XLV,ヘルスケア,defensive,Improving,6.0,4.0,3.0
2026-05-26,147.85791015625,0.7148455545163631,0.72040145500098,98.98970011226376,100.53951928747077,XLV,ヘルスケア,defensive,Improving,7.0,4.0,2.0
2026-05-27,148.1366729736328,0.7167110131506852,0.7191713077175484,98.97146459627245,100.0643574892554,XLV,ヘルスケア,defensive,Improving,7.0,3.0,0.0
2026-05-28,150.21751403808594,0.7241261469747348,0.7208229208032773,99.0693723395667,100.20648824825744,XLV,ヘルスケア,defensive,Improving,7.0,3.0,1.0
2026-05-29,148.81369018554688,0.7153666246487864,0.719004155418447,99.024262474112,100.00529679779889,XLV,ヘルスケア,defensive,Improving,9.0,4.0,2.0
2026-06-01,147.1908416748047,0.7062801707408309,0.714762827192575,98.88122605038639,99.55935514464676,XLV,ヘルスケア,defensive,Lagging,9.0,3.0,-1.0
2026-06-02,145.75717163085938,0.6966371323614942,0.708720928915548,98.6689773780336,99.2967687283148,XLV,ヘルスケア,defensive,Lagging,8.0,1.0,-3.0
2026-06-03,146.90213012695312,0.7047600879147651,0.7074006485819537,98.65502578441762,99.31917802230315,XLV,ヘルスケア,defensive,Lagging,9.0,2.0,-1.0
2026-06-04,151.4122314453125,0.7209534737548925,0.7119182569729334,98.87958831401627,99.59148100902519,XLV,ヘルスケア,defensive,Lagging,9.0,2.0,-1.0
2026-06-05,152.33815002441406,0.7358327457903646,0.7198897532454105,99.24372773250508,100.43759693251384,XLV,ヘルスケア,defensive,Improving,10.0,1.0,-3.0
2026-06-08,151.97972106933594,0.7348793911272261,0.7248862992060158,99.48228593684085,101.20462748429986,XLV,ヘルスケア,defensive,Improving,10.0,1.0,-2.0
2026-06-09,153.8913116455078,0.7385023066158477,0.7294249683426265,99.70532695501088,102.00818293462478,XLV,ヘルスケア,defensive,Improving,10.0,2.0,1.0
2026-06-10,152.17886352539062,0.7396902439550801,0.7328467268801111,99.88526378246372,102.26494574628596,XLV,ヘルスケア,defensive,Improving,10.0,1.0,-1.0
2026-06-11,153.4134063720703,0.7342433750610251,0.7333122762737492,99.93536471506076,101.86066671992768,XLV,ヘルスケア,defensive,Improving,10.0,1.0,-1.0
2026-06-12,153.13462829589844,0.7263297446375285,0.7309847657283424,99.854138565085,101.0130673788086,XLV,ヘルスケア,defensive,Improving,10.0,0.0,-1.0
2026-06-15,152.2186737060547,0.7178137017914469,0.7265944110827105,99.66743478568652,100.22109474315641,XLV,ヘルスケア,defensive,Improving,10.0,0.0,-1.0
2026-06-16,152.26846313476562,0.7204513999940799,0.7245467407198337,99.58999052742874,99.65903990601181,XLV,ヘルスケア,defensive,Lagging,9.0,-1.0,-3.0
2026-06-17,150.04824829101562,0.7207491023217598,0.7232808612538091,99.54937139990449,99.24062575444079,XLV,ヘルスケア,defensive,Lagging,8.0,-2.0,-3.0
2026-06-18,148.74398803710938,0.7111832728952047,0.719248331800941,99.36016585274722,98.78430661714366,XLV,ヘルスケア,defensive,Lagging,8.0,-2.0,-3.0
2026-06-22,150.05999755859375,0.715900945191749,0.7181325362645438,99.32395732139602,98.86191411787917,XLV,ヘルスケア,defensive,Lagging,8.0,-2.0,-2.0
2026-06-23,152.17999267578125,0.7285173685692612,0.7215941470327829,99.53976548116383,99.594358621372,XLV,ヘルスケア,defensive,Lagging,8.0,-2.0,-2.0
2026-06-24,153.35000610351562,0.7289191108676694,0.7240358016444117,99.7024108976243,100.03635409543894,XLV,ヘルスケア,defensive,Improving,8.0,-1.0,0.0
2026-06-25,155.6300048828125,0.7349705071207202,0.7276807034698479,99.93957877446164,100.56025689658404,XLV,ヘルスケア,defensive,Improving,8.0,0.0,2.0
2026-06-26,160.33999633789062,0.7623983557568101,0.7392532542321687,100.65914940267372,102.21290719871594,XLV,ヘルスケア,defensive,Leading,9.0,1.0,3.0
2026-06-29,160.74000549316406,0.7544707964829942,0.7443257683157772,101.00329869860167,102.7037163881317,XLV,ヘルスケア,defensive,Leading,10.0,2.0,4.0
2026-06-30,158.66000366210938,0.7456878341692308,0.7447797902669284,101.07533028265219,102.30998331251784,XLV,ヘルスケア,defensive,Leading,10.0,2.0,4.0
2026-07-01,159.5399932861328,0.7475750459136462,0.7457115421491678,101.18431114905769,102.11764618140425,XLV,ヘルスケア,defensive,Leading,10.0,2.0,3.0
2026-07-02,163.74000549316406,0.7619003429482186,0.7511078090821848,101.59203388297828,102.27590227185657,XLV,ヘルスケア,defensive,Leading,11.0,3.0,3.0
2026-07-06,161.9600067138672,0.7533023568086846,0.7518393249910181,101.69153495958969,101.27060277704915,XLV,ヘルスケア,defensive,Leading,11.0,2.0,1.0
2026-07-07,164.44000244140625,0.765798936866075,0.7564925289493705,102.02967633873207,101.2245277051865,XLV,ヘルスケア,defensive,Leading,11.0,1.0,-1.0
2026-07-08,162.3000030517578,0.7648445117147881,0.7592765232045098,102.21907062692148,101.3564430469502,XLV,ヘルスケア,defensive,Leading,11.0,1.0,-1.0
2026-07-09,162.1699981689453,0.7595784457561842,0.7593771640550679,102.2153032442687,101.14861441081838,XLV,ヘルスケア,defensive,Leading,11.0,1.0,-1.0
2026-07-10,160.83999633789062,0.7505366031144876,0.756430310408208,102.0114797552859,100.2145514062115,XLV,ヘルスケア,defensive,Leading,11.0,0.0,-3.0
2026-07-13,161.41000366210938,0.7534425938531645,0.7554344048898602,101.9342919443222,99.92801138290986,XLV,ヘルスケア,defensive,Weakening,11.0,0.0,-2.0
2026-07-14,158.2899932861328,0.7415788032291015,0.7508158710029407,101.61569225236647,98.91336877283828,XLV,ヘルスケア,defensive,Weakening,10.0,-1.0,-2.0
2026-07-15,158.2899932861328,0.7432501872509977,0.7482939764189598,101.44380841197494,98.36780744866249,XLV,ヘルスケア,defensive,Weakening,10.0,-1.0,-2.0
2026-07-16,161.8000030517578,0.7523482046338018,0.7496453858239072,101.52262005387456,98.48622675679826,XLV,ヘルスケア,defensive,Weakening,10.0,-1.0,-2.0
2026-07-17,161.08999633789062,0.7549796129929911,0.7514234615469352,101.60781279361248,98.89136012930143,XLV,ヘルスケア,defensive,Weakening,10.0,-1.0,-1.0
2026-07-20,159.25,0.7496940089103226,0.750846977334731,101.53072886645236,98.86021854767766,XLV,ヘルスケア,defensive,Weakening,10.0,-1.0,-1.0
2026-07-21,160.25,0.7531961089369703,0.7516300212021442,101.533722959157,99.34160731646199,XLV,ヘルスケア,defensive,Weakening,10.0,0.0,1.0
2026-07-22,159.42999267578125,0.7495533378619488,0.7509377934220791,101.44054065523122,99.43603262252965,XLV,ヘルスケア,defensive,Weakening,10.0,0.0,1.0
2026-07-23,161.44000244140625,0.761796922594838,0.7545575031463322,101.60817656291196,99.56133249688412,XLV,ヘルスケア,defensive,Weakening,10.0,0.0,1.0
2026-07-24,162.57000732421875,0.7612024242590517,0.756772476850572,101.67588850626885,99.52362187160335,XLV,ヘルスケア,defensive,Weakening,10.0,0.0,1.0
2026-07-27,163.39999389648438,0.7593642506656486,0.7576364014555976,101.65805908385998,99.61619656597276,XLV,ヘルスケア,defensive,Weakening,10.0,0.0,1.0
2026-07-28,167.25999450683594,0.768340266576348,0.7612043564958478,101.78923543407052,99.8298552665079,XLV,ヘルスケア,defensive,Weakening,10.0,0.0,0.0
2026-07-29,166.24000549316406,0.7705929114425076,0.7643338748114012,101.8811650243047,100.14419384891673,XLV,ヘルスケア,defensive,Leading,11.0,1.0,1.0
2026-07-30,163.52000427246094,0.7592162715449449,0.7626280070559158,101.71046053424482,99.56608355143119,XLV,ヘルスケア,defensive,Weakening,11.0,1.0,1.0
2026-07-31,162.5500030517578,0.7560113818178334,0.7604224653098883,101.52772944600103,99.15394949311266,XLV,ヘルスケア,defensive,Weakening,10.0,0.0,0.0
2026-08-03,162.24000549316406,0.747270991833937,0.7560386408179045,101.24313145045511,98.73882536567339,XLV,ヘルスケア,defensive,Weakening,10.0,0.0,0.0
2026-08-04,162.10000610351562,0.736048718377401,0.7493753333377366,100.84909409868939,97.96117316460877,XLV,ヘルスケア,defensive,Weakening,10.0,0.0,0.0
2026-08-05,164.16000366210938,0.7470987432488034,0.748616469974759,100.78114599571978,97.82830275769074,XLV,ヘルスケア,defensive,Weakening,10.0,-1.0,-2.0
2026-08-06,164.4499969482422,0.7523560964893267,0.7498630121462815,100.82266532270751,98.24221775311796,XLV,ヘルスケア,defensive,Weakening,10.0,-1.0,-2.0
2026-08-07,165.67999267578125,0.7527829316759266,0.7508363186561633,100.84889683812428,98.61169963533641,XLV,ヘルスケア,defensive,Weakening,10.0,0.0,0.0
2026-08-10,168.44000244140625,0.7648714989906694,0.7555147121009987,101.07860978406038,99.40146103064328,XLV,ヘルスケア,defensive,Weakening,10.0,0.0,0.0
2026-08-11,168.00999450683594,0.7612940896651764,0.7574411712890581,101.1563332250342,100.10785956320919,XLV,ヘルスケア,defensive,Leading,11.0,1.0,1.0
2026-08-12,168.44000244140625,0.7618961509242479,0.7589261645007881,101.2070852917293,100.28160350501729,XLV,ヘルスケア,defensive,Leading,11.0,1.0,2.0
2026-08-13,168.3800048828125,0.7559826162291505,0.7579449817435756,101.11666265386617,100.0863100845137,XLV,ヘルスケア,defensive,Leading,11.0,1.0,2.0
2026-08-14,167.3699951171875,0.751312977094008,0.7557343135270531,100.95850099761402,99.81773127851942,XLV,ヘルスケア,defensive,Weakening,11.0,1.0,1.0
2026-08-17,167.0500030517578,0.7566013321775382,0.7560233197438816,100.94555841837618,99.46948602307859,XLV,ヘルスケア,defensive,Weakening,11.0,1.0,1.0
2026-08-18,169.72999572753906,0.7722371395979647,0.7614279263619094,101.22484753525339,99.79030844420733,XLV,ヘルスケア,defensive,Weakening,11.0,0.0,-1.0
2026-08-19,175.67999267578125,0.7911018457314283,0.7713192328184157,101.73501991724395,100.49718005829004,XLV,ヘルスケア,defensive,Leading,11.0,0.0,-1.0
2026-08-20,172.38999938964844,0.7825948808106249,0.7750777821491521,101.86899040584603,100.83188919866271,XLV,ヘルスケア,defensive,Leading,11.0,0.0,-1.0
2026-08-21,174.6199951171875,0.7877475371479962,0.7793010338154336,102.01035437634496,101.25848910899266,XLV,ヘルスケア,defensive,Leading,11.0,0.0,-1.0
2026-08-24,174.6999969482422,0.7871851606982314,0.7819290761096995,102.05176667078547,101.30650393027678,XLV,ヘルスケア,defensive,Leading,11.0,0.0,-1.0
2026-08-25,175.2899932861328,0.7904134459535656,0.7847571993909882,102.09936713997195,100.94175787067901,XLV,ヘルスケア,defensive,Leading,11.0,0.0,0.0
2026-08-26,173.5399932861328,0.7813245365325747,0.7836129784381838,101.95208695797037,99.96889113074344,XLV,ヘルスケア,defensive,Weakening,11.0,0.0,0.0
2026-08-27,171.5800018310547,0.7748024574195717,0.7806761380986464,101.73092282734589,99.45248028052796,XLV,ヘルスケア,defensive,Weakening,11.0,0.0,0.0
2026-08-28,171.16000366210938,0.7755675461898315,0.7789732741290416,101.58830367227841,99.0513111286809,XLV,ヘルスケア,defensive,Weakening,11.0,0.0,0.0
2026-08-31,170.5399932861328,0.7773371336915162,0.7784278939831999,101.51648184220586,98.90143493041774,XLV,ヘルスケア,defensive,Weakening,10.0,-1.0,-1.0
2026-09-01,171.6699981689453,0.7889608946100758,0.7819388941921586,101.66059083173825,99.04655285510941,XLV,ヘルスケア,defensive,Weakening,10.0,-1.0,-1.0
2026-09-02,172.9499969482422,0.7911710526958705,0.7850162803600625,101.78593901157562,99.43660407026086,XLV,ヘルスケア,defensive,Weakening,10.0,-1.0,-1.0
2026-09-03,173.25999450683594,0.7873664717290805,0.7857996774830687,101.78455889563662,99.74943947030154,XLV,ヘルスケア,defensive,Weakening,10.0,-1.0,-1.0
2026-09-04,171.4499969482422,0.7828766983937999,0.7848253511199791,101.6807215048193,99.80886530213135,XLV,ヘルスケア,defensive,Weakening,10.0,-1.0,-1.0
2026-09-08,167.1300048828125,0.7711438572301689,0.7802648531567091,101.39284908392241,99.51105220817583,XLV,ヘルスケア,defensive,Weakening,10.0,0.0,1.0
2026-09-09,166.5800018310547,0.7760902082777793,0.7788733048637326,101.27733790214529,99.16085214028519,XLV,ヘルスケア,defensive,Weakening,10.0,0.0,1.0
2026-09-10,165.66000366210938,0.7771262611299435,0.7782909569524696,101.20692292341921,98.90589438064514,XLV,ヘルスケア,defensive,Weakening,9.0,-1.0,0.0
2026-09-11,165.36000061035156,0.7695816278125115,0.7753878472391503,101.01725788731689,98.6705177636911,XLV,ヘルスケア,defensive,Weakening,9.0,-1.0,0.0
2026-09-14,167.75,0.7801962898737093,0.77699066145067,101.07216021842622,98.93928450926565,XLV,ヘルスケア,defensive,Weakening,8.0,-2.0,-1.0
2026-09-15,167.66000366210938,0.783604404566711,0.7791952424893503,101.16218513565298,99.50563854240161,XLV,ヘルスケア,defensive,Weakening,8.0,-2.0,-2.0
2026-09-16,167.77000427246094,0.7903241249162053,0.7829048699649688,101.33657318598607,99.92699576003534,XLV,ヘルスケア,defensive,Weakening,9.0,-1.0,-1.0
2026-09-17,168.80999755859375,0.7913834301752483,0.7857310567017286,101.46473253092348,100.2054892741078,XLV,ヘルスケア,defensive,Leading,9.0,0.0,1.0
2024-09-18,41.26575469970703,0.2419825389840463,0.2419825389840463,,,XLE,エネルギー,rate_sensitive,,,,
2024-09-19,41.75863265991211,0.24228779893510696,0.24208429230106654,,,XLE,エネルギー,rate_sensitive,,,,
2024-09-20,41.66474914550781,0.24262866012344775,0.24226574824186028,,,XLE,エネルギー,rate_sensitive,,,,
2024-09-23,42.1792106628418,0.24437324085732032,0.24296824578034698,,,XLE,エネルギー,rate_sensitive,,,,
2024-09-24,42.0750846862793,0.24341370021329123,0.24311673059132843,,,XLE,エネルギー,rate_sensitive,,,,
2024-09-25,41.25157165527344,0.24013424251909643,0.24212256790058445,,,XLE,エネルギー,rate_sensitive,,,,
2024-09-26,40.4422492980957,0.23346873678965158,0.23923795753027352,,,XLE,エネルギー,rate_sensitive,,,,
2024-09-27,41.265769958496094,0.23737077616761484,0.23861556374272064,,,XLE,エネルギー,rate_sensitive,,,,
2024-09-30,41.554473876953125,0.23872456710630285,0.23865189819724808,,,XLE,エネルギー,rate_sensitive,,,,
2024-10-01,42.501041412353516,0.24546408679300422,0.2409226277291668,,,XLE,エネルギー,rate_sensitive,,,,
2024-10-02,42.936466217041016,0.24824352103191683,0.24336292549675015,,,XLE,エネルギー,rate_sensitive,,,,
2024-10-03,43.69371795654297,0.25381935208117296,0.24684840102489108,,,XLE,エネルギー,rate_sensitive,,,,
2024-10-04,44.10074996948242,0.25418968114624574,0.249295494398676,,,XLE,エネルギー,rate_sensitive,,,,
2024-10-07,44.256935119628906,0.2570911133800775,0.2518940340591432,,,XLE,エネルギー,rate_sensitive,,,,
2024-10-08,43.102115631103516,0.24979057666163149,0.25119288159330594,,,XLE,エネルギー,rate_sensitive,,,,
2024-10-09,43.362422943115234,0.2495846257332504,0.25065679630662074,,,XLE,エネルギー,rate_sensitive,,,,
2024-10-10,43.65585708618164,0.25221859213088077,0.2511773949147074,,,XLE,エネルギー,rate_sensitive,,,,
2024-10-11,43.92563247680664,0.2513085466426373,0.2512211121573507,,,XLE,エネルギー,rate_sensitive,,,,
2024-10-14,43.90670394897461,0.24937052238712193,0.2506042489006078,,,XLE,エネルギー,rate_sensitive,,,,
2024-10-15,42.4915771484375,0.2424302150657455,0.24787957095565372,,,XLE,エネルギー,rate_sensitive,,,,
2024-10-16,42.69508743286133,0.24195503148368588,0.24590472446499778,,,XLE,エネルギー,rate_sensitive,,,,
2024-10-17,42.89860153198242,0.24349712860055198,0.24510219251018253,,,XLE,エネルギー,rate_sensitive,,,,
2024-10-18,42.756614685058594,0.24197064502535337,0.24405834334857282,,,XLE,エネルギー,rate_sensitive,,,,
2024-10-21,42.62882995605469,0.24332115619840672,0.24381261429851747,,,XLE,エネルギー,rate_sensitive,,,,
2024-10-22,42.72821807861328,0.24498897686458268,0.24420473515387253,,,XLE,エネルギー,rate_sensitive,,,,
2024-10-23,42.505775451660156,0.24451721854513905,0.2443088962842947,,,XLE,エネルギー,rate_sensitive,,,,
2024-10-24,42.501041412353516,0.24443531619744463,0.24435103625534468,,,XLE,エネルギー,rate_sensitive,,,,
2024-10-25,42.48684310913086,0.2455198252203439,0.24474063257701112,,,XLE,エネルギー,rate_sensitive,,,,
2024-10-28,42.217071533203125,0.24258530109510412,0.2440221887497088,,,XLE,エネルギー,rate_sensitive,,,,
2024-10-29,41.573402404785156,0.23960902955755048,0.24255113568565606,,,XLE,エネルギー,rate_sensitive,,,,
2024-10-30,41.668060302734375,0.240680176093731,0.24192748248834772,,,XLE,エネルギー,rate_sensitive,,,,
2024-10-31,41.92836380004883,0.24479393002525965,0.2428829650006517,,,XLE,エネルギー,rate_sensitive,,,,
2024-11-01,41.663326263427734,0.24309485661803135,0.24295359553977824,,,XLE,エネルギー,rate_sensitive,,,,
2024-11-04,42.392189025878906,0.24705348330521368,0.24432022479492338,,,XLE,エネルギー,rate_sensitive,,,,
2024-11-05,42.67615509033203,0.2458408579391055,0.24482710250965078,,,XLE,エネルギー,rate_sensitive,,,,
2024-11-06,44.28059768676758,0.24918402641821535,0.24627941047917232,,,XLE,エネルギー,rate_sensitive,,,,
2024-11-07,44.077083587646484,0.24779489208797253,0.24678457101543907,,,XLE,エネルギー,rate_sensitive,,,,
2024-11-08,44.370521545410156,0.24806249858176466,0.24721054687088095,,,XLE,エネルギー,rate_sensitive,,,,
2024-11-11,44.62136459350586,0.2482244344104955,0.24754850938408582,,,XLE,エネルギー,rate_sensitive,,,,
2024-11-12,44.38471984863281,0.24880413428594303,0.24796705101803823,,,XLE,エネルギー,rate_sensitive,,,,
2024-11-13,44.730224609375,0.2506043822597361,0.24884616143193752,,,XLE,エネルギー,rate_sensitive,,,,
2024-11-14,44.900604248046875,0.25358813203757125,0.2504268183004821,,,XLE,エネルギー,rate_sensitive,,,,
2024-11-15,44.83434295654297,0.2550331326726039,0.25196225642452275,,,XLE,エネルギー,rate_sensitive,,,,
2024-11-18,45.4306755065918,0.25738689190526803,0.25377046825143784,,,XLE,エネルギー,rate_sensitive,,,,
2024-11-19,45.141971588134766,0.2564428972816964,0.2546612779281907,,,XLE,エネルギー,rate_sensitive,,,,
2024-11-20,45.59632873535156,0.2581548954771937,0.25582581711119173,,,XLE,エネルギー,rate_sensitive,,,,
2024-11-21,45.96549606323242,0.25700750650241044,0.25621971357493134,,,XLE,エネルギー,rate_sensitive,,,,
2024-11-22,46.03647994995117,0.25539264169077636,0.2559440229468797,,,XLE,エネルギー,rate_sensitive,,,,
2024-11-25,45.127777099609375,0.2481048567494599,0.25333096754773976,,,XLE,エネルギー,rate_sensitive,,,,
2024-11-26,45.066253662109375,0.2477401753840148,0.25146737015983145,,,XLE,エネルギー,rate_sensitive,,,,
2024-11-27,45.01892852783203,0.24771812316081274,0.25021762116015855,,,XLE,エネルギー,rate_sensitive,,,,
2024-11-29,45.212974548339844,0.2480300832615965,0.24948844186063787,,,XLE,エネルギー,rate_sensitive,,,,
2024-12-02,44.73495101928711,0.24602406861200035,0.2483336507777587,,,XLE,エネルギー,rate_sensitive,,,,
2024-12-03,44.730224609375,0.2470938796421242,0.2479203937325472,,,XLE,エネルギー,rate_sensitive,,,,
2024-12-04,43.651123046875,0.24111989703568815,0.24565356150026088,,,XLE,エネルギー,rate_sensitive,,,,
2024-12-05,43.82150650024414,0.24327529366998366,0.24486080555683515,,,XLE,エネルギー,rate_sensitive,,,,
2024-12-06,43.078453063964844,0.2394214091128544,0.2430476734088416,,,XLE,エネルギー,rate_sensitive,,,,
2024-12-09,43.00746154785156,0.24001181607323172,0.2420357209636383,,,XLE,エネルギー,rate_sensitive,,,,
2024-12-10,42.71402359008789,0.2398437621825845,0.24130506803662036,,,XLE,エネルギー,rate_sensitive,,,,
2024-12-11,42.78501510620117,0.2400197933642282,0.240876643145823,,,XLE,エネルギー,rate_sensitive,,,,
2024-12-12,42.439517974853516,0.23895417928099896,0.24023582185754833,,,XLE,エネルギー,rate_sensitive,,,,
2024-12-13,42.22654342651367,0.23859035862974293,0.23968733411494653,,,XLE,エネルギー,rate_sensitive,,,,
2024-12-16,41.29889678955078,0.23412009014771057,0.23783158612586788,98.22730992808116,,XLE,エネルギー,rate_sensitive,,3.0,,
2024-12-17,40.99126434326172,0.2342209082866437,0.2366280268461265,98.03992618074818,,XLE,エネルギー,rate_sensitive,,2.0,,
2024-12-18,39.77965545654297,0.2342286253310715,0.23582822634110817,97.95601238873432,,XLE,エネルギー,rate_sensitive,,1.0,,
2024-12-19,39.43415069580078,0.23296727180221932,0.23487457482814522,97.86179129250638,,XLE,エネルギー,rate_sensitive,,1.0,,
2024-12-20,39.82224655151367,0.2320106436526844,0.23391993110299164,97.7914673565674,,XLE,エネルギー,rate_sensitive,,1.0,,
2024-12-23,40.05610656738281,0.23305544892202676,0.23363177037600336,97.84800264854655,,XLE,エネルギー,rate_sensitive,,1.0,-2.0,
2024-12-24,40.394954681396484,0.23326697007930547,0.23351017027710408,97.92172898645146,,XLE,エネルギー,rate_sensitive,,1.0,-1.0,
2024-12-26,40.36154556274414,0.2326941109209284,0.2332381504917122,97.94547132215031,,XLE,エネルギー,rate_sensitive,,1.0,0.0,
2024-12-27,40.356773376464844,0.234259946356609,0.23357874911334447,98.05862045920426,,XLE,エネルギー,rate_sensitive,,1.0,0.0,
2024-12-30,40.35200881958008,0.23661594570262387,0.2345911479764376,98.26513029993437,,XLE,エネルギー,rate_sensitive,,2.0,1.0,
2024-12-31,40.88176345825195,0.23928461575972182,0.23615563723753236,98.55416169486297,,XLE,エネルギー,rate_sensitive,,4.0,3.0,5.0
2025-01-02,41.35901641845703,0.24278459358974497,0.23836528935493656,98.93453301584013,,XLE,エネルギー,rate_sensitive,,4.0,3.0,4.0
2025-01-03,41.74559020996094,0.24283012083728422,0.23985356651571912,99.19520783095895,,XLE,エネルギー,rate_sensitive,,4.0,3.0,3.0
2025-01-06,41.5546875,0.24188432820078654,0.24053048707740826,99.32548076410325,,XLE,エネルギー,rate_sensitive,,5.0,4.0,4.0
2025-01-07,41.96989822387695,0.24512198175865763,0.2420609853044914,99.59145943540724,,XLE,エネルギー,rate_sensitive,,6.0,4.0,3.0
2025-01-08,42.01285171508789,0.24507974258633478,0.24306723773177252,99.77277313813518,,XLE,エネルギー,rate_sensitive,,7.0,3.0,0.0
2025-01-10,42.184661865234375,0.24973239222113644,0.24528895589489386,100.1499444880762,,XLE,エネルギー,rate_sensitive,,7.0,3.0,0.0
2025-01-13,43.072364807128906,0.2529146024179463,0.2478308380692447,100.58070845023222,,XLE,エネルギー,rate_sensitive,,7.0,3.0,0.0
2025-01-14,43.535301208496094,0.2535858820313005,0.24974918605659663,100.90582180055867,,XLE,エネルギー,rate_sensitive,,11.0,6.0,2.0
2025-01-15,44.17959213256836,0.25489232225193403,0.2514635647883758,101.18548144994003,,XLE,エネルギー,rate_sensitive,,11.0,5.0,1.0
2025-01-16,44.499359130859375,0.2547311321813594,0.2525527539193703,101.33761235911757,,XLE,エネルギー,rate_sensitive,,11.0,4.0,1.0
2025-01-17,44.842987060546875,0.2554577591503326,0.2535210889963577,101.45146348106069,,XLE,エネルギー,rate_sensitive,,11.0,4.0,1.0
2025-01-21,44.6139030456543,0.2512362172315539,0.25275946507475644,101.2913118352398,,XLE,エネルギー,rate_sensitive,,10.0,3.0,0.0
2025-01-22,43.80256271362305,0.24753712761898192,0.2510186859228316,100.98928229154185,,XLE,エネルギー,rate_sensitive,,9.0,-2.0,-8.0
2025-01-23,44.00300979614258,0.2474970987260485,0.24984482352390391,100.78535784867685,,XLE,エネルギー,rate_sensitive,,9.0,-2.0,-7.0
2025-01-24,43.578250885009766,0.24532332544664148,0.2483376574981498,100.53750291880216,,XLE,エネルギー,rate_sensitive,,6.0,-5.0,-9.0
2025-01-27,43.12486267089844,0.24261115829118532,0.24642882442916164,100.23351746403989,,XLE,エネルギー,rate_sensitive,,7.0,-4.0,-8.0
2025-01-28,42.714420318603516,0.2414942683622343,0.24478397240685254,99.9752042563182,,XLE,エネルギー,rate_sensitive,,6.0,-4.0,-7.0
2025-01-29,42.80986785888672,0.24283704977982623,0.2441349981978438,99.87522372732948,,XLE,エネルギー,rate_sensitive,,6.0,-3.0,-1.0
2025-01-30,43.02941131591797,0.2415045538991035,0.24325818343159705,99.74010431422472,,XLE,エネルギー,rate_sensitive,,6.0,-3.0,-1.0
2025-01-31,41.82672119140625,0.23669728589030287,0.241071217584499,99.40298819878105,,XLE,エネルギー,rate_sensitive,,5.0,-1.0,4.0
2025-02-03,42.08921432495117,0.23949096555789884,0.24054446690896564,99.32555630126915,,XLE,エネルギー,rate_sensitive,,4.0,-3.0,1.0
2025-02-04,42.972137451171875,0.2442167637950132,0.2417685658709815,99.51947134498363,,XLE,エネルギー,rate_sensitive,,4.0,-2.0,2.0
2025-02-05,43.06282043457031,0.24354456928657953,0.2423605670095142,99.6132223338397,,XLE,エネルギー,rate_sensitive,,4.0,-2.0,1.0
2025-02-06,42.270572662353516,0.23938074895200226,0.2413672943236769,99.46729106273939,,XLE,エネルギー,rate_sensitive,,2.0,-4.0,-1.0
2025-02-07,42.26580047607422,0.2405357480130344,0.2410901122201294,99.43497869413244,,XLE,エネルギー,rate_sensitive,,1.0,-4.0,-3.0
2025-02-10,43.19645309448242,0.2451384242927637,0.24243954957767416,99.65337288248897,,XLE,エネルギー,rate_sensitive,,1.0,-3.0,0.0
2025-02-11,43.54484558105469,0.24708819572034904,0.24398909829189913,99.89977497025629,,XLE,エネルギー,rate_sensitive,,2.0,-2.0,0.0
2025-02-12,42.4948844909668,0.2425392869186083,0.24350582783413552,99.83390633973985,,XLE,エネルギー,rate_sensitive,,1.0,-3.0,-1.0
2025-02-13,42.81464767456055,0.24226124508380498,0.2430909669173587,99.78030045190657,,XLE,エネルギー,rate_sensitive,,1.0,-1.0,3.0
2025-02-14,42.986454010009766,0.24347520120996058,0.24321904501489267,99.81147066565372,,XLE,エネルギー,rate_sensitive,,1.0,0.0,4.0
2025-02-18,43.573482513427734,0.24492004121980077,0.24378604374986207,99.91176492576035,,XLE,エネルギー,rate_sensitive,,2.0,1.0,4.0
2025-02-19,43.91709899902344,0.2463519273630334,0.24464133828758589,100.06000601365704,,XLE,エネルギー,rate_sensitive,,4.0,2.0,4.0
2025-02-20,44.31800079345703,0.24922779849891374,0.24617015835802852,100.31838879201682,,XLE,エネルギー,rate_sensitive,,5.0,4.0,7.0
2025-02-21,43.39689636230469,0.24752221822651746,0.24662084498085818,100.41552917713726,,XLE,エネルギー,rate_sensitive,,4.0,3.0,4.0
2025-02-24,43.40644073486328,0.24737032270407053,0.24687067088859563,100.48698336223664,,XLE,エネルギー,rate_sensitive,,5.0,4.0,4.0
2025-02-25,42.7812385559082,0.2435637471711249,0.24576836298277205,100.34157363095821,,XLE,エネルギー,rate_sensitive,,5.0,3.0,2.0
2025-02-26,42.537837982177734,0.24268992471437079,0.24474221689330497,100.20494150562133,,XLE,エネルギー,rate_sensitive,,5.0,1.0,-1.0
2025-02-27,42.76691436767578,0.2461465670173713,0.2452103336013271,100.33145425712092,,XLE,エネルギー,rate_sensitive,,5.0,0.0,-4.0
2025-02-28,43.430301666259766,0.24721784750230127,0.24587950490165184,100.48985133511144,,XLE,エネルギー,rate_sensitive,,5.0,1.0,-2.0
2025-03-03,41.91263198852539,0.2411484943287943,0.244302501377366,100.21618867979511,,XLE,エネルギー,rate_sensitive,,5.0,0.0,-4.0
2025-03-04,41.50696563720703,0.2427361432194738,0.24378038199140195,100.13692639782452,,XLE,エネルギー,rate_sensitive,,5.0,0.0,-3.0
2025-03-05,40.90084457397461,0.23698893008047964,0.24151656468776117,99.7130160658028,,XLE,エネルギー,rate_sensitive,,4.0,-1.0,-2.0
2025-03-06,41.024932861328125,0.24036945558031717,0.24113419498527985,99.65671545731848,,XLE,エネルギー,rate_sensitive,,4.0,-1.0,-1.0
2025-03-07,41.72650146484375,0.2422108403865541,0.24149307678570464,99.74725606688452,,XLE,エネルギー,rate_sensitive,,4.0,-1.0,-2.0
2025-03-10,42.036720275878906,0.2474994849971795,0.24349521285619627,100.1600031565224,,XLE,エネルギー,rate_sensitive,,4.0,-1.0,-1.0
2025-03-11,41.70263671875,0.24884657937293944,0.2452790016951107,100.52044866063994,,XLE,エネルギー,rate_sensitive,,6.0,1.0,1.0
2025-03-12,41.89353942871094,0.25116940256841797,0.2472424686528798,100.89930452645875,,XLE,エネルギー,rate_sensitive,,6.0,2.0,3.0
2025-03-13,41.6071891784668,0.2518672036471469,0.24878404698430218,101.17509796394593,,XLE,エネルギー,rate_sensitive,,6.0,2.0,3.0
2025-03-14,42.8385124206543,0.25446979657116336,0.25067929684658924,101.49615503529976,,XLE,エネルギー,rate_sensitive,,6.0,2.0,3.0
2025-03-17,43.5209846496582,0.2550815235788364,0.25214670575733833,101.70855387539785,,XLE,エネルギー,rate_sensitive,,8.0,4.0,5.0
2025-03-18,43.592567443847656,0.2568366812027643,0.2537100309058137,101.91196513632816,,XLE,エネルギー,rate_sensitive,,10.0,4.0,3.0
2025-03-19,44.303688049316406,0.25910640313931155,0.25550882165031297,102.12524719563547,,XLE,エネルギー,rate_sensitive,,10.0,4.0,2.0
2025-03-20,44.46595001220703,0.26114240687709894,0.257386683392575,102.31940146447316,,XLE,エネルギー,rate_sensitive,,11.0,5.0,3.0
2025-03-21,44.15573501586914,0.26051390226887683,0.2584290896846756,102.35777027818038,,XLE,エネルギー,rate_sensitive,,11.0,5.0,3.0
2025-03-24,44.65884017944336,0.25946147388241636,0.2587732177505892,102.28935703731885,,XLE,エネルギー,rate_sensitive,,11.0,3.0,-1.0
2025-03-25,44.84161376953125,0.26114767808155087,0.2595647045275764,102.29875567599036,,XLE,エネルギー,rate_sensitive,,11.0,1.0,-3.0
2025-03-26,45.10614776611328,0.2631838005481667,0.2607710698677732,102.37042103273072,99.87737337961306,XLE,エネルギー,rate_sensitive,Weakening,11.0,1.0,-3.0
2025-03-27,44.66846466064453,0.26130214563940996,0.26094809512498546,102.29292973636996,99.53592469326816,XLE,エネルギー,rate_sensitive,Weakening,11.0,0.0,-5.0
2025-03-28,44.456825256347656,0.26413613780556283,0.26201077601851125,102.34668524372124,99.55226474565693,XLE,エネルギー,rate_sensitive,Weakening,11.0,0.0,-5.0
2025-03-31,44.947425842285156,0.26484650736657644,0.26295601980119965,102.38060646601272,99.6759789303799,XLE,エネルギー,rate_sensitive,Weakening,11.0,0.0,-3.0
2025-04-01,45.21195983886719,0.26612870486067947,0.26401358148769294,102.42230946831322,99.71730156397534,XLE,エネルギー,rate_sensitive,Weakening,11.0,0.0,-1.0
2025-04-02,45.27449035644531,0.26428688940236034,0.2641046841259154,102.32667983085304,99.52222509381754,XLE,エネルギー,rate_sensitive,Weakening,11.0,0.0,-1.0
2025-04-03,41.720054626464844,0.2557201289222816,0.26130983239137084,101.85925554603449,99.07027533568349,XLE,エネルギー,rate_sensitive,Weakening,9.0,-2.0,-2.0
2025-04-04,37.88185119628906,0.24600642428417469,0.2562086963556388,101.10098393099399,98.1634402722836,XLE,エネルギー,rate_sensitive,Weakening,7.0,-4.0,-4.0
2025-04-07,37.63655471801758,0.2464676096166913,0.2529616674426563,100.61270922288341,97.67994729820431,XLE,エネルギー,rate_sensitive,Weakening,6.0,-5.0,-5.0
2025-04-08,36.765987396240234,0.24539522857951507,0.2504395211549426,100.22831779213443,97.38073740594245,XLE,エネルギー,rate_sensitive,Weakening,6.0,-5.0,-5.0
2025-04-09,39.61337661743164,0.24482148916141758,0.24856684382376762,99.93928354737494,97.36145606325955,XLE,エネルギー,rate_sensitive,Lagging,5.0,-6.0,-6.0
2025-04-10,37.02571487426758,0.236800780280593,0.24464482264270943,99.3563624376876,97.4253729235095,XLE,エネルギー,rate_sensitive,Lagging,3.0,-6.0,-4.0
2025-04-11,37.94438171386719,0.23905145889063345,0.2427803680586841,99.09093121243781,98.0149235875222,XLE,エネルギー,rate_sensitive,Lagging,2.0,-5.0,-1.0
2025-04-14,38.07905197143555,0.23687354199375948,0.2408114260370426,98.83092262272334,98.30328662951607,XLE,エネルギー,rate_sensitive,Lagging,1.0,-5.0,0.0
2025-04-15,38.02133560180664,0.23728092545194734,0.23963459250867752,98.70132341875112,98.59257660012926,XLE,エネルギー,rate_sensitive,Lagging,1.0,-5.0,0.0
2025-04-16,38.3339729309082,0.24234351403872376,0.24053756635202628,98.86630167223433,99.06161683775667,XLE,エネルギー,rate_sensitive,Lagging,1.0,-4.0,2.0
2025-04-17,39.19973373413086,0.24598855274308065,0.24235456181571108,99.15015354909247,99.94429170006651,XLE,エネルギー,rate_sensitive,Lagging,3.0,0.0,6.0
2025-04-21,38.17525100708008,0.24447440294715447,0.24306117552619222,99.27365972490149,100.36155403996493,XLE,エネルギー,rate_sensitive,Improving,4.0,2.0,7.0
2025-04-22,39.14683151245117,0.2446638003487913,0.24359538380039192,99.3697818493307,100.73228045890875,XLE,エネルギー,rate_sensitive,Improving,4.0,3.0,8.0
2025-04-23,39.074676513671875,0.24187291083621335,0.24302122614566574,99.30817118274184,100.79017054400968,XLE,エネルギー,rate_sensitive,Improving,4.0,3.0,8.0
2025-04-24,39.699951171875,0.24165476245762318,0.24256573824965155,99.26300341125433,100.5604044319583,XLE,エネルギー,rate_sensitive,Improving,4.0,3.0,7.0
2025-04-25,39.6278076171875,0.2415613223289318,0.24223093294274498,99.2332165720542,100.22565200655751,XLE,エネルギー,rate_sensitive,Improving,1.0,-2.0,-2.0
2025-04-28,39.906776428222656,0.24258097470538717,0.24234761353029238,99.26175374123048,100.1095415735556,XLE,エネルギー,rate_sensitive,Improving,1.0,-3.0,-5.0
2025-04-29,39.791343688964844,0.24047588814172977,0.24172370506743818,99.18492901177243,99.91031999950691,XLE,エネルギー,rate_sensitive,Lagging,1.0,-3.0,-6.0
2025-04-30,38.718753814697266,0.2336617110504459,0.23903637372844078,98.83395616984161,99.59227637564541,XLE,エネルギー,rate_sensitive,Lagging,1.0,-3.0,-6.0
2025-05-01,38.86305236816406,0.2348519063922625,0.23764155128304804,98.6702327324941,99.45578690082257,XLE,エネルギー,rate_sensitive,Lagging,1.0,-3.0,-6.0
2025-05-02,39.43060302734375,0.23415062538504106,0.2364779093170457,98.5390746557619,99.33579573619541,XLE,エネルギー,rate_sensitive,Lagging,1.0,0.0,2.0
2025-05-05,38.718753814697266,0.23068843910540454,0.23454808591316534,98.3209132289664,99.07210086681303,XLE,エネルギー,rate_sensitive,Lagging,1.0,0.0,3.0
2025-05-06,38.728370666503906,0.23246903468979369,0.23385506883870813,98.28149401725048,99.12419908142616,XLE,エネルギー,rate_sensitive,Lagging,1.0,0.0,3.0
2025-05-07,38.74280548095703,0.23103402905186046,0.23291472224309226,98.22142909027211,99.44187104323998,XLE,エネルギー,rate_sensitive,Lagging,2.0,1.0,4.0
2025-05-08,39.25264358520508,0.23212158626115476,0.23265034358244643,98.24415571008048,99.64326095115108,XLE,エネルギー,rate_sensitive,Lagging,3.0,2.0,5.0
2025-05-09,39.64704513549805,0.23450820951964924,0.23326963222818073,98.36615320528098,99.91608932433299,XLE,エネルギー,rate_sensitive,Lagging,3.0,2.0,2.0
2025-05-12,40.681148529052734,0.234205461971828,0.23358157547606317,98.44913377491321,100.24020579166542,XLE,エネルギー,rate_sensitive,Improving,3.0,2.0,2.0
2025-05-13,41.25350570678711,0.23696598855536533,0.2347097131691639,98.62220551551371,100.46742093009605,XLE,エネルギー,rate_sensitive,Improving,3.0,2.0,2.0
2025-05-14,41.00340270996094,0.23695614237514054,0.23545852290448943,98.74071426500439,100.6510315419088,XLE,エネルギー,rate_sensitive,Improving,4.0,2.0,1.0
2025-05-15,41.17655563354492,0.23580734807882164,0.23557479796260017,98.7817610796818,100.6653115181439,XLE,エネルギー,rate_sensitive,Improving,4.0,1.0,-1.0
2025-05-16,41.11402893066406,0.23316008462629514,0.23476989351716515,98.7209865671066,100.47187234899299,XLE,エネルギー,rate_sensitive,Improving,4.0,1.0,-1.0
2025-05-19,40.580142974853516,0.23015795848267429,0.23323258183900153,98.58848937533202,100.2454065881153,XLE,エネルギー,rate_sensitive,Improving,4.0,1.0,-1.0
2025-05-20,40.204978942871094,0.2286272103390622,0.23169745800568842,98.47006791234053,99.94116648292263,XLE,エネルギー,rate_sensitive,Lagging,4.0,1.0,-1.0
2025-05-21,39.46427536010742,0.22941240414209402,0.2309357733844903,98.44489125681112,99.80113303262044,XLE,エネルギー,rate_sensitive,Lagging,4.0,0.0,-2.0
2025-05-22,39.31036376953125,0.22924882825879137,0.23037345834259068,98.44385536637854,99.77167632363727,XLE,エネルギー,rate_sensitive,Lagging,3.0,-1.0,-2.0
2025-05-23,39.43540954589844,0.2309014858720603,0.23054946751908056,98.51669249555944,99.9292086488224,XLE,エネルギー,rate_sensitive,Lagging,3.0,-1.0,-2.0
2025-05-27,39.77690505981445,0.22863855202734099,0.22991249568850072,98.50497380539255,100.06824109171768,XLE,エネルギー,rate_sensitive,Improving,3.0,-1.0,-2.0
2025-05-28,39.27188491821289,0.22767161981070078,0.22916553706256743,98.48372959417608,100.17554708564069,XLE,エネルギー,rate_sensitive,Improving,3.0,-1.0,-2.0
2025-05-29,39.565284729003906,0.2288137619853754,0.22904827870350344,98.52454715330016,100.24566240967945,XLE,エネルギー,rate_sensitive,Improving,3.0,-1.0,-1.0
2025-05-30,39.21416473388672,0.22687313785295274,0.22832323175331987,98.50856736679498,100.22969086607725,XLE,エネルギー,rate_sensitive,Improving,2.0,-1.0,0.0
2025-06-02,39.72880935668945,0.22966835673253774,0.2287716067463925,98.59828934263845,100.24180951689785,XLE,エネルギー,rate_sensitive,Improving,2.0,-1.0,0.0
2025-06-03,40.20016860961914,0.2304744475580965,0.22933922035029386,98.69215871052491,100.34880021694235,XLE,エネルギー,rate_sensitive,Improving,2.0,-1.0,0.0
2025-06-04,39.41617202758789,0.2264885310720296,0.22838899059087248,98.6437544996389,100.30845944472811,XLE,エネルギー,rate_sensitive,Improving,2.0,-1.0,0.0
2025-06-05,39.37769317626953,0.22688047495630584,0.22788615204601695,98.6377564368919,100.24500614514271,XLE,エネルギー,rate_sensitive,Improving,2.0,-1.0,0.0
2025-06-06,40.11840057373047,0.2291690146209894,0.22831377290434113,98.71284685065125,100.32825005334585,XLE,エネルギー,rate_sensitive,Improving,2.0,0.0,1.0
2025-06-09,40.19535446166992,0.22957004029742006,0.22873252870203412,98.78586019638989,100.30568842474149,XLE,エネルギー,rate_sensitive,Improving,2.0,0.0,1.0
2025-06-10,40.912017822265625,0.23250534325844982,0.2299901335541727,98.92749044800902,100.36044453571776,XLE,エネルギー,rate_sensitive,Improving,3.0,1.0,2.0
2025-06-11,41.50362014770508,0.23653911409925457,0.2321731270692,99.14241057733443,100.66646625070712,XLE,エネルギー,rate_sensitive,Improving,5.0,3.0,4.0
2025-06-12,41.64791488647461,0.23680616034541607,0.23371747149460537,99.29796737078897,100.87688611685671,XLE,エネルギー,rate_sensitive,Improving,6.0,4.0,5.0
2025-06-13,42.37419128417969,0.24388368589757944,0.2371062096289301,99.60873638047198,101.18676118525154,XLE,エネルギー,rate_sensitive,Improving,6.0,4.0,4.0
2025-06-16,42.2491340637207,0.24084176255955286,0.2383513939391377,99.73432731595281,101.28130276665183,XLE,エネルギー,rate_sensitive,Improving,6.0,4.0,4.0
2025-06-17,42.6435432434082,0.24544779518422324,0.2407168610208329,99.95890345420324,101.40054306034833,XLE,エネルギー,rate_sensitive,Improving,7.0,4.0,3.0
2025-06-18,42.36457061767578,0.2438145677475229,0.2417494299297296,100.07031778878105,101.29423842326717,XLE,エネルギー,rate_sensitive,Leading,7.0,2.0,-1.0
2025-06-20,42.79745101928711,0.24590379344869973,0.24313421776938632,100.21832104381502,101.29744492755592,XLE,エネルギー,rate_sensitive,Leading,7.0,1.0,-3.0
2025-06-23,41.71517562866211,0.23758777186497892,0.24128540246791721,100.076334206944,100.76620066200977,XLE,エネルギー,rate_sensitive,Leading,7.0,1.0,-3.0
2025-06-24,41.172096252441406,0.2322952488566048,0.23828868459747976,99.82342444768463,100.31874878629804,XLE,エネルギー,rate_sensitive,Improving,7.0,1.0,-3.0
2025-06-25,40.9926872253418,0.23296383250552233,0.23651373390016064,99.6801867651304,99.8827227543883,XLE,エネルギー,rate_sensitive,Lagging,7.0,0.0,-4.0
2025-06-26,41.579402923583984,0.23452820068493876,0.2358518894950867,99.641756062171,99.71197391945027,XLE,エネルギー,rate_sensitive,Lagging,7.0,0.0,-2.0
2025-06-27,41.3612060546875,0.23244622986026203,0.2347166696168118,99.55144729152238,99.43362227438848,XLE,エネルギー,rate_sensitive,Lagging,6.0,-1.0,-2.0
2025-06-30,41.12360763549805,0.2300300549820189,0.2331544647385475,99.40687313569138,99.4443957785411,XLE,エネルギー,rate_sensitive,Lagging,6.0,-1.0,-2.0
2025-07-01,41.43878936767578,0.2291079147202668,0.23180561473245395,99.2697777942421,99.59830244572444,XLE,エネルギー,rate_sensitive,Lagging,6.0,-1.0,-2.0
2025-07-02,42.151580810546875,0.23251771398760482,0.23204298115083757,99.30437800113373,99.8247527768136,XLE,エネルギー,rate_sensitive,Lagging,5.0,-2.0,-2.0
2025-07-03,42.20006561279297,0.23166633997768463,0.23191743409311993,99.28540863767469,99.85455211094067,XLE,エネルギー,rate_sensitive,Lagging,5.0,-2.0,-2.0
2025-07-07,41.79275894165039,0.23127879659005815,0.23170455492543268,99.24869360194711,99.91746969685042,XLE,エネルギー,rate_sensitive,Lagging,5.0,-1.0,0.0
2025-07-08,42.91770553588867,0.2369109181412314,0.23344000933069894,99.53939314298177,100.42759659356462,XLE,エネルギー,rate_sensitive,Improving,6.0,0.0,1.0
2025-07-09,42.699501037597656,0.23500456848784732,0.2339615290497484,99.65541239006004,100.71734374044217,XLE,エネルギー,rate_sensitive,Improving,6.0,0.0,1.0
2025-07-10,43.024383544921875,0.23542880140005878,0.23445061983318521,99.77723702900083,100.81511027804207,XLE,エネルギー,rate_sensitive,Improving,6.0,1.0,3.0
2025-07-11,43.21833801269531,0.23823413040867145,0.23571179002501397,100.06334809659516,101.23663319088783,XLE,エネルギー,rate_sensitive,Leading,6.0,1.0,3.0
2025-07-14,42.74314498901367,0.23537220533738873,0.23559859512913892,100.07165064719122,101.34611638769069,XLE,エネルギー,rate_sensitive,Leading,6.0,1.0,2.0
2025-07-15,42.1273307800293,0.23524323802491423,0.23548014276106402,100.07260598910509,100.8958134020904,XLE,エネルギー,rate_sensitive,Leading,6.0,0.0,0.0
2025-07-16,41.7636604309082,0.23230649275429727,0.23442225942547512,99.86600994146247,100.31814786088233,XLE,エネルギー,rate_sensitive,Improving,6.0,0.0,0.0
2025-07-17,42.02065658569336,0.23184579549799858,0.23356343811631627,99.69837390484997,99.72210421236439,XLE,エネルギー,rate_sensitive,Lagging,6.0,0.0,-1.0
2025-07-18,41.68123245239258,0.23006045904099157,0.2323957784245414,99.46608473606778,98.6408005276409,XLE,エネルギー,rate_sensitive,Lagging,6.0,0.0,-1.0
2025-07-21,41.24967956542969,0.22845997398097065,0.23108384361001783,99.20172863966692,98.15467653574406,XLE,エネルギー,rate_sensitive,Lagging,5.0,-1.0,-2.0
2025-07-22,41.44363784790039,0.22664477560078947,0.2296041542736084,98.8950808716026,97.69257049621056,XLE,エネルギー,rate_sensitive,Lagging,4.0,-2.0,-2.0
2025-07-23,42.093387603759766,0.22830670917263166,0.22917167257328283,98.81797951032058,98.03648085952368,XLE,エネルギー,rate_sensitive,Lagging,4.0,-2.0,-2.0
2025-07-24,42.39402389526367,0.23067574119938594,0.2296730287819839,98.95737373034254,98.65198108483865,XLE,エネルギー,rate_sensitive,Lagging,4.0,-2.0,-2.0
2025-07-25,42.2340087890625,0.22870335100207811,0.22934980285534864,98.9009705706097,99.00795805682995,XLE,エネルギー,rate_sensitive,Lagging,3.0,-3.0,-3.0
2025-07-28,42.71405029296875,0.2326786326850828,0.23045941279859336,99.19772017813153,100.04161251556198,XLE,エネルギー,rate_sensitive,Improving,5.0,0.0,1.0
2025-07-29,43.13105773925781,0.23506356346242283,0.23199412968653652,99.61817985880988,101.33672717358063,XLE,エネルギー,rate_sensitive,Improving,7.0,3.0,5.0
2025-07-30,42.51523971557617,0.2332202434338036,0.2324028342689589,99.75730881187826,101.65863369310576,XLE,エネルギー,rate_sensitive,Improving,7.0,3.0,5.0
2025-07-31,42.28734588623047,0.23410500694540884,0.2329702251611089,99.94134609591477,101.6673875546363,XLE,エネルギー,rate_sensitive,Improving,6.0,2.0,4.0
2025-08-01,41.50182342529297,0.23237580299694394,0.23277208443972058,99.9056103486029,101.63798215334097,XLE,エネルギー,rate_sensitive,Improving,6.0,3.0,6.0
2025-08-04,41.40969467163086,0.22905917398693046,0.23153444762212388,99.56769087912859,100.524355452667,XLE,エネルギー,rate_sensitive,Improving,6.0,1.0,1.0
2025-08-05,41.46303176879883,0.22999243154513704,0.2310204422631283,99.4349751809723,99.53093009050674,XLE,エネルギー,rate_sensitive,Lagging,6.0,-1.0,-4.0
2025-08-06,41.0799674987793,0.22837854700503785,0.2301398105104315,99.19989970368049,98.83814138978704,XLE,エネルギー,rate_sensitive,Lagging,6.0,-1.0,-4.0
2025-08-07,40.91995620727539,0.22762590816552156,0.2293018430621282,98.9827725604695,98.15239421918044,XLE,エネルギー,rate_sensitive,Lagging,4.0,-2.0,-4.0
2025-08-08,41.181793212890625,0.22866951367154587,0.22909106659860076,98.94815365751656,98.20633679873804,XLE,エネルギー,rate_sensitive,Lagging,5.0,-1.0,-4.0
2025-08-11,40.85206985473633,0.22745987904347748,0.22854733741355968,98.82813072883683,98.62160232074731,XLE,エネルギー,rate_sensitive,Lagging,5.0,-1.0,-2.0
2025-08-12,41.050872802734375,0.2256988706876873,0.22759784850493556,98.60980154205919,98.5272701962073,XLE,エネルギー,rate_sensitive,Lagging,4.0,-2.0,-1.0
2025-08-13,41.526065826416016,0.2250975612197119,0.22676441940986103,98.44166736800948,98.68596766028323,XLE,エネルギー,rate_sensitive,Lagging,4.0,-2.0,-1.0
2025-08-14,41.487274169921875,0.22635981062073096,0.22662954981348435,98.46525978287717,99.11541551208616,XLE,エネルギー,rate_sensitive,Lagging,3.0,-1.0,1.0
2025-08-15,41.487274169921875,0.22692005214242905,0.2267263839231326,98.54568290255276,99.3300591838042,XLE,エネルギー,rate_sensitive,Lagging,2.0,-3.0,-2.0
2025-08-18,41.23998260498047,0.2256160021784392,0.2263562566749015,98.50539460796396,99.48074291543826,XLE,エネルギー,rate_sensitive,Lagging,2.0,-3.0,-2.0
2025-08-19,41.25453186035156,0.22464384779977306,0.22578545371652536,98.41942326863217,99.71060788978254,XLE,エネルギー,rate_sensitive,Lagging,2.0,-2.0,0.0
2025-08-20,41.59880065917969,0.2267249484275443,0.22609861862019837,98.5479900138989,100.19926921211083,XLE,エネルギー,rate_sensitive,Improving,2.0,-2.0,0.0
2025-08-21,41.884883880615234,0.2290825174937227,0.22709325157803983,98.82632626938465,100.60659536760183,XLE,エネルギー,rate_sensitive,Improving,2.0,-1.0,0.0
2025-08-22,42.7382926940918,0.22928455179930338,0.22782368498512767,99.0246907176484,100.77980836409802,XLE,エネルギー,rate_sensitive,Improving,3.0,1.0,4.0
2025-08-25,42.84981918334961,0.23165551438728596,0.22910096145251377,99.34763881618947,101.33798211171647,XLE,エネルギー,rate_sensitive,Improving,4.0,2.0,5.0
2025-08-26,42.78193664550781,0.23112875044875755,0.22977689111792837,99.51477937498737,101.68269585904169,XLE,エネルギー,rate_sensitive,Improving,4.0,2.0,4.0
2025-08-27,43.2619743347168,0.23288056243214844,0.2308114482226684,99.76242420563459,101.79382123653768,XLE,エネルギー,rate_sensitive,Improving,7.0,5.0,7.0
2025-08-28,43.591705322265625,0.234767416538264,0.23213010432786696,100.07626935557698,101.77275395853776,XLE,エネルギー,rate_sensitive,Leading,8.0,6.0,7.0
2025-08-29,43.82930374145508,0.2362222407350693,0.23349414979693445,100.39596279853407,101.86965201195028,XLE,エネルギー,rate_sensitive,Leading,9.0,6.0,5.0
2025-09-02,43.892337799072266,0.2384455352309869,0.2351446116082853,100.78185415819611,101.87444368028116,XLE,エネルギー,rate_sensitive,Leading,9.0,5.0,3.0
2025-09-03,42.90800476074219,0.2334599476927057,0.23458305696975876,100.6215312811841,101.36332811057304,XLE,エネルギー,rate_sensitive,Leading,8.0,4.0,2.0
2025-09-04,43.194095611572266,0.23329344933194812,0.23415318775715524,100.49408086685574,100.81697181153783,XLE,エネルギー,rate_sensitive,Leading,8.0,1.0,-4.0
2025-09-05,42.360084533691406,0.22852178303774032,0.23227605285068362,100.00657623941572,99.69718241386666,XLE,エネルギー,rate_sensitive,Weakening,7.0,-1.0,-7.0
2025-09-08,42.26310729980469,0.2281802678117661,0.23091079117104446,99.64843301776436,98.78319866776573,XLE,エネルギー,rate_sensitive,Lagging,6.0,-3.0,-9.0
2025-09-09,42.466758728027344,0.22998822169394897,0.23060326801201264,99.56027744509012,98.20687559107077,XLE,エネルギー,rate_sensitive,Lagging,6.0,-3.0,-8.0
2025-09-10,43.20863723754883,0.2342431373736311,0.2318165577992188,99.86307410418746,98.86423866900485,XLE,エネルギー,rate_sensitive,Lagging,7.0,-1.0,-5.0
2025-09-11,43.21833801269531,0.23083663740469307,0.23148991766771024,99.78208844516482,98.95869728170527,XLE,エネルギー,rate_sensitive,Lagging,7.0,-1.0,-2.0
2025-09-12,42.96134948730469,0.2311276704523626,0.2313691685959277,99.76053484812518,99.59369367809894,XLE,エネルギー,rate_sensitive,Lagging,6.0,-1.0,0.0
2025-09-15,42.815879821777344,0.23074803644954883,0.23116212454713478,99.72835414391848,100.04485106455996,XLE,エネルギー,rate_sensitive,Improving,6.0,0.0,3.0
2025-09-16,43.53351974487305,0.23523917855142784,0.23252114254856582,100.10782194590712,100.68733223436514,XLE,エネルギー,rate_sensitive,Leading,7.0,1.0,4.0
2025-09-17,43.635345458984375,0.23556398480297192,0.23353542330003452,100.42527811988336,100.72497765743687,XLE,エネルギー,rate_sensitive,Leading,7.0,0.0,1.0
2025-09-18,43.49957275390625,0.2333071501396919,0.233459332246587,100.46880032096794,100.90584442551825,XLE,エネルギー,rate_sensitive,Leading,7.0,0.0,1.0
2025-09-19,42.92255401611328,0.2306138397038604,0.2325108347323448,100.26375168756702,100.66815533492837,XLE,エネルギー,rate_sensitive,Leading,7.0,1.0,2.0
2025-09-22,42.8731575012207,0.23023845528052897,0.23175337491507286,100.07242739663953,100.45045279737899,XLE,エネルギー,rate_sensitive,Leading,7.0,1.0,1.0
2025-09-23,43.61159133911133,0.23391854110179489,0.23247509697731356,100.3793252317438,100.34514442484026,XLE,エネルギー,rate_sensitive,Leading,7.0,0.0,-1.0
2025-09-24,44.17886734008789,0.23751502462019664,0.2341550728582746,101.04094880956083,100.8007495270205,XLE,エネルギー,rate_sensitive,Leading,8.0,1.0,1.0
2025-09-25,44.574981689453125,0.24163398852835222,0.23664804474830048,101.96727729705952,101.92626676717731,XLE,エネルギー,rate_sensitive,Leading,9.0,2.0,2.0
2025-09-26,44.98576354980469,0.2414683258780212,0.23825480512487407,102.45398140558804,102.65195773960421,XLE,エネルギー,rate_sensitive,Leading,11.0,4.0,3.0
2025-09-29,44.15930938720703,0.23624292522101262,0.2375841784902536,102.11032170311155,102.31377058791027,XLE,エネルギー,rate_sensitive,Leading,10.0,3.0,2.0
2025-09-30,43.68983459472656,0.23311529280617693,0.23609454992889473,101.53435953266411,101.18830589060572,XLE,エネルギー,rate_sensitive,Leading,9.0,2.0,2.0
2025-10-01,43.68983459472656,0.23258806502230914,0.23492572162669956,101.10615093280886,99.8462642735157,XLE,エネルギー,rate_sensitive,Weakening,7.0,-1.0,-2.0
2025-10-02,43.249717712402344,0.2297013985186016,0.23318428059066693,100.50612733955758,98.05041967291207,XLE,エネルギー,rate_sensitive,Weakening,6.0,-3.0,-5.0
2025-10-03,43.47956085205078,0.2301131387489091,0.23216056664341433,100.15625419602371,97.26681106713882,XLE,エネルギー,rate_sensitive,Weakening,6.0,-5.0,-9.0
2025-10-06,43.69472885131836,0.23132445995667036,0.2318818644144997,100.07028785543456,97.7008098478573,XLE,エネルギー,rate_sensitive,Weakening,6.0,-4.0,-7.0
2025-10-07,43.76319122314453,0.23270930830904465,0.2321576790460147,100.17469475818496,98.48721477052058,XLE,エネルギー,rate_sensitive,Weakening,6.0,-3.0,-5.0
2025-10-08,43.50890350341797,0.23060602877084474,0.23164046228762472,100.01323547295173,98.8063185582927,XLE,エネルギー,rate_sensitive,Weakening,6.0,-1.0,0.0
2025-10-09,42.917171478271484,0.2293674140722273,0.23088277954915892,99.7750229200982,99.2081355207501,XLE,エネルギー,rate_sensitive,Lagging,6.0,0.0,3.0
2025-10-10,41.6750373840332,0.2278664123930203,0.22987732383044607,99.44687908508001,99.25526224377347,XLE,エネルギー,rate_sensitive,Lagging,5.0,-1.0,4.0
2025-10-13,42.2423095703125,0.2287439159676836,0.22949952120952527,99.33745367918584,99.25334052521309,XLE,エネルギー,rate_sensitive,Lagging,5.0,-1.0,3.0
2025-10-14,42.237422943115234,0.22683646318018444,0.228611835199745,99.04845706655475,98.87790902103393,XLE,エネルギー,rate_sensitive,Lagging,5.0,-1.0,2.0
2025-10-15,42.21297073364258,0.22624895267202041,0.2278242076905035,98.80429140282635,98.82479627476292,XLE,エネルギー,rate_sensitive,Lagging,4.0,-2.0,-1.0
2025-10-16,41.70438003540039,0.22566199920308105,0.22710347152802934,98.59669812266887,98.87433211710696,XLE,エネルギー,rate_sensitive,Lagging,3.0,-3.0,-3.0
2025-10-17,42.04670715332031,0.22636469734186457,0.22685721346597443,98.55853623275163,99.16738696527496,XLE,エネルギー,rate_sensitive,Lagging,3.0,-2.0,-1.0
2025-10-20,42.491722106933594,0.2264956854808111,0.22673670413758668,98.5549943042099,99.26345125361829,XLE,エネルギー,rate_sensitive,Lagging,3.0,-2.0,-1.0
2025-10-21,42.39391326904297,0.22494371402579763,0.22613904076699035,98.39680015582049,99.38656727704287,XLE,エネルギー,rate_sensitive,Lagging,3.0,-2.0,-1.0
2025-10-22,42.93673324584961,0.22892804078348192,0.2270687074391542,98.73796879106332,99.9726048732565,XLE,エネルギー,rate_sensitive,Lagging,3.0,-1.0,1.0
2025-10-23,43.50890350341797,0.2308840836028223,0.22834049949371024,99.16850124288436,100.60730889354448,XLE,エネルギー,rate_sensitive,Improving,3.0,0.0,3.0
2025-10-24,43.06877517700195,0.2279271327384491,0.2282027105752899,99.13991237161444,100.60576848507415,XLE,エネルギー,rate_sensitive,Improving,4.0,1.0,3.0
2025-10-27,43.17146682739258,0.22745972001237114,0.22795504705431702,99.08477522262463,100.55740809287572,XLE,エネルギー,rate_sensitive,Improving,4.0,1.0,3.0
2025-10-28,42.72156524658203,0.2270392987618665,0.22764979762350018,99.01519426655216,100.65606921659965,XLE,エネルギー,rate_sensitive,Improving,4.0,1.0,3.0
2025-10-29,43.039432525634766,0.2313154965095181,0.22887169725217285,99.43252194425457,100.74216267148245,XLE,エネルギー,rate_sensitive,Improving,5.0,2.0,3.0
2025-10-30,42.78513717651367,0.23094205130697126,0.229561815270439,99.67288385692652,100.55797036968406,XLE,エネルギー,rate_sensitive,Improving,5.0,2.0,2.0
2025-10-31,43.098114013671875,0.23212389636534458,0.2304158423020742,99.95773817684629,100.87185687748658,XLE,エネルギー,rate_sensitive,Improving,5.0,1.0,0.0
2025-11-03,43.103004455566406,0.232719853770656,0.2311838461249348,100.20803611296178,101.15353752951589,XLE,エネルギー,rate_sensitive,Leading,6.0,2.0,1.0
2025-11-04,42.638427734375,0.2317443841409943,0.231370692130288,100.26263610327025,101.23861294329328,XLE,エネルギー,rate_sensitive,Leading,6.0,2.0,1.0
2025-11-05,42.75090789794922,0.23100364085134478,0.2312483417039736,100.21276445220661,100.74055405765453,XLE,エネルギー,rate_sensitive,Leading,6.0,1.0,-1.0
2025-11-06,43.16657638549805,0.23490504536488954,0.23246724292427895,100.5935246004698,100.85514189482302,XLE,エネルギー,rate_sensitive,Leading,6.0,1.0,-1.0
2025-11-07,43.78764724731445,0.23630292821511562,0.2337458046878912,100.98054581492276,100.92942402883482,XLE,エネルギー,rate_sensitive,Leading,6.0,1.0,0.0
2025-11-10,44.18376159667969,0.23707545153094245,0.2348556869689083,101.29741753390998,100.96597855164464,XLE,エネルギー,rate_sensitive,Leading,8.0,2.0,0.0
2025-11-11,44.76081466674805,0.23879193264499832,0.23616776886093832,101.65974270184017,101.23685455370601,XLE,エネルギー,rate_sensitive,Leading,10.0,4.0,2.0
2025-11-12,44.134857177734375,0.23489543074852332,0.23574365615679999,101.47453222026233,101.06574629674492,XLE,エネルギー,rate_sensitive,Leading,10.0,4.0,3.0
2025-11-13,44.24733352661133,0.23818677737501265,0.23655802989620422,101.67410145711953,100.85730322404083,XLE,エネルギー,rate_sensitive,Leading,10.0,4.0,3.0
2025-11-14,45.00043869018555,0.24313301359670728,0.23874969112970526,102.25697768605635,101.0218788530595,XLE,エネルギー,rate_sensitive,Leading,10.0,4.0,3.0
2025-11-17,44.17886734008789,0.24187017882381992,0.23978985369441017,102.44903752371603,100.87221349828968,XLE,エネルギー,rate_sensitive,Leading,10.0,2.0,0.0
2025-11-18,44.530967712402344,0.24365287093763202,0.24107752610881747,102.66574007468168,100.71085000411354,XLE,エネルギー,rate_sensitive,Leading,10.0,0.0,-4.0
2025-11-19,43.953914642333984,0.24122574889076714,0.24112693370280072,102.5175531944126,100.73350413489696,XLE,エネルギー,rate_sensitive,Leading,10.0,0.0,-4.0
2025-11-20,43.45510482788086,0.24143364277715593,0.24122917006091915,102.39623274568595,100.41367970612664,XLE,エネルギー,rate_sensitive,Leading,10.0,0.0,-4.0
2025-11-21,43.72895812988281,0.2382728710722741,0.24024373706470414,102.02329903779612,99.49150179929306,XLE,エネルギー,rate_sensitive,Weakening,10.0,0.0,-4.0
2025-11-24,43.60670471191406,0.23662587371332292,0.23903778261424374,101.6369139932293,98.95688408921494,XLE,エネルギー,rate_sensitive,Weakening,10.0,0.0,-2.0
2025-11-25,43.332847595214844,0.23184605813905074,0.23664054112251276,100.98630136213775,98.1900490883335,XLE,エネルギー,rate_sensitive,Weakening,10.0,0.0,0.0
2025-11-26,43.66049575805664,0.2319804437629886,0.2350871753360047,100.57304948518538,98.03322044709861,XLE,エネルギー,rate_sensitive,Weakening,10.0,0.0,0.0
2025-11-28,44.232662200927734,0.2337566208007246,0.234643657157578,100.45383489839266,98.12068830304143,XLE,エネルギー,rate_sensitive,Weakening,9.0,-1.0,-1.0
2025-12-01,44.65811538696289,0.23763032478476198,0.23563921303330604,100.7061018568152,98.73596986484492,XLE,エネルギー,rate_sensitive,Weakening,10.0,0.0,0.0
2025-12-02,44.08106231689453,0.23478194404463892,0.23535345670375035,100.62874952681538,99.05011130991248,XLE,エネルギー,rate_sensitive,Weakening,10.0,0.0,0.0
2025-12-03,44.90752029418945,0.23737262347846244,0.23602651229532107,100.78977532855912,99.80770116178951,XLE,エネルギー,rate_sensitive,Weakening,10.0,0.0,0.0
2025-12-04,45.098243713378906,0.23830607925280045,0.2367863679478142,100.95785895206937,100.33581178409433,XLE,エネルギー,rate_sensitive,Leading,10.0,0.0,0.0
2025-12-05,44.912410736083984,0.23676788696198262,0.2367802076192037,100.92826788941508,100.40150180199504,XLE,エネルギー,rate_sensitive,Leading,10.0,1.0,2.0
2025-12-08,44.42338180541992,0.23560100036910137,0.23638713853583626,100.80465568865002,100.03597465662085,XLE,エネルギー,rate_sensitive,Leading,10.0,0.0,0.0
2025-12-09,44.69723892211914,0.2375013894822256,0.23675855551796607,100.873482969742,100.15816157836574,XLE,エネルギー,rate_sensitive,Leading,11.0,1.0,1.0
2025-12-10,45.16670608520508,0.23666629674797496,0.23672780259463572,100.84148815106741,99.96583490676785,XLE,エネルギー,rate_sensitive,Weakening,11.0,1.0,1.0
2025-12-11,44.951534271240234,0.23365190626239515,0.2357025038172222,100.56923862283767,99.55398552774643,XLE,エネルギー,rate_sensitive,Weakening,10.0,0.0,0.0
2025-12-12,44.51140594482422,0.23294320204765823,0.23478273656070087,100.3271333104449,99.36643589572527,XLE,エネルギー,rate_sensitive,Weakening,10.0,0.0,-1.0
2025-12-15,44.198429107666016,0.23101864594258997,0.23352803968799726,100.01108840029792,99.20886371901601,XLE,エネルギー,rate_sensitive,Weakening,9.0,-1.0,-1.0
2025-12-16,42.84870910644531,0.22554788754046698,0.23086798897215383,99.36184228471836,98.58996751402091,XLE,エネルギー,rate_sensitive,Lagging,5.0,-6.0,-7.0
2025-12-17,43.79742431640625,0.23116687442607103,0.2309676174567929,99.398154011971,98.69832107251851,XLE,エネルギー,rate_sensitive,Lagging,6.0,-5.0,-6.0
2025-12-18,43.16168975830078,0.22732538127595153,0.22975353872984577,99.11416896984831,98.73069788508029,XLE,エネルギー,rate_sensitive,Lagging,5.0,-5.0,-5.0
2025-12-19,43.16168975830078,0.2265003570891791,0.22866914484962356,98.87023693676987,98.7690986857788,XLE,エネルギー,rate_sensitive,Lagging,3.0,-7.0,-7.0
2025-12-22,43.608524322509766,0.22716147222452066,0.2281665873079226,98.77928523189753,98.99805865350535,XLE,エネルギー,rate_sensitive,Lagging,3.0,-6.0,-5.0
2025-12-23,43.89457702636719,0.2291844247565945,0.22850586645747992,98.89331843073343,99.68616126821324,XLE,エネルギー,rate_sensitive,Lagging,4.0,-1.0,5.0
2025-12-24,43.76634979248047,0.22768949426757842,0.22823374239417943,98.86591004444684,99.65280206795198,XLE,エネルギー,rate_sensitive,Lagging,4.0,-2.0,3.0
2025-12-26,43.598663330078125,0.2267586044889328,0.22774202975909724,98.78814864134166,99.86931123415349,XLE,エネルギー,rate_sensitive,Lagging,4.0,-1.0,4.0
2025-12-29,44.01294708251953,0.22929182819618588,0.2282586292381268,98.94452053420918,100.281942462757,XLE,エネルギー,rate_sensitive,Improving,4.0,1.0,8.0
2025-12-30,44.348323822021484,0.2314097265261483,0.22930899500080065,99.21933088994234,100.65401029881355,XLE,エネルギー,rate_sensitive,Improving,4.0,1.0,7.0
2025-12-31,44.101722717285156,0.2321051404584185,0.2302410434866733,99.4583932900239,100.76537836153462,XLE,エネルギー,rate_sensitive,Improving,5.0,1.0,2.0
2026-01-02,45.028934478759766,0.23538754699050582,0.23195654465461749,99.87066297508773,101.15677218432721,XLE,エネルギー,rate_sensitive,Improving,6.0,2.0,4.0
2026-01-05,46.2520637512207,0.23955803505169207,0.2344903747869757,100.46322689112918,101.76644543421911,XLE,エネルギー,rate_sensitive,Leading,7.0,3.0,4.0
2026-01-06,45.01906967163086,0.23039036120681308,0.2331237035935882,100.1343333396396,101.25932405565321,XLE,エネルギー,rate_sensitive,Leading,7.0,3.0,2.0
2026-01-07,44.51601028442383,0.23040059707956667,0.2322160014222477,99.91876132569502,100.74219873348596,XLE,エネルギー,rate_sensitive,Improving,7.0,3.0,2.0
2026-01-08,45.916690826416016,0.23562992008837622,0.23335397431095722,100.18231701499957,100.74146898209963,XLE,エネルギー,rate_sensitive,Leading,7.0,2.0,1.0
2026-01-09,46.035057067871094,0.23487444066596377,0.23386079642929275,100.29154705650325,100.41614117031403,XLE,エネルギー,rate_sensitive,Leading,7.0,1.0,-1.0
2026-01-12,45.70954513549805,0.2330014030078098,0.23357433195546512,100.21026060138075,99.7206878083281,XLE,エネルギー,rate_sensitive,Weakening,7.0,0.0,-3.0
2026-01-13,46.360565185546875,0.23631993493802125,0.23448953294965053,100.41076505601815,100.24717123203813,XLE,エネルギー,rate_sensitive,Leading,9.0,2.0,-1.0
2026-01-14,47.40614700317383,0.24055507833889578,0.2365113814127323,100.86571266740881,100.90715022814496,XLE,エネルギー,rate_sensitive,Leading,9.0,2.0,-1.0
2026-01-15,46.9622688293457,0.23725183125708765,0.23675819802751744,100.8958752132275,100.6415860372687,XLE,エネルギー,rate_sensitive,Leading,9.0,2.0,0.0
2026-01-16,47.04117965698242,0.23825937821140855,0.2372585914221478,100.98638218362152,100.59802773217588,XLE,エネルギー,rate_sensitive,Leading,9.0,2.0,1.0
2026-01-20,46.9524040222168,0.24141184145336378,0.23864300809921982,101.28516903720768,100.96863870840681,XLE,エネルギー,rate_sensitive,Leading,9.0,2.0,2.0
2026-01-21,48.08675765991211,0.24312764678090648,0.24013788765978206,101.59977415593188,101.05530906334873,XLE,エネルギー,rate_sensitive,Leading,9.0,0.0,-2.0
2026-01-22,48.24458312988281,0.2436079773644445,0.2412945842280029,101.8239742220212,100.78529900670247,XLE,エネルギー,rate_sensitive,Leading,9.0,0.0,-2.0
2026-01-23,48.52077102661133,0.24609957233249175,0.24289624692949918,102.12164338413041,101.03849330479106,XLE,エネルギー,rate_sensitive,Leading,10.0,1.0,-1.0
2026-01-26,48.55036544799805,0.24566876901120574,0.24382042095673473,102.22568252338144,101.03346857199233,XLE,エネルギー,rate_sensitive,Leading,10.0,1.0,-1.0
2026-01-27,48.994239807128906,0.24830117251633405,0.24531400480993454,102.4294531665964,100.91954617989691,XLE,エネルギー,rate_sensitive,Leading,10.0,1.0,-1.0
2026-01-28,49.36907196044922,0.2510463330391548,0.2472247808863413,102.67515171808996,100.8348822686383,XLE,エネルギー,rate_sensitive,Leading,11.0,2.0,2.0
2026-01-29,49.822811126708984,0.2530218094583335,0.24915712374367205,102.86892826280811,100.79326528625297,XLE,エネルギー,rate_sensitive,Leading,11.0,2.0,2.0
2026-01-30,50.355464935302734,0.2562949056419434,0.25153638437642917,103.06593998308358,100.68422723588738,XLE,エネルギー,rate_sensitive,Leading,11.0,1.0,0.0
2026-02-02,49.36907196044922,0.2499871546940302,0.2510199744822962,102.74643731836663,100.24993284868138,XLE,エネルギー,rate_sensitive,Leading,11.0,1.0,0.0
2026-02-03,50.9670295715332,0.2587674568808738,0.25360246861515545,102.94276786266555,100.24776224583276,XLE,エネルギー,rate_sensitive,Leading,11.0,1.0,0.0
2026-02-04,52.11125183105469,0.2622916963794798,0.25649887786993025,103.1089763539298,100.1784579722896,XLE,エネルギー,rate_sensitive,Leading,10.0,-1.0,-3.0
2026-02-05,51.49968719482422,0.2614850495844737,0.25816093510811144,103.05765129131463,99.94214765613482,XLE,エネルギー,rate_sensitive,Weakening,10.0,-1.0,-3.0
2026-02-06,52.525535583496094,0.26181497922936053,0.2593789498151945,102.95264757303829,99.64173895604753,XLE,エネルギー,rate_sensitive,Weakening,10.0,-1.0,-2.0
2026-02-09,52.91022872924805,0.263576105907658,0.2607780018460157,102.87629666465207,99.90815248067763,XLE,エネルギー,rate_sensitive,Weakening,10.0,-1.0,-2.0
2026-02-10,52.85104751586914,0.2623479349465188,0.26130131287951675,102.71390477621674,99.55121794582973,XLE,エネルギー,rate_sensitive,Weakening,11.0,0.0,-1.0
2026-02-11,54.231998443603516,0.2687265237969187,0.2637763831853174,102.76646845006175,99.45293048150025,XLE,エネルギー,rate_sensitive,Weakening,11.0,1.0,2.0
2026-02-12,53.24560546875,0.2673472297549349,0.2649666653751899,102.67767224354007,99.43682621553539,XLE,エネルギー,rate_sensitive,Weakening,10.0,0.0,1.0
2026-02-13,53.61056900024414,0.2664198566540732,0.26545106246815103,102.53684934583481,99.42179522961082,XLE,エネルギー,rate_sensitive,Weakening,10.0,0.0,1.0
2026-02-17,53.018733978271484,0.26393406516945545,0.2649453967019192,102.33264830417727,99.30825507284973,XLE,エネルギー,rate_sensitive,Weakening,9.0,-1.0,0.0
2026-02-18,54.03471755981445,0.2676043031070027,0.265831698836947,102.27344628060838,99.44355094838383,XLE,エネルギー,rate_sensitive,Weakening,10.0,-1.0,-1.0
2026-02-19,54.42927932739258,0.27012896163524824,0.2672641197697141,102.26257199097546,99.39756471051012,XLE,エネルギー,rate_sensitive,Weakening,10.0,-1.0,-2.0
2026-02-20,54.13336181640625,0.26740979241182,0.26731267731708275,102.14490926694589,99.38877854790098,XLE,エネルギー,rate_sensitive,Weakening,10.0,0.0,0.0
2026-02-23,54.399688720703125,0.2717075031428063,0.2687776192589906,102.14481281059271,99.56677653263013,XLE,エネルギー,rate_sensitive,Weakening,10.0,0.0,0.0
2026-02-24,54.35036849975586,0.2693130626415925,0.26895610038652457,102.0494879674276,99.70561189142789,XLE,エネルギー,rate_sensitive,Weakening,10.0,1.0,2.0
2026-02-25,54.12349319458008,0.26803081483232344,0.2686476718684575,101.9294915688291,99.63917432447917,XLE,エネルギー,rate_sensitive,Weakening,10.0,0.0,1.0
2026-02-26,54.301048278808594,0.26739960718181466,0.26823165030624324,101.81383552740948,99.51222790332918,XLE,エネルギー,rate_sensitive,Weakening,10.0,0.0,1.0
2026-02-27,55.15920639038086,0.27130744940971024,0.2692569166740656,101.80444955886308,99.5995659090849,XLE,エネルギー,rate_sensitive,Weakening,11.0,1.0,1.0
2026-03-02,56.26397705078125,0.27725541712687096,0.2719230834916674,101.90017127062188,99.66569812005999,XLE,エネルギー,rate_sensitive,Weakening,11.0,1.0,1.0
2026-03-03,55.75104522705078,0.2781401525633203,0.273995439848885,101.94493282702935,99.79070317037541,XLE,エネルギー,rate_sensitive,Weakening,11.0,1.0,0.0
2026-03-04,55.425537109375,0.2754122633538858,0.27446771435055195,101.88438912752603,99.83676577859204,XLE,エネルギー,rate_sensitive,Weakening,10.0,0.0,0.0
2026-03-05,55.71158981323242,0.2800777220017955,0.2763377169009665,101.91192085273644,100.0017285306364,XLE,エネルギー,rate_sensitive,Leading,9.0,-1.0,-1.0
2026-03-06,55.80036544799805,0.2839075897572456,0.27886100785305956,101.97102406219511,100.08559256551435,XLE,エネルギー,rate_sensitive,Leading,9.0,-2.0,-3.0
2026-03-09,55.553768157958984,0.2818563077528118,0.279859441152977,101.93495945401213,99.91673455430295,XLE,エネルギー,rate_sensitive,Weakening,9.0,-2.0,-3.0
2026-03-10,54.843563079833984,0.28035527123823767,0.28002471784806393,101.85571794327184,99.76234972075169,XLE,エネルギー,rate_sensitive,Weakening,9.0,-2.0,-3.0
2026-03-11,56.20479202270508,0.2882637858527099,0.2827710738496126,101.92111428962123,99.93250781396918,XLE,エネルギー,rate_sensitive,Weakening,9.0,-1.0,-1.0
2026-03-12,56.727577209472656,0.2955152911359764,0.2870191462784005,102.05249325662155,100.07396460020078,XLE,エネルギー,rate_sensitive,Leading,9.0,0.0,1.0
2026-03-13,56.91499328613281,0.2965069082486893,0.29018173360183014,102.10905560244188,100.0687183565167,XLE,エネルギー,rate_sensitive,Leading,9.0,0.0,2.0
2026-03-16,57.112274169921875,0.2953370422708248,0.29190016982482836,102.0863666035725,100.07540820130727,XLE,エネルギー,rate_sensitive,Leading,9.0,0.0,2.0
2026-03-17,57.71397399902344,0.2967892232752672,0.293529854308308,102.06048216863428,100.13091226053287,XLE,エネルギー,rate_sensitive,Leading,10.0,1.0,3.0
2026-03-18,57.63506317138672,0.30033583289077487,0.295798513835797,102.065174402482,100.0288455841814,XLE,エネルギー,rate_sensitive,Leading,10.0,1.0,2.0
2026-03-19,58.55241012573242,0.3053528467957051,0.2989832914890997,102.1092805693409,99.86948551830564,XLE,エネルギー,rate_sensitive,Weakening,10.0,1.0,1.0
2026-03-20,58.50309371948242,0.30964457401829476,0.30253705233216477,102.16050708725624,99.8200887890676,XLE,エネルギー,rate_sensitive,Weakening,11.0,2.0,2.0
2026-03-23,59.203041076660156,0.3100439415249848,0.30503934872977145,102.16036562040507,99.80799950572892,XLE,エネルギー,rate_sensitive,Weakening,11.0,2.0,2.0
2026-03-24,60.40437698364258,0.3159561912679444,0.30867829624249576,102.20453954960406,99.8709462331436,XLE,エネルギー,rate_sensitive,Weakening,11.0,1.0,0.0
2026-03-25,60.13631057739258,0.3130370989034032,0.3101312304627983,102.15628270918143,99.73446848705042,XLE,エネルギー,rate_sensitive,Weakening,11.0,1.0,0.0
2026-03-26,61.07950973510742,0.32089206303932344,0.3137181746549733,102.19304456107646,99.70257244050332,XLE,エネルギー,rate_sensitive,Weakening,11.0,1.0,0.0
2026-03-27,62.112064361572266,0.33085328067740055,0.31942987666244904,102.3004198922104,99.77996956660152,XLE,エネルギー,rate_sensitive,Weakening,11.0,0.0,-2.0
2026-03-30,61.516357421875,0.3283596166644418,0.3224064566631133,102.2930219761809,99.75154225290129,XLE,エネルギー,rate_sensitive,Weakening,11.0,0.0,-2.0
2026-03-31,60.82136917114258,0.3181373455142114,0.32098341961347937,102.13125370029563,99.38197509257763,XLE,エネルギー,rate_sensitive,Weakening,11.0,0.0,-1.0
2026-04-01,58.547767639160156,0.30525872657576547,0.31574185526757476,101.85337546689952,98.99365220437528,XLE,エネルギー,rate_sensitive,Weakening,11.0,0.0,-1.0
2026-04-02,58.82576370239258,0.3058345160817156,0.3124394088722884,101.6666622067281,98.6393222582684,XLE,エネルギー,rate_sensitive,Weakening,11.0,0.0,-1.0
2026-04-06,59.252685546875,0.3067355476384022,0.3105381217943264,101.54136609385726,98.2902615598589,XLE,エネルギー,rate_sensitive,Weakening,11.0,0.0,0.0
2026-04-07,59.729248046875,0.30988974433329763,0.31032199597398347,101.48198751303018,98.21327067125209,XLE,エネルギー,rate_sensitive,Weakening,11.0,0.0,0.0
2026-04-08,57.63435363769531,0.29226893392379455,0.3043043086239205,101.2204570131047,98.09530406239904,XLE,エネルギー,rate_sensitive,Weakening,11.0,0.0,0.0
2026-04-09,56.91950988769531,0.2884690322103184,0.29902588315271983,100.99338271429326,98.26201166000081,XLE,エネルギー,rate_sensitive,Weakening,9.0,-2.0,-2.0
2026-04-10,56.53230285644531,0.28859010424963205,0.2955472901850239,100.83530885736144,98.37720252009817,XLE,エネルギー,rate_sensitive,Weakening,7.0,-4.0,-4.0
2026-04-13,56.70108413696289,0.28627810644368795,0.29245756227124525,100.69221893852247,98.41071054519485,XLE,エネルギー,rate_sensitive,Weakening,7.0,-4.0,-4.0
2026-04-14,55.54939270019531,0.2792974273229118,0.28807085062180077,100.49777940696859,98.23858598300126,XLE,エネルギー,rate_sensitive,Weakening,6.0,-5.0,-5.0
2026-04-15,55.360748291015625,0.2782513823137466,0.2847976945191161,100.34378296105504,98.47962033934405,XLE,エネルギー,rate_sensitive,Weakening,6.0,-5.0,-5.0
2026-04-16,56.17488098144531,0.2810627636196621,0.28355271755263145,100.26886845132893,98.7688396586331,XLE,エネルギー,rate_sensitive,Weakening,5.0,-4.0,-2.0
2026-04-17,54.62604904174805,0.2699232386752579,0.2790095579268403,100.05485144542119,98.71767383154324,XLE,エネルギー,rate_sensitive,Weakening,4.0,-3.0,1.0
2026-04-20,54.675689697265625,0.2693200927100183,0.27577973618789964,99.88987191923643,98.72329263351538,XLE,エネルギー,rate_sensitive,Lagging,3.0,-4.0,0.0
2026-04-21,55.46996307373047,0.2749187085909537,0.2754927269889177,99.84843078532693,99.00357273117702,XLE,エネルギー,rate_sensitive,Lagging,4.0,-2.0,3.0
2026-04-22,56.13516616821289,0.2783392565356541,0.27644157017116316,99.86158838731077,99.30968753093038,XLE,エネルギー,rate_sensitive,Lagging,5.0,-1.0,4.0
2026-04-23,56.57201385498047,0.2805191706960758,0.27780077034613404,99.89442513078748,99.52427683937808,XLE,エネルギー,rate_sensitive,Lagging,5.0,0.0,4.0
2026-04-24,56.46280288696289,0.28055968162943523,0.2787204074405678,99.90852501404444,99.97567383405756,XLE,エネルギー,rate_sensitive,Lagging,7.0,3.0,6.0
2026-04-27,56.363521575927734,0.28039945903481467,0.2792800913053168,99.90595814405043,100.34146895977945,XLE,エネルギー,rate_sensitive,Improving,6.0,3.0,7.0
2026-04-28,57.29678726196289,0.2865047238153342,0.28168830214198926,99.99575828660983,100.6752479668783,XLE,エネルギー,rate_sensitive,Improving,8.0,4.0,6.0
2026-04-29,58.607337951660156,0.2935697300724789,0.28564877811881917,100.1688639133143,101.09809161100036,XLE,エネルギー,rate_sensitive,Leading,8.0,3.0,4.0
2026-04-30,59.222900390625,0.2922348409696738,0.2878441324024374,100.25675992731463,101.3130649144476,XLE,エネルギー,rate_sensitive,Leading,8.0,3.0,3.0
2026-05-01,58.42862319946289,0.2891968480899056,0.2882950376315935,100.25548555416431,101.3626613823223,XLE,エネルギー,rate_sensitive,Leading,8.0,1.0,-2.0
2026-05-04,58.964759826660156,0.293558406341561,0.2900494938682493,100.32510734195074,101.55671446747036,XLE,エネルギー,rate_sensitive,Leading,8.0,2.0,-1.0
2026-05-05,59.024330139160156,0.29154161785303634,0.290546868529845,100.32773612206587,101.36149973376934,XLE,エネルギー,rate_sensitive,Leading,8.0,0.0,-4.0
2026-05-06,56.59187316894531,0.27732995205805494,0.286141229705915,100.05144156473452,100.2512256725978,XLE,エネルギー,rate_sensitive,Leading,8.0,0.0,-3.0
2026-05-07,55.54939270019531,0.27397330892185096,0.28208525611122703,99.78932117666078,99.36920985509491,XLE,エネルギー,rate_sensitive,Lagging,8.0,0.0,-3.0
2026-05-08,55.30118179321289,0.27200073084536697,0.2787237476892737,99.5635587570318,98.82191413251904,XLE,エネルギー,rate_sensitive,Lagging,8.0,0.0,-1.0
2026-05-11,56.76065444946289,0.27932973846062004,0.27892574461305586,99.55047988249947,98.65651346283904,XLE,エネルギー,rate_sensitive,Lagging,7.0,-1.0,-3.0
2026-05-12,57.15779113769531,0.28153256698069795,0.2797946854022699,99.57827708168301,98.75786683417849,XLE,エネルギー,rate_sensitive,Lagging,7.0,-1.0,-1.0
2026-05-13,57.21736145019531,0.2830620609045145,0.2808838105696848,99.62361861150163,99.57264157466157,XLE,エネルギー,rate_sensitive,Lagging,7.0,-1.0,-1.0
2026-05-14,57.654212951660156,0.2841868544043727,0.28198482518124746,99.67155834941104,100.34292136277334,XLE,エネルギー,rate_sensitive,Improving,7.0,-1.0,-1.0
2026-05-15,59.014400482177734,0.2939221646944525,0.2859639383523158,99.9061907104073,101.44825762295321,XLE,エネルギー,rate_sensitive,Improving,8.0,0.0,0.0
2026-05-18,60.146240234375,0.2977276886680972,0.28988518845757627,100.14026433940701,101.96048473556259,XLE,エネルギー,rate_sensitive,Leading,8.0,1.0,2.0
2026-05-19,60.851158142089844,0.3029799748419607,0.2942501172523711,100.40875675090129,102.3787472596952,XLE,エネルギー,rate_sensitive,Leading,9.0,2.0,3.0
2026-05-20,59.371822357177734,0.2924091483751493,0.2936364609599639,100.34401759218804,102.0181134936045,XLE,エネルギー,rate_sensitive,Leading,9.0,2.0,3.0
2026-05-21,58.70662307739258,0.2878900771536081,0.29172099969117865,100.18822906949866,101.50536638027766,XLE,エネルギー,rate_sensitive,Leading,9.0,2.0,3.0
2026-05-22,59.06404495239258,0.2870209417064765,0.290154313696278,100.05508319194051,100.67626837032525,XLE,エネルギー,rate_sensitive,Leading,8.0,0.0,0.0
2026-05-26,57.43578338623047,0.27768358406001803,0.2859974038175247,99.7337943794851,99.46201333706122,XLE,エネルギー,rate_sensitive,Lagging,8.0,0.0,-1.0
2026-05-27,56.581947326660156,0.2737533115904892,0.2819160397418462,99.41166783547214,98.23460787718427,XLE,エネルギー,rate_sensitive,Lagging,8.0,-1.0,-3.0
2026-05-28,56.542232513427734,0.2725628182138415,0.2787982992325113,99.15545486916997,97.92180673021083,XLE,エネルギー,rate_sensitive,Lagging,8.0,-1.0,-3.0
2026-05-29,55.886959075927734,0.2686558288164418,0.27541747576048814,98.882774592468,97.80237070947675,XLE,エネルギー,rate_sensitive,Lagging,8.0,-1.0,-3.0
2026-06-01,56.88972473144531,0.27297951448294405,0.27460482200130676,98.81282531928755,98.0254102949183,XLE,エネルギー,rate_sensitive,Lagging,8.0,0.0,0.0
2026-06-02,57.54499816894531,0.2750326591660767,0.2747474343895634,98.82147522449299,98.70164989041177,XLE,エネルギー,rate_sensitive,Lagging,9.0,1.0,1.0
2026-06-03,58.28962707519531,0.2796433425882383,0.27637940378912174,98.94092580785934,99.55148007322724,XLE,エネルギー,rate_sensitive,Lagging,10.0,2.0,3.0
2026-06-04,58.329341888427734,0.27773675385985885,0.2768318538127008,98.97430386964353,100.1085774980896,XLE,エネルギー,rate_sensitive,Improving,10.0,2.0,3.0
2026-06-05,57.25707244873047,0.2765664991278617,0.2767434022510878,98.97265390121066,100.62675474293287,XLE,エネルギー,rate_sensitive,Improving,9.0,1.0,2.0
2026-06-08,57.912349700927734,0.2800280984036598,0.27783830096861184,99.0607789064877,100.91676402031263,XLE,エネルギー,rate_sensitive,Improving,9.0,1.0,1.0
2026-06-09,56.97908020019531,0.2734344239889513,0.2763703419753917,98.95753992175618,100.69576846904387,XLE,エネルギー,rate_sensitive,Improving,9.0,0.0,-1.0
2026-06-10,57.832923889160156,0.2811063809335847,0.27794902162812274,99.08717928675343,100.7102745166657,XLE,エネルギー,rate_sensitive,Improving,8.0,-2.0,-4.0
2026-06-11,56.71101379394531,0.27142143021197834,0.27577315782274125,98.945472770451,100.38663105781804,XLE,エネルギー,rate_sensitive,Improving,6.0,-4.0,-6.0
2026-06-12,57.137935638427734,0.2710097818057414,0.27418536581707464,98.85791337393582,100.23277532592472,XLE,エネルギー,rate_sensitive,Improving,6.0,-3.0,-4.0
2026-06-15,55.15225601196289,0.26008008141330924,0.26948360434915286,98.5604642162761,99.52021035908982,XLE,エネルギー,rate_sensitive,Lagging,4.0,-5.0,-6.0
2026-06-16,54.96361541748047,0.260057879754215,0.26634169615084025,98.39650469874076,99.42596171179191,XLE,エネルギー,rate_sensitive,Lagging,3.0,-6.0,-6.0
2026-06-17,54.2785530090332,0.2607242590443969,0.26446921711535915,98.33407677056775,99.08862281791453,XLE,エネルギー,rate_sensitive,Lagging,3.0,-5.0,-3.0
2026-06-18,53.38500213623047,0.255247429114848,0.26139528778185545,98.20209893489444,99.13384827995725,XLE,エネルギー,rate_sensitive,Lagging,2.0,-4.0,0.0
2026-06-22,54.060001373291016,0.25790754837973734,0.2602327079811494,98.20251496550188,99.3223610517597,XLE,エネルギー,rate_sensitive,Lagging,3.0,-3.0,0.0
2026-06-23,54.459999084472656,0.2607113755737386,0.2603922638453458,98.28266190731101,100.04947704798641,XLE,エネルギー,rate_sensitive,Improving,3.0,-1.0,4.0
2026-06-24,53.56999969482422,0.2546344635967862,0.25847299709582594,98.22314502195825,100.25942745394454,XLE,エネルギー,rate_sensitive,Improving,3.0,0.0,6.0
2026-06-25,54.09000015258789,0.25544273979970666,0.25746291133045285,98.22028230911837,100.38112143325986,XLE,エネルギー,rate_sensitive,Improving,3.0,0.0,5.0
2026-06-26,53.84000015258789,0.2560030468241897,0.2569762898283651,98.23974926048874,100.67432771795843,XLE,エネルギー,rate_sensitive,Improving,3.0,1.0,5.0
2026-06-29,53.58000183105469,0.2514902654943314,0.2551476150503539,98.15338197331702,100.51521160689762,XLE,エネルギー,rate_sensitive,Improving,3.0,0.0,3.0
2026-06-30,53.11000061035156,0.24961225522344763,0.2533024951080518,98.04788409793527,100.16880957778451,XLE,エネルギー,rate_sensitive,Improving,2.0,-1.0,0.0
2026-07-01,52.810001373291016,0.24745794698970502,0.25135431240193623,97.93375063973289,100.06945495904878,XLE,エネルギー,rate_sensitive,Improving,1.0,-2.0,-2.0
2026-07-02,53.220001220703125,0.24763854782850345,0.250115724210792,97.88741604610539,99.98573126015117,XLE,エネルギー,rate_sensitive,Lagging,1.0,-2.0,-2.0
2026-07-06,53.130001068115234,0.24711628403774527,0.2491159108197764,97.86807093066692,99.90526088127757,XLE,エネルギー,rate_sensitive,Lagging,2.0,-1.0,-2.0
2026-07-07,54.63999938964844,0.25445909037775327,0.2508969706724354,98.0392145268239,100.3891652821495,XLE,エネルギー,rate_sensitive,Improving,1.0,-2.0,-2.0
2026-07-08,55.599998474121094,0.2620169617046815,0.2546036343498508,98.3329363546985,101.13390148570805,XLE,エネルギー,rate_sensitive,Improving,2.0,0.0,1.0
2026-07-09,54.81999969482422,0.2567681484535092,0.25532513905107024,98.4209304900536,101.4761917899067,XLE,エネルギー,rate_sensitive,Improving,3.0,2.0,4.0
2026-07-10,55.08000183105469,0.2570228700265195,0.25589104937622,98.50526927889462,101.66346587815606,XLE,エネルギー,rate_sensitive,Improving,4.0,3.0,5.0
2026-07-13,56.7400016784668,0.26485554222121904,0.25887921365788635,98.77127060835245,102.0998217779494,XLE,エネルギー,rate_sensitive,Improving,6.0,4.0,5.0
2026-07-14,56.95000076293945,0.2668072221933496,0.2615218831697075,99.00760621316343,102.11078152967352,XLE,エネルギー,rate_sensitive,Improving,6.0,5.0,7.0
2026-07-15,56.5,0.2652955800166824,0.2627797821186991,99.13470503573738,101.74203623231458,XLE,エネルギー,rate_sensitive,Improving,6.0,4.0,4.0
2026-07-16,57.02000045776367,0.2651353162143899,0.26356496015059605,99.22217075579928,101.67638370432375,XLE,エネルギー,rate_sensitive,Improving,7.0,4.0,2.0
2026-07-17,57.68000030517578,0.2703285448991863,0.26581948840012615,99.42084113146345,101.80071759453796,XLE,エネルギー,rate_sensitive,Improving,8.0,4.0,1.0
2026-07-20,57.939998626708984,0.2727615061018276,0.26813349430069333,99.61734242402113,101.61662107597907,XLE,エネルギー,rate_sensitive,Improving,9.0,3.0,-1.0
2026-07-21,58.5,0.27495770591458824,0.270408231505325,99.80413062928224,101.47863736162651,XLE,エネルギー,rate_sensitive,Improving,9.0,3.0,-2.0
2026-07-22,59.20000076293945,0.27832628872742776,0.27304758391269257,100.01614624594738,101.56430031572997,XLE,エネルギー,rate_sensitive,Leading,9.0,3.0,-1.0
2026-07-23,59.380001068115234,0.28020008296138593,0.275431750262257,100.20628300154924,101.66821557463372,XLE,エネルギー,rate_sensitive,Leading,9.0,2.0,-2.0
2026-07-24,59.619998931884766,0.2791590433453335,0.2766741812899492,100.3062731684975,101.44861789668164,XLE,エネルギー,rate_sensitive,Leading,9.0,1.0,-3.0
2026-07-27,58.36000061035156,0.27121480898219236,0.27485439052069693,100.16717179511761,100.87233184533744,XLE,エネルギー,rate_sensitive,Leading,8.0,-1.0,-4.0
2026-07-28,57.56999969482422,0.2644586294693062,0.2713891368369,99.9018346964849,100.12940843764649,XLE,エネルギー,rate_sensitive,Improving,8.0,-1.0,-4.0
2026-07-29,58.650001525878906,0.2718676247504877,0.27154863280809594,99.92701709499936,99.82946154569323,XLE,エネルギー,rate_sensitive,Lagging,8.0,-1.0,-4.0
2026-07-30,58.959999084472656,0.2737487127301004,0.2722819927820974,100.00257587447739,99.65471044170806,XLE,エネルギー,rate_sensitive,Weakening,9.0,0.0,-2.0
2026-07-31,59.54999923706055,0.2769638656735431,0.27384261707924595,100.14822257834416,99.74255047773093,XLE,エネルギー,rate_sensitive,Weakening,9.0,0.0,-1.0
2026-08-03,58.790000915527344,0.2707843984627777,0.27282321087375655,100.08627383155263,99.88021300463417,XLE,エネルギー,rate_sensitive,Weakening,9.0,1.0,2.0
2026-08-04,58.52000045776367,0.26572220675226543,0.2704562094999262,99.91426028157876,100.04481576005078,XLE,エネルギー,rate_sensitive,Improving,9.0,1.0,2.0
2026-08-05,57.310001373291016,0.26082010871357914,0.2672441759044772,99.66731606707972,99.60954014897125,XLE,エネルギー,rate_sensitive,Lagging,9.0,1.0,2.0
2026-08-06,58.15999984741211,0.26608106578919904,0.2668564725327178,99.65582909338413,99.47244401411264,XLE,エネルギー,rate_sensitive,Lagging,8.0,-1.0,-1.0
2026-08-07,57.5,0.26125676294584416,0.2649899026704266,99.51348089778801,99.0044628178108,XLE,エネルギー,rate_sensitive,Lagging,8.0,-1.0,-1.0
2026-08-10,60.18000030517578,0.2732721822340912,0.2677506625249815,99.77062598003263,99.51641699829445,XLE,エネルギー,rate_sensitive,Lagging,9.0,0.0,-1.0
2026-08-11,60.93000030517578,0.2760886294400801,0.27052998483001434,100.027803999977,100.20816393574334,XLE,エネルギー,rate_sensitive,Leading,9.0,0.0,-1.0
2026-08-12,61.029998779296875,0.27605390932615825,0.27237129299539564,100.20265572308904,100.88857265258645,XLE,エネルギー,rate_sensitive,Leading,9.0,0.0,-1.0
2026-08-13,61.060001373291016,0.27414359333973337,0.27296205977684157,100.268431187391,100.98784007149006,XLE,エネルギー,rate_sensitive,Leading,9.0,1.0,2.0
2026-08-14,61.90999984741211,0.27790994595346197,0.2746113551690484,100.43052347402806,101.44852886002995,XLE,エネルギー,rate_sensitive,Leading,9.0,1.0,2.0
2026-08-17,62.58000183105469,0.2834367667648512,0.277553159034316,100.71856061498897,101.46058815272671,XLE,エネルギー,rate_sensitive,Leading,9.0,0.0,0.0
2026-08-18,63.68000030517578,0.2897311172045681,0.28161247842440007,101.12359440497028,101.66058527245603,XLE,エネルギー,rate_sensitive,Leading,10.0,1.0,1.0
2026-08-19,63.58000183105469,0.286306118494556,0.2831770251144521,101.32662970394811,101.67972005348301,XLE,エネルギー,rate_sensitive,Leading,10.0,1.0,1.0
2026-08-20,63.75,0.2894043960108809,0.28525281541326175,101.57997772165922,101.91935592242518,XLE,エネルギー,rate_sensitive,Leading,10.0,1.0,0.0
2026-08-21,63.63999938964844,0.2870934267845545,0.285866352537026,101.68052446212106,101.76585344116884,XLE,エネルギー,rate_sensitive,Leading,10.0,1.0,0.0
2026-08-24,63.11000061035156,0.2843689572979408,0.2853672207906643,101.66231798675207,101.26513460133971,XLE,エネルギー,rate_sensitive,Leading,10.0,1.0,1.0
2026-08-25,62.060001373291016,0.2798394741294485,0.283524638570259,101.48764356057684,100.37997442213585,XLE,エネルギー,rate_sensitive,Leading,10.0,0.0,-1.0
2026-08-26,62.43000030517578,0.28107694445824155,0.28270874053291983,101.39984679855932,99.9154019916468,XLE,エネルギー,rate_sensitive,Weakening,10.0,0.0,-1.0
2026-08-27,62.290000915527344,0.2812824645470007,0.28223331520428013,101.33650178867464,99.38602415825832,XLE,エネルギー,rate_sensitive,Weakening,10.0,0.0,-1.0
2026-08-28,62.68000030517578,0.28401830446223986,0.28282831162360006,101.36842196407272,99.22122361355704,XLE,エネルギー,rate_sensitive,Weakening,10.0,0.0,-1.0
2026-08-31,63.959999084472656,0.2915356181339709,0.28573074712705704,101.61178769668047,99.60508877850947,XLE,エネルギー,rate_sensitive,Weakening,11.0,1.0,0.0
2026-09-01,64.7699966430664,0.2976699192663551,0.28971047117348975,101.92515598967316,100.42369124568486,XLE,エネルギー,rate_sensitive,Leading,11.0,1.0,1.0
2026-09-02,65.0999984741211,0.29780419330497965,0.29240837855065305,102.08840835142827,100.84250946223449,XLE,エネルギー,rate_sensitive,Leading,11.0,1.0,1.0
2026-09-03,64.62000274658203,0.29366054010634485,0.2928257657358837,102.03764588718484,100.83861815333206,XLE,エネルギー,rate_sensitive,Leading,11.0,1.0,1.0
2026-09-04,64.05999755859375,0.2925114043771404,0.29272097861630264,101.94763231982135,100.60539698426989,XLE,エネルギー,rate_sensitive,Leading,11.0,1.0,1.0
2026-09-08,64.7699966430664,0.298851095463923,0.2947643508988428,102.03697215732707,100.32561248394103,XLE,エネルギー,rate_sensitive,Leading,11.0,0.0,-1.0
2026-09-09,65.30999755859375,0.3042769183018526,0.2979352066998461,102.18932576760395,100.03530762125631,XLE,エネルギー,rate_sensitive,Leading,11.0,0.0,-1.0
2026-09-10,64.93000030517578,0.3045925827410117,0.3001543320469013,102.24807646028462,99.84879602252077,XLE,エネルギー,rate_sensitive,Weakening,11.0,0.0,-1.0
2026-09-11,65.13999938964844,0.3031600543115472,0.30115623946844994,102.20379067145234,99.85456188515823,XLE,エネルギー,rate_sensitive,Weakening,11.0,0.0,-1.0
2026-09-14,64.52999877929688,0.3001255775449324,0.30081268549394413,102.07007314094093,99.76917043800655,XLE,エネルギー,rate_sensitive,Weakening,11.0,0.0,-1.0
2026-09-15,65.93000030517578,0.30814170048772355,0.3032556904918706,102.12551555857499,99.68735124251212,XLE,エネルギー,rate_sensitive,Weakening,11.0,0.0,0.0
2026-09-16,64.02999877929688,0.3016299187276119,0.30271376657045107,101.98363990705137,99.13230387971646,XLE,エネルギー,rate_sensitive,Weakening,10.0,-1.0,-1.0
2026-09-17,64.4800033569336,0.30228308140701043,0.3025702048493042,101.88171676656007,98.80463240941646,XLE,エネルギー,rate_sensitive,Weakening,10.0,-1.0,-1.0
2024-09-18,41.96371841430664,0.24607540080146872,0.24607540080146872,,,XLRE,不動産,rate_sensitive,,,,
2024-09-19,41.860843658447266,0.24288083745875136,0.2450105463538963,,,XLRE,不動産,rate_sensitive,,,,
2024-09-20,41.78602600097656,0.24333489840760505,0.24445199703846587,,,XLRE,不動産,rate_sensitive,,,,
2024-09-23,42.248443603515625,0.24477435500385533,0.24455944969359572,,,XLRE,不動産,rate_sensitive,,,,
2024-09-24,42.248443603515625,0.24441662001307538,0.24451183980008895,,,XLRE,不動産,rate_sensitive,,,,
2024-09-25,42.06949996948242,0.2448955785915461,0.24463975273057467,,,XLRE,不動産,rate_sensitive,,,,
2024-09-26,41.65511703491211,0.24047049122522357,0.24324999889545765,,,XLRE,不動産,rate_sensitive,,,,
2024-09-27,41.71162414550781,0.23993543822372082,0.24214514533821208,,,XLRE,不動産,rate_sensitive,,,,
2024-09-30,42.06949996948242,0.24168331906527535,0.2419912032472332,,,XLRE,不動産,rate_sensitive,,,,
2024-10-01,41.815223693847656,0.24150315749844412,0.2418285213309702,,,XLRE,不動産,rate_sensitive,,,,
2024-10-02,41.66453552246094,0.2408896658605331,0.24151556950749115,,,XLRE,不動産,rate_sensitive,,,,
2024-10-03,41.25956344604492,0.23967920677848736,0.24090344859782326,,,XLRE,不動産,rate_sensitive,,,,
2024-10-04,40.9864501953125,0.23623935451602113,0.2393487505705559,,,XLRE,不動産,rate_sensitive,,,,
2024-10-07,40.685081481933594,0.2363420075944289,0.2383465029118469,,,XLRE,不動産,rate_sensitive,,,,
2024-10-08,40.80751419067383,0.2364926257694036,0.23772854386436582,,,XLRE,不動産,rate_sensitive,,,,
2024-10-09,40.82634353637695,0.2349875071545462,0.2368148649610926,,,XLRE,不動産,rate_sensitive,,,,
2024-10-10,40.4873046875,0.23391250725638704,0.23584741239285745,,,XLRE,不動産,rate_sensitive,,,,
2024-10-11,40.90168380737305,0.23400784765694702,0.235234224147554,,,XLRE,不動産,rate_sensitive,,,,
2024-10-14,41.184226989746094,0.2339080658497627,0.23479217138162356,,,XLRE,不動産,rate_sensitive,,,,
2024-10-15,41.702205657958984,0.2379265577989191,0.23583696685405542,,,XLRE,不動産,rate_sensitive,,,,
2024-10-16,42.11659240722656,0.23867667346742183,0.23678353572517757,,,XLRE,不動産,rate_sensitive,,,,
2024-10-17,41.843475341796875,0.23750811757347043,0.23702506300794188,,,XLRE,不動産,rate_sensitive,,,,
2024-10-18,42.135433197021484,0.23845521971758984,0.2375017819111579,,,XLRE,不動産,rate_sensitive,,,,
2024-10-21,41.268985748291016,0.23555929960455085,0.23685428780895557,,,XLRE,不動産,rate_sensitive,,,,
2024-10-22,41.33491516113281,0.2370002548545059,0.23690294349080568,,,XLRE,不動産,rate_sensitive,,,,
2024-10-23,41.73987579345703,0.2401113312952645,0.23797240609229195,,,XLRE,不動産,rate_sensitive,,,,
2024-10-24,41.83406066894531,0.2405993243371322,0.2388480455072387,,,XLRE,不動産,rate_sensitive,,,,
2024-10-25,41.50442886352539,0.23984272246984104,0.23917960449477282,,,XLRE,不動産,rate_sensitive,,,,
2024-10-28,41.63628005981445,0.2392479906344614,0.23920239987466901,,,XLRE,不動産,rate_sensitive,,,,
2024-10-29,41.25956344604492,0.23780021324733083,0.23873500433222297,,,XLRE,不動産,rate_sensitive,,,,
2024-10-30,41.410255432128906,0.23919106138082283,0.23888702334842293,,,XLRE,不動産,rate_sensitive,,,,
2024-10-31,40.685081481933594,0.23753516919610493,0.23843640529765028,,,XLRE,不動産,rate_sensitive,,,,
2024-11-01,40.25185775756836,0.23485929875874575,0.23724403645134878,,,XLRE,不動産,rate_sensitive,,,,
2024-11-04,40.70391845703125,0.23721456876978197,0.23723421389082655,,,XLRE,不動産,rate_sensitive,,,,
2024-11-05,41.25956344604492,0.23768042023229333,0.23738294933798215,,,XLRE,不動産,rate_sensitive,,,,
2024-11-06,40.15768051147461,0.22598277900968444,0.23358289256188292,,,XLRE,不動産,rate_sensitive,,,,
2024-11-07,40.656822204589844,0.22856668478968575,0.23191082330448387,,,XLRE,不動産,rate_sensitive,,,,
2024-11-08,41.35374450683594,0.23119658797742493,0.2316727448621309,,,XLRE,不動産,rate_sensitive,,,,
2024-11-11,40.99586868286133,0.22805614327741172,0.23046721100055786,,,XLRE,不動産,rate_sensitive,,,,
2024-11-12,40.47788619995117,0.22690388647375886,0.22927943615829155,,,XLRE,不動産,rate_sensitive,,,,
2024-11-13,40.798091888427734,0.22857431869305878,0.22904439700321397,,,XLRE,不動産,rate_sensitive,,,,
2024-11-14,40.43080139160156,0.22834372885136084,0.2288108409525963,,,XLRE,不動産,rate_sensitive,,,,
2024-11-15,40.47788619995117,0.23025211123412206,0.22929126437977157,,,XLRE,不動産,rate_sensitive,,,,
2024-11-18,40.83576583862305,0.23135449188400173,0.2299790068811816,,,XLRE,不動産,rate_sensitive,,,,
2024-11-19,41.005287170410156,0.23294318515347875,0.23096706630528066,,,XLRE,不動産,rate_sensitive,,,,
2024-11-20,40.939361572265625,0.2317883237690844,0.23124081879321526,,,XLRE,不動産,rate_sensitive,,,,
2024-11-21,41.21247863769531,0.2304318951956303,0.2309711775940203,,,XLRE,不動産,rate_sensitive,,,,
2024-11-22,41.52326583862305,0.2303550698420755,0.23076580834337207,,,XLRE,不動産,rate_sensitive,,,,
2024-11-25,42.078922271728516,0.23134277053697885,0.23095812907457436,,,XLRE,不動産,rate_sensitive,,,,
2024-11-26,42.28610610961914,0.23245702699073137,0.23145776171329338,,,XLRE,不動産,rate_sensitive,,,,
2024-11-27,42.578060150146484,0.2342871652687556,0.23240089623178078,,,XLRE,不動産,rate_sensitive,,,,
2024-11-29,42.380287170410156,0.23249048001229486,0.23243075749195213,,,XLRE,不動産,rate_sensitive,,,,
2024-12-02,41.73987579345703,0.22955237084396143,0.23147129527595525,,,XLRE,不動産,rate_sensitive,,,,
2024-12-03,41.495018005371094,0.22922230045359493,0.2307216303351685,,,XLRE,不動産,rate_sensitive,,,,
2024-12-04,41.381996154785156,0.22858570308163859,0.23000965458399186,,,XLRE,不動産,rate_sensitive,,,,
2024-12-05,41.278404235839844,0.2291572498231271,0.2297255196637036,,,XLRE,不動産,rate_sensitive,,,,
2024-12-06,41.221900939941406,0.2291030644646577,0.22951803459735498,,,XLRE,不動産,rate_sensitive,,,,
2024-12-09,41.30665969848633,0.2305201482101408,0.2298520724682836,,,XLRE,不動産,rate_sensitive,,,,
2024-12-10,40.63799285888672,0.2281866299546223,0.22929692496372983,,,XLRE,不動産,rate_sensitive,,,,
2024-12-11,40.534400939941406,0.227394065740026,0.22866263855582858,,,XLRE,不動産,rate_sensitive,,,,
2024-12-12,40.50613784790039,0.228068352025656,0.22846454304577107,,,XLRE,不動産,rate_sensitive,,,,
2024-12-13,40.33662033081055,0.22791182819375855,0.22828030476176692,,,XLRE,不動産,rate_sensitive,,,,
2024-12-16,40.129425048828125,0.22749044987527445,0.22801701979960276,98.5875205228593,,XLRE,不動産,rate_sensitive,,5.0,,
2024-12-17,39.95048522949219,0.22827397707438554,0.22810267222453037,98.63204484150499,,XLRE,不動産,rate_sensitive,,5.0,,
2024-12-18,38.38712692260742,0.22602920679678232,0.22741151708194768,98.53307089595444,,XLRE,不動産,rate_sensitive,,4.0,,
2024-12-19,37.727882385253906,0.2228870579201687,0.22590336402802136,98.28520992322227,,XLRE,不動産,rate_sensitive,,3.0,,
2024-12-20,38.41537857055664,0.22381401051261396,0.2252069128562189,98.19800947737956,,XLRE,不動産,rate_sensitive,,3.0,,
2024-12-23,38.59053039550781,0.22452839669614014,0.22498074080285932,98.20039622348389,,XLRE,不動産,rate_sensitive,,3.0,-2.0,
2024-12-24,38.84754943847656,0.22433123700700183,0.2247642395375735,98.19916112114397,,XLRE,不動産,rate_sensitive,,3.0,-2.0,
2024-12-26,38.904659271240234,0.22429480768345988,0.22460776225286896,98.21781285626942,,XLRE,不動産,rate_sensitive,,3.0,-1.0,
2024-12-27,38.59053039550781,0.22400739266228845,0.2244076390560088,98.23290784896973,,XLRE,不動産,rate_sensitive,,3.0,0.0,
2024-12-30,38.409664154052734,0.22522643292844963,0.22468057034682243,98.3367733240908,,XLRE,不動産,rate_sensitive,,3.0,0.0,
2024-12-31,38.71427536010742,0.22659811417918405,0.2253197516242763,98.50622378002402,,XLRE,不動産,rate_sensitive,,3.0,0.0,2.0
2025-01-02,38.3525505065918,0.22513611768866226,0.225258540312405,98.53055561654897,,XLRE,不動産,rate_sensitive,,3.0,0.0,2.0
2025-01-03,38.876102447509766,0.22613858392062894,0.225551888181813,98.62688292808875,,XLRE,不動産,rate_sensitive,,3.0,0.0,1.0
2025-01-06,38.34303283691406,0.22318971208573415,0.22476449614978672,98.50663723527963,,XLRE,不動産,rate_sensitive,,3.0,0.0,0.0
2025-01-07,38.057456970214844,0.22227166774320958,0.22393355334759435,98.38780223940782,,XLRE,不動産,rate_sensitive,,3.0,0.0,0.0
2025-01-08,38.21928405761719,0.2229501668250475,0.22360575784007874,98.37880808029384,,XLRE,不動産,rate_sensitive,,1.0,-2.0,-2.0
2025-01-10,37.295928955078125,0.22079118680188245,0.22266756749401334,98.2550584252656,,XLRE,不動産,rate_sensitive,,1.0,-2.0,-2.0
2025-01-13,37.771888732910156,0.22179098510694611,0.22237537336499094,98.26906192991447,,XLRE,不動産,rate_sensitive,,1.0,-2.0,-2.0
2025-01-14,38.09553527832031,0.22190015106917638,0.22221696593305276,98.30891793889766,,XLRE,不動産,rate_sensitive,,1.0,-2.0,-2.0
2025-01-15,38.257354736328125,0.2207242195151475,0.22171938379375103,98.28435713932781,,XLRE,不動産,rate_sensitive,,2.0,-1.0,-1.0
2025-01-16,39.11408233642578,0.223903774624995,0.22244751407083235,98.48385944842427,,XLRE,不動産,rate_sensitive,,2.0,1.0,3.0
2025-01-17,39.10456848144531,0.22276761856481284,0.22255421556882587,98.55440284127714,,XLRE,不動産,rate_sensitive,,2.0,1.0,3.0
2025-01-21,39.81850051879883,0.2242316579192488,0.22311336301896686,98.70342178388775,,XLRE,不動産,rate_sensitive,,2.0,1.0,3.0
2025-01-22,39.123600006103516,0.22109536446398045,0.2224406968339714,98.61642297022136,,XLRE,不動産,rate_sensitive,,2.0,1.0,3.0
2025-01-23,39.43773651123047,0.2218194939862397,0.22223362921806086,98.62040819944694,,XLRE,不動産,rate_sensitive,,2.0,0.0,1.0
2025-01-24,39.551963806152344,0.22265738279569597,0.22237488041060594,98.68783918576094,,XLRE,不動産,rate_sensitive,,2.0,0.0,-1.0
2025-01-27,39.9422492980957,0.224706463204707,0.22315207467530632,98.8686133352068,,XLRE,不動産,rate_sensitive,,2.0,0.0,-1.0
2025-01-28,39.45676803588867,0.22307649870213314,0.2231268826842486,98.88824556930835,,XLRE,不動産,rate_sensitive,,2.0,0.0,-1.0
2025-01-29,38.999855041503906,0.22122492345310352,0.22249289627386692,98.78246875178513,,XLRE,不動産,rate_sensitive,,2.0,0.0,-1.0
2025-01-30,39.51388168334961,0.22177348183309029,0.22225309146027472,98.75167597712229,,XLRE,不動産,rate_sensitive,,1.0,-1.0,-1.0
2025-01-31,39.42821502685547,0.22312414692149998,0.22254344328068315,98.83086482256233,,XLRE,不動産,rate_sensitive,,1.0,-1.0,-1.0
2025-02-03,39.361576080322266,0.22397048774960734,0.22301912477032457,98.948079181675,,XLRE,不動産,rate_sensitive,,1.0,-1.0,-1.0
2025-02-04,39.361576080322266,0.22369743043687854,0.2232452266591759,99.01146081680882,,XLRE,不動産,rate_sensitive,,1.0,-1.0,-1.0
2025-02-05,39.980323791503906,0.22611130992997078,0.22420058774944085,99.25890741444084,,XLRE,不動産,rate_sensitive,,2.0,0.0,0.0
2025-02-06,40.09455108642578,0.22705781027922642,0.22515299525936938,99.52125593489905,,XLRE,不動産,rate_sensitive,,3.0,2.0,3.0
2025-02-07,39.95176315307617,0.227366502614914,0.22589083104455093,99.74900994703403,,XLRE,不動産,rate_sensitive,,5.0,4.0,5.0
2025-02-10,40.00887680053711,0.22704903560379908,0.226276899230967,99.88769214746735,,XLRE,不動産,rate_sensitive,,5.0,4.0,5.0
2025-02-11,40.22781753540039,0.2282662556257652,0.22694001802923308,100.10652042851547,,XLRE,不動産,rate_sensitive,,5.0,4.0,5.0
2025-02-12,39.885135650634766,0.2276441617675952,0.22717473260868715,100.20147764512166,,XLRE,不動産,rate_sensitive,,5.0,3.0,3.0
2025-02-13,40.19926071166992,0.22746241018921565,0.22727062513552998,100.24882512731716,,XLRE,不動産,rate_sensitive,,4.0,1.0,-1.0
2025-02-14,40.03744125366211,0.2267719980554205,0.22710441610882684,100.20960457018427,,XLRE,不動産,rate_sensitive,,4.0,-1.0,-5.0
2025-02-18,40.18022155761719,0.22584702788168734,0.22668528669978036,100.09220580065758,,XLRE,不動産,rate_sensitive,,4.0,-1.0,-5.0
2025-02-19,40.256378173828125,0.22581720053954918,0.22639592464636998,100.01432479601519,,XLRE,不動産,rate_sensitive,,3.0,-2.0,-6.0
2025-02-20,40.53243637084961,0.2279392053712754,0.22691035155467182,100.18784166151957,,XLRE,不動産,rate_sensitive,,3.0,-2.0,-5.0
2025-02-21,40.19926071166992,0.2292839123643312,0.22770153849122496,100.45184933507228,,XLRE,不動産,rate_sensitive,,5.0,1.0,0.0
2025-02-24,40.380123138427734,0.2301235467012183,0.22850887456122276,100.73032849823676,,XLRE,不動産,rate_sensitive,,6.0,2.0,3.0
2025-02-25,40.8084831237793,0.23233238217280716,0.22978337709841756,101.15962091750764,,XLRE,不動産,rate_sensitive,,6.0,2.0,3.0
2025-02-26,40.608585357666016,0.23168301424576823,0.2304165894808678,101.37402332625882,,XLRE,不動産,rate_sensitive,,8.0,5.0,7.0
2025-02-27,40.78944396972656,0.23476516255949975,0.2318661138404118,101.82374839444797,,XLRE,不動産,rate_sensitive,,9.0,6.0,8.0
2025-02-28,41.07502746582031,0.233810945045469,0.23251439090876422,101.99667201039354,,XLRE,不動産,rate_sensitive,,9.0,4.0,3.0
2025-03-03,41.42723083496094,0.23835569054210837,0.2344614907865456,102.52024518735513,,XLRE,不動産,rate_sensitive,,11.0,5.0,3.0
2025-03-04,40.95127487182617,0.23948641799527395,0.2361364665227884,102.88998858240227,,XLRE,不動産,rate_sensitive,,11.0,5.0,3.0
2025-03-05,41.33203887939453,0.23948736937097992,0.23725343413885228,103.02835562821387,,XLRE,不動産,rate_sensitive,,11.0,3.0,-2.0
2025-03-06,40.19926071166992,0.2355317544249728,0.23667954090089247,102.71223359845747,,XLRE,不動産,rate_sensitive,,10.0,1.0,-5.0
2025-03-07,40.42772674560547,0.2346718111083732,0.2360102976367194,102.41347142804362,,XLRE,不動産,rate_sensitive,,10.0,1.0,-3.0
2025-03-10,40.03744125366211,0.23572833527101367,0.23591631018148418,102.27694057149073,,XLRE,不動産,rate_sensitive,,9.0,-2.0,-7.0
2025-03-11,39.618595123291016,0.23641075605082035,0.23608112547126292,102.20928475225679,,XLRE,不動産,rate_sensitive,,9.0,-2.0,-7.0
2025-03-12,39.47580337524414,0.23667405726223445,0.23627876940158676,102.15187586741776,,XLRE,不動産,rate_sensitive,,9.0,-2.0,-5.0
2025-03-13,38.70475769042969,0.23429746829363093,0.2356183356989348,101.92553036828842,,XLRE,不動産,rate_sensitive,,8.0,-2.0,-3.0
2025-03-14,39.45676803588867,0.23438152186179056,0.23520606441988673,101.76931719670289,,XLRE,不動産,rate_sensitive,,9.0,-1.0,-2.0
2025-03-17,40.151668548583984,0.23533357229971785,0.2352485670464971,101.7146403485199,,XLRE,不動産,rate_sensitive,,9.0,0.0,2.0
2025-03-18,39.9041633605957,0.23510551189512002,0.23520088199603809,101.64502291068493,,XLRE,不動産,rate_sensitive,,8.0,-1.0,1.0
2025-03-19,39.95176315307617,0.23365453544509082,0.23468543314572235,101.48928888800013,,XLRE,不動産,rate_sensitive,,8.0,-1.0,1.0
2025-03-20,39.9041633605957,0.23435166147450284,0.23457417592198251,101.42134114590107,,XLRE,不動産,rate_sensitive,,8.0,0.0,2.0
2025-03-21,39.51388168334961,0.23312748632585487,0.23409194605660663,101.28761665255709,,XLRE,不動産,rate_sensitive,,8.0,-1.0,0.0
2025-03-24,40.06378173828125,0.23276484157111524,0.2336495778947762,101.16705323797889,,XLRE,不動産,rate_sensitive,,8.0,-1.0,-1.0
2025-03-25,39.584781646728516,0.23053304610175282,0.2326107339637684,100.9366905348489,,XLRE,不動産,rate_sensitive,,7.0,-1.0,0.0
2025-03-26,39.78595733642578,0.2321417363003957,0.23245440140931084,100.88004364740935,98.77124586260396,XLRE,不動産,rate_sensitive,Weakening,7.0,-1.0,0.0
2025-03-27,39.69015884399414,0.23217998974211945,0.2323629308535804,100.83696645496269,98.81889297064802,XLRE,不動産,rate_sensitive,Weakening,6.0,-2.0,-2.0
2025-03-28,39.670997619628906,0.235701583136468,0.23347581494787628,101.01999693971882,99.28330500095414,XLRE,不動産,rate_sensitive,Weakening,6.0,-2.0,-1.0
2025-03-31,40.09251403808594,0.23623960917786463,0.23439707969120577,101.15886909586969,99.66142112641383,XLRE,不動産,rate_sensitive,Weakening,7.0,-1.0,0.0
2025-04-01,40.12126541137695,0.23616362660134696,0.23498592866125284,101.2294642626606,100.10392399479676,XLRE,不動産,rate_sensitive,Leading,7.0,0.0,1.0
2025-04-02,40.3128662109375,0.23532373152965716,0.2350985296173876,101.20994225992897,100.15501666582735,XLRE,不動産,rate_sensitive,Leading,8.0,1.0,2.0
2025-04-03,39.105777740478516,0.23969610334732724,0.23663105419403416,101.44370996434547,100.56143282452163,XLRE,不動産,rate_sensitive,Leading,8.0,2.0,4.0
2025-04-04,37.32388687133789,0.2423829791745857,0.23854836252088468,101.72284541329599,100.69369017441664,XLRE,不動産,rate_sensitive,Leading,9.0,3.0,5.0
2025-04-07,36.423362731933594,0.2385228726168112,0.23853986588619353,101.65131049439299,100.37806173452712,XLRE,不動産,rate_sensitive,Leading,9.0,2.0,3.0
2025-04-08,35.5228385925293,0.23709781005632338,0.23805918060957015,101.50743548913455,100.05869458570271,XLRE,不動産,rate_sensitive,Leading,8.0,1.0,1.0
2025-04-09,37.56338882446289,0.23215200458088608,0.23609012193334217,101.12499741871733,99.52225341305761,XLRE,不動産,rate_sensitive,Weakening,8.0,0.0,-1.0
2025-04-10,36.768245697021484,0.2351541165422394,0.23577812013630794,101.0369929313404,99.05514360481114,XLRE,不動産,rate_sensitive,Weakening,8.0,0.0,-2.0
2025-04-11,37.28556823730469,0.23490090179639256,0.23548571402300283,100.95551933606546,98.55192341244941,XLRE,不動産,rate_sensitive,Weakening,6.0,-3.0,-6.0
2025-04-14,38.10945129394531,0.23706264321409712,0.23601135708670096,101.01673486846906,98.76067206849049,XLRE,不動産,rate_sensitive,Weakening,6.0,-3.0,-5.0
2025-04-15,38.16693115234375,0.23818954810884027,0.2367374207607474,101.11207924250904,99.11529567001487,XLRE,不動産,rate_sensitive,Weakening,7.0,-1.0,-2.0
2025-04-16,38.14776611328125,0.24116633330133927,0.23821372494094473,101.3364264421622,99.98525310401241,XLRE,不動産,rate_sensitive,Weakening,7.0,-1.0,-1.0
2025-04-17,38.751312255859375,0.24317459101550717,0.2398673469657989,101.58000045994643,100.45471364125989,XLRE,不動産,rate_sensitive,Leading,8.0,0.0,0.0
2025-04-21,37.946590423583984,0.24301005999843653,0.2409149179766781,101.70659935566279,100.74193022211479,XLRE,不動産,rate_sensitive,Leading,9.0,3.0,6.0
2025-04-22,38.72256851196289,0.24201219882610284,0.2412806782598197,101.70902484204272,100.6495766845981,XLRE,不動産,rate_sensitive,Leading,9.0,3.0,6.0
2025-04-23,38.770477294921875,0.23998991250896115,0.24085042300953352,101.58299729450096,100.32777672589467,XLRE,不動産,rate_sensitive,Leading,9.0,2.0,3.0
2025-04-24,38.885433197021484,0.23669676775182277,0.23946587125696328,101.30296495455138,99.61307826435514,XLRE,不動産,rate_sensitive,Weakening,8.0,1.0,2.0
2025-04-25,38.82795333862305,0.23668560830843974,0.23853911694078878,101.10844422764706,99.00873842487808,XLRE,不動産,rate_sensitive,Weakening,7.0,-1.0,-1.0
2025-04-28,39.06745147705078,0.2374789774264029,0.23818573710266017,101.0163320015824,98.73719508900454,XLRE,不動産,rate_sensitive,Weakening,7.0,-2.0,-5.0
2025-04-29,39.38359451293945,0.23801168773648038,0.2381277206472669,100.97938828790112,98.71986018202651,XLRE,不動産,rate_sensitive,Weakening,7.0,-2.0,-5.0
2025-04-30,39.56562042236328,0.2387724204892299,0.2383426205945879,100.99650887743526,98.94425888234154,XLRE,不動産,rate_sensitive,Weakening,8.0,-1.0,-3.0
2025-05-01,39.680580139160156,0.23979227890155955,0.23882584003024515,101.06876398816578,99.4367301584859,XLRE,不動産,rate_sensitive,Weakening,8.0,0.0,-1.0
2025-05-02,40.169158935546875,0.2385363896014203,0.2387293565539702,101.03014576644286,99.65509736800509,XLRE,不動産,rate_sensitive,Weakening,8.0,1.0,2.0
2025-05-05,40.12126541137695,0.23904467940729288,0.23883446417174442,101.03270457835744,99.78587706854607,XLRE,不動産,rate_sensitive,Weakening,9.0,2.0,4.0
2025-05-06,39.84343719482422,0.23916227881528745,0.2389437357195921,101.03867889591744,99.84591725980995,XLRE,不動産,rate_sensitive,Weakening,8.0,1.0,3.0
2025-05-07,39.814701080322266,0.23742603799313428,0.23843783647743952,100.90894880472362,99.65740914937855,XLRE,不動産,rate_sensitive,Weakening,8.0,0.0,1.0
2025-05-08,39.62310028076172,0.23431229210818932,0.2370626550210228,100.57459558567453,99.12970084400123,XLRE,不動産,rate_sensitive,Weakening,8.0,0.0,0.0
2025-05-09,39.86259841918945,0.23578318510589522,0.23663616504931362,100.44965334917393,99.04266977706897,XLRE,不動産,rate_sensitive,Weakening,8.0,0.0,-1.0
2025-05-12,39.90092468261719,0.22971363484788695,0.2343286549821714,99.85443755346064,98.29490050254637,XLRE,不動産,rate_sensitive,Lagging,5.0,-4.0,-6.0
2025-05-13,39.364437103271484,0.22611491053395644,0.23159074016609976,99.12439599607603,97.46969306859096,XLRE,不動産,rate_sensitive,Lagging,4.0,-4.0,-5.0
2025-05-14,39.02914047241211,0.22554700232996966,0.22957616088738975,98.56972687855496,97.16043096170847,XLRE,不動産,rate_sensitive,Lagging,3.0,-5.0,-5.0
2025-05-15,39.74763870239258,0.22762431511320216,0.22892554562932724,98.37094285339074,97.50327024794242,XLRE,不動産,rate_sensitive,Lagging,3.0,-5.0,-5.0
2025-05-16,40.24580383300781,0.2282363288546193,0.22869580670442463,98.28054752041561,97.69261481076498,XLRE,不動産,rate_sensitive,Lagging,3.0,-5.0,-5.0
2025-05-19,40.3320198059082,0.2287506809860895,0.22871409813164625,98.24567415056964,98.38447200014195,XLRE,不動産,rate_sensitive,Lagging,3.0,-2.0,2.0
2025-05-20,40.12126541137695,0.2281511700157895,0.2285264554263607,98.1477506271893,99.09705605268766,XLRE,不動産,rate_sensitive,Lagging,3.0,-1.0,3.0
2025-05-21,39.0578727722168,0.22704991822573528,0.22803427635948556,97.98271055170588,99.5308787235699,XLRE,不動産,rate_sensitive,Lagging,2.0,-1.0,4.0
2025-05-22,38.92375564575195,0.22699422029099564,0.22768759100332225,97.88485035716235,99.65208781975348,XLRE,不動産,rate_sensitive,Lagging,2.0,-1.0,4.0
2025-05-23,38.93333435058594,0.22796174440741973,0.22777897547135476,97.92768164661122,99.81081431152182,XLRE,不動産,rate_sensitive,Lagging,2.0,-1.0,4.0
2025-05-27,39.575199127197266,0.22747914175397838,0.227679030898896,97.9439971855262,99.8885536009186,XLRE,不動産,rate_sensitive,Lagging,2.0,-1.0,1.0
2025-05-28,39.575199127197266,0.22943002884594035,0.22826269688124412,98.1431333308095,100.24701163397228,XLRE,不動産,rate_sensitive,Improving,2.0,-1.0,0.0
2025-05-29,39.93923568725586,0.2309763933462194,0.22916726236956922,98.42428018729727,100.79975303549247,XLRE,不動産,rate_sensitive,Improving,2.0,0.0,1.0
2025-05-30,39.97755813598633,0.2312897423560933,0.2298747556984106,98.64142074502188,101.21313767113858,XLRE,不動産,rate_sensitive,Improving,3.0,1.0,2.0
2025-06-02,40.03504180908203,0.23143865655420448,0.23039605598367524,98.81080132924922,101.43136640621259,XLRE,不動産,rate_sensitive,Improving,3.0,1.0,2.0
2025-06-03,39.89134216308594,0.22870389267940283,0.2298320015489178,98.706062994019,101.35055902744033,XLRE,不動産,rate_sensitive,Improving,3.0,1.0,2.0
2025-06-04,40.01588439941406,0.22993452714860357,0.2298661767488131,98.75724320181372,101.23096118555226,XLRE,不動産,rate_sensitive,Improving,3.0,1.0,2.0
2025-06-05,40.00630187988281,0.2305022981189536,0.2300782172055266,98.84880621227121,100.99875701310954,XLRE,不動産,rate_sensitive,Improving,3.0,1.0,1.0
2025-06-06,40.12126541137695,0.22918537948128057,0.22978060463077793,98.81102299317406,100.65933360176756,XLRE,不動産,rate_sensitive,Improving,3.0,0.0,-1.0
2025-06-09,40.10210037231445,0.22903743285215797,0.22953288070457128,98.78778494712046,100.39015693378401,XLRE,不動産,rate_sensitive,Improving,3.0,0.0,-1.0
2025-06-10,40.45656204223633,0.22991696194382483,0.2296609077843225,98.85582436045367,100.60802829952165,XLRE,不動産,rate_sensitive,Improving,2.0,-1.0,-2.0
2025-06-11,40.23622512817383,0.22931592503606377,0.22954591353490292,98.86380063988989,100.52915459401095,XLRE,不動産,rate_sensitive,Improving,2.0,-1.0,-2.0
2025-06-12,40.45656204223633,0.23003223916761711,0.22970802207914098,98.93530117692264,100.48363170810725,XLRE,不動産,rate_sensitive,Improving,2.0,-1.0,-2.0
2025-06-13,40.13084411621094,0.230972152733373,0.230129398963885,99.06318811989152,100.69056529507864,XLRE,不動産,rate_sensitive,Improving,4.0,1.0,1.0
2025-06-16,40.169158935546875,0.22898483609109826,0.22974787800628943,98.99994823146561,100.61780940249636,XLRE,不動産,rate_sensitive,Improving,3.0,0.0,0.0
2025-06-17,40.00630187988281,0.23026835584094116,0.22992137061784002,99.06742685912005,100.59938094624947,XLRE,不動産,rate_sensitive,Improving,4.0,2.0,3.0
2025-06-18,40.08294677734375,0.23068347442396883,0.23017540521988297,99.14952784472894,100.67958216563517,XLRE,不動産,rate_sensitive,Improving,4.0,2.0,3.0
2025-06-20,40.0733642578125,0.23025185034516982,0.23020088692831192,99.17630538145833,100.6013017509891,XLRE,不動産,rate_sensitive,Improving,4.0,2.0,3.0
2025-06-23,40.658199310302734,0.23156778885859053,0.2306565209050715,99.29887615149644,100.57763030700481,XLRE,不動産,rate_sensitive,Improving,6.0,2.0,1.0
2025-06-24,40.851531982421875,0.23048660747914984,0.23059988309643098,99.29978203589344,100.64574276573367,XLRE,不動産,rate_sensitive,Improving,6.0,3.0,3.0
2025-06-25,39.855857849121094,0.2265031648519631,0.22923431034827502,99.00201805682998,100.1356119142086,XLRE,不動産,rate_sensitive,Improving,4.0,0.0,-2.0
2025-06-26,39.60452651977539,0.22338893034929708,0.2272858503486157,98.59331610170692,99.46369880538849,XLRE,不動産,rate_sensitive,Lagging,1.0,-3.0,-5.0
2025-06-27,39.74952697753906,0.22338873949761426,0.22598681339828192,98.35756459183011,99.1132954766011,XLRE,不動産,rate_sensitive,Lagging,1.0,-3.0,-5.0
2025-06-30,40.039520263671875,0.22396607635551272,0.22531323438402553,98.27982074141556,98.86865034039499,XLRE,不動産,rate_sensitive,Lagging,1.0,-5.0,-7.0
2025-07-01,40.31019973754883,0.22286813743239553,0.22449820206681553,98.18698529150055,98.78055423056526,XLRE,不動産,rate_sensitive,Lagging,1.0,-5.0,-8.0
2025-07-02,40.38752746582031,0.22278679421708514,0.2239277327835721,98.15480234050018,99.16024606454516,XLRE,不動産,rate_sensitive,Lagging,2.0,-2.0,-2.0
2025-07-03,40.406856536865234,0.2218221329272338,0.22322586616479267,98.10445730512252,99.65244752245219,XLRE,不動産,rate_sensitive,Lagging,2.0,1.0,4.0
2025-07-07,40.0975227355957,0.22189745399385336,0.2227830621078129,98.1082029519624,99.98969525274393,XLRE,不動産,rate_sensitive,Lagging,1.0,0.0,3.0
2025-07-08,40.039520263671875,0.22102298781254096,0.22219637067605558,98.08241912098433,100.07997662929799,XLRE,不動産,rate_sensitive,Improving,2.0,1.0,6.0
2025-07-09,40.02019500732422,0.22025851426728676,0.22155041853979932,98.05028320887135,100.17793387590416,XLRE,不動産,rate_sensitive,Improving,1.0,0.0,5.0
2025-07-10,40.22319412231445,0.22010073359473106,0.22106719022477658,98.05233701422442,100.2343388917777,XLRE,不動産,rate_sensitive,Improving,1.0,-1.0,1.0
2025-07-11,40.18452835083008,0.2215107430723148,0.22121504117395602,98.16543294000743,100.45649006683661,XLRE,不動産,rate_sensitive,Improving,2.0,0.0,-1.0
2025-07-14,40.455196380615234,0.22277323748427996,0.221734439944064,98.32949370177816,100.66184122723205,XLRE,不動産,rate_sensitive,Improving,1.0,0.0,0.0
2025-07-15,39.93319320678711,0.22299095387007986,0.22215327791940265,98.46372265471135,100.85518829039967,XLRE,不動産,rate_sensitive,Improving,2.0,0.0,-1.0
2025-07-16,40.368194580078125,0.2245443432152015,0.22295029968466895,98.64980947985137,101.11897551238881,XLRE,不動産,rate_sensitive,Improving,3.0,2.0,2.0
2025-07-17,40.32952880859375,0.22251512585529928,0.22280524174154573,98.67109472718487,101.11230765290992,XLRE,不動産,rate_sensitive,Improving,2.0,1.0,2.0
2025-07-18,40.445526123046875,0.22323995137740849,0.2229501449535,98.73617256714793,101.03338715905306,XLRE,不動産,rate_sensitive,Improving,2.0,0.0,0.0
2025-07-21,40.600196838378906,0.2248628355671376,0.2235877084913792,98.87607691730038,101.0008505086568,XLRE,不動産,rate_sensitive,Improving,3.0,2.0,2.0
2025-07-22,41.30586624145508,0.22589133752323567,0.22435558483533136,99.03322913958492,101.04016959699827,XLRE,不動産,rate_sensitive,Improving,5.0,3.0,3.0
2025-07-23,41.42186737060547,0.2246645082640832,0.22445855931158198,99.07338629843731,100.85454623606724,XLRE,不動産,rate_sensitive,Improving,5.0,2.0,0.0
2025-07-24,41.363868713378906,0.22507042732970617,0.22466251531762338,99.13188719959835,100.9053639238679,XLRE,不動産,rate_sensitive,Improving,5.0,3.0,2.0
2025-07-25,41.363868713378906,0.22399141489049648,0.22443881517524777,99.11376756602702,100.78022522779196,XLRE,不動産,rate_sensitive,Improving,5.0,3.0,3.0
2025-07-28,40.64853286743164,0.22142702420813395,0.22343488485287652,98.94849205656664,100.35695610164491,XLRE,不動産,rate_sensitive,Improving,4.0,1.0,-1.0
2025-07-29,41.325199127197266,0.22522166338599867,0.2240304776972506,99.0892080506428,100.31972464488689,XLRE,不動産,rate_sensitive,Improving,4.0,-1.0,-4.0
2025-07-30,40.745201110839844,0.22351057609932548,0.2238571771646089,99.07862075068536,100.23626188898307,XLRE,不動産,rate_sensitive,Improving,5.0,0.0,-2.0
2025-07-31,40.02986526489258,0.2216074735707849,0.22310727596666757,98.94851690885767,99.97130678082308,XLRE,不動産,rate_sensitive,Lagging,4.0,-1.0,-4.0
2025-08-01,39.91386032104492,0.22348452615597814,0.22323302602977113,98.99262801486654,100.05361901030052,XLRE,不動産,rate_sensitive,Improving,5.0,0.0,-3.0
2025-08-04,40.252193450927734,0.2226564155119987,0.223040822523847,98.96612372342557,100.24046178341392,XLRE,不動産,rate_sensitive,Improving,5.0,1.0,0.0
2025-08-05,40.38752746582031,0.2240266871403725,0.22336944406268883,99.05132075798502,100.16608586341673,XLRE,不動産,rate_sensitive,Improving,5.0,1.0,2.0
2025-08-06,40.0491943359375,0.22264810242207675,0.2231289968491515,98.99911491635464,100.11247961797542,XLRE,不動産,rate_sensitive,Improving,4.0,-1.0,-1.0
2025-08-07,40.20386505126953,0.22364249970610217,0.22330016446813505,99.04429621373069,100.34705672044487,XLRE,不動産,rate_sensitive,Improving,5.0,1.0,2.0
2025-08-08,39.87519454956055,0.22141438324623797,0.2226715707275027,98.88086366560584,100.0563287312834,XLRE,不動産,rate_sensitive,Improving,4.0,-1.0,-1.0
2025-08-11,39.6431884765625,0.22072895909168339,0.22202403351556294,98.69687150406013,99.83439522678796,XLRE,不動産,rate_sensitive,Lagging,4.0,-1.0,-2.0
2025-08-12,39.71086120605469,0.2183314486712944,0.22079317190080677,98.35927112205265,99.2368780074406,XLRE,不動産,rate_sensitive,Lagging,2.0,-3.0,-4.0
2025-08-13,39.971858978271484,0.21667277634818766,0.21941970671660044,98.02547218668902,98.77928952308102,XLRE,不動産,rate_sensitive,Lagging,1.0,-3.0,-2.0
2025-08-14,39.691532135009766,0.21656201515020831,0.21846714286113642,97.85886713279723,98.33916500237515,XLRE,不動産,rate_sensitive,Lagging,1.0,-4.0,-5.0
2025-08-15,39.95252990722656,0.2185255684101475,0.2184866180441401,97.9710210308492,98.62906450817263,XLRE,不動産,rate_sensitive,Lagging,1.0,-3.0,-2.0
2025-08-18,39.575523376464844,0.21651006630732772,0.21782776746520266,97.90154385302169,98.66236200966661,XLRE,不動産,rate_sensitive,Lagging,1.0,-3.0,-2.0
2025-08-19,40.281192779541016,0.21934371163370697,0.21833308218803746,98.12839207286561,99.63126982944753,XLRE,不動産,rate_sensitive,Lagging,1.0,-1.0,2.0
2025-08-20,40.43585968017578,0.22038659902057034,0.21901758779888175,98.3773727053089,100.7509093965033,XLRE,不動産,rate_sensitive,Improving,1.0,0.0,3.0
2025-08-21,40.290863037109375,0.22036428136804512,0.21946648565526955,98.54965854429305,101.38370438741273,XLRE,不動産,rate_sensitive,Improving,1.0,0.0,4.0
2025-08-22,40.92886734008789,0.21957725524731841,0.2195034088526192,98.61005057264123,101.23837863707199,XLRE,不動産,rate_sensitive,Improving,1.0,0.0,3.0
2025-08-25,40.72586441040039,0.22017294935340428,0.21972658901954759,98.71196985151852,101.51974200009617,XLRE,不動産,rate_sensitive,Improving,1.0,0.0,3.0
2025-08-26,40.609859466552734,0.21939413711392938,0.21961577171767485,98.7279685531084,101.07222548928071,XLRE,不動産,rate_sensitive,Improving,2.0,1.0,2.0
2025-08-27,40.78385925292969,0.21954079135390023,0.21959077826308332,98.76372944592804,100.64273629620382,XLRE,不動産,rate_sensitive,Improving,2.0,1.0,1.0
2025-08-28,40.67753219604492,0.2190728505392912,0.21941813568848595,98.76145403669666,100.31215157513341,XLRE,不動産,rate_sensitive,Improving,2.0,1.0,1.0
2025-08-29,40.899864196777344,0.22043374504223945,0.21975667213973715,98.87997270205138,100.446713971115,XLRE,不動産,rate_sensitive,Improving,2.0,1.0,1.0
2025-09-02,40.20386505126953,0.21840787256282707,0.21930707228076715,98.80208463694525,100.11894215020395,XLRE,不動産,rate_sensitive,Improving,2.0,1.0,1.0
2025-09-03,40.0975227355957,0.21816827915112144,0.21892747457088527,98.74430824115984,99.99357849516426,XLRE,不動産,rate_sensitive,Lagging,2.0,0.0,-1.0
2025-09-04,40.368194580078125,0.21803061792470013,0.21862852235549024,98.70699273276816,99.86334978884031,XLRE,不動産,rate_sensitive,Lagging,2.0,0.0,-1.0
2025-09-05,40.774200439453125,0.21996634541536544,0.21907446337544867,98.85228679056381,100.18312418438197,XLRE,不動産,rate_sensitive,Improving,3.0,1.0,0.0
2025-09-08,40.5035285949707,0.21868022946255664,0.21894305207115133,98.85050061077578,99.93739169455438,XLRE,不動産,rate_sensitive,Lagging,4.0,2.0,1.0
2025-09-09,40.48419952392578,0.21925122929303473,0.21904577781177914,98.90781568914473,100.21683892336769,XLRE,不動産,rate_sensitive,Improving,4.0,2.0,1.0
2025-09-10,40.46486282348633,0.2193685574728104,0.2191533710321229,98.96415910958513,100.45356501869544,XLRE,不動産,rate_sensitive,Improving,3.0,1.0,1.0
2025-09-11,41.122196197509766,0.2196407804978711,0.219315840854039,99.03394710792608,100.66856964384478,XLRE,不動産,rate_sensitive,Improving,4.0,2.0,2.0
2025-09-12,40.93852996826172,0.22024510813154613,0.21962559661320807,99.14213623958379,100.58279246572837,XLRE,不動産,rate_sensitive,Improving,3.0,0.0,-1.0
2025-09-15,40.890193939208984,0.22036991884292995,0.21987370402311537,99.23280860554708,100.7690530703016,XLRE,不動産,rate_sensitive,Improving,3.0,-1.0,-3.0
2025-09-16,40.64853286743164,0.2196497672849315,0.21979905844372077,99.23288463564522,100.64506282534434,XLRE,不動産,rate_sensitive,Improving,4.0,0.0,-2.0
2025-09-17,40.62919616699219,0.2193353862050775,0.21964450103083968,99.2061737046231,100.47156884620891,XLRE,不動産,rate_sensitive,Improving,4.0,1.0,0.0
2025-09-18,40.658199310302734,0.21806762711356725,0.2191188763917489,99.05736407812046,100.02703368877707,XLRE,不動産,rate_sensitive,Improving,4.0,0.0,-2.0
2025-09-19,40.455196380615234,0.217357246957044,0.2185316665801806,98.8735784928176,99.43730208134369,XLRE,不動産,rate_sensitive,Lagging,3.0,0.0,0.0
2025-09-22,40.58863830566406,0.2179700756859376,0.21834446961543297,98.79917074532445,99.1203780080345,XLRE,不動産,rate_sensitive,Lagging,3.0,0.0,1.0
2025-09-23,40.91007614135742,0.21942848296772732,0.2187058073995311,98.91033283166394,99.37048993880377,XLRE,不動産,rate_sensitive,Lagging,3.0,-1.0,-1.0
2025-09-24,40.49123764038086,0.21768953991110085,0.21836705157005437,98.76120003215178,99.13503910973078,XLRE,不動産,rate_sensitive,Lagging,3.0,-1.0,-2.0
2025-09-25,40.39383316040039,0.21896863775506153,0.21856758029839013,98.85460482577983,99.61810897745802,XLRE,不動産,rate_sensitive,Lagging,3.0,-1.0,-1.0
2025-09-26,40.79319381713867,0.2189640330843042,0.21869973122702818,98.93331949537709,100.13661966397073,XLRE,不動産,rate_sensitive,Improving,3.0,0.0,0.0
2025-09-29,40.87111282348633,0.2186517720599964,0.2186837448380176,98.95042712180182,100.3028819032966,XLRE,不動産,rate_sensitive,Improving,3.0,0.0,0.0
2025-09-30,41.036705017089844,0.2189590231823463,0.2187755042861272,99.02071558009509,100.17917764700785,XLRE,不動産,rate_sensitive,Improving,3.0,0.0,1.0
2025-10-01,41.036705017089844,0.2184638120824625,0.2186716068849056,99.00188266033368,100.457300852218,XLRE,不動産,rate_sensitive,Improving,3.0,0.0,1.0
2025-10-02,40.82241439819336,0.21680987007880428,0.2180510279495385,98.7480209331166,99.60218151864633,XLRE,不動産,rate_sensitive,Lagging,4.0,1.0,2.0
2025-10-03,40.98800277709961,0.21692670729084707,0.21767625439664137,98.61928741273357,99.1010760921974,XLRE,不動産,rate_sensitive,Lagging,4.0,1.0,1.0
2025-10-06,40.57889938354492,0.2148289331986865,0.21672714733065643,98.25047908649518,98.22416333719724,XLRE,不動産,rate_sensitive,Lagging,4.0,1.0,1.0
2025-10-07,40.452274322509766,0.21510361822381233,0.21618597096170838,98.09577665938019,97.80767340999734,XLRE,不動産,rate_sensitive,Lagging,4.0,1.0,1.0
2025-10-08,40.24772262573242,0.21332110750760486,0.2152310164770072,97.80061242395655,97.37612736378087,XLRE,不動産,rate_sensitive,Lagging,2.0,-1.0,-1.0
2025-10-09,40.062652587890625,0.21411166459585593,0.21485789918329012,97.77674096523592,97.97768481824363,XLRE,不動産,rate_sensitive,Lagging,2.0,-2.0,-3.0
2025-10-10,39.624332427978516,0.2166537822301066,0.2154565268655623,98.11630955700832,98.98229486329274,XLRE,不動産,rate_sensitive,Lagging,3.0,-1.0,-2.0
2025-10-13,39.84836196899414,0.2157805871507419,0.21556454696062216,98.23863028243508,100.00944926495882,XLRE,不動産,rate_sensitive,Improving,3.0,-1.0,-2.0
2025-10-14,40.228240966796875,0.21604613314496343,0.21572507568873595,98.3658668825484,100.61206881248242,XLRE,不動産,rate_sensitive,Improving,1.0,-3.0,-4.0
2025-10-15,40.81267166137695,0.21874376663508496,0.2167313060041856,98.79698109283443,102.0778007668266,XLRE,不動産,rate_sensitive,Improving,3.0,1.0,2.0
2025-10-16,40.68604278564453,0.22015178614038092,0.21787146604958407,99.2657303657169,102.87841157048904,XLRE,不動産,rate_sensitive,Improving,5.0,3.0,5.0
2025-10-17,40.949039459228516,0.22045524016489723,0.2187327240880218,99.62667866129149,102.73270538885701,XLRE,不動産,rate_sensitive,Improving,6.0,3.0,4.0
2025-10-20,41.37761688232422,0.22055711641292014,0.21934085486298793,99.89792024875388,102.7993351283486,XLRE,不動産,rate_sensitive,Improving,6.0,3.0,4.0
2025-10-21,41.25099182128906,0.21887932941317823,0.21918701304638472,99.86462180892003,102.38382958240922,XLRE,不動産,rate_sensitive,Improving,6.0,5.0,8.0
2025-10-22,41.43606185913086,0.22092683215742598,0.21976695275006514,100.14988646087744,102.05391170733303,XLRE,不動産,rate_sensitive,Leading,6.0,3.0,2.0
2025-10-23,41.3971061706543,0.21967763267739915,0.2197371793925098,100.17695650305737,101.32073946256213,XLRE,不動産,rate_sensitive,Leading,6.0,1.0,-2.0
2025-10-24,41.543212890625,0.21985360298705076,0.2197759872573568,100.2282681688782,100.81619147661938,XLRE,不動産,rate_sensitive,Leading,8.0,2.0,-1.0
2025-10-27,41.63087844848633,0.219342743058093,0.2196315725242689,100.20130015752615,100.34340713710749,XLRE,不動産,rate_sensitive,Leading,6.0,0.0,-3.0
2025-10-28,40.705528259277344,0.21632528064867804,0.2185294752324053,99.68305199462152,99.59095212088509,XLRE,不動産,rate_sensitive,Lagging,5.0,-1.0,-6.0
2025-10-29,39.59511184692383,0.21280398970794764,0.2166209800575861,98.7190549783297,97.76670458291345,XLRE,不動産,rate_sensitive,Lagging,3.0,-3.0,-6.0
2025-10-30,39.81914138793945,0.2149324461780861,0.21605813543108612,98.44721957337765,97.49540698830151,XLRE,不動産,rate_sensitive,Lagging,3.0,-3.0,-4.0
2025-10-31,39.838626861572266,0.2145684910949857,0.21556158731905267,98.21470934725795,97.31302237479846,XLRE,不動産,rate_sensitive,Lagging,2.0,-6.0,-8.0
2025-11-03,39.77043914794922,0.2147268131261383,0.2152833292547479,98.08747470939517,97.38365230923715,XLRE,不動産,rate_sensitive,Lagging,2.0,-4.0,-4.0
2025-11-04,39.87758255004883,0.21673889728448703,0.21576851859799429,98.37506372517089,98.45119354822388,XLRE,不動産,rate_sensitive,Lagging,2.0,-3.0,-2.0
2025-11-05,39.86784744262695,0.21542508369967486,0.2156540402985545,98.30851813804408,99.5660637372453,XLRE,不動産,rate_sensitive,Lagging,2.0,-1.0,2.0
2025-11-06,39.67303466796875,0.21589379535720876,0.21573395865143927,98.36780053135763,99.97238966959517,XLRE,不動産,rate_sensitive,Lagging,2.0,-1.0,2.0
2025-11-07,40.19902038574219,0.21693666651872004,0.2161348612738662,98.63730830961283,100.5746722693301,XLRE,不動産,rate_sensitive,Improving,2.0,0.0,6.0
2025-11-10,40.1697998046875,0.2155378601200742,0.21593586088926886,98.55017929491852,100.60269543444093,XLRE,不動産,rate_sensitive,Improving,2.0,0.0,4.0
2025-11-11,40.61786651611328,0.21668995342268912,0.21618722506707563,98.75668612166389,100.48104968005572,XLRE,不動産,rate_sensitive,Improving,3.0,1.0,4.0
2025-11-12,40.296424865722656,0.21446644855655403,0.21561363289690177,98.44553649042548,100.15425088861123,XLRE,不動産,rate_sensitive,Improving,1.0,-1.0,0.0
2025-11-13,39.77043914794922,0.21408731284885044,0.21510485954755135,98.20481932122922,99.7578636740033,XLRE,不動産,rate_sensitive,Lagging,1.0,-1.0,0.0
2025-11-14,39.887325286865234,0.2155073568965624,0.21523902533055503,98.35104005314177,99.58701062432895,XLRE,不動産,rate_sensitive,Lagging,1.0,-1.0,-1.0
2025-11-17,39.624332427978516,0.2169350403746812,0.2158043636785971,98.73352025245471,100.18274483222693,XLRE,不動産,rate_sensitive,Improving,1.0,-1.0,-1.0
2025-11-18,39.77043914794922,0.21760545918137325,0.21640472884618916,99.11910673118284,100.41300422478577,XLRE,不動産,rate_sensitive,Improving,4.0,1.0,0.0
2025-11-19,39.458740234375,0.21655555007507102,0.2164550025891498,99.17605208955196,100.88533355178288,XLRE,不動産,rate_sensitive,Improving,4.0,3.0,4.0
2025-11-20,39.3223762512207,0.21847248047357,0.21712749521728988,99.59661784513004,101.68800730914224,XLRE,不動産,rate_sensitive,Improving,5.0,4.0,5.0
2025-11-21,39.838626861572266,0.21707500950947725,0.21710999998135233,99.60720740174732,101.49136213276547,XLRE,不動産,rate_sensitive,Improving,5.0,4.0,5.0
2025-11-24,39.897064208984375,0.2164960122397904,0.21690533740083168,99.5050693435674,100.8807712327052,XLRE,不動産,rate_sensitive,Improving,6.0,5.0,6.0
2025-11-25,40.218502044677734,0.21518320813852007,0.21633129431339448,99.18146414751703,100.00446073083647,XLRE,不動産,rate_sensitive,Improving,4.0,0.0,-1.0
2025-11-26,40.39383316040039,0.21462375035236883,0.21576211299305262,98.86849113781201,99.55429012114837,XLRE,不動産,rate_sensitive,Lagging,4.0,0.0,-3.0
2025-11-28,40.58863830566406,0.21449902540652144,0.21534108379754224,98.65383410938665,98.80123725486337,XLRE,不動産,rate_sensitive,Lagging,2.0,-3.0,-7.0
2025-12-01,40.02369689941406,0.21297011776881095,0.21455076178796517,98.24387830144339,98.35008676769056,XLRE,不動産,rate_sensitive,Lagging,2.0,-3.0,-7.0
2025-12-02,39.92628860473633,0.21265303430572355,0.2139181859605513,97.96879165425922,98.21979558167362,XLRE,不動産,rate_sensitive,Lagging,1.0,-5.0,-10.0
2025-12-03,40.004207611083984,0.2114546438683845,0.2130970052631624,97.64287751016836,98.28732354415324,XLRE,不動産,rate_sensitive,Lagging,1.0,-3.0,-3.0
2025-12-04,39.93602752685547,0.21102813230027212,0.21240738094219896,97.44185932920101,98.47257653859677,XLRE,不動産,rate_sensitive,Lagging,1.0,-3.0,-3.0
2025-12-05,39.92628860473633,0.21048219929068893,0.21176565372502895,97.31315287457471,98.61455735544348,XLRE,不動産,rate_sensitive,Lagging,1.0,-1.0,2.0
2025-12-08,39.682777404785156,0.2104590347250664,0.2113301140583748,97.30698711022949,99.08430303633719,XLRE,不動産,rate_sensitive,Lagging,1.0,-1.0,2.0
2025-12-09,39.449005126953125,0.20961459269705168,0.21075827360460042,97.25660094434198,99.34840348293093,XLRE,不動産,rate_sensitive,Lagging,1.0,0.0,5.0
2025-12-10,39.52693176269531,0.20711478371789552,0.20954377697569881,96.99350160544314,99.4344179559137,XLRE,不動産,rate_sensitive,Lagging,1.0,0.0,3.0
2025-12-11,39.741214752197266,0.20656938043547488,0.20855231146229083,96.88644401865578,99.5516894933722,XLRE,不動産,rate_sensitive,Lagging,1.0,0.0,3.0
2025-12-12,39.69251251220703,0.20772430718929874,0.20827631003796016,97.04180981467726,99.87308098627267,XLRE,不動産,rate_sensitive,Lagging,1.0,0.0,1.0
2025-12-15,39.84836196899414,0.2082814889796736,0.20827803635186465,97.25638225164614,100.12168624841577,XLRE,不動産,rate_sensitive,Improving,1.0,0.0,1.0
2025-12-16,39.49770736694336,0.20790881791035282,0.2081549635380274,97.39979196247435,100.33639227718179,XLRE,不動産,rate_sensitive,Improving,1.0,0.0,0.0
2025-12-17,39.67303466796875,0.20939796269608618,0.2085692965907137,97.68106547124971,100.91678372861433,XLRE,不動産,rate_sensitive,Improving,1.0,0.0,0.0
2025-12-18,39.42951965332031,0.2076686672582102,0.20826908681321255,97.72452446611607,101.05233889035803,XLRE,不動産,rate_sensitive,Improving,1.0,0.0,0.0
2025-12-19,39.28341293334961,0.2061482557080419,0.20756214311148902,97.65691158420248,100.78978267081875,XLRE,不動産,rate_sensitive,Improving,1.0,0.0,0.0
2025-12-22,39.57487869262695,0.20614978026861525,0.20709135549719776,97.66454372571904,100.5532581854982,XLRE,不動産,rate_sensitive,Improving,1.0,0.0,0.0
2025-12-23,39.56503677368164,0.20657882608147315,0.2069205123586229,97.75164856168546,100.4787755977204,XLRE,不動産,rate_sensitive,Improving,1.0,0.0,0.0
2025-12-24,39.8210563659668,0.20716455057729063,0.20700185843151217,97.88947477647221,100.31750713036028,XLRE,不動産,rate_sensitive,Improving,1.0,0.0,0.0
2025-12-26,39.89983367919922,0.20752082548810388,0.2071748474503761,98.03283101945996,100.41994399971217,XLRE,不動産,rate_sensitive,Improving,1.0,0.0,0.0
2025-12-29,40.008148193359375,0.20842824782443903,0.20759264757506374,98.21983832845532,100.68354055686063,XLRE,不動産,rate_sensitive,Improving,1.0,0.0,0.0
2025-12-30,40.09677505493164,0.20922512849143507,0.20813680788052086,98.42041196767758,100.87346116402311,XLRE,不動産,rate_sensitive,Improving,2.0,1.0,1.0
2025-12-31,39.7324333190918,0.20910979091227322,0.20846113555777165,98.55477478582824,100.90874636790123,XLRE,不動産,rate_sensitive,Improving,2.0,1.0,1.0
2026-01-02,39.76197814941406,0.20785467407618874,0.20825898173057739,98.55687308697361,100.7490662061496,XLRE,不動産,rate_sensitive,Improving,1.0,0.0,0.0
2026-01-05,39.81121063232422,0.2061982670309909,0.20757207683071524,98.4463782910373,100.4696766383267,XLRE,不動産,rate_sensitive,Improving,2.0,1.0,1.0
2026-01-06,40.07707977294922,0.2050991491461788,0.20674776760253644,98.31595707301898,100.123773417518,XLRE,不動産,rate_sensitive,Improving,2.0,1.0,1.0
2026-01-07,39.52565002441406,0.20457209231909623,0.20602254250805638,98.22237734245194,99.8002922603359,XLRE,不動産,rate_sensitive,Lagging,3.0,1.0,0.0
2026-01-08,39.8210563659668,0.2043490539163461,0.2054647129774863,98.17678443366702,99.59063310310101,XLRE,不動産,rate_sensitive,Lagging,3.0,1.0,0.0
2026-01-09,39.8801383972168,0.20347156702592292,0.20480033099363185,98.11639481121995,99.5110308509694,XLRE,不動産,rate_sensitive,Lagging,3.0,2.0,2.0
2026-01-12,39.9983024597168,0.2038887187220573,0.20449646023644036,98.13879409009112,99.65085524161435,XLRE,不動産,rate_sensitive,Lagging,2.0,0.0,-1.0
2026-01-13,40.303558349609375,0.20544474056411524,0.20481255367899867,98.2832445627177,99.94893247434565,XLRE,不動産,rate_sensitive,Lagging,3.0,1.0,0.0
2026-01-14,40.75651550292969,0.2068125633363809,0.20547922356479276,98.48408693200754,100.26797574548861,XLRE,不動産,rate_sensitive,Improving,3.0,0.0,-1.0
2026-01-15,41.06177520751953,0.20744273233586485,0.2061337264884835,98.66797181499919,100.52894026572848,XLRE,不動産,rate_sensitive,Improving,5.0,2.0,1.0
2026-01-16,41.56396484375,0.21051777382888814,0.20759507560195173,99.00242915328987,100.98368065437239,XLRE,不動産,rate_sensitive,Improving,6.0,3.0,1.0
2026-01-20,40.7663688659668,0.20960554378948004,0.20826523166446118,99.16868986076902,101.16544203572089,XLRE,不動産,rate_sensitive,Improving,6.0,4.0,4.0
2026-01-21,40.914066314697266,0.2068623701702179,0.20779761116638013,99.09874073382197,100.96117538125166,XLRE,不動産,rate_sensitive,Improving,6.0,3.0,2.0
2026-01-22,40.510345458984375,0.2045544324225994,0.2067165515851199,98.90204010035453,100.5381337645676,XLRE,不動産,rate_sensitive,Improving,6.0,3.0,3.0
2026-01-23,40.61865997314453,0.20601970324476732,0.20648426880500237,98.88239441081114,100.3278608011249,XLRE,不動産,rate_sensitive,Improving,6.0,1.0,-1.0
2026-01-26,40.5891227722168,0.2053842382994126,0.20611759196980578,98.83305993794922,99.88784211080487,XLRE,不動産,rate_sensitive,Lagging,6.0,0.0,-3.0
2026-01-27,40.61865997314453,0.20585401339172446,0.20602973244377867,98.84196014374152,99.71385770537024,XLRE,不動産,rate_sensitive,Lagging,5.0,-1.0,-5.0
2026-01-28,40.22478103637695,0.20454676127141608,0.2055354087196578,98.76052524908653,99.71192591847085,XLRE,不動産,rate_sensitive,Lagging,3.0,-3.0,-6.0
2026-01-29,40.736820220947266,0.20687921317144176,0.20598334353691913,98.89162436009038,100.10771209476506,XLRE,不動産,rate_sensitive,Improving,3.0,-3.0,-6.0
2026-01-30,40.79590606689453,0.20763948678511912,0.20653539128631915,99.04863172309317,100.29820361601858,XLRE,不動産,rate_sensitive,Improving,6.0,0.0,-1.0
2026-02-02,40.333099365234375,0.2042322520946734,0.20576767822243724,98.90468768663193,100.15027017813509,XLRE,不動産,rate_sensitive,Improving,6.0,0.0,0.0
2026-02-03,40.185394287109375,0.20402743441886784,0.2051875969545808,98.808005364689,99.97214946469087,XLRE,不動産,rate_sensitive,Lagging,5.0,0.0,1.0
2026-02-04,40.82544708251953,0.20548682663469242,0.2052873401812847,98.86760805375675,100.1250187009948,XLRE,不動産,rate_sensitive,Improving,5.0,2.0,5.0
2026-02-05,40.59896469116211,0.2061376073059672,0.2055707625561789,98.96580171369713,100.04614204165335,XLRE,不動産,rate_sensitive,Improving,6.0,3.0,6.0
2026-02-06,41.34733581542969,0.20609693451859865,0.20574615321031883,99.03702430055084,99.90646015644805,XLRE,不動産,rate_sensitive,Lagging,7.0,1.0,1.0
2026-02-09,41.603355407714844,0.20725010408046346,0.2062474701670337,99.18221371885588,100.3366329377703,XLRE,不動産,rate_sensitive,Improving,7.0,1.0,1.0
2026-02-10,42.184322357177734,0.20939925276222496,0.2072980643654308,99.45696048071446,100.89118783727649,XLRE,不動産,rate_sensitive,Improving,7.0,2.0,2.0
2026-02-11,42.144935607910156,0.20883357365737043,0.20780990079607736,99.60514612578616,101.01295848594734,XLRE,不動産,rate_sensitive,Improving,7.0,2.0,0.0
2026-02-12,42.213863372802734,0.2119566362447652,0.20919214594563998,99.9740151359257,101.3851901226707,XLRE,不動産,rate_sensitive,Improving,7.0,1.0,-2.0
2026-02-13,42.83422088623047,0.2128663657411743,0.21041688587748478,100.31155575677037,101.71069270448935,XLRE,不動産,rate_sensitive,Leading,7.0,0.0,-1.0
2026-02-17,43.267486572265625,0.2153911035552645,0.21207495843674468,100.76388559659037,102.04344763133832,XLRE,不動産,rate_sensitive,Leading,7.0,0.0,-1.0
2026-02-18,42.686519622802734,0.21140290634587977,0.21185094107312305,100.7314459092091,101.5521685725788,XLRE,不動産,rate_sensitive,Leading,7.0,0.0,-2.0
2026-02-19,42.538814544677734,0.21111736080556814,0.21160641431727142,100.6997665628936,101.26830415941559,XLRE,不動産,rate_sensitive,Leading,7.0,0.0,-2.0
2026-02-20,42.893306732177734,0.21188579212961273,0.21169954025471854,100.76783381811995,100.84696944257252,XLRE,不動産,rate_sensitive,Leading,7.0,0.0,-1.0
2026-02-23,42.942543029785156,0.214483049804382,0.21262737677127302,101.07566585717169,100.80574871330137,XLRE,不動産,rate_sensitive,Leading,7.0,0.0,0.0
2026-02-24,43.06070327758789,0.21337132018231209,0.21287535790828607,101.21022566961841,100.40657090866435,XLRE,不動産,rate_sensitive,Leading,7.0,0.0,0.0
2026-02-25,42.77513885498047,0.21183139973334728,0.21252737184997314,101.17566682410528,100.42896841888297,XLRE,不動産,rate_sensitive,Leading,6.0,-1.0,-1.0
2026-02-26,42.96223449707031,0.21156285177376444,0.21220586515790357,101.1491926140981,100.44558841279662,XLRE,不動産,rate_sensitive,Leading,6.0,-1.0,-1.0
2026-02-27,43.16901779174805,0.2123322084750664,0.21224797959695785,101.23416421869595,100.45959958299449,XLRE,不動産,rate_sensitive,Leading,6.0,-1.0,-1.0
2026-03-02,43.2477912902832,0.2131147679656753,0.212536909053197,101.39785275423458,100.24361954003582,XLRE,不動産,rate_sensitive,Leading,6.0,-1.0,-1.0
2026-03-03,43.03116226196289,0.21468106988444513,0.21325162933027975,101.70343160998574,100.46078023215308,XLRE,不動産,rate_sensitive,Leading,8.0,1.0,1.0
2026-03-04,43.090240478515625,0.2141175580352448,0.21354027223193478,101.83539459662083,100.67876976721166,XLRE,不動産,rate_sensitive,Leading,9.0,3.0,4.0
2026-03-05,42.67667007446289,0.2145475398772192,0.21387602811369627,101.95955218734495,100.8928382646784,XLRE,不動産,rate_sensitive,Leading,10.0,4.0,5.0
2026-03-06,42.233558654785156,0.2148808121288298,0.2142109561187408,102.05062877951448,100.89753351424777,XLRE,不動産,rate_sensitive,Leading,10.0,4.0,5.0
2026-03-09,42.322181701660156,0.2147248380443938,0.2143822500939585,102.06013820428814,100.6259564550973,XLRE,不動産,rate_sensitive,Leading,10.0,4.0,5.0
2026-03-10,42.26309585571289,0.21604507505736428,0.21493652508176042,102.17347358167959,100.24942511691755,XLRE,不動産,rate_sensitive,Leading,10.0,2.0,1.0
2026-03-11,41.76090621948242,0.2141838176823948,0.21468562261530524,102.01316833965537,99.63298628116455,XLRE,不動産,rate_sensitive,Weakening,10.0,1.0,-2.0
2026-03-12,41.49503707885742,0.2161632589697317,0.21517816806678075,102.08489963329436,99.48005050110851,XLRE,不動産,rate_sensitive,Weakening,10.0,0.0,-4.0
2026-03-13,41.603355407714844,0.21673871105803108,0.2156983490638642,102.13822965646807,99.35275368320491,XLRE,不動産,rate_sensitive,Weakening,10.0,0.0,-4.0
2026-03-16,41.92830276489258,0.2168182077494737,0.2160716352924007,102.13333698645776,99.27698133094879,XLRE,不動産,rate_sensitive,Weakening,10.0,0.0,-4.0
2026-03-17,42.066162109375,0.21632167590511328,0.21615498216330492,102.04738800743951,98.81340060630635,XLRE,不動産,rate_sensitive,Weakening,9.0,-1.0,-3.0
2026-03-18,41.37687301635742,0.21561453976080613,0.21597483469580536,101.90165415100763,98.85150899783977,XLRE,不動産,rate_sensitive,Weakening,9.0,-1.0,-2.0
2026-03-19,41.27840042114258,0.21526828789289318,0.21573931909483465,101.75667040370251,98.40674016134359,XLRE,不動産,rate_sensitive,Weakening,9.0,-1.0,-1.0
2026-03-20,39.9687614440918,0.21154625036988794,0.21434162951985244,101.3289839601495,97.51509916995131,XLRE,不動産,rate_sensitive,Weakening,9.0,-1.0,-1.0
2026-03-23,40.26714324951172,0.21087740730858578,0.2131868887827636,100.98843275924003,97.07408409304095,XLRE,不動産,rate_sensitive,Weakening,9.0,-1.0,-1.0
2026-03-24,39.94001388549805,0.20891358038289282,0.21176245264947335,100.58780969212502,96.81124202588045,XLRE,不動産,rate_sensitive,Weakening,9.0,0.0,1.0
2026-03-25,39.92018508911133,0.20780288660874704,0.2104425973025646,100.22017038796615,96.78163830901822,XLRE,不動産,rate_sensitive,Weakening,8.0,-1.0,0.0
2026-03-26,39.94001388549805,0.20983196343781446,0.21023905268098125,100.15184213646195,97.16629435057517,XLRE,不動産,rate_sensitive,Weakening,6.0,-3.0,-2.0
2026-03-27,39.66244125366211,0.21127053082729977,0.21058287872975412,100.23029429015754,98.04235821399966,XLRE,不動産,rate_sensitive,Weakening,7.0,-2.0,-1.0
2026-03-30,39.8607063293457,0.2127669257221587,0.211310894393889,100.41106393730024,98.85306898355013,XLRE,不動産,rate_sensitive,Weakening,7.0,-2.0,-1.0
2026-03-31,40.47532272338867,0.2117136116060903,0.2114451334646228,100.43156364955183,99.49104618718314,XLRE,不動産,rate_sensitive,Weakening,7.0,-2.0,-2.0
2026-04-01,40.59428024291992,0.211652105501033,0.21151412414342619,100.43586359047819,100.05281992234691,XLRE,不動産,rate_sensitive,Leading,8.0,0.0,1.0
2026-04-02,41.2485466003418,0.21445075243581646,0.21249300024088963,100.68339797240627,100.53049013214151,XLRE,不動産,rate_sensitive,Leading,8.0,2.0,5.0
2026-04-06,41.397239685058594,0.2143026070180264,0.21309620249993522,100.82334021108439,100.62469788755664,XLRE,不動産,rate_sensitive,Leading,8.0,1.0,3.0
2026-04-07,41.35758972167969,0.21457315007606692,0.21358851835864578,100.92763502320412,100.5075400351077,XLRE,不動産,rate_sensitive,Leading,8.0,1.0,3.0
2026-04-08,42.07133483886719,0.21334748125056632,0.21350817265595265,100.87753178513846,100.39351113499025,XLRE,不動産,rate_sensitive,Leading,8.0,1.0,3.0
2026-04-09,42.35881423950195,0.2146751820835213,0.21389717579847553,100.95199948290313,100.48149797703628,XLRE,不動産,rate_sensitive,Leading,8.0,0.0,0.0
2026-04-10,42.448036193847656,0.21669174209092038,0.21482869789595715,101.16811937886864,100.41614572156435,XLRE,不動産,rate_sensitive,Leading,10.0,2.0,0.0
2026-04-13,42.646297454833984,0.21531689328397527,0.21499142969196322,101.17868921141074,100.20500713888369,XLRE,不動産,rate_sensitive,Leading,10.0,2.0,1.0
2026-04-14,43.052734375,0.2164653359047778,0.21548273176290145,101.27915894127305,100.18435934046707,XLRE,不動産,rate_sensitive,Leading,11.0,3.0,2.0
2026-04-15,43.03290939331055,0.21628982434860075,0.21575176262480122,101.31766759652706,100.30748706388731,XLRE,不動産,rate_sensitive,Leading,10.0,2.0,1.0
2026-04-16,43.42943572998047,0.21729280090050584,0.21626544205003612,101.41839931584923,100.34207395450427,XLRE,不動産,rate_sensitive,Leading,10.0,2.0,2.0
2026-04-17,44.09361267089844,0.21787939903772388,0.2168034277125987,101.51835825238145,100.16958667720324,XLRE,不動産,rate_sensitive,Leading,10.0,0.0,-2.0
2026-04-20,44.25222396850586,0.2179764558583798,0.21719443709452574,101.56746620136005,100.24182300967122,XLRE,不動産,rate_sensitive,Leading,10.0,0.0,-2.0
2026-04-21,43.39969253540039,0.21509636502222965,0.2164950797370937,101.32710907705767,99.74171595125698,XLRE,不動産,rate_sensitive,Weakening,10.0,-1.0,-4.0
2026-04-22,43.08247375488281,0.21361910070271148,0.2155364200589663,101.03053132769735,99.2487154091561,XLRE,不動産,rate_sensitive,Weakening,10.0,0.0,-2.0
2026-04-23,43.57813262939453,0.21608743957777876,0.21572009323190383,101.04914448264043,99.1451184992916,XLRE,不動産,rate_sensitive,Weakening,10.0,0.0,-2.0
2026-04-24,43.44926452636719,0.21589632818893154,0.21577883821757973,101.0349981859701,98.99461153584406,XLRE,不動産,rate_sensitive,Weakening,10.0,0.0,0.0
2026-04-27,43.11221694946289,0.21447634875220242,0.21534467506245397,100.88740037650953,98.72068950190754,XLRE,不動産,rate_sensitive,Weakening,10.0,0.0,0.0
2026-04-28,43.528564453125,0.21765861460437688,0.21611598824309494,101.07888950621248,99.37112735420311,XLRE,不動産,rate_sensitive,Weakening,10.0,0.0,1.0
2026-04-29,43.26091003417969,0.21669801300135952,0.2163099964958498,101.1108045213556,99.85789385166892,XLRE,不動産,rate_sensitive,Weakening,10.0,0.0,0.0
2026-04-30,44.014312744140625,0.21718820929630728,0.2166027340960023,101.17145771253567,99.91860508523824,XLRE,不動産,rate_sensitive,Weakening,10.0,0.0,0.0
2026-05-01,43.93500518798828,0.21745959985750032,0.21688835601650167,101.2287633791451,100.02671932045418,XLRE,不動産,rate_sensitive,Leading,10.0,0.0,0.0
2026-05-04,43.69709014892578,0.21754770448640615,0.21710813883980318,101.2753767072267,100.31455354058072,XLRE,不動産,rate_sensitive,Leading,10.0,0.0,0.0
2026-05-05,43.78630447387695,0.21627572928015898,0.21683066898658848,101.17786912678854,99.87154185934287,XLRE,不動産,rate_sensitive,Weakening,10.0,0.0,0.0
2026-05-06,44.351356506347656,0.21734498055746776,0.2170021061768816,101.22988415034811,99.90185354364736,XLRE,不動産,rate_sensitive,Weakening,10.0,0.0,0.0
2026-05-07,44.014312744140625,0.21708152540056486,0.2170285792514427,101.23867328536328,99.82305511979327,XLRE,不動産,rate_sensitive,Weakening,10.0,0.0,0.0
2026-05-08,44.02422332763672,0.21653462967199166,0.2168639293916257,101.18418800359072,99.65372627132754,XLRE,不動産,rate_sensitive,Weakening,9.0,-1.0,-1.0
2026-05-11,44.182830810546875,0.2174319287623483,0.2170532625151999,101.26690037391347,99.715727869101,XLRE,不動産,rate_sensitive,Weakening,10.0,0.0,0.0
2026-05-12,44.1927490234375,0.21767282861805423,0.2172597845494847,101.35336642507755,100.00710420252315,XLRE,不動産,rate_sensitive,Leading,10.0,0.0,0.0
2026-05-13,43.825958251953125,0.2168129698659972,0.21711084632165556,101.28972395662535,99.84590590651315,XLRE,不動産,rate_sensitive,Weakening,10.0,0.0,0.0
2026-05-14,43.528564453125,0.21455926939880957,0.2162603206807069,100.88605300489604,99.23803459910619,XLRE,不動産,rate_sensitive,Weakening,9.0,-1.0,-1.0
2026-05-15,42.85447311401367,0.21343738818993932,0.21531934318378437,100.41569950162497,98.62882745216162,XLRE,不動産,rate_sensitive,Weakening,9.0,0.0,1.0
2026-05-18,43.369956970214844,0.21468402673318113,0.2151075710335833,100.2922588899763,98.33200003326206,XLRE,不動産,rate_sensitive,Weakening,9.0,-1.0,-1.0
2026-05-19,43.55830383300781,0.2168782682601864,0.215697803442451,100.55902306117943,98.65151003876841,XLRE,不動産,rate_sensitive,Weakening,10.0,0.0,0.0
2026-05-20,44.04404830932617,0.21691910650216067,0.21610490446235425,100.73612119940653,99.0700785653069,XLRE,不動産,rate_sensitive,Weakening,10.0,0.0,0.0
2026-05-21,44.113441467285156,0.21632690490110124,0.21617890460860328,100.74786106589642,99.78135567253946,XLRE,不動産,rate_sensitive,Weakening,10.0,1.0,2.0
2026-05-22,44.17292022705078,0.21465771895088592,0.21567184272269752,100.46732336864204,100.12161337012905,XLRE,不動産,rate_sensitive,Leading,10.0,1.0,1.0
2026-05-26,44.321617126464844,0.21428079795222538,0.21520816113254015,100.21079007249986,99.9082521424904,XLRE,不動産,rate_sensitive,Weakening,10.0,1.0,2.0
2026-05-27,44.242313385009766,0.21405201435801396,0.21482277887436477,99.99162692140015,99.10313997361068,XLRE,不動産,rate_sensitive,Lagging,9.0,-1.0,-1.0
2026-05-28,44.02422332763672,0.21221953655626488,0.21395503143499814,99.51439025154603,98.07668278897862,XLRE,不動産,rate_sensitive,Lagging,9.0,-1.0,-1.0
2026-05-29,43.607872009277344,0.20962867172030394,0.2125129115301001,98.73999602098151,97.04496765972588,XLRE,不動産,rate_sensitive,Lagging,7.0,-3.0,-4.0
2026-06-01,42.894126892089844,0.2058230724168069,0.21028296515900236,97.64997385402837,96.33294066879873,XLRE,不動産,rate_sensitive,Lagging,4.0,-6.0,-7.0
2026-06-02,43.11221694946289,0.2060520991823485,0.20887267650011776,97.15160797830148,96.4755616310577,XLRE,不動産,rate_sensitive,Lagging,2.0,-8.0,-9.0
2026-06-03,43.13203811645508,0.20692510686282145,0.208223486621019,97.09424575378887,96.97128289757968,XLRE,不動産,rate_sensitive,Lagging,2.0,-7.0,-6.0
2026-06-04,44.014312744140625,0.20957535177257836,0.2086741083382055,97.47461876062741,98.05080647347262,XLRE,不動産,rate_sensitive,Lagging,2.0,-7.0,-6.0
2026-06-05,44.311702728271484,0.21403700835256884,0.2104617416763266,98.30313096398663,99.88618247161683,XLRE,不動産,rate_sensitive,Lagging,8.0,1.0,4.0
2026-06-08,43.64752197265625,0.21105226503767788,0.21065858279677707,98.44157111896729,101.28963423929335,XLRE,不動産,rate_sensitive,Improving,8.0,4.0,10.0
2026-06-09,44.57936096191406,0.2139299518979376,0.2117490391638306,98.9171756154784,102.29167762598517,XLRE,不動産,rate_sensitive,Improving,8.0,6.0,14.0
2026-06-10,44.599185943603516,0.21678163423344163,0.21342657085370095,99.60346767690775,102.86324629769405,XLRE,不動産,rate_sensitive,Improving,9.0,7.0,14.0
2026-06-11,44.529788970947266,0.2131215473143679,0.21332489634058993,99.57460592384207,102.30642509340841,XLRE,不動産,rate_sensitive,Improving,9.0,7.0,14.0
2026-06-12,44.96596908569336,0.21327717451523948,0.21330898906547313,99.58311175524264,101.45716389043467,XLRE,不動産,rate_sensitive,Improving,9.0,1.0,0.0
2026-06-15,44.599185943603516,0.21031523912029532,0.21231107241708055,99.20538534753713,100.94146763909556,XLRE,不動産,rate_sensitive,Improving,8.0,0.0,-4.0
2026-06-16,44.708229064941406,0.21153497945654975,0.2120523747635703,99.12871606889493,100.4055814582012,XLRE,不動産,rate_sensitive,Improving,8.0,0.0,-6.0
2026-06-17,43.58804702758789,0.20937295919750973,0.21115923624155014,98.80913165080919,99.45281618340746,XLRE,不動産,rate_sensitive,Lagging,5.0,-4.0,-11.0
2026-06-18,43.479000091552734,0.20788428490707753,0.21006758579672596,98.4360326481682,99.14100992228221,XLRE,不動産,rate_sensitive,Lagging,4.0,-5.0,-12.0
2026-06-22,44.02000045776367,0.21000906602540104,0.21004807920628432,98.48433241658921,99.1856765449466,XLRE,不動産,rate_sensitive,Lagging,4.0,-5.0,-6.0
2026-06-23,44.63999938964844,0.21370098865470424,0.21126571568909097,98.97334390319114,99.99353523408271,XLRE,不動産,rate_sensitive,Lagging,7.0,-1.0,-1.0
2026-06-24,44.5099983215332,0.21156952794219444,0.21136698644012547,99.01662938319832,100.08854650065774,XLRE,不動産,rate_sensitive,Improving,6.0,-2.0,-2.0
2026-06-25,44.59000015258789,0.2105785131172982,0.21110416199918305,98.90699629051434,100.26818553510589,XLRE,不動産,rate_sensitive,Improving,6.0,1.0,5.0
2026-06-26,45.2400016784668,0.21511103705786805,0.21243978701874472,99.3971322742659,101.08191968724512,XLRE,不動産,rate_sensitive,Improving,7.0,3.0,8.0
2026-06-29,44.91999816894531,0.21084251361419865,0.21190736255056272,99.174684240789,100.78847055585844,XLRE,不動産,rate_sensitive,Improving,6.0,2.0,7.0
2026-06-30,44.029998779296875,0.20693705830317422,0.2102505944680999,98.54393096380983,99.67786573016352,XLRE,不動産,rate_sensitive,Lagging,5.0,-2.0,-1.0
2026-07-01,44.18000030517578,0.20701935029777555,0.2091735130779918,98.17584306376445,99.28421222106442,XLRE,不動産,rate_sensitive,Lagging,3.0,-3.0,-1.0
2026-07-02,44.68000030517578,0.20790097968367993,0.20874933527988787,98.07771422379106,99.31397767616708,XLRE,不動産,rate_sensitive,Lagging,3.0,-3.0,-4.0
2026-07-06,44.290000915527344,0.20600000425826673,0.20783289160601418,97.84596778644298,98.65239606906474,XLRE,不動産,rate_sensitive,Lagging,1.0,-6.0,-9.0
2026-07-07,44.88999938964844,0.20905323095431566,0.20823967138878136,98.07912704776736,99.12292428809688,XLRE,不動産,rate_sensitive,Lagging,2.0,-4.0,-6.0
2026-07-08,44.150001525878906,0.20805844562122006,0.20817926279959426,98.14275164682951,99.81000886754795,XLRE,不動産,rate_sensitive,Lagging,1.0,-4.0,-2.0
2026-07-09,44.22999954223633,0.20716627420251207,0.20784159993390022,98.11631891894419,100.15093018284082,XLRE,不動産,rate_sensitive,Improving,1.0,-2.0,1.0
2026-07-10,44.45000076293945,0.20741950597268013,0.2077009019468269,98.15592173897461,100.29325444941449,XLRE,不動産,rate_sensitive,Improving,1.0,-2.0,1.0
2026-07-13,44.70000076293945,0.2086542578275994,0.20801868724041772,98.32865292655536,100.6897143654203,XLRE,不動産,rate_sensitive,Improving,2.0,1.0,7.0
2026-07-14,44.47999954223633,0.20838603971974726,0.2081411380668609,98.43008977149326,100.5607055578308,XLRE,不動産,rate_sensitive,Improving,2.0,0.0,4.0
2026-07-15,44.560001373291016,0.20923135238710452,0.20850454284027548,98.59316000202378,100.65601179390961,XLRE,不動産,rate_sensitive,Improving,3.0,2.0,6.0
2026-07-16,45.459999084472656,0.21138286803935696,0.20946398457330268,98.91811985080972,100.9898439743765,XLRE,不動産,rate_sensitive,Improving,4.0,3.0,5.0
2026-07-17,45.41999816894531,0.21286965931643598,0.21059920948768046,99.28397871639439,101.28455700560991,XLRE,不動産,rate_sensitive,Improving,6.0,5.0,7.0
2026-07-20,45.22999954223633,0.21292721933959943,0.21137521277165344,99.53978726720051,101.3347748261959,XLRE,不動産,rate_sensitive,Improving,8.0,6.0,5.0
2026-07-21,45.20000076293945,0.21244595755752937,0.21173212770027877,99.67047290601144,101.33328067130356,XLRE,不動産,rate_sensitive,Improving,8.0,6.0,6.0
2026-07-22,45.0099983215332,0.21161259505088667,0.21169228348381475,99.67852875780626,101.15931829338862,XLRE,不動産,rate_sensitive,Improving,8.0,5.0,3.0
2026-07-23,44.95000076293945,0.21210834820366856,0.21183097172376603,99.73857982306617,100.89053340643547,XLRE,不動産,rate_sensitive,Improving,7.0,3.0,0.0
2026-07-24,45.95000076293945,0.21515193700950322,0.21293796015234512,100.10018882300761,100.86416946064256,XLRE,不動産,rate_sensitive,Leading,7.0,1.0,-4.0
2026-07-27,45.7599983215332,0.21265916850588099,0.21284502960352375,100.0862467894178,100.59976766532176,XLRE,不動産,rate_sensitive,Leading,7.0,-1.0,-7.0
2026-07-28,46.0099983215332,0.21135558732844115,0.21234854884516288,99.94293538891196,100.33482243350359,XLRE,不動産,rate_sensitive,Improving,9.0,1.0,-5.0
2026-07-29,45.959999084472656,0.2130440828567894,0.21258039351570507,100.03560614674166,100.40329921625973,XLRE,不動産,rate_sensitive,Leading,9.0,1.0,-4.0
2026-07-30,45.29999923706055,0.2103259272452339,0.21182890475888136,99.8128376230989,100.14372176982081,XLRE,不動産,rate_sensitive,Improving,8.0,1.0,-2.0
2026-07-31,45.06999969482422,0.20961816123106447,0.21109199024960906,99.59392544115823,99.62021759157024,XLRE,不動産,rate_sensitive,Lagging,8.0,1.0,0.0
2026-08-03,45.18000030517578,0.20809727869818656,0.21009375306580158,99.28677849422445,99.3674410223561,XLRE,不動産,rate_sensitive,Lagging,8.0,1.0,2.0
2026-08-04,45.16999816894531,0.20510375082978285,0.2084304189871287,98.75851929030445,99.0437319980293,XLRE,不動産,rate_sensitive,Lagging,4.0,-5.0,-6.0
2026-08-05,45.20000076293945,0.2057070115223894,0.20752261649888226,98.49413325670415,98.75821260512258,XLRE,不動産,rate_sensitive,Lagging,2.0,-7.0,-8.0
2026-08-06,44.810001373291016,0.20500503704783413,0.2066834233485329,98.26256056539539,98.78832453167921,XLRE,不動産,rate_sensitive,Lagging,2.0,-6.0,-7.0
2026-08-07,44.97999954223633,0.20437094048191679,0.20591259572632756,98.06688049990441,98.84381258400565,XLRE,不動産,rate_sensitive,Lagging,2.0,-6.0,-7.0
2026-08-10,44.400001525878906,0.2016165710642309,0.2044805875056287,97.68836912615372,98.81640699667784,XLRE,不動産,rate_sensitive,Lagging,2.0,-6.0,-7.0
2026-08-11,44.08000183105469,0.19973719399798384,0.20289945633641376,97.32130109895495,98.9844502537577,XLRE,不動産,rate_sensitive,Lagging,2.0,-2.0,3.0
2026-08-12,44.4900016784668,0.20123937628906502,0.20234609632063086,97.3017116928454,99.2170642090212,XLRE,不動産,rate_sensitive,Lagging,1.0,-1.0,6.0
2026-08-13,45.119998931884766,0.20257711039100057,0.20242310101075411,97.46035575495422,99.56397466509169,XLRE,不動産,rate_sensitive,Lagging,2.0,0.0,6.0
2026-08-14,45.27000045776367,0.2032140754569263,0.20268675915947817,97.66048904927884,99.90401394872332,XLRE,不動産,rate_sensitive,Lagging,2.0,0.0,6.0
2026-08-17,44.83000183105469,0.20304363057322639,0.20280571629739425,97.80766335525773,100.34267704412134,XLRE,不動産,rate_sensitive,Improving,1.0,-1.0,5.0
2026-08-18,44.630001068115234,0.20305747500530577,0.20288963586669811,97.93023088183455,100.73981480068198,XLRE,不動産,rate_sensitive,Improving,1.0,-1.0,1.0
2026-08-19,44.9900016784668,0.20259377761348066,0.20279101644895897,97.98610660594231,100.78175720470749,XLRE,不動産,rate_sensitive,Improving,1.0,0.0,1.0
2026-08-20,45.08000183105469,0.2046486384640908,0.20341022378733625,98.21991865628421,100.82400359475824,XLRE,不動産,rate_sensitive,Improving,3.0,1.0,1.0
2026-08-21,45.08000183105469,0.20336537286699963,0.2033952734805574,98.26710760498477,100.68151107558091,XLRE,不動産,rate_sensitive,Improving,3.0,1.0,1.0
2026-08-24,45.33000183105469,0.20425360846687152,0.2036813851426621,98.3953778813384,100.65623663001281,XLRE,不動産,rate_sensitive,Improving,3.0,2.0,3.0
2026-08-25,45.36000061035156,0.20453623004228935,0.20396633344253784,98.5194205628151,100.64632517088495,XLRE,不動産,rate_sensitive,Improving,3.0,2.0,3.0
2026-08-26,45.09000015258789,0.2030075189261264,0.20364672860373406,98.47332199164111,100.54569855125503,XLRE,不動産,rate_sensitive,Improving,3.0,2.0,2.0
2026-08-27,44.65999984741211,0.20167080814117216,0.20298808844954677,98.34207455956337,100.22284775407728,XLRE,不動産,rate_sensitive,Improving,3.0,0.0,-1.0
2026-08-28,44.47999954223633,0.20154968077471422,0.20250861922460262,98.27630056548678,100.10255497014853,XLRE,不動産,rate_sensitive,Improving,3.0,0.0,-1.0
2026-08-31,44.11000061035156,0.2010574808927814,0.2020249064473289,98.22093820433481,99.90375218971961,XLRE,不動産,rate_sensitive,Lagging,3.0,0.0,-2.0
2026-09-01,44.040000915527344,0.20239901492134138,0.20214960927199974,98.32465180001822,99.83414132218275,XLRE,不動産,rate_sensitive,Lagging,3.0,0.0,-2.0
2026-09-02,43.72999954223633,0.20004573797462966,0.20144831883954306,98.21296741599559,99.71230351609906,XLRE,不動産,rate_sensitive,Lagging,2.0,-1.0,-3.0
2026-09-03,44.25,0.20109065842453994,0.2013290987012087,98.25716021918461,99.85538659418448,XLRE,不動産,rate_sensitive,Lagging,2.0,-1.0,-1.0
2026-09-04,43.93000030517578,0.2005936086994328,0.2010839353672834,98.27123502995882,99.93319345869332,XLRE,不動産,rate_sensitive,Lagging,2.0,-1.0,-1.0
2026-09-08,43.900001525878906,0.20255618692055694,0.20157468588504124,98.45566996301143,100.20025015782015,XLRE,不動産,rate_sensitive,Improving,2.0,-1.0,-1.0
2026-09-09,43.40999984741211,0.20224562043818972,0.20179833073609077,98.56351490173886,100.23737332609552,XLRE,不動産,rate_sensitive,Improving,2.0,-1.0,-1.0
2026-09-10,43.04999923706055,0.20195149226835282,0.20184938458017812,98.62008637594953,100.4909041560964,XLRE,不動産,rate_sensitive,Improving,2.0,0.0,1.0
2026-09-11,43.41999816894531,0.20207566973352686,0.20192481296462772,98.67954841622078,100.56848748047712,XLRE,不動産,rate_sensitive,Improving,2.0,0.0,1.0
2026-09-14,43.119998931884766,0.20054881183913442,0.20146614592279666,98.61053124091389,100.4938431881029,XLRE,不動産,rate_sensitive,Improving,2.0,0.0,1.0
2026-09-15,43.06999969482422,0.20129930053901407,0.20141053079486915,98.64191753806696,100.31412269631528,XLRE,不動産,rate_sensitive,Improving,3.0,1.0,2.0
2026-09-16,42.810001373291016,0.20166761644746234,0.20149622601240022,98.70522723213425,100.2587959998184,XLRE,不動産,rate_sensitive,Improving,3.0,1.0,2.0
2026-09-17,42.939998626708984,0.20130326341086696,0.20143190514522247,98.73218361998764,100.20399980291663,XLRE,不動産,rate_sensitive,Improving,3.0,1.0,1.0
