Date,Close,RS_raw,RS_smooth,RS_Ratio,RS_Momentum,Symbol,Label,Group,Quadrant,Rank,RankVelocity,RankAccel
2024-09-30,111.5951156616211,0.6435080673686789,0.6435080673686789,,,XLK,情報技術,growth,,,,
2024-10-01,108.87641906738281,0.6311775848486065,0.6393979065286548,,,XLK,情報技術,growth,,,,
2024-10-02,109.68214416503906,0.6365271848815286,0.6384409993129461,,,XLK,情報技術,growth,,,,
2024-10-03,110.13691711425781,0.642196796086211,0.6396929315707011,,,XLK,情報技術,growth,,,,
2024-10-04,111.36279296875,0.6442900881721118,0.6412253171045046,,,XLK,情報技術,growth,,,,
2024-10-07,110.59662628173828,0.6448773119588421,0.6424426487226171,,,XLK,情報技術,growth,,,,
2024-10-08,112.66283416748047,0.6553714839386101,0.6467522604612814,,,XLK,情報技術,growth,,,,
2024-10-09,113.9233169555664,0.6581824815986772,0.6505623341737468,,,XLK,情報技術,growth,,,,
2024-10-10,113.89366912841797,0.6604860342126263,0.6538702341867066,,,XLK,情報技術,growth,,,,
2024-10-11,114.09138488769531,0.6551964750044383,0.654312314459284,,,XLK,情報技術,growth,,,,
2024-10-14,115.57926177978516,0.6589062573804636,0.6558436287663438,,,XLK,情報技術,growth,,,,
2024-10-15,113.03849792480469,0.647350805298704,0.6530126876104639,,,XLK,情報技術,growth,,,,
2024-10-16,113.38945770263672,0.6449987735539698,0.650341382924966,,,XLK,情報技術,growth,,,,
2024-10-17,113.7354736328125,0.6480016559591797,0.6495614739363706,,,XLK,情報技術,growth,,,,
2024-10-18,114.14081573486328,0.6483803649681792,0.6491677709469735,,,XLK,情報技術,growth,,,,
2024-10-21,114.67466735839844,0.6570122171109842,0.6517825863349771,,,XLK,情報技術,growth,,,,
2024-10-22,114.55603790283203,0.6592941348592979,0.6542864358430841,,,XLK,情報技術,growth,,,,
2024-10-23,112.9149169921875,0.651992071415412,0.6535216477005268,,,XLK,情報技術,growth,,,,
2024-10-24,113.2461166381836,0.6537582324306545,0.6536005092772361,,,XLK,情報技術,growth,,,,
2024-10-25,113.83433532714844,0.66029017996029,0.6558303995049208,,,XLK,情報技術,growth,,,,
2024-10-28,113.79974365234375,0.6563674724248795,0.6560094238115737,,,XLK,情報技術,growth,,,,
2024-10-29,115.33209991455078,0.6672171340099837,0.6597453272110437,,,XLK,情報技術,growth,,,,
2024-10-30,113.49821472167969,0.6580449509851451,0.6591785351357442,,,XLK,情報技術,growth,,,,
2024-10-31,109.85517120361328,0.6437877850849112,0.6540482851187999,,,XLK,情報技術,growth,,,,
2024-11-01,110.68064880371094,0.6482208207480221,0.6521057969952073,,,XLK,情報技術,growth,,,,
2024-11-04,110.59662628173828,0.6469585614360932,0.650390051808836,,,XLK,情報技術,growth,,,,
2024-11-05,112.15369415283203,0.6485027739642631,0.6497609591939785,,,XLK,情報技術,growth,,,,
2024-11-06,115.34693145751953,0.651541652287324,0.6503545235584269,,,XLK,情報技術,growth,,,,
2024-11-07,117.35875701904297,0.6622537931462039,0.6543209467543526,,,XLK,情報技術,growth,,,,
2024-11-08,117.23025512695312,0.6578634735846837,0.6555017890311297,,,XLK,情報技術,growth,,,,
2024-11-11,116.58270263671875,0.6509763839746111,0.6539933206789569,,,XLK,情報技術,growth,,,,
2024-11-12,116.73099517822266,0.656809972757705,0.6549322047052063,,,XLK,情報技術,growth,,,,
2024-11-13,116.32566833496094,0.6541730101597144,0.6546791398567091,,,XLK,情報技術,growth,,,,
2024-11-14,115.93021392822266,0.6572079449681084,0.6555220748938423,,,XLK,情報技術,growth,,,,
2024-11-15,113.05333709716797,0.6455035128193511,0.6521825542023453,,,XLK,情報技術,growth,,,,
2024-11-18,113.41911315917969,0.6449898848221657,0.6497849977422855,,,XLK,情報技術,growth,,,,
2024-11-19,114.34842681884766,0.6520333968434503,0.6505344641093405,,,XLK,情報技術,growth,,,,
2024-11-20,114.24955749511719,0.6492835209249074,0.6501174830478628,,,XLK,情報技術,growth,,,,
2024-11-21,115.41117858886719,0.6477257069257939,0.6493202243405065,,,XLK,情報技術,growth,,,,
2024-11-22,115.47049713134766,0.6429936986830034,0.6472113824546721,,,XLK,情報技術,growth,,,,
2024-11-25,115.4655532836914,0.6371962725896195,0.6438730124996547,,,XLK,情報技術,growth,,,,
2024-11-26,116.04389953613281,0.6403194519274155,0.6426884923089082,,,XLK,情報技術,growth,,,,
2024-11-27,114.47200012207031,0.6322537848444745,0.6392102564874304,,,XLK,情報技術,growth,,,,
2024-11-29,115.5347671508789,0.6361850255908712,0.6382018461885773,,,XLK,情報技術,growth,,,,
2024-12-02,116.63212585449219,0.6438403957718277,0.6400813627163275,,,XLK,情報技術,growth,,,,
2024-12-03,117.05228424072266,0.6490382207316207,0.6430669820547585,,,XLK,情報技術,growth,,,,
2024-12-04,119.19265747070312,0.6608708350021328,0.6490015997038834,,,XLK,情報技術,growth,,,,
2024-12-05,118.589599609375,0.6608254927905892,0.652942897399452,,,XLK,情報技術,growth,,,,
2024-12-06,119.0492935180664,0.6641392619640609,0.6566750189209883,,,XLK,情報技術,growth,,,,
2024-12-09,118.27323150634766,0.6625287580128397,0.6586262652849388,,,XLK,情報技術,growth,,,,
2024-12-10,116.63212585449219,0.6573634246663582,0.6582053184120786,,,XLK,情報技術,growth,,,,
2024-12-11,118.3226547241211,0.6662737878560966,0.6608948082267513,,,XLK,情報技術,growth,,,,
2024-12-12,117.66029357910156,0.6649723105888099,0.6622539756807708,,,XLK,情報技術,growth,,,,
2024-12-13,118.16449737548828,0.6701682337618505,0.6648920617077975,,,XLK,情報技術,growth,,,,
2024-12-16,119.34588623046875,0.6791054177950068,0.6696298470702007,,,XLK,情報技術,growth,,,,
2024-12-17,118.62419128417969,0.6803572338105074,0.6732056426503029,,,XLK,情報技術,growth,,,,
2024-12-18,114.79825592041016,0.6784904692858327,0.6749672515288129,,,XLK,情報技術,growth,,,,
2024-12-19,114.92182922363281,0.6814820089698629,0.6771388373424962,,,XLK,情報技術,growth,,,,
2024-12-20,116.63707733154297,0.6821002837917461,0.6787926528255797,,,XLK,情報技術,growth,,,,
2024-12-23,117.87288665771484,0.6883888721307356,0.681991392593965,,,XLK,情報技術,growth,,,,
2024-12-24,119.09087371826172,0.6902939485601075,0.6847589112493458,,,XLK,情報技術,growth,,,,
2024-12-26,119.17010498046875,0.6896271839451275,0.6863816688146065,,,XLK,情報技術,growth,,,,
2024-12-27,117.58572387695312,0.6851183970175947,0.6859605782156026,102.61963842149007,,XLK,情報技術,growth,,11.0,,
2024-12-30,116.09046936035156,0.6832897721159471,0.6850703095157175,102.38790505618691,,XLK,情報技術,growth,,11.0,,
2024-12-31,115.12499237060547,0.6763696881718184,0.6821701024010844,102.05338070879637,,XLK,情報技術,growth,,11.0,,
2025-01-02,114.85265350341797,0.6767393033912472,0.680359836064472,101.835425228335,,XLK,情報技術,growth,,11.0,,
2025-01-03,116.72421264648438,0.681525881256893,0.680748517795279,101.79334153218885,,XLK,情報技術,growth,,11.0,,
2025-01-06,118.2095718383789,0.6906686065223442,0.6840552140376341,101.9587814027069,,XLK,情報技術,growth,,11.0,0.0,
2025-01-07,115.83795166015625,0.6790858140230119,0.6823987473660935,101.75987482165819,,XLK,情報技術,growth,,11.0,0.0,
2025-01-08,115.79834747314453,0.6780426507040056,0.6809467151453976,101.58768494553175,,XLK,情報技術,growth,,11.0,0.0,
2025-01-10,113.27323913574219,0.6730960163570998,0.6783298155492984,101.34634476688721,,XLK,情報技術,growth,,11.0,0.0,
2025-01-13,112.47113800048828,0.6628964916233071,0.6731853742406346,100.94314415597066,,XLK,情報技術,growth,,9.0,-2.0,
2025-01-14,112.76820373535156,0.6593251566910239,0.6685653017240978,100.59073994253552,,XLK,情報技術,growth,,7.0,-4.0,-4.0
2025-01-15,115.0110855102539,0.6660459700478571,0.6677255244986843,100.51557315158276,,XLK,情報技術,growth,,7.0,-4.0,-4.0
2025-01-16,114.12483215332031,0.6557493542487107,0.6637334677486931,100.21486558858713,,XLK,情報技術,growth,,7.0,-4.0,-4.0
2025-01-17,115.9122085571289,0.662800993378379,0.6634226429585885,100.17806360865075,,XLK,情報技術,growth,,6.0,-5.0,-5.0
2025-01-21,116.87769317626953,0.6606526350907045,0.6624993070026273,100.09640082017543,,XLK,情報技術,growth,,5.0,-4.0,-2.0
2025-01-22,119.51668548583984,0.6779517901056971,0.6676501347036505,100.45429056415587,,XLK,情報技術,growth,,6.0,-1.0,3.0
2025-01-23,119.72957611083984,0.6759563675220376,0.6704188789764463,100.63680425967227,,XLK,情報技術,growth,,7.0,0.0,4.0
2025-01-24,118.48188781738281,0.6694997808234485,0.670112512925447,100.59549154214338,,XLK,情報技術,growth,,8.0,1.0,5.0
2025-01-27,112.67414093017578,0.6362631010074795,0.6588293756194579,99.75799487305946,,XLK,情報技術,growth,,5.0,-1.0,4.0
2025-01-28,115.67951965332031,0.6564750682416283,0.6580446064935147,99.69410047759507,,XLK,情報技術,growth,,5.0,0.0,4.0
2025-01-29,114.73880004882812,0.6532973718921442,0.6564621949597246,99.57611381410064,,XLK,情報技術,growth,,5.0,-1.0,0.0
2025-01-30,114.9516830444336,0.6475968557637225,0.6535070818943907,99.3613418639107,,XLK,情報技術,growth,,4.0,-3.0,-3.0
2025-01-31,114.2783203125,0.6491316432070398,0.6520486023319404,99.26565666400211,,XLK,情報技術,growth,,4.0,-4.0,-5.0
2025-02-03,112.73851013183594,0.6439023399708866,0.6493331815449226,99.08335458061106,,XLK,情報技術,growth,,2.0,-3.0,-2.0
2025-02-04,114.36250305175781,0.6523814671830803,0.6503492767576419,99.164505235585,,XLK,情報技術,growth,,2.0,-3.0,-3.0
2025-02-05,115.95183563232422,0.6582381248048852,0.6529788927733897,99.35472419053181,,XLK,情報技術,growth,,3.0,-2.0,-1.0
2025-02-06,116.26870727539062,0.6609116586963282,0.655623148081036,99.53970822765908,,XLK,情報技術,growth,,4.0,0.0,3.0
2025-02-07,115.27352142333984,0.6584905847863453,0.6565789603161392,99.59969964913414,,XLK,情報技術,growth,,3.0,-1.0,3.0
2025-02-10,116.9569091796875,0.6662214695069932,0.6597931300464239,99.82426769931169,,XLK,情報技術,growth,,4.0,2.0,5.0
2025-02-11,117.0113754272461,0.666457983669451,0.6620147479207663,99.97967275937538,,XLK,情報技術,growth,,3.0,1.0,4.0
2025-02-12,116.75887298583984,0.6689055423745571,0.6643116794053633,100.14011139698,,XLK,情報技術,growth,,4.0,1.0,3.0
2025-02-13,118.4125747680664,0.6725411166578298,0.6670548251561855,100.32953727669225,,XLK,情報技術,growth,,5.0,1.0,1.0
2025-02-14,118.8135986328125,0.6754894924629772,0.6698663809251161,100.5217668124211,,XLK,情報技術,growth,,6.0,3.0,4.0
2025-02-18,119.89791870117188,0.6764616171740842,0.6720647930081055,100.6648177345252,,XLK,情報技術,growth,,7.0,3.0,1.0
2025-02-19,119.90782165527344,0.6751485093562913,0.6730926984575007,100.71951184553303,,XLK,情報技術,growth,,7.0,4.0,3.0
2025-02-20,119.52658081054688,0.6746992455589996,0.6736282141580004,100.7350127657511,,XLK,情報技術,growth,,7.0,3.0,2.0
2025-02-21,116.28850555419922,0.6657662482836243,0.6710075588665417,100.5180497435578,,XLK,情報技術,growth,,6.0,1.0,0.0
2025-02-24,114.6249008178711,0.6556949885978727,0.6659033687769854,100.11766141205402,,XLK,情報技術,growth,,4.0,-2.0,-5.0
2025-02-25,113.1395492553711,0.6465515670303685,0.6594527681947798,99.61499985112354,,XLK,情報技術,growth,,3.0,-4.0,-7.0
2025-02-26,114.37239837646484,0.6549784195129931,0.6579613186341843,99.4861176176674,,XLK,情報技術,growth,,3.0,-4.0,-8.0
2025-02-27,110.20844268798828,0.6366930507512368,0.6508718960065352,98.92980824135383,,XLK,情報技術,growth,,3.0,-4.0,-7.0
2025-02-28,111.66409301757812,0.6380137194408265,0.646585837151299,98.58733867252613,,XLK,情報技術,growth,,2.0,-4.0,-5.0
2025-03-03,108.267578125,0.625269898653287,0.6394805243186283,98.05262975402884,,XLK,情報技術,growth,,1.0,-3.0,-1.0
2025-03-04,108.18341064453125,0.6350436501886972,0.638001566275318,97.94606292992022,,XLK,情報技術,growth,,1.0,-2.0,2.0
2025-03-05,109.70343017578125,0.6380363154557447,0.6380131493354603,97.9481697238893,,XLK,情報技術,growth,,1.0,-2.0,2.0
2025-03-06,106.658447265625,0.627272347105928,0.6344328819256162,97.71296109892232,,XLK,情報技術,growth,,1.0,-2.0,2.0
2025-03-07,108.20320892333984,0.6304507605642118,0.6331055081384814,97.68023273296704,,XLK,情報技術,growth,,1.0,-1.0,3.0
2025-03-10,103.60356140136719,0.6122792516478011,0.626163422641588,97.33279847623831,,XLK,情報技術,growth,,1.0,0.0,3.0
2025-03-11,103.18270874023438,0.6180228790262371,0.6234499081031377,97.33132357384038,,XLK,情報技術,growth,,2.0,1.0,3.0
2025-03-12,104.80670928955078,0.6307223560393029,0.6258740574151929,97.63690757985191,,XLK,情報技術,growth,,2.0,1.0,3.0
2025-03-13,102.81632995605469,0.6247334774566223,0.6254938640956694,97.74489764071825,,XLK,情報技術,growth,,2.0,1.0,3.0
2025-03-14,105.92567443847656,0.6315859529149033,0.6275245603687474,97.96914802091065,,XLK,情報技術,growth,,2.0,1.0,2.0
2025-03-17,106.66340637207031,0.627516570366211,0.6275218970345686,98.06253869188372,,XLK,情報技術,growth,,2.0,1.0,1.0
2025-03-18,105.0394058227539,0.6211927047923935,0.625412166287177,98.04042550250041,,XLK,情報技術,growth,,2.0,0.0,-1.0
2025-03-19,106.40592956542969,0.6246454165623115,0.6251565830455552,98.11752518951667,,XLK,情報技術,growth,,2.0,0.0,-1.0
2025-03-20,105.64840698242188,0.6227908037312899,0.6243679899408001,98.16295020313487,,XLK,情報技術,growth,,2.0,0.0,-1.0
2025-03-21,105.9355697631836,0.6273574496801492,0.6253644765205831,98.28976650155057,,XLK,情報技術,growth,,2.0,0.0,-1.0
2025-03-24,107.94184875488281,0.6294841133963155,0.6267376888124939,98.4231666960191,,XLK,情報技術,growth,,2.0,0.0,-1.0
2025-03-25,108.29896545410156,0.6330801333079893,0.628851836977659,98.58114377123657,,XLK,情報技術,growth,,2.0,0.0,0.0
2025-03-26,105.88349914550781,0.6201276809500834,0.6259437849684673,98.49245417918392,,XLK,情報技術,growth,,1.0,-1.0,-1.0
2025-03-27,104.90640258789062,0.6159896956744016,0.6226257552037788,98.38907214741644,,XLK,情報技術,growth,,1.0,-1.0,-1.0
2025-03-28,102.36199188232422,0.6104604345679686,0.6185706483251754,98.25693666071088,,XLK,情報技術,growth,,1.0,-1.0,-1.0
2025-03-31,102.41157531738281,0.6057144491926073,0.6142852486143193,98.1228895368837,,XLK,情報技術,growth,,1.0,-1.0,-1.0
2025-04-01,103.16053771972656,0.6095108968075892,0.612693798012076,98.11987529660222,,XLK,情報技術,growth,,1.0,-1.0,-1.0
2025-04-02,103.92435455322266,0.6089320734693184,0.6114398898311568,98.13257394464863,,XLK,情報技術,growth,,1.0,0.0,1.0
2025-04-03,96.83172607421875,0.5957543484165058,0.6062113760262732,97.97683324981405,,XLK,情報技術,growth,,1.0,0.0,1.0
2025-04-04,90.45330810546875,0.5896158273054997,0.6006795264526821,97.83022870456719,,XLK,情報技術,growth,,1.0,0.0,1.0
2025-04-07,90.99394989013672,0.5981250879502866,0.5998280469518836,97.89247597532453,100.12500750279156,XLK,情報技術,growth,Improving,1.0,0.0,1.0
2025-04-08,89.14391326904297,0.5972292049552722,0.5989617662863465,97.94212824676225,100.18218074291676,XLK,情報技術,growth,Improving,1.0,0.0,1.0
2025-04-09,101.11209869384766,0.6272493691283071,0.6083909672336667,98.40664271133853,100.73426952872163,XLK,情報技術,growth,Improving,1.0,0.0,0.0
2025-04-10,96.40516662597656,0.6188842291420003,0.6118887212031112,98.60134059014435,101.14304444240977,XLK,情報技術,growth,Improving,1.0,0.0,0.0
2025-04-11,98.37920379638672,0.6221236315677847,0.6153003579913358,98.78686039647422,101.50176587625275,XLK,情報技術,growth,Improving,1.0,0.0,0.0
2025-04-14,99.27693939208984,0.6198809574169286,0.6168272244665334,98.8886932458706,101.49275248459313,XLK,情報技術,growth,Improving,2.0,1.0,1.0
2025-04-15,99.6390151977539,0.6241576664823808,0.6192707051384825,99.02860961758621,101.5478980473713,XLK,情報技術,growth,Improving,2.0,1.0,1.0
2025-04-16,96.17701721191406,0.6103070369517575,0.6162828157429076,98.92880289556066,100.84057816174077,XLK,情報技術,growth,Improving,2.0,1.0,1.0
2025-04-17,95.65621948242188,0.6025240567945938,0.6116965627601363,98.7642398637171,100.38135768344165,XLK,情報技術,growth,Improving,1.0,0.0,0.0
2025-04-21,93.18621063232422,0.5990079621189265,0.6074670292130664,98.62328513493541,99.9584043520443,XLK,情報技術,growth,Lagging,1.0,0.0,0.0
2025-04-22,95.45783996582031,0.5988446830407086,0.6045929138222805,98.5481933942402,99.72557021367072,XLK,情報技術,growth,Lagging,1.0,-1.0,-2.0
2025-04-23,98.22543334960938,0.6103027583499333,0.6064961953314981,98.67482003351283,99.71338912287703,XLK,情報技術,growth,Lagging,1.0,-1.0,-2.0
2025-04-24,101.89079284667969,0.622543510822397,0.6118453004951311,98.94185815855217,100.17663209215566,XLK,情報技術,growth,Improving,1.0,-1.0,-2.0
2025-04-25,103.39859771728516,0.6326616268451303,0.6187840759451309,99.27595891341475,100.79946154241489,XLK,情報技術,growth,Improving,2.0,1.0,1.0
2025-04-28,103.22997283935547,0.6298619798057741,0.6224767105653453,99.46502835875316,101.1762450582407,XLK,情報技術,growth,Improving,2.0,1.0,1.0
2025-04-29,103.71106719970703,0.629125693358256,0.6246930381629823,99.58664724972097,101.37204143602514,XLK,情報技術,growth,Improving,3.0,2.0,3.0
2025-04-30,104.142578125,0.630846974857398,0.6267443503944543,99.70003764816515,101.31039465866203,XLK,情報技術,growth,Improving,3.0,2.0,3.0
2025-05-01,105.67022705078125,0.6409723166426591,0.6314870058105226,99.93538097019476,101.23520328847037,XLK,情報技術,growth,Improving,4.0,3.0,4.0
2025-05-02,107.43594360351562,0.6403846825490376,0.6344528980566944,100.08732251095243,100.9841086368519,XLK,情報技術,growth,Leading,5.0,3.0,2.0
2025-05-05,106.86555480957031,0.6391042062729944,0.6360033341287944,100.17087794248015,100.82646348086051,XLK,情報技術,growth,Leading,5.0,3.0,2.0
2025-05-06,105.97774505615234,0.638528088779244,0.6368449190122776,100.2219181010029,100.71588241225953,XLK,情報技術,growth,Leading,5.0,2.0,0.0
2025-05-07,107.03915405273438,0.640703399174483,0.6381310790663461,100.2962795382415,100.64975195945688,XLK,情報技術,growth,Leading,5.0,2.0,0.0
2025-05-08,108.06088256835938,0.641423038098848,0.6392283987438468,100.36461342254604,100.43754289289461,XLK,情報技術,growth,Leading,6.0,2.0,-1.0
2025-05-09,107.9269790649414,0.6407766194300442,0.6397444723059127,100.40670075949343,100.30211858568619,XLK,情報技術,growth,Leading,7.0,2.0,-1.0
2025-05-12,112.93645477294922,0.6526305547066109,0.6440398331061454,100.63632883952103,100.48979625002524,XLK,情報技術,growth,Leading,9.0,4.0,1.0
2025-05-13,115.376708984375,0.6652313331569079,0.6511036664563996,101.00475841357444,100.88458128583842,XLK,情報技術,growth,Leading,10.0,5.0,3.0
2025-05-14,116.12565612792969,0.6736055502807881,0.6586042943978625,101.39359218646844,101.26022409522365,XLK,情報技術,growth,Leading,10.0,5.0,3.0
2025-05-15,116.28437042236328,0.6684333968803627,0.6618806618920292,101.57367616078206,101.37680291382088,XLK,情報技術,growth,Leading,10.0,4.0,2.0
2025-05-16,116.50260162353516,0.663176609143292,0.6623126443091168,101.61961327771793,101.36649634529859,XLK,情報技術,growth,Leading,10.0,3.0,1.0
2025-05-19,116.33396911621094,0.662290264900018,0.6623051845060839,101.6523069417914,101.12035366564203,XLK,情報技術,growth,Leading,10.0,1.0,-3.0
2025-05-20,115.8974838256836,0.6615330180462653,0.6620477956861444,101.67833162406893,100.70846824751933,XLK,情報技術,growth,Leading,10.0,0.0,-5.0
2025-05-21,113.72010803222656,0.6635588300761252,0.662551473816138,101.74776207907671,100.3274010312547,XLK,情報技術,growth,Leading,10.0,0.0,-5.0
2025-05-22,113.74987030029297,0.6658561902191185,0.6636530459504648,101.8373389337352,100.21616237239837,XLK,情報技術,growth,Leading,10.0,0.0,-4.0
2025-05-23,112.4950180053711,0.6611547817109716,0.6628202912039671,101.80369724943012,100.10868530929694,XLK,情報技術,growth,Leading,9.0,-1.0,-4.0
2025-05-27,115.16839599609375,0.6644789919487889,0.663373191452241,101.81979724514517,100.06608116883162,XLK,情報技術,growth,Leading,8.0,-2.0,-3.0
2025-05-28,114.69225311279297,0.6674068563672667,0.6647177464239163,101.86853716956372,100.06778151722364,XLK,情報技術,growth,Leading,8.0,-2.0,-2.0
2025-05-29,114.88568115234375,0.6669037557839189,0.665446416210584,101.86011772476954,99.92719203102955,XLK,情報技術,growth,Weakening,8.0,-2.0,-2.0
2025-05-30,114.528564453125,0.6650945820500924,0.6653291381570868,101.79955241209487,99.66539624131423,XLK,情報技術,growth,Weakening,8.0,-2.0,-2.0
2025-06-02,115.54037475585938,0.6704382830633641,0.6670321864591793,101.817267667399,99.6617131036978,XLK,情報技術,growth,Weakening,9.0,0.0,1.0
2025-06-03,117.27633666992188,0.6748927750905936,0.6696523826696508,101.87039018457814,99.65108167493929,XLK,情報技術,growth,Weakening,10.0,2.0,4.0
2025-06-04,117.44993591308594,0.6774136825929427,0.6722394826440814,101.91253833354764,99.56409260084382,XLK,情報技術,growth,Weakening,11.0,3.0,5.0
2025-06-05,117.11762237548828,0.6773272726967876,0.6739354126616501,101.9045126298667,99.49723526844053,XLK,情報技術,growth,Weakening,10.0,2.0,4.0
2025-06-06,118.22368621826172,0.6778696284008717,0.6752468179080574,101.87757078416472,99.51038561610022,XLK,情報技術,growth,Weakening,10.0,2.0,4.0
2025-06-09,118.80398559570312,0.6810826518661953,0.6771920958941033,101.87396930105129,99.42168266216699,XLK,情報技術,growth,Weakening,10.0,1.0,1.0
2025-06-10,119.4686050415039,0.6814990482769234,0.6786277466883768,101.84794847075982,99.2123604099009,XLK,情報技術,growth,Weakening,10.0,0.0,-2.0
2025-06-11,119.20572662353516,0.6819357778424696,0.6797304237397411,101.81021933664927,99.02292631207403,XLK,情報技術,growth,Weakening,10.0,-1.0,-4.0
2025-06-12,120.31179809570312,0.6866529999442649,0.6820379491412492,101.82004607917055,99.0692259664202,XLK,情報技術,growth,Weakening,10.0,0.0,-2.0
2025-06-13,118.62542724609375,0.6853123440540821,0.6831294141121935,101.78234356613869,99.06568724629344,XLK,情報技術,growth,Weakening,10.0,0.0,-2.0
2025-06-16,120.5448989868164,0.6897509257905956,0.6853365846716609,101.78685810341709,99.11185547455705,XLK,情報技術,growth,Weakening,10.0,0.0,-1.0
2025-06-17,119.69181060791016,0.6915119729584605,0.6873950474339274,101.78358324387645,99.18754098167621,XLK,情報技術,growth,Weakening,10.0,0.0,0.0
2025-06-18,119.83563232421875,0.6922649004404253,0.6890183317694267,101.76401584707907,99.24776895849392,XLK,情報技術,growth,Weakening,10.0,0.0,1.0
2025-06-20,119.30492401123047,0.6880740868116767,0.6887035834501768,101.67999847265101,99.07014726300486,XLK,情報技術,growth,Weakening,10.0,0.0,0.0
2025-06-23,120.66520690917969,0.6898291415818001,0.6890787694940512,101.62554051485213,99.05734295554002,XLK,情報技術,growth,Weakening,10.0,0.0,0.0
2025-06-24,122.831298828125,0.6956260241203733,0.6912611877028253,101.63358616193757,99.08834941601336,XLK,情報技術,growth,Weakening,10.0,0.0,0.0
2025-06-25,123.87956237792969,0.7066611226365119,0.6963944993473876,101.73289635855126,99.3263651056629,XLK,情報技術,growth,Weakening,10.0,0.0,0.0
2025-06-26,124.73407745361328,0.706206005060587,0.6996650012517874,101.7628447754499,99.44495290318063,XLK,情報技術,growth,Weakening,10.0,0.0,0.0
2025-06-27,124.58503723144531,0.7027885663683238,0.7007061896239662,101.72151330114131,99.54204839644927,XLK,情報技術,growth,Weakening,10.0,0.0,0.0
2025-06-30,125.80718231201172,0.7063635089448386,0.7025919627309237,101.70916536889607,99.62619458290376,XLK,情報技術,growth,Weakening,10.0,0.0,0.0
2025-07-01,124.68438720703125,0.6919497876090143,0.6990445710236206,101.53877261129979,99.23718692154888,XLK,情報技術,growth,Weakening,10.0,0.0,0.0
2025-07-02,126.00093841552734,0.6976624970471672,0.6985838796981362,101.47160676713928,98.86595627891326,XLK,情報技術,growth,Weakening,10.0,0.0,0.0
2025-07-03,127.6602783203125,0.7034529577399892,0.7002069057120872,101.4705196220462,98.79343448743387,XLK,情報技術,growth,Weakening,10.0,0.0,0.0
2025-07-07,126.64679718017578,0.7034907443508331,0.7013015185916692,101.45707128774485,98.84060447926761,XLK,情報技術,growth,Weakening,11.0,1.0,1.0
2025-07-08,127.32743072509766,0.7055048879570684,0.702702641713469,101.45802981456393,98.8540562225429,XLK,情報技術,growth,Weakening,11.0,1.0,1.0
2025-07-09,128.09251403808594,0.7076306904756847,0.7043453246342075,101.46856961414142,99.23991042780561,XLK,情報技術,growth,Weakening,11.0,1.0,1.0
2025-07-10,127.67022705078125,0.7012356654982752,0.7033087715888968,101.40092714231143,99.23256140385536,XLK,情報技術,growth,Weakening,11.0,1.0,1.0
2025-07-11,127.10881805419922,0.7033005688828086,0.703306037353534,101.36159676348913,99.16644851440483,XLK,情報技術,growth,Weakening,10.0,0.0,0.0
2025-07-14,127.00448608398438,0.7020001020524778,0.7028707255865153,101.30946229269132,99.10994734117608,XLK,情報技術,growth,Weakening,11.0,0.0,-1.0
2025-07-15,128.13226318359375,0.7181929739994807,0.7079781417241704,101.42896591938116,99.39369921345883,XLK,情報技術,growth,Weakening,11.0,0.0,-1.0
2025-07-16,128.52967834472656,0.7176218392041389,0.7111927075508266,101.48498480875992,99.51917861197009,XLK,情報技術,growth,Weakening,11.0,0.0,-1.0
2025-07-17,129.69720458984375,0.7182844872148387,0.7135566341054974,101.51153026548458,99.76101875605255,XLK,情報技術,growth,Weakening,11.0,0.0,-1.0
2025-07-18,129.6127471923828,0.71808957744369,0.7150676152182283,101.51391806874922,99.87214613123525,XLK,情報技術,growth,Weakening,11.0,1.0,1.0
2025-07-21,129.78167724609375,0.7214933521176367,0.7172095275180311,101.54141738232653,100.0572130056888,XLK,情報技術,growth,Leading,11.0,0.0,0.0
2025-07-22,128.5793914794922,0.705811378546048,0.7134101445273702,101.38904985823446,99.40988901330654,XLK,情報技術,growth,Weakening,11.0,0.0,0.0
2025-07-23,129.31466674804688,0.7040151988409804,0.7102784959652403,101.26547911103944,98.9751797500661,XLK,情報技術,growth,Weakening,11.0,0.0,0.0
2025-07-24,129.86114501953125,0.7092608064270818,0.7099392661191875,101.23638645022517,98.83553198270305,XLK,情報技術,growth,Weakening,10.0,-1.0,-1.0
2025-07-25,130.1592254638672,0.7074807323993939,0.7091197548792563,101.18863734936404,98.74292690848937,XLK,情報技術,growth,Weakening,10.0,-1.0,-2.0
2025-07-28,131.1975555419922,0.7173662328816326,0.7118685808800485,101.26458543558239,98.89333259228314,XLK,情報技術,growth,Weakening,10.0,-1.0,-1.0
2025-07-29,131.20254516601562,0.7177396379636422,0.713825599907913,101.3115472687901,99.38532779199183,XLK,情報技術,growth,Weakening,10.0,-1.0,-1.0
2025-07-30,131.4956512451172,0.7240397924929288,0.7172303307695851,101.41294067070753,99.95374467951574,XLK,情報技術,growth,Weakening,11.0,0.0,0.0
2025-07-31,130.5318603515625,0.7253477554929101,0.7199361390106935,101.48813786141639,100.25100027426538,XLK,情報技術,growth,Leading,10.0,0.0,1.0
2025-08-01,127.7149429321289,0.7177859222849702,0.7192194001021192,101.42897536246952,100.2624219406375,XLK,情報技術,growth,Leading,9.0,-1.0,0.0
2025-08-04,130.3082733154297,0.723514229618774,0.7206510099410042,101.45375164356335,100.15638240201616,XLK,情報技術,growth,Leading,9.0,-1.0,0.0
2025-08-05,129.230224609375,0.7195252164208675,0.720275745434292,101.4080833800747,99.92765530748352,XLK,情報技術,growth,Weakening,9.0,-1.0,0.0
2025-08-06,130.6858367919922,0.7292612980820401,0.723270929650208,101.500763659876,99.92634070465722,XLK,情報技術,growth,Weakening,9.0,-2.0,-2.0
2025-08-07,130.80506896972656,0.7303660119526104,0.7256359570843421,101.56789576311249,99.92556434315584,XLK,情報技術,growth,Weakening,10.0,0.0,0.0
2025-08-08,132.11170959472656,0.736332130786724,0.7292013483184694,101.68504206020702,100.4454299157606,XLK,情報技術,growth,Leading,10.0,1.0,2.0
2025-08-11,131.21743774414062,0.7333506278382858,0.7305844414917415,101.71171624835631,100.4544861309266,XLK,情報技術,growth,Leading,9.0,0.0,1.0
2025-08-12,133.2493896484375,0.7353628170138448,0.7321772333324426,101.7426696827333,100.68720324396087,XLK,情報技術,growth,Leading,8.0,-1.0,0.0
2025-08-13,133.299072265625,0.7252814985092352,0.7298786550580401,101.5977103924839,100.0245635517135,XLK,情報技術,growth,Leading,8.0,-1.0,1.0
2025-08-14,133.01092529296875,0.7284524783375949,0.7294032628178917,101.52947964367993,99.64125513372922,XLK,情報技術,growth,Weakening,9.0,-1.0,-1.0
2025-08-15,132.00241088867188,0.7247184074023748,0.7278416443460528,101.41532273676168,98.82736811793359,XLK,情報技術,growth,Weakening,9.0,-1.0,-2.0
2025-08-18,132.28558349609375,0.7264293563172816,0.7273708816697957,101.35409523587893,98.3524453142099,XLK,情報技術,growth,Weakening,9.0,0.0,0.0
2025-08-19,129.9754180908203,0.7104173038171986,0.7217196890522634,101.06543619353246,96.80873432354716,XLK,情報技術,growth,Weakening,9.0,1.0,2.0
2025-08-20,129.0960693359375,0.7062540721234896,0.7165644834093388,100.8011137997917,96.43842144877647,XLK,情報技術,growth,Weakening,8.0,0.0,1.0
2025-08-21,128.6290740966797,0.706160165956751,0.7130963775918095,100.61286306057593,96.3478325819119,XLK,情報技術,growth,Weakening,8.0,-1.0,0.0
2025-08-22,130.3728790283203,0.7020601535045338,0.7094176362293844,100.4098531129834,96.44128638043446,XLK,情報技術,growth,Weakening,8.0,-1.0,0.0
2025-08-25,130.0797576904297,0.705883205319362,0.7082394925927102,100.32509284568042,96.72893055826385,XLK,情報技術,growth,Weakening,9.0,0.0,0.0
2025-08-26,130.67591857910156,0.7086282925156604,0.708369092567027,100.3048160608773,97.79153316894492,XLK,情報技術,growth,Weakening,9.0,0.0,-1.0
2025-08-27,131.3813934326172,0.709888646677044,0.7088756106036993,100.30448152900726,98.72070247497295,XLK,情報技術,growth,Weakening,9.0,1.0,1.0
2025-08-28,132.4197235107422,0.7158402098987403,0.7111971437020463,100.40550593582194,99.70114352782386,XLK,情報技術,growth,Weakening,9.0,1.0,2.0
2025-08-29,130.3877716064453,0.7053789907651252,0.7092577593897393,100.26696639565222,99.92252908705237,XLK,情報技術,growth,Weakening,7.0,-1.0,0.0
2025-09-02,129.0712127685547,0.7038163356933632,0.7074439514909473,100.12768568395052,99.7508360481584,XLK,情報技術,growth,Weakening,7.0,-2.0,-2.0
2025-09-03,129.84129333496094,0.7091144426850731,0.7080007818889893,100.1296959024087,99.83717298977052,XLK,情報技術,growth,Weakening,7.0,-2.0,-2.0
2025-09-04,130.48219299316406,0.7073898091069867,0.7077971242949884,100.08383862748994,99.6976504595309,XLK,情報技術,growth,Weakening,7.0,-2.0,-3.0
2025-09-05,130.59144592285156,0.707155586373472,0.7075832783211496,100.03547565884072,99.21825830263772,XLK,情報技術,growth,Weakening,8.0,-1.0,-2.0
2025-09-08,131.5701904296875,0.7130230941981779,0.7093965502801591,100.12871705023898,100.0089575429171,XLK,情報技術,growth,Leading,9.0,2.0,3.0
2025-09-09,131.82354736328125,0.71660347134113,0.7117988573004828,100.27330568404074,100.95876064975984,XLK,情報技術,growth,Leading,9.0,2.0,4.0
2025-09-10,134.21319580078125,0.7303330473986015,0.7179769206665224,100.71733750581454,102.30783741168732,XLK,情報技術,growth,Leading,9.0,2.0,4.0
2025-09-11,134.66529846191406,0.7219743267657966,0.7193093893662805,100.80280358984753,102.5421462253337,XLK,情報技術,growth,Leading,9.0,2.0,4.0
2025-09-12,134.57586669921875,0.7267258656169655,0.7217815481165089,100.98527983266165,102.95689750385469,XLK,情報技術,growth,Leading,9.0,1.0,2.0
2025-09-15,135.78810119628906,0.7345549434408123,0.7260393465579433,101.3235788819055,103.26141985349713,XLK,情報技術,growth,Leading,9.0,0.0,-2.0
2025-09-16,135.31613159179688,0.7339472790807499,0.7286753240655456,101.52469122216753,103.08011513355427,XLK,情報技術,growth,Leading,9.0,0.0,-2.0
2025-09-17,134.84912109375,0.7307151365298532,0.7293552615536482,101.55384797256366,102.00187339358514,XLK,情報技術,growth,Leading,9.0,0.0,-2.0
2025-09-18,137.17918395996094,0.7385173669369993,0.732409296681432,101.783987132074,102.20069928550166,XLK,情報技術,growth,Leading,9.0,0.0,-2.0
2025-09-19,138.5702362060547,0.7473071900512859,0.73737526113805,102.16654075617153,102.4605453306107,XLK,情報技術,growth,Leading,9.0,0.0,-1.0
2025-09-22,140.6087646484375,0.7579389411992397,0.7442298211584466,102.65832582111753,102.57838981141217,XLK,情報技術,growth,Leading,11.0,2.0,2.0
2025-09-23,139.39500427246094,0.7504804800043507,0.7463133741070813,102.69245046567393,102.12895976040737,XLK,情報技術,growth,Leading,11.0,2.0,2.0
2025-09-24,138.53440856933594,0.7475902562353939,0.7467390014831855,102.56929735274548,101.76381427472114,XLK,情報技術,growth,Leading,11.0,2.0,2.0
2025-09-25,138.29067993164062,0.7524699946647219,0.7486493325436976,102.55746836939959,101.27969093376888,XLK,情報技術,growth,Leading,11.0,2.0,2.0
2025-09-26,138.70852661132812,0.7473389866054659,0.7482125505642871,102.37798977705452,100.25689920779756,XLK,情報技術,growth,Leading,10.0,1.0,1.0
2025-09-29,139.44970703125,0.748830619952099,0.7484185736935578,102.26269987398344,99.17651414008273,XLK,情報技術,growth,Weakening,11.0,0.0,-2.0
2025-09-30,140.2108154296875,0.7509332262881906,0.749256791225102,102.21166703779225,99.04095092025835,XLK,情報技術,growth,Weakening,11.0,0.0,-2.0
2025-10-01,141.58377075195312,0.756571420184731,0.7516950008783116,102.27109389482011,99.36874458764446,XLK,情報技術,growth,Weakening,11.0,0.0,-2.0
2025-10-02,142.34983825683594,0.7588689231663273,0.7540863083076502,102.31274170677854,99.46249180091448,XLK,情報技術,growth,Weakening,11.0,0.0,-2.0
2025-10-03,141.63351440429688,0.7524050657537167,0.7535258941230057,102.16247833097464,99.51296681163024,XLK,情報技術,growth,Weakening,10.0,0.0,-1.0
2025-10-06,143.066162109375,0.760254205568677,0.7557686646048962,102.1965292949635,99.77442081549943,XLK,情報技術,growth,Weakening,10.0,-1.0,-1.0
2025-10-07,142.11106872558594,0.758511435140629,0.7566829214501405,102.14300586123123,99.76990957994927,XLK,情報技術,growth,Weakening,10.0,-1.0,-1.0
2025-10-08,144.60328674316406,0.7693078452795766,0.7608912293932859,102.28320378403959,99.91232275027703,XLK,情報技術,growth,Weakening,10.0,-1.0,-1.0
2025-10-09,144.35952758789062,0.77441815577609,0.7654002048542207,102.41426682284873,100.06674158087503,XLK,情報技術,growth,Leading,10.0,-1.0,-1.0
2025-10-10,138.48468017578125,0.7600384184135044,0.7636129427073153,102.1912814927592,99.93111941273439,XLK,情報技術,growth,Weakening,9.0,-1.0,-1.0
2025-10-13,141.85739135742188,0.7710513641616225,0.7660924165254177,102.21000672474003,99.9023524100378,XLK,情報技術,growth,Weakening,9.0,-1.0,0.0
2025-10-14,140.03671264648438,0.7548954569544192,0.7623600966684182,101.90601851754504,99.46072052879613,XLK,情報技術,growth,Weakening,9.0,-1.0,0.0
2025-10-15,141.42459106445312,0.7608430412273176,0.7618544115213848,101.79575856235606,99.03605196573146,XLK,情報技術,growth,Weakening,9.0,-1.0,0.0
2025-10-16,141.529052734375,0.7686909563751576,0.7641332598059758,101.83285908410267,98.90036727702238,XLK,情報技術,growth,Weakening,9.0,-1.0,0.0
2025-10-17,141.7777862548828,0.7661509271849183,0.7648058155989568,101.7862139774293,99.2319430265803,XLK,情報技術,growth,Weakening,9.0,0.0,1.0
2025-10-20,143.3596649169922,0.7670293486590851,0.7655469932856663,101.74746848177509,99.14785140054923,XLK,情報技術,growth,Weakening,9.0,0.0,1.0
2025-10-21,143.4342803955078,0.7639286346144891,0.765007540395274,101.65324046607473,99.51498710156886,XLK,情報技術,growth,Weakening,9.0,0.0,1.0
2025-10-22,142.0165557861328,0.7600434343338659,0.7633528383748046,101.51422096989944,99.46505449087435,XLK,情報技術,growth,Weakening,9.0,0.0,1.0
2025-10-23,143.80735778808594,0.7659958179954288,0.7642338315816795,101.5032557293787,99.38139513274926,XLK,情報技術,growth,Weakening,10.0,1.0,2.0
2025-10-24,146.04090881347656,0.7757780730002974,0.7680819120545521,101.62781670639257,99.67621421952232,XLK,情報技術,growth,Weakening,10.0,1.0,1.0
2025-10-27,148.7371063232422,0.7866045461441377,0.7742561234177474,101.84328628602832,100.11536813496227,XLK,情報技術,growth,Leading,11.0,2.0,2.0
2025-10-28,150.2095184326172,0.8012734739113826,0.7832619069156259,102.1495206306022,100.8011764652874,XLK,情報技術,growth,Leading,11.0,2.0,2.0
2025-10-29,151.2889862060547,0.8161593354082618,0.7942277164131712,102.47767355403276,101.56306886028696,XLK,情報技術,growth,Leading,11.0,2.0,2.0
2025-10-30,149.4285430908203,0.80960480861299,0.7993534138131109,102.5189878220287,101.59813741570098,XLK,情報技術,growth,Leading,11.0,1.0,0.0
2025-10-31,149.57278442382812,0.8086183867099672,0.802441738112063,102.47231648258881,101.27781667719115,XLK,情報技術,growth,Leading,11.0,1.0,0.0
2025-11-03,150.1846466064453,0.8139183875412158,0.8062672879217807,102.45302463183869,100.87194150411426,XLK,情報技術,growth,Leading,11.0,0.0,-2.0
2025-11-04,146.21998596191406,0.7977085180329233,0.803414364625495,102.21129566269282,99.97499259167923,XLK,情報技術,growth,Weakening,11.0,0.0,-2.0
2025-11-05,146.7920684814453,0.7961695302208605,0.8009994198239502,102.01545581620503,99.136060485184,XLK,情報技術,growth,Weakening,11.0,0.0,-2.0
2025-11-06,143.84219360351562,0.7857066832028732,0.795901840950258,101.75528706206639,98.68941022170428,XLK,情報技術,growth,Weakening,9.0,-2.0,-3.0
2025-11-07,143.3447265625,0.7764769691689322,0.7894268836898161,101.47489919287968,98.38050799967799,XLK,情報技術,growth,Weakening,9.0,-2.0,-3.0
2025-11-10,147.01095581054688,0.7917772280026771,0.7902103317941032,101.44743305068927,98.43079480030728,XLK,情報技術,growth,Weakening,9.0,-2.0,-2.0
2025-11-11,145.75738525390625,0.7805157454521863,0.7869788030134643,101.2940717669793,98.61417485214147,XLK,情報技術,growth,Weakening,8.0,-3.0,-3.0
2025-11-12,146.21005249023438,0.7810871694377318,0.7850149251548868,101.18935817534434,98.7865013959917,XLK,情報技術,growth,Weakening,9.0,-2.0,-2.0
2025-11-13,142.56375122070312,0.7703162539595643,0.7801153680897794,100.99666003376598,98.9089188514239,XLK,情報技術,growth,Weakening,9.0,0.0,2.0
2025-11-14,143.3397674560547,0.7773620426419294,0.7791975929404962,100.93698828543167,99.24362073816187,XLK,情報技術,growth,Weakening,9.0,0.0,2.0
2025-11-17,141.09628295898438,0.7753767105224872,0.7779239654678265,100.86721312592022,99.17684827739176,XLK,情報技術,growth,Weakening,8.0,-1.0,1.0
2025-11-18,138.80303955078125,0.7623208870701803,0.7727229393352779,100.6727568248767,99.10778430079019,XLK,情報技術,growth,Weakening,8.0,0.0,3.0
2025-11-19,139.76808166503906,0.7699518712887108,0.7717992499864222,100.61824675532083,99.16704972175535,XLK,情報技術,growth,Weakening,8.0,-1.0,1.0
2025-11-20,135.38058471679688,0.7549927643316525,0.766197088101499,100.40847805600191,99.12077543170219,XLK,情報技術,growth,Weakening,7.0,-2.0,-2.0
2025-11-21,135.90292358398438,0.7432992328603688,0.7585644696877889,100.12580267172126,98.76615058620897,XLK,情報技術,growth,Weakening,8.0,-1.0,-1.0
2025-11-24,139.14129638671875,0.7578696355690498,0.758332858314876,100.09241413158394,98.82289572250754,XLK,情報技術,growth,Weakening,8.0,0.0,1.0
2025-11-25,139.51438903808594,0.7492572137153705,0.7553076434483742,99.95884260075088,98.92698615685454,XLK,情報技術,growth,Lagging,8.0,0.0,0.0
2025-11-26,141.16592407226562,0.7528735323505031,0.7544962730824172,99.90264278507598,98.94569359269904,XLK,情報技術,growth,Lagging,8.0,0.0,1.0
2025-11-28,142.37969970703125,0.755263270999602,0.7547519390548122,99.88240727535668,99.24552157461778,XLK,情報技術,growth,Lagging,8.0,1.0,3.0
2025-12-01,142.44436645507812,0.760810016197879,0.7567712981025012,99.92700522304352,99.7394344702457,XLK,情報技術,growth,Lagging,8.0,0.0,1.0
2025-12-02,143.91183471679688,0.7693759618824925,0.7609728526958317,100.06016462545378,99.98733678242952,XLK,情報技術,growth,Weakening,9.0,1.0,1.0
2025-12-03,144.25506591796875,0.7653711162206556,0.7624389405374397,100.08749713806537,100.22195064827329,XLK,情報技術,growth,Leading,9.0,1.0,1.0
2025-12-04,144.7923126220703,0.7679809600533898,0.7642862803760897,100.13255436434603,100.36093424160111,XLK,情報技術,growth,Leading,9.0,1.0,1.0
2025-12-05,145.85186767578125,0.7717877448618258,0.7667867685380018,100.21090371401179,100.49793878248403,XLK,情報技術,growth,Leading,9.0,1.0,0.0
2025-12-08,146.8766326904297,0.7818936161795983,0.771822384418534,100.41478116247868,100.72728634141504,XLK,情報技術,growth,Leading,9.0,1.0,1.0
2025-12-09,147.26463317871094,0.7854406520034682,0.7763618069468455,100.60854527130805,100.82000479715086,XLK,情報技術,growth,Leading,9.0,0.0,-1.0
2025-12-10,147.9709930419922,0.7782587498088948,0.7769941212341953,100.61791517187018,100.80092134402707,XLK,情報技術,growth,Leading,9.0,0.0,-1.0
2025-12-11,147.2148895263672,0.7680791316453578,0.7740224580379161,100.4402419015898,100.48708534769096,XLK,情報技術,growth,Leading,9.0,0.0,-1.0
2025-12-12,142.9567413330078,0.7509530577240258,0.7663326579332861,99.99491988843295,99.7098984910734,XLK,情報技術,growth,Lagging,8.0,-1.0,-2.0
2025-12-15,141.57382202148438,0.7427669503530315,0.7584774220732013,99.51554913566676,98.65916288705962,XLK,情報技術,growth,Lagging,5.0,-4.0,-5.0
2025-12-16,141.83250427246094,0.7493870755785595,0.7554473065749874,99.2925942961517,98.07029511512935,XLK,情報技術,growth,Lagging,3.0,-6.0,-6.0
2025-12-17,138.6786651611328,0.7347102979788291,0.748534970376268,98.83577403899461,97.477419951085,XLK,情報技術,growth,Lagging,3.0,-6.0,-6.0
2025-12-18,140.8177032470703,0.7444511595722488,0.7471737001082617,98.72369529889508,97.6750131262318,XLK,情報技術,growth,Lagging,3.0,-6.0,-6.0
2025-12-19,143.86209106445312,0.7577854457132859,0.7507109486432697,98.92819203368174,98.68164649527623,XLK,情報技術,growth,Lagging,4.0,-4.0,-3.0
2025-12-22,144.63827514648438,0.7562683656497495,0.752563420978763,99.03090007000522,99.62355473997104,XLK,情報技術,growth,Lagging,5.0,0.0,4.0
2025-12-23,145.42544555664062,0.762156345578405,0.755761062511977,99.21595158485846,100.33143818400156,XLK,情報技術,growth,Improving,5.0,2.0,8.0
2025-12-24,145.77418518066406,0.7612244761363997,0.7575822003867847,99.31691048824213,101.30164474485734,XLK,情報技術,growth,Improving,5.0,2.0,8.0
2025-12-26,146.00335693359375,0.7622244790775886,0.7591296266170527,99.39880184642925,101.59714300055693,XLK,情報技術,growth,Improving,5.0,2.0,8.0
2025-12-29,145.34573364257812,0.7600459727779492,0.7594350753373516,99.40071267856558,101.21665520224812,XLK,情報技術,growth,Improving,5.0,1.0,5.0
2025-12-30,144.88739013671875,0.7588648140532096,0.7592449882426376,99.37149381502718,100.96800759030506,XLK,情報技術,growth,Improving,5.0,0.0,0.0
2025-12-31,143.4525604248047,0.7578215048065402,0.7587704937639386,99.32796735822123,100.57617300133056,XLK,情報技術,growth,Improving,4.0,-1.0,-3.0
2026-01-02,143.7813720703125,0.7544385491884157,0.7573265122387643,99.22567568906216,100.2354860475936,XLK,情報技術,growth,Improving,4.0,-1.0,-3.0
2026-01-05,144.10020446777344,0.7491584239747171,0.7546038161507487,99.04094644415949,99.7980161922206,XLK,情報技術,growth,Lagging,4.0,-1.0,-3.0
2026-01-06,146.1229248046875,0.7506120863420328,0.7532732395478434,98.95703677003924,99.66602787546435,XLK,情報技術,growth,Lagging,4.0,-1.0,-2.0
2026-01-07,146.00335693359375,0.7585070963814162,0.7550178584923678,99.07700140862445,99.9186686640706,XLK,情報技術,growth,Lagging,5.0,0.0,0.0
2026-01-08,143.72158813476562,0.740306084272994,0.7501139337525766,98.77330390069235,99.5032147400552,XLK,情報技術,growth,Lagging,5.0,1.0,2.0
2026-01-09,145.62472534179688,0.745781543284837,0.7486698035966635,98.71269912176074,99.58771048282122,XLK,情報技術,growth,Lagging,5.0,1.0,2.0
2026-01-12,146.26242065429688,0.7483655798430389,0.7485683956787886,98.73746605251847,99.9433964589818,XLK,情報技術,growth,Lagging,5.0,1.0,2.0
2026-01-13,145.9535369873047,0.7467851471965765,0.7479739795180513,98.73444789180296,100.08402540004519,XLK,情報技術,growth,Improving,4.0,0.0,1.0
2026-01-14,144.179931640625,0.7343686488686155,0.7434388693015728,98.4924015748664,99.49234622045381,XLK,情報技術,growth,Lagging,4.0,-1.0,-1.0
2026-01-15,144.9372100830078,0.7349703759569656,0.7406160381867037,98.37191356434872,99.79393519783396,XLK,情報技術,growth,Lagging,3.0,-2.0,-3.0
2026-01-16,145.09661865234375,0.7376639584744551,0.7396320116159543,98.37160007450177,99.88747922122035,XLK,情報技術,growth,Lagging,3.0,-2.0,-3.0
2026-01-20,141.33021545410156,0.7293989970250636,0.736221006752324,98.24078771699759,99.63134402148407,XLK,情報技術,growth,Lagging,3.0,-2.0,-3.0
2026-01-21,143.29312133789062,0.7272163940951397,0.7332194691999293,98.14982906203146,99.48906200787576,XLK,情報技術,growth,Lagging,3.0,-1.0,-1.0
2026-01-22,144.35928344726562,0.7316731563491182,0.7327040315829924,98.19946822850049,99.97436333576688,XLK,情報技術,growth,Lagging,3.0,-1.0,0.0
2026-01-23,144.5685272216797,0.7360144946281766,0.7338075192647204,98.32582013641583,100.37751331682608,XLK,情報技術,growth,Improving,3.0,0.0,2.0
2026-01-26,145.5549774169922,0.7392884794083888,0.7356345059792766,98.47836702678435,100.61760908389628,XLK,情報技術,growth,Improving,3.0,0.0,2.0
2026-01-27,147.5178985595703,0.7504260073726656,0.7405650064437397,98.77679860353763,101.291323089961,XLK,情報技術,growth,Improving,4.0,1.0,3.0
2026-01-28,148.6936492919922,0.7589633230064297,0.746697778631303,99.12319765914788,101.92588149876198,XLK,情報技術,growth,Improving,6.0,3.0,4.0
2026-01-29,146.34213256835938,0.745982344569543,0.7464593006107164,99.13897217877746,101.82991265983608,XLK,情報技術,growth,Improving,7.0,4.0,5.0
2026-01-30,143.36289978027344,0.7324189702700651,0.741779190497166,98.92493804494669,101.32797125437337,XLK,情報技術,growth,Improving,4.0,1.0,1.0
2026-02-02,144.73789978027344,0.7356554050747468,0.739737928689693,98.84248383481338,100.99753891298839,XLK,情報技術,growth,Improving,3.0,0.0,0.0
2026-02-03,141.56935119628906,0.7214712746717862,0.7336490440170574,98.53772201555995,100.04844619176117,XLK,情報技術,growth,Improving,2.0,-2.0,-3.0
2026-02-04,137.6235809326172,0.6953049469087246,0.7208676783142798,97.86892758162567,98.41220202757339,XLK,情報技術,growth,Lagging,1.0,-5.0,-8.0
2026-02-05,135.1425323486328,0.6887534285245466,0.7101629283843687,97.36539169879039,97.69840312126976,XLK,情報技術,growth,Lagging,1.0,-6.0,-10.0
2026-02-06,140.6227569580078,0.7035728420215582,0.7079662329300986,97.35053755201595,98.10133088010701,XLK,情報技術,growth,Lagging,2.0,-2.0,-3.0
2026-02-09,142.8347930908203,0.7142164679599768,0.7100496446067248,97.5634854461666,98.58868545674889,XLK,情報技術,growth,Lagging,2.0,-1.0,-1.0
2026-02-10,142.0376739501953,0.7077127896353157,0.7092706929495884,97.63128595441287,99.1524013858286,XLK,情報技術,growth,Lagging,2.0,0.0,2.0
2026-02-11,142.45616149902344,0.708542030907922,0.7090278056023663,97.71287108153388,100.27958257340877,XLK,情報技術,growth,Improving,2.0,1.0,6.0
2026-02-12,138.70968627929688,0.699082066611712,0.7057125592721483,97.64728862151863,100.92360729745903,XLK,情報技術,growth,Improving,4.0,3.0,9.0
2026-02-13,139.05841064453125,0.6936539709957709,0.7016930298466891,97.564294898947,100.79331455482898,XLK,情報技術,growth,Improving,4.0,2.0,4.0
2026-02-17,138.97869873046875,0.6944544792316503,0.6992801796416762,97.57918872683432,100.47097771675344,XLK,情報技術,growth,Improving,4.0,2.0,3.0
2026-02-18,140.403564453125,0.6979556090096353,0.6988386560976626,97.68164429991475,100.50951152874879,XLK,情報技術,growth,Improving,4.0,2.0,2.0
2026-02-19,139.70606994628906,0.6959584172200542,0.6978785764717932,97.75162571514014,100.47646811049295,XLK,情報技術,growth,Improving,4.0,2.0,1.0
2026-02-20,140.37367248535156,0.6960291245601079,0.6972620925012315,97.83628928320348,100.68690709362275,XLK,情報技術,growth,Improving,4.0,0.0,-3.0
2026-02-23,138.02215576171875,0.6919639595697614,0.6954960481907415,97.86565441930436,100.83509214797637,XLK,情報技術,growth,Improving,3.0,-1.0,-3.0
2026-02-24,139.81568908691406,0.695408968316978,0.6954670215661537,97.96841923634037,100.94112435715567,XLK,情報技術,growth,Improving,3.0,-1.0,-3.0
2026-02-25,142.49600219726562,0.7083224964432625,0.6997521798585233,98.23564780073747,101.1538754304666,XLK,情報技術,growth,Improving,4.0,0.0,-2.0
2026-02-26,140.50318908691406,0.6944934419591074,0.6979992672253847,98.23986741441598,101.02118784033287,XLK,情報技術,growth,Improving,3.0,-1.0,-3.0
2026-02-27,138.2612762451172,0.6826116651368765,0.6928700665292153,98.11715139463406,100.68455369371947,XLK,情報技術,growth,Improving,3.0,-1.0,-1.0
2026-03-02,139.03846740722656,0.6877237718858509,0.6911546349814273,98.13724263897255,100.64816380492655,XLK,情報技術,growth,Improving,3.0,0.0,1.0
2026-03-03,137.0058135986328,0.6860868934654268,0.6894653878094271,98.15786273009141,100.50647728771717,XLK,情報技術,growth,Improving,3.0,0.0,1.0
2026-03-04,139.33740234375,0.6949770876997963,0.6913026211062169,98.30253243281649,100.31369932006095,XLK,情報技術,growth,Improving,3.0,-1.0,-1.0
2026-03-05,139.67617797851562,0.7048306886642277,0.6958119769588872,98.52898853617454,100.64119795923534,XLK,情報技術,growth,Improving,3.0,0.0,1.0
2026-03-06,136.79656982421875,0.6986257837340536,0.6967499125506094,98.6134430554262,100.94013247135379,XLK,情報技術,growth,Improving,4.0,1.0,2.0
2026-03-09,139.2576904296875,0.709190413021563,0.7008967460409273,98.80727666314505,101.1800496472411,XLK,情報技術,growth,Improving,4.0,1.0,1.0
2026-03-10,139.2576904296875,0.7145484378595441,0.7054473099804663,99.00831288550145,101.4179184015326,XLK,情報技術,growth,Improving,4.0,1.0,1.0
2026-03-11,139.92527770996094,0.7203479894238539,0.7104142031282623,99.22058103860323,101.48922676792314,XLK,情報技術,growth,Improving,4.0,1.0,2.0
2026-03-12,137.34458923339844,0.718169089163484,0.7129991651400029,99.34314032720478,101.32274262588246,XLK,情報技術,growth,Improving,4.0,1.0,1.0
2026-03-13,136.30833435058594,0.7127873518048959,0.7129285606949674,99.36427756383726,101.21965774173476,XLK,情報技術,growth,Improving,4.0,0.0,-1.0
2026-03-16,138.28121948242188,0.7177631042247319,0.7145400752048889,99.4527153650025,101.05396181991271,XLK,情報技術,growth,Improving,4.0,0.0,-1.0
2026-03-17,139.03846740722656,0.7176811998286139,0.7155871167461306,99.51949136909137,100.84134613205882,XLK,情報技術,growth,Improving,4.0,0.0,-1.0
2026-03-18,137.4641571044922,0.719017239060625,0.7167304908509622,99.58944373231587,100.6159133290294,XLK,情報技術,growth,Improving,4.0,0.0,-1.0
2026-03-19,137.93246459960938,0.7220265436475578,0.7184958417831607,99.68495078112527,100.5530342541639,XLK,情報技術,growth,Improving,4.0,0.0,-1.0
2026-03-20,134.8037567138672,0.7161699345917778,0.7177205393860331,99.67051147265569,100.4778689413647,XLK,情報技術,growth,Improving,4.0,0.0,0.0
2026-03-23,136.62745666503906,0.7182020726755912,0.7178810504825526,99.69540357278869,100.35198418364341,XLK,情報技術,growth,Improving,4.0,0.0,0.0
2026-03-24,135.82933044433594,0.7131509235612302,0.7163043415087785,99.64762875174767,100.13618709264138,XLK,情報技術,growth,Improving,4.0,0.0,0.0
2026-03-25,136.43789672851562,0.7128915979255523,0.7151667603143699,99.61961527505643,99.95665893867474,XLK,情報技術,growth,Lagging,5.0,1.0,1.0
2026-03-26,132.18792724609375,0.6970832809633144,0.7091389338640182,99.37811623003893,99.39155361489458,XLK,情報技術,growth,Lagging,5.0,1.0,1.0
2026-03-27,129.614013671875,0.6930122331444265,0.7037633669574876,99.16425595314514,99.08237809108847,XLK,情報技術,growth,Lagging,5.0,1.0,1.0
2026-03-30,127.19971466064453,0.6815138751133518,0.696346869676109,98.85874141209588,98.57459635561294,XLK,情報技術,growth,Lagging,3.0,-1.0,-1.0
2026-03-31,132.5869903564453,0.6961275176398825,0.6962737523307002,98.88413511637911,98.74080923675177,XLK,情報技術,growth,Lagging,3.0,-1.0,-1.0
2026-04-01,134.59225463867188,0.7043803941194401,0.6989759662602802,99.03544333194408,99.06796476150069,XLK,情報技術,growth,Lagging,3.0,-2.0,-3.0
2026-04-02,135.6697235107422,0.7079967935204077,0.7019829086803228,99.20204905841905,99.75212056582409,XLK,情報技術,growth,Lagging,4.0,-1.0,-2.0
2026-04-06,136.45785522460938,0.7090617225845491,0.7043425133150649,99.34063684892493,100.32904346829751,XLK,情報技術,growth,Improving,4.0,-1.0,-2.0
2026-04-07,137.10630798339844,0.7140144927778078,0.7075665064693126,99.52688246695725,101.10809177997658,XLK,情報技術,growth,Improving,5.0,2.0,3.0
2026-04-08,141.35629272460938,0.7195248798840549,0.7115526309408935,99.75933952420476,101.39717072348792,XLK,情報技術,growth,Improving,5.0,2.0,3.0
2026-04-09,141.7353973388672,0.721017491062741,0.7147075843148427,99.95918360208944,101.4233566984416,XLK,情報技術,growth,Improving,6.0,3.0,5.0
2026-04-10,142.28408813476562,0.72907220705656,0.7194957918954152,100.25690593596642,101.57122499360646,XLK,情報技術,growth,Leading,6.0,2.0,3.0
2026-04-13,145.26705932617188,0.7361958569379004,0.7250624802429103,100.61042616025318,101.8264928623815,XLK,情報技術,growth,Leading,6.0,2.0,3.0
2026-04-14,147.59156799316406,0.7448668046397459,0.7316639217085221,101.03573133045441,102.08010588918879,XLK,情報技術,growth,Leading,8.0,3.0,1.0
2026-04-15,149.94601440429688,0.7564840143068093,0.7399372859079512,101.55898343806622,102.35672280067807,XLK,情報技術,growth,Leading,11.0,6.0,4.0
2026-04-16,151.66197204589844,0.761670760352765,0.7471817773895558,101.98050421617778,102.49930841376002,XLK,情報技術,growth,Leading,11.0,5.0,2.0
2026-04-17,153.98648071289062,0.7637522637295971,0.7527052728362362,102.25045072555369,102.31377507312142,XLK,情報技術,growth,Leading,11.0,5.0,3.0
2026-04-20,154.1959686279297,0.7623895822265088,0.7559333759663271,102.35500777485079,101.89465902414672,XLK,情報技術,growth,Leading,11.0,5.0,3.0
2026-04-21,154.32566833496094,0.7677397380273316,0.759868829986662,102.45891943438764,101.43171696142109,XLK,情報技術,growth,Leading,11.0,3.0,0.0
2026-04-22,157.71766662597656,0.7849630771703013,0.7682335790478751,102.72805304254024,101.07553502934636,XLK,情報技術,growth,Leading,11.0,0.0,-6.0
2026-04-23,155.47296142578125,0.7738294047360376,0.7700988542772627,102.64588979844248,100.41987773883592,XLK,情報技術,growth,Leading,11.0,0.0,-5.0
2026-04-24,159.8426513671875,0.797232401457347,0.7791433700039575,102.86015174482522,100.33621743406283,XLK,情報技術,growth,Leading,11.0,0.0,-5.0
2026-04-27,160.19183349609375,0.7999242313297356,0.7860703237792169,102.93022485338082,100.28291853620873,XLK,情報技術,growth,Leading,11.0,0.0,-5.0
2026-04-28,157.47824096679688,0.7904083634681245,0.7875163370088529,102.78735301460125,99.97312807243021,XLK,情報技術,growth,Weakening,11.0,0.0,-3.0
2026-04-29,158.73526000976562,0.7981088511520088,0.7910471750565716,102.74569904136214,99.59530850872804,XLK,情報技術,growth,Weakening,11.0,0.0,0.0
2026-04-30,159.1243438720703,0.7881491190095856,0.790081156374243,102.55734399512404,99.47907371961615,XLK,情報技術,growth,Weakening,11.0,0.0,0.0
2026-05-01,161.48875427246094,0.8023052277178605,0.7941558468221156,102.54304082208724,99.20813067594817,XLK,情報技術,growth,Weakening,11.0,0.0,0.0
2026-05-04,161.66835021972656,0.8078978362871597,0.7987365099771304,102.5339144106473,99.12792222975594,XLK,情報技術,growth,Weakening,11.0,0.0,0.0
2026-05-05,165.23989868164062,0.8192451104757709,0.805572710143344,102.57258648960037,99.35742193754179,XLK,情報技術,growth,Weakening,11.0,0.0,0.0
2026-05-06,169.62954711914062,0.8343987950020325,0.8151814050962403,102.65641688162765,99.47753473238586,XLK,情報技術,growth,Weakening,11.0,0.0,0.0
2026-05-07,169.2903594970703,0.8380898891257915,0.822817566439424,102.66184281469953,99.67156397407888,XLK,情報技術,growth,Weakening,11.0,0.0,0.0
2026-05-08,175.10662841796875,0.8645053432931572,0.8367134920573351,102.79574910135355,99.82737434879513,XLK,情報技術,growth,Weakening,11.0,0.0,0.0
2026-05-11,177.4610595703125,0.8766016514055217,0.8500095451733974,102.87042765393294,99.9090523039334,XLK,情報技術,growth,Weakening,11.0,0.0,0.0
2026-05-12,174.78736877441406,0.8641570586055517,0.8547253829841155,102.74690184399671,99.61633982118133,XLK,情報技術,growth,Weakening,11.0,0.0,0.0
2026-05-13,176.43348693847656,0.8761214400956655,0.8618574020212988,102.68518052714832,99.37426845914985,XLK,情報技術,growth,Weakening,11.0,0.0,0.0
2026-05-14,179.07723999023438,0.8860184904173254,0.8699110981533077,102.64368698694703,99.30841007214852,XLK,情報技術,growth,Weakening,11.0,0.0,0.0
2026-05-15,175.84486389160156,0.8790902480006597,0.8729708147690918,102.51955732807099,98.91401590815646,XLK,情報技術,growth,Weakening,11.0,0.0,0.0
2026-05-18,173.9493408203125,0.8642969095850771,0.870079513041087,102.3161796631959,98.5067359104577,XLK,情報技術,growth,Weakening,11.0,0.0,0.0
2026-05-19,172.8319854736328,0.863771048510951,0.8679766915310417,102.15397357893488,98.48736003995704,XLK,情報技術,growth,Weakening,11.0,0.0,0.0
2026-05-20,176.72279357910156,0.8736401450813644,0.8698645093811495,102.07448355018856,98.50063799716885,XLK,情報技術,growth,Weakening,11.0,0.0,0.0
2026-05-21,178.1793670654297,0.8770542175226332,0.872261078761644,102.01096614032735,98.51363501800459,XLK,情報技術,growth,Weakening,11.0,0.0,0.0
2026-05-22,179.9651336669922,0.8778255146328876,0.8741158907187252,101.94558230786299,98.64328046198276,XLK,情報技術,growth,Weakening,11.0,0.0,0.0
2026-05-26,184.70396423339844,0.8963411374199405,0.881524306285797,101.9674357359798,99.00101657922829,XLK,情報技術,growth,Weakening,11.0,0.0,0.0
2026-05-27,183.99562072753906,0.8935491011071681,0.8855325712262541,101.93540388800672,99.21275383142549,XLK,情報技術,growth,Weakening,11.0,0.0,0.0
2026-05-28,186.40992736816406,0.9019701117251616,0.8910117513925566,101.92625203619295,99.33206820273244,XLK,情報技術,growth,Weakening,11.0,0.0,0.0
2026-05-29,190.5701141357422,0.9195387581974123,0.9005207536608418,101.97253791725919,99.49989380266453,XLK,情報技術,growth,Weakening,11.0,0.0,0.0
2026-06-01,195.2989501953125,0.9406445890883831,0.9138953654700224,102.06290094229801,99.7293003879423,XLK,情報技術,growth,Weakening,11.0,0.0,0.0
2026-06-02,197.74319458007812,0.9486536111877502,0.9254814473759316,102.11704019476713,99.77701662867882,XLK,情報技術,growth,Weakening,11.0,0.0,0.0
2026-06-03,195.76783752441406,0.9427227478291207,0.9312285475269948,102.08872960621576,99.78029360586308,XLK,情報技術,growth,Weakening,11.0,0.0,0.0
2026-06-04,192.7150421142578,0.9210672057133739,0.9278414335891212,101.94939578032236,99.5983236926294,XLK,情報技術,growth,Weakening,11.0,0.0,0.0
2026-06-05,179.87535095214844,0.8721105257737817,0.9092644643173413,101.63777878110251,99.10488302631916,XLK,情報技術,growth,Weakening,11.0,0.0,0.0
2026-06-08,183.7462158203125,0.8918221660095257,0.9034503648814028,101.50567686564482,98.82353439375464,XLK,情報技術,growth,Weakening,11.0,0.0,0.0
2026-06-09,180.34425354003906,0.8686993970942808,0.8918667089523622,101.31012669942714,98.52368194930136,XLK,情報技術,growth,Weakening,11.0,0.0,0.0
2026-06-10,176.21400451660156,0.8597365884577494,0.8811566687874912,101.13434191127855,98.3814801972351,XLK,情報技術,growth,Weakening,11.0,0.0,0.0
2026-06-11,182.77850341796875,0.8780743044976398,0.8801292140242074,101.0858688026853,98.5611596900617,XLK,情報技術,growth,Weakening,11.0,0.0,0.0
2026-06-12,184.36476135253906,0.8777438191400943,0.8793340823961697,101.04206338789272,98.96195142848264,XLK,情報技術,growth,Weakening,11.0,0.0,0.0
2026-06-15,191.33828735351562,0.9056807668837032,0.888116310558681,101.11935033699336,99.27100952467981,XLK,情報技術,growth,Weakening,11.0,0.0,0.0
2026-06-16,186.0009002685547,0.8833630124632055,0.8865318778601892,101.06469167858806,99.47985106615938,XLK,情報技術,growth,Weakening,11.0,0.0,0.0
2026-06-17,185.36241149902344,0.8937258192718361,0.8889298583307382,101.06170710212345,99.7252141339624,XLK,情報技術,growth,Weakening,11.0,0.0,0.0
2026-06-18,190.98912048339844,0.9166007104524148,0.8981534757046306,101.14423658685949,99.91014401976449,XLK,情報技術,growth,Weakening,11.0,0.0,0.0
2026-06-22,191.926025390625,0.919075781862587,0.9051275777572827,101.19593487793213,100.04393253969137,XLK,情報技術,growth,Leading,11.0,0.0,0.0
2026-06-23,183.97531127929688,0.8840388287668159,0.8980979947604606,101.07111998953583,99.77406997855358,XLK,情報技術,growth,Weakening,11.0,0.0,0.0
2026-06-24,182.83663940429688,0.8723448912555782,0.8895136269255,100.93012091200575,99.6621033354379,XLK,情報技術,growth,Weakening,11.0,0.0,0.0
2026-06-25,184.35487365722656,0.8738978070532971,0.8843083536347658,100.83477662850602,99.54232636636722,XLK,情報技術,growth,Weakening,10.0,-1.0,-1.0
2026-06-26,180.89889526367188,0.8633868367952514,0.8773345146882611,100.71745415187881,99.27376509499227,XLK,情報技術,growth,Weakening,10.0,-1.0,-1.0
2026-06-29,185.19387817382812,0.8725182612964038,0.8757290968909754,100.6713300207701,99.14135096286243,XLK,情報技術,growth,Weakening,9.0,-2.0,-2.0
2026-06-30,190.2979278564453,0.8977452001443146,0.8830677979754219,100.7470813093183,99.39668063166935,XLK,情報技術,growth,Weakening,9.0,-2.0,-2.0
2026-07-01,185.40362548828125,0.8720329228597622,0.879389506270202,100.67216113329143,99.47134030529047,XLK,情報技術,growth,Weakening,9.0,-2.0,-2.0
2026-07-02,180.37950134277344,0.8424807352662185,0.8670865826022076,100.47173298395414,99.3177632867606,XLK,情報技術,growth,Weakening,9.0,-1.0,0.0
2026-07-06,183.3560333251953,0.8560245138138467,0.8633992263394208,100.39186134965193,99.37438339170157,XLK,情報技術,growth,Weakening,8.0,-2.0,-1.0
2026-07-07,178.97113037109375,0.8366035430491564,0.8544673319093328,100.22793904337644,99.22790702358199,XLK,情報技術,growth,Weakening,8.0,-1.0,1.0
2026-07-08,181.1885528564453,0.8570670806789917,0.8553339148325525,100.21230035989204,99.1290128161406,XLK,情報技術,growth,Weakening,8.0,-1.0,1.0
2026-07-09,185.1339569091797,0.8703974981093348,0.8603551092581466,100.26545769322566,99.33030743285774,XLK,情報技術,growth,Weakening,9.0,0.0,2.0
2026-07-10,185.56344604492188,0.8691599418801196,0.863290053465471,100.28657582791159,99.65940870883061,XLK,情報技術,growth,Weakening,9.0,0.0,1.0
2026-07-13,181.06869506835938,0.84838415468315,0.8583214205380307,100.16736454969659,99.62700269768575,XLK,情報技術,growth,Weakening,9.0,1.0,3.0
2026-07-14,183.4059600830078,0.8624754265362052,0.859706089204089,100.16050127696164,99.87841497229039,XLK,情報技術,growth,Weakening,9.0,1.0,2.0
2026-07-15,181.36834716796875,0.8548157078631226,0.8580759620904335,100.09485770589585,99.83646016916563,XLK,情報技術,growth,Weakening,9.0,1.0,2.0
2026-07-16,177.31307983398438,0.8275811135805562,0.8479110125871411,99.84968665679652,99.39767740835468,XLK,情報技術,growth,Lagging,9.0,0.0,0.0
2026-07-17,175.3853302001953,0.8250672418805474,0.84029642235161,99.64377416984591,99.00796888340703,XLK,情報技術,growth,Lagging,9.0,0.0,0.0
2026-07-20,175.50518798828125,0.8293235342299501,0.8366387929777234,99.51420336925514,98.9459127255061,XLK,情報技術,growth,Lagging,7.0,-2.0,-3.0
2026-07-21,180.56927490234375,0.8518896321720292,0.8417224060424919,99.5807950493836,99.05679335849675,XLK,情報技術,growth,Lagging,7.0,-2.0,-3.0
2026-07-22,180.05987548828125,0.8497259907519854,0.8443902676123232,99.59377537000697,99.22020626896939,XLK,情報技術,growth,Lagging,7.0,-2.0,-3.0
2026-07-23,178.2419891357422,0.8442431248987271,0.8443412200411246,99.54239657499498,99.75122879862789,XLK,情報技術,growth,Lagging,5.0,-4.0,-4.0
2026-07-24,175.67498779296875,0.8256559688149289,0.8381128029657261,99.32019253679975,99.73525126234422,XLK,情報技術,growth,Lagging,5.0,-4.0,-4.0
2026-07-27,174.09683227539062,0.8121166825928121,0.8294474295080881,99.02446768344454,99.24566831211345,XLK,情報技術,growth,Lagging,4.0,-3.0,-1.0
2026-07-28,170.89056396484375,0.7879688498748162,0.8156212362969976,98.58188318653993,97.6647414455208,XLK,情報技術,growth,Lagging,2.0,-5.0,-3.0
2026-07-29,166.3758544921875,0.7741216537860659,0.8017880421266871,98.14535713312162,96.56483768153034,XLK,情報技術,growth,Lagging,2.0,-5.0,-3.0
2026-07-30,175.52516174316406,0.8180191069957057,0.8071983970830268,98.27206883830972,97.3142362785704,XLK,情報技術,growth,Lagging,2.0,-3.0,1.0
2026-07-31,175.14561462402344,0.8176549348538402,0.810683909673298,98.33451972948312,98.20770566288721,XLK,情報技術,growth,Lagging,1.0,-4.0,0.0
2026-08-03,177.83245849609375,0.8221681231855241,0.8145119808440401,98.41195914961008,99.26250127906823,XLK,情報技術,growth,Lagging,1.0,-3.0,0.0
2026-08-04,186.68214416503906,0.8508553792862243,0.826626446991435,98.74765797841567,101.37257346384264,XLK,情報技術,growth,Improving,3.0,1.0,6.0
2026-08-05,185.69329833984375,0.8482743074206321,0.8338424004678341,98.94131889702032,102.84164453690353,XLK,情報技術,growth,Improving,6.0,4.0,9.0
2026-08-06,185.11398315429688,0.8500769451008162,0.8392539153454949,99.09112535263209,102.69550934790738,XLK,情報技術,growth,Improving,7.0,5.0,8.0
2026-08-07,187.7509002685547,0.8562708797240213,0.8449262368050037,99.25865605140108,102.75104575732841,XLK,情報技術,growth,Improving,7.0,6.0,10.0
2026-08-10,186.1028289794922,0.8482535127612533,0.8460353287904203,99.287962776457,102.51235504279067,XLK,情報技術,growth,Improving,5.0,4.0,7.0
2026-08-11,185.87307739257812,0.8454020018215034,0.8458242198007814,99.28411828790601,101.75116928741923,XLK,情報技術,growth,Improving,5.0,2.0,1.0
2026-08-12,188.63986206054688,0.8564725753129321,0.849373671638165,99.40799321693476,101.57145658195624,XLK,情報技術,growth,Improving,7.0,1.0,-3.0
2026-08-13,190.54763793945312,0.8587254074684457,0.8524909169149253,99.51916356971742,101.45544096149264,XLK,情報技術,growth,Improving,8.0,1.0,-4.0
2026-08-14,189.78851318359375,0.855150723823205,0.8533775192176853,99.55859571870451,101.1671889541969,XLK,情報技術,growth,Improving,8.0,1.0,-5.0
2026-08-17,190.09815979003906,0.8642273024774366,0.8569941136376025,99.68909914354239,101.3342169999764,XLK,情報技術,growth,Improving,8.0,3.0,-1.0
2026-08-18,185.40362548828125,0.8467198575073613,0.8535693615941888,99.58313478741161,101.09126123399491,XLK,情報技術,growth,Improving,8.0,3.0,1.0
2026-08-19,183.4259490966797,0.8290874081786442,0.845408710455674,99.3232592852596,100.2998242432253,XLK,情報技術,growth,Improving,8.0,1.0,0.0
2026-08-20,182.88658142089844,0.8333668237867231,0.8413947482326904,99.20788096262147,99.82960909857661,XLK,情報技術,growth,Lagging,8.0,0.0,-1.0
2026-08-21,183.09632873535156,0.8290909510500305,0.8372934825051372,99.09536367623409,99.51252816280518,XLK,情報技術,growth,Lagging,7.0,-1.0,-2.0
2026-08-24,179.8401336669922,0.8133922873508698,0.8293264174537148,98.86617376619529,98.79406083446548,XLK,情報技術,growth,Lagging,4.0,-4.0,-7.0
2026-08-25,181.52816772460938,0.8216193511222183,0.8267573953432161,98.82080806367564,98.9398107915574,XLK,情報技術,growth,Lagging,4.0,-4.0,-7.0
2026-08-26,182.6268768310547,0.8253269670863856,0.8262805859242727,98.84362363956414,99.51799757039628,XLK,情報技術,growth,Lagging,4.0,-4.0,-5.0
2026-08-27,188.39015197753906,0.8539097534843803,0.8354903084443086,99.16833670368291,100.39815278327451,XLK,情報技術,growth,Improving,6.0,-2.0,-2.0
2026-08-28,185.4735565185547,0.84358487073718,0.8381884958752659,99.28106070643825,100.83922547243193,XLK,情報技術,growth,Improving,6.0,-1.0,0.0
2026-08-31,186.28260803222656,0.8522851594365551,0.8428873837290289,99.45874689612107,101.60841092133164,XLK,情報技術,growth,Improving,7.0,3.0,7.0
2026-09-01,183.4259490966797,0.8461576526250942,0.8439774733610508,99.51949454616614,101.761149078152,XLK,情報技術,growth,Improving,7.0,3.0,7.0
2026-09-02,183.38600158691406,0.8420646809393155,0.8433398758871391,99.52031296197389,101.67052242963847,XLK,情報技術,growth,Improving,6.0,2.0,6.0
2026-09-03,185.75323486328125,0.8473141339876389,0.8446646285873057,99.5944345567122,101.1746342538609,XLK,情報技術,growth,Improving,6.0,0.0,2.0
2026-09-04,187.06170654296875,0.857373808242968,0.8489010218058599,99.78908372970726,101.28541117648523,XLK,情報技術,growth,Improving,6.0,0.0,1.0
2026-09-08,187.6510009765625,0.8690830933287803,0.8556283789801667,100.09515595416678,101.46600639648973,XLK,情報技術,growth,Leading,8.0,1.0,-2.0
2026-09-09,187.6510009765625,0.8775455404532435,0.8629340994711924,100.42870444322631,101.87642516358686,XLK,情報技術,growth,Leading,8.0,1.0,-2.0
2026-09-10,185.0041046142578,0.8711334939695324,0.865667230970639,100.56122493460587,102.01961858975315,XLK,情報技術,growth,Leading,7.0,1.0,-1.0
2026-09-11,187.4512481689453,0.8756731153394205,0.8690025257602328,100.7179203049408,102.06356937059482,XLK,情報技術,growth,Leading,7.0,1.0,1.0
2026-09-14,184.06520080566406,0.8592953931315334,0.8657668148839998,100.59169017863138,101.45901105702632,XLK,情報技術,growth,Leading,7.0,1.0,1.0
2026-09-15,183.5258331298828,0.8609819255736683,0.864171851780556,100.54834939788186,100.84159852546057,XLK,情報技術,growth,Leading,7.0,-1.0,-2.0
2026-09-16,183.71559143066406,0.868693119559523,0.8656789410402117,100.64087751592314,100.42206961925987,XLK,情報技術,growth,Leading,7.0,-1.0,-2.0
2026-09-17,187.84078979492188,0.8839101977348962,0.8717560266051065,100.94451858156744,100.69593642190662,XLK,情報技術,growth,Leading,8.0,1.0,0.0
2026-09-18,189.37899780273438,0.8954301622967539,0.8796474051689891,101.35485178707373,101.09617867366076,XLK,情報技術,growth,Leading,8.0,1.0,0.0
2026-09-21,194.85000610351562,0.916165190961585,0.8918200004331878,101.98597587101884,102.2292414846025,XLK,情報技術,growth,Leading,10.0,3.0,2.0
2026-09-22,196.27000427246094,0.9223214354218012,0.9019871454293923,102.45715642164234,102.8016711536366,XLK,情報技術,growth,Leading,11.0,4.0,5.0
2026-09-23,195.33999633789062,0.9244238256343038,0.9094660388310296,102.70544342759301,102.78693766836406,XLK,情報技術,growth,Leading,11.0,4.0,5.0
2026-09-24,194.7100067138672,0.92604400171587,0.9149920264593098,102.79886202377429,102.33886743053888,XLK,情報技術,growth,Leading,11.0,3.0,2.0
2026-09-25,196.27000427246094,0.9297049107338075,0.9198963212174758,102.81494987714282,101.73675182361981,XLK,情報技術,growth,Leading,11.0,3.0,2.0
2026-09-28,196.27000427246094,0.9297049107338075,0.923165851056253,102.75385059538812,100.80852017717868,XLK,情報技術,growth,Leading,11.0,1.0,-2.0
2024-09-30,98.5252456665039,0.5681412672049488,0.5681412672049488,,,XLY,一般消費財・サービス,growth,,,,
2024-10-01,98.126953125,0.568860859059467,0.5683811311564549,,,XLY,一般消費財・サービス,growth,,,,
2024-10-02,97.29595184326172,0.5646454014791288,0.5671358879306796,,,XLY,一般消費財・サービス,growth,,,,
2024-10-03,96.169921875,0.5607567137903032,0.5650094965505541,,,XLY,一般消費財・サービス,growth,,,,
2024-10-04,97.44346618652344,0.563759741898076,0.5645929116663948,,,XLY,一般消費財・サービス,growth,,,,
2024-10-07,95.92899322509766,0.5593518841372983,0.5628459024900293,,,XLY,一般消費財・サービス,growth,,,,
2024-10-08,96.86325073242188,0.5634636554345493,0.5630518201382027,,,XLY,一般消費財・サービス,growth,,,,
2024-10-09,97.55655670166016,0.5636248864766168,0.5632428422510074,,,XLY,一般消費財・サービス,growth,,,,
2024-10-10,97.07469177246094,0.562950326228518,0.5631453369101777,,,XLY,一般消費財・サービス,growth,,,,
2024-10-11,96.66165161132812,0.5551021531221647,0.5604642756475067,,,XLY,一般消費財・サービス,growth,,,,
2024-10-14,97.08452606201172,0.5534695474951071,0.5581326995967069,,,XLY,一般消費財・サービス,growth,,,,
2024-10-15,97.29595184326172,0.5571961228637161,0.5578205073523766,,,XLY,一般消費財・サービス,growth,,,,
2024-10-16,97.8073501586914,0.5563623124678958,0.557334442390883,,,XLY,一般消費財・サービス,growth,,,,
2024-10-17,97.71883392333984,0.5567477250339247,0.5571388699385635,,,XLY,一般消費財・サービス,growth,,,,
2024-10-18,98.10237121582031,0.5572734945307474,0.5571837448026249,,,XLY,一般消費財・サービス,growth,,,,
2024-10-21,97.34021759033203,0.5576969495207861,0.557354813042012,,,XLY,一般消費財・サービス,growth,,,,
2024-10-22,96.94684600830078,0.5579495252846913,0.5575530504562385,,,XLY,一般消費財・サービス,growth,,,,
2024-10-23,95.4225082397461,0.5509875972471455,0.5553645660532076,,,XLY,一般消費財・サービス,growth,,,,
2024-10-24,98.43182373046875,0.5682368367875643,0.5596553229646599,,,XLY,一般消費財・サービス,growth,,,,
2024-10-25,98.7416000366211,0.5727455487869694,0.5640187315720964,,,XLY,一般消費財・サービス,growth,,,,
2024-10-28,98.97270202636719,0.5708489332503821,0.5662954654648583,,,XLY,一般消費財・サービス,growth,,,,
2024-10-29,98.45640563964844,0.569588179218808,0.5673930367161749,,,XLY,一般消費財・サービス,growth,,,,
2024-10-30,98.31871795654297,0.5700365957058302,0.56827422304606,,,XLY,一般消費財・サービス,growth,,,,
2024-10-31,96.81407165527344,0.5673626109095747,0.5679703523338984,,,XLY,一般消費財・サービス,growth,,,,
2024-11-01,98.38756561279297,0.5762242019924463,0.5707216355534144,,,XLY,一般消費財・サービス,growth,,,,
2024-11-04,98.04827117919922,0.5735542810483069,0.5716658507183785,,,XLY,一般消費財・サービス,growth,,,,
2024-11-05,99.7840347290039,0.5769780818001828,0.5734365944123133,,,XLY,一般消費財・サービス,growth,,,,
2024-11-06,102.97528839111328,0.5816599427078719,0.5761777105108329,,,XLY,一般消費財・サービス,growth,,,,
2024-11-07,104.29801177978516,0.5885521939156394,0.5803025383124351,,,XLY,一般消費財・サービス,growth,,,,
2024-11-08,105.77806091308594,0.593596955888017,0.5847340108376291,,,XLY,一般消費財・サービス,growth,,,,
2024-11-11,107.91212463378906,0.6025614700323155,0.590676497235858,,,XLY,一般消費財・サービス,growth,,,,
2024-11-12,106.47138977050781,0.5990822789428993,0.5934784244715385,,,XLY,一般消費財・サービス,growth,,,,
2024-11-13,107.38107299804688,0.6038718776584964,0.5969429088671911,,,XLY,一般消費財・サービス,growth,,,,
2024-11-14,105.85675048828125,0.6001015187678237,0.5979957788340686,,,XLY,一般消費財・サービス,growth,,,,
2024-11-15,104.95198059082031,0.5992469916256896,0.5984128497646091,,,XLY,一般消費財・サービス,growth,,,,
2024-11-18,105.9206771850586,0.6023479065825104,0.5997245353705762,,,XLY,一般消費財・サービス,growth,,,,
2024-11-19,105.99935150146484,0.6044256064160474,0.6012915590524,,,XLY,一般消費財・サービス,growth,,,,
2024-11-20,105.53221893310547,0.5997426351767999,0.6007752510938666,,,XLY,一般消費財・サービス,growth,,,,
2024-11-21,105.71906280517578,0.5933303474436602,0.5982936165437979,,,XLY,一般消費財・サービス,growth,,,,
2024-11-22,107.2433853149414,0.5971812947553374,0.5979228426143111,,,XLY,一般消費財・サービス,growth,,,,
2024-11-25,108.33991241455078,0.597873447101804,0.5979063774434754,,,XLY,一般消費財・サービス,growth,,,,
2024-11-26,108.73329162597656,0.5999801969644271,0.598597650617126,,,XLY,一般消費財・サービス,growth,,,,
2024-11-27,108.19732666015625,0.5975973969004548,0.5982642327115689,,,XLY,一般消費財・サービス,growth,,,,
2024-11-29,109.30859375,0.6019009881357335,0.5994764845196238,,,XLY,一般消費財・サービス,growth,,,,
2024-12-02,110.26252746582031,0.6086785163374563,0.6025438284589013,,,XLY,一般消費財・サービス,growth,,,,
2024-12-03,110.17893981933594,0.610926506272823,0.6053380543968752,,,XLY,一般消費財・サービス,growth,,,,
2024-12-04,111.20170593261719,0.616564525137916,0.6090802113105555,,,XLY,一般消費財・サービス,growth,,,,
2024-12-05,112.11137390136719,0.6247264022294934,0.6142956082835348,,,XLY,一般消費財・サービス,growth,,,,
2024-12-06,114.47162628173828,0.6386018694268204,0.6223976953312967,,,XLY,一般消費財・サービス,growth,,,,
2024-12-09,114.10774993896484,0.6391950645454773,0.6279968184026903,,,XLY,一般消費財・サービス,growth,,,,
2024-12-10,114.29458618164062,0.6441885547633932,0.633394063856258,,,XLY,一般消費財・サービス,growth,,,,
2024-12-11,116.3008041381836,0.6548887656765949,0.640558964463037,,,XLY,一般消費財・サービス,growth,,,,
2024-12-12,115.33704376220703,0.6518421648801663,0.6443200312687468,,,XLY,一般消費財・サービス,growth,,,,
2024-12-13,115.79434204101562,0.6567259321439852,0.648455331560493,,,XLY,一般消費財・サービス,growth,,,,
2024-12-16,117.3629150390625,0.6678218576996475,0.6549108402735445,,,XLY,一般消費財・サービス,growth,,,,
2024-12-17,117.73169708251953,0.6752384222117943,0.6616867009196279,,,XLY,一般消費財・サービス,growth,,,,
2024-12-18,112.42607879638672,0.6644702251871449,0.6626145423421336,,,XLY,一般消費財・サービス,growth,,,,
2024-12-19,112.27364349365234,0.6657783698650539,0.6636691515164403,,,XLY,一般消費財・サービス,growth,,,,
2024-12-20,112.558837890625,0.6582505068283401,0.661862936620407,,,XLY,一般消費財・サービス,growth,,,,
2024-12-23,112.9002456665039,0.6593481756608938,0.6610246829672359,,,XLY,一般消費財・サービス,growth,,,,
2024-12-24,115.51129150390625,0.6695453902214675,0.6638649187186465,,,XLY,一般消費財・サービス,growth,,,,
2024-12-26,115.08267974853516,0.66597360444424,0.6645678139605111,,,XLY,一般消費財・サービス,growth,,,,
2024-12-27,113.18104553222656,0.6594543447209481,0.6628633242139902,101.86754439696222,,XLY,一般消費財・サービス,growth,,10.0,,
2024-12-30,111.3631820678711,0.6554657218334115,0.6603974567537974,101.72324462955129,,XLY,一般消費財・サービス,growth,,10.0,,
2024-12-31,110.52568817138672,0.6493483621940613,0.6567144252338853,101.56058981814554,,XLY,一般消費財・サービス,growth,,10.0,,
2025-01-02,109.0723648071289,0.6426804599391841,0.6520364368023184,101.38479335648893,,XLY,一般消費財・サービス,growth,,9.0,,
2025-01-03,111.27942657470703,0.6497350253437169,0.6512692996494512,101.31830623210854,,XLY,一般消費財・サービス,growth,,9.0,,
2025-01-06,111.71788787841797,0.6527393403480293,0.651759313215644,101.28696362615756,,XLY,一般消費財・サービス,growth,,9.0,-1.0,
2025-01-07,109.55516052246094,0.6422537199387213,0.6485907821233364,101.16558251574922,,XLY,一般消費財・サービス,growth,,9.0,-1.0,
2025-01-08,109.86552429199219,0.643303751197347,0.64682843848134,101.08444864248573,,XLY,一般消費財・サービス,growth,,8.0,-2.0,
2025-01-10,108.78663635253906,0.6464355757853266,0.6466974842493356,101.04739790320615,,XLY,一般消費財・サービス,growth,,9.0,0.0,
2025-01-13,109.40245056152344,0.6448098769295937,0.6460682818094217,100.99897912972776,,XLY,一般消費財・サービス,growth,,10.0,1.0,
2025-01-14,109.19059753417969,0.6384078618239162,0.6435148084809199,100.902936602378,,XLY,一般消費財・サービス,growth,,10.0,1.0,2.0
2025-01-15,111.9691390991211,0.6484296147265616,0.6451530772294671,100.91727631541023,,XLY,一般消費財・サービス,growth,,9.0,0.0,1.0
2025-01-16,111.3631820678711,0.6398812015774209,0.6433957853454517,100.84325065039776,,XLY,一般消費財・サービス,growth,,9.0,1.0,3.0
2025-01-17,112.92488098144531,0.645719068106169,0.6441702129323575,100.83725604524405,,XLY,一般消費財・サービス,growth,,9.0,0.0,0.0
2025-01-21,113.75253295898438,0.6429876275386109,0.6437760178011087,100.80048085884673,,XLY,一般消費財・サービス,growth,,8.0,-2.0,-3.0
2025-01-22,113.32392120361328,0.6428236771248904,0.6434585709090359,100.76632264400237,,XLY,一般消費財・サービス,growth,,8.0,-2.0,-3.0
2025-01-23,114.00869750976562,0.6436580462230734,0.6435250626803818,100.74328371088453,,XLY,一般消費財・サービス,growth,,8.0,-1.0,-1.0
2025-01-24,113.31407165527344,0.6402982560030406,0.6424494604546014,100.68814489824967,,XLY,一般消費財・サービス,growth,,9.0,0.0,-1.0
2025-01-27,113.95944213867188,0.6435211082653575,0.6428066763915201,100.67490993385238,,XLY,一般消費財・サービス,growth,,8.0,-1.0,-1.0
2025-01-28,114.09738159179688,0.6474965196185102,0.6443699574671835,100.69789843387639,,XLY,一般消費財・サービス,growth,,8.0,0.0,2.0
2025-01-29,113.77223205566406,0.6477939473363669,0.645511287423578,100.70877998564677,,XLY,一般消費財・サービス,growth,,8.0,0.0,2.0
2025-01-30,114.8856201171875,0.647224680752152,0.6460824185331027,100.70260803427387,,XLY,一般消費財・サービス,growth,,9.0,1.0,2.0
2025-01-31,114.37818145751953,0.6496988814109423,0.6472879061590493,100.71746218240625,,XLY,一般消費財・サービス,growth,,8.0,-1.0,-1.0
2025-02-03,112.86575317382812,0.6446290844736122,0.6464016322639037,100.66474928783171,,XLY,一般消費財・サービス,growth,,8.0,0.0,1.0
2025-02-04,114.1959228515625,0.6514312096029548,0.6480781580435875,100.69857015324796,,XLY,一般消費財・サービス,growth,,8.0,0.0,0.0
2025-02-05,112.9002456665039,0.6409147866634837,0.6456903675835529,100.59211156448852,,XLY,一般消費財・サービス,growth,,8.0,0.0,0.0
2025-02-06,113.34856414794922,0.6443125523399055,0.6452310958356705,100.55202726510342,,XLY,一般消費財・サービス,growth,,8.0,-1.0,-2.0
2025-02-07,111.13163757324219,0.6348304112712877,0.6417642009808763,100.39761854947781,,XLY,一般消費財・サービス,growth,,8.0,0.0,1.0
2025-02-10,111.510986328125,0.6351998671883522,0.6395760897167015,100.28539430206146,,XLY,一般消費財・サービス,growth,,7.0,-1.0,-1.0
2025-02-11,110.24486541748047,0.627918186994798,0.6356901221427338,100.09875132144359,,XLY,一般消費財・サービス,growth,,4.0,-4.0,-4.0
2025-02-12,110.22517395019531,0.6314743186449485,0.6342848543101387,100.0082723923639,,XLY,一般消費財・サービス,growth,,3.0,-5.0,-5.0
2025-02-13,111.8804702758789,0.6354410970196609,0.6346702685466461,99.99471153517004,,XLY,一般消費財・サービス,growth,,2.0,-6.0,-5.0
2025-02-14,111.83119201660156,0.635792501919574,0.6350443463376221,99.98159773387752,,XLY,一般消費財・サービス,growth,,2.0,-6.0,-6.0
2025-02-18,111.52083587646484,0.6291982863657639,0.6330956596803361,99.86370338266492,,XLY,一般消費財・サービス,growth,,1.0,-6.0,-5.0
2025-02-19,111.45677947998047,0.6275643864159238,0.631251901925532,99.74685300400998,,XLY,一般消費財・サービス,growth,,1.0,-3.0,1.0
2025-02-20,110.49612426757812,0.6237244567272863,0.6287427535261169,99.59332781781646,,XLY,一般消費財・サービス,growth,,1.0,-2.0,3.0
2025-02-21,107.58949279785156,0.6159633115362285,0.6244829395294874,99.34918199969377,,XLY,一般消費財・サービス,growth,,2.0,0.0,6.0
2025-02-24,107.1855239868164,0.6131391209669437,0.6207016666753062,99.12494539684491,,XLY,一般消費財・サービス,growth,,2.0,0.0,6.0
2025-02-25,106.62390899658203,0.6093170416389194,0.6169067916631773,98.89457064298718,,XLY,一般消費財・サービス,growth,,2.0,1.0,7.0
2025-02-26,106.18544006347656,0.6080940217686222,0.6139692016983256,98.69823642455385,,XLY,一般消費財・サービス,growth,,2.0,1.0,4.0
2025-02-27,104.65330505371094,0.6046000691116682,0.6108461575027732,98.48862644609729,,XLY,一般消費財・サービス,growth,,1.0,0.0,2.0
2025-02-28,106.39236450195312,0.6078927107329808,0.6098616752461757,98.39175935582507,,XLY,一般消費財・サービス,growth,,1.0,-1.0,-1.0
2025-03-03,104.43161010742188,0.6031163105235228,0.6076132203386247,98.22920629375761,,XLY,一般消費財・サービス,growth,,2.0,0.0,0.0
2025-03-04,102.58911895751953,0.6022047944715911,0.6058104117162803,98.09216812449924,,XLY,一般消費財・サービス,growth,,2.0,0.0,-1.0
2025-03-05,104.15081787109375,0.6057422632974817,0.6057876955766808,98.06110258337021,,XLY,一般消費財・サービス,growth,,2.0,0.0,-1.0
2025-03-06,101.51020050048828,0.5969948312163019,0.6028567407898878,97.88837208564584,,XLY,一般消費財・サービス,growth,,2.0,1.0,1.0
2025-03-07,101.32300567626953,0.5903629534361905,0.5986921450053221,97.68234406277712,,XLY,一般消費財・サービス,growth,,2.0,1.0,2.0
2025-03-10,97.70696258544922,0.5774313655187638,0.5916052185098026,97.3823455644899,,XLY,一般消費財・サービス,growth,,2.0,0.0,0.0
2025-03-11,96.75122833251953,0.5795009010077743,0.5875704460091266,97.31267562787326,,XLY,一般消費財・サービス,growth,,1.0,-1.0,-1.0
2025-03-12,97.31283569335938,0.5856245408088633,0.5869218109423722,97.44180523792826,,XLY,一般消費財・サービス,growth,,1.0,-1.0,-1.0
2025-03-13,94.88410949707031,0.5765356505801724,0.5834597574883056,97.44610063761185,,XLY,一般消費財・サービス,growth,,1.0,-1.0,-2.0
2025-03-14,96.90394592285156,0.5777935458173202,0.5815710202646438,97.52842753793819,,XLY,一般消費財・サービス,growth,,1.0,-1.0,-2.0
2025-03-17,97.05667114257812,0.5709987284120681,0.5780469229804519,97.54401726347321,,XLY,一般消費財・サービス,growth,,1.0,-1.0,-1.0
2025-03-18,95.32747650146484,0.56375731093626,0.5732837189657213,97.51955801473551,,XLY,一般消費財・サービス,growth,,1.0,0.0,1.0
2025-03-19,97.15519714355469,0.5703399128110812,0.5723024502475079,97.63777985148299,,XLY,一般消費財・サービス,growth,,1.0,0.0,1.0
2025-03-20,96.92366027832031,0.5713589632767205,0.5719879545905788,97.76065581801561,,XLY,一般消費財・サービス,growth,,1.0,0.0,1.0
2025-03-21,97.2734375,0.5760597295888603,0.5733452129233394,97.91949461034153,,XLY,一般消費財・サービス,growth,,1.0,0.0,1.0
2025-03-24,100.920166015625,0.5885357899734969,0.5784087386067253,98.18352915779991,,XLY,一般消費財・サービス,growth,,1.0,0.0,1.0
2025-03-25,101.72539520263672,0.5946532036170447,0.5838235602768318,98.4361444793002,,XLY,一般消費財・サービス,growth,,1.0,0.0,0.0
2025-03-26,100.39652252197266,0.5879921157634418,0.5852130787723685,98.53722369872548,,XLY,一般消費財・サービス,growth,,2.0,1.0,1.0
2025-03-27,100.46073913574219,0.5898856371097643,0.5867705982181671,98.63841059622838,,XLY,一般消費財・サービス,growth,,2.0,1.0,1.0
2025-03-28,97.3386459350586,0.5805024990729429,0.5846812318364258,98.60915067609191,,XLY,一般消費財・サービス,growth,,2.0,1.0,1.0
2025-03-31,97.5461196899414,0.5769376554921541,0.5821000397216687,98.56346005217132,,XLY,一般消費財・サービス,growth,,2.0,1.0,1.0
2025-04-01,98.56378173828125,0.5823515496135252,0.5821838763522875,98.61044719984982,,XLY,一般消費財・サービス,growth,,2.0,1.0,1.0
2025-04-02,100.43605041503906,0.5884927810542965,0.5842868445862905,98.72489078937642,,XLY,一般消費財・サービス,growth,,2.0,0.0,-1.0
2025-04-03,94.36966705322266,0.5806066026591673,0.5830600972772495,98.72192211136209,,XLY,一般消費財・サービス,growth,,2.0,0.0,-1.0
2025-04-04,90.29907989501953,0.5886104976409192,0.5849102307318061,98.82581057697406,,XLY,一般消費財・サービス,growth,,2.0,0.0,-1.0
2025-04-07,89.2320327758789,0.5865435835733588,0.5854546816789904,98.8809042109712,101.12496125985166,XLY,一般消費財・サービス,growth,Improving,3.0,1.0,0.0
2025-04-08,87.11275482177734,0.5836212411570316,0.5848435348383375,98.89381379586088,101.02141626743392,XLY,一般消費財・サービス,growth,Improving,2.0,0.0,-1.0
2025-04-09,96.5976333618164,0.5992438626849865,0.5896436441205539,99.09534553391721,101.16312546242239,XLY,一般消費財・サービス,growth,Improving,2.0,0.0,0.0
2025-04-10,92.82343292236328,0.5958908712159392,0.591726053152349,99.19736144839273,101.33184580114161,XLY,一般消費財・サービス,growth,Improving,2.0,0.0,0.0
2025-04-11,93.7225341796875,0.5926761050463444,0.5920427371170142,99.23502141457594,101.16115291750101,XLY,一般消費財・サービス,growth,Improving,3.0,1.0,1.0
2025-04-14,93.9942398071289,0.5868960074726265,0.5903271605688849,99.19921416238711,100.95160551362532,XLY,一般消費財・サービス,growth,Improving,3.0,0.0,-1.0
2025-04-15,93.31744384765625,0.5845581460079174,0.5884041557152291,99.15628165585498,100.81645020313795,XLY,一般消費財・サービス,growth,Improving,3.0,1.0,1.0
2025-04-16,91.015380859375,0.5775530269038106,0.5847871127780897,99.05262343579419,100.20272558431313,XLY,一般消費財・サービス,growth,Improving,3.0,1.0,1.0
2025-04-17,91.58843231201172,0.5769016807342172,0.5821586354301322,98.98686912686874,99.86792914021088,XLY,一般消費財・サービス,growth,Lagging,2.0,0.0,0.0
2025-04-21,89.14310455322266,0.573018572523196,0.5791119477944868,98.90707761914429,99.63826167288192,XLY,一般消費財・サービス,growth,Lagging,2.0,-1.0,-2.0
2025-04-22,91.96387481689453,0.5769256614819459,0.5783831856903066,98.91327785550176,99.72468364665544,XLY,一般消費財・サービス,growth,Lagging,2.0,-1.0,-1.0
2025-04-23,94.01892852783203,0.584166538755915,0.5803109700455094,99.01631941592046,100.01484933721098,XLY,一般消費財・サービス,growth,Improving,3.0,0.0,-1.0
2025-04-24,95.8912124633789,0.5858866183698915,0.5821695194869702,99.11483076695339,100.4085736792066,XLY,一般消費財・サービス,growth,Improving,3.0,0.0,-1.0
2025-04-25,97.61528778076172,0.5972754769962251,0.5872048386567218,99.33279502665077,100.94872960492796,XLY,一般消費財・サービス,growth,Improving,4.0,2.0,2.0
2025-04-28,97.64985656738281,0.5958146679065388,0.5900747817399942,99.4682912603879,101.33046320261107,XLY,一般消費財・サービス,growth,Improving,3.0,1.0,2.0
2025-04-29,98.34147644042969,0.596553012344614,0.5922341919415341,99.5778126322906,101.48008707059137,XLY,一般消費財・サービス,growth,Improving,2.0,0.0,1.0
2025-04-30,97.44731903076172,0.5902902302335314,0.5915862047055334,99.57633331934906,101.24614994713527,XLY,一般消費財・サービス,growth,Improving,2.0,-1.0,-1.0
2025-05-01,97.98578643798828,0.5943601928765407,0.5925108674292026,99.64001173537768,101.15112922144029,XLY,一般消費財・サービス,growth,Improving,3.0,0.0,0.0
2025-05-02,99.50732421875,0.5931252064606354,0.5927156471063468,99.67528713823374,100.79799108090457,XLY,一般消費財・サービス,growth,Improving,3.0,-1.0,-3.0
2025-05-05,98.45014953613281,0.5887762880085006,0.5914025274070648,99.64419561312452,100.48310460530968,XLY,一般消費財・サービス,growth,Improving,3.0,0.0,-1.0
2025-05-06,97.59059143066406,0.5879945246621423,0.5902665264920907,99.6191640339521,100.23305566078128,XLY,一般消費財・サービス,growth,Improving,4.0,2.0,2.0
2025-05-07,98.3513412475586,0.5887008282935006,0.5897446270925606,99.6210417875023,100.23442737020306,XLY,一般消費財・サービス,growth,Improving,4.0,2.0,3.0
2025-05-08,99.51226043701172,0.5906805025140648,0.5900565855663953,99.66418898487372,100.19133028787518,XLY,一般消費財・サービス,growth,Improving,4.0,1.0,1.0
2025-05-09,99.991455078125,0.5936623735043931,0.5912585148790612,99.7564315864509,100.28509233189357,XLY,一般消費財・サービス,growth,Improving,4.0,1.0,2.0
2025-05-12,104.96113586425781,0.6065432500023367,0.5963534265868198,100.07152644486644,100.89800669308501,XLY,一般消費財・サービス,growth,Leading,7.0,4.0,4.0
2025-05-13,106.34928131103516,0.613181592797901,0.6019628153238469,100.43785069312216,101.5583318504466,XLY,一般消費財・サービス,growth,Leading,8.0,4.0,2.0
2025-05-14,106.75929260253906,0.6192744518222347,0.6077333608233095,100.83788808417832,102.16130851753526,XLY,一般消費財・サービス,growth,Leading,8.0,4.0,2.0
2025-05-15,106.52218627929688,0.6123177737401221,0.6092614984622471,101.00154121291072,102.24044178497618,XLY,一般消費財・サービス,growth,Leading,9.0,5.0,4.0
2025-05-16,107.52994537353516,0.612100876378872,0.6102079577677888,101.14488037736743,102.19667862354227,XLY,一般消費財・サービス,growth,Leading,9.0,5.0,4.0
2025-05-19,107.27802276611328,0.6107346861409436,0.6103835338921738,101.24268191401093,101.76102119513072,XLY,一般消費財・サービス,growth,Leading,9.0,2.0,-2.0
2025-05-20,106.71980285644531,0.6091475926700112,0.6099715534847863,101.30233568169353,101.22675682743645,XLY,一般消費財・サービス,growth,Leading,9.0,1.0,-3.0
2025-05-21,104.5560531616211,0.6100864087610738,0.6100098385768822,101.39295871247315,100.7103639089217,XLY,一般消費財・サービス,growth,Leading,9.0,1.0,-3.0
2025-05-22,105.00558471679688,0.6146698752858023,0.6115631841465222,101.58542530126394,100.73074619038083,XLY,一般消費財・サービス,growth,Leading,9.0,0.0,-5.0
2025-05-23,104.06204223632812,0.6115925668448047,0.611572978379283,101.63715856595753,100.5593585837239,XLY,一般消費財・サービス,growth,Leading,8.0,-1.0,-6.0
2025-05-27,107.1347427368164,0.6181277879294869,0.6137579148960177,101.83931143429433,100.70636060359737,XLY,一般消費財・サービス,growth,Leading,9.0,0.0,-2.0
2025-05-28,106.15168762207031,0.6177083648731958,0.6150747315550771,101.9432883740404,100.75889488114576,XLY,一般消費財・サービス,growth,Leading,9.0,0.0,-1.0
2025-05-29,106.19613647460938,0.6164615255294048,0.6155369962131864,101.95386936134103,100.5986476429003,XLY,一般消費財・サービス,growth,Leading,9.0,0.0,-1.0
2025-05-30,105.6181640625,0.6133497701597167,0.6148079208620298,101.86601209486777,100.0605148791391,XLY,一般消費財・サービス,growth,Leading,9.0,0.0,0.0
2025-06-02,105.86516571044922,0.614296604845768,0.6146374821899426,101.81664996491853,99.83281969463283,XLY,一般消費財・サービス,growth,Weakening,8.0,0.0,1.0
2025-06-03,106.42832946777344,0.6124655038034066,0.6139134893944307,101.72176962485247,99.20864218621503,XLY,一般消費財・サービス,growth,Weakening,8.0,-1.0,-1.0
2025-06-04,106.14674377441406,0.6122204838722595,0.6133491542203736,101.64532023427762,98.81550876214813,XLY,一般消費財・サービス,growth,Weakening,8.0,-1.0,-1.0
2025-06-05,103.46923828125,0.5983944649112071,0.6083642577839847,101.23671232456311,97.97749174848201,XLY,一般消費財・サービス,growth,Weakening,8.0,-1.0,-1.0
2025-06-06,104.81293487548828,0.6009752147677254,0.6059012434452317,101.02799782128652,97.75650644445837,XLY,一般消費財・サービス,growth,Weakening,8.0,-1.0,-1.0
2025-06-09,105.65272521972656,0.6056887562208552,0.6058304143704396,100.99678883244508,97.7878143018247,XLY,一般消費財・サービス,growth,Weakening,8.0,0.0,0.0
2025-06-10,106.91738891601562,0.6099016454172628,0.6071874913860473,101.06872995380927,98.10418645602105,XLY,一般消費財・サービス,growth,Weakening,8.0,0.0,1.0
2025-06-11,106.07263946533203,0.6068058133652933,0.6070602653791293,101.02752101178402,98.17556795852643,XLY,一般消費財・サービス,growth,Weakening,8.0,0.0,1.0
2025-06-12,105.57369995117188,0.6025385617545425,0.6055530308376004,100.88498350364372,98.70794543101444,XLY,一般消費財・サービス,growth,Weakening,8.0,0.0,1.0
2025-06-13,104.60050964355469,0.6042888284344332,0.6051316300365447,100.82597707117165,99.01638053063303,XLY,一般消費財・サービス,growth,Weakening,8.0,0.0,1.0
2025-06-16,105.72685241699219,0.6049629221019266,0.6050753940583387,100.79496076705153,99.0354950062582,XLY,一般消費財・サービス,growth,Weakening,8.0,0.0,0.0
2025-06-17,103.90396118164062,0.6002986572764498,0.6034831484643757,100.6487089375285,98.6354258367331,XLY,一般消費財・サービス,growth,Weakening,8.0,0.0,0.0
2025-06-18,103.95335388183594,0.6005163637870145,0.6024942202385886,100.54737912607409,98.56184421379112,XLY,一般消費財・サービス,growth,Weakening,8.0,0.0,0.0
2025-06-20,104.07685852050781,0.600248396939471,0.601745612472216,100.46281121060831,98.71580806126667,XLY,一般消費財・サービス,growth,Weakening,8.0,0.0,0.0
2025-06-23,106.13975524902344,0.6067888012345178,0.6034266753929833,100.57696445488759,99.07580426428206,XLY,一般消費財・サービス,growth,Weakening,8.0,0.0,0.0
2025-06-24,106.7288589477539,0.6044336624056806,0.6037623377305492,100.58106881808482,99.1697524415987,XLY,一般消費財・サービス,growth,Weakening,8.0,0.0,0.0
2025-06-25,105.471435546875,0.6016534254638106,0.6030593669749698,100.49875894021805,99.3173560887979,XLY,一般消費財・サービス,growth,Weakening,8.0,0.0,0.0
2025-06-26,106.44174194335938,0.60264042420536,0.6029197193850999,100.46571053943636,99.47320384729247,XLY,一般消費財・サービス,growth,Weakening,8.0,0.0,0.0
2025-06-27,108.21403503417969,0.6104391685601812,0.6054262024434603,100.66093818098942,100.04475449347424,XLY,一般消費財・サービス,growth,Leading,8.0,0.0,0.0
2025-06-30,107.59026336669922,0.6040818541784074,0.6049780863551094,100.5983445561941,99.71101678974883,XLY,一般消費財・サービス,growth,Weakening,8.0,0.0,0.0
2025-07-01,108.0506591796875,0.599639075470249,0.603198416060156,100.41812340072515,99.35886223901336,XLY,一般消費財・サービス,growth,Weakening,8.0,0.0,0.0
2025-07-02,108.9170150756836,0.603069450626102,0.603155427582138,100.39089548571084,99.47956820508674,XLY,一般消費財・サービス,growth,Weakening,8.0,0.0,0.0
2025-07-03,109.51107788085938,0.603444490754548,0.6032517819729414,100.37730707431813,99.52816237370176,XLY,一般消費財・サービス,growth,Weakening,8.0,0.0,0.0
2025-07-07,108.11996459960938,0.6005789018663864,0.6023608219374231,100.27153253201786,98.95085028652046,XLY,一般消費財・サービス,growth,Weakening,8.0,0.0,0.0
2025-07-08,107.7536392211914,0.5970490312479735,0.60059022504094,100.08293332499652,98.74066194633002,XLY,一般消費財・サービス,growth,Weakening,7.0,-1.0,-1.0
2025-07-09,108.39225006103516,0.5987991049195706,0.5999931850004836,100.00394074154303,98.96928779191684,XLY,一般消費財・サービス,growth,Weakening,7.0,-1.0,-1.0
2025-07-10,109.59028625488281,0.6019306073883808,0.600638992463116,100.04302052639767,99.12226937709505,XLY,一般消費財・サービス,growth,Weakening,7.0,-1.0,-1.0
2025-07-11,109.61998748779297,0.6065338403840518,0.6026039417700946,100.2185882900402,99.50355165562274,XLY,一般消費財・サービス,growth,Weakening,7.0,-1.0,-1.0
2025-07-14,110.02593231201172,0.608153444756084,0.6044537760987578,100.38458795086056,100.03947449774144,XLY,一般消費財・サービス,growth,Leading,7.0,-1.0,-1.0
2025-07-15,108.45166015625,0.6078814063495854,0.6055963195157004,100.47940165732334,100.58950653657192,XLY,一般消費財・サービス,growth,Leading,7.0,0.0,1.0
2025-07-16,108.6496810913086,0.6066255278766675,0.6059393889693561,100.49251607017911,100.7604630100156,XLY,一般消費財・サービス,growth,Leading,8.0,1.0,2.0
2025-07-17,109.02098083496094,0.6037761535596796,0.605218310499464,100.3973908822924,100.49761852713917,XLY,一般消費財・サービス,growth,Leading,8.0,1.0,2.0
2025-07-18,109.98632049560547,0.6093538800782178,0.6065968336923819,100.51437949160754,100.37392698471498,XLY,一般消費財・サービス,growth,Leading,9.0,2.0,3.0
2025-07-21,110.50614929199219,0.6143351956463576,0.6091762876770406,100.76278338616306,100.51533583227624,XLY,一般消費財・サービス,growth,Leading,9.0,2.0,3.0
2025-07-22,111.62496185302734,0.6127433587846873,0.6103653113795895,100.8779617874927,100.53431001106522,XLY,一般消費財・サービス,growth,Leading,9.0,2.0,2.0
2025-07-23,112.15467071533203,0.6105927099393907,0.6104411108995232,100.87969840748549,100.49311011328152,XLY,一般消費財・サービス,growth,Leading,9.0,1.0,0.0
2025-07-24,110.2982177734375,0.6024142392529518,0.6077654870173328,100.5388544750657,100.00664199394687,XLY,一般消費財・サービス,growth,Leading,8.0,0.0,-1.0
2025-07-25,111.3229751586914,0.6050962558932433,0.606875743309303,100.39959866035635,99.51355263517439,XLY,一般消費財・サービス,growth,Weakening,9.0,0.0,-2.0
2025-07-28,111.97149658203125,0.6122413665509263,0.6086642843898442,100.62263132736027,99.47964203794835,XLY,一般消費財・サービス,growth,Weakening,9.0,0.0,-2.0
2025-07-29,111.19921875,0.6083120331734079,0.6085468673176988,100.58249479274284,99.20364883395773,XLY,一般消費財・サービス,growth,Weakening,9.0,0.0,-2.0
2025-07-30,110.49623107910156,0.6084130346837928,0.6085022564397302,100.55174494904031,99.16795866683442,XLY,一般消費財・サービス,growth,Weakening,9.0,0.0,-1.0
2025-07-31,109.61998748779297,0.6091433284355219,0.6087159471049941,100.56019866897738,99.86579414058647,XLY,一般消費財・サービス,growth,Weakening,8.0,0.0,0.0
2025-08-01,106.97640228271484,0.6012307864087029,0.6062208935395638,100.14300082878435,99.34228597250711,XLY,一般消費財・サービス,growth,Weakening,7.0,-2.0,-2.0
2025-08-04,108.23384094238281,0.6009497482830705,0.6044638451207327,99.82496424513153,98.34643701892585,XLY,一般消費財・サービス,growth,Lagging,7.0,-2.0,-2.0
2025-08-05,108.3724594116211,0.6033938078178619,0.6041071660197758,99.71936895268894,98.29345184153404,XLY,一般消費財・サービス,growth,Lagging,7.0,-2.0,-2.0
2025-08-06,110.62495422363281,0.6173163037230985,0.6085102119208834,100.46337068501828,99.75717131647238,XLY,一般消費財・サービス,growth,Weakening,7.0,-2.0,-2.0
2025-08-07,110.59030151367188,0.6174943992107137,0.6115049410174935,101.02501098144937,100.7824233837866,XLY,一般消費財・サービス,growth,Leading,7.0,-1.0,-1.0
2025-08-08,110.78336334228516,0.6174573793328673,0.6134890871226182,101.45345180312837,102.2316467338367,XLY,一般消費財・サービス,growth,Leading,8.0,1.0,3.0
2025-08-11,111.07050323486328,0.6207530392448817,0.6159104044967061,102.01731069519403,103.38433208561365,XLY,一般消費財・サービス,growth,Leading,10.0,3.0,5.0
2025-08-12,112.24873352050781,0.6194665889701876,0.6170957993212,102.2357396053771,103.46334374898163,XLY,一般消費財・サービス,growth,Leading,11.0,4.0,6.0
2025-08-13,113.78836059570312,0.6191235338930647,0.6177717108451549,102.26413864798673,102.31156303050808,XLY,一般消費財・サービス,growth,Leading,11.0,4.0,6.0
2025-08-14,113.65963745117188,0.6224725104790728,0.619338644056461,102.44544685616742,101.7613032997602,XLY,一般消費財・サービス,growth,Leading,11.0,4.0,5.0
2025-08-15,113.3873519897461,0.6225181843298685,0.6203984908142635,102.4974497093818,101.25659381899625,XLY,一般消費財・サービス,growth,Leading,11.0,3.0,2.0
2025-08-18,113.84281158447266,0.625153234049121,0.6219834052258827,102.62300145519606,100.67345357325455,XLY,一般消費財・サービス,growth,Leading,11.0,1.0,-2.0
2025-08-19,113.78836059570312,0.6219423759321441,0.6219697287946365,102.45737431827351,100.1469746225781,XLY,一般消費財・サービス,growth,Leading,11.0,0.0,-4.0
2025-08-20,112.66458129882812,0.6163612861002487,0.6201002478965072,102.01922737816105,99.48747861114002,XLY,一般消費財・サービス,growth,Weakening,11.0,0.0,-4.0
2025-08-21,111.99624633789062,0.6148476808676608,0.6183493922202251,101.65153010183029,98.72380707925,XLY,一般消費財・サービス,growth,Weakening,11.0,0.0,-4.0
2025-08-22,115.39727783203125,0.621416288361343,0.6193716909339311,101.76250606335829,98.84785828492723,XLY,一般消費財・サービス,growth,Weakening,11.0,0.0,-3.0
2025-08-25,115.16461181640625,0.6249455470372993,0.6212296429683872,101.98416709679809,99.0176542448641,XLY,一般消費財・サービス,growth,Weakening,11.0,0.0,-1.0
2025-08-26,115.6943130493164,0.6273861657248052,0.6232818172205266,102.2097396152575,99.59893890833044,XLY,一般消費財・サービス,growth,Weakening,11.0,0.0,0.0
2025-08-27,115.71906280517578,0.6252609044798565,0.6239415129736365,102.2126721641402,100.24858141709393,XLY,一般消費財・サービス,growth,Leading,11.0,0.0,0.0
2025-08-28,115.9170913696289,0.6266295746354978,0.6248375335275904,102.24408480239423,100.8279939699647,XLY,一般消費財・サービス,growth,Leading,11.0,0.0,0.0
2025-08-29,114.72400665283203,0.6206402872929071,0.6234384514493627,101.96514011495452,100.2630156677096,XLY,一般消費財・サービス,growth,Leading,11.0,0.0,0.0
2025-09-02,113.86756134033203,0.6209118831214432,0.6225962620067229,101.78693125616782,99.69009023312786,XLY,一般消費財・サービス,growth,Weakening,11.0,0.0,0.0
2025-09-03,114.32795715332031,0.6243900036558738,0.6231941758897732,101.8044021649566,99.39572228868208,XLY,一般消費財・サービス,growth,Weakening,10.0,-1.0,-1.0
2025-09-04,116.41709899902344,0.6311379932281088,0.6258421150025518,102.06354606309719,99.76361819413178,XLY,一般消費財・サービス,growth,Weakening,10.0,-1.0,-1.0
2025-09-05,116.39234161376953,0.630267120496474,0.6273171168338593,102.13349987856613,99.80384585551857,XLY,一般消費財・サービス,growth,Weakening,10.0,-1.0,-1.0
2025-09-08,116.84284973144531,0.6332106838058466,0.6292816391578551,102.24144259478093,100.34905421524019,XLY,一般消費財・サービス,growth,Leading,10.0,-1.0,-1.0
2025-09-09,116.6794662475586,0.634279020855121,0.6309474330569438,102.2953078727409,100.66857297922597,XLY,一般消費財・サービス,growth,Leading,10.0,-1.0,-1.0
2025-09-10,115.2834243774414,0.6273250118050829,0.6297399593063235,102.04391504649001,100.24681028651763,XLY,一般消費財・サービス,growth,Leading,10.0,0.0,1.0
2025-09-11,117.52600860595703,0.6300863096126763,0.6298554094084412,101.95602024614351,99.70757228917014,XLY,一般消費財・サービス,growth,Weakening,10.0,0.0,1.0
2025-09-12,118.13494110107422,0.6379428900366562,0.6325512362845129,102.12707377189976,99.85281138179923,XLY,一般消費財・サービス,growth,Weakening,10.0,0.0,1.0
2025-09-15,119.1596908569336,0.6446024298646841,0.6365683008112367,102.38751162598253,100.07772894182212,XLY,一般消費財・サービス,growth,Leading,10.0,0.0,1.0
2025-09-16,119.89237213134766,0.6502896533710378,0.6411420849978371,102.63791024915406,100.36579092089643,XLY,一般消費財・サービス,growth,Leading,10.0,0.0,1.0
2025-09-17,119.59040069580078,0.6480317799871973,0.6434386499942906,102.6490046066297,100.74377542291342,XLY,一般消費財・サービス,growth,Leading,10.0,0.0,0.0
2025-09-18,119.05078125,0.640921362574985,0.6425995541878554,102.41429078842972,100.4981639292784,XLY,一般消費財・サービス,growth,Leading,10.0,0.0,0.0
2025-09-19,119.50128936767578,0.6444686478853049,0.6432225854203386,102.32548672798308,100.08285916721348,XLY,一般消費財・サービス,growth,Leading,10.0,0.0,0.0
2025-09-22,119.11198425292969,0.6420624735202753,0.6428358814536509,102.17035452977628,99.43726189181874,XLY,一般消費財・サービス,growth,Weakening,9.0,-1.0,-1.0
2025-09-23,117.9911880493164,0.6352457457546681,0.6403058362206566,101.8782530938621,98.62704556286282,XLY,一般消費財・サービス,growth,Weakening,9.0,-1.0,-1.0
2025-09-24,118.82434844970703,0.6412264362471377,0.6406127028961504,101.8210844107992,98.56168915095527,XLY,一般消費財・サービス,growth,Weakening,9.0,-1.0,-1.0
2025-09-25,117.14810943603516,0.6374286201057789,0.6395513419660266,101.6712717341652,98.72193657506098,XLY,一般消費財・サービス,growth,Weakening,8.0,-2.0,-2.0
2025-09-26,118.87889862060547,0.6405001753990338,0.639867619777029,101.62898702988808,98.82567432702645,XLY,一般消費財・サービス,growth,Weakening,8.0,-2.0,-2.0
2025-09-29,119.39961242675781,0.641163668960115,0.6402996361713911,101.59805009555657,99.02979756925028,XLY,一般消費財・サービス,growth,Weakening,8.0,-1.0,0.0
2025-09-30,118.84417724609375,0.6364989831310737,0.6390327518246186,101.45232638879499,99.25228789002901,XLY,一般消費財・サービス,growth,Weakening,8.0,-1.0,0.0
2025-10-01,119.58807373046875,0.6390345326932109,0.6390333454474828,101.40387021604367,99.27477828196194,XLY,一般消費財・サービス,growth,Weakening,9.0,0.0,1.0
2025-10-02,118.72515869140625,0.6329254351967776,0.6369973753639144,101.21536248160263,99.23049220947517,XLY,一般消費財・サービス,growth,Weakening,9.0,1.0,3.0
2025-10-03,117.96142578125,0.6266509356534822,0.6335485621271038,100.93292496208589,98.89776057772033,XLY,一般消費財・サービス,growth,Weakening,7.0,-1.0,1.0
2025-10-06,118.97311401367188,0.632223643556932,0.6331069226037132,100.87304757603017,98.86644620481204,XLY,一般消費財・サービス,growth,Weakening,8.0,0.0,1.0
2025-10-07,116.89022827148438,0.6238963340098812,0.6300367264057692,100.61885507695223,98.73304916248027,XLY,一般消費財・サービス,growth,Weakening,7.0,-1.0,0.0
2025-10-08,117.23737335205078,0.6237177114784158,0.6279303880966515,100.4340463124757,98.5744806998223,XLY,一般消費財・サービス,growth,Weakening,7.0,-2.0,-2.0
2025-10-09,116.65218353271484,0.6257818264448022,0.6272142008793684,100.3544825496296,98.75710831060518,XLY,一般消費財・サービス,growth,Weakening,7.0,-2.0,-3.0
2025-10-10,113.44352722167969,0.6226063337791028,0.62567824517928,100.20955180773056,98.9737568750645,XLY,一般消費財・サービス,growth,Weakening,7.0,0.0,1.0
2025-10-13,115.97772216796875,0.6303850651296451,0.627247185162735,100.313288720352,99.22027675831312,XLY,一般消費財・サービス,growth,Weakening,7.0,-1.0,-1.0
2025-10-14,116.22073364257812,0.6265107354538748,0.6270017019264483,100.27020118160343,99.52514959554301,XLY,一般消費財・サービス,growth,Weakening,7.0,0.0,1.0
2025-10-15,116.38934326171875,0.6261571713036703,0.6267201917188557,100.22262140085596,99.72425377756302,XLY,一般消費財・サービス,growth,Weakening,7.0,0.0,2.0
2025-10-16,115.26358032226562,0.6260345143370497,0.6264916325915871,100.17961418092378,99.78416950491076,XLY,一般消費財・サービス,growth,Weakening,7.0,0.0,2.0
2025-10-17,116.25543975830078,0.6282310883383893,0.6270714511738545,100.20811518767754,100.02963601716277,XLY,一般消費財・サービス,growth,Leading,7.0,0.0,0.0
2025-10-20,117.17786407470703,0.6269466436778213,0.6270298486751769,100.18360118473052,99.86498520840522,XLY,一般消費財・サービス,growth,Weakening,7.0,0.0,1.0
2025-10-21,118.61109924316406,0.6317207772444877,0.6285934915316138,100.30088115506523,100.0933964712115,XLY,一般消費財・サービス,growth,Leading,7.0,0.0,0.0
2025-10-22,117.6837158203125,0.6298190731504477,0.6290020187378919,100.31350280066685,100.17749718783388,XLY,一般消費財・サービス,growth,Leading,7.0,0.0,0.0
2025-10-23,118.21434783935547,0.6296735957379868,0.6292258777379236,100.30881312119746,100.22489781358534,XLY,一般消費財・サービス,growth,Leading,8.0,1.0,1.0
2025-10-24,117.86225128173828,0.6260913529071808,0.6281810361276761,100.18535413218173,100.01296326108415,XLY,一般消費財・サービス,growth,Leading,7.0,0.0,0.0
2025-10-27,119.55831146240234,0.6322908496099109,0.6295509739550877,100.2918689543479,100.18484200123403,XLY,一般消費財・サービス,growth,Leading,8.0,1.0,1.0
2025-10-28,119.58807373046875,0.6379272916673958,0.6323430798591905,100.5425813570715,100.356529532056,XLY,一般消費財・サービス,growth,Leading,8.0,1.0,1.0
2025-10-29,118.6011734008789,0.6398182530595042,0.6348348042592951,100.77020626774255,100.6414681614321,XLY,一般消費財・サービス,growth,Leading,8.0,1.0,1.0
2025-10-30,115.92316436767578,0.6280724509551204,0.6325806864912369,100.51353401442833,100.28499402488131,XLY,一般消費財・サービス,growth,Leading,7.0,-1.0,-2.0
2025-10-31,118.98799896240234,0.6432713286007202,0.6361442338610648,100.88350890736801,100.93353829118298,XLY,一般消費財・サービス,growth,Leading,7.0,0.0,0.0
2025-11-03,120.10383605957031,0.6508968978652228,0.6410617885291174,101.43835999652993,101.49824704527326,XLY,一般消費財・サービス,growth,Leading,8.0,0.0,-1.0
2025-11-04,118.11021423339844,0.6443546232128363,0.6421594000903571,101.55048744594099,101.26784989452759,XLY,一般消費財・サービス,growth,Leading,8.0,0.0,-1.0
2025-11-05,119.54840087890625,0.6484055654440543,0.6442414552082562,101.76585108481166,101.22733153990536,XLY,一般消費財・サービス,growth,Leading,9.0,1.0,0.0
2025-11-06,116.78608703613281,0.6379185883547266,0.6421338329237464,101.47412807833595,101.2007740204378,XLY,一般消費財・サービス,growth,Leading,8.0,1.0,2.0
2025-11-07,116.96957397460938,0.633606707849036,0.639291457898843,101.09003788664123,100.23942825621253,XLY,一般消費財・サービス,growth,Leading,8.0,1.0,1.0
2025-11-10,118.5069580078125,0.6382593065470281,0.6389474074482381,101.01897762357706,99.3229815339982,XLY,一般消費財・サービス,growth,Weakening,7.0,-1.0,-1.0
2025-11-11,118.79955291748047,0.6361593372661625,0.6380180507208796,100.87272972207498,98.89405513413615,XLY,一般消費財・サービス,growth,Weakening,7.0,-1.0,-1.0
2025-11-12,118.00110626220703,0.6303885985337735,0.6354748999918443,100.51139473914056,97.92082664909807,XLY,一般消費財・サービス,growth,Weakening,6.0,-3.0,-4.0
2025-11-13,115.05529022216797,0.6216794900757368,0.6308764300198084,99.86467137363549,97.42433025647449,XLY,一般消費財・サービス,growth,Lagging,6.0,-2.0,-3.0
2025-11-14,114.50480651855469,0.6209839172152412,0.6275789257516193,99.39046704817538,97.44378269705075,XLY,一般消費財・サービス,growth,Lagging,5.0,-3.0,-4.0
2025-11-17,113.42864990234375,0.6233327455256389,0.6261635323429593,99.17503299122231,97.40479942863432,XLY,一般消費財・サービス,growth,Lagging,4.0,-3.0,-2.0
2025-11-18,111.3358383178711,0.6114681299765813,0.6212650648875,98.47519097403803,96.87147530769737,XLY,一般消費財・サービス,growth,Lagging,1.0,-6.0,-5.0
2025-11-19,111.34078979492188,0.6133521218300191,0.618627417201673,98.09871267312768,97.0943945027204,XLY,一般消費財・サービス,growth,Lagging,1.0,-5.0,-2.0
2025-11-20,109.679443359375,0.6116621988705108,0.6163056777579523,97.80710033274869,97.70005021887584,XLY,一般消費財・サービス,growth,Lagging,1.0,-5.0,-3.0
2025-11-21,111.83175659179688,0.6116458475798824,0.614752401031929,97.66974108165154,98.20397134439375,XLY,一般消費財・サービス,growth,Lagging,1.0,-4.0,-1.0
2025-11-24,113.32450866699219,0.6172517168863526,0.6155855063167368,97.85972434284997,98.7525937597824,XLY,一般消費財・サービス,growth,Lagging,1.0,-3.0,0.0
2025-11-25,115.74958038330078,0.6216291286129627,0.6176000470821454,98.17497148060274,100.02569512699267,XLY,一般消費財・サービス,growth,Improving,1.0,0.0,6.0
2025-11-26,116.54307556152344,0.621553661378498,0.618917918514263,98.38332349854575,100.76652351895817,XLY,一般消費財・サービス,growth,Improving,1.0,0.0,5.0
2025-11-28,117.26712799072266,0.62205184341057,0.6199625601463654,98.5369981297145,101.30160053811746,XLY,一般消費財・サービス,growth,Improving,1.0,0.0,5.0
2025-12-01,117.33656311035156,0.6267066553926712,0.6222105918951341,98.82357803387778,101.75606274986828,XLY,一般消費財・サービス,growth,Improving,3.0,2.0,6.0
2025-12-02,117.25720977783203,0.6268760226565797,0.6237657354822826,99.0180608695534,101.69065015184145,XLY,一般消費財・サービス,growth,Improving,4.0,3.0,6.0
2025-12-03,118.52183532714844,0.628838847520577,0.6254567728283807,99.23353076779388,101.52057081465473,XLY,一般消費財・サービス,growth,Improving,5.0,4.0,4.0
2025-12-04,118.10029602050781,0.6264060368809534,0.6257731941792384,99.27812553529157,101.29418935371422,XLY,一般消費財・サービス,growth,Improving,4.0,3.0,3.0
2025-12-05,118.75491333007812,0.6284018724670858,0.6266494202751876,99.39556798295794,101.23011145839351,XLY,一般消費財・サービス,growth,Improving,7.0,6.0,6.0
2025-12-08,117.0290756225586,0.6230009870224941,0.6254332758576231,99.25664478970234,100.74998443661332,XLY,一般消費財・サービス,growth,Improving,6.0,3.0,1.0
2025-12-09,117.01917266845703,0.6241255167225471,0.6249973561459312,99.21510926581747,100.48312550499377,XLY,一般消費財・サービス,growth,Improving,6.0,2.0,-1.0
2025-12-10,118.73506927490234,0.62449135923643,0.6248286905094308,99.20790481566945,100.22881504909597,XLY,一般消費財・サービス,growth,Improving,5.0,0.0,-4.0
2025-12-11,119.20125579833984,0.6219207672483885,0.62385938275575,99.11019211336342,100.07025970894395,XLY,一般消費財・サービス,growth,Improving,5.0,1.0,-2.0
2025-12-12,119.71701049804688,0.6288745410450246,0.6255311021855082,99.33818883061141,100.19968167150738,XLY,一般消費財・サービス,growth,Improving,6.0,-1.0,-7.0
2025-12-15,120.73863220214844,0.6334551426956372,0.6281724490222179,99.6860404993507,100.75060224292949,XLY,一般消費財・サービス,growth,Improving,7.0,1.0,-2.0
2025-12-16,120.93699645996094,0.6389834443893532,0.6317761141445963,100.16343288675725,101.32416163488234,XLY,一般消費財・サービス,growth,Leading,9.0,3.0,1.0
2025-12-17,119.53848266601562,0.6333068905547866,0.6322863729479932,100.25444678140417,101.40792372061074,XLY,一般消費財・サービス,growth,Leading,9.0,4.0,4.0
2025-12-18,121.3436508178711,0.6414990407818173,0.6353572622259346,100.68420174786671,101.91461405332231,XLY,一般消費財・サービス,growth,Leading,9.0,4.0,3.0
2025-12-19,120.85765075683594,0.6366108546663485,0.6357751263727393,100.76890861871213,101.69021834332227,XLY,一般消費財・サービス,growth,Leading,10.0,4.0,5.0
2025-12-22,121.5841293334961,0.6357254377298611,0.63575856349178,100.78489815700702,101.29443669250549,XLY,一般消費財・サービス,growth,Leading,9.0,2.0,1.0
2025-12-23,121.4151840209961,0.6363216051838072,0.635946244055789,100.83049395931825,100.81722548776821,XLY,一般消費財・サービス,growth,Leading,9.0,0.0,-3.0
2025-12-24,121.83258819580078,0.6362028229535371,0.6360317703550384,100.85745747012803,100.7274422534359,XLY,一般消費財・サービス,growth,Leading,9.0,0.0,-4.0
2025-12-26,121.29593658447266,0.6332370297443146,0.6351001901514639,100.74647588436011,100.15123168892526,XLY,一般消費財・サービス,growth,Leading,9.0,0.0,-4.0
2025-12-29,120.10334014892578,0.6280477431958836,0.6327493744996039,100.43843908407351,99.7358229506213,XLY,一般消費財・サービス,growth,Weakening,8.0,-2.0,-6.0
2025-12-30,119.61637115478516,0.6265048681492625,0.6306678723828234,100.16072294176416,99.43218169796508,XLY,一般消費財・サービス,growth,Weakening,7.0,-2.0,-4.0
2025-12-31,118.6722412109375,0.6269137068513904,0.6294164838723457,100.00047216258612,99.22666376521637,XLY,一般消費財・サービス,growth,Weakening,7.0,-2.0,-2.0
2026-01-02,117.61878967285156,0.617160260473029,0.6253310760725735,99.41804582168918,98.62773395832949,XLY,一般消費財・サービス,growth,Lagging,5.0,-4.0,-4.0
2026-01-05,119.5567398071289,0.6215601088164643,0.6240740869872039,99.25366294148333,98.60437587663378,XLY,一般消費財・サービス,growth,Lagging,5.0,-4.0,-4.0
2026-01-06,120.32198333740234,0.6180764248075169,0.6220748662606416,98.9871762169102,98.67353571317268,XLY,一般消費財・サービス,growth,Lagging,5.0,-3.0,-1.0
2026-01-07,120.15303802490234,0.6242112093020307,0.6227869806077713,99.11540195559633,99.08633483222573,XLY,一般消費財・サービス,growth,Lagging,6.0,-1.0,1.0
2026-01-08,122.16055297851562,0.6292457646887943,0.624939908634779,99.44114506112362,99.56376371368891,XLY,一般消費財・サービス,growth,Lagging,6.0,-1.0,1.0
2026-01-09,123.64134979248047,0.6331990425776324,0.6276929532823968,99.84485866145215,100.53428270545508,XLY,一般消費財・サービス,growth,Improving,6.0,1.0,5.0
2026-01-12,123.75065612792969,0.6331819965432378,0.6295226343693439,100.1051812253995,100.93264341153225,XLY,一般消費財・サービス,growth,Leading,6.0,1.0,5.0
2026-01-13,123.44258117675781,0.6316057017681515,0.6302169901689464,100.20055343040984,101.25298488382089,XLY,一般消費財・サービス,growth,Leading,7.0,2.0,5.0
2026-01-14,121.49469757080078,0.6188232709262177,0.6264190837547035,99.64248602915771,100.55815606472302,XLY,一般消費財・サービス,growth,Improving,6.0,0.0,1.0
2026-01-15,121.9419174194336,0.6183622331307844,0.6237334668800638,99.25672785082547,99.85402169186492,XLY,一般消費財・サービス,growth,Lagging,6.0,0.0,1.0
2026-01-16,121.54438781738281,0.6179255938592934,0.6217975092064737,98.99116912561531,99.2067006157073,XLY,一般消費財・サービス,growth,Lagging,5.0,-1.0,-2.0
2026-01-20,118.384033203125,0.6109747643467224,0.6181899275865567,98.51327688694164,98.53166408206911,XLY,一般消費財・サービス,growth,Lagging,4.0,-2.0,-3.0
2026-01-21,120.64994049072266,0.6123016502974036,0.6162271684901723,98.2982282418862,98.30047520401908,XLY,一般消費財・サービス,growth,Lagging,4.0,-3.0,-5.0
2026-01-22,121.86241912841797,0.6176496496437661,0.6167013288747036,98.4239015313222,98.97313803762198,XLY,一般消費財・サービス,growth,Lagging,4.0,-2.0,-2.0
2026-01-23,122.36925506591797,0.6229955243803695,0.618799394043259,98.74927600814085,99.6474687953082,XLY,一般消費財・サービス,growth,Lagging,5.0,-1.0,-1.0
2026-01-26,121.56426239013672,0.6174372068042722,0.6183453316302634,98.72822062113678,99.88179507987516,XLY,一般消費財・サービス,growth,Lagging,5.0,0.0,1.0
2026-01-27,121.93196868896484,0.620269955902328,0.618986873054285,98.84595214219934,100.43286207275192,XLY,一般消費財・サービス,growth,Improving,6.0,2.0,4.0
2026-01-28,121.01765441894531,0.6176992869405142,0.6185576776830282,98.82534111316072,100.60662165503426,XLY,一般消費財・サービス,growth,Improving,4.0,0.0,3.0
2026-01-29,120.44124603271484,0.6139519871790334,0.61702244751503,98.67222987418921,100.34687645949921,XLY,一般消費財・サービス,growth,Improving,2.0,-2.0,0.0
2026-01-30,120.4213638305664,0.615214197191039,0.6164196974070331,98.64257272253606,100.02463002135053,XLY,一般消費財・サービス,growth,Improving,2.0,-3.0,-2.0
2026-02-02,121.21642303466797,0.6161034319598033,0.6163142755912898,98.67599752762983,100.0793561025382,XLY,一般消費財・サービス,growth,Improving,2.0,-3.0,-3.0
2026-02-03,120.24247741699219,0.6127844248678369,0.6151376586834723,98.57672531844216,99.89043264295425,XLY,一般消費財・サービス,growth,Lagging,3.0,-3.0,-5.0
2026-02-04,119.35797882080078,0.6030230616347859,0.6110994596672434,98.12990393854304,99.51270367328874,XLY,一般消費財・サービス,growth,Lagging,2.0,-2.0,-2.0
2026-02-05,116.78397369384766,0.5951891005775708,0.6057960066373527,97.57333938562084,99.15774595982366,XLY,一般消費財・サービス,growth,Lagging,2.0,0.0,2.0
2026-02-06,117.26100158691406,0.5866878016723558,0.5994266049823538,96.97790499916697,98.66385021883171,XLY,一般消費財・サービス,growth,Lagging,1.0,-1.0,2.0
2026-02-09,116.82373809814453,0.584153453040571,0.5943355543350929,96.67502440806572,98.40551307222819,XLY,一般消費財・サービス,growth,Lagging,1.0,-1.0,2.0
2026-02-10,117.59891510009766,0.585944939458524,0.59153868270957,96.69735527401953,98.57261824971641,XLY,一般消費財・サービス,growth,Lagging,1.0,-2.0,1.0
2026-02-11,117.03244018554688,0.582090672517143,0.588389345978761,96.70844378425727,99.0190461755444,XLY,一般消費財・サービス,growth,Lagging,1.0,-1.0,1.0
2026-02-12,115.4124984741211,0.5816667178069449,0.586148469921489,96.80938596199094,99.62437655792276,XLY,一般消費財・サービス,growth,Lagging,1.0,-1.0,-1.0
2026-02-13,115.46219635009766,0.5759508585415317,0.5827492661281699,96.83124767931186,100.17590998660012,XLY,一般消費財・サービス,growth,Improving,1.0,0.0,1.0
2026-02-17,115.32306671142578,0.5762510439948623,0.5805831920837341,96.9581328743647,100.54976711546459,XLY,一般消費財・サービス,growth,Improving,1.0,0.0,1.0
2026-02-18,116.2969970703125,0.5781202331462255,0.5797622057712313,97.15444139040684,100.68681299395384,XLY,一般消費財・サービス,growth,Improving,1.0,0.0,2.0
2026-02-19,115.5218276977539,0.5754824281422155,0.578335613228226,97.28138594192546,100.7699240327069,XLY,一般消費財・サービス,growth,Improving,1.0,0.0,1.0
2026-02-20,116.72434997558594,0.5787662721215244,0.5784791661926589,97.47894156077415,100.84070957273285,XLY,一般消費財・サービス,growth,Improving,1.0,0.0,1.0
2026-02-23,114.27954864501953,0.5729321393499451,0.5766301572450877,97.53551825326146,100.85549157263875,XLY,一般消費財・サービス,growth,Improving,1.0,0.0,0.0
2026-02-24,116.01873779296875,0.5770487652776415,0.576769693255939,97.69037046614646,100.86118094625208,XLY,一般消費財・サービス,growth,Improving,2.0,1.0,1.0
2026-02-25,116.36656951904297,0.5784376947653668,0.5773256937590816,97.8443089855567,100.79195690683689,XLY,一般消費財・サービス,growth,Improving,2.0,1.0,1.0
2026-02-26,116.32682037353516,0.574992029706887,0.5765478057416834,97.91405024162357,100.70577964859666,XLY,一般消費財・サービス,growth,Improving,1.0,0.0,0.0
2026-02-27,116.13799285888672,0.573386495800259,0.5754940357612086,97.96566743525976,100.53436972775079,XLY,一般消費財・サービス,growth,Improving,1.0,0.0,0.0
2026-03-02,114.7068862915039,0.5673728571146082,0.5727869762123419,97.93768862797927,100.44114800022373,XLY,一般消費財・サービス,growth,Improving,1.0,0.0,0.0
2026-03-03,113.6534423828125,0.5691447331170321,0.571572895180572,97.98427694641866,100.33373530459349,XLY,一般消費財・サービス,growth,Improving,1.0,-1.0,-2.0
2026-03-04,115.6708984375,0.5769349993291195,0.5733602632300878,98.1591500538744,100.37517072348577,XLY,一般消費財・サービス,growth,Improving,1.0,-1.0,-2.0
2026-03-05,115.82991027832031,0.5844982058568483,0.5770729107723414,98.40060677576658,100.5807103784453,XLY,一般消費財・サービス,growth,Improving,2.0,1.0,1.0
2026-03-06,113.73294830322266,0.580838907341201,0.5783282429619613,98.51597831851853,100.66565386791709,XLY,一般消費財・サービス,growth,Improving,2.0,1.0,1.0
2026-03-09,113.88201904296875,0.5799610482667815,0.5788725113969013,98.59280959172325,100.78970353334968,XLY,一般消費財・サービス,growth,Improving,2.0,1.0,1.0
2026-03-10,113.73294830322266,0.5835778282152457,0.5804409503363495,98.70875617331478,100.87159799355807,XLY,一般消費財・サービス,growth,Improving,2.0,1.0,2.0
2026-03-11,113.43479919433594,0.5839726092930354,0.5816181699885781,98.80174245963295,100.77419932285034,XLY,一般消費財・サービス,growth,Improving,2.0,1.0,2.0
2026-03-12,110.83098602294922,0.5795305714441414,0.5809223038070992,98.8106849012097,100.50981157814974,XLY,一般消費財・サービス,growth,Improving,2.0,0.0,-1.0
2026-03-13,110.17506408691406,0.5761305245170328,0.5793250440437439,98.78153771995738,100.34306529881269,XLY,一般消費財・サービス,growth,Improving,2.0,0.0,-1.0
2026-03-16,111.50678253173828,0.5787875943794853,0.5791458941556578,98.81342819156036,100.28594590938276,XLY,一般消費財・サービス,growth,Improving,2.0,0.0,-1.0
2026-03-17,112.48072814941406,0.5805969055990322,0.5796295646367826,98.87162287038036,100.21762027589097,XLY,一般消費財・サービス,growth,Improving,3.0,1.0,0.0
2026-03-18,109.88685607910156,0.5747719662441801,0.5780103651725819,98.83995963958665,100.08588642816818,XLY,一般消費財・サービス,growth,Improving,3.0,1.0,0.0
2026-03-19,109.02223205566406,0.5706919369590966,0.5755708891014202,98.7749556312322,100.0209964947683,XLY,一般消費財・サービス,growth,Improving,2.0,0.0,0.0
2026-03-20,107.0743408203125,0.5688522748257545,0.5733313510095317,98.72056821775213,100.01251893772401,XLY,一般消費財・サービス,growth,Improving,2.0,0.0,0.0
2026-03-23,109.65948486328125,0.576441011490329,0.5743679045031308,98.80182336400827,100.1005746584772,XLY,一般消費財・サービス,growth,Improving,2.0,0.0,0.0
2026-03-24,109.22132110595703,0.5734496795683719,0.5740618295248778,98.8237277449749,100.08784491902794,XLY,一般消費財・サービス,growth,Improving,2.0,-1.0,-2.0
2026-03-25,110.26693725585938,0.5761476465376866,0.5747571018624807,98.88643858457816,100.2260754658913,XLY,一般消費財・サービス,growth,Improving,2.0,-1.0,-2.0
2026-03-26,108.3748779296875,0.5715069224179676,0.5736737087143098,98.87110044789267,100.30052976950854,XLY,一般消費財・サービス,growth,Improving,2.0,0.0,0.0
2026-03-27,105.23805236816406,0.5626803430997899,0.5700092535094698,98.743958946739,100.22325514096217,XLY,一般消費財・サービス,growth,Improving,2.0,0.0,0.0
2026-03-30,105.2181396484375,0.5637404319288989,0.5679196463159463,98.68721132759845,100.05459989840574,XLY,一般消費財・サービス,growth,Improving,2.0,0.0,0.0
2026-03-31,108.52425384521484,0.5697898355629837,0.5685430427316254,98.75042601966028,100.1011075597316,XLY,一般消費財・サービス,growth,Improving,2.0,0.0,1.0
2026-04-01,109.3408203125,0.5722285454822337,0.5697715436484948,98.83913709135962,100.12247322882418,XLY,一般消費財・サービス,growth,Improving,2.0,0.0,1.0
2026-04-02,107.69772338867188,0.5620240157900088,0.5671890343623328,98.75630505955371,100.02388498139456,XLY,一般消費財・サービス,growth,Improving,2.0,0.0,0.0
2026-04-06,108.58399963378906,0.5642237136053809,0.5662005941100156,98.7485792124846,100.1487600145441,XLY,一般消費財・サービス,growth,Improving,2.0,0.0,0.0
2026-04-07,107.31930541992188,0.5588914219318825,0.5637642033839712,98.67655221867766,100.1014216637826,XLY,一般消費財・サービス,growth,Improving,2.0,0.0,0.0
2026-04-08,110.35655975341797,0.5617315569791519,0.5630866545823647,98.6863322084939,100.00162476827296,XLY,一般消費財・サービス,growth,Improving,2.0,0.0,0.0
2026-04-09,112.26852416992188,0.571117527040763,0.5657636120684975,98.845266018008,100.07553477098347,XLY,一般消費財・サービス,growth,Improving,2.0,0.0,0.0
2026-04-10,112.41789245605469,0.5760360279214984,0.5691877506861645,99.033712263034,100.43272262885462,XLY,一般消費財・サービス,growth,Improving,2.0,0.0,0.0
2026-04-13,113.44358825683594,0.574918361108484,0.571097954160271,99.14896794671657,100.60369609460835,XLY,一般消費財・サービス,growth,Improving,3.0,1.0,1.0
2026-04-14,115.95305633544922,0.58519320402368,0.5757963707814073,99.40096100016024,101.0584403826155,XLY,一般消費財・サービス,growth,Improving,3.0,1.0,1.0
2026-04-15,117.68577575683594,0.5937297395001054,0.5817741603543067,99.72930725888439,101.51399642555205,XLY,一般消費財・サービス,growth,Improving,3.0,1.0,1.0
2026-04-16,117.13806915283203,0.5882861800774352,0.5839448335953497,99.87310404704888,101.46307378365461,XLY,一般消費財・サービス,growth,Improving,3.0,1.0,1.0
2026-04-17,119.90644836425781,0.5947198802778512,0.5875365158228502,100.1015785490922,101.4649516818444,XLY,一般消費財・サービス,growth,Leading,5.0,3.0,3.0
2026-04-20,119.36871337890625,0.5901935331620355,0.5884221882692453,100.18700962161769,101.3768864650264,XLY,一般消費財・サービス,growth,Leading,6.0,3.0,2.0
2026-04-21,118.47247314453125,0.5893771689231514,0.5887405151538807,100.23963279160188,101.08846672671706,XLY,一般消費財・サービス,growth,Leading,9.0,6.0,5.0
2026-04-22,118.4326400756836,0.5894409394964996,0.5889739899347537,100.28761219787776,100.68473835229575,XLY,一般消費財・サービス,growth,Leading,9.0,6.0,5.0
2026-04-23,117.24761199951172,0.5835718890812794,0.5871732896502623,100.21276910967619,100.33524198160528,XLY,一般消費財・サービス,growth,Leading,9.0,6.0,5.0
2026-04-24,118.19364929199219,0.5895035277261765,0.5879500356755671,100.30553145954961,100.1119599963355,XLY,一般消費財・サービス,growth,Leading,9.0,4.0,1.0
2026-04-27,117.34719848632812,0.5859778585414774,0.5872926432975373,100.30828607155327,99.9755343231485,XLY,一般消費財・サービス,growth,Weakening,9.0,3.0,0.0
2026-04-28,116.52067565917969,0.5848358223495188,0.5864737029815311,100.30307537551224,99.8929524461401,XLY,一般消費財・サービス,growth,Weakening,9.0,0.0,-6.0
2026-04-29,116.35137939453125,0.5850059131966515,0.5859844397199045,100.32398805925044,99.86284093821472,XLY,一般消費財・サービス,growth,Weakening,9.0,0.0,-6.0
2026-04-30,117.85506439208984,0.5837407583978562,0.5852365459458885,100.32538057785487,99.98402684610352,XLY,一般消費財・サービス,growth,Weakening,9.0,0.0,-6.0
2026-05-01,118.1338882446289,0.5869104417598833,0.58579451121722,100.44276550133551,100.01613330889421,XLY,一般消費財・サービス,growth,Leading,9.0,0.0,-4.0
2026-05-04,117.22769927978516,0.5858166083363923,0.5858018769236109,100.53061160524358,100.14117904080825,XLY,一般消費財・サービス,growth,Leading,9.0,0.0,-3.0
2026-05-05,117.57623291015625,0.5829327825078617,0.5848455121183611,100.53598383325188,100.14565974037211,XLY,一般消費財・サービス,growth,Leading,9.0,0.0,0.0
2026-05-06,119.36871337890625,0.5871684048908459,0.5856198097091894,100.73023127695782,100.39271141313168,XLY,一般消費財・サービス,growth,Leading,9.0,0.0,0.0
2026-05-07,119.378662109375,0.590996734772501,0.5874121180636266,101.05538516806729,100.87954125391215,XLY,一般消費財・サービス,growth,Leading,9.0,0.0,0.0
2026-05-08,119.69732666015625,0.5909483804839963,0.5885908722037498,101.28397447285252,101.06686660033058,XLY,一般消費財・サービス,growth,Leading,10.0,1.0,1.0
2026-05-11,118.87080383300781,0.5871842712774409,0.5881220052283136,101.26259597431427,100.9164691796079,XLY,一般消費財・サービス,growth,Leading,9.0,0.0,0.0
2026-05-12,117.79531860351562,0.5823856538128673,0.5862098880898315,101.02956690087497,100.44056937445936,XLY,一般消費財・サービス,growth,Leading,9.0,0.0,0.0
2026-05-13,118.22351837158203,0.5870663271820115,0.5864953677872249,101.07892125631545,100.03892828651492,XLY,一般消費財・サービス,growth,Leading,9.0,0.0,0.0
2026-05-14,118.17372131347656,0.5846868210101632,0.5858925188615377,100.99589580639253,98.80154235180309,XLY,一般消費財・サービス,growth,Weakening,10.0,1.0,1.0
2026-05-15,116.04267883300781,0.5801249183874622,0.5839699853701792,100.72331954466415,97.44086496487661,XLY,一般消費財・サービス,growth,Weakening,10.0,0.0,-1.0
2026-05-18,115.83354949951172,0.5755387079167787,0.5811595595523791,100.32996721002135,96.75839805913667,XLY,一般消費財・サービス,growth,Weakening,10.0,1.0,1.0
2026-05-19,114.5489501953125,0.5724870112721621,0.5782687101256401,99.9302479221369,96.72093649740515,XLY,一般消費財・サービス,growth,Lagging,8.0,-1.0,-1.0
2026-05-20,117.44678497314453,0.5806055019006419,0.5790476407173074,100.0372763250054,97.12342034133962,XLY,一般消費財・サービス,growth,Weakening,8.0,-1.0,-1.0
2026-05-21,118.20359802246094,0.5818348436150863,0.5799767083499003,100.16346756673686,97.72302138918049,XLY,一般消費財・サービス,growth,Weakening,8.0,-2.0,-3.0
2026-05-22,118.68159484863281,0.5788995343299721,0.5796176503432576,100.10687471995658,98.2548795352063,XLY,一般消費財・サービス,growth,Weakening,9.0,-1.0,-1.0
2026-05-26,118.9504623413086,0.5772490761319411,0.5788281256061522,99.99217885756343,98.86980352390044,XLY,一般消費財・サービス,growth,Lagging,9.0,-1.0,-2.0
2026-05-27,121.04168701171875,0.587822091624534,0.5818261142789461,100.4003219148027,100.55379068816555,XLY,一般消費財・サービス,growth,Leading,10.0,2.0,3.0
2026-05-28,121.54954528808594,0.5881342184480742,0.5839288156686555,100.67531340679244,100.90342228919654,XLY,一般消費財・サービス,growth,Leading,10.0,2.0,3.0
2026-05-29,120.36453247070312,0.5807828432126861,0.5828801581833325,100.51311089441162,100.30781151479623,XLY,一般消費財・サービス,growth,Leading,10.0,2.0,4.0
2026-06-01,117.69573974609375,0.5668738139155387,0.5775447100940679,99.75927100723828,98.8870184115556,XLY,一般消費財・サービス,growth,Lagging,10.0,1.0,2.0
2026-06-02,117.0982437133789,0.5617673568910352,0.5722855923597236,99.02035150022638,97.73742127806618,XLY,一般消費財・サービス,growth,Lagging,10.0,1.0,2.0
2026-06-03,116.2418441772461,0.5597642194000931,0.5681118013731802,98.46865382907784,96.3722446518378,XLY,一般消費財・サービス,growth,Lagging,8.0,-2.0,-4.0
2026-06-04,116.7696304321289,0.5580917609458735,0.5647717878974113,98.09227844820143,95.97242818137056,XLY,一般消費財・サービス,growth,Lagging,7.0,-3.0,-5.0
2026-06-05,114.3796615600586,0.5545601787735023,0.5613679181894418,97.76877906720861,96.29464562197467,XLY,一般消費財・サービス,growth,Lagging,2.0,-8.0,-10.0
2026-06-08,114.90744018554688,0.5577094567057524,0.560148431028212,97.74984706074558,97.46182369226193,XLY,一般消費財・サービス,growth,Lagging,2.0,-8.0,-9.0
2026-06-09,115.38543701171875,0.5557995755228569,0.558698812526427,97.71696082724529,98.42024195495553,XLY,一般消費財・サービス,growth,Lagging,2.0,-8.0,-9.0
2026-06-10,113.01538848876953,0.5513946794927296,0.5562641015151946,97.59660372616379,98.99246955197546,XLY,一般消費財・サービス,growth,Lagging,2.0,-6.0,-4.0
2026-06-11,115.81363677978516,0.5563727498862693,0.5563003176388862,97.74258271856053,99.65898397614863,XLY,一般消費財・サービス,growth,Lagging,2.0,-5.0,-2.0
2026-06-12,116.11238098144531,0.5528004591789626,0.555133698152245,97.75623055868148,100.08634853517175,XLY,一般消費財・サービス,growth,Improving,2.0,0.0,8.0
2026-06-15,118.07414245605469,0.5588922184254639,0.556386538243318,97.99152110441615,100.40431515105236,XLY,一般消費財・サービス,growth,Improving,2.0,0.0,8.0
2026-06-16,117.96460723876953,0.5602422927202105,0.5576717897356156,98.20242596637573,100.70093628756075,XLY,一般消費財・サービス,growth,Improving,2.0,0.0,8.0
2026-06-17,115.00701904296875,0.5545069331207445,0.5566168375306586,98.18373166263918,100.81267207747477,XLY,一般消費財・サービス,growth,Improving,2.0,0.0,6.0
2026-06-18,116.6700439453125,0.5599263711886853,0.5577200154166675,98.35250176480749,100.82364060258736,XLY,一般消費財・サービス,growth,Improving,3.0,1.0,6.0
2026-06-22,114.68740844726562,0.5492033681931981,0.5548811330088443,98.16938004815435,100.56983962209685,XLY,一般消費財・サービス,growth,Improving,2.0,0.0,0.0
2026-06-23,113.51000213623047,0.5454386713307018,0.5517336457827968,97.98922214204434,100.05799787975887,XLY,一般消費財・サービス,growth,Improving,2.0,0.0,0.0
2026-06-24,114.8171157836914,0.5478121054343199,0.5504264656666379,97.97950150671002,99.78977966122078,XLY,一般消費財・サービス,growth,Lagging,2.0,0.0,0.0
2026-06-25,113.10089874267578,0.5361324353743603,0.5456617889025455,97.7225414345721,99.50728884099964,XLY,一般消費財・サービス,growth,Lagging,2.0,0.0,0.0
2026-06-26,114.11865997314453,0.5446608654514687,0.5453281477521865,97.82180714640056,99.43541612219225,XLY,一般消費財・サービス,growth,Lagging,2.0,-1.0,-2.0
2026-06-29,116.86261749267578,0.5505839006705675,0.5470800653916469,98.04734549130906,99.93925005364835,XLY,一般消費財・サービス,growth,Lagging,2.0,0.0,0.0
2026-06-30,117.02226257324219,0.5520615790120788,0.5487405699317909,98.2380710264591,100.38644185115926,XLY,一般消費財・サービス,growth,Improving,3.0,1.0,1.0
2026-07-01,117.83048248291016,0.5542073935767927,0.5505628444801249,98.4231223945513,100.61301541106366,XLY,一般消費財・サービス,growth,Improving,6.0,4.0,4.0
2026-07-02,116.86261749267578,0.5458186943497099,0.5489814611033199,98.37002013176094,100.84346676557361,XLY,一般消費財・サービス,growth,Improving,4.0,2.0,2.0
2026-07-06,117.75066375732422,0.5497362310153686,0.5492330510740029,98.43794887015686,100.78736466446173,XLY,一般消費財・サービス,growth,Improving,5.0,3.0,4.0
2026-07-07,117.13201904296875,0.5475355825973824,0.5486672282484628,98.44777496929636,100.518156276376,XLY,一般消費財・サービス,growth,Improving,4.0,2.0,2.0
2026-07-08,115.04661560058594,0.5441992080642902,0.5471778881870719,98.39646422872781,100.22319467374855,XLY,一般消費財・サービス,growth,Improving,4.0,1.0,0.0
2026-07-09,116.59320831298828,0.5481567968751906,0.5475041910831115,98.46102956642916,100.07612299404674,XLY,一般消費財・サービス,growth,Improving,4.0,-2.0,-6.0
2026-07-10,116.98234558105469,0.5479331778609854,0.5476471866757362,98.51490825744652,100.20225385293116,XLY,一般消費財・サービス,growth,Improving,5.0,1.0,-1.0
2026-07-13,115.78498840332031,0.5425021121097942,0.5459321618204223,98.45995402783956,100.05924309517695,XLY,一般消費財・サービス,growth,Improving,3.0,-2.0,-5.0
2026-07-14,115.64529418945312,0.5438276072806553,0.5452306436404999,98.47190411660442,100.06914941179365,XLY,一般消費財・サービス,growth,Improving,3.0,-1.0,-3.0
2026-07-15,116.74288177490234,0.5502263800748712,0.5468958891186237,98.62242095217438,100.32444158042759,XLY,一般消費財・サービス,growth,Improving,4.0,0.0,-1.0
2026-07-16,117.0821304321289,0.5464625620068553,0.5467514467480343,98.66146017236571,100.31391987727321,XLY,一般消費財・サービス,growth,Improving,2.0,-2.0,0.0
2026-07-17,115.18630981445312,0.5418722924689812,0.54512506198835,98.61458873441025,100.21097900411297,XLY,一般消費財・サービス,growth,Improving,2.0,-3.0,-4.0
2026-07-20,114.3581314086914,0.5403822576123597,0.5435441271963533,98.57194296386494,100.24935863671405,XLY,一般消費財・サービス,growth,Improving,2.0,-1.0,1.0
2026-07-21,114.61756134033203,0.5407426718830064,0.542610308758571,98.56710306045923,100.25113212842703,XLY,一般消費財・サービス,growth,Improving,2.0,-1.0,0.0
2026-07-22,113.76942443847656,0.536892723246159,0.5407044469211004,98.50841877195435,100.0005183155242,XLY,一般消費財・サービス,growth,Improving,1.0,-3.0,-3.0
2026-07-23,108.52098846435547,0.5140096273750254,0.5318061737390755,98.07734261076762,99.40765067988924,XLY,一般消費財・サービス,growth,Lagging,1.0,-1.0,1.0
2026-07-24,109.16956329345703,0.5130867101717801,0.525566352549977,97.83658096507686,99.17857259624874,XLY,一般消費財・サービス,growth,Lagging,1.0,-1.0,2.0
2026-07-27,110.5964126586914,0.5159036530484777,0.522345452716144,97.77872424528964,99.1824465859362,XLY,一般消費財・サービス,growth,Lagging,1.0,-1.0,0.0
2026-07-28,112.2328109741211,0.5175005391151335,0.5207304815158071,97.80899830891269,99.24904702136972,XLY,一般消費財・サービス,growth,Lagging,1.0,-1.0,0.0
2026-07-29,111.3647232055664,0.5181631911941206,0.519874718075245,97.87384632224888,99.42501589756156,XLY,一般消費財・サービス,growth,Lagging,1.0,0.0,3.0
2026-07-30,112.14300537109375,0.522632312076758,0.5207939160757493,98.01444254612242,100.16840776198566,XLY,一般消費財・サービス,growth,Improving,1.0,0.0,1.0
2026-07-31,115.83487701416016,0.5407669442488263,0.5274515921334417,98.4080836779355,100.97552928199103,XLY,一般消費財・サービス,growth,Improving,2.0,1.0,2.0
2026-08-03,117.9502182006836,0.545316138276912,0.5334064408479319,98.7445984132953,101.44361911586972,XLY,一般消費財・サービス,growth,Improving,4.0,3.0,4.0
2026-08-04,118.03004455566406,0.5379544935952525,0.5349224584303721,98.85537776706039,101.50363202159294,XLY,一般消費財・サービス,growth,Improving,5.0,4.0,5.0
2026-08-05,118.3792724609375,0.5407739334565614,0.5368729501057686,98.98440086130528,101.53863019435062,XLY,一般消費財・サービス,growth,Improving,7.0,6.0,6.0
2026-08-06,117.84046173095703,0.541144747741853,0.5382968826511301,99.08461352207836,101.45583183927891,XLY,一般消費財・サービス,growth,Improving,6.0,5.0,5.0
2026-08-07,119.59659576416016,0.5454412315493282,0.5406783322838629,99.23146377932665,101.15354605562234,XLY,一般消費財・サービス,growth,Improving,6.0,4.0,3.0
2026-08-10,119.4070053100586,0.5442550887483838,0.5418705844387032,99.31759852475871,100.86133622242951,XLY,一般消費財・サービス,growth,Improving,6.0,2.0,-1.0
2026-08-11,118.97795104980469,0.5411445240005588,0.541628564292655,99.3289123792252,100.74914312549333,XLY,一般消費財・サービス,growth,Improving,6.0,1.0,-3.0
2026-08-12,117.63092041015625,0.5340740617578513,0.5391103967810538,99.21724294445188,100.46252302804376,XLY,一般消費財・サービス,growth,Improving,5.0,-2.0,-8.0
2026-08-13,118.18968963623047,0.532635778060343,0.5369521905408169,99.12234843169038,100.23077952839469,XLY,一般消費財・サービス,growth,Improving,6.0,0.0,-5.0
2026-08-14,117.94023895263672,0.5314161485140271,0.5351068431985537,99.04239689944802,99.95549822276341,XLY,一般消費財・サービス,growth,Lagging,5.0,-1.0,-5.0
2026-08-17,116.4934310913086,0.5296043045318218,0.5332726636429764,98.96196564334865,99.74709140973223,XLY,一般消費財・サービス,growth,Lagging,5.0,-1.0,-3.0
2026-08-18,116.10428619384766,0.530236689833567,0.5322606723731733,98.92968158010831,99.68106000084929,XLY,一般消費財・サービス,growth,Lagging,5.0,-1.0,-2.0
2026-08-19,118.32938385009766,0.5348501815080932,0.5331238420848132,99.00886462269015,99.89816104227376,XLY,一般消費財・サービス,growth,Lagging,6.0,1.0,3.0
2026-08-20,116.423583984375,0.5305121438933438,0.5322532760209902,98.98198440518877,99.96489192206738,XLY,一般消費財・サービス,growth,Lagging,6.0,0.0,0.0
2026-08-21,117.76063537597656,0.5332399500005562,0.5325821673475122,99.02585039959072,100.10563459228705,XLY,一般消費財・サービス,growth,Improving,5.0,0.0,1.0
2026-08-24,118.04002380371094,0.5338788567541736,0.5330143971497326,99.07534041764988,100.25688530931932,XLY,一般消費財・サービス,growth,Improving,6.0,1.0,2.0
2026-08-25,117.69078826904297,0.5326833312027336,0.5329040418340664,99.08922776191235,100.30572588799822,XLY,一般消費財・サービス,growth,Improving,6.0,1.0,2.0
2026-08-26,116.90252685546875,0.5283056339161597,0.5313712391947643,99.00011885579049,100.10115967852768,XLY,一般消費財・サービス,growth,Improving,6.0,0.0,-1.0
2026-08-27,115.62533569335938,0.5240910995721092,0.5289445259872125,98.8323397871587,99.93628507797081,XLY,一般消費財・サービス,growth,Lagging,5.0,-1.0,-1.0
2026-08-28,116.9524154663086,0.5319318297197643,0.5299402938980631,98.90448523870243,99.98235135573951,XLY,一般消費財・サービス,growth,Lagging,5.0,0.0,0.0
2026-08-31,116.33377838134766,0.5322534073521832,0.5307113317161032,98.97134707285662,99.99981708376394,XLY,一般消費財・サービス,growth,Lagging,5.0,-1.0,-2.0
2026-09-01,114.33817291259766,0.5274505623311345,0.5296244085877804,98.89455237247067,99.86509732832343,XLY,一般消費財・サービス,growth,Lagging,4.0,-2.0,-3.0
2026-09-02,114.60758209228516,0.5262506200726992,0.5284998124160867,98.81727769507005,99.83634692625303,XLY,一般消費財・サービス,growth,Lagging,4.0,-2.0,-2.0
2026-09-03,116.20406341552734,0.5300653064332478,0.5290216437551405,98.88661814191,100.11676657122813,XLY,一般消費財・サービス,growth,Improving,4.0,-1.0,0.0
2026-09-04,114.65747833251953,0.5255181333380331,0.5278538069494381,98.80983570805549,99.79187195211479,XLY,一般消費財・サービス,growth,Lagging,4.0,-1.0,-1.0
2026-09-08,113.73949432373047,0.5267708194792157,0.5274928111260306,98.80649574314053,99.56032956370149,XLY,一般消費財・サービス,growth,Lagging,4.0,-1.0,0.0
2026-09-09,112.21285247802734,0.5247607940334391,0.5265821387618335,98.75391028998474,99.54304391270071,XLY,一般消費財・サービス,growth,Lagging,3.0,-1.0,1.0
2026-09-10,111.71395111083984,0.5260302994857304,0.5263981923364658,98.7716264489067,99.71245807899349,XLY,一般消費財・サービス,growth,Lagging,3.0,-1.0,1.0
2026-09-11,112.71175384521484,0.5265297168683265,0.5264420338470861,98.80873318335757,99.62698073372336,XLY,一般消費財・サービス,growth,Lagging,3.0,-1.0,0.0
2026-09-14,112.60199737548828,0.5256744739290701,0.5261861805410808,98.8175298558484,99.82180553266004,XLY,一般消費財・サービス,growth,Lagging,3.0,-1.0,0.0
2026-09-15,110.63632202148438,0.5190325086552401,0.5238016232458006,98.62170926179387,99.39847213387011,XLY,一般消費財・サービス,growth,Lagging,2.0,-2.0,-1.0
2026-09-16,109.9378662109375,0.5198375772724777,0.5224802745880264,98.52592348094396,99.32349858083276,XLY,一般消費財・サービス,growth,Lagging,2.0,-1.0,0.0
2026-09-17,111.14520263671875,0.5230087572947538,0.5226564354902689,98.57654116575898,99.4220624212966,XLY,一般消費財・サービス,growth,Lagging,2.0,-1.0,0.0
2026-09-18,110.78599548339844,0.5238232489710355,0.5230453733171911,98.6405551408863,99.50702824571438,XLY,一般消費財・サービス,growth,Lagging,2.0,-1.0,0.0
2026-09-21,112.2300033569336,0.5276942224086962,0.5245949896810262,98.82725237110469,99.93730769730236,XLY,一般消費財・サービス,growth,Lagging,5.0,2.0,3.0
2026-09-22,112.33000183105469,0.527866542387847,0.5256855072499665,98.97056175991803,100.71852056278891,XLY,一般消費財・サービス,growth,Improving,5.0,3.0,5.0
2026-09-23,110.6500015258789,0.5236382698608332,0.5250030947869221,98.9270838703514,100.8158976273362,XLY,一般消費財・サービス,growth,Improving,4.0,2.0,3.0
2026-09-24,110.31999969482422,0.5246837371682587,0.5248966422473677,98.94894784637603,100.72330522489369,XLY,一般消費財・サービス,growth,Improving,4.0,2.0,3.0
2026-09-25,110.55999755859375,0.5237080064371548,0.52450043031063,98.93948915769761,100.52675422401502,XLY,一般消費財・サービス,growth,Improving,5.0,3.0,4.0
2026-09-28,110.55999755859375,0.5237080064371548,0.5242362890194716,98.94261930979157,100.07970935059753,XLY,一般消費財・サービス,growth,Improving,4.0,-1.0,-3.0
2024-09-30,88.2770767211914,0.5090456754940852,0.5090456754940852,,,XLC,通信サービス,growth,,,,
2024-10-01,88.3454360961914,0.5121555196730021,0.5100822902203909,,,XLC,通信サービス,growth,,,,
2024-10-02,88.07200622558594,0.5111153380197117,0.5104266394868311,,,XLC,通信サービス,growth,,,,
2024-10-03,87.76927947998047,0.5117734502988183,0.5108755764241601,,,XLC,通信サービス,growth,,,,
2024-10-04,88.74579620361328,0.5134393214884189,0.5117301581122464,,,XLC,通信サービス,growth,,,,
2024-10-07,87.55445098876953,0.5105208079298605,0.5113270413847846,,,XLC,通信サービス,growth,,,,
2024-10-08,88.32589721679688,0.5138009775533402,0.5121516867743031,,,XLC,通信サービス,growth,,,,
2024-10-09,88.3552017211914,0.5104648239278994,0.5115893991588353,,,XLC,通信サービス,growth,,,,
2024-10-10,87.70093536376953,0.5085905427266711,0.5105897803481139,,,XLC,通信サービス,growth,,,,
2024-10-11,88.3063735961914,0.507120013992306,0.5094331915628446,,,XLC,通信サービス,growth,,,,
2024-10-14,88.71648406982422,0.5057641447630818,0.5082101759629237,,,XLC,通信サービス,growth,,,,
2024-10-15,88.91181182861328,0.5091816862791977,0.5085340127350151,,,XLC,通信サービス,growth,,,,
2024-10-16,88.85320281982422,0.5054280001534577,0.5074986752078293,,,XLC,通信サービス,growth,,,,
2024-10-17,88.43331909179688,0.50384401087084,0.5062804537621662,,,XLC,通信サービス,growth,,,,
2024-10-18,89.08757781982422,0.506064687281761,0.5062085316020313,,,XLC,通信サービス,growth,,,,
2024-10-21,88.73603820800781,0.5084005259721248,0.5069391963920624,,,XLC,通信サービス,growth,,,,
2024-10-22,88.86299133300781,0.5114252383763379,0.5084345437201543,,,XLC,通信サービス,growth,,,,
2024-10-23,88.1891860961914,0.5092210281062632,0.5086967051821907,,,XLC,通信サービス,growth,,,,
2024-10-24,88.49190521240234,0.5108547052515433,0.5094160385386416,,,XLC,通信サービス,growth,,,,
2024-10-25,88.71648406982422,0.5145953816443815,0.5111424862405549,,,XLC,通信サービス,growth,,,,
2024-10-28,89.28288269042969,0.5149605628405773,0.5124151784405624,,,XLC,通信サービス,growth,,,,
2024-10-29,90.1226806640625,0.5213760674306974,0.515402141437274,,,XLC,通信サービス,growth,,,,
2024-10-30,90.66952514648438,0.5256877685448558,0.518830683806468,,,XLC,通信サービス,growth,,,,
2024-10-31,89.8785629272461,0.5267182265484776,0.5214598647204712,,,XLC,通信サービス,growth,,,,
2024-11-01,90.23011016845703,0.5284486195352031,0.5237894496587152,,,XLC,通信サービス,growth,,,,
2024-11-04,89.92738342285156,0.5260494155106663,0.5245427716093656,,,XLC,通信サービス,growth,,,,
2024-11-05,90.92343139648438,0.5257436941722046,0.5249430791303119,,,XLC,通信サービス,growth,,,,
2024-11-06,93.15965270996094,0.5262159407813559,0.5253673663473266,,,XLC,通信サービス,growth,,,,
2024-11-07,94.38030242919922,0.5325867014072161,0.5277738113672898,,,XLC,通信サービス,growth,,,,
2024-11-08,93.92133331298828,0.5270603097304137,0.5275359774883311,,,XLC,通信サービス,growth,,,,
2024-11-11,94.44865417480469,0.5273839255345761,0.5274852935037462,,,XLC,通信サービス,growth,,,,
2024-11-12,94.8783187866211,0.5338515780011385,0.5296073883362102,,,XLC,通信サービス,growth,,,,
2024-11-13,94.9173812866211,0.5337806343304267,0.5309984703342824,,,XLC,通信サービス,growth,,,,
2024-11-14,94.8099594116211,0.5374773018705888,0.5331580808463846,,,XLC,通信サービス,growth,,,,
2024-11-15,92.91552734375,0.5305221485351055,0.5322794367426249,,,XLC,通信サービス,growth,,,,
2024-11-18,93.83345031738281,0.5336104702893876,0.5327231145915459,,,XLC,通信サービス,growth,,,,
2024-11-19,94.44865417480469,0.538561644634184,0.5346692912724252,,,XLC,通信サービス,growth,,,,
2024-11-20,95.05408477783203,0.540195097433818,0.5365112266595562,,,XLC,通信サービス,growth,,,,
2024-11-21,94.8099594116211,0.5321048509717058,0.5350424347636061,,,XLC,通信サービス,growth,,,,
2024-11-22,94.60489654541016,0.5268042820848139,0.5322963838706753,,,XLC,通信サービス,growth,,,,
2024-11-25,95.09315490722656,0.5247712597609,0.529788009167417,,,XLC,通信サービス,growth,,,,
2024-11-26,95.44469451904297,0.5266549532384825,0.5287436571911055,,,XLC,通信サービス,growth,,,,
2024-11-27,95.5716552734375,0.5278630643829568,0.5284501262550559,,,XLC,通信サービス,growth,,,,
2024-11-29,96.08920288085938,0.5291092326687646,0.5286698283929588,,,XLC,通信サービス,growth,,,,
2024-12-02,96.88018798828125,0.5348044384841472,0.530714698423355,,,XLC,通信サービス,growth,,,,
2024-12-03,97.66139221191406,0.5415184901905706,0.5343159623457603,,,XLC,通信サービス,growth,,,,
2024-12-04,97.885986328125,0.5427347195071622,0.5371222147328943,,,XLC,通信サービス,growth,,,,
2024-12-05,97.66139221191406,0.5442057132129081,0.5394833808928989,,,XLC,通信サービス,growth,,,,
2024-12-06,98.55977630615234,0.5498345698740112,0.5429337772199364,,,XLC,通信サービス,growth,,,,
2024-12-09,96.46027374267578,0.5403395556743846,0.5420690367047525,,,XLC,通信サービス,growth,,,,
2024-12-10,97.973876953125,0.5522015723360498,0.5454465485818516,,,XLC,通信サービス,growth,,,,
2024-12-11,99.57536315917969,0.5607079603132685,0.5505336858256573,,,XLC,通信サービス,growth,,,,
2024-12-12,99.76090240478516,0.5638115948940444,0.5549596555151197,,,XLC,通信サービス,growth,,,,
2024-12-13,98.5695571899414,0.559035814579394,0.5563183752032111,,,XLC,通信サービス,growth,,,,
2024-12-16,98.95038604736328,0.5630503520490546,0.558562367485159,,,XLC,通信サービス,growth,,,,
2024-12-17,98.20823669433594,0.5632635597464087,0.5601294315722423,,,XLC,通信サービス,growth,,,,
2024-12-18,95.40562438964844,0.5638744800227552,0.5613777810557466,,,XLC,通信サービス,growth,,,,
2024-12-19,95.1419906616211,0.5641883302022843,0.5623146307712592,,,XLC,通信サービス,growth,,,,
2024-12-20,95.65953063964844,0.5594223937146237,0.5613505517523807,,,XLC,通信サービス,growth,,,,
2024-12-23,96.18234252929688,0.5617140308517355,0.5614717114521657,,,XLC,通信サービス,growth,,,,
2024-12-24,97.09288024902344,0.5627855904620392,0.5619096711221235,,,XLC,通信サービス,growth,,,,
2024-12-26,96.96560668945312,0.5611316553907373,0.5616503325449949,,,XLC,通信サービス,growth,,,,
2024-12-27,96.1040267944336,0.559954343209546,0.561085002766512,101.75276586019737,,XLC,通信サービス,growth,,9.0,,
2024-12-30,95.0956039428711,0.5597173816711665,0.5606291290680635,101.66096327271916,,XLC,通信サービス,growth,,9.0,,
2024-12-31,94.78231048583984,0.556854601832577,0.5593709533229014,101.53489068355285,,XLC,通信サービス,growth,,9.0,,
2025-01-02,95.2424545288086,0.5611913209230324,0.5599777425229451,101.51116672044037,,XLC,通信サービス,growth,,10.0,,
2025-01-03,95.82987976074219,0.5595286682505544,0.5598280510988148,101.45087032034543,,XLC,通信サービス,growth,,10.0,,
2025-01-06,96.86769104003906,0.5659733991688422,0.5618765004554906,101.50303095025455,,XLC,通信サービス,growth,,10.0,1.0,
2025-01-07,95.79073333740234,0.5615614502156796,0.561771483708887,101.4459585687274,,XLC,通信サービス,growth,,10.0,1.0,
2025-01-08,95.22286987304688,0.5575655309877111,0.5603694994684951,101.3280541671628,,XLC,通信サービス,growth,,10.0,1.0,
2025-01-10,93.8032455444336,0.5574007716126341,0.5593799235165415,101.23662813626665,,XLC,通信サービス,growth,,10.0,0.0,
2025-01-13,93.84241485595703,0.5531001880073692,0.5572866783468174,101.09444599871281,,XLC,通信サービス,growth,,11.0,1.0,
2025-01-14,93.52912139892578,0.54683945100554,0.5538042692330583,100.88599335176873,,XLC,通信サービス,growth,,9.0,-1.0,-2.0
2025-01-15,95.06622314453125,0.5505423632180235,0.5527169672280468,100.80292050782919,,XLC,通信サービス,growth,,8.0,-2.0,-3.0
2025-01-16,94.52775573730469,0.5431466019598785,0.5495268454719907,100.60953729230754,,XLC,通信サービス,growth,,8.0,-2.0,-3.0
2025-01-17,95.35015106201172,0.5452244904084611,0.5480927271174809,100.50803962012576,,XLC,通信サービス,growth,,8.0,-2.0,-2.0
2025-01-21,96.21172332763672,0.5438379798201436,0.5466744780183685,100.40502715900578,,XLC,通信サービス,growth,,7.0,-4.0,-5.0
2025-01-22,97.17120361328125,0.5511982797092734,0.5481824119153369,100.46538867202572,,XLC,通信サービス,growth,,7.0,-2.0,-1.0
2025-01-23,97.42576599121094,0.550035914446946,0.54880024609254,100.47657222554,,XLC,通信サービス,growth,,6.0,-2.0,0.0
2025-01-24,98.3069076538086,0.5554980118910608,0.551032834692047,100.58632164300995,,XLC,通信サービス,growth,,7.0,-1.0,1.0
2025-01-27,98.81600189208984,0.5580071458630819,0.553357605082392,100.70696463542528,,XLC,通信サービス,growth,,9.0,1.0,3.0
2025-01-28,99.29574584960938,0.563498030836219,0.5567377470003343,100.90045685564932,,XLC,通信サービス,growth,,9.0,2.0,6.0
2025-01-29,99.73632049560547,0.5678765686432428,0.5604506875479704,101.12123001810335,,XLC,通信サービス,growth,,10.0,3.0,5.0
2025-01-30,99.834228515625,0.5624304992500624,0.5611106247820011,101.14388480104876,,XLC,通信サービス,growth,,10.0,4.0,6.0
2025-01-31,100.23564147949219,0.5693654446754886,0.5638622314131636,101.30642440472528,,XLC,通信サービス,growth,,10.0,3.0,4.0
2025-02-03,100.4510269165039,0.5737227785641136,0.5671490804634802,101.49927287820769,,XLC,通信サービス,growth,,10.0,1.0,0.0
2025-02-04,101.35176849365234,0.5781616672167837,0.5708199427145815,101.70663024979628,,XLC,通信サービス,growth,,10.0,1.0,-1.0
2025-02-05,100.3727035522461,0.5697981390939604,0.5704793415077078,101.630120131621,,XLC,通信サービス,growth,,10.0,0.0,-3.0
2025-02-06,100.80349731445312,0.5730020413376291,0.571320241451015,101.63725710900293,,XLC,通信サービス,growth,,10.0,0.0,-4.0
2025-02-07,100.58810424804688,0.5746013375057278,0.5724139401359194,101.66161975753717,,XLC,通信サービス,growth,,9.0,-1.0,-4.0
2025-02-10,101.03845977783203,0.5755452296237771,0.5734577032985386,101.6818938486173,,XLC,通信サービス,growth,,10.0,0.0,-1.0
2025-02-11,101.20491027832031,0.576429600927771,0.5744483358416161,101.69387067079666,,XLC,通信サービス,growth,,10.0,0.0,-1.0
2025-02-12,101.31260681152344,0.580414682632823,0.5764371181053518,101.77278147419447,,XLC,通信サービス,growth,,10.0,0.0,0.0
2025-02-13,102.47767639160156,0.5820365873126336,0.5783036078411125,101.83918141121475,,XLC,通信サービス,growth,,10.0,0.0,0.0
2025-02-14,103.10426330566406,0.5861774013456927,0.5809282056759726,101.94515969892096,,XLC,通信サービス,growth,,10.0,1.0,2.0
2025-02-18,102.62452697753906,0.5790054926138845,0.5802873013219432,101.83015889315664,,XLC,通信サービス,growth,,10.0,0.0,0.0
2025-02-19,102.74201202392578,0.5784953417437801,0.5796899814625556,101.7239193620262,,XLC,通信サービス,growth,,10.0,0.0,0.0
2025-02-20,102.26228332519531,0.5772463743274902,0.5788754457508671,101.61354400567976,,XLC,通信サービス,growth,,11.0,1.0,1.0
2025-02-21,100.86223602294922,0.5774489245559962,0.5783999386859102,101.53180064960095,,XLC,通信サービス,growth,,10.0,0.0,0.0
2025-02-24,101.05805206298828,0.5780878135759596,0.5782958969825933,101.4765850964608,,XLC,通信サービス,growth,,8.0,-2.0,-3.0
2025-02-25,99.56009674072266,0.5689499117246434,0.5751805685632767,101.22610544872424,,XLC,通信サービス,growth,,8.0,-2.0,-2.0
2025-02-26,99.38386535644531,0.5691433246157365,0.5731681539140967,101.05752832444017,,XLC,通信サービス,growth,,6.0,-4.0,-4.0
2025-02-27,98.42438507080078,0.5686145314334676,0.571650279753887,100.92701833520198,,XLC,通信サービス,growth,,6.0,-5.0,-6.0
2025-02-28,99.86360931396484,0.5705894445867965,0.5712966680315236,100.88025937117189,,XLC,通信サービス,growth,,6.0,-4.0,-4.0
2025-03-03,98.86495208740234,0.570967593832026,0.571186976631691,100.85324698099649,,XLC,通信サービス,growth,,6.0,-2.0,0.0
2025-03-04,98.08172607421875,0.5757461053584227,0.5727066862072683,100.95228458383488,,XLC,通信サービス,growth,,6.0,-2.0,0.0
2025-03-05,99.34468841552734,0.5777897633207774,0.5744010452451047,101.07449297282223,,XLC,通信サービス,growth,,6.0,0.0,4.0
2025-03-06,97.56282806396484,0.5737798150911111,0.5741939685271069,101.04707217124908,,XLC,通信サービス,growth,,6.0,0.0,5.0
2025-03-07,98.18940734863281,0.5721049048198968,0.573497613958037,100.97264788064835,,XLC,通信サービス,growth,,6.0,0.0,4.0
2025-03-10,95.74178314208984,0.5658174925721351,0.5709375734960698,100.72508930382455,,XLC,通信サービス,growth,,6.0,0.0,2.0
2025-03-11,94.33193969726562,0.5650103362047196,0.5689618277322864,100.51837968117343,,XLC,通信サービス,growth,,5.0,-1.0,1.0
2025-03-12,94.80188751220703,0.5705137605597318,0.5694791386747682,100.54425700873014,,XLC,通信サービス,growth,,5.0,-1.0,-1.0
2025-03-13,92.85356903076172,0.5641976629552926,0.5677186467682763,100.34221043123729,,XLC,通信サービス,growth,,5.0,-1.0,-1.0
2025-03-14,94.55711364746094,0.5638004671152824,0.566412586883945,100.17852553016006,,XLC,通信サービス,growth,,5.0,-1.0,-1.0
2025-03-17,95.232666015625,0.5602678369045968,0.564364336890829,99.93528705993609,,XLC,通信サービス,growth,,3.0,-3.0,-3.0
2025-03-18,93.90116119384766,0.5553222226293003,0.5613502988036528,99.59296367787357,,XLC,通信サービス,growth,,3.0,-2.0,-1.0
2025-03-19,95.01728820800781,0.5577895312386352,0.5601633762819803,99.4532575504178,,XLC,通信サービス,growth,,3.0,-2.0,-1.0
2025-03-20,94.81166076660156,0.5589088572036374,0.5597452032558661,99.40424968988157,,XLC,通信サービス,growth,,3.0,-2.0,-1.0
2025-03-21,95.55575561523438,0.5658875038765966,0.5617926367961097,99.62690195449241,,XLC,通信サービス,growth,,3.0,-2.0,-1.0
2025-03-24,96.90889739990234,0.5651432883877907,0.5629095206600034,99.74747868680826,,XLC,通信サービス,growth,,3.0,0.0,3.0
2025-03-25,98.13633728027344,0.5736727514177777,0.5664972642459283,100.13729416045571,,XLC,通信サービス,growth,,3.0,0.0,2.0
2025-03-26,97.30166625976562,0.5698664771866616,0.5676203352261728,100.25090732228593,,XLC,通信サービス,growth,,3.0,0.0,2.0
2025-03-27,96.8696060180664,0.5687992120516743,0.5680132941680067,100.28320513400661,,XLC,通信サービス,growth,,3.0,0.0,2.0
2025-03-28,94.01212310791016,0.5606639776323303,0.5655635219894479,100.00495417110727,,XLC,通信サービス,growth,,3.0,0.0,2.0
2025-03-31,94.70930480957031,0.560159281002745,0.5637621083272136,99.80085692572013,,XLC,通信サービス,growth,,3.0,0.0,0.0
2025-04-01,94.76823425292969,0.5599260407628667,0.5624834191390979,99.65579368180133,,XLC,通信サービス,growth,,3.0,0.0,0.0
2025-04-02,95.10208892822266,0.557239084633125,0.560735307637107,99.46089886888903,,XLC,通信サービス,growth,,3.0,0.0,0.0
2025-04-03,90.86005401611328,0.5590138116093147,0.5601614756278429,99.39504240631393,,XLC,通信サービス,growth,,3.0,0.0,0.0
2025-04-04,85.65572357177734,0.5583429879461893,0.5595553130672918,99.32855544645066,,XLC,通信サービス,growth,,4.0,1.0,1.0
2025-04-07,85.77354431152344,0.5638101082223576,0.5609735781189804,99.48392204162552,99.71603515576881,XLC,通信サービス,growth,Lagging,4.0,1.0,1.0
2025-04-08,84.5755615234375,0.5666230426169686,0.5628567329516432,99.69204001874084,100.38056532925857,XLC,通信サービス,growth,Improving,4.0,1.0,1.0
2025-04-09,92.04822540283203,0.5710215894947073,0.5655783517993312,99.98904630742055,101.27793367757302,XLC,通信サービス,growth,Improving,6.0,3.0,3.0
2025-04-10,88.86669921875,0.5704901569826312,0.5672156201937646,100.1603446047922,101.65632279612993,XLC,通信サービス,growth,Leading,5.0,2.0,2.0
2025-04-11,89.62279510498047,0.5667504575190896,0.567060565968873,100.12983310907973,101.65359204725107,XLC,通信サービス,growth,Leading,5.0,1.0,0.0
2025-04-14,90.2217788696289,0.563340922957785,0.565820684965177,99.97485448587797,101.06351004939,XLC,通信サービス,growth,Improving,4.0,0.0,-1.0
2025-04-15,90.44763946533203,0.566581147710841,0.566074172547065,99.98121643226675,100.68033339119911,XLC,通信サービス,growth,Improving,4.0,0.0,-1.0
2025-04-16,88.01239013671875,0.5584970567451631,0.5635484672797644,99.66385290262173,99.57013797657322,XLC,通信サービス,growth,Lagging,4.0,-2.0,-5.0
2025-04-17,88.5819320678711,0.5579641904836599,0.5616870416810629,99.40459589060072,98.79793131908947,XLC,通信サービス,growth,Lagging,4.0,-1.0,-3.0
2025-04-21,86.58856964111328,0.556597830210776,0.559990637857634,99.14519170362263,98.41006014265324,XLC,通信サービス,growth,Lagging,3.0,-2.0,-3.0
2025-04-22,88.84706115722656,0.557372659981083,0.5591179785654503,98.96360910439826,98.39169240280137,XLC,通信サービス,growth,Lagging,3.0,-1.0,-1.0
2025-04-23,90.2708969116211,0.5608789445376768,0.5597049672228591,98.97235558628311,98.44010946368236,XLC,通信サービス,growth,Lagging,2.0,-2.0,-2.0
2025-04-24,92.07768249511719,0.5625862958506578,0.560665410098792,99.0336747767993,99.10709138884586,XLC,通信サービス,growth,Lagging,2.0,-2.0,0.0
2025-04-25,92.65703582763672,0.5669375825157884,0.5627561342377908,99.27792044539268,99.97459101340091,XLC,通信サービス,growth,Lagging,3.0,-1.0,0.0
2025-04-28,93.01053619384766,0.5675076613748653,0.5643399766168157,99.47137996742103,100.74729121543255,XLC,通信サービス,growth,Improving,4.0,1.0,3.0
2025-04-29,93.6880874633789,0.5683249105065007,0.5656682879133774,99.64869566624978,101.34876247842143,XLC,通信サービス,growth,Improving,4.0,1.0,2.0
2025-04-30,93.71754455566406,0.5676970028823558,0.5663445262363702,99.73912836195882,101.47862624960307,XLC,通信サービス,growth,Improving,4.0,2.0,4.0
2025-05-01,94.19869995117188,0.5713885605962931,0.5680258710230113,99.99356880340729,101.77631364298534,XLC,通信サービス,growth,Improving,5.0,3.0,5.0
2025-05-02,95.66180419921875,0.5702035283485914,0.5687517567982048,100.10000527067501,101.53657614116479,XLC,通信サービス,growth,Leading,6.0,3.0,4.0
2025-05-05,95.88766479492188,0.5734514737637556,0.5703183291200551,100.34873799192096,101.62078415381798,XLC,通信サービス,growth,Leading,6.0,2.0,1.0
2025-05-06,95.8680191040039,0.5776158285034012,0.5727508289145038,100.74064950225288,101.94433274630528,XLC,通信サービス,growth,Leading,7.0,3.0,2.0
2025-05-07,95.6912612915039,0.5727784092030013,0.572760022344003,100.7337944731478,101.74141423682345,XLC,通信サービス,growth,Leading,7.0,3.0,1.0
2025-05-08,95.9171142578125,0.5693405918094429,0.5716202121658163,100.54693176685757,101.0266751344146,XLC,通信サービス,growth,Leading,7.0,2.0,-1.0
2025-05-09,95.42615509033203,0.5665575891566187,0.5699326711627504,100.27916024539408,100.42977523785514,XLC,通信サービス,growth,Leading,6.0,0.0,-3.0
2025-05-12,97.40968322753906,0.5629053588267152,0.5675902337174054,99.91085653759643,99.45009755843529,XLC,通信サービス,growth,Lagging,6.0,0.0,-2.0
2025-05-13,98.36217498779297,0.5671300678909466,0.5674368451085858,99.90307889308639,98.83943772951497,XLC,通信サービス,growth,Lagging,6.0,-1.0,-4.0
2025-05-14,98.872802734375,0.5735275985895939,0.5694670962689219,100.26243324675026,99.4398422743139,XLC,通信サービス,growth,Weakening,7.0,0.0,-3.0
2025-05-15,99.26557922363281,0.5706048721143443,0.5698463548840627,100.35774153144115,99.89906964176498,XLC,通信サービス,growth,Weakening,7.0,0.0,-2.0
2025-05-16,99.943115234375,0.568913786857105,0.5695354988750768,100.3500823029928,100.32057571967833,XLC,通信サービス,growth,Leading,7.0,1.0,1.0
2025-05-19,100.04131317138672,0.5695360375354944,0.5695356784285494,100.39789434244753,100.9720355558779,XLC,通信サービス,growth,Leading,7.0,1.0,1.0
2025-05-20,99.79582214355469,0.5696260974080267,0.5695658180883751,100.45344276542589,101.05053089335362,XLC,通信サービス,growth,Leading,8.0,2.0,3.0
2025-05-21,99.04955291748047,0.5779558830076125,0.5723625063947876,101.06171827998693,101.39632955254248,XLC,通信サービス,growth,Leading,8.0,1.0,1.0
2025-05-22,98.8335189819336,0.5785405314443663,0.5744218480779806,101.53343371345353,101.88789382906856,XLC,通信サービス,growth,Leading,8.0,1.0,1.0
2025-05-23,98.38182830810547,0.5782088609138775,0.5756841856899462,101.8403888800486,102.22559563279883,XLC,通信サービス,growth,Leading,10.0,3.0,2.0
2025-05-27,99.9823989868164,0.5768614133831884,0.5760765949210269,101.91032588301792,102.13624471062928,XLC,通信サービス,growth,Leading,10.0,3.0,2.0
2025-05-28,99.9627685546875,0.5816943629945225,0.5779491842788589,102.22705343584343,102.35067944793195,XLC,通信サービス,growth,Leading,10.0,2.0,0.0
2025-05-29,99.15755462646484,0.5756030249500718,0.5771671311692632,101.9940728621949,101.17959423134317,XLC,通信サービス,growth,Leading,10.0,2.0,1.0
2025-05-30,99.56998443603516,0.5782265542176019,0.5775202721853762,101.98861725721154,100.51922387259847,XLC,通信サービス,growth,Leading,10.0,2.0,1.0
2025-06-02,100.06095886230469,0.5806169280917569,0.5785524908208364,102.09743918281173,100.23508463966782,XLC,通信サービス,growth,Leading,11.0,1.0,-2.0
2025-06-03,99.77619934082031,0.5741843407902838,0.5770964408106523,101.77624301071408,99.70128128807704,XLC,通信サービス,growth,Weakening,9.0,-1.0,-4.0
2025-06-04,100.41445922851562,0.5791584991745307,0.5777837935986118,101.8640988894063,99.40044225597228,XLC,通信サービス,growth,Weakening,9.0,-1.0,-3.0
2025-06-05,100.55193328857422,0.5815227918509507,0.5790301263493914,102.03063813951745,99.94313597075045,XLC,通信サービス,growth,Weakening,11.0,1.0,-1.0
2025-06-06,101.83829498291016,0.5839192583590774,0.5806598370192868,102.22569803156107,100.2114217114962,XLC,通信サービス,growth,Leading,11.0,1.0,-1.0
2025-06-09,101.54370880126953,0.5821324774915524,0.5811507171767087,102.19580676518285,100.018836288702,XLC,通信サービス,growth,Leading,11.0,0.0,-1.0
2025-06-10,102.83006286621094,0.5865858227208174,0.582962419024745,102.34665215683577,100.63697343194467,XLC,通信サービス,growth,Leading,11.0,2.0,3.0
2025-06-11,102.59439849853516,0.5869079693069535,0.5842776024521479,102.3971506251818,100.56538864929067,XLC,通信サービス,growth,Leading,11.0,2.0,3.0
2025-06-12,101.7597427368164,0.580771243799465,0.583108816234587,102.10353573859794,99.92206342112662,XLC,通信サービス,growth,Weakening,11.0,0.0,-1.0
2025-06-13,100.72869110107422,0.5819209002195596,0.5827128442295779,101.94671834126187,99.42126023872294,XLC,通信サービス,growth,Weakening,11.0,0.0,-1.0
2025-06-16,102.45691680908203,0.5862525400634603,0.583892742840872,102.00643648781632,99.52683869549269,XLC,通信サービス,growth,Weakening,11.0,0.0,0.0
2025-06-17,101.55352020263672,0.5867191310711207,0.584834872250955,102.03162159051611,99.32644273097469,XLC,通信サービス,growth,Weakening,11.0,0.0,-2.0
2025-06-18,101.60262298583984,0.5869366925480278,0.5855354790166459,102.02652187154749,99.21400181927197,XLC,通信サービス,growth,Weakening,11.0,0.0,-2.0
2025-06-20,100.98399353027344,0.5824107404351426,0.5844938994894782,101.81592701944243,99.30774842160076,XLC,通信サービス,growth,Weakening,11.0,0.0,0.0
2025-06-23,102.26264953613281,0.5846238327713363,0.584537210583431,101.74756451512529,99.4267238079597,XLC,通信サービス,growth,Weakening,11.0,0.0,0.0
2025-06-24,103.58167266845703,0.5866103168942336,0.5852282460203653,101.75837035262695,99.35560366852218,XLC,通信サービス,growth,Weakening,11.0,0.0,0.0
2025-06-25,103.56196594238281,0.5907610077925713,0.587072499944434,101.89391705299563,99.53630333744184,XLC,通信サービス,growth,Weakening,11.0,0.0,0.0
2025-06-26,104.76285552978516,0.5931350853975137,0.5890933617621272,102.02854433245017,99.76238527773783,XLC,通信サービス,growth,Weakening,11.0,0.0,0.0
2025-06-27,105.9932861328125,0.5979118460876078,0.5920328565372874,102.23396876912179,100.4026350382323,XLC,通信サービス,growth,Leading,11.0,0.0,0.0
2025-06-30,106.82996368408203,0.5998130362795119,0.5946262497846956,102.36747224499463,100.7008979695707,XLC,通信サービス,growth,Leading,11.0,0.0,0.0
2025-07-01,106.07203674316406,0.5886584915705383,0.5926369970466432,102.04617349897178,100.19296435725185,XLC,通信サービス,growth,Leading,11.0,0.0,0.0
2025-07-02,105.76689147949219,0.5856273337517147,0.5903004426150004,101.72974710216633,99.49898550651812,XLC,通信サービス,growth,Weakening,11.0,0.0,0.0
2025-07-03,106.34764099121094,0.5860128427436968,0.5888712426578993,101.52875311792036,98.97243936407182,XLC,通信サービス,growth,Weakening,11.0,0.0,0.0
2025-07-07,105.32393646240234,0.5850476767642522,0.5875967206933502,101.35544954337688,98.39042548675106,XLC,通信サービス,growth,Weakening,10.0,-1.0,-1.0
2025-07-08,105.10737609863281,0.5823864282475533,0.5858599565447513,101.14425192344461,97.92222626113742,XLC,通信サービス,growth,Weakening,10.0,-1.0,-1.0
2025-07-09,105.38298797607422,0.5821748218926166,0.5846315783273731,100.9872730100234,98.22635961744174,XLC,通信サービス,growth,Weakening,9.0,-2.0,-2.0
2025-07-10,105.02862548828125,0.5768754375391654,0.5820461980646372,100.69262083842055,98.3229742363369,XLC,通信サービス,growth,Weakening,8.0,-3.0,-3.0
2025-07-11,104.34944152832031,0.5773715994918461,0.5804879985403735,100.50708874737471,98.41011970766196,XLC,通信サービス,growth,Weakening,8.0,-3.0,-3.0
2025-07-14,105.37315368652344,0.5824358408301843,0.5811372793036438,100.55479898907281,98.76316714107227,XLC,通信サービス,growth,Weakening,8.0,-2.0,-1.0
2025-07-15,104.32975006103516,0.5847777258534472,0.5823507614869117,100.6606354846112,99.23275276121954,XLC,通信サービス,growth,Weakening,9.0,-1.0,0.0
2025-07-16,104.64472961425781,0.5842646172924512,0.5829887134220916,100.70393236339305,99.53075833865249,XLC,通信サービス,growth,Weakening,9.0,0.0,2.0
2025-07-17,105.00894927978516,0.5815568618069192,0.5825114295503675,100.62897442571175,99.84744592278757,XLC,通信サービス,growth,Weakening,9.0,1.0,4.0
2025-07-18,104.52661895751953,0.5791056610150607,0.5813761733719319,100.4825986243188,99.8956068305172,XLC,通信サービス,growth,Weakening,8.0,0.0,3.0
2025-07-21,105.92437744140625,0.5888638193992383,0.583872055381034,100.73221633733169,100.16112646269613,XLC,通信サービス,growth,Leading,8.0,0.0,2.0
2025-07-22,106.17045593261719,0.5828019171689343,0.5835153426436674,100.66906002943885,99.89592779626112,XLC,通信サービス,growth,Weakening,8.0,-1.0,0.0
2025-07-23,106.75121307373047,0.5811751937237493,0.5827352930036948,100.55591014099556,99.64183970735353,XLC,通信サービス,growth,Weakening,7.0,-2.0,-2.0
2025-07-24,106.92839813232422,0.5840093422700217,0.5831599760924704,100.58419512311606,99.76703231222591,XLC,通信サービス,growth,Weakening,9.0,0.0,-1.0
2025-07-25,105.93421936035156,0.5758056628880682,0.5807085383576697,100.2501947317853,99.4691899764414,XLC,通信サービス,growth,Weakening,7.0,-1.0,-1.0
2025-07-28,105.3633041381836,0.5761088784110647,0.579175318375468,100.01860685414742,98.76345746201432,XLC,通信サービス,growth,Weakening,8.0,0.0,0.0
2025-07-29,104.45771789550781,0.5714328523883684,0.5765944963797682,99.63441934246121,98.34844450505875,XLC,通信サービス,growth,Lagging,8.0,0.0,1.0
2025-07-30,104.78254699707031,0.5769524152796385,0.576713802679725,99.61580532938167,98.54249558262997,XLC,通信サービス,growth,Lagging,6.0,-1.0,1.0
2025-07-31,105.72752380371094,0.5875134383153451,0.5803136812249318,100.10067995690113,99.23466428425527,XLC,通信サービス,growth,Weakening,7.0,-2.0,-2.0
2025-08-01,104.45771789550781,0.5870752290846323,0.5825675305114986,100.40714308632293,100.19452905867936,XLC,通信サービス,growth,Leading,8.0,1.0,2.0
2025-08-04,106.46576690673828,0.591132821918681,0.5854226276472261,100.81100478794781,101.14107189754063,XLC,通信サービス,growth,Leading,8.0,0.0,0.0
2025-08-05,105.638916015625,0.588174044720296,0.5863397666715828,100.92325714107773,101.84183517618656,XLC,通信サービス,growth,Leading,8.0,0.0,0.0
2025-08-06,106.04249572753906,0.5917449815867339,0.5881415049766332,101.16482575741819,102.16885847226882,XLC,通信サービス,growth,Leading,8.0,2.0,3.0
2025-08-07,105.5896987915039,0.5895729257057803,0.5886186452196822,101.20018020413616,101.51531261564001,XLC,通信サービス,growth,Leading,8.0,1.0,3.0
2025-08-08,105.94406127929688,0.5904852539210333,0.5892408481201326,101.2582800656892,101.14555612791412,XLC,通信サービス,growth,Leading,7.0,-1.0,-2.0
2025-08-11,106.4854507446289,0.595128006625808,0.591203234288691,101.52064051708237,100.92598984744343,XLC,通信サービス,growth,Leading,8.0,0.0,0.0
2025-08-12,108.52302551269531,0.5989055406740226,0.5937706697504683,101.8774795815633,101.22975963649428,XLC,通信サービス,growth,Leading,9.0,1.0,1.0
2025-08-13,109.36954498291016,0.5950807168290712,0.5942073521100026,101.90627357696847,100.90278606369235,XLC,通信サービス,growth,Leading,10.0,2.0,0.0
2025-08-14,109.45814514160156,0.5994624646585388,0.5959590562928481,102.11598266875052,101.1122374111317,XLC,通信サービス,growth,Leading,10.0,2.0,1.0
2025-08-15,109.73375701904297,0.6024592512343631,0.5981257879400197,102.36345368833052,101.33156989474372,XLC,通信サービス,growth,Leading,10.0,3.0,4.0
2025-08-18,109.06440734863281,0.5989132385671688,0.5983882714824027,102.31815724121756,100.88375134866453,XLC,通信サービス,growth,Leading,10.0,2.0,2.0
2025-08-19,108.4541244506836,0.5927866038966882,0.5965210489538313,101.97494170189684,99.92848692940889,XLC,通信サービス,growth,Weakening,10.0,1.0,0.0
2025-08-20,108.12928771972656,0.5915497672446213,0.5948639550507613,101.68428897015427,99.50467743144819,XLC,通信サービス,growth,Weakening,10.0,0.0,-2.0
2025-08-21,108.01116180419922,0.592969983500827,0.5942326312007832,101.5451771291769,99.05394533683479,XLC,通信サービス,growth,Weakening,10.0,0.0,-2.0
2025-08-22,109.56640625,0.5900169465008566,0.5928274029674743,101.28008095967904,98.40230147950842,XLC,通信サービス,growth,Weakening,10.0,0.0,-3.0
2025-08-25,109.74359893798828,0.5955281956012523,0.5937276671787336,101.38848027152586,98.64408497981694,XLC,通信サービス,growth,Weakening,10.0,0.0,-2.0
2025-08-26,109.26127624511719,0.5925011468489622,0.5933188270688099,101.28300783936679,98.99778536086308,XLC,通信サービス,growth,Weakening,10.0,0.0,-1.0
2025-08-27,109.44829559326172,0.5913782797535815,0.5926719779637338,101.13873616177675,99.22230280634228,XLC,通信サービス,growth,Weakening,10.0,0.0,0.0
2025-08-28,109.86172485351562,0.5938952151081824,0.5930797236785501,101.17286720879173,99.5076494076337,XLC,通信サービス,growth,Weakening,10.0,0.0,0.0
2025-08-29,109.64515686035156,0.593164444299894,0.5931079638856648,101.14383416320271,99.88373649885948,XLC,通信サービス,growth,Weakening,10.0,0.0,0.0
2025-09-02,109.45814514160156,0.5968676436278362,0.5943611904663886,101.31620680301567,99.99042621486026,XLC,通信サービス,growth,Weakening,10.0,0.0,0.0
2025-09-03,111.28900146484375,0.6077930697065226,0.5988384835464333,102.00071292249469,101.17662821292964,XLC,通信サービス,growth,Leading,11.0,1.0,1.0
2025-09-04,112.29302215576172,0.608779923793682,0.6021522969621829,102.42210172166563,101.9415827062747,XLC,通信サービス,growth,Leading,11.0,1.0,1.0
2025-09-05,112.89347839355469,0.611320698281398,0.6052084307352545,102.71961865113178,102.20338282485599,XLC,通信サービス,growth,Leading,11.0,1.0,1.0
2025-09-08,113.02144622802734,0.6125012135125512,0.6076393583276868,102.85282988605739,102.29694559182968,XLC,通信サービス,growth,Leading,11.0,1.0,1.0
2025-09-09,113.6612548828125,0.6178717796263756,0.6110501654272498,103.05124031164122,102.20390292951899,XLC,通信サービス,growth,Leading,11.0,1.0,1.0
2025-09-10,112.82456970214844,0.6139449352976837,0.6120150887173944,102.91027036830816,101.11206581456356,XLC,通信サービス,growth,Leading,11.0,0.0,-1.0
2025-09-11,114.55699920654297,0.6141687080717751,0.6127329618355214,102.76277040177044,100.37883187372512,XLC,通信サービス,growth,Leading,11.0,0.0,-1.0
2025-09-12,115.51181030273438,0.6237776682416468,0.6164145306375632,102.92596280036014,100.20141569954752,XLC,通信サービス,growth,Leading,11.0,0.0,-1.0
2025-09-15,117.1359634399414,0.6336549391402984,0.6221613334718084,103.20669357598757,100.38017337820204,XLC,通信サービス,growth,Leading,11.0,0.0,-1.0
2025-09-16,116.66348266601562,0.6327763339341363,0.625699666959251,103.20534147421463,100.11351841801589,XLC,通信サービス,growth,Leading,11.0,0.0,-1.0
2025-09-17,116.9686279296875,0.6338250203939416,0.628408118104148,103.12121744193796,100.17691693210008,XLC,通信サービス,growth,Leading,11.0,0.0,0.0
2025-09-18,117.05720520019531,0.6301887536427132,0.6290016632836698,102.89839479507307,100.06847794591168,XLC,通信サービス,growth,Leading,11.0,0.0,0.0
2025-09-19,117.53954315185547,0.633888980185537,0.6306307689176256,102.78524855552452,99.70398502294033,XLC,通信サービス,growth,Weakening,11.0,0.0,0.0
2025-09-22,117.1296157836914,0.6313766939929611,0.6308794106094042,102.6015672193818,99.10966054148928,XLC,通信サービス,growth,Weakening,10.0,-1.0,-1.0
2025-09-23,116.96170043945312,0.6297031485888572,0.630487323269222,102.40796585705453,98.88083326502823,XLC,通信サービス,growth,Weakening,10.0,-1.0,-1.0
2025-09-24,115.99369049072266,0.6259510087867263,0.6289752184417234,102.1758821773037,98.72318387917063,XLC,通信サービス,growth,Weakening,10.0,-1.0,-1.0
2025-09-25,115.59857177734375,0.6289972450171275,0.6289825606335249,102.0623600493257,98.89058790867114,XLC,通信サービス,growth,Weakening,10.0,-1.0,-1.0
2025-09-26,116.7246322631836,0.6288933385609123,0.6289528199426541,101.95992576149345,98.93698965671095,XLC,通信サービス,growth,Weakening,9.0,-2.0,-2.0
2025-09-29,117.09998321533203,0.6288148960246076,0.6289068453033053,101.86829391866497,99.08120161432093,XLC,通信サービス,growth,Weakening,9.0,-1.0,0.0
2025-09-30,116.92218780517578,0.6262052998132975,0.6280063301399694,101.7379733519715,99.18279400527886,XLC,通信サービス,growth,Weakening,10.0,0.0,1.0
2025-10-01,115.28248596191406,0.6160270606115953,0.6240132402971781,101.45224121795296,99.13232849044395,XLC,通信サービス,growth,Weakening,10.0,0.0,1.0
2025-10-02,115.02566528320312,0.6132033855385356,0.6204099553776306,101.20659911728875,98.98195963559462,XLC,通信サービス,growth,Weakening,8.0,-2.0,-1.0
2025-10-03,114.9664077758789,0.6107403884306531,0.6171867663953048,100.99331938166416,98.84977081675993,XLC,通信サービス,growth,Weakening,8.0,-1.0,1.0
2025-10-06,115.0849380493164,0.6115618596290706,0.6153117974732267,100.86055225215458,98.78825578401164,XLC,通信サービス,growth,Weakening,7.0,-2.0,-1.0
2025-10-07,114.64043426513672,0.611888159728814,0.6141705848917558,100.77109734577176,98.83422356955826,XLC,通信サービス,growth,Weakening,8.0,-2.0,-2.0
2025-10-08,114.16631317138672,0.6073792813948253,0.6119068170594457,100.62070746551288,98.99272476307772,XLC,通信サービス,growth,Weakening,8.0,-2.0,-2.0
2025-10-09,113.5143814086914,0.6089490549978529,0.6109208963722481,100.54232456598008,99.1872886723446,XLC,通信サービス,growth,Weakening,8.0,0.0,2.0
2025-10-10,111.4203109741211,0.6115024190720675,0.6111147372721879,100.53087384982511,99.42990274118343,XLC,通信サービス,growth,Weakening,8.0,0.0,1.0
2025-10-13,112.44759368896484,0.6111974122808509,0.6111422956084089,100.51039661605218,99.56778318740163,XLC,通信サービス,growth,Weakening,8.0,1.0,3.0
2025-10-14,113.18842315673828,0.6101644690600442,0.6108163534256208,100.469900143792,99.62981319755866,XLC,通信サービス,growth,Weakening,8.0,0.0,2.0
2025-10-15,113.98851013183594,0.6132410499539762,0.6116245856017393,100.49490960749365,99.85182552686035,XLC,通信サービス,growth,Weakening,8.0,0.0,2.0
2025-10-16,112.7735595703125,0.612510390517715,0.6119198539070645,100.48950455497656,99.94422675430975,XLC,通信サービス,growth,Weakening,8.0,0.0,0.0
2025-10-17,113.53414154052734,0.613525504284865,0.6124550706996646,100.49916980290415,99.97496402260204,XLC,通信サービス,growth,Weakening,8.0,0.0,0.0
2025-10-20,114.8182373046875,0.6143217328597429,0.6130772914196908,100.51390436210984,100.0193909465502,XLC,通信サービス,growth,Leading,8.0,0.0,-1.0
2025-10-21,115.22322845458984,0.6136770327600495,0.6132772051998103,100.50291907785441,100.05293690087825,XLC,通信サービス,growth,Leading,8.0,0.0,0.0
2025-10-22,114.2255859375,0.611311872367016,0.6126220942555456,100.4395345078765,99.94184433041823,XLC,通信サービス,growth,Weakening,8.0,0.0,0.0
2025-10-23,113.84034729003906,0.6063753015462299,0.610539830019107,100.2849304079251,99.75338326913743,XLC,通信サービス,growth,Weakening,7.0,-1.0,-1.0
2025-10-24,114.13668060302734,0.6063008978529181,0.6091268526303775,100.16832948686248,99.5846103863904,XLC,通信サービス,growth,Weakening,6.0,-2.0,-2.0
2025-10-27,115.72698974609375,0.6120286893844759,0.6100941315484103,100.20331545431635,99.59048622546554,XLC,通信サービス,growth,Weakening,7.0,-1.0,-1.0
2025-10-28,115.15408325195312,0.6142747362828715,0.6114876664598974,100.26959169851465,99.67143730948607,XLC,通信サービス,growth,Weakening,7.0,-1.0,-1.0
2025-10-29,114.86762237548828,0.6196768495111625,0.6142173941436525,100.43582321649639,99.95918188610568,XLC,通信サービス,growth,Weakening,6.0,-2.0,-2.0
2025-10-30,112.92172241210938,0.6118106191140481,0.613415135800451,100.35223636091584,100.05346115902343,XLC,通信サービス,growth,Leading,6.0,-1.0,0.0
2025-10-31,113.40573120117188,0.6130925472892844,0.6133076062967289,100.31902732166229,100.17666215016142,XLC,通信サービス,growth,Leading,6.0,0.0,2.0
2025-11-03,112.20064544677734,0.6080659407378164,0.611560384443758,100.15969902649081,99.94827625651168,XLC,通信サービス,growth,Weakening,5.0,-2.0,-1.0
2025-11-04,111.43019104003906,0.6079115106865622,0.6103440931913595,100.0383023194947,99.7243219969505,XLC,通信サービス,growth,Weakening,5.0,-2.0,-1.0
2025-11-05,112.03273010253906,0.6076421363758736,0.609443440919531,99.93861391401971,99.3783648260977,XLC,通信サービス,growth,Lagging,5.0,-1.0,1.0
2025-11-06,111.02520751953125,0.6064510375344383,0.6084459731245001,99.82803786715237,99.36441275106088,XLC,通信サービス,growth,Lagging,5.0,-1.0,0.0
2025-11-07,110.73875427246094,0.599855288359929,0.6055824115363098,99.56028935415445,99.05870265984643,XLC,通信サービス,growth,Lagging,5.0,-1.0,-1.0
2025-11-10,111.89444732666016,0.6026453936356118,0.6046034055694105,99.45376385822918,99.16120795262931,XLC,通信サービス,growth,Lagging,5.0,0.0,2.0
2025-11-11,112.80319213867188,0.6040494445487599,0.6044187518958604,99.41516085623144,99.30687407489575,XLC,通信サービス,growth,Lagging,5.0,0.0,2.0
2025-11-12,112.15126037597656,0.5991373987215861,0.602658300837769,99.24329036109958,99.22627770748608,XLC,通信サービス,growth,Lagging,4.0,-1.0,0.0
2025-11-13,110.56095123291016,0.5973951797613296,0.6009039271456225,99.07954923244306,99.17002842051484,XLC,通信サービス,growth,Lagging,4.0,-1.0,0.0
2025-11-14,109.96829986572266,0.5963814768688428,0.5993964437200293,98.94181958354946,99.39361605803882,XLC,通信サービス,growth,Lagging,3.0,-2.0,-1.0
2025-11-17,109.82012939453125,0.6035025791844466,0.6007651555415018,99.05163165330409,99.74267674178759,XLC,通信サービス,growth,Lagging,3.0,-2.0,-2.0
2025-11-18,110.44242095947266,0.6065613879096756,0.6026972329975597,99.20411323352917,100.0406388385112,XLC,通信サービス,growth,Improving,5.0,0.0,0.0
2025-11-19,109.83000183105469,0.6050295205175982,0.603474662170906,99.24980228187016,100.36630031314415,XLC,通信サービス,growth,Improving,5.0,1.0,2.0
2025-11-20,108.62493133544922,0.6057813781484688,0.6042435674967603,99.28937374192637,100.65929829098948,XLC,通信サービス,growth,Improving,4.0,0.0,1.0
2025-11-21,110.53132629394531,0.6045333527395186,0.6043401625776799,99.26804584699795,100.81605342965344,XLC,通信サービス,growth,Improving,4.0,1.0,3.0
2025-11-24,111.62774658203125,0.6080098563002422,0.605563393818534,99.352259501155,100.75084626241102,XLC,通信サービス,growth,Improving,4.0,1.0,3.0
2025-11-25,112.90196990966797,0.606336134793964,0.6058209741436773,99.33905477107962,100.47080133046344,XLC,通信サービス,growth,Improving,6.0,1.0,1.0
2025-11-26,113.06001281738281,0.602977607923578,0.6048731854036442,99.2022346254197,100.17227560027851,XLC,通信サービス,growth,Improving,5.0,0.0,-1.0
2025-11-28,113.97863006591797,0.6046077716470113,0.6047847141514333,99.14938235772054,100.02518862573775,XLC,通信サービス,growth,Improving,5.0,1.0,1.0
2025-12-01,113.44523620605469,0.6059226780493271,0.6051640354507313,99.14911048980117,100.05990614883962,XLC,通信サービス,growth,Improving,5.0,1.0,0.0
2025-12-02,113.82060241699219,0.6085033634582463,0.6062771447865697,99.24756177575175,100.10504531921912,XLC,通信サービス,growth,Improving,5.0,1.0,0.0
2025-12-03,113.72180938720703,0.6033714492828598,0.6053085796186665,99.12803077115798,99.96996021825723,XLC,通信サービス,growth,Lagging,4.0,-2.0,-3.0
2025-12-04,114.37374114990234,0.6066403246315105,0.6057524946229479,99.17648073917722,100.35258915215874,XLC,通信サービス,growth,Improving,3.0,-2.0,-2.0
2025-12-05,115.69734954833984,0.6122225098474405,0.6079091663644455,99.41953743232175,101.04023253356374,XLC,通信サービス,growth,Improving,8.0,3.0,2.0
2025-12-08,114.83799743652344,0.6113368440282703,0.6090517255857204,99.55282166983095,101.54900310483914,XLC,通信サービス,growth,Improving,8.0,3.0,2.0
2025-12-09,114.9664077758789,0.613177029221955,0.6104268267977986,99.71108161632927,101.77150850486633,XLC,通信サービス,growth,Improving,8.0,3.0,2.0
2025-12-10,115.6380844116211,0.6082026561715641,0.6096854365890538,99.63328922661503,101.84640107085494,XLC,通信サービス,growth,Improving,8.0,4.0,6.0
2025-12-11,115.38126373291016,0.6019903363120404,0.6071204031633827,99.36214725191358,101.08375314067247,XLC,通信サービス,growth,Improving,6.0,3.0,5.0
2025-12-12,115.12444305419922,0.6047497426437554,0.6063301829901736,99.29793955321468,100.37265620843684,XLC,通信サービス,growth,Improving,4.0,-4.0,-7.0
2025-12-15,115.14419555664062,0.6041039350585607,0.6055881003463026,99.23977976698036,99.92374255774232,XLC,通信サービス,growth,Lagging,4.0,-4.0,-7.0
2025-12-16,115.22322845458984,0.6087941452717547,0.60665678198812,99.3861202028524,99.9143230334056,XLC,通信サービス,growth,Lagging,6.0,-2.0,-5.0
2025-12-17,114.39349365234375,0.6060490826797214,0.6064542155519872,99.3854497209609,100.12242695924054,XLC,通信サービス,growth,Improving,5.0,-3.0,-7.0
2025-12-18,115.04542541503906,0.608202650510779,0.6070370272049178,99.47925213744135,101.02080066575938,XLC,通信サービス,growth,Improving,6.0,0.0,-3.0
2025-12-19,115.09481048583984,0.6062554187692382,0.6067764910596913,99.46784727600593,101.11579172358695,XLC,通信サービス,growth,Improving,6.0,2.0,6.0
2025-12-22,115.60615539550781,0.604468479117761,0.6060071537457146,99.38263557146185,101.01691644972186,XLC,通信サービス,growth,Improving,6.0,2.0,6.0
2025-12-23,116.32955932617188,0.6096684901284996,0.6072275992066429,99.58010670259135,101.114543084943,XLC,通信サービス,growth,Improving,6.0,0.0,2.0
2025-12-24,117.02323150634766,0.6110886367761642,0.6085146117298167,99.808822106132,101.63698359581852,XLC,通信サービス,growth,Improving,6.0,1.0,4.0
2025-12-26,116.9043197631836,0.6103101744019548,0.6091131326205295,99.95193509660699,101.70009396339246,XLC,通信サービス,growth,Improving,6.0,0.0,0.0
2025-12-29,116.82504272460938,0.6109047786762144,0.6097103479724244,100.12249780495922,102.05580819245573,XLC,通信サービス,growth,Leading,7.0,1.0,-1.0
2025-12-30,117.22142791748047,0.6139610701504841,0.611127255365111,100.51091626017578,102.94783351731343,XLC,通信サービス,growth,Leading,8.0,2.0,0.0
2025-12-31,116.65657806396484,0.6162654976127507,0.6128400027809909,101.01952531071842,103.29493957229958,XLC,通信サービス,growth,Leading,9.0,3.0,3.0
2026-01-02,115.84398651123047,0.6078476499236343,0.611175885161872,100.69705462320829,102.04165919789124,XLC,通信サービス,growth,Leading,8.0,2.0,1.0
2026-01-05,116.68630981445312,0.606637112576555,0.6096629609667663,100.34991553935177,100.9968733527384,XLC,通信サービス,growth,Leading,6.0,0.0,0.0
2026-01-06,116.27010345458984,0.5972625106560556,0.6055294775298627,99.25367234950583,98.29225688899879,XLC,通信サービス,growth,Lagging,6.0,-1.0,-2.0
2026-01-07,116.03226470947266,0.6028032371294851,0.6046207307297369,99.02871733586815,97.12140996897891,XLC,通信サービス,growth,Lagging,4.0,-4.0,-6.0
2026-01-08,116.41874694824219,0.599669874287827,0.6029704452491003,98.61205895252529,95.89827150648172,XLC,通信サービス,growth,Lagging,4.0,-5.0,-8.0
2026-01-09,116.84486389160156,0.5983924962842447,0.6014444622608152,98.26093890501176,96.34435878675366,XLC,通信サービス,growth,Lagging,4.0,-4.0,-6.0
2026-01-12,116.48811340332031,0.5960225062727788,0.5996371435981365,97.88150928751794,96.6823258512675,XLC,通信サービス,growth,Lagging,1.0,-5.0,-5.0
2026-01-13,115.8340835571289,0.5926761003888193,0.5973167958616975,97.44982545768488,97.76777994565113,XLC,通信サービス,growth,Lagging,1.0,-5.0,-4.0
2026-01-14,115.58634185791016,0.5887295460052933,0.5944543792428961,97.01460331287534,97.63160395226527,XLC,通信サービス,growth,Lagging,1.0,-3.0,1.0
2026-01-15,115.16021728515625,0.5839725226177794,0.5909604270345239,96.60669561159807,97.77787367736387,XLC,通信サービス,growth,Lagging,1.0,-3.0,2.0
2026-01-16,114.1296157836914,0.5802292633702704,0.5873833724797728,96.35715244601174,98.00996457797291,XLC,通信サービス,growth,Lagging,1.0,-3.0,1.0
2026-01-20,112.44497680664062,0.5803235567125146,0.5850301005573534,96.40070950172894,98.57730520872866,XLC,通信サービス,growth,Lagging,1.0,0.0,5.0
2026-01-21,113.594482421875,0.5764950133310824,0.5821850714819298,96.4014759910062,99.12121905489165,XLC,通信サービス,growth,Lagging,1.0,0.0,5.0
2026-01-22,115.19985961914062,0.5838810146858519,0.5827503858832372,96.82269372659529,100.148441580992,XLC,通信サービス,growth,Improving,1.0,0.0,3.0
2026-01-23,115.90345001220703,0.590077389773699,0.5851927205133911,97.36967615185925,101.25898539672013,XLC,通信サービス,growth,Improving,2.0,1.0,4.0
2026-01-26,116.70612335205078,0.5927622263538832,0.5877158891268885,97.83750373539462,102.00529701655081,XLC,通信サービス,growth,Improving,2.0,1.0,4.0
2026-01-27,115.84398651123047,0.5893002891486474,0.5882440224674749,98.01105563605805,102.04471258584908,XLC,通信サービス,growth,Improving,2.0,1.0,1.0
2026-01-28,115.69534301757812,0.5905331021942892,0.5890070490430797,98.19175975447912,102.12324264992418,XLC,通信サービス,growth,Improving,2.0,1.0,1.0
2026-01-29,118.70787811279297,0.6051161048380341,0.5943767343080646,98.89680620635049,102.28136470407851,XLC,通信サービス,growth,Improving,4.0,3.0,3.0
2026-01-30,118.9952621459961,0.6079284633720784,0.5988939773294025,99.48199111671916,102.19451904545674,XLC,通信サービス,growth,Improving,7.0,5.0,4.0
2026-02-02,118.5889663696289,0.6027489290951771,0.6001789612513274,99.66596463220927,101.83847769438208,XLC,通信サービス,growth,Improving,7.0,5.0,4.0
2026-02-03,116.6763916015625,0.5946107986054706,0.5983229070360419,99.45245986814469,101.42896874435,XLC,通信サービス,growth,Improving,7.0,5.0,4.0
2026-02-04,115.74488830566406,0.5847689245764458,0.5938049128828432,98.90316909696975,100.7349409476528,XLC,通信サービス,growth,Improving,6.0,4.0,3.0
2026-02-05,115.16021728515625,0.5869136318991401,0.5915078192216089,98.65261869403294,99.84942664426583,XLC,通信サービス,growth,Lagging,5.0,1.0,-2.0
2026-02-06,114.71429443359375,0.5739459522845411,0.5856538635759196,98.00087362109956,98.73291324841335,XLC,通信サービス,growth,Lagging,3.0,-4.0,-9.0
2026-02-09,115.82416534423828,0.5791552918340782,0.5834876729953059,97.851583138306,98.47450560666456,XLC,通信サービス,growth,Lagging,3.0,-4.0,-9.0
2026-02-10,116.5178451538086,0.5805584317370064,0.5825112592425394,97.8578212857792,98.69886174479963,XLC,通信サービス,growth,Lagging,3.0,-4.0,-9.0
2026-02-11,115.68543243408203,0.5753909861165786,0.5801378348672193,97.72506052424438,99.08029102039852,XLC,通信サービス,growth,Lagging,3.0,-3.0,-7.0
2026-02-12,113.60440063476562,0.5725540969938052,0.577609922242748,97.60644384060396,99.2058919856399,XLC,通信サービス,growth,Lagging,3.0,-2.0,-3.0
2026-02-13,113.5449447631836,0.5663871854742444,0.5738690099865802,97.40936179506394,99.60496305700318,XLC,通信サービス,growth,Lagging,2.0,-1.0,3.0
2026-02-17,113.36656951904297,0.5664747383360403,0.5714042527697336,97.37061147352439,99.69824098529537,XLC,通信サービス,growth,Lagging,2.0,-1.0,3.0
2026-02-18,113.55484771728516,0.5644888233658382,0.5690991096351018,97.36203708319198,99.68322925768553,XLC,通信サービス,growth,Lagging,2.0,-1.0,3.0
2026-02-19,114.09988403320312,0.5683988872299466,0.5688657021667167,97.52081107221699,99.9381543064654,XLC,通信サービス,growth,Lagging,2.0,-1.0,2.0
2026-02-20,115.74488830566406,0.5739097072359185,0.5705470371897841,97.79698030932708,100.28149570277556,XLC,通信サービス,growth,Improving,2.0,-1.0,1.0
2026-02-23,114.31790161132812,0.5731244191348948,0.571406164504821,97.97602943431278,100.60433955564491,XLC,通信サービス,growth,Improving,4.0,2.0,3.0
2026-02-24,115.11067199707031,0.5725322685782108,0.5717815325292843,98.09994286197718,100.73762986617835,XLC,通信サービス,growth,Improving,4.0,2.0,3.0
2026-02-25,115.44760131835938,0.5738696659082551,0.5724775769889413,98.23373691634686,100.8509637296041,XLC,通信サービス,growth,Improving,3.0,1.0,2.0
2026-02-26,115.66561126708984,0.5717237381387444,0.5722262973722091,98.28979349031184,100.75197015932878,XLC,通信サービス,growth,Improving,4.0,2.0,3.0
2026-02-27,116.98359680175781,0.5775613387582123,0.5740046445008768,98.4796933812866,100.66706423814658,XLC,通信サービス,growth,Improving,4.0,2.0,3.0
2026-03-02,116.80522155761719,0.5777518196478036,0.5752537028831858,98.62019923600116,100.62211398936309,XLC,通信サービス,growth,Improving,4.0,0.0,-2.0
2026-03-03,116.89441680908203,0.5853746288967419,0.5786273448877045,98.89719894730862,100.73836263426685,XLC,通信サービス,growth,Improving,5.0,1.0,-1.0
2026-03-04,117.71691131591797,0.5871399554121334,0.5814648817291808,99.12661503335185,100.80262261705177,XLC,通信サービス,growth,Improving,5.0,2.0,1.0
2026-03-05,117.37007141113281,0.5922701312317041,0.5850666315633553,99.40395618393852,100.96810277992546,XLC,通信サービス,growth,Improving,5.0,1.0,-1.0
2026-03-06,116.39893341064453,0.5944542044022986,0.5881958225096697,99.64441740101871,100.98480155525294,XLC,通信サービス,growth,Improving,5.0,1.0,-1.0
2026-03-09,116.4980239868164,0.5932834408820066,0.5898916953004487,99.78242176569256,100.9594697502336,XLC,通信サービス,growth,Improving,5.0,1.0,1.0
2026-03-10,116.31964874267578,0.596850508183718,0.5922112995948718,99.96708974096106,100.86650287393827,XLC,通信サービス,growth,Improving,5.0,0.0,-1.0
2026-03-11,115.94308471679688,0.596885490100397,0.5937693630967136,100.09916687632273,100.77476913266314,XLC,通信サービス,growth,Leading,5.0,0.0,-2.0
2026-03-12,114.22869873046875,0.5972970685010573,0.5949452648981616,100.20667165495865,100.62816181627174,XLC,通信サービス,growth,Leading,5.0,0.0,-1.0
2026-03-13,113.41610717773438,0.5930786776347254,0.5943230691436829,100.18094064356325,100.40757348470332,XLC,通信サービス,growth,Leading,5.0,0.0,-1.0
2026-03-16,114.28816986083984,0.5932246756466277,0.5939569379779979,100.17086595073013,100.28233531309715,XLC,通信サービス,growth,Leading,5.0,0.0,-1.0
2026-03-17,114.32780456542969,0.5901310441949265,0.5926816400503074,100.09082756718176,100.06039734736791,XLC,通信サービス,growth,Leading,5.0,0.0,0.0
2026-03-18,112.63326263427734,0.5891372648080774,0.5915001816362309,100.01698138494889,99.88712007356496,XLC,通信サービス,growth,Weakening,5.0,0.0,0.0
2026-03-19,112.11795043945312,0.5868969025648497,0.5899657552791039,99.91694251282536,99.71499210709729,XLC,通信サービス,growth,Lagging,5.0,0.0,0.0
2026-03-20,111.21617889404297,0.5908565570109271,0.5902626891897116,99.96019596685464,99.77167045606612,XLC,通信サービス,growth,Lagging,6.0,1.0,1.0
2026-03-23,112.04825592041016,0.588997933548708,0.5898411039760438,99.9475829337477,99.77412952200078,XLC,通信サービス,growth,Lagging,6.0,1.0,1.0
2026-03-24,110.4775390625,0.5800452579531888,0.5865758219684256,99.70481633116937,99.64721404896626,XLC,通信サービス,growth,Lagging,5.0,0.0,0.0
2026-03-25,110.78572082519531,0.5788583043284419,0.584003316088431,99.51622338935503,99.56153667335367,XLC,通信サービス,growth,Lagging,4.0,-1.0,-1.0
2026-03-26,108.17115783691406,0.5704326195400332,0.5794797505722984,99.16674219058243,99.37013035683852,XLC,通信サービス,growth,Lagging,3.0,-2.0,-2.0
2026-03-27,106.41155242919922,0.5689547410206187,0.5759714140550718,98.90203401932922,99.14071062215008,XLC,通信サービス,growth,Lagging,3.0,-3.0,-4.0
2026-03-30,107.3261489868164,0.5750347781214713,0.575659202077205,98.90428646684353,99.17612537548243,XLC,通信サービス,growth,Lagging,4.0,-2.0,-3.0
2026-03-31,110.20912170410156,0.5786359740642414,0.5766514594062171,99.01518301566414,99.48135255396767,XLC,通信サービス,growth,Lagging,4.0,-1.0,-1.0
2026-04-01,110.5868911743164,0.5787497816938069,0.577350900168747,99.09823421835436,99.72071320491791,XLC,通信サービス,growth,Lagging,4.0,0.0,1.0
2026-04-02,111.044189453125,0.5794876560329999,0.578063152123498,99.18037953592642,100.09461300383926,XLC,通信サービス,growth,Improving,3.0,0.0,2.0
2026-04-06,111.10383605957031,0.5773172768433111,0.5778145270301024,99.17428100386503,100.31914995986078,XLC,通信サービス,growth,Improving,3.0,0.0,3.0
2026-04-07,111.16348266601562,0.5789109112383115,0.5781799884328388,99.22856298996912,100.36371084983104,XLC,通信サービス,growth,Improving,3.0,-1.0,1.0
2026-04-08,113.14179992675781,0.5759088501335139,0.5774229423330639,99.17244995106765,100.21122538167522,XLC,通信サービス,growth,Improving,3.0,-1.0,0.0
2026-04-09,113.5990982055664,0.5778862465763632,0.5775773770808303,99.21044443045953,100.15396334682494,XLC,通信サービス,growth,Improving,3.0,-1.0,-1.0
2026-04-10,113.28097534179688,0.5804585164276257,0.5785377568630955,99.3382374907673,100.16344175727065,XLC,通信サービス,growth,Improving,3.0,0.0,0.0
2026-04-13,114.1458740234375,0.5784774602886887,0.5785176580049599,99.35947422809164,100.15672811606673,XLC,通信サービス,growth,Improving,4.0,1.0,1.0
2026-04-14,115.87565612792969,0.5848025797757135,0.5806126319285445,99.6268387519537,100.32251463087462,XLC,通信サービス,growth,Improving,4.0,1.0,2.0
2026-04-15,116.67095947265625,0.5886099482239582,0.5832784040270158,99.96882048500512,100.67600148569666,XLC,通信サービス,growth,Improving,5.0,2.0,3.0
2026-04-16,118.13233184814453,0.5932795268796242,0.586612111644552,100.39320684797943,101.02897020462264,XLC,通信サービス,growth,Leading,6.0,3.0,4.0
2026-04-17,118.40074157714844,0.5872517768323807,0.5868253333738283,100.42985406775871,100.91839284912885,XLC,通信サービス,growth,Leading,8.0,5.0,5.0
2026-04-20,118.05279541015625,0.5836872531382012,0.5857793066286192,100.30417658423602,100.74656959058098,XLC,通信サービス,growth,Leading,8.0,4.0,3.0
2026-04-21,116.47213745117188,0.579425893689707,0.5836615023156485,100.04493614493039,100.15722013297876,XLC,通信サービス,growth,Leading,7.0,3.0,2.0
2026-04-22,117.18790435791016,0.5832458720688009,0.5835229589000326,100.02517046413595,99.73666483183426,XLC,通信サービス,growth,Weakening,7.0,2.0,0.0
2026-04-23,116.70077514648438,0.5808501397006459,0.5826320191669037,99.91515243337328,99.14843033444743,XLC,通信サービス,growth,Lagging,6.0,0.0,-3.0
2026-04-24,114.86164855957031,0.5728848159940736,0.579382951442627,99.5251753278382,98.71812456814108,XLC,通信サービス,growth,Lagging,3.0,-5.0,-10.0
2026-04-27,115.13005828857422,0.5749064816196209,0.5778907948349583,99.36059098924949,98.71605310850505,XLC,通信サービス,growth,Lagging,3.0,-5.0,-9.0
2026-04-28,115.0704116821289,0.5775567165526795,0.5777794354075321,99.36730915469781,99.03745488329939,XLC,通信サービス,growth,Lagging,3.0,-4.0,-7.0
2026-04-29,114.61311340332031,0.576266043597694,0.5772749714709194,99.32737175901968,99.04067721564327,XLC,通信サービス,growth,Lagging,3.0,-4.0,-6.0
2026-04-30,115.8259506225586,0.5736904782778515,0.5760801404065635,99.20602592889955,99.04670110624028,XLC,通信サービス,growth,Lagging,3.0,-3.0,-3.0
2026-05-01,116.03471374511719,0.5764813646242162,0.5762138818124478,99.24447862564666,99.5750475901382,XLC,通信サービス,growth,Lagging,3.0,0.0,5.0
2026-05-04,115.41835021972656,0.576774831212281,0.5764008649457255,99.28751784828037,99.86208504252713,XLC,通信サービス,growth,Lagging,4.0,1.0,6.0
2026-05-05,114.95111083984375,0.5699176545777179,0.5742397948230564,99.01404130766923,99.52806741136769,XLC,通信サービス,growth,Lagging,4.0,1.0,5.0
2026-05-06,116.66101837158203,0.5738493959698499,0.5741096618719876,99.02238700040472,99.61037346447,XLC,通信サービス,growth,Lagging,3.0,0.0,4.0
2026-05-07,116.69084167480469,0.5776903944900939,0.5753032394113564,99.21785532851837,100.02339352241509,XLC,通信サービス,growth,Improving,5.0,2.0,5.0
2026-05-08,116.25343322753906,0.5739458015346534,0.5748507601191222,99.17859185494737,99.88744662888325,XLC,通信サービス,growth,Lagging,6.0,3.0,3.0
2026-05-11,114.90141296386719,0.567576732590431,0.5724260842762251,98.86582161553312,99.33926850569175,XLC,通信サービス,growth,Lagging,5.0,1.0,0.0
2026-05-12,115.17976379394531,0.5694542265209042,0.5714354650244515,98.76459374238812,99.53519097075372,XLC,通信サービス,growth,Lagging,4.0,0.0,-1.0
2026-05-13,116.0744857788086,0.5763948069243534,0.5730885789910856,99.02075959755899,99.87576970590982,XLC,通信サービス,growth,Lagging,4.0,1.0,1.0
2026-05-14,116.42243194580078,0.5760219858702168,0.5740663812841293,99.1690404064808,99.7727273815621,XLC,通信サービス,growth,Lagging,4.0,-1.0,-3.0
2026-05-15,115.39847564697266,0.5769043936246601,0.5750123853976397,99.29656773045792,100.01946280505142,XLC,通信サービス,growth,Improving,5.0,-1.0,-4.0
2026-05-18,116.2931900024414,0.5778225099957566,0.575949093597012,99.41155250669517,100.68048271045565,XLC,通信サービス,growth,Improving,6.0,1.0,0.0
2026-05-19,115.1698226928711,0.5755899767720847,0.5758293879887029,99.36918262491714,100.74960193257422,XLC,通信サービス,growth,Improving,6.0,2.0,2.0
2026-05-20,115.41835021972656,0.5705778082660291,0.5740788614144783,99.0933537691394,99.88465437966738,XLC,通信サービス,growth,Lagging,5.0,1.0,0.0
2026-05-21,115.41835021972656,0.5681249883581823,0.5720942370623796,98.79604496592734,99.18353203689612,XLC,通信サービス,growth,Lagging,4.0,0.0,1.0
2026-05-22,114.78211212158203,0.5598788198064052,0.5680224313103881,98.23176152802752,98.15917978070898,XLC,通信サービス,growth,Lagging,4.0,-1.0,0.0
2026-05-26,114.87158966064453,0.5574549077005715,0.5644999234404493,97.804771293616,97.48778827076038,XLC,通信サービス,growth,Lagging,3.0,-3.0,-4.0
2026-05-27,115.57742309570312,0.5612856550992417,0.5634285006600468,97.75174999019437,97.62025538636226,XLC,通信サービス,growth,Lagging,1.0,-5.0,-7.0
2026-05-28,115.9850082397461,0.5612094394191272,0.5626888135797403,97.7500657605017,98.10428013484957,XLC,通信サービス,growth,Lagging,2.0,-3.0,-4.0
2026-05-29,115.0107650756836,0.5549498491757123,0.5601091587783977,97.55781377035154,98.32260718362774,XLC,通信サービス,growth,Lagging,2.0,-2.0,-2.0
2026-06-01,114.93123626708984,0.5535587641600718,0.5579256939056224,97.45896025106724,99.00177111236916,XLC,通信サービス,growth,Lagging,3.0,-1.0,0.0
2026-06-02,112.90321350097656,0.5416421102625065,0.5524978326912504,97.09081208870269,99.11229334957632,XLC,通信サービス,growth,Lagging,1.0,-2.0,1.0
2026-06-03,111.42195892333984,0.5365539948389882,0.5471832200738297,96.855272141917,98.8915388183611,XLC,通信サービス,growth,Lagging,1.0,0.0,5.0
2026-06-04,112.44590759277344,0.5374268493217819,0.5439310964898137,96.86803441579109,98.94013279118425,XLC,通信サービス,growth,Lagging,1.0,-1.0,2.0
2026-06-05,111.01436614990234,0.5382438267330483,0.5420353399042253,96.98793315689896,99.40876110426578,XLC,通信サービス,growth,Lagging,1.0,-1.0,1.0
2026-06-08,110.4377670288086,0.5360156570364571,0.5400287789483026,97.0799766868764,99.71493312340237,XLC,通信サービス,growth,Lagging,1.0,-2.0,-1.0
2026-06-09,110.82547760009766,0.5338347282161464,0.5379640953709173,97.15179466369713,100.41479467194034,XLC,通信サービス,growth,Improving,1.0,0.0,2.0
2026-06-10,110.35823822021484,0.5384306173390228,0.5381196026936191,97.35203708152054,101.12325205526633,XLC,通信サービス,growth,Improving,1.0,0.0,0.0
2026-06-11,111.46173095703125,0.5354660425487247,0.5372350826453209,97.45241019393059,101.2775285352623,XLC,通信サービス,growth,Improving,1.0,0.0,1.0
2026-06-12,110.9944839477539,0.5284346180314337,0.5343015944406919,97.41945098561405,101.03967147695731,XLC,通信サービス,growth,Improving,1.0,0.0,1.0
2026-06-15,111.53131866455078,0.5279224122719998,0.5321752003844613,97.44505595466042,100.93457494568865,XLC,通信サービス,growth,Improving,1.0,0.0,2.0
2026-06-16,111.66055297851562,0.5303028227820059,0.5315510745169763,97.55716669477042,100.98637753440399,XLC,通信サービス,growth,Improving,1.0,0.0,0.0
2026-06-17,108.55886840820312,0.5234171417102865,0.528839763581413,97.54505638271021,100.63967399975988,XLC,通信サービス,growth,Improving,1.0,0.0,0.0
2026-06-18,108.8073959350586,0.522191715235534,0.5266237474661201,97.56818598052764,100.50594754491662,XLC,通信サービス,growth,Improving,1.0,0.0,0.0
2026-06-22,106.50897216796875,0.510039306401632,0.5210956004446241,97.42888417498479,100.33152554768485,XLC,通信サービス,growth,Improving,1.0,0.0,0.0
2026-06-23,106.9176254272461,0.5137609590111792,0.5186507199668091,97.46738743198787,100.34542485160794,XLC,通信サービス,growth,Improving,1.0,0.0,0.0
2026-06-24,106.19002532958984,0.5066507807208752,0.5146507402181645,97.44026487682949,100.11875208809313,XLC,通信サービス,growth,Improving,1.0,0.0,0.0
2026-06-25,105.2331771850586,0.4988370578271874,0.5093795127545055,97.37540717610275,100.02709948019111,XLC,通信サービス,growth,Improving,1.0,0.0,0.0
2026-06-26,105.83120727539062,0.5051068507109434,0.5079552920733181,97.49030096175773,100.15655477852692,XLC,通信サービス,growth,Improving,1.0,0.0,0.0
2026-06-29,107.52561950683594,0.5065937789199647,0.5075014543555336,97.62936649485337,100.5763597233404,XLC,通信サービス,growth,Improving,1.0,0.0,0.0
2026-06-30,106.77808380126953,0.5037338729484773,0.5062455938865149,97.71951451061068,100.63532014768602,XLC,通信サービス,growth,Improving,1.0,0.0,0.0
2026-07-01,109.37950897216797,0.5144588335787104,0.5089833404505801,97.94607456148442,101.0181631215777,XLC,通信サービス,growth,Improving,2.0,1.0,1.0
2026-07-02,109.2399673461914,0.5102163345899733,0.5093943384970445,98.06068784710935,101.26861059074307,XLC,通信サービス,growth,Improving,2.0,1.0,1.0
2026-07-06,109.84796905517578,0.5128413425977738,0.5105433398639543,98.18984310292323,101.25778491101694,XLC,通信サービス,growth,Improving,3.0,2.0,2.0
2026-07-07,110.65530395507812,0.5172600695656764,0.5127822497645284,98.34568399307753,101.26006409503469,XLC,通信サービス,growth,Improving,3.0,2.0,2.0
2026-07-08,109.10043334960938,0.5160722818170926,0.5138789271153832,98.44855335345521,101.25767994119776,XLC,通信サービス,growth,Improving,5.0,4.0,4.0
2026-07-09,110.14698791503906,0.5178502329130277,0.5152026957145981,98.55212583715239,101.04572371943235,XLC,通信サービス,growth,Improving,6.0,4.0,3.0
2026-07-10,111.27326965332031,0.5211924581378911,0.5171992831890291,98.67251113368198,101.03386277961754,XLC,通信サービス,growth,Improving,6.0,4.0,3.0
2026-07-13,111.22343444824219,0.5211292839974608,0.5185092834585063,98.76235518052884,100.95682691291205,XLC,通信サービス,growth,Improving,5.0,2.0,0.0
2026-07-14,111.08389282226562,0.5223773960225951,0.5197986543132026,98.8472338845646,100.83668287015189,XLC,通信サービス,growth,Improving,5.0,2.0,0.0
2026-07-15,113.00755310058594,0.5326212263934514,0.5240728450066189,99.03283600292816,100.95457575882469,XLC,通信サービス,growth,Improving,5.0,0.0,-4.0
2026-07-16,112.27995300292969,0.5240491486918925,0.5240649462350434,99.06263766130373,100.8559541367982,XLC,通信サービス,growth,Improving,5.0,-1.0,-5.0
2026-07-17,110.2865219116211,0.5188221634406596,0.5223173519702489,99.02941515599075,100.65839384860551,XLC,通信サービス,growth,Improving,3.0,-3.0,-7.0
2026-07-20,110.43603515625,0.5218489779814355,0.5221612273073111,99.05307669992959,100.58891502249762,XLC,通信サービス,growth,Improving,3.0,-2.0,-4.0
2026-07-21,109.6685562133789,0.5173942580429569,0.5205722375525264,99.02439035596444,100.434901322482,XLC,通信サービス,growth,Improving,3.0,-2.0,-4.0
2026-07-22,108.8412857055664,0.513636195071686,0.5182602233922463,98.96988519600401,100.05337389208925,XLC,通信サービス,growth,Improving,3.0,-2.0,-2.0
2026-07-23,105.03382873535156,0.4974926964267672,0.5113377144037533,98.74876495449313,99.64878216106369,XLC,通信サービス,growth,Lagging,3.0,-2.0,-1.0
2026-07-24,105.95081329345703,0.4979588870080467,0.5068781052718512,98.62444518556022,99.49591454345583,XLC,通信サービス,growth,Lagging,2.0,-1.0,2.0
2026-07-27,107.30635070800781,0.500556365208757,0.5047708585841532,98.59143571206272,99.38352504992939,XLC,通信サービス,growth,Lagging,2.0,-1.0,1.0
2026-07-28,109.30973815917969,0.5040223793463849,0.5045213655048971,98.62683928858387,99.46852382000864,XLC,通信サービス,growth,Lagging,3.0,0.0,2.0
2026-07-29,109.1502685546875,0.5078596690766543,0.5056341333621495,98.7091058188773,99.68697636257055,XLC,通信サービス,growth,Lagging,3.0,0.0,2.0
2026-07-30,106.22989654541016,0.4950748043489948,0.5021143570244313,98.62054358604013,99.89717778918151,XLC,通信サービス,growth,Lagging,4.0,1.0,3.0
2026-07-31,107.88443756103516,0.5036508790418323,0.5026265310302317,98.68107436879862,100.19703940933431,XLC,通信サービス,growth,Improving,3.0,1.0,2.0
2026-08-03,110.97425079345703,0.5130643318344519,0.5061057979649718,98.84673682722205,100.52779913910688,XLC,通信サービス,growth,Improving,5.0,3.0,4.0
2026-08-04,111.67195892333984,0.5089757640738961,0.5070624533346133,98.91465371523039,100.57287802593092,XLC,通信サービス,growth,Improving,6.0,3.0,3.0
2026-08-05,110.50580596923828,0.5048067801184668,0.5063105622625645,98.91755675003147,100.42004371045422,XLC,通信サービス,growth,Improving,5.0,2.0,2.0
2026-08-06,110.81478118896484,0.5088815499508311,0.5071675581586534,98.98042609390168,100.66361385721929,XLC,通信サービス,growth,Improving,4.0,0.0,-1.0
2026-08-07,110.88455200195312,0.5057084293854571,0.5066811819009214,98.98961666165305,100.56494073687249,XLC,通信サービス,growth,Improving,4.0,1.0,0.0
2026-08-10,111.462646484375,0.5080448370425134,0.5071357336147854,99.03456874258984,100.34884167838783,XLC,通信サービス,growth,Improving,4.0,-1.0,-4.0
2026-08-11,110.90447998046875,0.504424151693767,0.5062318729744459,99.0253868460914,100.20175243379961,XLC,通信サービス,growth,Improving,4.0,-2.0,-5.0
2026-08-12,109.90776824951172,0.49900900208113375,0.5038242493433419,98.95476630324343,100.0664164306509,XLC,通信サービス,growth,Improving,4.0,-1.0,-3.0
2026-08-13,112.18028259277344,0.5055536763463552,0.504400725011013,99.00412446109397,100.04224661532497,XLC,通信サービス,growth,Improving,4.0,0.0,0.0
2026-08-14,112.57896423339844,0.5072592705245957,0.5053535735155406,99.06748495920387,100.13284153713401,XLC,通信サービス,growth,Improving,6.0,2.0,1.0
2026-08-17,110.45596313476562,0.5021566708901284,0.5042879393070698,99.0414585493887,100.01262121689129,XLC,通信サービス,growth,Improving,6.0,2.0,3.0
2026-08-18,110.11708068847656,0.5028937197108196,0.5038231994416531,99.03779181063987,100.03718825957957,XLC,通信サービス,growth,Improving,6.0,2.0,4.0
2026-08-19,110.9543228149414,0.5015148204596181,0.5030537397809748,99.01586391779081,100.13882183986718,XLC,通信サービス,growth,Improving,7.0,3.0,4.0
2026-08-20,110.31642150878906,0.5026833849155846,0.5029302881591782,99.02200641324632,100.06400580366318,XLC,通信サービス,growth,Improving,7.0,3.0,3.0
2026-08-21,111.0340576171875,0.5027808753163917,0.5028804838782494,99.02985475276155,99.9563513600516,XLC,通信サービス,growth,Lagging,6.0,0.0,-2.0
2026-08-24,111.95103454589844,0.5063391925030454,0.5040333867531814,99.10386114690921,100.105012961457,XLC,通信サービス,growth,Improving,7.0,1.0,-1.0
2026-08-25,112.80821228027344,0.5105841773029176,0.5062169836030935,99.24172374117728,100.33533182949898,XLC,通信サービス,growth,Improving,7.0,1.0,-1.0
2026-08-26,112.24008178710938,0.5072351227501845,0.5065563633187905,99.27630475780582,100.42597035411538,XLC,通信サービス,growth,Improving,7.0,0.0,-3.0
2026-08-27,111.04402923583984,0.5033255647141974,0.5054794304505928,99.21927487009464,100.25663615343313,XLC,通信サービス,growth,Improving,7.0,0.0,-3.0
2026-08-28,112.61883544921875,0.5122215130192795,0.5077267913068217,99.38239700106995,100.61049078747479,XLC,通信サービス,growth,Improving,7.0,1.0,1.0
2026-08-31,111.09386444091797,0.5082796132587467,0.5079110652907968,99.41012153390069,100.46798983282295,XLC,通信サービス,growth,Improving,6.0,-1.0,-2.0
2026-09-01,110.51576232910156,0.5098174957850505,0.5085465421222147,99.4778231183167,100.2518268748434,XLC,通信サービス,growth,Improving,6.0,-1.0,-2.0
2026-09-02,112.05070495605469,0.5145100514835502,0.5105343785759933,99.66705107156366,100.66946849687073,XLC,通信サービス,growth,Improving,7.0,0.0,0.0
2026-09-03,113.00755310058594,0.5154844116710079,0.5121843896076648,99.843413757534,101.38763154991385,XLC,通信サービス,growth,Improving,7.0,0.0,0.0
2026-09-04,111.6619873046875,0.511788676905965,0.5120524853737649,99.86735674597202,100.929259842116,XLC,通信サービス,growth,Improving,7.0,0.0,-1.0
2026-09-08,111.1536636352539,0.5147948549393495,0.5129666085622931,99.9960142484605,101.23887246999645,XLC,通信サービス,growth,Improving,7.0,1.0,2.0
2026-09-09,110.46593475341797,0.5165913739355353,0.5141748636867072,100.16586410882874,101.52634401977525,XLC,通信サービス,growth,Leading,7.0,1.0,2.0
2026-09-10,111.13372802734375,0.5232981884168348,0.5172159719300831,100.56175569429195,102.12717844292727,XLC,通信サービス,growth,Leading,8.0,1.0,1.0
2026-09-11,112.23011779785156,0.5242797679233387,0.5195705705945016,100.91995460310285,102.56794177990011,XLC,通信サービス,growth,Leading,8.0,1.0,1.0
2026-09-14,114.69200134277344,0.535431509875321,0.5248575503547748,101.64910540630541,104.02364049487177,XLC,通信サービス,growth,Leading,10.0,3.0,3.0
2026-09-15,113.6554183959961,0.5331961136676199,0.5276370714590565,102.05537418606035,104.02237662842721,XLC,通信サービス,growth,Leading,10.0,3.0,2.0
2026-09-16,112.62879943847656,0.5325615663566569,0.5292785697582566,102.29960868991425,103.65214439446768,XLC,通信サービス,growth,Leading,11.0,4.0,3.0
2026-09-17,111.9809341430664,0.5269414047342985,0.5284995147502706,102.20158799106187,102.4770828082002,XLC,通信サービス,growth,Leading,11.0,3.0,2.0
2026-09-18,110.44599151611328,0.5222156271590074,0.5264048855531829,101.9284163389722,101.22901441720147,XLC,通信サービス,growth,Leading,11.0,3.0,2.0
2026-09-21,114.75,0.5395429939426881,0.5307842550163513,102.39466374447038,100.70923223804645,XLC,通信サービス,growth,Leading,11.0,1.0,-2.0
2026-09-22,113.52999877929688,0.5335056257103709,0.5316913785810246,102.37972918115938,99.90355046388892,XLC,通信サービス,growth,Weakening,10.0,0.0,-3.0
2026-09-23,112.55999755859375,0.53267710406074,0.5320199537409297,102.28368620312311,99.25303138588593,XLC,通信サービス,growth,Weakening,10.0,-1.0,-5.0
2026-09-24,113.98999786376953,0.5421383089594988,0.535392738813786,102.49301548019953,99.82216549704137,XLC,通信サービス,growth,Weakening,10.0,-1.0,-4.0
2026-09-25,112.95999908447266,0.5350764945189137,0.5352873240488286,102.32834777563515,100.01589248803137,XLC,通信サービス,growth,Leading,10.0,-1.0,-4.0
2026-09-28,112.95999908447266,0.5350764945189137,0.535217047538857,102.189854765606,98.87121735788128,XLC,通信サービス,growth,Weakening,9.0,-2.0,-3.0
2024-09-30,43.97025680541992,0.2535524499509197,0.2535524499509197,,,XLF,金融,value,,,,
2024-10-01,43.73740768432617,0.2535541817613113,0.2535530272210502,,,XLF,金融,value,,,,
2024-10-02,43.785926818847656,0.25410638119448364,0.2537374785455281,,,XLF,金融,value,,,,
2024-10-03,43.553062438964844,0.25395333273247306,0.25380942994117645,,,XLF,金融,value,,,,
2024-10-04,44.290435791015625,0.25624257456421995,0.25462047814885763,,,XLF,金融,value,,,,
2024-10-07,43.74711227416992,0.255084816940629,0.25477525774611476,,,XLF,金融,value,,,,
2024-10-08,43.99936294555664,0.2559488938749447,0.2551664697890581,,,XLF,金融,value,,,,
2024-10-09,44.4068603515625,0.25655693959119064,0.2556299597231023,,,XLF,金融,value,,,,
2024-10-10,44.27103042602539,0.2567341761869375,0.2559980318777141,,,XLF,金融,value,,,,
2024-10-11,45.124820709228516,0.2591398420923405,0.25704530194925623,,,XLF,金融,value,,,,
2024-10-14,45.406185150146484,0.2588562953119687,0.2576489664034938,,,XLF,金融,value,,,,
2024-10-15,45.503204345703125,0.26058852972778745,0.258628820844925,,,XLF,金融,value,,,,
2024-10-16,46.06593704223633,0.2620391127786997,0.2597655848228499,,,XLF,金融,value,,,,
2024-10-17,46.19206237792969,0.26317675529890855,0.26090264164820276,,,XLF,金融,value,,,,
2024-10-18,46.20175552368164,0.2624504732662902,0.2614185855208986,,,XLF,金融,value,,,,
2024-10-21,45.83308410644531,0.2625941448052909,0.26181043861569603,,,XLF,金融,value,,,,
2024-10-22,45.745758056640625,0.2632764761558677,0.26229911779575327,,,XLF,金融,value,,,,
2024-10-23,45.70695495605469,0.26392059644299176,0.26283961067816614,,,XLF,金融,value,,,,
2024-10-24,45.745758056640625,0.2640855758777163,0.26325493241134956,,,XLF,金融,value,,,,
2024-10-25,45.241249084472656,0.2624195275859838,0.26297646413622766,,,XLF,金融,value,,,,
2024-10-28,45.80397033691406,0.2641854478065448,0.26337945869300006,,,XLF,金融,value,,,,
2024-10-29,45.52260971069336,0.26335656080421227,0.26337182606340415,,,XLF,金融,value,,,,
2024-10-30,45.72635269165039,0.2651142627176403,0.26395263828148285,,,XLF,金融,value,,,,
2024-10-31,45.09571075439453,0.2642758408668026,0.2640603724765895,,,XLF,金融,value,,,,
2024-11-01,45.250953674316406,0.2650202239274607,0.26438032296021324,,,XLF,金融,value,,,,
2024-11-04,44.901668548583984,0.26266189003153007,0.26380751198398555,,,XLF,金融,value,,,,
2024-11-05,45.31886672973633,0.26204585599384506,0.26322029332060537,,,XLF,金融,value,,,,
2024-11-06,48.074283599853516,0.2715494705701253,0.265996685737112,,,XLF,金融,value,,,,
2024-11-07,47.2981071472168,0.26690254449267287,0.2662986386556323,,,XLF,金融,value,,,,
2024-11-08,47.72500228881836,0.2678193931127977,0.26680555680802076,,,XLF,金融,value,,,,
2024-11-11,48.40415573120117,0.2702799090653174,0.26796367422711964,,,XLF,金融,value,,,,
2024-11-12,48.25862503051758,0.27153667407036636,0.26915467417486855,,,XLF,金融,value,,,,
2024-11-13,48.2877311706543,0.27155253785201133,0.2699539620672495,,,XLF,金融,value,,,,
2024-11-14,48.16160202026367,0.2730279399786721,0.270978621371057,,,XLF,金融,value,,,,
2024-11-15,48.3847541809082,0.27626366096414345,0.27274030123541915,,,XLF,金融,value,,,,
2024-11-18,48.53028869628906,0.27598122084304544,0.2738206077712946,,,XLF,金融,value,,,,
2024-11-19,48.210113525390625,0.2749019375139104,0.2741810510188332,,,XLF,金融,value,,,,
2024-11-20,48.06458282470703,0.27315240647252714,0.2738381695033979,,,XLF,金融,value,,,,
2024-11-21,48.67581558227539,0.27318477675836,0.2736203719217186,,,XLF,金融,value,,,,
2024-11-22,49.21913528442383,0.2740751501789385,0.27377196467412523,,,XLF,金融,value,,,,
2024-11-25,49.539310455322266,0.2733825203369099,0.2736421498950535,,,XLF,金融,value,,,,
2024-11-26,49.63633346557617,0.27388867460859323,0.27372432479956676,,,XLF,金融,value,,,,
2024-11-27,49.73335266113281,0.27468813700708444,0.27404559553540603,,,XLF,金融,value,,,,
2024-11-29,49.81097412109375,0.2742810378849081,0.2741240763185734,,,XLF,金融,value,,,,
2024-12-02,49.316162109375,0.2722383485495276,0.27349550039555814,,,XLF,金融,value,,,,
2024-12-03,48.947479248046875,0.27140679096117853,0.27279926391743164,,,XLF,金融,value,,,,
2024-12-04,48.76313400268555,0.2703701198506854,0.27198954922851626,,,XLF,金融,value,,,,
2024-12-05,48.90867233276367,0.2725373692338276,0.27217215589695337,,,XLF,金融,value,,,,
2024-12-06,48.89896774291992,0.272792247546256,0.2723788531133876,,,XLF,金融,value,,,,
2024-12-09,48.229515075683594,0.2701662947371084,0.2716413336546279,,,XLF,金融,value,,,,
2024-12-10,48.21981430053711,0.27177711143602584,0.2716865929150939,,,XLF,金融,value,,,,
2024-12-11,48.316837310791016,0.27207166951541395,0.27181495178186726,,,XLF,金融,value,,,,
2024-12-12,48.10338592529297,0.2718624840450747,0.27183079586960307,,,XLF,金融,value,,,,
2024-12-13,48.06458282470703,0.2725975846685734,0.27208639213592656,,,XLF,金融,value,,,,
2024-12-16,47.97726058959961,0.2730015975116362,0.2723914605944965,,,XLF,金融,value,,,,
2024-12-17,47.63768005371094,0.27322116910242067,0.2726680300971379,,,XLF,金融,value,,,,
2024-12-18,46.21146011352539,0.27312292340527533,0.2728196611998504,,,XLF,金融,value,,,,
2024-12-19,46.37640380859375,0.27501028350999135,0.27354986863656405,,,XLF,金融,value,,,,
2024-12-20,47.06525421142578,0.2752402922707864,0.27411334318130487,,,XLF,金融,value,,,,
2024-12-23,47.17827606201172,0.2755256205925376,0.2745841023183825,,,XLF,金融,value,,,,
2024-12-24,47.73365783691406,0.27668161395315927,0.2752832728633081,,,XLF,金融,value,,,,
2024-12-26,47.850582122802734,0.27690721766916165,0.27582458779859265,,,XLF,金融,value,,,,
2024-12-27,47.49981689453125,0.2767597743707811,0.2761363166559888,101.29927404694328,,XLF,金融,value,,8.0,,
2024-12-30,47.041866302490234,0.276880835118023,0.2763844894766669,101.30242037097786,,XLF,金融,value,,8.0,,
2024-12-31,47.0905876159668,0.27666143906535007,0.2764768060062279,101.28655094539127,,XLF,金融,value,,8.0,,
2025-01-02,46.97365951538086,0.27678003640752147,0.2765778828066591,101.27414550601621,,XLF,金融,value,,8.0,,
2025-01-03,47.34391784667969,0.27643026756012257,0.2765286777244803,101.2429612788214,,XLF,金融,value,,8.0,,
2025-01-06,47.1977653503418,0.27576459603507003,0.27627398382801027,101.181208244281,,XLF,金融,value,,8.0,0.0,
2025-01-07,47.0905876159668,0.27606280640932773,0.2762035913551161,101.14943154018795,,XLF,金融,value,,8.0,0.0,
2025-01-08,47.246490478515625,0.2766458791473147,0.27635102061918226,101.15326230163713,,XLF,金融,value,,9.0,1.0,
2025-01-10,46.10649108886719,0.273975527820217,0.27555918968619386,101.006097927631,,XLF,金融,value,,8.0,0.0,
2025-01-13,46.437767028808594,0.27370073237886205,0.2749397039170833,100.88433333078007,,XLF,金融,value,,8.0,0.0,
2025-01-14,47.01264190673828,0.2748701891568937,0.27491653233035346,100.86219265057598,,XLF,金融,value,,8.0,0.0,0.0
2025-01-15,48.211097717285156,0.2791974982560995,0.27634352097226883,101.10596830493155,,XLF,金融,value,,10.0,2.0,2.0
2025-01-16,48.53263473510742,0.2788634452910284,0.2771834957451887,101.24569651153547,,XLF,金融,value,,10.0,1.0,0.0
2025-01-17,48.94186019897461,0.2798558837025201,0.2780742917309659,101.39402659931517,,XLF,金融,value,,10.0,2.0,2.0
2025-01-21,49.35109329223633,0.2789576773982986,0.2783687536200768,101.42264901168481,,XLF,金融,value,,11.0,3.0,3.0
2025-01-22,49.117244720458984,0.27861485488768845,0.27845078737594736,101.40931171447642,,XLF,金融,value,,10.0,2.0,2.0
2025-01-23,49.39981460571289,0.2788961618491573,0.278599245533684,101.41031149330135,,XLF,金融,value,,10.0,0.0,-2.0
2025-01-24,49.54596710205078,0.27996696141975363,0.27905515082904053,101.47393752543495,,XLF,金融,value,,10.0,0.0,-1.0
2025-01-27,50.09159851074219,0.28286380122141075,0.28032470095983064,101.70121019192847,,XLF,金融,value,,11.0,1.0,-1.0
2025-01-28,50.003910064697266,0.2837695070868854,0.28147296966884894,101.89165967464473,,XLF,金融,value,,11.0,0.0,-3.0
2025-01-29,49.96493911743164,0.2844893218185827,0.2824784203854269,102.04633512360621,,XLF,金融,value,,11.0,1.0,-1.0
2025-01-30,50.44236755371094,0.2841743396869999,0.2830437268192846,102.10023697090361,,XLF,金融,value,,11.0,1.0,1.0
2025-01-31,50.150062561035156,0.28486586456783763,0.2836511060688023,102.16161949379352,,XLF,金融,value,,11.0,1.0,1.0
2025-02-03,49.94544982910156,0.2852618149578991,0.2841880090318346,102.19992627176865,,XLF,金融,value,,11.0,0.0,-1.0
2025-02-04,49.82852554321289,0.2842470716711999,0.2842076965782897,102.13547997676766,,XLF,金融,value,,11.0,0.0,0.0
2025-02-05,50.354679107666016,0.2858546341265664,0.2847566757610486,102.18059365185204,,XLF,金融,value,,11.0,0.0,-1.0
2025-02-06,50.773651123046875,0.28861504327488324,0.28604279826566015,102.37655029237493,,XLF,金融,value,,11.0,0.0,-1.0
2025-02-07,50.49108123779297,0.2884261814876537,0.286837259339658,102.47260487244141,,XLF,金融,value,,11.0,0.0,-1.0
2025-02-10,50.09159851074219,0.28533669882220924,0.28633707250050844,102.27295149088707,,XLF,金融,value,,11.0,0.0,0.0
2025-02-11,50.21826934814453,0.28602660562641924,0.28623358354247874,102.16976176021981,,XLF,金融,value,,11.0,0.0,0.0
2025-02-12,50.04288101196289,0.2866930761600626,0.28638674774834005,102.12289979724679,,XLF,金融,value,,11.0,0.0,0.0
2025-02-13,50.37417221069336,0.28610729980030775,0.2862935984323293,102.02407298728886,,XLF,金融,value,,11.0,0.0,0.0
2025-02-14,50.47159957885742,0.2869455649490076,0.2865109206045554,101.98545620579888,,XLF,金融,value,,11.0,0.0,0.0
2025-02-18,50.83210754394531,0.28679371623827965,0.28660518581579686,101.92265372321292,,XLF,金融,value,,11.0,0.0,0.0
2025-02-19,50.85159683227539,0.2863231049130474,0.28651115884821377,101.82568730776516,,XLF,金融,value,,11.0,0.0,0.0
2025-02-20,50.072113037109375,0.2826452213439508,0.28522251301345947,101.51026752829414,,XLF,金融,value,,10.0,-1.0,-1.0
2025-02-21,49.44852828979492,0.28309901314622776,0.28451467972438227,101.32354660809028,,XLF,金融,value,,9.0,-2.0,-2.0
2025-02-24,49.66288757324219,0.2840892883546773,0.2843728826011473,101.25281090229973,,XLF,金融,value,,7.0,-4.0,-4.0
2025-02-25,49.653141021728516,0.283749726305847,0.2841651638360472,101.17337939566079,,XLF,金融,value,,7.0,-4.0,-4.0
2025-02-26,49.54596710205078,0.28373575868302975,0.2840220287850414,101.10942146650521,,XLF,金融,value,,7.0,-4.0,-4.0
2025-02-27,49.81878662109375,0.28781166365184646,0.28528524040730974,101.30603551980779,,XLF,金融,value,,7.0,-3.0,-2.0
2025-02-28,50.841854095458984,0.29049446028819004,0.28702164703426986,101.57399427361669,,XLF,金融,value,,8.0,-1.0,1.0
2025-03-03,50.41313934326172,0.2911473506090796,0.28839688155920645,101.75488985574945,,XLF,金融,value,,7.0,0.0,4.0
2025-03-04,48.63981246948242,0.28551885978717073,0.2874375409685279,101.519536114203,,XLF,金融,value,,7.0,0.0,4.0
2025-03-05,48.92237854003906,0.2845330733688285,0.28646938510196146,101.29836829192958,,XLF,金融,value,,7.0,0.0,4.0
2025-03-06,48.1136589050293,0.28296275187702463,0.28530050736031587,101.05340548374431,,XLF,金融,value,,7.0,0.0,3.0
2025-03-07,47.860328674316406,0.27886031212765056,0.2831537756160941,100.64188039998983,,XLF,金融,value,,5.0,-3.0,-2.0
2025-03-10,46.788536071777344,0.27651221120421765,0.2809399208121353,100.21646815020485,,XLF,金融,value,,5.0,-2.0,-2.0
2025-03-11,46.3890495300293,0.27785172821946114,0.27991052328124394,100.00349629970052,,XLF,金融,value,,4.0,-3.0,-3.0
2025-03-12,46.45725631713867,0.2795778090743744,0.27979961854562074,99.95985281289161,,XLF,金融,value,,3.0,-4.0,-4.0
2025-03-13,46.20391845703125,0.280744650797405,0.28011462929621556,99.9942255173407,,XLF,金融,value,,3.0,-4.0,-4.0
2025-03-14,47.27572250366211,0.2818833338140169,0.28070419746881603,100.08325824088827,,XLF,金融,value,,3.0,-2.0,1.0
2025-03-17,47.83110046386719,0.2813974271103624,0.28093527401599816,100.10293250785456,,XLF,金融,value,,4.0,-1.0,1.0
2025-03-18,47.77263641357422,0.2825226684820342,0.2814644055046769,100.18458959979432,,XLF,金融,value,,5.0,1.0,4.0
2025-03-19,48.29878616333008,0.2835332159181584,0.2821540089758374,100.30359928584616,,XLF,金融,value,,5.0,2.0,6.0
2025-03-20,48.36699295043945,0.2851204222954512,0.2831428134157087,100.49215125283166,,XLF,金融,value,,5.0,2.0,6.0
2025-03-21,48.19160842895508,0.28539389203795845,0.2838931729564586,100.6340360284602,,XLF,金融,value,,5.0,2.0,4.0
2025-03-24,49.04140090942383,0.28599457140375745,0.28459363910555824,100.76916603736842,,XLF,金融,value,,6.0,2.0,3.0
2025-03-25,49.315208435058594,0.2882804891004226,0.2858225891038464,101.02797743082849,,XLF,金融,value,,8.0,3.0,2.0
2025-03-26,49.168521881103516,0.2879651852832231,0.28653678783030534,101.16667244750877,,XLF,金融,value,,10.0,5.0,3.0
2025-03-27,49.07073211669922,0.2881336562633667,0.28706907730799247,101.26068693426234,,XLF,金融,value,,10.0,5.0,3.0
2025-03-28,48.1221809387207,0.286988236043525,0.28704213021983666,101.21983949586408,,XLF,金融,value,,9.0,4.0,2.0
2025-03-31,48.708919525146484,0.288089469081073,0.2873912431735821,101.26803452778488,,XLF,金融,value,,8.0,2.0,0.0
2025-04-01,48.65024185180664,0.2874437570455829,0.2874087477975824,101.23591388896149,,XLF,金融,value,,8.0,0.0,-3.0
2025-04-02,49.051177978515625,0.28740939158080986,0.28740896239199154,101.20064362970606,,XLF,金融,value,,7.0,-3.0,-8.0
2025-04-03,46.63577651977539,0.2869252442339129,0.28724772300596535,101.12780519473486,,XLF,金融,value,,6.0,-4.0,-9.0
2025-04-04,43.22292709350586,0.28174670944137586,0.2854140518177689,100.64183867174621,,XLF,金融,value,,5.0,-4.0,-8.0
2025-04-07,43.1153564453125,0.2834075935487644,0.28474523239476746,100.44643372144536,98.6251041011792,XLF,金融,value,Weakening,5.0,-3.0,-5.0
2025-04-08,42.949119567871094,0.2877422315490409,0.2857442321128586,100.68331809065343,99.10867139876989,XLF,金融,value,Weakening,7.0,-1.0,-1.0
2025-04-09,46.185943603515625,0.2865147134925752,0.2860010592394308,100.72837883639505,99.25876017118229,XLF,金融,value,Weakening,7.0,0.0,3.0
2025-04-10,44.8951301574707,0.28820953266470817,0.2867372170478566,100.90658980035965,99.69160992426303,XLF,金融,value,Weakening,7.0,1.0,5.0
2025-04-11,45.63832473754883,0.28860449392493,0.28735964267354774,101.06343160866615,100.77113657852222,XLF,金融,value,Leading,7.0,2.0,6.0
2025-04-14,46.10771942138672,0.28789462521965703,0.2875379701889175,101.1066396143768,101.1413681535553,XLF,金融,value,Leading,7.0,2.0,5.0
2025-04-15,46.22506332397461,0.2895625533836334,0.28821283125382285,101.31234742411304,101.05567507744702,XLF,金融,value,Leading,8.0,1.0,2.0
2025-04-16,45.50141906738281,0.288736717493819,0.28838746000048826,101.3574116439619,101.0287460771319,XLF,金融,value,Leading,8.0,1.0,1.0
2025-04-17,45.618770599365234,0.2873457353451281,0.28804021844870153,101.22766736503999,100.50853856688417,XLF,金融,value,Leading,7.0,0.0,-1.0
2025-04-21,44.64087677001953,0.2869549093129014,0.2876784487367682,101.08455137650287,100.01944079147498,XLF,金融,value,Leading,6.0,-1.0,-3.0
2025-04-22,46.11750030517578,0.2893132702643535,0.2882233892459633,101.25823672500819,100.24882266576557,XLF,金融,value,Leading,7.0,0.0,-2.0
2025-04-23,46.66511917114258,0.2899437546639231,0.28879684438528325,101.44808639840777,100.23466981525728,XLF,金融,value,Leading,8.0,0.0,-1.0
2025-04-24,47.18339920043945,0.28828629329616073,0.2886266606889091,101.36911629367805,100.03309495065206,XLF,金融,value,Leading,9.0,1.0,0.0
2025-04-25,46.95848083496094,0.2873233248332132,0.2881922154036771,101.1856498456408,99.9493542504132,XLF,金融,value,Weakening,8.0,1.0,1.0
2025-04-28,47.105167388916016,0.2874141412091286,0.2879328573388276,101.05772228984212,99.98404502724914,XLF,金融,value,Weakening,8.0,2.0,3.0
2025-04-29,47.594112396240234,0.2887124756261305,0.2881927301012619,101.13321561362307,99.83233497790853,XLF,金融,value,Weakening,9.0,2.0,2.0
2025-04-30,47.68212127685547,0.2888359641546741,0.2884071414523993,101.18489430754293,99.6171209927857,XLF,金融,value,Weakening,9.0,1.0,1.0
2025-05-01,47.67234420776367,0.28916993707179334,0.28866140665886403,101.24906985929073,99.88463194187747,XLF,金融,value,Weakening,10.0,1.0,0.0
2025-05-02,48.66001510620117,0.2900437905736077,0.2891222012971119,101.39006888776314,100.47058985353141,XLF,金融,value,Leading,10.0,2.0,1.0
2025-05-05,48.34709167480469,0.2891374092006923,0.2891272705983054,101.34413248982511,100.62460387509613,XLF,金融,value,Leading,10.0,2.0,0.0
2025-05-06,48.073280334472656,0.28964703671563574,0.28930052597074885,101.36528242304584,100.52845506272459,XLF,金融,value,Leading,10.0,1.0,-1.0
2025-05-07,48.35687255859375,0.2894493411866313,0.2893501310427097,101.33820013388464,100.3878436843748,XLF,金融,value,Leading,10.0,1.0,0.0
2025-05-08,48.757808685302734,0.28941445817069916,0.2893715734187062,101.30706390865643,100.22520884585032,XLF,金融,value,Leading,10.0,0.0,-1.0
2025-05-09,48.757808685302734,0.2894815002779406,0.28940821570511766,101.28860441139757,99.95258143038302,XLF,金融,value,Weakening,10.0,0.0,-2.0
2025-05-12,49.745479583740234,0.2874662570217227,0.28876089614398603,101.01530324741184,99.55781997228813,XLF,金融,value,Weakening,10.0,0.0,-2.0
2025-05-13,49.950843811035156,0.2880032435768943,0.2885083452882888,100.89882869880789,99.32840279603731,XLF,金融,value,Weakening,9.0,-1.0,-2.0
2025-05-14,49.813934326171875,0.2889537399596372,0.2886568101787383,100.93487329918284,99.45191466598006,XLF,金融,value,Weakening,9.0,-1.0,-2.0
2025-05-15,50.14642333984375,0.2882549389286295,0.28852285309536874,100.86559576158318,99.3875109699884,XLF,金融,value,Weakening,8.0,-2.0,-2.0
2025-05-16,50.44956970214844,0.28717791793114933,0.28807454137396227,100.68550061768318,99.1064147731092,XLF,金融,value,Weakening,8.0,-2.0,-2.0
2025-05-19,50.47890090942383,0.287376807557969,0.2878419634352979,100.58963526784966,99.4230802880014,XLF,金融,value,Weakening,8.0,-2.0,-2.0
2025-05-20,50.20509338378906,0.28656641931438126,0.28741678206165905,100.42518533749119,99.34325306878472,XLF,金融,value,Weakening,7.0,-2.0,-1.0
2025-05-21,49.178306579589844,0.28695628366647374,0.2872632825965973,100.3560673755748,99.15612458937015,XLF,金融,value,Weakening,7.0,-2.0,-1.0
2025-05-22,49.11962890625,0.2875309561421827,0.28735250711179244,100.37345529817968,99.29960747273424,XLF,金融,value,Weakening,7.0,-1.0,1.0
2025-05-23,48.94361114501953,0.2876509832745399,0.2874519991660416,100.39361398930228,99.63913332338504,XLF,金融,value,Weakening,7.0,-1.0,1.0
2025-05-27,49.804161071777344,0.28735156426900477,0.28741852086702935,100.36344209001474,99.7390845181502,XLF,金融,value,Weakening,7.0,-1.0,1.0
2025-05-28,49.47167205810547,0.2878811099391478,0.2875727172244022,100.40248547278765,100.08864406418542,XLF,金融,value,Leading,7.0,0.0,2.0
2025-05-29,49.72592544555664,0.28865569761907905,0.2879337106892945,100.52289810530318,100.42444095492063,XLF,金融,value,Leading,7.0,0.0,2.0
2025-05-30,49.833492279052734,0.289394928485273,0.288420783287954,100.69608153040849,100.70633498801254,XLF,金融,value,Leading,7.0,0.0,1.0
2025-06-02,49.853050231933594,0.2892789076856807,0.28870682475386295,100.80086646403706,100.86595563060139,XLF,金融,value,Leading,7.0,0.0,1.0
2025-06-03,49.950843811035156,0.28745324551386997,0.28828896500719864,100.63700112114982,100.6241426924072,XLF,金融,value,Leading,7.0,0.0,1.0
2025-06-04,49.66725540161133,0.28646485095392116,0.2876809269894395,100.40108185975087,100.12558369455927,XLF,金融,value,Leading,7.0,0.0,0.0
2025-06-05,49.53034973144531,0.28644926373043655,0.28727037256977184,100.2358534134413,99.6019610459177,XLF,金融,value,Weakening,7.0,0.0,0.0
2025-06-06,50.14642333984375,0.2875289922212044,0.28735657912024937,100.24653809361732,99.27752534327328,XLF,金融,value,Weakening,7.0,0.0,0.0
2025-06-09,49.87260818481445,0.2859110160966323,0.2868747247790437,100.02846526060632,98.58318784010069,XLF,金融,value,Weakening,6.0,-1.0,-1.0
2025-06-10,49.93128204345703,0.284828982309127,0.2861928106224048,99.69975235739086,98.16185939444186,XLF,金融,value,Lagging,6.0,-1.0,-1.0
2025-06-11,49.87260818481445,0.2853043794024362,0.2858966668824153,99.49573767309758,98.15336913817751,XLF,金融,value,Lagging,6.0,-1.0,-1.0
2025-06-12,49.87260818481445,0.28463688987431723,0.2854767412130493,99.20087914687092,97.87391376082132,XLF,金融,value,Lagging,4.0,-3.0,-3.0
2025-06-13,48.85559844970703,0.2822442495762326,0.2843992440007771,98.53418145862227,96.75872484200927,XLF,金融,value,Lagging,1.0,-6.0,-6.0
2025-06-16,49.41299819946289,0.2827383119537565,0.2838455999851036,98.08718984979294,96.70657957981513,XLF,金融,value,Lagging,1.0,-5.0,-4.0
2025-06-17,49.1294059753418,0.2838420797858709,0.2838444265853594,97.94370553936979,97.26802554206121,XLF,金融,value,Lagging,1.0,-5.0,-4.0
2025-06-18,49.10985565185547,0.2836971664779591,0.2837953398828927,97.80442137006234,97.54769234346685,XLF,金融,value,Lagging,1.0,-5.0,-4.0
2025-06-20,49.246761322021484,0.2840236528870578,0.2838714442176144,97.80604683068276,98.10686188490797,XLF,金融,value,Lagging,1.0,-3.0,0.0
2025-06-23,49.86690139770508,0.28508335306974214,0.28427541383499033,98.04722074555356,99.5367552527902,XLF,金融,value,Lagging,1.0,0.0,6.0
2025-06-24,50.61265182495117,0.28663278899659406,0.28506120555552494,98.54318117248744,101.02399921035193,XLF,金融,value,Improving,1.0,0.0,5.0
2025-06-25,50.44583511352539,0.28776425900590097,0.28596222337231697,99.13260386062366,102.13418354520698,XLF,金融,value,Improving,6.0,5.0,10.0
2025-06-26,50.8187141418457,0.2877199385210124,0.28654812842188215,99.51796985115116,102.79390742593644,XLF,金融,value,Improving,6.0,5.0,10.0
2025-06-27,50.96590042114258,0.28750043252870655,0.28686556312415695,99.72909274892804,102.90305224424625,XLF,金融,value,Improving,7.0,6.0,9.0
2025-06-30,51.38783264160156,0.28852478145300703,0.28741863590044037,100.08894352543057,102.85203158781631,XLF,金融,value,Leading,7.0,6.0,6.0
2025-07-01,51.672393798828125,0.28676166050349067,0.28719964410145715,99.94688779701825,101.94491599267656,XLF,金融,value,Improving,7.0,6.0,6.0
2025-07-02,51.63314437866211,0.28589079486708957,0.28676336102333466,99.66691320467928,100.82474944605879,XLF,金融,value,Improving,6.0,0.0,-5.0
2025-07-03,52.19245529174805,0.2875987545207354,0.28704182552246826,99.85378366333418,100.56494150962634,XLF,金融,value,Improving,6.0,0.0,-5.0
2025-07-07,51.692020416259766,0.2871360249868624,0.287073225343933,99.87625511993967,100.31971493994216,XLF,金融,value,Improving,6.0,-1.0,-7.0
2025-07-08,51.2308349609375,0.28386345560602727,0.28600330209796443,99.16167460921926,98.97084842991073,XLF,金融,value,Lagging,5.0,-2.0,-8.0
2025-07-09,51.41727066040039,0.2840481273478328,0.2853515771812539,98.71195901434778,98.60484328107181,XLF,金融,value,Lagging,4.0,-3.0,-9.0
2025-07-10,51.72145462036133,0.28408290240466033,0.28492868558905604,98.45567095645548,98.66414575943597,XLF,金融,value,Lagging,3.0,-3.0,-3.0
2025-07-11,51.1817741394043,0.28319176765002796,0.2843497129427134,98.13518252987589,98.1173828604041,XLF,金融,value,Lagging,1.0,-5.0,-5.0
2025-07-14,51.564453125,0.28501553348354447,0.28457165312299043,98.33795568473701,98.39346290884346,XLF,金融,value,Lagging,2.0,-4.0,-3.0
2025-07-15,50.681339263916016,0.28407351019839844,0.28440560548145977,98.30411282635967,99.21643267729858,XLF,金融,value,Lagging,1.0,-4.0,-2.0
2025-07-16,51.034584045410156,0.28494222141798475,0.28458447746030147,98.47248541958899,99.9568131960483,XLF,金融,value,Lagging,1.0,-3.0,0.0
2025-07-17,51.52520751953125,0.2853550882522474,0.2848413477242835,98.67460757941059,100.50882530568028,XLF,金融,value,Improving,3.0,0.0,3.0
2025-07-18,51.554649353027344,0.28562666227746375,0.28510311924201026,98.8683084717493,101.11530590451795,XLF,金融,value,Improving,4.0,3.0,8.0
2025-07-21,51.40745544433594,0.2857887040713858,0.2853316475184688,99.03411787305166,101.05803552404473,XLF,金融,value,Improving,4.0,2.0,6.0
2025-07-22,51.692020416259766,0.28375321869251435,0.284805504576484,98.76382311747439,100.76793086971696,XLF,金融,value,Improving,3.0,2.0,6.0
2025-07-23,52.10414123535156,0.2836654826147057,0.2844254972558913,98.59335576399141,100.37105688887084,XLF,金融,value,Improving,1.0,0.0,3.0
2025-07-24,52.07470703125,0.284415701847411,0.2844222321197312,98.63847817562595,100.19020211193694,XLF,金融,value,Improving,2.0,-1.0,-1.0
2025-07-25,52.437767028808594,0.28502558839541553,0.28462335087829266,98.79412181814033,100.14714931380648,XLF,金融,value,Improving,2.0,-2.0,-5.0
2025-07-28,52.07470703125,0.28473576551863267,0.2846608224250727,98.85357711231451,100.02477819353687,XLF,金融,value,Improving,2.0,-2.0,-4.0
2025-07-29,51.80976867675781,0.2834238052774313,0.2842484833758589,98.66575538468962,100.12306334149581,XLF,金融,value,Improving,2.0,-1.0,-3.0
2025-07-30,51.711647033691406,0.2847340564742198,0.28441034107531254,98.79758647729072,100.47145502064866,XLF,金融,value,Improving,3.0,2.0,2.0
2025-07-31,51.38783264160156,0.2855551814387729,0.28479195452979933,99.04279837469997,100.69113453653496,XLF,金融,value,Improving,5.0,3.0,4.0
2025-08-01,50.43602752685547,0.2834615096997142,0.28434847291977094,98.83069175194693,100.25822520209046,XLF,金融,value,Improving,4.0,2.0,4.0
2025-08-04,50.93646240234375,0.28281592884995754,0.28383762489649983,98.5866051357021,99.9121803954871,XLF,金融,value,Lagging,2.0,0.0,2.0
2025-08-05,50.73040008544922,0.2824556113783309,0.28337695372377686,98.38016838778896,99.90077401988111,XLF,金融,value,Lagging,2.0,0.0,1.0
2025-08-06,50.97571563720703,0.2844578836451881,0.2837372636975806,98.62072285193334,100.03601718710591,XLF,金融,value,Improving,3.0,0.0,-2.0
2025-08-07,50.40658950805664,0.2814513232942993,0.2829752835631535,98.24179992009408,99.32162444163221,XLF,金融,value,Lagging,2.0,-3.0,-6.0
2025-08-08,50.87759017944336,0.28356914387866355,0.28317323700165686,98.39703185206073,99.76154609740776,XLF,金融,value,Lagging,3.0,-1.0,-3.0
2025-08-11,50.85796356201172,0.28423599904078606,0.28352749101469993,98.6303779693069,100.31887480441723,XLF,金融,value,Improving,3.0,1.0,1.0
2025-08-12,51.47614669799805,0.2840811829962603,0.2837120550085534,98.771180257768,100.70981017609552,XLF,金融,value,Improving,5.0,3.0,3.0
2025-08-13,51.77052307128906,0.28168390007193134,0.2830360033630127,98.42123910225021,100.01519218703964,XLF,金融,value,Improving,3.0,0.0,0.0
2025-08-14,52.01583480834961,0.2848718155706583,0.28364794076556127,98.81412817045276,100.89363070625429,XLF,金融,value,Improving,5.0,3.0,6.0
2025-08-15,51.47614669799805,0.2826138613911153,0.283303247640746,98.643110659657,100.50128581259187,XLF,金融,value,Improving,3.0,0.0,1.0
2025-08-18,51.5153923034668,0.2828901856304294,0.2831655603039738,98.60196990148992,100.17260218041146,XLF,金融,value,Improving,3.0,0.0,-1.0
2025-08-19,51.61351776123047,0.28210823759638365,0.28281311940144377,98.44038870857973,99.81943803645807,XLF,金融,value,Lagging,3.0,-2.0,-5.0
2025-08-20,51.878456115722656,0.283814767371924,0.28314700205827054,98.68645993895413,100.4980767681267,XLF,金融,value,Improving,3.0,0.0,0.0
2025-08-21,51.711647033691406,0.2838915346911532,0.2833951796025648,98.87292229948417,100.2469774597445,XLF,金融,value,Improving,3.0,-2.0,-5.0
2025-08-22,52.56532669067383,0.28306517122670843,0.28328517681061266,98.84259205318803,100.39779217540293,XLF,金融,value,Improving,2.0,-1.0,-1.0
2025-08-25,52.26114273071289,0.2835972606299097,0.2833892047503784,98.93825273887711,100.54407638156847,XLF,金融,value,Improving,2.0,-1.0,-1.0
2025-08-26,52.6634521484375,0.28558293356351955,0.28412044768809214,99.40999214593214,101.24100706646772,XLF,金融,value,Improving,3.0,0.0,2.0
2025-08-27,52.771392822265625,0.28513788486399494,0.2844595934133931,99.64438154455313,101.19564265457122,XLF,金融,value,Improving,5.0,2.0,2.0
2025-08-28,52.8400764465332,0.28564514720107653,0.2848547780092876,99.92309119505276,101.26810986407708,XLF,金融,value,Improving,7.0,4.0,6.0
2025-08-29,52.977455139160156,0.28660037194406857,0.2854366426542146,100.34691591286753,101.71497881708005,XLF,金融,value,Leading,8.0,6.0,7.0
2025-09-02,52.584957122802734,0.28674210957581037,0.2858717982947465,100.70946681593574,101.925919992175,XLF,金融,value,Leading,8.0,6.0,7.0
2025-09-03,52.496639251708984,0.2867048234784602,0.2861494733559844,100.97396110083747,101.64788641963959,XLF,金融,value,Leading,9.0,6.0,6.0
2025-09-04,53.046142578125,0.28758177504088805,0.2866269072509523,101.37394510128395,101.74597568956321,XLF,金融,value,Leading,9.0,4.0,2.0
2025-09-05,52.07470703125,0.2819856976517827,0.28507983738456244,100.22408549056634,100.29083512283222,XLF,金融,value,Leading,9.0,2.0,-2.0
2025-09-08,52.11396026611328,0.2824230707465827,0.2841942485052359,99.5521390294765,99.19036586648959,XLF,金融,value,Lagging,5.0,-3.0,-9.0
2025-09-09,52.33964157104492,0.28452252718704046,0.2843036747325041,99.66631553810423,98.94850218188881,XLF,金融,value,Lagging,7.0,-1.0,-7.0
2025-09-10,52.16301727294922,0.2838497000176277,0.28415234982754534,99.56233077838152,98.59864220352726,XLF,金融,value,Lagging,6.0,-3.0,-9.0
2025-09-11,53.01670455932617,0.28423580550252925,0.28418016838587334,99.60577421395449,98.28841285569949,XLF,金融,value,Lagging,6.0,-3.0,-7.0
2025-09-12,52.791015625,0.28507783355111466,0.28447939010762047,99.87276771611036,99.66049455426095,XLF,金融,value,Lagging,7.0,-2.0,-4.0
2025-09-15,52.67326354980469,0.284939591811062,0.28463279067543434,100.00037281355895,100.42334512829333,XLF,金融,value,Leading,8.0,3.0,6.0
2025-09-16,52.555519104003906,0.2850582542768937,0.2847746118759208,100.10912339746707,100.3921422037745,XLF,金融,value,Leading,8.0,1.0,2.0
2025-09-17,53.065765380859375,0.28755069132692335,0.28569997169292166,100.87371841799805,101.26580174417701,XLF,金融,value,Leading,8.0,2.0,5.0
2025-09-18,53.11482620239258,0.2859487894588761,0.2857829109482398,100.91552348367195,101.23589698239806,XLF,金融,value,Leading,8.0,2.0,5.0
2025-09-19,53.23257827758789,0.2870824903022799,0.2862161040662532,101.2420572900395,101.26569385059841,XLF,金融,value,Leading,8.0,1.0,3.0
2025-09-22,53.16169738769531,0.2865633641766863,0.28633185743639755,101.29573678859636,101.14732915845616,XLF,金融,value,Leading,8.0,0.0,-3.0
2025-09-23,52.925418853759766,0.28494201749271714,0.28586857745517075,100.89325134042791,100.58761682501846,XLF,金融,value,Leading,8.0,0.0,-1.0
2025-09-24,52.77775192260742,0.2848110696167046,0.2855160748423487,100.6098524606953,99.47884871792918,XLF,金融,value,Weakening,7.0,-1.0,-3.0
2025-09-25,52.639923095703125,0.2864253951933345,0.2858191816260106,100.88205079875958,99.7537721834989,XLF,金融,value,Weakening,7.0,-1.0,-3.0
2025-09-26,53.023868560791016,0.2856839818301892,0.28577411502740346,100.87587960921475,99.40845554193504,XLF,金融,value,Weakening,7.0,-1.0,-2.0
2025-09-29,53.28968048095703,0.2861601169421017,0.28590278233230293,101.04390857298948,99.56421798340908,XLF,金融,value,Weakening,7.0,-1.0,-1.0
2025-09-30,53.033714294433594,0.28403499441265545,0.28528018635908714,100.53701218719459,99.46446447359486,XLF,金融,value,Weakening,6.0,-2.0,-2.0
2025-10-01,52.56116485595703,0.2808674675807546,0.28380928009964296,99.19812586342525,98.26875446764207,XLF,金融,value,Lagging,4.0,-3.0,-2.0
2025-10-02,52.52178192138672,0.27999433352039926,0.28253763123989506,98.03572003055565,96.90895796420239,XLF,金融,value,Lagging,3.0,-4.0,-3.0
2025-10-03,52.88603973388672,0.2809485055199725,0.2820079226665876,97.6041910819791,96.81069143637785,XLF,金融,value,Lagging,1.0,-6.0,-5.0
2025-10-06,52.86635208129883,0.28093202410892154,0.28164928981403226,97.43060024686363,96.8007245314121,XLF,金融,value,Lagging,1.0,-6.0,-5.0
2025-10-07,52.93526077270508,0.2825395725914975,0.281946050739854,97.83002412548788,97.72674253045811,XLF,金融,value,Lagging,1.0,-5.0,-3.0
2025-10-08,52.67930221557617,0.28026057630541634,0.2813842259283748,97.5107096625517,98.63783100268078,XLF,金融,value,Lagging,1.0,-3.0,0.0
2025-10-09,52.49224853515625,0.2815952018018782,0.2814545512195426,97.71390666630373,99.80331332698108,XLF,金融,value,Lagging,1.0,-2.0,2.0
2025-10-10,51.35026168823242,0.2818230264106076,0.28157737628323093,97.92791324144983,100.35196126711577,XLF,金融,value,Improving,1.0,0.0,6.0
2025-10-13,51.842498779296875,0.28178460792788806,0.2816464534981167,98.07689319089293,100.61977893589544,XLF,金融,value,Improving,1.0,0.0,6.0
2025-10-14,52.413490295410156,0.28254523374176754,0.281946046912667,98.37097525514619,100.51336514031912,XLF,金融,value,Improving,2.0,1.0,6.0
2025-10-15,52.413490295410156,0.2819766990842779,0.281956264303204,98.4410176266694,100.84661713262675,XLF,金融,value,Improving,2.0,1.0,4.0
2025-10-16,50.95646667480469,0.2767613740428914,0.2802246342164331,97.38442031922168,99.7409587921775,XLF,金融,value,Lagging,1.0,0.0,2.0
2025-10-17,51.36994934082031,0.2775973257627043,0.2793488647318568,97.05863677243448,99.28228439855428,XLF,金融,value,Lagging,1.0,0.0,0.0
2025-10-20,51.97047805786133,0.278062047349957,0.2789199256045569,97.0663567908141,99.18028501495476,XLF,金融,value,Lagging,1.0,0.0,0.0
2025-10-21,51.91141128540039,0.27647932861528896,0.27810639327480097,96.91100202417913,98.81704251020686,XLF,金融,value,Lagging,1.0,-1.0,-2.0
2025-10-22,51.616065979003906,0.2762385824407959,0.277483789663466,96.90226104938232,98.7837956946448,XLF,金融,value,Lagging,1.0,-1.0,-2.0
2025-10-23,51.724361419677734,0.27551194281965813,0.2768265073821967,96.90249654313898,99.70597069475556,XLF,金融,value,Lagging,1.0,0.0,0.0
2025-10-24,52.2855110168457,0.2777437727006349,0.2771322624883428,97.27555185062143,100.30580834895605,XLF,金融,value,Improving,1.0,0.0,0.0
2025-10-27,52.502098083496094,0.27766029644836526,0.27730827380835027,97.53077165432002,100.51127709924552,XLF,金融,value,Improving,1.0,0.0,0.0
2025-10-28,52.16737365722656,0.27828018591185605,0.27763224450951884,97.79839873641735,100.86263249939758,XLF,金融,value,Improving,1.0,0.0,1.0
2025-10-29,51.281349182128906,0.27664771188512544,0.27730406696805443,97.79990189936599,100.86085336848335,XLF,金融,value,Improving,1.0,0.0,1.0
2025-10-30,51.41917037963867,0.27858939619684653,0.2777325100443185,98.06282590289621,101.06053422083006,XLF,金融,value,Improving,1.0,0.0,0.0
2025-10-31,51.55699920654297,0.27872675956790105,0.2780639265521794,98.26326743342884,100.89163738929328,XLF,金融,value,Improving,3.0,2.0,2.0
2025-11-03,51.340415954589844,0.27823688714969985,0.27812158008468624,98.35195438110566,100.73352073945928,XLF,金融,value,Improving,3.0,2.0,2.0
2025-11-04,51.606224060058594,0.28153965578239787,0.27926093865059015,98.79531938677165,100.86010785126396,XLF,金融,value,Improving,4.0,3.0,3.0
2025-11-05,51.78342819213867,0.280862502473504,0.2797947932582281,99.00861580112009,101.00505991172841,XLF,金融,value,Improving,4.0,3.0,3.0
2025-11-06,51.596378326416016,0.28183398948900706,0.28047452533515443,99.26353009009648,100.97034375071416,XLF,金融,value,Improving,4.0,3.0,3.0
2025-11-07,51.96063232421875,0.28146298277404147,0.2808040111481168,99.39419669157336,100.8927429028018,XLF,金融,value,Improving,4.0,1.0,-1.0
2025-11-10,52.14768600463867,0.2808590015884015,0.2808223412948784,99.41728626184181,100.82618283793931,XLF,金融,value,Improving,4.0,1.0,-1.0
2025-11-11,52.38395690917969,0.2805106794793291,0.28071845402302864,99.39573256455853,100.43659682501664,XLF,金融,value,Improving,4.0,0.0,-3.0
2025-11-12,52.83681869506836,0.2822662358279509,0.28123438129133604,99.5868899236816,100.41849466236401,XLF,金融,value,Improving,5.0,1.0,-2.0
2025-11-13,52.15753173828125,0.28182335355507443,0.28143070537924886,99.66490282418088,100.27245454093499,XLF,金融,value,Improving,5.0,1.0,-2.0
2025-11-14,51.63575744628906,0.2800316938850662,0.2809643682145213,99.51681511148908,100.04382341667636,XLF,金融,value,Improving,6.0,2.0,1.0
2025-11-17,50.651283264160156,0.2783476968881159,0.28009214443905284,99.23490912222088,99.7937703294746,XLF,金融,value,Lagging,5.0,1.0,0.0
2025-11-18,50.57251739501953,0.2777495827664418,0.2793112905481825,98.99589293869555,99.62577532672931,XLF,金融,value,Lagging,3.0,-1.0,-1.0
2025-11-19,50.759578704833984,0.27962344581130083,0.27941534230255527,99.05852934045873,99.52973376090411,XLF,金融,value,Lagging,3.0,-2.0,-3.0
2025-11-20,50.31656265258789,0.28060626867739336,0.27981231776083465,99.21448969475381,99.60182206078316,XLF,金融,value,Lagging,3.0,-2.0,-3.0
2025-11-21,50.86786651611328,0.27821363339034455,0.2792794229706713,99.06249655324413,99.6091338205334,XLF,金融,value,Lagging,2.0,-4.0,-6.0
2025-11-24,51.08445358276367,0.278244900869765,0.2789345822703692,98.97949663847568,99.78501187560909,XLF,金融,value,Lagging,2.0,-3.0,-4.0
2025-11-25,51.724361419677734,0.2777838987485003,0.27855102109641294,98.88818454948431,99.91851625537838,XLF,金融,value,Lagging,2.0,-1.0,0.0
2025-11-26,52.12799835205078,0.27801178302476864,0.2783712750725315,98.86582571227689,99.86435689757452,XLF,金融,value,Lagging,3.0,0.0,2.0
2025-11-28,52.502098083496094,0.2785011235061973,0.27841455788375347,98.91457107656217,99.79715767857516,XLF,金融,value,Lagging,4.0,1.0,3.0
2025-12-01,52.06892776489258,0.2781055001477165,0.27831153863840785,98.91345434431506,99.94719898074621,XLF,金融,value,Lagging,4.0,2.0,6.0
2025-12-02,52.01970291137695,0.27810575164330686,0.2782429429733742,98.92183789957524,100.04742511463795,XLF,金融,value,Improving,3.0,1.0,4.0
2025-12-03,52.71868133544922,0.2797084159410987,0.2787314339626157,99.11176387138809,100.31719746118463,XLF,金融,value,Improving,3.0,1.0,2.0
2025-12-04,52.82697296142578,0.2801951890741901,0.2792193523331405,99.30437086870094,100.50419783436548,XLF,金融,value,Improving,5.0,2.0,2.0
2025-12-05,52.84666442871094,0.2796426855058852,0.27936046339072207,99.37643983616722,100.50750549192765,XLF,金融,value,Improving,6.0,2.0,1.0
2025-12-08,52.6497688293457,0.28027956106376184,0.27966682928173536,99.5049678145869,100.60036260532628,XLF,金融,value,Improving,7.0,3.0,1.0
2025-12-09,52.45287322998047,0.279759084445042,0.2796975810028376,99.53697541648769,100.59780208054418,XLF,金融,value,Improving,7.0,4.0,3.0
2025-12-10,53.053401947021484,0.2790362720663798,0.279477144690685,99.48106110765659,100.3551672093213,XLF,金融,value,Improving,7.0,4.0,3.0
2025-12-11,54.0181884765625,0.2818345578468285,0.2802629490760662,99.78284045451058,100.44184497815006,XLF,金融,value,Improving,8.0,3.0,1.0
2025-12-12,54.096946716308594,0.2841717513377996,0.28156588316331066,100.27597298125933,100.81358649707913,XLF,金融,value,Leading,9.0,3.0,1.0
2025-12-15,54.13632583618164,0.284026192628723,0.28238598631844813,100.5998252323994,100.97414923447025,XLF,金融,value,Leading,10.0,3.0,0.0
2025-12-16,53.7917594909668,0.2842144650969674,0.2829954792446212,100.86194308613122,101.17999868668225,XLF,金融,value,Leading,11.0,4.0,0.0
2025-12-17,53.78191375732422,0.2849329840073332,0.2836413141655252,101.14417193532353,101.46819284403526,XLF,金融,value,Leading,11.0,4.0,0.0
2025-12-18,53.69331741333008,0.2838567274421585,0.2837131185910696,101.21990537326936,101.26444534948597,XLF,金融,value,Leading,11.0,3.0,0.0
2025-12-19,53.98865509033203,0.2843821937966882,0.2839361436596092,101.36250751015523,100.95867080056344,XLF,金融,value,Leading,11.0,2.0,-1.0
2025-12-22,54.65155029296875,0.2857558870805794,0.2845427247999326,101.64812065702182,100.91801179724546,XLF,金融,value,Leading,11.0,1.0,-2.0
2025-12-23,54.76021957397461,0.28699137674167313,0.28535894211384616,101.99470343151484,100.96643079421695,XLF,金融,value,Leading,11.0,0.0,-4.0
2025-12-24,55.05659484863281,0.2875023963918108,0.2860734268731677,102.28360843671618,100.9488391599925,XLF,金融,value,Leading,11.0,0.0,-4.0
2025-12-26,54.94792175292969,0.28686087713429964,0.28633591029354505,102.36915603940844,100.93073623260818,XLF,金融,value,Leading,11.0,0.0,-3.0
2025-12-29,54.65155029296875,0.28578541430317045,0.28615241163008687,102.28306670140365,100.71278256623606,XLF,金融,value,Leading,11.0,0.0,-2.0
2025-12-30,54.513240814208984,0.28551953565370086,0.28594145297129153,102.17219086251359,100.35650037010404,XLF,金融,value,Leading,11.0,0.0,-1.0
2025-12-31,54.108192443847656,0.2858391073587861,0.28590733776712307,102.09530692392836,99.96743373333145,XLF,金融,value,Weakening,11.0,0.0,0.0
2026-01-02,54.26626205444336,0.28474175357160814,0.2855188097019514,101.87385680489847,99.45298620834136,XLF,金融,value,Weakening,10.0,-1.0,-1.0
2026-01-05,55.451759338378906,0.28828656271515374,0.28644139403968555,102.12683394053353,99.52281474700149,XLF,金融,value,Weakening,10.0,-1.0,-1.0
2026-01-06,55.718502044677734,0.28621779315949425,0.2863668604129551,102.00324413306355,99.34351263387337,XLF,金融,value,Weakening,10.0,-1.0,-1.0
2026-01-07,54.938045501708984,0.28541054294610807,0.2860480879240061,101.81514333682696,99.11927674485737,XLF,金融,value,Weakening,10.0,-1.0,-1.0
2026-01-08,55.22454071044922,0.28446014283387794,0.28551877289396344,101.57220469830408,98.82156890958295,XLF,金融,value,Weakening,10.0,-1.0,-1.0
2026-01-09,55.05659484863281,0.2819589336759174,0.28433215982128146,101.13326122805579,98.5472619047403,XLF,金融,value,Weakening,9.0,-1.0,0.0
2026-01-12,54.621910095214844,0.27947819568196725,0.28271417177484337,100.57077111638621,97.59962885012469,XLF,金融,value,Weakening,9.0,-1.0,0.0
2026-01-13,53.5747184753418,0.27412014020669684,0.2798494945854612,99.60072866540666,96.8516187680337,XLF,金融,value,Lagging,6.0,-4.0,-3.0
2026-01-14,53.495689392089844,0.2724759034917923,0.27739163088757157,98.79871816710418,96.57251994693739,XLF,金融,value,Lagging,5.0,-5.0,-4.0
2026-01-15,53.71302795410156,0.2723764609971701,0.2757199075907711,98.30664899729464,96.69980828665672,XLF,金融,value,Lagging,2.0,-8.0,-7.0
2026-01-16,53.78217697143555,0.2734259001250818,0.2749552384355413,98.13643749139541,97.19762298684788,XLF,金融,value,Lagging,2.0,-7.0,-6.0
2026-01-20,52.557167053222656,0.27124521682731784,0.2737185645661335,97.8507813061074,97.58501690250634,XLF,金融,value,Lagging,2.0,-7.0,-6.0
2026-01-21,52.814022064208984,0.2680325637727544,0.2718232309683405,97.44253458395086,98.13229905116121,XLF,金融,value,Lagging,2.0,-4.0,0.0
2026-01-22,53.15979766845703,0.26943606273280646,0.27102750822316246,97.3899424792425,98.76867937325709,XLF,金融,value,Lagging,2.0,-3.0,2.0
2026-01-23,52.428733825683594,0.26692053085340517,0.26965851576657673,97.22275130250209,99.03242403425983,XLF,金融,value,Lagging,1.0,-1.0,7.0
2026-01-26,52.764625549316406,0.26799687981232373,0.2691046371151591,97.2735737846129,99.22985122394589,XLF,金融,value,Lagging,1.0,-1.0,6.0
2026-01-27,52.359580993652344,0.2663540607372836,0.26818777832253393,97.25623610080586,99.47159257809523,XLF,金融,value,Lagging,1.0,-1.0,6.0
2026-01-28,52.349700927734375,0.267203765350359,0.2678597739984756,97.36907590122787,99.923773985377,XLF,金融,value,Lagging,1.0,-1.0,3.0
2026-01-29,52.90293502807617,0.26967391286593234,0.26846448695429453,97.64308741360601,100.21248070394664,XLF,金融,value,Improving,1.0,-1.0,2.0
2026-01-30,52.79426193237305,0.2697177513843604,0.2688822417643165,97.8407975646355,100.53088639233178,XLF,金融,value,Improving,1.0,0.0,1.0
2026-02-02,53.377132415771484,0.271298505979873,0.269687663169502,98.08607608366543,100.70590020879027,XLF,金融,value,Improving,1.0,0.0,1.0
2026-02-03,52.883174896240234,0.26950530802518474,0.26962687812139624,98.1530143569317,100.78078977715245,XLF,金融,value,Improving,1.0,0.0,1.0
2026-02-04,53.30797576904297,0.26932375259188895,0.2695258362782271,98.20798663041509,100.73035450078076,XLF,金融,value,Improving,3.0,2.0,3.0
2026-02-05,52.64607238769531,0.2683105179784167,0.26912073017829036,98.21170205716189,100.50451169724586,XLF,金融,value,Improving,3.0,2.0,3.0
2026-02-06,53.60435485839844,0.26819676351330307,0.26881274128996124,98.2343408015364,100.36669264252333,XLF,金融,value,Improving,4.0,3.0,3.0
2026-02-09,53.28822326660156,0.26645697299491394,0.2680274851916121,98.18163865692321,100.12227003374504,XLF,金融,value,Improving,4.0,3.0,3.0
2026-02-10,52.90293502807617,0.26359262783860987,0.26654919940727806,98.03178763663936,99.94774910573118,XLF,金融,value,Lagging,4.0,3.0,3.0
2026-02-11,52.102725982666016,0.25914618851954824,0.2640815291113681,97.76320945154552,99.67816948806333,XLF,金融,value,Lagging,4.0,1.0,-1.0
2026-02-12,51.06541061401367,0.2573642385185653,0.2618424322471006,97.57830223444688,99.52567212121542,XLF,金融,value,Lagging,2.0,-1.0,-3.0
2026-02-13,51.02589416503906,0.2545283952774793,0.2594044199238935,97.41224466949387,99.37595358827703,XLF,金融,value,Lagging,3.0,-1.0,-4.0
2026-02-17,51.56924819946289,0.2576833408994528,0.2588307269157466,97.51179296742094,99.52820041418906,XLF,金融,value,Lagging,3.0,-1.0,-4.0
2026-02-18,51.95453643798828,0.2582695123277713,0.25864365538642153,97.64422457647501,99.78941928884818,XLF,金融,value,Lagging,3.0,-1.0,-4.0
2026-02-19,51.51985168457031,0.2566507986917852,0.2579793698215428,97.70603252411087,100.08489410470928,XLF,金融,value,Improving,3.0,-1.0,-2.0
2026-02-20,51.85574722290039,0.2571216504058625,0.2576934633496494,97.80323183429826,100.32962670696786,XLF,金融,value,Improving,3.0,1.0,2.0
2026-02-23,50.11701202392578,0.2512579657265395,0.2555482974752794,97.69717382325429,100.371920734504,XLF,金融,value,Improving,2.0,-1.0,0.0
2026-02-24,50.363990783691406,0.2504981458085209,0.25386491358635993,97.66069566275488,100.24110982572233,XLF,金融,value,Improving,1.0,-2.0,-1.0
2026-02-25,51.24323654174805,0.2547210916334051,0.2541503062687083,97.82175150867934,100.25788440764998,XLF,金融,value,Improving,1.0,-2.0,-1.0
2026-02-26,51.865623474121094,0.25636667466398627,0.254889095733801,98.00456769993042,100.35849667796347,XLF,金融,value,Improving,2.0,-1.0,0.0
2026-02-27,50.80855178833008,0.2508476059336973,0.2535419324670998,97.97697726240443,100.2422173359647,XLF,金融,value,Improving,2.0,-1.0,-2.0
2026-03-02,50.680118560791016,0.2506782687280813,0.25258737788742697,97.99064630461156,100.3425232563128,XLF,金融,value,Improving,2.0,0.0,1.0
2026-03-03,50.591209411621094,0.253346663109954,0.25284047296160267,98.10810591834841,100.46931928249687,XLF,金融,value,Improving,2.0,1.0,3.0
2026-03-04,50.87770462036133,0.25376416088680737,0.2531483689366709,98.21840468281815,100.41549947809831,XLF,金融,value,Improving,2.0,1.0,3.0
2026-03-05,50.6109733581543,0.25539191952604623,0.2538962191331294,98.35499096829463,100.3679250891696,XLF,金融,value,Improving,1.0,-1.0,0.0
2026-03-06,49.95893859863281,0.2551423816974399,0.2543116066545662,98.45313607821414,100.47609897729538,XLF,金融,value,Improving,1.0,-1.0,0.0
2026-03-09,49.72184371948242,0.2532158531052013,0.25394635547144456,98.48110995266873,100.48796326155076,XLF,金融,value,Improving,1.0,-1.0,-1.0
2026-03-10,49.455108642578125,0.2537602807837084,0.2538843305755325,98.5318011619129,100.42902688397403,XLF,金融,value,Improving,1.0,-1.0,-2.0
2026-03-11,49.040184020996094,0.25246330426246905,0.25341065513784466,98.54699061827188,100.34847022694892,XLF,金融,value,Improving,1.0,-1.0,-2.0
2026-03-12,48.23997116088867,0.2522447833093346,0.253022031195008,98.56831280995551,100.25173378258427,XLF,金融,value,Improving,1.0,0.0,1.0
2026-03-13,48.29924392700195,0.25256775630725353,0.2528706062324232,98.60695473375092,100.20164831134166,XLF,金融,value,Improving,1.0,0.0,1.0
2026-03-16,48.70429229736328,0.25280471317269515,0.25284864187918055,98.65326221860043,100.22281345530043,XLF,金融,value,Improving,1.0,0.0,1.0
2026-03-17,48.961151123046875,0.25272500724610286,0.25280743033482134,98.69524838945182,100.22682770044266,XLF,金融,value,Improving,1.0,0.0,1.0
2026-03-18,48.37828063964844,0.25304645595417813,0.2528871055412736,98.74390030960862,100.27235852723372,XLF,金融,value,Improving,2.0,1.0,2.0
2026-03-19,48.39803695678711,0.2533462114569852,0.25304014084651083,98.79547748269715,100.32004904604585,XLF,金融,value,Improving,3.0,2.0,2.0
2026-03-20,48.4869499206543,0.25759590533471877,0.2545587290092468,98.94865375932982,100.45474773708929,XLF,金融,value,Improving,3.0,2.0,2.0
2026-03-23,48.92485809326172,0.2571806234678378,0.25543269382877715,99.04806479901544,100.52897940006352,XLF,金融,value,Improving,3.0,2.0,2.0
2026-03-24,48.93478775024414,0.25692454615066257,0.2559299779360723,99.11603561919716,100.5692129231028,XLF,金融,value,Improving,3.0,2.0,2.0
2026-03-25,48.99436569213867,0.2559968490068177,0.25595226829298745,99.14523209378841,100.56530175443038,XLF,金融,value,Improving,3.0,1.0,0.0
2026-03-26,48.706398010253906,0.2568495961486994,0.2562513775782248,99.19560071685576,100.58173933580153,XLF,金融,value,Improving,4.0,1.0,-1.0
2026-03-27,47.4750862121582,0.2538368698148809,0.25544654165711017,99.15516118423511,100.41048322470333,XLF,金融,value,Improving,4.0,1.0,-1.0
2026-03-30,48.02123260498047,0.25728938471011853,0.25606082267477964,99.23113634986635,100.40800347363185,XLF,金融,value,Improving,5.0,2.0,0.0
2026-03-31,49.0241584777832,0.2573937733542078,0.2565051395679224,99.29307784036067,100.41786441271383,XLF,金融,value,Improving,5.0,2.0,0.0
2026-04-01,49.093666076660156,0.2569287211413587,0.2566463334257345,99.32905310914994,100.43179696349473,XLF,金融,value,Improving,5.0,2.0,1.0
2026-04-02,49.18303298950195,0.2566632314940827,0.2566519661151839,99.3527919010114,100.40337468752168,XLF,金融,value,Improving,5.0,1.0,0.0
2026-04-06,49.53058624267578,0.2573706199913989,0.2568915174072556,99.39817315751125,100.48008631018304,XLF,金融,value,Improving,5.0,1.0,0.0
2026-04-07,49.53058624267578,0.25794259165182876,0.25724187548877997,99.45465642902917,100.45176355720022,XLF,金融,value,Improving,4.0,-1.0,-3.0
2026-04-08,50.841339111328125,0.25879009495878075,0.2577579486454469,99.5300647418251,100.4563853139247,XLF,金融,value,Improving,4.0,-1.0,-3.0
2026-04-09,50.970428466796875,0.25928999488855936,0.25826863072648437,99.60933096304531,100.48941331820274,XLF,金融,value,Improving,4.0,-1.0,-3.0
2026-04-10,50.41434860229492,0.2583261479525418,0.2582878031351702,99.6386288192556,100.48149956958291,XLF,金融,value,Improving,5.0,0.0,-1.0
2026-04-13,51.29811477661133,0.25997263070129606,0.2588494123238788,99.73480134915606,100.51605522493387,XLF,金融,value,Improving,5.0,0.0,-1.0
2026-04-14,51.41727066040039,0.2594932665928671,0.2590640304135416,99.79507338249387,100.49643525863227,XLF,金融,value,Improving,5.0,1.0,2.0
2026-04-15,51.80453872680664,0.26135609920048825,0.25982805334252385,99.93297899764028,100.5385520329223,XLF,金融,value,Improving,4.0,0.0,1.0
2026-04-16,51.66551971435547,0.25947253061528514,0.2597095457667776,99.95319007687752,100.45518017910743,XLF,金融,value,Improving,4.0,0.0,1.0
2026-04-17,52.062721252441406,0.2582241053135937,0.25921439894904963,99.91577591263838,100.35465181989805,XLF,金融,value,Improving,3.0,-2.0,-2.0
2026-04-20,52.26131820678711,0.2583951118100903,0.2589413032360632,99.90888350791718,100.17264746482095,XLF,金融,value,Improving,4.0,-1.0,-1.0
2026-04-21,51.93362808227539,0.2583595486666199,0.2587473850462488,99.91208935995736,100.01345562214964,XLF,金融,value,Improving,5.0,0.0,-1.0
2026-04-22,51.844261169433594,0.258029627572975,0.25850813255515753,99.90403332567396,99.60217758344949,XLF,金融,value,Lagging,6.0,2.0,2.0
2026-04-23,51.4371337890625,0.2560160059748997,0.25767742369507163,99.79058952834443,99.15998849968913,XLF,金融,value,Lagging,4.0,0.0,0.0
2026-04-24,51.05979537963867,0.25466621668405537,0.2566736880247329,99.63809083454288,98.7340784238738,XLF,金融,value,Lagging,4.0,1.0,3.0
2026-04-27,51.44706726074219,0.2569029571268496,0.25675011105877177,99.6784609395246,98.76434229619495,XLF,金融,value,Lagging,4.0,0.0,1.0
2026-04-28,51.48678207397461,0.25842035642187927,0.2573068595131409,99.81091330847174,99.08932405528397,XLF,金融,value,Lagging,5.0,0.0,0.0
2026-04-29,51.55629348754883,0.25922113437475663,0.2579449511336795,99.96434534430652,99.57885104357162,XLF,金融,value,Lagging,7.0,1.0,-1.0
2026-04-30,51.76482391357422,0.2563932040214422,0.2574277020962671,99.89212348696569,99.7140241103071,XLF,金融,value,Lagging,7.0,3.0,3.0
2026-05-01,51.55629348754883,0.2561409552830428,0.25699878649185903,99.83526068658982,100.03105789186338,XLF,金融,value,Improving,7.0,3.0,2.0
2026-05-04,51.21867752075195,0.2559527495039423,0.2566501074958868,99.79298733064519,99.8000799916128,XLF,金融,value,Lagging,6.0,2.0,2.0
2026-05-05,51.228607177734375,0.25398699879199277,0.25576240459458877,99.61527465510615,98.8097546049157,XLF,金融,value,Lagging,6.0,1.0,1.0
2026-05-06,51.47685241699219,0.25321192184205926,0.25491224367707893,99.42125452591841,97.71679664947328,XLF,金融,value,Lagging,6.0,-1.0,-2.0
2026-05-07,51.18888473510742,0.2534160058468157,0.25441349773365785,99.2925122377298,97.65940462507396,XLF,金融,value,Lagging,6.0,-1.0,-4.0
2026-05-08,50.88105773925781,0.25120092074985245,0.25334263873905605,98.95603161004868,97.03291170042147,XLF,金融,value,Lagging,4.0,-3.0,-6.0
2026-05-11,50.821475982666016,0.2510420589234659,0.252575778800526,98.65372130925101,96.65838749988521,XLF,金融,value,Lagging,3.0,-3.0,-5.0
2026-05-12,51.21867752075195,0.2532275760105061,0.25279304453718604,98.67595941369434,97.39418658655751,XLF,金融,value,Lagging,3.0,-3.0,-4.0
2026-05-13,50.632808685302734,0.25142896641228046,0.2523383518288842,98.47095671857629,97.48893452570967,XLF,金融,value,Lagging,3.0,-3.0,-2.0
2026-05-14,50.93070983886719,0.2519893128226499,0.2522220054934728,98.43661184114035,97.77229819215246,XLF,金融,value,Lagging,2.0,-4.0,-3.0
2026-05-15,50.74203872680664,0.2536715057876534,0.25270517225819966,98.68506214950708,99.15523204859262,XLF,金融,value,Lagging,3.0,-1.0,2.0
2026-05-18,51.37755584716797,0.25527813173268804,0.25356282541636244,99.08881426285936,100.91800631491597,XLF,金融,value,Improving,5.0,2.0,5.0
2026-05-19,50.74203872680664,0.2535960220240811,0.2535738909522687,99.12189041332144,100.91659379656808,XLF,金融,value,Improving,5.0,2.0,5.0
2026-05-20,51.29811477661133,0.25359542777813443,0.2535810698942239,99.15295532579741,101.47499028714347,XLF,金融,value,Improving,6.0,3.0,6.0
2026-05-21,51.36762619018555,0.252847419632401,0.2533365198069496,99.07373690372096,101.32503649571684,XLF,金融,value,Improving,6.0,4.0,8.0
2026-05-22,51.57615280151367,0.25157574666407256,0.2527495954259906,98.84414786941007,100.12443114787871,XLF,金融,value,Improving,5.0,2.0,3.0
2026-05-26,51.48678207397461,0.24985777104362844,0.25178565396520325,98.45800030499672,98.20921209426976,XLF,金融,value,Lagging,5.0,0.0,-2.0
2026-05-27,51.05979537963867,0.24796478353010798,0.2505120304868382,97.9943898417719,97.23032196502832,XLF,金融,value,Lagging,4.0,-1.0,-3.0
2026-05-28,50.91084671020508,0.2463391448274803,0.24912106860038558,97.57296935772564,96.61953838960423,XLF,金融,value,Lagging,1.0,-5.0,-8.0
2026-05-29,51.21867752075195,0.2471403207031644,0.24846081930131186,97.47474306542026,96.91079938612432,XLF,金融,value,Lagging,1.0,-5.0,-9.0
2026-06-01,51.06972885131836,0.24597400069053982,0.24763187976438786,97.33771170772998,97.310739044138,XLF,金融,value,Lagging,1.0,-4.0,-6.0
2026-06-02,51.09951400756836,0.24514491432264182,0.24680289128380586,97.24737945347543,97.95203489323931,XLF,金融,value,Lagging,3.0,-2.0,-2.0
2026-06-03,50.513648986816406,0.2432491801406783,0.24561832090276337,97.10035862618952,98.55813507638669,XLF,金融,value,Lagging,3.0,-1.0,0.0
2026-06-04,51.82440185546875,0.24769087291319467,0.24630917157290716,97.49434672189547,99.97369484272299,XLF,金融,value,Lagging,3.0,2.0,7.0
2026-06-05,51.93362808227539,0.2517958322384152,0.24813805846140985,98.12671344186258,101.2253800857866,XLF,金融,value,Improving,5.0,4.0,9.0
2026-06-08,51.60594177246094,0.2504722209652704,0.2489161126293634,98.40939249380042,101.88794706877168,XLF,金融,value,Improving,7.0,6.0,10.0
2026-06-09,52.09251022338867,0.25092417050116117,0.249585465253296,98.63987668588922,102.30642527504105,XLF,金融,value,Improving,7.0,4.0,6.0
2026-06-10,51.86412048339844,0.2530416474563335,0.2507375259876419,98.98248584949262,102.85391659183215,XLF,金融,value,Improving,7.0,4.0,5.0
2026-06-11,52.25139236450195,0.25101751109415676,0.25083085435648017,99.02460091067577,102.20123314024053,XLF,金融,value,Improving,8.0,5.0,3.0
2026-06-12,52.966346740722656,0.25216794756781824,0.2512765520935929,99.15836890758511,101.43501248515766,XLF,金融,value,Improving,8.0,3.0,-1.0
2026-06-15,53.18480682373047,0.25174499728683175,0.2514327004913392,99.21043254064209,101.08240680947503,XLF,金融,value,Improving,9.0,2.0,-4.0
2026-06-16,53.96927261352539,0.25631305637498364,0.2530594857858874,99.65459845130856,101.34467701902152,XLF,金融,value,Improving,10.0,3.0,-1.0
2026-06-17,53.67137145996094,0.25877679321057684,0.2549652549274506,100.16774863914341,101.5301678995306,XLF,金融,value,Leading,10.0,3.0,-1.0
2026-06-18,53.194732666015625,0.2552937551133153,0.2550747549894055,100.18906342255036,101.45616578690243,XLF,金融,value,Leading,9.0,1.0,-4.0
2026-06-22,53.510616302490234,0.25624618347649275,0.25546523115176795,100.29206518705789,101.37760538827077,XLF,金融,value,Leading,9.0,1.0,-2.0
2026-06-23,53.68998336791992,0.25799130156670635,0.2563072546234141,100.51835410841899,101.55858905243424,XLF,金融,value,Leading,9.0,0.0,-2.0
2026-06-24,53.530548095703125,0.25540340442453024,0.25600597122378616,100.4354717917323,100.86438097928884,XLF,金融,value,Leading,9.0,-1.0,-4.0
2026-06-25,53.261497497558594,0.252475591993478,0.2548291781470168,100.11835611381657,99.80316895041281,XLF,金融,value,Weakening,9.0,-1.0,-4.0
2026-06-26,53.38107681274414,0.25477501665724656,0.2548111243170934,100.11991387705413,99.7871122984404,XLF,金融,value,Weakening,8.0,-1.0,-2.0
2026-06-29,53.530548095703125,0.25220261712358816,0.25394162191925834,99.88757873123934,99.36860691428618,XLF,金融,value,Lagging,8.0,-1.0,-2.0
2026-06-30,53.420936584472656,0.2520174021132927,0.2533002153172698,99.72301044169907,98.89651714513009,XLF,金融,value,Lagging,8.0,-1.0,-1.0
2026-07-01,54.58680725097656,0.2567452117038579,0.25444854744613254,100.04811720940079,99.4293459964547,XLF,金融,value,Weakening,8.0,-1.0,0.0
2026-07-02,55.42384338378906,0.2588626755127962,0.2559199234683538,100.45820669324682,100.35037653861598,XLF,金融,value,Leading,8.0,-1.0,0.0
2026-07-06,55.942012786865234,0.26117348542718477,0.2576711107879641,100.93452415084387,100.93354231402866,XLF,金融,value,Leading,9.0,1.0,2.0
2026-07-07,55.85232925415039,0.26108264749004,0.2588082896886561,101.22920762830239,101.54566427736971,XLF,金融,value,Leading,10.0,2.0,3.0
2026-07-08,54.77613830566406,0.2591048066138036,0.25890712866370524,101.23969933167774,101.69573831521227,XLF,金融,value,Leading,10.0,2.0,3.0
2026-07-09,55.3441276550293,0.26019748645902036,0.2593372479288103,101.33905030489625,101.38107868955792,XLF,金融,value,Leading,10.0,2.0,3.0
2026-07-10,55.513526916503906,0.26001960438171867,0.2595647000797798,101.38521914609655,100.92985352822268,XLF,金融,value,Leading,10.0,2.0,3.0
2026-07-13,55.872257232666016,0.2617853831921602,0.26030492778390657,101.55686152594242,100.56251916735583,XLF,金融,value,Leading,10.0,1.0,0.0
2026-07-14,55.98187255859375,0.2632574720658816,0.2612891092112316,101.77935244706104,100.47282626681796,XLF,金融,value,Leading,11.0,1.0,-1.0
2026-07-15,56.360530853271484,0.2656354751486055,0.26273789785702295,102.08810172978748,100.81009223549486,XLF,金融,value,Leading,11.0,1.0,-1.0
2026-07-16,56.549861907958984,0.26393765047921536,0.26313781539775377,102.12607680728914,100.72843950652599,XLF,金融,value,Leading,11.0,1.0,-1.0
2026-07-17,56.061588287353516,0.2637311796311118,0.2633356034755398,102.10893247201349,100.64560678769686,XLF,金融,value,Leading,11.0,1.0,-1.0
2026-07-20,55.84236526489258,0.2638747506673865,0.2635153192061554,102.07995881874265,100.40736132744622,XLF,金融,value,Leading,11.0,1.0,0.0
2026-07-21,55.91211700439453,0.2637821568181691,0.26360426507682666,102.02874427475562,100.08819074194186,XLF,金融,value,Leading,11.0,0.0,-1.0
2026-07-22,55.85232925415039,0.26357441202594745,0.26359431405986694,101.95812622299451,99.65264951859683,XLF,金融,value,Weakening,11.0,0.0,-1.0
2026-07-23,55.63310623168945,0.2635061899870038,0.26356493936891257,101.8867853981135,99.53038012770634,XLF,金融,value,Weakening,11.0,0.0,-1.0
2026-07-24,56.111412048339844,0.2637183748146529,0.2636160845174927,101.83053689226226,99.48771179445977,XLF,金融,value,Weakening,11.0,0.0,-1.0
2026-07-27,56.67940139770508,0.26439474419407477,0.2638756377430201,101.8124935965042,99.50012365180287,XLF,金融,value,Weakening,11.0,0.0,-1.0
2026-07-28,57.3968620300293,0.2646543981768938,0.2641352245543113,101.79439338656294,99.53853243558832,XLF,金融,value,Weakening,11.0,0.0,0.0
2026-07-29,56.480106353759766,0.2627933811071033,0.263687943405242,101.64809828890353,99.4556991550035,XLF,金融,value,Weakening,10.0,-1.0,-1.0
2026-07-30,56.798980712890625,0.2647065014474178,0.26402746275263395,101.66091263791175,99.55882603356116,XLF,金融,value,Weakening,10.0,-1.0,-1.0
2026-07-31,56.73918914794922,0.2648828981874076,0.2643126078975585,101.65830865617585,99.62613766882112,XLF,金融,value,Weakening,11.0,0.0,0.0
2026-08-03,57.17763900756836,0.2643478729844164,0.2643243629265112,101.60456444091558,99.59295440518659,XLF,金融,value,Weakening,11.0,0.0,0.0
2026-08-04,57.67587661743164,0.26287372096822414,0.26384081560708217,101.46755845337869,99.46543722259877,XLF,金融,value,Weakening,11.0,0.0,0.0
2026-08-05,57.79545211791992,0.26401812857923346,0.2638999199311326,101.43020465092826,99.59097996417186,XLF,金融,value,Weakening,11.0,1.0,2.0
2026-08-06,57.60612487792969,0.2645377611182903,0.26411253366018517,101.418519948394,99.55586266971765,XLF,金融,value,Weakening,11.0,1.0,2.0
2026-08-07,57.3968620300293,0.26176844677470157,0.263331171365024,101.24087601806487,99.3492620961392,XLF,金融,value,Weakening,11.0,0.0,0.0
2026-08-10,57.60612487792969,0.26256773232421937,0.2630766916847558,101.15910907927267,99.30365792405992,XLF,金融,value,Weakening,11.0,0.0,0.0
2026-08-11,57.59615707397461,0.2619632018289709,0.2627055283994942,101.0611858531981,99.3254642030767,XLF,金融,value,Weakening,10.0,-1.0,-1.0
2026-08-12,57.71573257446289,0.2620439899296405,0.2624850155762096,100.99224979739729,99.27167344904386,XLF,金融,value,Weakening,10.0,-1.0,-2.0
2026-08-13,58.054534912109375,0.2616296097232813,0.2621998802919002,100.91468921390701,99.17698059497313,XLF,金融,value,Weakening,10.0,-1.0,-2.0
2026-08-14,57.95488739013672,0.26113363274428125,0.26184446444269394,100.8277125666213,99.27149965679388,XLF,金融,value,Weakening,10.0,-1.0,-1.0
2026-08-17,57.37693405151367,0.2608479376893144,0.26151228885823413,100.74724400041073,99.27706835310461,XLF,金融,value,Weakening,10.0,-1.0,-1.0
2026-08-18,57.636016845703125,0.26321793784971165,0.26208083852206,100.81887176477491,99.49632189573393,XLF,金融,value,Weakening,9.0,-1.0,0.0
2026-08-19,57.277286529541016,0.2588939965699888,0.2610185578713696,100.61866486685817,99.35477588303434,XLF,金融,value,Weakening,9.0,-1.0,0.0
2026-08-20,56.7491569519043,0.25859122257166633,0.2602094461048019,100.46431398774739,99.28443052366251,XLF,金融,value,Weakening,9.0,-1.0,0.0
2026-08-21,57.277286529541016,0.25936118047993084,0.25992669089651155,100.39959653607332,99.3321832313574,XLF,金融,value,Weakening,9.0,-1.0,0.0
2026-08-24,58.014678955078125,0.2623924451845443,0.2607486089925225,100.519754718722,99.58205045627865,XLF,金融,value,Weakening,9.0,-1.0,0.0
2026-08-25,58.1043586730957,0.2629876457673823,0.26149495458414246,100.62428496570942,99.61119500555347,XLF,金融,value,Weakening,9.0,0.0,1.0
2026-08-26,58.054534912109375,0.2623599223511137,0.2617832771731329,100.64941252070064,99.85904666420446,XLF,金融,value,Weakening,9.0,0.0,1.0
2026-08-27,57.67587661743164,0.2614255207472758,0.2616640250311806,100.60437014135238,99.95866676810795,XLF,金融,value,Weakening,9.0,0.0,1.0
2026-08-28,57.89509963989258,0.26332287503824875,0.2622169750335367,100.67769873065387,100.10187660334948,XLF,金融,value,Leading,9.0,0.0,1.0
2026-08-31,57.506473541259766,0.2631051523729346,0.2625130341466693,100.70813462165549,99.94308354052073,XLF,金融,value,Weakening,9.0,0.0,1.0
2026-09-01,56.99827575683594,0.2629373186051305,0.26265446229948974,100.71387261935399,99.76789987632183,XLF,金融,value,Weakening,9.0,0.0,0.0
2026-09-02,57.45664978027344,0.26382720080266137,0.26304537513388027,100.77527666746923,99.79236991333842,XLF,金融,value,Weakening,9.0,0.0,0.0
2026-09-03,58.353477478027344,0.2661796241171987,0.26409012479498645,100.9793229070149,100.1515371607675,XLF,金融,value,Leading,9.0,0.0,0.0
2026-09-04,57.89509963989258,0.2653549086780026,0.2645117194226585,101.05690629973607,100.16469034688548,XLF,金融,value,Leading,9.0,0.0,0.0
2026-09-08,57.09791946411133,0.2644421623773023,0.2644885337408731,101.03878260114891,100.11116061812245,XLF,金融,value,Leading,9.0,0.0,0.0
2026-09-09,56.858768463134766,0.2658987079249283,0.26495859180222486,101.13552073050985,100.2781898342838,XLF,金融,value,Leading,9.0,0.0,0.0
2026-09-10,56.669437408447266,0.2668408093638795,0.26558599765610974,101.27000048706373,100.44860294278406,XLF,金融,value,Leading,10.0,1.0,1.0
2026-09-11,57.048095703125,0.2664985385614141,0.26589017795787784,101.33233317263418,100.25777658419769,XLF,金融,value,Leading,10.0,1.0,1.0
2026-09-14,56.82887268066406,0.2653015794273395,0.2656939784476984,101.26993951476645,100.04343187635632,XLF,金融,value,Leading,9.0,0.0,0.0
2026-09-15,56.649505615234375,0.2657620433897331,0.26571666676170996,101.2689158890103,100.08928895019775,XLF,金融,value,Leading,9.0,0.0,0.0
2026-09-16,55.73275375366211,0.2635304893987922,0.26498794097407075,101.04809537165049,99.56094036389877,XLF,金融,value,Weakening,8.0,-1.0,-1.0
2026-09-17,55.68292999267578,0.26202354512041676,0.26399980902285275,100.73773524251439,98.80506714017793,XLF,金融,value,Weakening,7.0,-3.0,-4.0
2026-09-18,55.66299819946289,0.26318825260437256,0.26372929021669267,100.633753711149,98.54371964411021,XLF,金融,value,Weakening,7.0,-3.0,-4.0
2026-09-21,55.900001525878906,0.26283620204508534,0.26343159415949025,100.51838629638422,98.48645798535485,XLF,金融,value,Weakening,7.0,-2.0,-2.0
2026-09-22,54.79999923706055,0.2575187897141709,0.26146065934438384,99.86950393873089,97.4152926223345,XLF,金融,value,Lagging,7.0,-2.0,-2.0
2026-09-23,54.540000915527344,0.25810421440378867,0.2603418443641855,99.47205538712781,97.29802841222562,XLF,金融,value,Lagging,6.0,-2.0,-1.0
2026-09-24,54.529998779296875,0.2593455731186372,0.2600097539490027,99.30496661264931,97.69035676490475,XLF,金融,value,Lagging,6.0,-1.0,2.0
2026-09-25,54.84000015258789,0.25976978823379754,0.25992976537726764,99.21163534023664,97.83177454421971,XLF,金融,value,Lagging,6.0,-1.0,2.0
2026-09-28,54.84000015258789,0.25976978823379754,0.2598764396627776,99.09593752587368,97.9281858770632,XLF,金融,value,Lagging,6.0,-1.0,1.0
2024-09-30,131.88282775878906,0.7604962198122595,0.7604962198122595,,,XLI,資本財・サービス,value,,,,
2024-10-01,131.9510040283203,0.7649454009816377,0.7619792802020522,,,XLI,資本財・サービス,value,,,,
2024-10-02,131.70758056640625,0.764349166618627,0.7627692423409105,,,XLI,資本財・サービス,value,,,,
2024-10-03,131.03570556640625,0.7640554365648612,0.7631979737488941,,,XLI,資本財・サービス,value,,,,
2024-10-04,131.9510040283203,0.7634033033246708,0.7632664169408196,,,XLI,資本財・サービス,value,,,,
2024-10-07,131.629638671875,0.7675185981224512,0.7646838106680303,,,XLI,資本財・サービス,value,,,,
2024-10-08,131.9217987060547,0.7674028939598011,0.7655901717652873,,,XLI,資本財・サービス,value,,,,
2024-10-09,133.10000610351562,0.76897420702892,0.7667181835198316,,,XLI,資本財・サービス,value,,,,
2024-10-10,132.4184112548828,0.7679137214190564,0.7671166961529066,,,XLI,資本財・サービス,value,,,,
2024-10-11,134.78456115722656,0.7740318819178362,0.7694217580745498,,,XLI,資本財・サービス,value,,,,
2024-10-14,135.59278869628906,0.7730014498438158,0.7706149886643052,,,XLI,資本財・サービス,value,,,,
2024-10-15,134.55088806152344,0.770548329456966,0.7705927689285255,,,XLI,資本財・サービス,value,,,,
2024-10-16,135.59278869628906,0.7712990623980674,0.7708282000850395,,,XLI,資本財・サービス,value,,,,
2024-10-17,135.20330810546875,0.7703134716469587,0.7706566239390127,,,XLI,資本財・サービス,value,,,,
2024-10-18,135.61227416992188,0.770349635705309,0.7705542945277782,,,XLI,資本財・サービス,value,,,,
2024-10-21,135.1351318359375,0.7742375419291945,0.7717820436615836,,,XLI,資本財・サービス,value,,,,
2024-10-22,133.499267578125,0.7683164129412854,0.7706268334214843,,,XLI,資本財・サービス,value,,,,
2024-10-23,133.10975646972656,0.7686008913446108,0.7699515193958598,,,XLI,資本財・サービス,value,,,,
2024-10-24,132.19444274902344,0.763144978338421,0.7676826723767136,,,XLI,資本財・サービス,value,,,,
2024-10-25,131.84390258789062,0.7647537442568384,0.7667063630034219,,,XLI,資本財・サービス,value,,,,
2024-10-28,132.2333984375,0.7626880229864765,0.7653669163311068,,,XLI,資本財・サービス,value,,,,
2024-10-29,132.05812072753906,0.7639802006540638,0.7649046777720925,,,XLI,資本財・サービス,value,,,,
2024-10-30,131.83416748046875,0.7643539459240632,0.7647211004894161,,,XLI,資本財・サービス,value,,,,
2024-10-31,130.3151397705078,0.7636899954430767,0.764377398807303,,,XLI,資本財・サービス,value,,,,
2024-11-01,130.4904022216797,0.7642401498557234,0.7643316491567766,,,XLI,資本財・サービス,value,,,,
2024-11-04,130.3443145751953,0.7624768773156156,0.7637133918763896,,,XLI,資本財・サービス,value,,,,
2024-11-05,132.5255126953125,0.766298098811007,0.7645749608545955,,,XLI,資本財・サービス,value,,,,
2024-11-06,137.7155303955078,0.7778915579783718,0.769013826562521,,,XLI,資本財・サービス,value,,,,
2024-11-07,136.88783264160156,0.7724560885367381,0.7701612472205934,,,XLI,資本財・サービス,value,,,,
2024-11-08,138.35818481445312,0.7764275183256905,0.7722500042556257,,,XLI,資本財・サービス,value,,,,
2024-11-11,139.42930603027344,0.7785476181874819,0.7743492088995778,,,XLI,資本財・サービス,value,,,,
2024-11-12,138.23162841796875,0.7777875272701984,0.7754953150231181,,,XLI,資本財・サービス,value,,,,
2024-11-13,138.5237274169922,0.7790067750307758,0.7766658016923373,,,XLI,資本財・サービス,value,,,,
2024-11-14,136.18678283691406,0.7720423576159491,0.7751246536668747,,,XLI,資本財・サービス,value,,,,
2024-11-15,135.45645141601562,0.7734191441684759,0.7745561505007418,,,XLI,資本財・サービス,value,,,,
2024-11-18,135.27145385742188,0.7692594044601192,0.772790568487201,,,XLI,資本財・サービス,value,,,,
2024-11-19,135.1546173095703,0.7706736915851502,0.7720849428531841,,,XLI,資本財・サービス,value,,,,
2024-11-20,135.3006591796875,0.7689175372027404,0.7710291409697029,,,XLI,資本財・サービス,value,,,,
2024-11-21,136.99496459960938,0.7688610529371691,0.7703064449588584,,,XLI,資本財・サービス,value,,,,
2024-11-22,138.90347290039062,0.7734794602862217,0.7713641167346462,,,XLI,資本財・サービス,value,,,,
2024-11-25,139.77012634277344,0.7713209783542828,0.7713497372745252,,,XLI,資本財・サービス,value,,,,
2024-11-26,139.9356689453125,0.7721520149041418,0.7716171631510641,,,XLI,資本財・サービス,value,,,,
2024-11-27,139.4195556640625,0.7700445668455066,0.7710929643825449,,,XLI,資本財・サービス,value,,,,
2024-11-29,140.20831298828125,0.7720483745816251,0.771411434448905,,,XLI,資本財・サービス,value,,,,
2024-12-02,139.17613220214844,0.7682893146508841,0.7703707278495648,,,XLI,資本財・サービス,value,,,,
2024-12-03,138.2997589111328,0.7668524372125449,0.7691979643038916,,,XLI,資本財・サービス,value,,,,
2024-12-04,138.90347290039062,0.7701586328246816,0.769518187144155,,,XLI,資本財・サービス,value,,,,
2024-12-05,137.2189483642578,0.7646351743466772,0.7678905162116624,,,XLI,資本財・サービス,value,,,,
2024-12-06,136.86839294433594,0.7635465174975088,0.766442516640278,,,XLI,資本財・サービス,value,,,,
2024-12-09,135.680419921875,0.760038251704283,0.7643077616616131,,,XLI,資本財・サービス,value,,,,
2024-12-10,135.34933471679688,0.7628575878548981,0.7638243703927081,,,XLI,資本財・サービス,value,,,,
2024-12-11,135.03778076171875,0.760396509878593,0.7626817502213364,,,XLI,資本財・サービス,value,,,,
2024-12-12,134.17111206054688,0.7582853287816288,0.7612162764081005,,,XLI,資本財・サービス,value,,,,
2024-12-13,133.82058715820312,0.7589615199885767,0.760464690934926,,,XLI,資本財・サービス,value,,,,
2024-12-16,133.9374237060547,0.7621346068739974,0.7610213295812831,,,XLI,資本財・サービス,value,,,,
2024-12-17,132.7105255126953,0.7611480007400291,0.7610635533008652,,,XLI,資本財・サービス,value,,,,
2024-12-18,128.96163940429688,0.7622001095552803,0.7614424053856702,,,XLI,資本財・サービス,value,,,,
2024-12-19,128.7960968017578,0.763755879878469,0.7622135635499365,,,XLI,資本財・サービス,value,,,,
2024-12-20,130.30540466308594,0.762033441970107,0.7621535230233267,,,XLI,資本財・サービス,value,,,,
2024-12-23,130.27603149414062,0.7608244179710179,0.7617104880058905,,,XLI,資本財・サービス,value,,,,
2024-12-24,131.29383850097656,0.7610267636029152,0.7614825798715654,,,XLI,資本財・サービス,value,,,,
2024-12-26,131.3916778564453,0.7603523787179375,0.7611058461536895,,,XLI,資本財・サービス,value,,,,
2024-12-27,130.41302490234375,0.7598572311789097,0.7606896411620963,98.54581830300476,,XLI,資本財・サービス,value,,4.0,,
2024-12-30,129.1016845703125,0.7598716855559673,0.7604169892933866,98.48629687700645,,XLI,資本財・サービス,value,,4.0,,
2024-12-31,128.94508361816406,0.7575639676687173,0.7594659820851636,98.3061867441262,,XLI,資本財・サービス,value,,2.0,,
2025-01-02,128.4949493408203,0.7571229732503526,0.7586849791402267,98.1860146207103,,XLI,資本財・サービス,value,,1.0,,
2025-01-03,129.8845672607422,0.7583661706259849,0.7585787096354795,98.21655510325603,,XLI,資本財・サービス,value,,2.0,,
2025-01-06,129.60076904296875,0.7572244883985778,0.7581273025565123,98.18052826800533,,XLI,資本財・サービス,value,,1.0,-3.0,
2025-01-07,129.47357177734375,0.7590229680755539,0.7584258577295262,98.30072739251963,,XLI,資本財・サービス,value,,1.0,-3.0,
2025-01-08,129.98245239257812,0.7610958920265289,0.7593158691618604,98.52558236791924,,XLI,資本財・サービス,value,,3.0,1.0,
2025-01-10,128.52430725097656,0.763721421544404,0.7607843866227084,98.84666860677251,,XLI,資本財・サービス,value,,3.0,2.0,
2025-01-13,130.0313720703125,0.7663952003935519,0.7626546578796564,99.22917026177433,,XLI,資本財・サービス,value,,4.0,2.0,
2025-01-14,131.56784057617188,0.7692415435379528,0.7648502864324218,99.66911907608393,,XLI,資本財・サービス,value,,5.0,4.0,7.0
2025-01-15,132.39967346191406,0.7667458189245414,0.7654821305964618,99.80691584848654,,XLI,資本財・サービス,value,,6.0,5.0,8.0
2025-01-16,134.004638671875,0.7699766441484075,0.7669803017804437,100.11148810659839,,XLI,資本財・サービス,value,,6.0,3.0,2.0
2025-01-17,134.80712890625,0.7708445906240514,0.7682683980616463,100.37441066225581,,XLI,資本財・サービス,value,,7.0,4.0,2.0
2025-01-21,137.57664489746094,0.777653720811969,0.7713968389784205,100.98766731869162,,XLI,資本財・サービス,value,,9.0,5.0,3.0
2025-01-22,137.2537078857422,0.7785640689542711,0.7737859156370375,101.43167636289637,,XLI,資本財・サービス,value,,11.0,6.0,2.0
2025-01-23,138.6433563232422,0.7827377542418071,0.7767698618386274,101.95151160721711,,XLI,資本財・サービス,value,,11.0,5.0,0.0
2025-01-24,138.0561981201172,0.7801073740924694,0.7778823659232414,102.0748140075518,,XLI,資本財・サービス,value,,11.0,5.0,2.0
2025-01-27,136.20657348632812,0.7691491242672931,0.7749712853712587,101.4996516960456,,XLI,資本財・サービス,value,,10.0,3.0,-1.0
2025-01-28,135.30621337890625,0.7678555022326657,0.7725993576583945,101.04572685186385,,XLI,資本財・サービス,value,,10.0,1.0,-4.0
2025-01-29,134.84625244140625,0.7677847623644821,0.7709944925604237,100.74136774856123,,XLI,資本財・サービス,value,,9.0,-2.0,-8.0
2025-01-30,136.3533477783203,0.7681662151911705,0.7700517334373393,100.55808618393183,,XLI,資本財・サービス,value,,7.0,-4.0,-9.0
2025-01-31,135.39430236816406,0.7690761094211119,0.7697265254319303,100.48585167436198,,XLI,資本財・サービス,value,,7.0,-4.0,-9.0
2025-02-03,134.0535430908203,0.7656424586117742,0.7683651698252116,100.23259301028232,,XLI,資本財・サービス,value,,7.0,-3.0,-6.0
2025-02-04,134.0926971435547,0.7649324574634172,0.7672209323712802,100.02000874104415,,XLI,資本財・サービス,value,,7.0,-3.0,-4.0
2025-02-05,134.19056701660156,0.7617761867918913,0.7654060171781506,99.69150531917622,,XLI,資本財・サービス,value,,5.0,-4.0,-2.0
2025-02-06,134.79733276367188,0.7662347924249764,0.7656822755937592,99.73477967633457,,XLI,資本財・サービス,value,,5.0,-2.0,2.0
2025-02-07,134.3961181640625,0.7677268582596597,0.7663638031490595,99.85196487120213,,XLI,資本財・サービス,value,,6.0,-1.0,3.0
2025-02-10,135.5998077392578,0.7724169851147521,0.7683815304709571,100.21720559855657,,XLI,資本財・サービス,value,,6.0,-1.0,2.0
2025-02-11,135.6487579345703,0.7726103327154683,0.7697911312191277,100.47246955849565,,XLI,資本財・サービス,value,,7.0,0.0,3.0
2025-02-12,134.80712890625,0.7723030667478944,0.77062844306205,100.63033631158693,,XLI,資本財・サービス,value,,7.0,2.0,6.0
2025-02-13,134.94415283203125,0.7664345734383452,0.7692304865208152,100.39718733339367,,XLI,資本財・サービス,value,,6.0,1.0,3.0
2025-02-14,134.61138916015625,0.7653044768430969,0.7679218166282424,100.18297003337081,,XLI,資本財・サービス,value,,3.0,-3.0,-2.0
2025-02-18,135.6683349609375,0.7654379847553944,0.7670938726706265,100.05822502054578,,XLI,資本財・サービス,value,,3.0,-3.0,-2.0
2025-02-19,135.8053436279297,0.7646605037710921,0.766282749704115,99.92779882593663,,XLI,資本財・サービス,value,,2.0,-5.0,-5.0
2025-02-20,134.91477966308594,0.7615619842562303,0.7647091612214869,99.64280039411231,,XLI,資本財・サービス,value,,2.0,-5.0,-7.0
2025-02-21,131.95928955078125,0.7554834479272716,0.7616339234567485,99.05737131134639,,XLI,資本財・サービス,value,,1.0,-5.0,-6.0
2025-02-24,131.36231994628906,0.7514389479492842,0.7582355982875938,98.43239137076462,,XLI,資本財・サービス,value,,1.0,-2.0,1.0
2025-02-25,132.03758239746094,0.7545469852747095,0.7570060606166324,98.26210326340149,,XLI,資本財・サービス,value,,1.0,-2.0,1.0
2025-02-26,132.11587524414062,0.7565902996556332,0.7568674736296328,98.30720496078324,,XLI,資本財・サービス,value,,1.0,-1.0,4.0
2025-02-27,131.6559295654297,0.7605988561313686,0.7581112677968782,98.59619629778798,,XLI,資本財・サービス,value,,2.0,0.0,5.0
2025-02-28,133.41748046875,0.7623057748643614,0.7595094368193727,98.89899791634558,,XLI,資本財・サービス,value,,3.0,2.0,7.0
2025-03-03,131.51889038085938,0.7595515174865071,0.7595234637084175,98.93534506104494,,XLI,資本財・サービス,value,,3.0,2.0,4.0
2025-03-04,128.95486450195312,0.756973434050712,0.7586734538225157,98.81083510646594,,XLI,資本財・サービス,value,,3.0,2.0,4.0
2025-03-05,130.99044799804688,0.7618418372757684,0.7597295816402667,99.04370064710811,,XLI,資本財・サービス,value,,3.0,2.0,3.0
2025-03-06,129.86502075195312,0.7637532559532367,0.7610708064112568,99.32664461708052,,XLI,資本財・サービス,value,,3.0,1.0,1.0
2025-03-07,131.3818817138672,0.7655023180463012,0.7625479769562716,99.63169545241709,,XLI,資本財・サービス,value,,3.0,0.0,-2.0
2025-03-10,129.3267364501953,0.7642987976543927,0.7631315838556454,99.76355443744669,,XLI,資本財・サービス,value,,3.0,0.0,-2.0
2025-03-11,127.34013366699219,0.7627161273948313,0.7629930983687074,99.75073432545581,,XLI,資本財・サービス,value,,3.0,0.0,-2.0
2025-03-12,127.33036804199219,0.7662687844241265,0.7640849937205139,99.9735439211532,,XLI,資本財・サービス,value,,4.0,1.0,-1.0
2025-03-13,126.02874755859375,0.7657769709873459,0.7646489861427912,100.08393188902977,,XLI,資本財・サービス,value,,4.0,1.0,0.0
2025-03-14,128.3285675048828,0.7651640739927639,0.7648206820927822,100.11473087360089,,XLI,資本財・サービス,value,,4.0,1.0,1.0
2025-03-17,130.09986877441406,0.7653967394743894,0.7650127012199845,100.14545223021484,,XLI,資本財・サービス,value,,5.0,2.0,2.0
2025-03-18,129.06251525878906,0.7632630088959388,0.7644294704453026,100.02010587544234,,XLI,資本財・サービス,value,,4.0,1.0,1.0
2025-03-19,130.77516174316406,0.7677025680493853,0.7655205029799969,100.2215488010685,,XLI,資本財・サービス,value,,4.0,0.0,-1.0
2025-03-20,130.11947631835938,0.7670462390491966,0.7660290816697302,100.3079384016213,,XLI,資本財・サービス,value,,4.0,0.0,-1.0
2025-03-21,129.4246368408203,0.7664612582510965,0.7661731405301857,100.32148044835634,,XLI,資本財・サービス,value,,4.0,0.0,-1.0
2025-03-24,131.82473754882812,0.7687618749986652,0.7670360520196788,100.47726106514864,,XLI,資本財・サービス,value,,4.0,-1.0,-3.0
2025-03-25,132.02108764648438,0.771751857612382,0.7686079872172465,100.77009181724911,,XLI,資本財・サービス,value,,5.0,1.0,0.0
2025-03-26,131.14739990234375,0.7680907187654463,0.7684355643999798,100.71423515483791,,XLI,資本財・サービス,value,,5.0,1.0,1.0
2025-03-27,130.45042419433594,0.7659791501547603,0.7676167596515734,100.53249244731401,,XLI,資本財・サービス,value,,4.0,0.0,0.0
2025-03-28,127.7607421875,0.7619320097460432,0.7657218430163967,100.14082170974953,,XLI,資本財・サービス,value,,4.0,0.0,0.0
2025-03-31,128.6638641357422,0.7609839156799446,0.764142533904246,99.81338675080806,,XLI,資本財・サービス,value,,4.0,0.0,1.0
2025-04-01,129.3902587890625,0.7644858626750533,0.7642569768278484,99.82395992434314,,XLI,資本財・サービス,value,,4.0,-1.0,-2.0
2025-04-02,130.60751342773438,0.7652787867110781,0.7645975801222584,99.87869545883157,,XLI,資本財・サービス,value,,4.0,-1.0,-2.0
2025-04-03,123.5396728515625,0.7600742059153128,0.7630897887199433,99.55450027125819,,XLI,資本財・サービス,value,,4.0,0.0,0.0
2025-04-04,115.77488708496094,0.7546734028810267,0.7602843267736378,98.96374249459882,,XLI,資本財・サービス,value,,3.0,-1.0,-1.0
2025-04-07,115.2349853515625,0.7574672363555066,0.7593452966342609,98.76202182157634,98.87717986356822,XLI,資本財・サービス,value,Lagging,2.0,-2.0,-2.0
2025-04-08,114.28278350830078,0.7656497615125476,0.7614467849270231,99.17832817906421,99.28496879297731,XLI,資本財・サービス,value,Lagging,3.0,-1.0,0.0
2025-04-09,124.43297576904297,0.7719205372861996,0.7649380357134153,99.89164782086765,99.93189934644062,XLI,資本財・サービス,value,Lagging,4.0,0.0,1.0
2025-04-10,121.22299194335938,0.778205157968554,0.7693604097984617,100.8148895733733,101.13552517509676,XLI,資本財・サービス,value,Leading,6.0,2.0,2.0
2025-04-11,123.36299133300781,0.7801143860444085,0.7729450685471106,101.53379618226117,102.28690524499284,XLI,資本財・サービス,value,Leading,9.0,6.0,7.0
2025-04-14,124.64894104003906,0.7783026489942557,0.774730928696159,101.83035336045549,102.58431008466574,XLI,資本財・サービス,value,Leading,9.0,7.0,9.0
2025-04-15,124.03050994873047,0.7769506102461401,0.7754708225461527,101.89270761476375,102.18733549443886,XLI,資本財・サービス,value,Leading,9.0,6.0,7.0
2025-04-16,122.33226776123047,0.7762794691006172,0.775740371397641,101.85963209735296,101.5235326419295,XLI,資本財・サービス,value,Leading,9.0,5.0,5.0
2025-04-17,122.9997787475586,0.7747570004001176,0.7754125810651332,101.72509735433549,100.63266133162078,XLI,資本財・サービス,value,Leading,9.0,3.0,1.0
2025-04-21,120.24136352539062,0.7729205173062504,0.7745818931455057,101.51793821862074,99.85264747285204,XLI,資本財・サービス,value,Weakening,8.0,-1.0,-7.0
2025-04-22,122.34207153320312,0.767500072032613,0.7722212861078749,101.06657190986122,99.22586377689123,XLI,資本財・サービス,value,Weakening,6.0,-3.0,-10.0
2025-04-23,123.8734359741211,0.7696611466422266,0.7713679062859922,100.92062442926924,99.07048455136095,XLI,資本財・サービス,value,Weakening,7.0,-2.0,-8.0
2025-04-24,126.6514892578125,0.7738291220492063,0.7721883115403969,101.11451435866118,99.29670234693904,XLI,資本財・サービス,value,Weakening,7.0,-2.0,-7.0
2025-04-25,126.64167022705078,0.7748782563889313,0.7730849598232418,101.33957023327858,99.65100654195156,XLI,資本財・サービス,value,Weakening,10.0,1.0,-2.0
2025-04-28,127.06377410888672,0.7752849111600787,0.7738182769355209,101.4986335505514,100.01186839563614,XLI,資本財・サービス,value,Leading,11.0,3.0,4.0
2025-04-29,127.88835906982422,0.775788493404685,0.7744750157585756,101.61057623714808,100.53700452242452,XLI,資本財・サービス,value,Leading,11.0,5.0,8.0
2025-04-30,128.81109619140625,0.7802773065871221,0.7764091127014245,101.93066830624635,100.94805362602328,XLI,資本財・サービス,value,Leading,11.0,4.0,6.0
2025-05-01,129.7829132080078,0.7872345585061833,0.7800175946363442,102.4768304638205,101.24044397563108,XLI,資本財・サービス,value,Leading,11.0,4.0,6.0
2025-05-02,132.1094207763672,0.7874538692360192,0.782496352836236,102.72349516224567,101.22538175702891,XLI,資本財・サービス,value,Leading,11.0,1.0,0.0
2025-05-05,132.17811584472656,0.7904847353680579,0.78515914701351,102.9150535302738,101.2177120860334,XLI,資本財・サービス,value,Leading,11.0,0.0,-3.0
2025-05-06,131.01979064941406,0.7894092903307185,0.7865758614525795,102.8767089678894,101.04133141528233,XLI,資本財・サービス,value,Leading,11.0,0.0,-5.0
2025-05-07,131.68731689453125,0.7882397082559731,0.7871304770537108,102.7272095787279,100.57103729965323,XLI,資本財・サービス,value,Leading,11.0,0.0,-4.0
2025-05-08,133.50335693359375,0.7924433593864985,0.7889014378313066,102.74059957059987,100.04302284948947,XLI,資本財・サービス,value,Leading,11.0,0.0,-4.0
2025-05-09,133.61134338378906,0.7932680565389976,0.790356977400537,102.70517646236578,99.75917422768619,XLI,資本財・サービス,value,Weakening,11.0,0.0,-1.0
2025-05-12,137.7244110107422,0.7958737409925405,0.7921958985978715,102.70716306417901,99.57805587826383,XLI,資本財・サービス,value,Weakening,11.0,0.0,0.0
2025-05-13,138.6864013671875,0.7996288027657502,0.7946735333204977,102.75915220020121,99.67484200591079,XLI,資本財・サービス,value,Weakening,11.0,0.0,0.0
2025-05-14,138.01890563964844,0.8006008661869426,0.7966493109426461,102.74290465266502,99.8179025358718,XLI,資本財・サービス,value,Weakening,11.0,0.0,0.0
2025-05-15,139.55026245117188,0.8021719137918104,0.7984901785590343,102.70466072668417,99.77806702936007,XLI,資本財・サービス,value,Weakening,11.0,0.0,0.0
2025-05-16,141.14053344726562,0.8034249800420274,0.8001351123866987,102.64737403408144,99.76281243514255,XLI,資本財・サービス,value,Weakening,11.0,0.0,0.0
2025-05-19,141.62152099609375,0.8062525104971792,0.8021742450901923,102.62148775536342,99.73436647872093,XLI,資本財・サービス,value,Weakening,11.0,0.0,0.0
2025-05-20,141.11106872558594,0.805450024386845,0.8032661715224099,102.52485622442885,99.5832249106176,XLI,資本財・サービス,value,Weakening,11.0,0.0,0.0
2025-05-21,138.72569274902344,0.8094668566086454,0.8053330665511551,102.50616392963119,99.56504739814424,XLI,資本財・サービス,value,Weakening,11.0,0.0,0.0
2025-05-22,138.6962127685547,0.8118842824882959,0.8075168051968689,102.49406022976031,99.56546307425852,XLI,資本財・サービス,value,Weakening,11.0,0.0,0.0
2025-05-23,138.2446746826172,0.8124904492048358,0.8091746865328578,102.45052269213069,99.5401552379011,XLI,資本財・サービス,value,Weakening,11.0,0.0,0.0
2025-05-27,140.67913818359375,0.8116665263934849,0.8100052998197336,102.36231655852701,99.43008957720552,XLI,資本財・サービス,value,Weakening,11.0,0.0,0.0
2025-05-28,139.98219299316406,0.8145718026925993,0.8115274674440222,102.32511235165282,99.45216680120592,XLI,資本財・サービス,value,Weakening,11.0,0.0,0.0
2025-05-29,140.10980224609375,0.8133281049720776,0.8121276799533741,102.23583927917318,99.35021456451834,XLI,資本財・サービス,value,Weakening,11.0,0.0,0.0
2025-05-30,140.19815063476562,0.8141639672676529,0.8128064423914672,102.15904776063518,99.2817516671518,XLI,資本財・サービス,value,Weakening,11.0,0.0,0.0
2025-06-02,140.0214385986328,0.8124928890398023,0.8127019246075788,102.04775922763604,99.22509973370306,XLI,資本財・サービス,value,Weakening,10.0,-1.0,-1.0
2025-06-03,141.10125732421875,0.8119985823937945,0.8124674772029841,101.94244717022768,99.22643198108022,XLI,資本財・サービス,value,Weakening,11.0,0.0,0.0
2025-06-04,141.17979431152344,0.8142799195995785,0.8130716246685156,101.89079144586165,99.23307337097437,XLI,資本財・サービス,value,Weakening,10.0,-1.0,-1.0
2025-06-05,141.08163452148438,0.815918533862258,0.8140205943997632,101.86019488764997,99.31905453767236,XLI,資本財・サービス,value,Weakening,9.0,-2.0,-2.0
2025-06-06,142.2694091796875,0.8157427214323273,0.8145946367439513,101.8113068702954,99.36966957461267,XLI,資本財・サービス,value,Weakening,9.0,-2.0,-2.0
2025-06-09,142.1417999267578,0.8148742952496687,0.8146878562458572,101.74165601559854,99.43533965469305,XLI,資本財・サービス,value,Weakening,9.0,-1.0,0.0
2025-06-10,141.52337646484375,0.8073087179365767,0.8122281434760971,101.54955981486766,99.36086339514415,XLI,資本財・サービス,value,Weakening,9.0,-2.0,-2.0
2025-06-11,141.5920867919922,0.8100005979391612,0.8114856282971186,101.45645736958227,99.33735104823062,XLI,資本財・サービス,value,Weakening,9.0,-1.0,0.0
2025-06-12,141.2190704345703,0.8059766365232416,0.8096492977058263,101.31393690246347,99.23619185612273,XLI,資本財・サービス,value,Weakening,9.0,0.0,2.0
2025-06-13,140.03126525878906,0.808976261356477,0.8094249522560433,101.25964407146924,99.25104712386425,XLI,資本財・サービス,value,Weakening,9.0,0.0,2.0
2025-06-16,140.9932861328125,0.806755411948221,0.8085351054867692,101.17445397916806,99.25343492070519,XLI,資本財・サービス,value,Weakening,9.0,0.0,1.0
2025-06-17,139.93309020996094,0.8084547038080258,0.8085083049271881,101.13637204731337,99.43752754849655,XLI,資本財・サービス,value,Weakening,9.0,0.0,2.0
2025-06-18,139.59934997558594,0.8064356839285959,0.8078174312609907,101.0660163416578,99.47496707821148,XLI,資本財・サービス,value,Weakening,9.0,0.0,1.0
2025-06-20,139.7564239501953,0.806025187833355,0.8072200167851121,101.00263082088857,99.57226873484704,XLI,資本財・サービス,value,Weakening,9.0,0.0,0.0
2025-06-23,141.6488800048828,0.8097903927959709,0.8080768087887318,101.01516485696023,99.65412360209784,XLI,資本財・サービス,value,Weakening,9.0,0.0,0.0
2025-06-24,142.83041381835938,0.808886284162478,0.8083466339133139,100.99746217997216,99.73733409688435,XLI,資本財・サービス,value,Weakening,9.0,0.0,0.0
2025-06-25,141.57009887695312,0.8075753827652618,0.8080895501972966,100.95321991059915,99.74579808839209,XLI,資本財・サービス,value,Weakening,9.0,0.0,0.0
2025-06-26,143.1061248779297,0.8102228902709269,0.8088006635551733,100.96000878772617,99.84137986994763,XLI,資本財・サービス,value,Weakening,9.0,0.0,0.0
2025-06-27,144.53382873535156,0.8153203991899964,0.8109739087667811,101.04231822144533,100.00611922322487,XLI,資本財・サービス,value,Leading,9.0,0.0,0.0
2025-06-30,145.25262451171875,0.8155428938793478,0.8124969038043033,101.09001323111583,100.04062612977032,XLI,資本財・サービス,value,Leading,9.0,0.0,0.0
2025-07-01,145.73509216308594,0.8087730014022216,0.8112556030036095,100.99401948833406,99.94186370454025,XLI,資本財・サービス,value,Weakening,9.0,0.0,0.0
2025-07-02,145.88278198242188,0.807747523422427,0.8100862431432154,100.90337492634202,99.87300495638104,XLI,資本財・サービス,value,Weakening,9.0,0.0,0.0
2025-07-03,147.1234130859375,0.810701664212474,0.810291383499635,100.8877702406821,99.83277488884531,XLI,資本財・サービス,value,Weakening,9.0,0.0,0.0
2025-07-07,146.6114044189453,0.8143890593480362,0.8116572754491022,100.93766232878524,99.77770038645734,XLI,資本財・サービス,value,Weakening,9.0,0.0,0.0
2025-07-08,146.57203674316406,0.8121367703035144,0.8118171070672395,100.92397367443225,99.68350006948316,XLI,資本財・サービス,value,Weakening,9.0,0.0,0.0
2025-07-09,147.5960235595703,0.8153753312380911,0.8130031817908567,100.97272741364806,99.83094789607135,XLI,資本財・サービス,value,Weakening,8.0,-1.0,-1.0
2025-07-10,148.42312622070312,0.8152220928479376,0.8137428188098838,100.99665833800134,99.9525482594279,XLI,資本財・サービス,value,Weakening,9.0,0.0,0.0
2025-07-11,147.89141845703125,0.8182919196791272,0.8152591857662983,101.06733690201646,100.052383929754,XLI,資本財・サービス,value,Leading,9.0,0.0,0.0
2025-07-14,148.68896484375,0.8218581225970754,0.8174588313765574,101.17803732838328,100.14645485422842,XLI,資本財・サービス,value,Leading,10.0,1.0,1.0
2025-07-15,147.57635498046875,0.8271788747191724,0.8206988458240958,101.34954588051218,100.44478618155595,XLI,資本財・サービス,value,Leading,10.0,1.0,1.0
2025-07-16,148.0981903076172,0.8268790296534444,0.8227589071005453,101.44113539727724,100.63819372904027,XLI,資本財・サービス,value,Leading,10.0,2.0,3.0
2025-07-17,149.4668426513672,0.8277719999361137,0.8244299380457348,101.50513826391925,100.87038629145552,XLI,資本財・サービス,value,Leading,10.0,1.0,1.0
2025-07-18,149.132080078125,0.8262319462116369,0.825030607434369,101.50073247216609,100.86409365800017,XLI,資本財・サービス,value,Leading,10.0,1.0,1.0
2025-07-21,148.3443603515625,0.8246886008018278,0.824916605223522,101.45395241787998,100.59413363565072,XLI,資本財・サービス,value,Leading,10.0,0.0,-1.0
2025-07-22,148.69882202148438,0.8162530507534476,0.8220287537334973,101.23354869575336,99.82416872802918,XLI,資本財・サービス,value,Weakening,10.0,0.0,-1.0
2025-07-23,151.36717224121094,0.8240734987240151,0.8227103353970033,101.257235313177,99.6665694653338,XLI,資本財・サービス,value,Weakening,10.0,0.0,-2.0
2025-07-24,151.11117553710938,0.825321802033048,0.8235808242756849,101.30032602847339,99.58820705377016,XLI,資本財・サービス,value,Weakening,11.0,1.0,0.0
2025-07-25,152.60781860351562,0.8295001056645137,0.8255539180719612,101.42528421406453,99.83023296755812,XLI,資本財・サービス,value,Weakening,11.0,1.0,0.0
2025-07-28,152.1351776123047,0.8318496392837587,0.8276524918092272,101.56448037597376,100.20636764785743,XLI,資本財・サービス,value,Leading,11.0,1.0,1.0
2025-07-29,150.40223693847656,0.8227709832347478,0.8260253222844007,101.43166535038476,100.3840282328433,XLI,資本財・サービス,value,Leading,11.0,1.0,1.0
2025-07-30,149.66375732421875,0.824076802317546,0.8253758156287825,101.37736442687833,100.23566462381827,XLI,資本財・サービス,value,Leading,10.0,0.0,0.0
2025-07-31,149.67359924316406,0.8317157893496215,0.8274891402023955,101.54992129594036,100.55777848047211,XLI,資本財・サービス,value,Leading,11.0,0.0,-1.0
2025-08-01,147.43849182128906,0.8286365823965445,0.8278716209337785,101.5727834616141,100.40546790763122,XLI,資本財・サービス,value,Leading,11.0,0.0,-1.0
2025-08-04,148.79727172851562,0.826171206823019,0.827304816230192,101.50979342095056,99.9727182082722,XLI,資本財・サービス,value,Weakening,10.0,-1.0,-2.0
2025-08-05,148.49203491210938,0.8267707022863097,0.827126778248898,101.47718215330502,100.34186438486964,XLI,資本財・サービス,value,Leading,10.0,-1.0,-2.0
2025-08-06,148.61021423339844,0.8292840326117036,0.8278458630365,101.52900786199605,100.84019212119001,XLI,資本財・サービス,value,Leading,10.0,0.0,0.0
2025-08-07,148.3936004638672,0.8285737167813236,0.8280884809514413,101.539949609035,100.33750760367582,XLI,資本財・サービス,value,Leading,9.0,-2.0,-2.0
2025-08-08,148.51174926757812,0.8277386850909734,0.8279718823312854,101.51410335258578,100.17056111360179,XLI,資本財・サービス,value,Leading,9.0,-2.0,-2.0
2025-08-11,148.02928161621094,0.8273089954962654,0.8277509200529455,101.47731872133046,100.27519511317047,XLI,資本財・サービス,value,Leading,7.0,-3.0,-2.0
2025-08-12,149.56527709960938,0.8254052328915469,0.8269690243324793,101.37773316027241,100.00336264445757,XLI,資本財・サービス,value,Leading,7.0,-3.0,-2.0
2025-08-13,150.13636779785156,0.8168933809244535,0.823610476529804,100.98126821141793,98.29591274587861,XLI,資本財・サービス,value,Weakening,7.0,-3.0,-3.0
2025-08-14,148.80712890625,0.8149625424174833,0.8207278318256972,100.6215212348984,97.12978490746661,XLI,資本財・サービス,value,Weakening,7.0,-2.0,0.0
2025-08-15,148.12774658203125,0.8132495753094222,0.8182350796536055,100.29061964141171,96.50738211006797,XLI,資本財・サービス,value,Weakening,7.0,-2.0,0.0
2025-08-18,148.7086639404297,0.8166146013049047,0.8176949202040387,100.19371926209084,96.71114713814882,XLI,資本財・サービス,value,Weakening,7.0,0.0,3.0
2025-08-19,149.03359985351562,0.8145851711138558,0.8166583371739777,100.02945585389112,96.86644867706023,XLI,資本財・サービス,value,Weakening,7.0,0.0,3.0
2025-08-20,148.895751953125,0.8145734543252264,0.8159633762243941,99.90685231581597,97.73783975164037,XLI,資本財・サービス,value,Lagging,7.0,0.0,3.0
2025-08-21,148.36402893066406,0.8145030042970226,0.815476585581937,99.81402035877338,98.47632804379491,XLI,資本財・サービス,value,Lagging,7.0,0.0,2.0
2025-08-22,150.78623962402344,0.8119864447713668,0.814313205311747,99.63076003276785,98.87799629115634,XLI,資本財・サービス,value,Lagging,6.0,-1.0,1.0
2025-08-25,149.27975463867188,0.8100727858396546,0.8128997321543829,99.41709813179106,98.63132900007655,XLI,資本財・サービス,value,Lagging,6.0,-1.0,-1.0
2025-08-26,150.8157958984375,0.8178426529843559,0.8145473724310406,99.6402644692466,99.58792748658344,XLI,資本財・サービス,value,Lagging,7.0,0.0,0.0
2025-08-27,150.79608154296875,0.8147913753528745,0.8146287067383186,99.64341393996772,99.8986820866562,XLI,資本財・サービス,value,Lagging,4.0,-3.0,-3.0
2025-08-28,151.0619354248047,0.8166170770884436,0.8152914968550269,99.7311964819363,100.33384927230223,XLI,資本財・サービス,value,Improving,5.0,-2.0,-2.0
2025-08-29,149.67359924316406,0.8097125296150703,0.8134318411083747,99.45882420778666,100.1093105027469,XLI,資本財・サービス,value,Improving,4.0,-2.0,-1.0
2025-09-02,148.24588012695312,0.8083744616213082,0.8117460479460192,99.21690164950282,100.03222828931062,XLI,資本財・サービス,value,Improving,3.0,-3.0,-2.0
2025-09-03,147.49755859375,0.8055422614267308,0.8096781191062564,98.92893488686701,98.800670930253,XLI,資本財・サービス,value,Lagging,3.0,-4.0,-4.0
2025-09-04,149.16160583496094,0.8086574685575108,0.8093379022566746,98.89643324203436,98.73989794595073,XLI,資本財・サービス,value,Lagging,3.0,-1.0,2.0
2025-09-05,148.61021423339844,0.8047276178363906,0.8078011407832466,98.70625875816587,98.14853974591988,XLI,資本財・サービス,value,Lagging,2.0,-3.0,-1.0
2025-09-08,148.9449920654297,0.8071829854542225,0.8075950890069052,98.70960556048975,98.82117809700897,XLI,資本財・サービス,value,Lagging,3.0,-1.0,1.0
2025-09-09,147.94064331054688,0.8042173091930287,0.8064691624022797,98.59273950417027,99.12745080330546,XLI,資本財・サービス,value,Lagging,2.0,-1.0,2.0
2025-09-10,149.03359985351562,0.8109795947886091,0.8079726398643896,98.81906340799875,100.29958460101321,XLI,資本財・サービス,value,Improving,2.0,-1.0,3.0
2025-09-11,150.4514617919922,0.8066078943784019,0.8075177247023937,98.77586637394208,100.26381785351198,XLI,資本財・サービス,value,Improving,2.0,-1.0,0.0
2025-09-12,149.25021362304688,0.8059691038895269,0.8070015177647715,98.7198767293291,100.55320109134615,XLI,資本財・サービス,value,Improving,2.0,0.0,3.0
2025-09-15,149.93946838378906,0.811107724078033,0.8083702532025254,98.90879767444346,100.95094939341092,XLI,資本財・サービス,value,Improving,2.0,-1.0,0.0
2025-09-16,149.49636840820312,0.8108601061449916,0.8092002041833475,99.01730958929963,101.41688715260118,XLI,資本財・サービス,value,Improving,2.0,0.0,1.0
2025-09-17,148.8169708251953,0.806403573656898,0.8082679940078643,98.89316309029452,100.60185624225062,XLI,資本財・サービス,value,Improving,2.0,0.0,1.0
2025-09-18,150.40223693847656,0.8097049479289673,0.8087469786482321,98.95318576856401,100.81276864493493,XLI,資本財・サービス,value,Improving,3.0,1.0,2.0
2025-09-19,150.7665252685547,0.813081592678391,0.8101918499916185,99.13543956138757,101.30795116816496,XLI,資本財・サービス,value,Improving,4.0,2.0,2.0
2025-09-22,151.27078247070312,0.8154115924913597,0.811931764158199,99.35813446773795,101.33895233748677,XLI,資本財・サービス,value,Improving,4.0,2.0,3.0
2025-09-23,151.31033325195312,0.8146307116328861,0.812831413316428,99.46689776802643,101.29928704934703,XLI,資本財・サービス,value,Improving,4.0,2.0,2.0
2025-09-24,150.5292510986328,0.8123194992630725,0.8126607752986429,99.4282953336677,101.4353202900811,XLI,資本財・サービス,value,Improving,4.0,2.0,2.0
2025-09-25,149.5109100341797,0.8135217335784938,0.8129477613919265,99.45483312218292,101.3239642902819,XLI,資本財・サービス,value,Improving,5.0,2.0,1.0
2025-09-26,150.8555450439453,0.8127851467477846,0.812893556510546,99.44130322148462,100.89854585735713,XLI,資本財・サービス,value,Improving,5.0,1.0,-1.0
2025-09-29,151.32020568847656,0.8125739798907436,0.8127870309706119,99.42546969131743,100.40036294253925,XLI,資本財・サービス,value,Improving,5.0,1.0,-1.0
2025-09-30,152.4868621826172,0.8166805893998831,0.814084883780369,99.59999602157654,100.5323164610213,XLI,資本財・サービス,value,Improving,4.0,0.0,-2.0
2025-10-01,152.061767578125,0.812561968376559,0.8135772453124324,99.5178058802666,100.43616729132202,XLI,資本財・サービス,value,Improving,5.0,1.0,-1.0
2025-10-02,152.45721435546875,0.8127514825702065,0.8133019910650238,99.46927173380328,100.2767470807988,XLI,資本財・サービス,value,Improving,5.0,0.0,-2.0
2025-10-03,152.6648406982422,0.811007196898002,0.8125370596760166,99.35729157271841,100.07106660738431,XLI,資本財・サービス,value,Improving,5.0,0.0,-1.0
2025-10-06,153.376708984375,0.8150444963534332,0.8133728719018223,99.4719104771072,100.33538396889178,XLI,資本財・サービス,value,Improving,5.0,0.0,-1.0
2025-10-07,152.50665283203125,0.8139973975671806,0.8135810471236085,99.50003174270395,100.03341035348245,XLI,資本財・サービス,value,Improving,5.0,1.0,1.0
2025-10-08,153.8314971923828,0.8184030965450916,0.8151883969307695,99.72661652340122,100.67072496786774,XLI,資本財・サービス,value,Improving,5.0,0.0,-1.0
2025-10-09,151.55751037597656,0.8130318077407224,0.8144695338674205,99.62554330279279,100.56264890830768,XLI,資本財・サービス,value,Improving,5.0,0.0,0.0
2025-10-10,148.20579528808594,0.8133903194742818,0.8141097957363743,99.58219282465323,100.7060032317809,XLI,資本財・サービス,value,Improving,6.0,1.0,1.0
2025-10-13,149.74819946289062,0.8139410458048549,0.8140535457592013,99.58887769056004,100.49602493956485,XLI,資本財・サービス,value,Improving,6.0,1.0,1.0
2025-10-14,151.50807189941406,0.8167340764240834,0.8149470559808287,99.73325459853045,100.75346153476534,XLI,資本財・サービス,value,Improving,6.0,1.0,0.0
2025-10-15,150.87530517578125,0.8116864625312958,0.8138601914976512,99.59744395112438,100.00939360825792,XLI,資本財・サービス,value,Improving,6.0,1.0,1.0
2025-10-16,149.88661193847656,0.8140836164222806,0.8139346664725277,99.62971015853184,100.31346709206312,XLI,資本財・サービス,value,Improving,6.0,1.0,1.0
2025-10-17,150.01513671875,0.8106646261369755,0.8128446530273437,99.49234931849715,100.1229763640154,XLI,資本財・サービス,value,Improving,5.0,-1.0,-2.0
2025-10-20,151.78489685058594,0.8121075801551477,0.8125989620699451,99.47611655583458,100.07283034358191,XLI,資本財・サービス,value,Improving,5.0,-1.0,-2.0
2025-10-21,153.12953186035156,0.815565385559657,0.813587769899849,99.6425820743047,100.11781588654054,XLI,資本財・サービス,value,Improving,5.0,-1.0,-2.0
2025-10-22,151.1422576904297,0.8088823163758577,0.812019285391852,99.43013456287386,99.9492092273156,XLI,資本財・サービス,value,Lagging,5.0,-1.0,-2.0
2025-10-23,153.0306396484375,0.8151240089439987,0.8130541932425677,99.61015676377701,100.26975621423641,XLI,資本財・サービス,value,Improving,5.0,-1.0,-2.0
2025-10-24,153.15921020507812,0.8135909172333129,0.8132331012394828,99.66356925382844,100.68309451254662,XLI,資本財・サービス,value,Improving,5.0,0.0,1.0
2025-10-27,154.02923583984375,0.8145922705220447,0.8136861576670036,99.76072741096984,100.92489597673595,XLI,資本財・サービス,value,Improving,5.0,0.0,1.0
2025-10-28,152.93179321289062,0.8157951007223331,0.8143891386854467,99.90063552943552,100.85943430389888,XLI,資本財・サービス,value,Improving,6.0,1.0,2.0
2025-10-29,153.3272705078125,0.8271552763740502,0.8186445179149813,100.65045735961485,102.74159967852667,XLI,資本財・サービス,value,Leading,7.0,2.0,3.0
2025-10-30,152.9416961669922,0.8286390946003303,0.8219760434767642,101.27382112203058,103.2741155188076,XLI,資本財・サービス,value,Leading,9.0,4.0,5.0
2025-10-31,153.30751037597656,0.8288090122028561,0.8242536997187949,101.71336388336188,103.51032067324911,XLI,資本財・サービス,value,Leading,9.0,4.0,4.0
2025-11-03,152.6549530029297,0.8273060929051876,0.8252711641142592,101.92268453153685,103.30062737138894,XLI,資本財・サービス,value,Leading,10.0,5.0,5.0
2025-11-04,150.8851776123047,0.8231596428794405,0.8245673237026531,101.84184504230862,102.74143287378213,XLI,資本財・サービス,value,Leading,9.0,3.0,2.0
2025-11-05,151.468505859375,0.8215335501492544,0.8235560658515202,101.71692681680702,101.45830338563769,XLI,資本財・サービス,value,Leading,8.0,1.0,-1.0
2025-11-06,150.86541748046875,0.8240695154116361,0.8237272157048923,101.81433790246663,100.71389264095616,XLI,資本財・サービス,value,Leading,10.0,1.0,-3.0
2025-11-07,151.59707641601562,0.8211787154866499,0.822877715632145,101.72035253441449,99.97727111499732,XLI,資本財・サービス,value,Weakening,10.0,1.0,-3.0
2025-11-10,152.45721435546875,0.8211098955573409,0.822288442273877,101.6699870660857,99.62284413242753,XLI,資本財・サービス,value,Weakening,10.0,0.0,-5.0
2025-11-11,152.4967803955078,0.8166045104480788,0.8203937983319443,101.3061377639056,99.2324863432272,XLI,資本財・サービス,value,Weakening,9.0,0.0,-3.0
2025-11-12,152.6450958251953,0.8154646263779753,0.8187507410139546,100.96943459020247,98.93209128442355,XLI,資本財・サービス,value,Weakening,8.0,0.0,-1.0
2025-11-13,150.28208923339844,0.8120208329554468,0.8165074383277855,100.49402191518097,98.14841232869693,XLI,資本財・サービス,value,Weakening,7.0,-3.0,-4.0
2025-11-14,150.29196166992188,0.815065270370355,0.8160267156753087,100.39708181380723,98.14819040819393,XLI,資本財・サービス,value,Weakening,7.0,-3.0,-4.0
2025-11-17,148.81881713867188,0.8178149167145257,0.8166227826883812,100.52662011740554,98.37845259496872,XLI,資本財・サービス,value,Weakening,7.0,-3.0,-3.0
2025-11-18,148.15638732910156,0.8136904564868243,0.8156453406211956,100.31566330791246,98.58488396534466,XLI,資本財・サービス,value,Weakening,7.0,-2.0,-2.0
2025-11-19,148.65074157714844,0.8188845069797432,0.8167250627407117,100.54484709729662,99.35899537866773,XLI,資本財・サービス,value,Weakening,7.0,-1.0,-1.0
2025-11-20,146.15921020507812,0.815103187625484,0.8161844377023024,100.42061005219014,99.83725674159666,XLI,資本財・サービス,value,Weakening,8.0,1.0,4.0
2025-11-21,147.93887329101562,0.8091279284325705,0.8138322679457252,99.90821586736645,99.23888591327615,XLI,資本財・サービス,value,Lagging,6.0,-1.0,2.0
2025-11-24,148.3046875,0.8077804533057028,0.8118149963990511,99.48182109199571,98.48738629844014,XLI,資本財・サービス,value,Lagging,5.0,-2.0,1.0
2025-11-25,150.20298767089844,0.8066599639647141,0.8100966522542722,99.13136735661394,98.34837107340559,XLI,資本財・サービス,value,Lagging,3.0,-4.0,-2.0
2025-11-26,151.0730438232422,0.8057107045742959,0.8086346696942801,98.85206156061764,97.78163672434592,XLI,資本財・サービス,value,Lagging,2.0,-5.0,-4.0
2025-11-28,151.95298767089844,0.8060454597293791,0.8077715997059798,98.70566739240007,97.86797075278992,XLI,資本財・サービス,value,Lagging,3.0,-5.0,-6.0
2025-12-01,149.7284393310547,0.7997149988284553,0.8050860660801384,98.21048335687767,97.98912360371901,XLI,資本財・サービス,value,Lagging,1.0,-5.0,-4.0
2025-12-02,151.03347778320312,0.8074494184205361,0.8058738501936044,98.40831854652328,98.76809009373508,XLI,資本財・サービス,value,Lagging,2.0,-3.0,-1.0
2025-12-03,152.4671173095703,0.8089416272460751,0.8068964425444279,98.63426159736987,99.4608832845697,XLI,資本財・サービス,value,Lagging,2.0,-1.0,3.0
2025-12-04,153.258056640625,0.8128834144806897,0.8088920998565152,99.0253521776631,100.25677101224386,XLI,資本財・サービス,value,Improving,2.0,0.0,5.0
2025-12-05,152.83291625976562,0.8087285659103505,0.808837588541127,99.00603519726968,100.39470347001553,XLI,資本財・サービス,value,Improving,2.0,-1.0,4.0
2025-12-08,152.6450958251953,0.8126018671629045,0.8100923480817195,99.23689689245877,101.25015392614118,XLI,資本財・サービス,value,Improving,5.0,4.0,9.0
2025-12-09,151.52784729003906,0.8081786414239723,0.8094544458624704,99.0974187531992,100.81634314367636,XLI,資本財・サービス,value,Improving,4.0,2.0,5.0
2025-12-10,154.2961883544922,0.8115263416186379,0.8101450777811929,99.22340458151149,100.67818802837316,XLI,資本財・サービス,value,Improving,6.0,4.0,5.0
2025-12-11,155.9473114013672,0.8136396794438169,0.8113099450020675,99.44219061357494,100.4600479137086,XLI,資本財・サービス,value,Improving,7.0,5.0,5.0
2025-12-12,154.96852111816406,0.8140510457885313,0.8122236452642222,99.6171668267736,100.68556106862964,XLI,資本財・サービス,value,Improving,7.0,5.0,6.0
2025-12-15,155.2156982421875,0.8143390436458686,0.8129287780581044,99.75207554066577,100.56722265681763,XLI,資本財・サービス,value,Improving,8.0,3.0,-1.0
2025-12-16,154.2961883544922,0.8152402720167048,0.8136992760443045,99.89700800550006,100.89122051897179,XLI,資本財・サービス,value,Improving,8.0,4.0,2.0
2025-12-17,151.7947998046875,0.8041987025657903,0.8105324182181332,99.20047666784967,99.9073365276449,XLI,資本財・サービス,value,Lagging,4.0,-2.0,-6.0
2025-12-18,152.78347778320312,0.8077097877361725,0.809591541390813,98.99961203630069,99.42042599490071,XLI,資本財・サービス,value,Lagging,4.0,-3.0,-8.0
2025-12-19,154.0984649658203,0.8117049675410347,0.8102960167742204,99.1615825245726,99.42249810744465,XLI,資本財・サービス,value,Lagging,5.0,-2.0,-7.0
2025-12-22,155.80682373046875,0.8146652179057341,0.8117524171513917,99.48144626625145,99.65748500486518,XLI,資本財・サービス,value,Lagging,7.0,-1.0,-4.0
2025-12-23,155.74729919433594,0.8162518734826809,0.8132522359284882,99.80358485268572,99.8817285541583,XLI,資本財・サービス,value,Lagging,7.0,-1.0,-5.0
2025-12-24,156.25326538085938,0.8159456349334724,0.8141500355968163,99.99366874177342,100.93924715805608,XLI,資本財・サービス,value,Improving,7.0,3.0,5.0
2025-12-26,155.96556091308594,0.8142331170857325,0.8141777294264552,99.99524797555786,101.15704599694878,XLI,資本財・サービス,value,Improving,7.0,3.0,6.0
2025-12-29,155.62826538085938,0.8138156751405969,0.8140570446645025,99.96471682847154,100.90860999182732,XLI,資本財・サービス,value,Improving,6.0,1.0,3.0
2025-12-30,155.18182373046875,0.8127831255607366,0.8136324049632472,99.87424930406156,100.41965169377157,XLI,資本財・サービス,value,Improving,6.0,-1.0,0.0
2025-12-31,153.89210510253906,0.812970826880319,0.8134118789356044,99.82704105297985,99.98621776616743,XLI,資本財・サービス,value,Lagging,6.0,-1.0,0.0
2026-01-02,156.72946166992188,0.8223787683672525,0.8164008420794872,100.46342472705216,100.50192106764385,XLI,資本財・サービス,value,Leading,7.0,0.0,-3.0
2026-01-05,158.5846710205078,0.8244613020992775,0.8190876620860841,101.01481358859232,101.11572448183276,XLI,資本財・サービス,value,Leading,9.0,2.0,-1.0
2026-01-06,160.7375030517578,0.8256850366248514,0.8212867869323399,101.43585248877729,101.58102981290037,XLI,資本財・サービス,value,Leading,9.0,3.0,2.0
2026-01-07,157.71163940429688,0.8193332001572746,0.8206355913406516,101.25838701403514,101.43103355035183,XLI,資本財・サービス,value,Leading,9.0,3.0,4.0
2026-01-08,158.9021453857422,0.8185007315866218,0.8199239714226417,101.08387216854004,101.25354005965968,XLI,資本財・サービス,value,Leading,9.0,3.0,4.0
2026-01-09,160.64817810058594,0.8227204954965515,0.820856146113945,101.23956697553503,100.70843367842282,XLI,資本財・サービス,value,Leading,10.0,3.0,3.0
2026-01-12,161.87838745117188,0.8282661585048325,0.8233261502442409,101.6738610452733,100.57047560973083,XLI,資本財・サービス,value,Leading,10.0,1.0,-1.0
2026-01-13,162.7117156982422,0.8325299617020486,0.8263940873968436,102.15903401692646,100.6282856124357,XLI,資本財・サービス,value,Leading,10.0,1.0,-2.0
2026-01-14,162.96969604492188,0.8300727717734367,0.8276203155223747,102.25506326271936,100.9081885193449,XLI,資本財・サービス,value,Leading,10.0,1.0,-2.0
2026-01-15,164.46771240234375,0.8340087155527793,0.8297497821991763,102.46759306918459,101.28607963639396,XLI,資本財・サービス,value,Leading,10.0,1.0,-2.0
2026-01-16,165.578857421875,0.8417946368423159,0.8337647337468895,102.89238599216927,101.51774757275108,XLI,資本財・サービス,value,Leading,11.0,1.0,-2.0
2026-01-20,162.23553466796875,0.8372904257481422,0.8349399644139738,102.82638552754446,100.96359094972745,XLI,資本財・サービス,value,Leading,11.0,1.0,0.0
2026-01-21,165.0431365966797,0.8375982988253314,0.8358260758844265,102.72840908889792,100.34247110977545,XLI,資本財・サービス,value,Leading,11.0,1.0,0.0
2026-01-22,164.18994140625,0.8321832153826973,0.8346117890505168,102.39176002529896,99.88607606920775,XLI,資本財・サービス,value,Weakening,10.0,0.0,-1.0
2026-01-23,162.92007446289062,0.8294442682307913,0.8328892821106084,102.04734365104478,99.308934321652,XLI,資本財・サービス,value,Weakening,9.0,-1.0,-2.0
2026-01-26,163.07879638671875,0.8282937316468096,0.8313574319560089,101.76604266616336,98.61153056950828,XLI,資本財・サービス,value,Weakening,9.0,-2.0,-3.0
2026-01-27,163.75341796875,0.8330163650636153,0.8319104096585443,101.75720314286788,98.70854307158605,XLI,資本財・サービス,value,Weakening,9.0,-2.0,-3.0
2026-01-28,162.84071350097656,0.8311728821500853,0.8316645671557248,101.65603741236204,98.74365576206735,XLI,資本財・サービス,value,Weakening,9.0,-2.0,-3.0
2026-01-29,164.54710388183594,0.8387825993212273,0.8340372445442257,101.85696721810886,99.29719867108307,XLI,資本財・サービス,value,Weakening,9.0,-1.0,-1.0
2026-01-30,164.13043212890625,0.8385170938511902,0.8355305276465472,101.94022978434725,99.7424100803945,XLI,資本財・サービス,value,Weakening,9.0,0.0,1.0
2026-02-02,166.203857421875,0.8447598468838575,0.8386069673923174,102.17764177602919,100.28932661890009,XLI,資本財・サービス,value,Leading,9.0,0.0,2.0
2026-02-03,167.6027069091797,0.854143482119577,0.8437858056347374,102.57353002108484,100.74474077536777,XLI,資本財・サービス,value,Leading,9.0,0.0,2.0
2026-02-04,168.0491485595703,0.8490216830971566,0.8455310981222105,102.57881354086834,100.90717223559221,XLI,資本財・サービス,value,Leading,9.0,0.0,2.0
2026-02-05,167.03721618652344,0.8513045696292799,0.847455588624567,102.58524284477949,100.73809641037332,XLI,資本財・サービス,value,Leading,9.0,0.0,1.0
2026-02-06,171.80914306640625,0.8596065792439036,0.8515059188310127,102.74118487675325,100.82827960745124,XLI,資本財・サービス,value,Leading,9.0,0.0,0.0
2026-02-09,172.3250274658203,0.8616764150698665,0.854896084243964,102.79945458511285,100.62426987406239,XLI,資本財・サービス,value,Leading,9.0,0.0,0.0
2026-02-10,172.5333709716797,0.8596597640592687,0.8564839775157324,102.70792768550842,100.07280089387828,XLI,資本財・サービス,value,Leading,10.0,1.0,1.0
2026-02-11,173.4560089111328,0.8627276737898008,0.8585652096070885,102.65610220785807,100.00255532234928,XLI,資本財・サービス,value,Leading,10.0,1.0,1.0
2026-02-12,171.38253784179688,0.8637497636204057,0.8602933942781943,102.58219917081287,99.9020331979838,XLI,資本財・サービス,value,Weakening,9.0,0.0,0.0
2026-02-13,172.7913055419922,0.8619210782520191,0.8608359556028027,102.44564302830074,99.56021276905446,XLI,資本財・サービス,value,Weakening,9.0,0.0,0.0
2026-02-17,173.69412231445312,0.8679219359465596,0.8631979490507217,102.42881733093364,99.44706640044268,XLI,資本財・サービス,value,Weakening,10.0,1.0,1.0
2026-02-18,173.6544189453125,0.8632478541714991,0.8632145840909808,102.2838777178546,99.35596311039178,XLI,資本財・サービス,value,Weakening,11.0,1.0,0.0
2026-02-19,174.94412231445312,0.8714999607012598,0.8659763762944072,102.29962579511145,99.41193328753911,XLI,資本財・サービス,value,Weakening,11.0,1.0,0.0
2026-02-20,175.82708740234375,0.8718214145987931,0.8679247223958693,102.26755828167782,99.44235265914482,XLI,資本財・サービス,value,Weakening,11.0,2.0,2.0
2026-02-23,173.4460906982422,0.8695592604614241,0.8684695684177208,102.16888979625926,99.48473677847785,XLI,資本財・サービス,value,Weakening,11.0,2.0,2.0
2026-02-24,175.57907104492188,0.87328726447503,0.8700754671034907,102.13058584540963,99.46383849005835,XLI,資本財・サービス,value,Weakening,11.0,1.0,0.0
2026-02-25,174.20999145507812,0.8659671439904315,0.8687060260658044,101.9607251773256,99.42903820872999,XLI,資本財・サービス,value,Weakening,11.0,0.0,-1.0
2026-02-26,175.30128479003906,0.8664970058322106,0.8679696859879398,101.83841259022287,99.2395337589419,XLI,資本財・サービス,value,Weakening,11.0,0.0,-1.0
2026-02-27,175.73779296875,0.8676374957888082,0.8678589559215627,101.75618572575443,99.14999328658037,XLI,資本財・サービス,value,Weakening,10.0,-1.0,-3.0
2026-03-02,177.48387145996094,0.8778856657837683,0.871201192542298,101.83201312308286,99.31349652763659,XLI,資本財・サービス,value,Weakening,10.0,-1.0,-3.0
2026-03-03,174.05125427246094,0.8716001256514962,0.8713341702453641,101.7631611504758,99.20768977462917,XLI,資本財・サービス,value,Weakening,9.0,-2.0,-3.0
2026-03-04,174.57705688476562,0.870742905581505,0.8711370820240778,101.6882319299553,99.26778597256627,XLI,資本財・サービス,value,Weakening,8.0,-3.0,-3.0
2026-03-05,170.69801330566406,0.8613723543491628,0.8678821727991062,101.48859755455379,99.11743825814834,XLI,資本財・サービス,value,Weakening,8.0,-3.0,-3.0
2026-03-06,168.59478759765625,0.8610206072435893,0.8655949842806007,101.34118793992619,99.01619235852431,XLI,資本財・サービス,value,Weakening,8.0,-2.0,-1.0
2026-03-09,169.58688354492188,0.863646320811187,0.8649454297907961,101.2703358453599,98.82762141360021,XLI,資本財・サービス,value,Weakening,8.0,-2.0,-1.0
2026-03-10,168.67416381835938,0.86548800207575,0.8651262872191141,101.23860031904448,98.91246405314264,XLI,資本財・サービス,value,Weakening,8.0,-1.0,1.0
2026-03-11,168.1483612060547,0.8656429767519757,0.8652985170634013,101.20760296212416,99.00836783067678,XLI,資本財・サービス,value,Weakening,8.0,0.0,3.0
2026-03-12,163.93202209472656,0.8571936590267145,0.8625968977178391,101.05348058220031,99.10350986985422,XLI,資本財・サービス,value,Weakening,8.0,0.0,3.0
2026-03-13,163.34666442871094,0.8541769431709249,0.8597902462022011,100.89809820423969,99.1188376400467,XLI,資本財・サービス,value,Weakening,7.0,-1.0,1.0
2026-03-16,164.74551391601562,0.8551287869607608,0.8582364264550544,100.80063847342566,99.10540682303946,XLI,資本財・サービス,value,Weakening,7.0,-1.0,1.0
2026-03-17,165.18202209472656,0.8526275786674732,0.8563668105258607,100.68978159877062,99.02125790286809,XLI,資本財・サービス,value,Weakening,7.0,-1.0,0.0
2026-03-18,163.87246704101562,0.8571480107379487,0.8566272105965567,100.67697752651804,99.07574427319418,XLI,資本財・サービス,value,Weakening,7.0,-1.0,-1.0
2026-03-19,162.76132202148438,0.8519966283485977,0.8550836831805704,100.58077578634246,99.18611241998703,XLI,資本財・サービス,value,Weakening,7.0,-1.0,-1.0
2026-03-20,160.3902587890625,0.8521029676490087,0.8540901113367165,100.50966599718802,99.31868680759608,XLI,資本財・サービス,value,Weakening,7.0,0.0,1.0
2026-03-23,162.2138671875,0.8527007563084997,0.8536269929939777,100.46305941772034,99.38846337379896,XLI,資本財・サービス,value,Weakening,8.0,1.0,2.0
2026-03-24,163.1589813232422,0.8566410350205164,0.8546316736694906,100.48829987345131,99.57736804107537,XLI,資本財・サービス,value,Weakening,8.0,1.0,2.0
2026-03-25,164.25335693359375,0.8582281088810777,0.8558304854066863,100.5244427815787,99.64505007783931,XLI,資本財・サービス,value,Weakening,9.0,2.0,3.0
2026-03-26,160.4429931640625,0.8460842863067461,0.852581752373373,100.33250568829575,99.51059096317849,XLI,資本財・サービス,value,Weakening,8.0,1.0,2.0
2026-03-27,158.3835906982422,0.8468356373955797,0.8506663807141086,100.20601992471799,99.45234057101574,XLI,資本財・サービス,value,Weakening,6.0,-1.0,-1.0
2026-03-30,155.806884765625,0.8347861006547835,0.845372954027667,99.89134145708165,99.09094018944425,XLI,資本財・サービス,value,Lagging,6.0,-2.0,-3.0
2026-03-31,160.90061950683594,0.8447838550591857,0.8451765877048399,99.84894307036144,99.02304474298442,XLI,資本財・サービス,value,Lagging,6.0,-2.0,-3.0
2026-04-01,163.58677673339844,0.8561214653661966,0.8488248802586256,100.02551535355515,99.25206757564504,XLI,資本財・サービス,value,Weakening,6.0,-3.0,-5.0
2026-04-02,162.93016052246094,0.8502562563896877,0.8493020056356463,100.02081122393832,99.53549238613925,XLI,資本財・サービス,value,Weakening,6.0,-2.0,-3.0
2026-04-06,163.76585388183594,0.8509594281901229,0.8498544798204719,100.02286652407578,99.73814901514186,XLI,資本財・サービス,value,Weakening,6.0,0.0,1.0
2026-04-07,163.4375457763672,0.851140826886629,0.8502832621758577,100.01927531216216,100.22024349186822,XLI,資本財・サービス,value,Leading,7.0,1.0,3.0
2026-04-08,169.5659637451172,0.8631163660596534,0.8545609634704563,100.27034958194685,100.71142245450761,XLI,資本財・サービス,value,Leading,7.0,1.0,3.0
2026-04-09,171.30699157714844,0.8714501782018208,0.8601907017142445,100.62330436783122,101.03877657935881,XLI,資本財・サービス,value,Leading,7.0,1.0,4.0
2026-04-10,170.6404266357422,0.8743717873959195,0.8649177302748029,100.92925505110382,101.57326034743171,XLI,資本財・サービス,value,Leading,8.0,2.0,4.0
2026-04-13,171.84422302246094,0.8708857026133493,0.8669070543876518,101.05231500224798,101.74640923621861,XLI,資本財・サービス,value,Leading,9.0,3.0,3.0
2026-04-14,172.46104431152344,0.8703783606872985,0.8680641564875341,101.11717284433789,101.81505069161176,XLI,資本財・サービス,value,Leading,9.0,2.0,1.0
2026-04-15,170.3021697998047,0.8591816832686974,0.8651033320812552,100.87150438605396,101.03139210053946,XLI,資本財・サービス,value,Leading,8.0,1.0,0.0
2026-04-16,169.45652770996094,0.8510378743362512,0.860414846166254,100.48181564366803,99.87150006176356,XLI,資本財・サービス,value,Weakening,8.0,1.0,0.0
2026-04-17,172.62022399902344,0.8561731278902309,0.8590009400742463,100.34146972222679,99.15864089079321,XLI,資本財・サービス,value,Weakening,7.0,-1.0,-3.0
2026-04-20,173.00820922851562,0.8554027548784652,0.857801545008986,100.21537694097164,98.72095945400962,XLI,資本財・サービス,value,Weakening,7.0,-2.0,-5.0
2026-04-21,170.5608367919922,0.8485064964837218,0.8547031955005646,99.92216958840059,98.10617830237103,XLI,資本財・サービス,value,Lagging,6.0,-3.0,-5.0
2026-04-22,170.16287231445312,0.8469030434545534,0.852103144818561,99.66386936809629,98.15902259720976,XLI,資本財・サービス,value,Lagging,4.0,-4.0,-5.0
2026-04-23,173.17735290527344,0.8619487702781247,0.855385019971749,99.92644928454213,99.36986990692827,XLI,資本財・サービス,value,Lagging,7.0,-1.0,-2.0
2026-04-24,171.58555603027344,0.8558014004357916,0.8555238134597631,99.90227571194471,99.58254166314497,XLI,資本財・サービス,value,Lagging,6.0,-1.0,0.0
2026-04-27,171.62533569335938,0.8570178749752937,0.8560218339649401,99.90799274151382,99.79465170878781,XLI,資本財・サービス,value,Lagging,7.0,0.0,2.0
2026-04-28,170.1031951904297,0.8537750187310923,0.8552728955536575,99.78304636309036,100.08310440514668,XLI,資本財・サービス,value,Improving,4.0,-2.0,1.0
2026-04-29,169.05856323242188,0.8500136369861149,0.8535198093644767,99.52937030983345,100.06506620327947,XLI,資本財・サービス,value,Improving,4.0,0.0,4.0
2026-04-30,173.6847381591797,0.8602673232426445,0.8557689806571994,99.73003908222535,99.93318934403877,XLI,資本財・サービス,value,Lagging,5.0,-2.0,-1.0
2026-05-01,172.0730438232422,0.8548898852472886,0.8554759488538959,99.63339990390539,99.79595080126714,XLI,資本財・サービス,value,Lagging,5.0,-1.0,0.0
2026-05-04,170.1031951904297,0.8500489004378545,0.8536669327152155,99.33438067435827,99.22388787203003,XLI,資本財・サービス,value,Lagging,5.0,-2.0,-2.0
2026-05-05,171.52586364746094,0.8504103805101713,0.8525814153135343,99.1434594098264,99.11623573456154,XLI,資本財・サービス,value,Lagging,5.0,1.0,3.0
2026-05-06,175.96298217773438,0.8655526279920043,0.8569051528730244,99.71667133313761,100.84872679101889,XLI,資本財・サービス,value,Improving,7.0,3.0,3.0
2026-05-07,173.10769653320312,0.8569880212041494,0.8569327756500661,99.69228039668981,100.41305830816337,XLI,資本財・サービス,value,Improving,7.0,2.0,4.0
2026-05-08,172.3118133544922,0.8507072787782919,0.8548576100261414,99.37416426911595,99.96623491280651,XLI,資本財・サービス,value,Lagging,7.0,2.0,3.0
2026-05-11,174.14236450195312,0.8602083447021853,0.8566411882514895,99.63408456805385,101.27196499630675,XLI,資本財・サービス,value,Improving,8.0,3.0,5.0
2026-05-12,173.45591735839844,0.8575742995228559,0.856952225341945,99.67912218294941,101.76837577681118,XLI,資本財・サービス,value,Improving,8.0,3.0,2.0
2026-05-13,172.72964477539062,0.857729151952874,0.8572112008789214,99.72102566698231,100.56553716900513,XLI,資本財・サービス,value,Improving,8.0,1.0,-2.0
2026-05-14,173.61508178710938,0.8589934303604619,0.8578052773727683,99.81526397286231,100.82818778691697,XLI,資本財・サービス,value,Improving,8.0,1.0,-1.0
2026-05-15,170.52102661132812,0.8524751207148507,0.8560285584867958,99.5627862837693,100.95254416096661,XLI,資本財・サービス,value,Improving,7.0,0.0,-2.0
2026-05-18,169.87437438964844,0.8440497452320713,0.852035620735221,99.00082553724799,99.1170814174368,XLI,資本財・サービス,value,Lagging,4.0,-4.0,-7.0
2026-05-19,167.8746795654297,0.8389956731058504,0.8476889715254308,98.42218496268534,97.83583711486871,XLI,資本財・サービス,value,Lagging,3.0,-5.0,-8.0
2026-05-20,169.85447692871094,0.8396861936222042,0.8450213788910219,98.1211504470598,97.31322983365884,XLI,資本財・サービス,value,Lagging,3.0,-5.0,-6.0
2026-05-21,169.65550231933594,0.8350971062797317,0.8417132880205919,97.7694523919829,96.78057707725303,XLI,資本財・サービス,value,Lagging,2.0,-6.0,-7.0
2026-05-22,170.88914489746094,0.8335550809656724,0.838993885668952,97.54191031275859,97.10059426988454,XLI,資本財・サービス,value,Lagging,2.0,-5.0,-5.0
2026-05-26,173.4061737060547,0.8415146237950617,0.8398341317109888,97.76043802591403,98.49099579075346,XLI,資本財・サービス,value,Lagging,2.0,-2.0,2.0
2026-05-27,173.4061737060547,0.8421229267783727,0.8405970634001168,97.9511213024287,99.78699264879197,XLI,資本財・サービス,value,Lagging,3.0,0.0,5.0
2026-05-28,172.9087371826172,0.8366427432099152,0.8392789566700496,97.88094632017899,100.16867413973627,XLI,資本財・サービス,value,Improving,3.0,0.0,5.0
2026-05-29,172.24217224121094,0.8311027880221146,0.836553567120738,97.66336858082784,100.38284488828424,XLI,資本財・サービス,value,Improving,3.0,1.0,7.0
2026-06-01,171.5159149169922,0.8260951589748203,0.8330674310720988,97.38042822449545,100.2850246569613,XLI,資本財・サービス,value,Improving,2.0,0.0,5.0
2026-06-02,173.29673767089844,0.8313741281851251,0.832502996776441,97.44659175494007,100.02810124486089,XLI,資本財・サービス,value,Improving,4.0,2.0,4.0
2026-06-03,173.15745544433594,0.8338421380540889,0.8329493772023236,97.60831857046036,99.98141341363473,XLI,資本財・サービス,value,Lagging,4.0,1.0,1.0
2026-06-04,175.2566375732422,0.8376260601214635,0.8345082715087037,97.88268751498111,100.54852077836628,XLI,資本財・サービス,value,Improving,6.0,3.0,3.0
2026-06-05,173.28677368164062,0.8401663624569726,0.8363943018247935,98.1711053393378,101.3501292329647,XLI,資本財・サービス,value,Improving,6.0,3.0,2.0
2026-06-08,172.73960876464844,0.8384010051928198,0.8370632029474689,98.30980126378013,101.94549817832186,XLI,資本財・サービス,value,Improving,6.0,4.0,4.0
2026-06-09,174.6995086669922,0.8415092517377603,0.8385452192108994,98.52367855331819,102.06706427140794,XLI,資本財・サービス,value,Improving,6.0,2.0,0.0
2026-06-10,168.7899627685547,0.8235151749410252,0.8335352044542748,98.04655921470233,101.05007284750242,XLI,資本財・サービス,value,Improving,4.0,0.0,-1.0
2026-06-11,174.25180053710938,0.8371117265042773,0.8347273784709424,98.2492656435628,100.91518382902512,XLI,資本財・サービス,value,Improving,4.0,-2.0,-5.0
2026-06-12,175.2765350341797,0.8344756022673886,0.8346434530697578,98.31093542925069,100.5552582388204,XLI,資本財・サービス,value,Improving,3.0,-3.0,-6.0
2026-06-15,177.76368713378906,0.841426745865804,0.8369045506684399,98.6039279324201,100.76826765821689,XLI,資本財・サービス,value,Improving,5.0,-1.0,-5.0
2026-06-16,178.92771911621094,0.8497707739234404,0.8411932917534402,99.08675397265186,101.13857100617578,XLI,資本財・サービス,value,Improving,7.0,1.0,-1.0
2026-06-17,178.6790008544922,0.8615017205157339,0.8479627680075381,99.81539274360077,102.71722359628073,XLI,資本財・サービス,value,Improving,9.0,5.0,5.0
2026-06-18,179.98228454589844,0.8637763735759976,0.8532339698636914,100.37790098273508,102.93819899256445,XLI,資本財・サービス,value,Leading,10.0,6.0,8.0
2026-06-22,181.3126983642578,0.8682517635197456,0.8582399010823761,100.89804554652748,103.17844503307315,XLI,資本財・サービス,value,Leading,10.0,7.0,10.0
2026-06-23,177.67247009277344,0.8537523935832465,0.856744065249333,100.7325408039836,102.45457837769032,XLI,資本財・サービス,value,Leading,10.0,5.0,6.0
2026-06-24,179.7269744873047,0.8575081478506834,0.8569987594497832,100.75349766013399,101.84317084465408,XLI,資本財・サービス,value,Leading,10.0,3.0,2.0
2026-06-25,183.62648010253906,0.8704450015077453,0.8614808401357706,101.2044268881976,101.48236037888091,XLI,資本財・サービス,value,Leading,11.0,2.0,-3.0
2026-06-26,180.7143096923828,0.8625058543421468,0.861822511537896,101.21070072938001,100.8559134360037,XLI,資本財・サービス,value,Leading,11.0,1.0,-5.0
2026-06-29,182.27012634277344,0.858743362853489,0.8607961286430937,101.07808210023879,100.14358587677825,XLI,資本財・サービス,value,Leading,11.0,1.0,-6.0
2026-06-30,184.73350524902344,0.8714946059121172,0.8643622877327684,101.39125894366164,100.63957493782782,XLI,資本財・サービス,value,Leading,11.0,1.0,-4.0
2026-07-01,182.86851501464844,0.8601092089071775,0.8629445947909048,101.20852133507452,100.40218358373986,XLI,資本財・サービス,value,Leading,11.0,1.0,-2.0
2026-07-02,183.41705322265625,0.8566679290555502,0.86085237287912,100.97382621226295,99.6536386803521,XLI,資本財・サービス,value,Weakening,10.0,-1.0,-3.0
2026-07-06,185.0626220703125,0.8639919734841164,0.8618989064141189,101.04817456723163,99.72476535627553,XLI,資本財・サービス,value,Weakening,10.0,-1.0,-2.0
2026-07-07,181.89114379882812,0.8502531946679867,0.8580170024987415,100.65300172172942,99.4444505640987,XLI,資本財・サービス,value,Weakening,9.0,-2.0,-3.0
2026-07-08,179.9364013671875,0.8511440915908438,0.8557260321961089,100.42031826579905,98.88249396616149,XLI,資本財・サービス,value,Weakening,9.0,-2.0,-3.0
2026-07-09,180.62454223632812,0.8491967237364682,0.8535495960428954,100.20976698297981,98.88698563287868,XLI,資本財・サービス,value,Weakening,8.0,-3.0,-4.0
2026-07-10,181.432373046875,0.8498104242708392,0.85230320545221,100.10100788799969,99.05029769517918,XLI,資本財・サービス,value,Weakening,8.0,-2.0,-1.0
2026-07-13,179.8865203857422,0.8428451614937343,0.8491505241327182,99.81350154021659,98.71135675871231,XLI,資本財・サービス,value,Lagging,8.0,-2.0,-1.0
2026-07-14,179.96630859375,0.8463002985087907,0.8482004489247424,99.74328664295743,99.08312611586719,XLI,資本財・サービス,value,Lagging,8.0,-1.0,1.0
2026-07-15,179.57736206054688,0.8463745315152161,0.8475918097882338,99.7071117997955,99.31541864481366,XLI,資本財・サービス,value,Lagging,8.0,-1.0,1.0
2026-07-16,179.6671142578125,0.8385682016831524,0.8445839404198734,99.41781224167843,99.25539817813686,XLI,資本財・サービス,value,Lagging,8.0,0.0,3.0
2026-07-17,178.92910766601562,0.841738275291525,0.8436353853770906,99.34130867671672,99.30294138371175,XLI,資本財・サービス,value,Lagging,7.0,-1.0,1.0
2026-07-20,177.64256286621094,0.8394233797562107,0.842231383503464,99.21765550725993,99.4767859918112,XLI,資本財・サービス,value,Lagging,5.0,-3.0,-1.0
2026-07-21,178.18112182617188,0.8406228048187553,0.8416951906085612,99.18683474247142,99.5123380426793,XLI,資本財・サービス,value,Lagging,6.0,-2.0,-1.0
2026-07-22,178.37060546875,0.841754105638207,0.8417148289517765,99.21286148935468,99.56241209252639,XLI,資本財・サービス,value,Lagging,5.0,-3.0,-2.0
2026-07-23,181.45233154296875,0.8594489106903556,0.8476261895313029,99.8519813609872,100.53619056904272,XLI,資本財・サービス,value,Improving,8.0,0.0,0.0
2026-07-24,182.17039489746094,0.8561837731033064,0.8504787173886375,100.16590112646463,100.9311358921705,XLI,資本財・サービス,value,Leading,8.0,1.0,2.0
2026-07-27,182.7089385986328,0.8522899305833596,0.8510824551202115,100.23912186721395,101.10885875039206,XLI,資本財・サービス,value,Leading,9.0,4.0,7.0
2026-07-28,182.0008544921875,0.8391979092534672,0.8471209398312969,99.82688329218806,100.6828201010642,XLI,資本財・サービス,value,Improving,7.0,1.0,3.0
2026-07-29,176.1864776611328,0.819768997599242,0.8380036257539454,98.877140944539,99.64614288566081,XLI,資本財・サービス,value,Lagging,4.0,-1.0,2.0
2026-07-30,177.91183471679688,0.8291419800652583,0.8350497438577165,98.61014823821085,98.71709720086591,XLI,資本財・サービス,value,Lagging,3.0,-5.0,-5.0
2026-07-31,179.3579559326172,0.8373199528199134,0.8358064801784488,98.73410050802069,98.56262605742573,XLI,資本財・サービス,value,Lagging,5.0,-3.0,-4.0
2026-08-03,182.66905212402344,0.8445290191620782,0.838713993172992,99.06973780017253,98.86034678749341,XLI,資本財・サービス,value,Lagging,6.0,-3.0,-7.0
2026-08-04,185.90036010742188,0.8472921827425006,0.8415733896961616,99.39004641133393,99.60688389515761,XLI,資本財・サービス,value,Lagging,8.0,1.0,0.0
2026-08-05,185.8505096435547,0.8489924717861012,0.8440464170594748,99.66360348346608,100.83376097419688,XLI,資本財・サービス,value,Improving,8.0,4.0,5.0
2026-08-06,184.26475524902344,0.8461771367173108,0.8447566569454201,99.75667972794284,101.1728520420144,XLI,資本財・サービス,value,Improving,9.0,6.0,11.0
2026-08-07,184.6836395263672,0.8422820996420132,0.8439318045109512,99.6884983679239,100.95570990069281,XLI,資本財・サービス,value,Improving,9.0,4.0,7.0
2026-08-10,184.10519409179688,0.8391483270959204,0.8423373120392743,99.5372185221367,100.4556472858595,XLI,資本財・サービス,value,Improving,8.0,2.0,5.0
2026-08-11,185.20223999023438,0.842350848363489,0.8423418241473459,99.55859482290023,100.15856548865241,XLI,資本財・サービス,value,Improving,8.0,0.0,-1.0
2026-08-12,185.38177490234375,0.8416800374659494,0.8421212285868805,99.55615236315235,99.89213934417327,XLI,資本財・サービス,value,Lagging,8.0,0.0,-4.0
2026-08-13,185.2919921875,0.8350402199286777,0.8397608923674797,99.32291189053532,99.5722413897562,XLI,資本財・サービス,value,Lagging,7.0,-2.0,-8.0
2026-08-14,186.01007080078125,0.8381257854621531,0.839215856732371,99.2882025151872,99.61452722502536,XLI,資本財・サービス,value,Lagging,7.0,-2.0,-6.0
2026-08-17,185.82058715820312,0.8447805331828472,0.8410707488825298,99.51665107272458,99.99799744175641,XLI,資本財・サービス,value,Lagging,7.0,-1.0,-3.0
2026-08-18,183.0779571533203,0.8360987622833526,0.8394134200161374,99.35222784393311,99.80459710261626,XLI,資本財・サービス,value,Lagging,7.0,-1.0,-1.0
2026-08-19,181.46229553222656,0.8202116713904153,0.8330128371408967,98.67708246233806,99.11724336059645,XLI,資本財・サービス,value,Lagging,3.0,-5.0,-5.0
2026-08-20,179.28814697265625,0.8169696892160091,0.8276651211659343,98.16713555557149,98.8184508086309,XLI,資本財・サービス,value,Lagging,2.0,-5.0,-3.0
2026-08-21,179.76686096191406,0.8140145613603187,0.8231149345640625,97.79936559478794,98.44322834208317,XLI,資本財・サービス,value,Lagging,1.0,-6.0,-4.0
2026-08-24,178.52020263671875,0.807422420125084,0.8178840964177363,97.43597334671603,97.83417422479756,XLI,資本財・サービス,value,Lagging,1.0,-6.0,-5.0
2026-08-25,177.92181396484375,0.8052965397747752,0.813688244203416,97.24940588414911,97.87783717081474,XLI,資本財・サービス,value,Lagging,1.0,-6.0,-5.0
2026-08-26,179.8566131591797,0.8128075977908504,0.8133946953992275,97.41477063358413,98.75445589420393,XLI,資本財・サービス,value,Lagging,1.0,-2.0,3.0
2026-08-27,178.32073974609375,0.8082684647756625,0.8116859518580392,97.44979727120261,99.3095811772228,XLI,資本財・サービス,value,Lagging,1.0,-1.0,4.0
2026-08-28,176.66519165039062,0.8035219988205964,0.8089646341788916,97.41152698163177,99.64282588684524,XLI,資本財・サービス,value,Lagging,1.0,0.0,6.0
2026-08-31,174.66058349609375,0.7991117626316322,0.8056803436631386,97.34623194127364,99.9385218271016,XLI,資本財・サービス,value,Lagging,1.0,0.0,6.0
2026-09-01,172.2670135498047,0.794680646483713,0.8020137779366634,97.28268201997683,100.05558115270678,XLI,資本財・サービス,value,Improving,1.0,0.0,6.0
2026-09-02,172.31687927246094,0.7912379173404557,0.7984218244045942,97.25210238203363,99.85737413622834,XLI,資本財・サービス,value,Lagging,1.0,0.0,2.0
2026-09-03,174.09210205078125,0.7941218293819579,0.7969884927303822,97.35918464956411,99.93069127035595,XLI,資本財・サービス,value,Lagging,1.0,0.0,1.0
2026-09-04,174.80020141601562,0.8011747414228881,0.7983839089612176,97.60176105355762,100.21617353845193,XLI,資本財・サービス,value,Improving,1.0,0.0,0.0
2026-09-08,173.95248413085938,0.8056400563488336,0.8008026247570896,97.86046009720606,100.5492067069975,XLI,資本財・サービス,value,Improving,1.0,0.0,0.0
2026-09-09,171.32952880859375,0.8012185555712303,0.8009412683618032,97.97342214363412,100.73687046084915,XLI,資本財・サービス,value,Improving,1.0,0.0,0.0
2026-09-10,170.0928497314453,0.8009204919790154,0.8009343429008741,98.06233976804177,100.84817389653206,XLI,資本財・サービス,value,Improving,1.0,0.0,0.0
2026-09-11,171.90797424316406,0.803063158168606,0.8016439479901181,98.17819223992906,100.8458950551299,XLI,資本財・サービス,value,Improving,1.0,0.0,0.0
2026-09-14,169.47450256347656,0.7911797486359646,0.7981558815387337,98.08961512727448,100.50781475186139,XLI,資本財・サービス,value,Improving,1.0,0.0,0.0
2026-09-15,168.3974151611328,0.7900093861143348,0.7954403830639342,98.05163803188071,100.21303816771749,XLI,資本財・サービス,value,Improving,1.0,0.0,0.0
2026-09-16,168.25779724121094,0.7956014491608623,0.7954940717629103,98.14281670941497,100.19799833488112,XLI,資本財・サービス,value,Improving,1.0,0.0,0.0
2026-09-17,168.55697631835938,0.7931676098137075,0.7947185844465094,98.1914295256223,100.18871984570829,XLI,資本財・サービス,value,Improving,1.0,0.0,0.0
2026-09-18,169.2949981689453,0.8004681059953237,0.7966350916294476,98.34739612225462,100.27346593568763,XLI,資本財・サービス,value,Improving,1.0,0.0,0.0
2026-09-21,169.97999572753906,0.7992288959058977,0.797499693054931,98.44504447510529,100.54883073598256,XLI,資本財・サービス,value,Improving,1.0,0.0,0.0
2026-09-22,170.27000427246094,0.8001409860461675,0.7983801240520099,98.53734833215138,100.76913052522106,XLI,資本財・サービス,value,Improving,1.0,0.0,0.0
2026-09-23,170.10000610351562,0.8049785058387922,0.800579584647604,98.67862198168899,100.88232079383664,XLI,資本財・サービス,value,Improving,3.0,2.0,2.0
2026-09-24,168.8300018310547,0.8029582718626282,0.8013724803859454,98.7524468020397,100.95408876586245,XLI,資本財・サービス,value,Improving,3.0,2.0,2.0
2026-09-25,170.42999267578125,0.8073042119418401,0.8033497242379104,98.87291600238588,100.92111592880767,XLI,資本財・サービス,value,Improving,4.0,3.0,3.0
2026-09-28,170.42999267578125,0.8073042119418401,0.804667886805887,98.96230237732154,100.89904735667426,XLI,資本財・サービス,value,Improving,5.0,4.0,4.0
2024-09-30,46.40788269042969,0.2676089067495031,0.2676089067495031,,,XLB,素材,value,,,,
2024-10-01,46.29232406616211,0.26836552443028094,0.26786111264309576,,,XLB,素材,value,,,,
2024-10-02,46.11416244506836,0.267618017752839,0.2677800810130102,,,XLB,素材,value,,,,
2024-10-03,45.603763580322266,0.2659107557039536,0.26715697257665805,,,XLB,素材,value,,,,
2024-10-04,45.825260162353516,0.26512230991546504,0.26647875168959373,,,XLB,素材,value,,,,
2024-10-07,45.6904411315918,0.2664161634017208,0.2664578889269694,,,XLB,素材,value,,,,
2024-10-08,45.478572845458984,0.2645536124968334,0.2658231301169241,,,XLB,素材,value,,,,
2024-10-09,45.76748275756836,0.26441782229400895,0.26535469417595237,,,XLB,素材,value,,,,
2024-10-10,45.87340545654297,0.26602658319539535,0.2655786571824334,,,XLB,素材,value,,,,
2024-10-11,46.17194747924805,0.26515321259594954,0.2654368423202721,,,XLB,素材,value,,,,
2024-10-14,46.4367790222168,0.26473161187541,0.26520176550531804,,,XLB,素材,value,,,,
2024-10-15,46.38862228393555,0.2656591563360954,0.26535422911557716,,,XLB,素材,value,,,,
2024-10-16,46.749755859375,0.26592891265360735,0.2655457902949206,,,XLB,素材,value,,,,
2024-10-17,46.82197952270508,0.2667656738648903,0.26595241815157716,,,XLB,素材,value,,,,
2024-10-18,47.0097770690918,0.2670404641572977,0.26631510015348403,,,XLB,素材,value,,,,
2024-10-21,46.64863586425781,0.26726673275267515,0.26663231101988105,,,XLB,素材,value,,,,
2024-10-22,46.220096588134766,0.2660063943467982,0.26642367212885343,,,XLB,素材,value,,,,
2024-10-23,46.09490966796875,0.2661607202722792,0.26633602150999536,,,XLB,素材,value,,,,
2024-10-24,45.53153610229492,0.2628488944763722,0.265173645832121,,,XLB,素材,value,,,,
2024-10-25,45.24263381958008,0.2624275596704217,0.26425828377822125,,,XLB,素材,value,,,,
2024-10-28,45.61820983886719,0.2631140293246904,0.2638768656270443,,,XLB,素材,value,,,,
2024-10-29,45.324493408203125,0.26221042203065204,0.26332138442824693,,,XLB,素材,value,,,,
2024-10-30,45.5700569152832,0.2642080841777317,0.26361695101140853,,,XLB,素材,value,,,,
2024-10-31,44.96817398071289,0.2635284330193086,0.2635874450140419,,,XLB,素材,value,,,,
2024-11-01,44.842979431152344,0.26263085052202584,0.2632685801833699,,,XLB,素材,value,,,,
2024-11-04,45.040401458740234,0.2634734377884199,0.2633368660517199,,,XLB,素材,value,,,,
2024-11-05,45.10781478881836,0.2608254970019305,0.26249974303512347,,,XLB,素材,value,,,,
2024-11-06,45.72895812988281,0.25830180795311825,0.2611004313411217,,,XLB,素材,value,,,,
2024-11-07,45.9071159362793,0.2590532009151253,0.26041802119912294,,,XLB,素材,value,,,,
2024-11-08,45.48820114135742,0.2552670893496326,0.2587010439159595,,,XLB,素材,value,,,,
2024-11-11,45.29079055786133,0.25289545016450854,0.2567658459988092,,,XLB,素材,value,,,,
2024-11-12,44.52036666870117,0.25050262592370953,0.254678105973776,,,XLB,素材,value,,,,
2024-11-13,44.62630081176758,0.25096199275867853,0.2534394015687435,,,XLB,素材,value,,,,
2024-11-14,44.26035690307617,0.2509117961417332,0.2525968664264068,,,XLB,素材,value,,,,
2024-11-15,43.95219039916992,0.25095493885673065,0.25204955723651473,,,XLB,素材,value,,,,
2024-11-18,44.29405975341797,0.2518907060978981,0.2519966068569759,,,XLB,素材,value,,,,
2024-11-19,44.14961242675781,0.2517482973818739,0.2519138370319419,,,XLB,素材,value,,,,
2024-11-20,44.510738372802734,0.25295580624805375,0.2522611601039792,,,XLB,素材,value,,,,
2024-11-21,45.054847717285156,0.2528627074511792,0.25246167588637924,,,XLB,素材,value,,,,
2024-11-22,45.30522918701172,0.2522806916774711,0.2524013478167432,,,XLB,素材,value,,,,
2024-11-25,45.77229309082031,0.25259424751286197,0.2524656477154495,,,XLB,素材,value,,,,
2024-11-26,45.430416107177734,0.2506808135444007,0.25187070299176656,,,XLB,素材,value,,,,
2024-11-27,45.40634536743164,0.2507891334466081,0.2515101798100471,,,XLB,素材,value,,,,
2024-11-29,45.63747024536133,0.2512998977877539,0.251440085802616,,,XLB,素材,value,,,,
2024-12-02,45.608577728271484,0.25177149537508386,0.2515505556601053,,,XLB,素材,value,,,,
2024-12-03,45.46412658691406,0.25209209729221166,0.2517310695374741,,,XLB,素材,value,,,,
2024-12-04,45.02113723754883,0.24962239445192055,0.2510281778422896,,,XLB,素材,value,,,,
2024-12-05,44.42887496948242,0.24757426698925028,0.24987687422460983,,,XLB,素材,value,,,,
2024-12-06,44.25553894042969,0.2468879915298141,0.24888057999301127,,,XLB,素材,value,,,,
2024-12-09,44.24591064453125,0.24785141872863342,0.24853752623821868,,,XLB,素材,value,,,,
2024-12-10,43.79328536987305,0.24682825454151722,0.24796776900598488,,,XLB,素材,value,,,,
2024-12-11,43.63920974731445,0.24573199143631597,0.24722250981609525,,,XLB,素材,value,,,,
2024-12-12,43.335853576660156,0.24491816064385932,0.24645439342534997,,,XLB,素材,value,,,,
2024-12-13,42.965091705322266,0.24367589471543485,0.2455282271887116,,,XLB,素材,value,,,,
2024-12-16,42.58469772338867,0.24231668013482688,0.24445771150408335,,,XLB,素材,value,,,,
2024-12-17,42.348758697509766,0.24288708745522938,0.2439341701544654,,,XLB,素材,value,,,,
2024-12-18,41.14498519897461,0.24317861009809652,0.24368231680234245,,,XLB,素材,value,,,,
2024-12-19,40.701995849609375,0.24136126346108291,0.24290863235525595,,,XLB,素材,value,,,,
2024-12-20,41.207584381103516,0.24098430485210445,0.24226718985420545,,,XLB,素材,value,,,,
2024-12-23,41.17563247680664,0.24046961098261543,0.2416679968970088,,,XLB,素材,value,,,,
2024-12-24,41.39828109741211,0.23995946985777966,0.24109848788393243,,,XLB,素材,value,,,,
2024-12-26,41.33536148071289,0.23920419420600395,0.24046705665795626,,,XLB,素材,value,,,,
2024-12-27,41.11272048950195,0.23954507596751518,0.24015972976114258,98.17830910380678,,XLB,素材,value,,2.0,,
2024-12-30,40.560935974121094,0.23873512486660856,0.23968486146296458,98.20045460147448,,XLB,素材,value,,1.0,,
2024-12-31,40.72549819946289,0.2392659660652953,0.23954522966374148,98.25443352566502,,XLB,素材,value,,1.0,,
2025-01-02,40.275360107421875,0.23731205428455499,0.23880083787067932,98.2428175234377,,XLB,素材,value,,2.0,,
2025-01-03,40.26567840576172,0.2351020524165423,0.237567909385967,98.18502430948587,,XLB,素材,value,,1.0,,
2025-01-06,40.53672790527344,0.23684584031477512,0.23732721969556972,98.23173869609606,,XLB,素材,value,,2.0,0.0,
2025-01-07,40.51252746582031,0.23749973387796958,0.23738472442303635,98.30366758779803,,XLB,素材,value,,2.0,1.0,
2025-01-08,40.73517608642578,0.23851969715664653,0.23776304866757308,98.40238704765248,,XLB,素材,value,,2.0,1.0,
2025-01-10,40.31892776489258,0.23958447616931955,0.23837019116815528,98.51727751104765,,XLB,素材,value,,2.0,0.0,
2025-01-13,41.21919631958008,0.24294286617481672,0.23989441617037577,98.7150954758287,,XLB,素材,value,,2.0,1.0,
2025-01-14,41.732261657714844,0.24399723543630378,0.2412620225923518,98.88998715085225,,XLB,素材,value,,3.0,1.0,1.0
2025-01-15,42.12915802001953,0.24397609844523782,0.24216671454331382,99.01399085534176,,XLB,素材,value,,3.0,1.0,0.0
2025-01-16,42.4776496887207,0.2440721342394645,0.24280185444203073,99.10816029732477,,XLB,素材,value,,3.0,1.0,0.0
2025-01-17,42.753543853759766,0.24447029083007893,0.24335799990471346,99.1929766681335,,XLB,素材,value,,3.0,1.0,1.0
2025-01-21,43.30048751831055,0.24475655193280466,0.2438241839140772,99.26776835592317,,XLB,素材,value,,3.0,1.0,0.0
2025-01-22,42.951995849609375,0.24364282155653627,0.2437637297948969,99.28568587742909,,XLB,素材,value,,3.0,0.0,-1.0
2025-01-23,43.18916702270508,0.24383275549179187,0.24378673836052855,99.3121029520614,,XLB,素材,value,,3.0,0.0,-1.0
2025-01-24,43.07783889770508,0.24341782724473174,0.2436637679885963,99.32168447144677,,XLB,素材,value,,3.0,0.0,-1.0
2025-01-27,43.10204315185547,0.24339426428422978,0.24357393342047412,99.3343073566411,,XLB,素材,value,,3.0,0.0,-1.0
2025-01-28,42.96167755126953,0.24380521536367725,0.24365102740154185,99.3670331068054,,XLB,素材,value,,4.0,1.0,0.0
2025-01-29,42.88422775268555,0.24417331604070372,0.2438251236145958,99.41230887259297,,XLB,素材,value,,4.0,1.0,1.0
2025-01-30,43.29080581665039,0.2438849870471577,0.24384507809211642,99.43870453878688,,XLB,素材,value,,5.0,2.0,2.0
2025-01-31,42.976192474365234,0.24411635000742363,0.2439355020638855,99.47465665959919,,XLB,素材,value,,6.0,3.0,3.0
2025-02-03,43.01975631713867,0.2457059413432912,0.24452564849035408,99.57970729298206,,XLB,素材,value,,5.0,2.0,2.0
2025-02-04,43.14560317993164,0.24612430782739972,0.24505853493603597,99.6821752280784,,XLB,素材,value,,6.0,2.0,1.0
2025-02-05,43.11172103881836,0.24473763833879453,0.24495156940362217,99.69522796548756,,XLB,素材,value,,6.0,2.0,1.0
2025-02-06,43.26176834106445,0.24591489612683615,0.24527267831136018,99.77635869540516,,XLB,素材,value,,6.0,1.0,-1.0
2025-02-07,42.73418426513672,0.24411554049583925,0.24488696570618657,99.74539717629564,,XLB,素材,value,,4.0,-2.0,-5.0
2025-02-10,42.951995849609375,0.24466739069875182,0.2448137740370417,99.76461458838688,,XLB,素材,value,,2.0,-3.0,-5.0
2025-02-11,43.20368576049805,0.2460738641341152,0.24523380406939954,99.8766786968277,,XLB,素材,value,,1.0,-5.0,-7.0
2025-02-12,42.89391326904297,0.2457370098397239,0.24540153932617434,99.94615064851153,,XLB,素材,value,,2.0,-4.0,-6.0
2025-02-13,43.639305114746094,0.24785566101851206,0.24621957989028692,100.1499735451314,,XLB,素材,value,,3.0,-3.0,-4.0
2025-02-14,43.4892578125,0.24724894309567977,0.2465627009587512,100.25642372666924,,XLB,素材,value,,5.0,1.0,3.0
2025-02-18,44.04104232788086,0.24847866449961478,0.24720135547237243,100.42560052574137,,XLB,素材,value,,5.0,3.0,6.0
2025-02-19,43.523136138916016,0.24505974740479136,0.2464874861165121,100.2955184282802,,XLB,素材,value,,5.0,4.0,9.0
2025-02-20,43.42148971557617,0.24510402751822064,0.24602633325041495,100.21727564345211,,XLB,素材,value,,4.0,2.0,6.0
2025-02-21,42.6276969909668,0.24404890030528292,0.24536718893537096,100.09171514927327,,XLB,素材,value,,3.0,0.0,3.0
2025-02-24,42.57929992675781,0.24356866074276268,0.24476767953783488,99.97695384773711,,XLB,素材,value,,3.0,-2.0,-3.0
2025-02-25,42.90843200683594,0.24520615589706152,0.24491383832424377,100.04119329823152,,XLB,素材,value,,4.0,-1.0,-4.0
2025-02-26,42.88907241821289,0.24561360315619593,0.24514709326822784,100.13136753873927,,XLB,素材,value,,4.0,-1.0,-5.0
2025-02-27,42.59865951538086,0.24609975264369763,0.24546464639338444,100.24815170724195,,XLB,素材,value,,4.0,0.0,-2.0
2025-02-28,42.96167755126953,0.24546959498957324,0.2454662959254474,100.28809472903505,,XLB,素材,value,,4.0,1.0,1.0
2025-03-03,42.10011672973633,0.24313775348795155,0.2446901151129488,100.11138034424678,,XLB,素材,value,,4.0,1.0,3.0
2025-03-04,41.52897644042969,0.24377779023797158,0.24438600682128975,100.05949935757616,,XLB,素材,value,,4.0,0.0,1.0
2025-03-05,42.61317825317383,0.24783869746778658,0.24553690370345538,100.43937371879096,,XLB,素材,value,,5.0,1.0,2.0
2025-03-06,42.39052963256836,0.2493042764016909,0.24679269460286724,100.87560338213513,,XLB,素材,value,,5.0,1.0,1.0
2025-03-07,42.506690979003906,0.24766710639577363,0.24708416520050272,101.03329081510348,,XLB,素材,value,,8.0,4.0,3.0
2025-03-10,41.62093734741211,0.24597259039414845,0.24671364026505133,100.97097184396023,,XLB,素材,value,,7.0,3.0,2.0
2025-03-11,41.301483154296875,0.24737925412806147,0.2469355115527214,101.09058337684573,,XLB,素材,value,,7.0,3.0,3.0
2025-03-12,41.10787582397461,0.24738546288899993,0.24708549533148091,101.17065884208697,,XLB,素材,value,,7.0,2.0,1.0
2025-03-13,41.07884216308594,0.24960361768802003,0.24792486945032732,101.48107986694792,,XLB,素材,value,,7.0,2.0,1.0
2025-03-14,41.61610412597656,0.24813763915449058,0.24799579268504843,101.50593584912234,,XLB,素材,value,,7.0,-1.0,-5.0
2025-03-17,42.13883972167969,0.24790901660425427,0.2479668673247837,101.48272133280727,,XLB,素材,value,,7.0,0.0,-3.0
2025-03-18,42.06624221801758,0.24877561501020692,0.24823644988659146,101.54877910222436,,XLB,素材,value,,7.0,0.0,-3.0
2025-03-19,42.206600189208984,0.24776964464800708,0.2480808481403967,101.45815772085521,,XLB,素材,value,,7.0,0.0,-2.0
2025-03-20,41.940391540527344,0.24723600575137836,0.24779923401072393,101.32339450735874,,XLB,素材,value,,7.0,0.0,-2.0
2025-03-21,41.52413558959961,0.24590867696184707,0.24716904832776498,101.0803881199359,,XLB,素材,value,,7.0,0.0,1.0
2025-03-24,42.08681869506836,0.2454375578845008,0.24659188484667693,100.86448647558554,,XLB,素材,value,,7.0,0.0,0.0
2025-03-25,42.07708740234375,0.24596881410817614,0.24638419460051,100.77327366508761,,XLB,素材,value,,6.0,-1.0,-1.0
2025-03-26,42.15489959716797,0.24688851746343562,0.24655230222148522,100.80487850731437,,XLB,素材,value,,6.0,-1.0,-1.0
2025-03-27,42.13545227050781,0.2474110614885328,0.24683855531050108,100.87245614196208,,XLB,素材,value,,7.0,0.0,0.0
2025-03-28,41.36219024658203,0.24667340062744134,0.2467835037494812,100.82675573535039,,XLB,素材,value,,5.0,-2.0,-2.0
2025-03-31,41.814476013183594,0.24731220302109744,0.24695973684001996,100.85782790049325,,XLB,素材,value,,5.0,-2.0,-2.0
2025-04-01,41.970096588134766,0.24797496965395774,0.24729814777799924,100.94298682482786,,XLB,素材,value,,6.0,0.0,1.0
2025-04-02,42.31539535522461,0.24794189527667224,0.2475127302775569,100.98823629498432,,XLB,素材,value,,6.0,0.0,1.0
2025-04-03,40.404117584228516,0.24858514580527322,0.24787020212012903,101.08387969910221,,XLB,素材,value,,5.0,-2.0,-2.0
2025-04-04,37.875213623046875,0.24688787930991268,0.24754276118339028,100.94826162504566,,XLB,素材,value,,6.0,1.0,3.0
2025-04-07,37.267303466796875,0.2449669367101964,0.246684153025659,100.62020275087104,98.78661695172495,XLB,素材,value,Weakening,7.0,2.0,4.0
2025-04-08,36.11956787109375,0.24198691769202949,0.24511840791444917,99.9689218675447,97.07840548823182,XLB,素材,value,Lagging,5.0,-1.0,-1.0
2025-04-09,39.275840759277344,0.24364785872790481,0.2446282248522677,99.68974411696846,96.67367565138098,XLB,素材,value,Lagging,3.0,-3.0,-3.0
2025-04-10,38.021114349365234,0.24408098516668464,0.24444581162374002,99.50869809283986,96.51868053301008,XLB,素材,value,Lagging,4.0,-1.0,1.0
2025-04-11,39.14939498901367,0.2475702470072375,0.24548729008490586,99.97720655387799,97.86227117442216,XLB,素材,value,Lagging,4.0,-2.0,-3.0
2025-04-14,39.62113571166992,0.24739267436414267,0.2461224181779848,100.31040862760715,99.17375878046883,XLB,素材,value,Weakening,5.0,-2.0,-4.0
2025-04-15,39.30988311767578,0.24624455458263844,0.24616313031286935,100.30630217461277,100.44390667551173,XLB,素材,value,Leading,5.0,0.0,1.0
2025-04-16,39.00349807739258,0.24750309411153443,0.2466097849124244,100.58284164245848,101.51397090625369,XLB,素材,value,Leading,5.0,2.0,5.0
2025-04-17,39.270973205566406,0.24736191978021693,0.24686049653502193,100.73606464694578,102.09140398369678,XLB,素材,value,Leading,5.0,1.0,2.0
2025-04-21,38.67279052734375,0.2485916026206647,0.24743753189690287,101.12346122290617,101.88407683081002,XLB,素材,value,Leading,7.0,3.0,5.0
2025-04-22,39.57735824584961,0.24828437939524578,0.24771981439635052,101.29201448130085,101.54338071037705,XLB,素材,value,Leading,8.0,3.0,5.0
2025-04-23,39.625999450683594,0.24620768717862127,0.24721577199044079,100.89414733081509,100.8161541349009,XLB,素材,value,Leading,6.0,1.0,1.0
2025-04-24,40.48193359375,0.24734094573446544,0.24725749657178234,100.89907258695267,100.32163981789434,XLB,素材,value,Leading,6.0,1.0,-1.0
2025-04-25,40.1804084777832,0.24585055461159916,0.24678851591838796,100.51805171240802,99.36472887360156,XLB,素材,value,Weakening,6.0,1.0,0.0
2025-04-28,40.25335693359375,0.24560753427182772,0.24639485536953457,100.18173408945698,98.13931150965992,XLB,素材,value,Weakening,6.0,-1.0,-4.0
2025-04-29,40.58892059326172,0.24621801221780415,0.2463359076522911,100.10330896105226,97.82950425945212,XLB,素材,value,Weakening,6.0,-2.0,-5.0
2025-04-30,40.79804229736328,0.24713543707842403,0.2466024174610021,100.29893295643451,98.86463449076079,XLB,素材,value,Weakening,6.0,0.0,-1.0
2025-05-01,40.618099212646484,0.24638044108147772,0.24652842533449398,100.20559064404713,98.7387195596644,XLB,素材,value,Weakening,6.0,0.0,-1.0
2025-05-02,41.3038330078125,0.24619639481530958,0.24641774849476586,100.07387456972285,99.17061097124397,XLB,素材,value,Weakening,4.0,-2.0,-3.0
2025-05-05,40.99744415283203,0.24518320286838255,0.24600623328597143,99.66123050393821,99.07117056408477,XLB,素材,value,Lagging,4.0,-2.0,-1.0
2025-05-06,40.70077896118164,0.24522686898215956,0.24574644518470085,99.39749717269201,98.80752034010254,XLB,素材,value,Lagging,3.0,-3.0,-1.0
2025-05-07,40.47706604003906,0.24228324700404869,0.24459204579115013,98.30702121261128,97.02648339071345,XLB,素材,value,Lagging,3.0,-3.0,-3.0
2025-05-08,41.01689147949219,0.24346626198896193,0.2442167845237541,98.01414578318995,97.02400314759272,XLB,素材,value,Lagging,2.0,-4.0,-4.0
2025-05-09,41.12388229370117,0.24415787880193449,0.24419714928314756,98.03983244673914,97.43850825469357,XLB,素材,value,Lagging,2.0,-2.0,0.0
2025-05-12,42.07708740234375,0.24315260247046128,0.24384896701225214,97.79206829484163,97.78936644238851,XLB,素材,value,Lagging,2.0,-2.0,0.0
2025-05-13,41.86796569824219,0.24139952407362572,0.24303248603271,97.25837701878856,97.61302633191795,XLB,素材,value,Lagging,2.0,-1.0,2.0
2025-05-14,41.483768463134766,0.24063327274161153,0.24223274826901053,96.8917137048568,98.5368636428893,XLB,素材,value,Lagging,2.0,-1.0,2.0
2025-05-15,41.90687942504883,0.2408918555864154,0.24178578404147885,96.88214455426157,98.90671294805894,XLB,素材,value,Lagging,2.0,0.0,4.0
2025-05-16,42.33484649658203,0.24098586260698068,0.2415191435633128,96.99724396620225,99.04232436513972,XLB,素材,value,Lagging,2.0,0.0,2.0
2025-05-19,42.44183349609375,0.2416217151577739,0.24155333409479984,97.25314726227106,99.65182591190991,XLB,素材,value,Lagging,2.0,0.0,2.0
2025-05-20,42.36888885498047,0.24183802780100336,0.2416482319968677,97.49666119357079,100.5741013752747,XLB,素材,value,Improving,2.0,0.0,1.0
2025-05-21,41.80474853515625,0.24393144281707696,0.2424093022702708,98.04073048898498,101.60535980146558,XLB,素材,value,Improving,3.0,1.0,2.0
2025-05-22,41.76097869873047,0.24445571764389795,0.24309144072814654,98.47681674274249,102.0219442369519,XLB,素材,value,Improving,4.0,2.0,2.0
2025-05-23,41.67829513549805,0.24495132860977012,0.2437114033553544,98.84079816822282,102.1741515218024,XLB,素材,value,Improving,4.0,2.0,2.0
2025-05-27,42.40779113769531,0.24467724901635632,0.2440333519090217,99.03176762783963,101.99913252409,XLB,素材,value,Improving,4.0,2.0,2.0
2025-05-28,41.82905960083008,0.24340790607308357,0.243824869963709,98.93771401392392,101.58680574067809,XLB,素材,value,Improving,4.0,2.0,2.0
2025-05-29,41.98468780517578,0.2437183267909433,0.2437893555727871,98.94243373228109,101.01358123815656,XLB,素材,value,Improving,4.0,1.0,0.0
2025-05-30,41.98955154418945,0.24384330117211633,0.2438073374392302,98.97507564752038,100.59891469411268,XLB,素材,value,Improving,4.0,0.0,-2.0
2025-06-02,42.23757553100586,0.2450891100154637,0.24423459496464137,99.20953247060095,100.46368794607565,XLB,素材,value,Improving,4.0,0.0,-2.0
2025-06-03,42.670406341552734,0.24555634809046406,0.24467517933991562,99.44121262258497,100.49753524075697,XLB,素材,value,Improving,4.0,0.0,-2.0
2025-06-04,42.83089065551758,0.24703488462659207,0.2454617477688078,99.86208387873866,100.99921513557952,XLB,素材,value,Improving,5.0,1.0,-1.0
2025-06-05,42.578006744384766,0.24624172349212045,0.24572173967657868,100.01008197527742,101.12816791139846,XLB,素材,value,Leading,6.0,2.0,1.0
2025-06-06,42.689857482910156,0.24477461965617917,0.2454060330031122,99.85461290556107,100.93739538253419,XLB,素材,value,Improving,6.0,2.0,2.0
2025-06-09,42.9767951965332,0.24637851579134107,0.24573019393252185,100.0374974077625,100.88715587162544,XLB,素材,value,Leading,7.0,3.0,3.0
2025-06-10,43.2442741394043,0.24668348357455142,0.24604795714653172,100.21724069917249,100.84296884293009,XLB,素材,value,Leading,7.0,3.0,3.0
2025-06-11,42.816307067871094,0.24493765938679374,0.24567785789328572,100.02916595691639,100.24652216694226,XLB,素材,value,Leading,7.0,2.0,1.0
2025-06-12,42.99625015258789,0.24539159601075688,0.2455824372657761,99.9974539933384,100.07678188013374,XLB,素材,value,Improving,7.0,1.0,-1.0
2025-06-13,42.495330810546875,0.24550027296182844,0.24555504916446022,100.00376548267464,100.24498690528469,XLB,素材,value,Leading,7.0,1.0,-1.0
2025-06-16,42.85521697998047,0.24521506787384836,0.24544172206758963,99.96223682676828,100.02852677222805,XLB,素材,value,Improving,7.0,0.0,-3.0
2025-06-17,42.43697738647461,0.24517699088909295,0.24535347834142407,99.93686500191338,99.83283164815003,XLB,素材,value,Lagging,6.0,-1.0,-4.0
2025-06-18,42.31539535522461,0.2444470178404658,0.24505132484110465,99.78569744104284,99.87857217526681,XLB,素材,value,Lagging,6.0,-1.0,-3.0
2025-06-20,42.02845764160156,0.2423931187377148,0.24416525613997472,99.28799779441621,99.41678504911735,XLB,素材,value,Lagging,6.0,-1.0,-2.0
2025-06-23,42.496734619140625,0.24294895532244057,0.24375982253413003,99.07560138704933,99.20733866060982,XLB,素材,value,Lagging,4.0,-3.0,-4.0
2025-06-24,42.84867477416992,0.2426633403404007,0.2433943284695536,98.89282402346325,99.07716458098517,XLB,素材,value,Lagging,4.0,-3.0,-3.0
2025-06-25,42.43807601928711,0.24208463338635386,0.24295776344182038,98.67930512583608,98.90384133837107,XLB,素材,value,Lagging,1.0,-5.0,-4.0
2025-06-26,42.90732192993164,0.24292806766662603,0.24294786485008896,98.7180124001999,99.10334123791377,XLB,素材,value,Lagging,3.0,-3.0,-2.0
2025-06-27,42.96109390258789,0.24234503809093105,0.24274692259703634,98.6480652873596,99.53023698226332,XLB,素材,value,Lagging,3.0,-3.0,-2.0
2025-06-30,42.92198944091797,0.2409920206080746,0.24216195526738243,98.37396723808719,99.47740510147037,XLB,素材,value,Lagging,2.0,-2.0,1.0
2025-07-01,44.031578063964844,0.24435810907792682,0.2428940065375639,98.8311294744294,100.10959465643433,XLB,素材,value,Improving,4.0,0.0,3.0
2025-07-02,44.69146728515625,0.2474549876766757,0.2444143335839345,99.72298181188455,101.17412972011265,XLB,素材,value,Improving,7.0,6.0,11.0
2025-07-03,44.66213607788086,0.24610405159967588,0.24497757292251499,100.07467164863,101.43786698093561,XLB,素材,value,Leading,7.0,4.0,7.0
2025-07-07,44.23198699951172,0.24569743689715381,0.24521752758072793,100.24801993065402,101.61619082321592,XLB,素材,value,Leading,7.0,4.0,7.0
2025-07-08,44.59370422363281,0.2470879693615257,0.2458410081743272,100.65592239866287,102.14110477079596,XLB,素材,value,Leading,8.0,6.0,8.0
2025-07-09,44.862548828125,0.24783740597288997,0.24650647410718146,101.0720845795334,101.99978050455401,XLB,素材,value,Leading,10.0,6.0,6.0
2025-07-10,45.10205841064453,0.24772550872295848,0.24691281897910713,101.28919733076971,101.36051719349916,XLB,素材,value,Leading,10.0,3.0,-3.0
2025-07-11,44.73545837402344,0.24752392324400566,0.24711652040074,101.36841251856198,101.08946606097805,XLB,素材,value,Leading,11.0,4.0,0.0
2025-07-14,44.48617172241211,0.24589129133916043,0.24670811071354684,101.09021311077281,100.67318677712426,XLB,素材,value,Leading,9.0,2.0,-2.0
2025-07-15,43.572105407714844,0.24422560866928014,0.24588061003212464,100.59102819147108,99.86344902989136,XLB,素材,value,Weakening,8.0,0.0,-6.0
2025-07-16,43.689414978027344,0.2439318197482379,0.24523101327082908,100.21293166404945,99.17306502408962,XLB,素材,value,Weakening,7.0,-3.0,-9.0
2025-07-17,43.99736022949219,0.2436646297133998,0.24470888541835267,99.91368300225875,98.75822622661421,XLB,素材,value,Lagging,7.0,-3.0,-6.0
2025-07-18,44.100013732910156,0.24432597034396827,0.24458124706022455,99.85494549379,98.68477763693575,XLB,素材,value,Lagging,7.0,-4.0,-8.0
2025-07-21,44.32486343383789,0.246414555425995,0.24519234984881472,100.24506595767183,99.28455485306777,XLB,素材,value,Weakening,7.0,-2.0,-4.0
2025-07-22,44.93586349487305,0.2466666189233908,0.24568377287367343,100.57530056568,100.01751858084258,XLB,素材,value,Leading,7.0,-1.0,-1.0
2025-07-23,45.08739471435547,0.2454648954622787,0.24561081373654187,100.56521686182728,100.34888048327309,XLB,素材,value,Leading,8.0,1.0,4.0
2025-07-24,44.62303161621094,0.24371699005560776,0.2449795391762305,100.18576182053955,100.28351424460378,XLB,素材,value,Leading,7.0,0.0,3.0
2025-07-25,45.150943756103516,0.24541804580697665,0.24512570805314587,100.31111189278262,100.44285774003559,XLB,素材,value,Leading,8.0,1.0,5.0
2025-07-28,44.495941162109375,0.24329634464697497,0.24451592025108893,99.9240730906186,99.76252730509567,XLB,素材,value,Lagging,7.0,0.0,2.0
2025-07-29,44.32486343383789,0.24247785280030637,0.2438365644341614,99.48211765917353,99.08900706426982,XLB,素材,value,Lagging,5.0,-2.0,-1.0
2025-07-30,43.43034744262695,0.23913566306188455,0.24226959731006914,98.45644965240865,98.24409668247804,XLB,素材,value,Lagging,1.0,-7.0,-8.0
2025-07-31,42.88288879394531,0.23829436776557794,0.24094452079523876,97.67881426771208,97.99384023792075,XLB,素材,value,Lagging,1.0,-6.0,-6.0
2025-08-01,42.38919448852539,0.23823654744169245,0.24004186301072333,97.28123820131793,97.69225148396278,XLB,素材,value,Lagging,1.0,-7.0,-8.0
2025-08-04,42.951316833496094,0.2384797842779729,0.23952117009980656,97.18049094121052,98.01581155791676,XLB,素材,value,Lagging,1.0,-6.0,-6.0
2025-08-05,43.25437927246094,0.2408307863059301,0.23995770883518108,97.59842787251547,98.71283140285108,XLB,素材,value,Lagging,1.0,-4.0,-2.0
2025-08-06,42.78512191772461,0.23875221917108372,0.23955587894714864,97.53711837779481,99.45020264189074,XLB,素材,value,Lagging,1.0,0.0,7.0
2025-08-07,42.97087478637695,0.23993310576599075,0.239681621220096,97.74742036061568,100.17918418274184,XLB,素材,value,Improving,1.0,0.0,6.0
2025-08-08,43.185943603515625,0.24069931402114916,0.2400208521537804,98.02745955275824,100.67753616238159,XLB,素材,value,Improving,1.0,0.0,7.0
2025-08-11,43.08818435668945,0.24081210236709583,0.24028460222488557,98.24004365489576,100.8959029772898,XLB,素材,value,Improving,2.0,1.0,7.0
2025-08-12,43.65031433105469,0.24089279654273124,0.24048733366416747,98.40209521685503,100.66772758794362,XLB,素材,value,Improving,3.0,2.0,6.0
2025-08-13,44.47150802612305,0.2419698909672736,0.24098151943186952,98.67686302597637,100.91230088574862,XLB,素材,value,Improving,5.0,4.0,4.0
2025-08-14,44.007137298583984,0.24101109107456845,0.2409913766461025,98.70369040620824,100.73628399970436,XLB,素材,value,Improving,4.0,3.0,3.0
2025-08-15,44.007137298583984,0.24160757551818618,0.24119677627013042,98.81163970931279,100.5721776073204,XLB,素材,value,Improving,4.0,3.0,3.0
2025-08-18,43.75296401977539,0.24026380388454913,0.24088578547493666,98.67654555260476,100.26593388618463,XLB,素材,value,Improving,4.0,2.0,1.0
2025-08-19,44.01691818237305,0.24058688017155297,0.2407861503738088,98.64467154569255,100.09375180157056,XLB,素材,value,Improving,4.0,1.0,-1.0
2025-08-20,44.05113220214844,0.240993328917388,0.2408552098883352,98.6917482640711,99.90600823382903,XLB,素材,value,Lagging,4.0,-1.0,-5.0
2025-08-21,44.18310546875,0.2425606287645859,0.24142368284708546,98.9695050607235,100.12868561796274,XLB,素材,value,Improving,4.0,0.0,-3.0
2025-08-22,45.05807113647461,0.24263847338847191,0.24182861302754763,99.17019222283592,100.2261673515737,XLB,素材,value,Improving,4.0,0.0,-3.0
2025-08-25,44.808780670166016,0.2431567085263424,0.2422713115271459,99.38617368272858,100.54984649591434,XLB,素材,value,Improving,5.0,1.0,-1.0
2025-08-26,44.93098449707031,0.24365137181670804,0.24273133162366664,99.60691120698621,100.79035436465176,XLB,素材,value,Improving,6.0,2.0,1.0
2025-08-27,45.04340362548828,0.24338150179405324,0.24294805501379552,99.7127091791689,100.85303682514001,XLB,素材,value,Improving,6.0,2.0,3.0
2025-08-28,45.04340362548828,0.24349755950976226,0.24313122317911778,99.80137946780988,100.68738117587806,XLB,素材,value,Improving,6.0,2.0,2.0
2025-08-29,45.10695266723633,0.24402209161869468,0.24342817932564342,99.9400191904496,100.6274482183427,XLB,素材,value,Improving,6.0,2.0,2.0
2025-09-02,44.76967239379883,0.24412590614529675,0.24366075493219455,100.05066260766036,100.5294219593023,XLB,素材,value,Leading,6.0,1.0,0.0
2025-09-03,44.46661376953125,0.24284969158408173,0.24339040048282362,99.93604552345214,100.23508346325461,XLB,素材,value,Improving,6.0,0.0,-2.0
2025-09-04,44.637699127197266,0.24199664904633736,0.24292581667066154,99.73974940694109,99.98124528673043,XLB,素材,value,Lagging,5.0,-1.0,-3.0
2025-09-05,44.95052719116211,0.243408105247885,0.24308657952973606,99.83185519344073,99.99886237278542,XLB,素材,value,Lagging,5.0,-1.0,-3.0
2025-09-08,44.9896354675293,0.2438139595537714,0.24332903953774784,99.95983951202577,100.00153658583953,XLB,素材,value,Improving,8.0,2.0,0.0
2025-09-09,44.25642395019531,0.24058150206241938,0.24241319371263836,99.55149454712219,99.55423915376917,XLB,素材,value,Lagging,5.0,-1.0,-2.0
2025-09-10,44.33953094482422,0.24127750302008355,0.24203463014845344,99.39642559881909,99.53561223958565,XLB,素材,value,Lagging,5.0,-1.0,-1.0
2025-09-11,45.268253326416016,0.24269442159552324,0.24225456063081005,99.52322981910517,99.83200146246952,XLB,素材,value,Lagging,5.0,0.0,1.0
2025-09-12,44.81367111206055,0.24199921374591649,0.24216944500251222,99.5041258912569,99.73652366310885,XLB,素材,value,Lagging,5.0,0.0,1.0
2025-09-15,44.45195388793945,0.2404658595732784,0.24160158319276764,99.25392636192943,99.40997962626221,XLB,素材,value,Lagging,4.0,-4.0,-6.0
2025-09-16,44.315086364746094,0.2403625988788284,0.24118858842145457,99.0816106237393,99.62785825440483,XLB,素材,value,Lagging,3.0,-2.0,-1.0
2025-09-17,44.41773223876953,0.24068906800389409,0.24102208161560107,99.03097095549121,99.7227696713266,XLB,素材,value,Lagging,3.0,-2.0,-1.0
2025-09-18,44.41773223876953,0.23912714532449156,0.24039043618523123,98.76172562617467,99.37703862593885,XLB,素材,value,Lagging,2.0,-3.0,-3.0
2025-09-19,44.3981819152832,0.23943872420884552,0.24007319885976933,98.65429978190309,99.30100966019945,XLB,素材,value,Lagging,2.0,-3.0,-3.0
2025-09-22,44.382957458496094,0.23924235354383538,0.2397962504211247,98.57277878019853,99.4467417010971,XLB,素材,value,Lagging,2.0,-2.0,2.0
2025-09-23,44.24053192138672,0.23818397083380605,0.2392588238920185,98.38249165683735,99.42313053725587,XLB,素材,value,Lagging,2.0,-1.0,1.0
2025-09-24,43.70029830932617,0.2358252909729725,0.23811431291900317,97.95745486962745,99.08182950497195,XLB,素材,value,Lagging,2.0,-1.0,1.0
2025-09-25,43.13058853149414,0.23468301506813397,0.23697054696871345,97.60547471289127,99.00980768433566,XLB,素材,value,Lagging,1.0,-1.0,2.0
2025-09-26,43.63153839111328,0.23507963412098612,0.23634024268613768,97.51474614117843,99.03715520282007,XLB,素材,value,Lagging,1.0,-1.0,2.0
2025-09-29,43.79852294921875,0.23519357473945723,0.2359580200372442,97.53224094067808,99.1335863513302,XLB,素材,value,Lagging,1.0,-1.0,1.0
2025-09-30,44.01461410522461,0.2357310031510433,0.2358823477418439,97.6580424332198,99.4262786309522,XLB,素材,value,Lagging,1.0,-1.0,0.0
2025-10-01,43.55295944213867,0.232730942278088,0.2348318792539253,97.45909085431619,99.64648799145644,XLB,素材,value,Lagging,1.0,-1.0,0.0
2025-10-02,44.058815002441406,0.23487814181117642,0.23484730010634236,97.61874309430563,100.12546249779162,XLB,素材,value,Improving,1.0,0.0,1.0
2025-10-03,44.132484436035156,0.2344466632324314,0.2347137544817054,97.7108703975082,100.31795271357808,XLB,素材,value,Improving,2.0,1.0,2.0
2025-10-06,44.09319305419922,0.23431141901170677,0.23457964265837256,97.78650398939627,100.41877761123455,XLB,素材,value,Improving,3.0,2.0,3.0
2025-10-07,43.91638946533203,0.23440175278582231,0.23452034603418917,97.86762398698922,100.42566682725156,XLB,素材,value,Improving,2.0,1.0,2.0
2025-10-08,44.15212631225586,0.23489491783214242,0.2346452033001736,97.98647078986883,100.78062341812394,XLB,素材,value,Improving,4.0,3.0,4.0
2025-10-09,43.54804229736328,0.233613916359284,0.23430144098654376,97.9586646458433,100.61326298199015,XLB,素材,value,Improving,3.0,2.0,2.0
2025-10-10,42.654197692871094,0.23409686119819792,0.23423324772376183,98.01395675921324,100.58818227333765,XLB,素材,value,Improving,2.0,0.0,-1.0
2025-10-13,43.33195114135742,0.23552639534408276,0.23466429693053548,98.21111469705637,100.70609076398753,XLB,素材,value,Improving,2.0,-1.0,-3.0
2025-10-14,43.76414108276367,0.23591921472972363,0.23508260286359822,98.39421579230307,100.78924557516146,XLB,素材,value,Improving,3.0,1.0,0.0
2025-10-15,43.567691802978516,0.23438763288009534,0.2348509462024306,98.38540143610392,100.630610186278,XLB,素材,value,Improving,1.0,-3.0,-6.0
2025-10-16,43.24354934692383,0.23486997660424205,0.2348572896697011,98.44376712908159,100.69713569383563,XLB,素材,value,Improving,2.0,-1.0,-3.0
2025-10-17,43.160057067871094,0.23323200773114483,0.23431552902351568,98.34280490115746,100.50994419958042,XLB,素材,value,Improving,2.0,0.0,0.0
2025-10-20,43.67573547363281,0.23368198406395904,0.23410434737033015,98.33443032515567,100.285522328297,XLB,素材,value,Improving,2.0,0.0,1.0
2025-10-21,43.50875473022461,0.23172691704652035,0.2333118705957269,98.16660125690797,99.91659548431524,XLB,素材,value,Lagging,2.0,-1.0,-2.0
2025-10-22,43.37615203857422,0.23214025562789348,0.23292133227311576,98.1254094993217,99.89053639029565,XLB,素材,value,Lagging,2.0,1.0,4.0
2025-10-23,43.89674758911133,0.23381783515144955,0.2332201665658937,98.27025059931704,99.99501985756233,XLB,素材,value,Lagging,2.0,0.0,1.0
2025-10-24,43.71503448486328,0.23221688696228726,0.23288574003135823,98.2385369712835,100.06658025812246,XLB,素材,value,Improving,2.0,0.0,0.0
2025-10-27,43.69538497924805,0.2310854992398346,0.23228565976751703,98.14378262747793,99.95670922829102,XLB,素材,value,Lagging,2.0,0.0,0.0
2025-10-28,43.75431823730469,0.23340181726470657,0.23265771226658022,98.31925620581302,100.30533888738039,XLB,素材,value,Improving,2.0,0.0,1.0
2025-10-29,42.89484786987305,0.2314050176939648,0.23224014740904175,98.27909782912137,100.27554543814766,XLB,素材,value,Improving,2.0,0.0,-1.0
2025-10-30,42.32023620605469,0.22929131225776006,0.23125720235861452,98.10494175191893,99.81153080964188,XLB,素材,value,Lagging,2.0,0.0,0.0
2025-10-31,42.07467269897461,0.2274635328228517,0.2299926458466936,97.89010839446017,99.4431229278612,XLB,素材,value,Lagging,1.0,-1.0,-1.0
2025-11-03,41.81437301635742,0.22661096077753118,0.22886541749030614,97.74425605449696,99.27703137604847,XLB,素材,value,Lagging,1.0,-1.0,-1.0
2025-11-04,41.60810470581055,0.22699454745999043,0.22824179414686757,97.73484768631666,98.94730605084463,XLB,素材,value,Lagging,1.0,-1.0,-1.0
2025-11-05,41.85366439819336,0.22700553692479084,0.22782970840617534,97.77520940304312,99.10446619601207,XLB,素材,value,Lagging,1.0,-1.0,-1.0
2025-11-06,41.64739227294922,0.22748981802254808,0.22771641161163295,97.8724022255711,99.5810912202466,XLB,素材,value,Lagging,1.0,-1.0,-1.0
2025-11-07,42.148338317871094,0.22831125202431402,0.22791469174919332,98.0189397904369,100.22416003578975,XLB,素材,value,Improving,1.0,0.0,1.0
2025-11-10,42.54615020751953,0.2291466828969393,0.22832535546510865,98.1898858332047,100.79367446140034,XLB,素材,value,Improving,1.0,0.0,1.0
2025-11-11,42.9881591796875,0.23019715295593796,0.22894928796205177,98.38454433943906,101.19281879082469,XLB,素材,value,Improving,1.0,0.0,1.0
2025-11-12,43.29266357421875,0.23127920052463635,0.22972592548291332,98.5931285624349,101.50916888114953,XLB,素材,value,Improving,2.0,1.0,2.0
2025-11-13,43.00780487060547,0.23238453572718293,0.23061212889766988,98.81009940976155,101.70949122902171,XLB,素材,value,Improving,2.0,1.0,2.0
2025-11-14,42.61491012573242,0.23110972042352299,0.23077799273962094,98.87990418731616,101.53720875663393,XLB,素材,value,Improving,2.0,1.0,1.0
2025-11-17,41.96662139892578,0.23062224014434746,0.23072607520786315,98.90540903225723,101.25182736287087,XLB,素材,value,Improving,2.0,1.0,1.0
2025-11-18,42.000999450683594,0.23067390500022417,0.23070868513865017,98.93654049124063,100.94346419804768,XLB,素材,value,Improving,2.0,1.0,1.0
2025-11-19,42.10905075073242,0.23196957443701965,0.23112898157144002,99.049853112634,100.77000666238986,XLB,素材,value,Improving,2.0,0.0,-1.0
2025-11-20,41.480411529541016,0.23132866970412133,0.2311955442823338,99.09231201320617,100.47014760290162,XLB,素材,value,Improving,2.0,0.0,-1.0
2025-11-21,42.40863800048828,0.23194724043545745,0.23144610966670837,99.16925313352297,100.49914242942748,XLB,素材,value,Improving,3.0,1.0,0.0
2025-11-24,42.49212646484375,0.23144453325317,0.2314455841955289,99.19570257131853,100.5306964634619,XLB,素材,value,Improving,3.0,1.0,0.0
2025-11-25,43.12567901611328,0.23160497151570195,0.23149871330225327,99.23214553599838,100.57548309283796,XLB,素材,value,Improving,5.0,3.0,2.0
2025-11-26,43.65609359741211,0.2328289749194877,0.23194213384133144,99.34739928765613,100.60505340811518,XLB,素材,value,Improving,6.0,4.0,4.0
2025-11-28,43.90656661987305,0.232905513861325,0.23226326051466262,99.43854220773184,100.71881504477285,XLB,素材,value,Improving,6.0,4.0,4.0
2025-12-01,43.79852294921875,0.23393241715141452,0.2328196460602466,99.58230616369842,100.86035207664791,XLB,素材,value,Improving,6.0,3.0,2.0
2025-12-02,43.40070724487305,0.23202720574451358,0.2325554992883356,99.54929077079609,100.74546437481129,XLB,素材,value,Improving,6.0,3.0,2.0
2025-12-03,43.705204010009766,0.23188579593325706,0.23233226483664277,99.52357238111773,100.61675309622942,XLB,素材,value,Improving,6.0,1.0,-2.0
2025-12-04,43.44982147216797,0.23045861347239546,0.23170771438189366,99.4018666953527,100.16438264322733,XLB,素材,value,Improving,6.0,0.0,-4.0
2025-12-05,43.307395935058594,0.2291648230302858,0.23086008393135773,99.21873165492855,99.64925855295051,XLB,素材,value,Lagging,4.0,-2.0,-6.0
2025-12-08,42.708221435546875,0.227356013595583,0.22969206048609953,98.94986847278727,98.87230218578773,XLB,素材,value,Lagging,3.0,-3.0,-6.0
2025-12-09,42.61981964111328,0.2273141772374003,0.22889943273653313,98.77028874792852,98.61347529992408,XLB,素材,value,Lagging,3.0,-3.0,-6.0
2025-12-10,43.454734802246094,0.22855173764276712,0.22878353437194449,98.75776915503997,98.6730572281643,XLB,素材,value,Lagging,3.0,-3.0,-4.0
2025-12-11,44.31910705566406,0.23123055943682383,0.22959920939357095,98.99245629186099,99.33729884444128,XLB,素材,value,Lagging,4.0,-2.0,-2.0
2025-12-12,44.34857940673828,0.23296348951903018,0.2307206361020574,99.32710954445656,100.2753211515997,XLB,素材,value,Improving,5.0,1.0,3.0
2025-12-15,44.31910705566406,0.23252016170835288,0.23132047797082259,99.5273776981467,101.11741358406982,XLB,素材,value,Improving,6.0,3.0,6.0
2025-12-16,44.20124053955078,0.23354194128341255,0.23206096574168592,99.78839272618039,101.84996592235659,XLB,素材,value,Improving,7.0,4.0,7.0
2025-12-17,44.38786697387695,0.23516395209839333,0.23309529452725508,100.17202758392808,102.42180412280297,XLB,素材,value,Leading,8.0,5.0,8.0
2025-12-18,44.368221282958984,0.23455839017843186,0.23358299307764735,100.3966932885339,102.28459465431837,XLB,素材,value,Leading,8.0,4.0,6.0
2025-12-19,44.56467056274414,0.2347418871474972,0.23396929110093065,100.6050786330385,101.97651566333161,XLB,素材,value,Leading,8.0,3.0,2.0
2025-12-22,45.09091567993164,0.23576631477647592,0.2345682989927791,100.91257093944397,102.05758237879527,XLB,素材,value,Leading,10.0,4.0,1.0
2025-12-23,45.16990280151367,0.23672974091679777,0.23528877963411865,101.26662722283783,102.1327293798209,XLB,素材,value,Leading,10.0,3.0,-1.0
2025-12-24,45.25876235961914,0.23633867426585153,0.23563874451136296,101.44522913487441,101.75934322175391,XLB,素材,value,Leading,10.0,2.0,-3.0
2025-12-26,45.525333404541016,0.237669354101855,0.23631561437486032,101.73533889442399,101.8298423568522,XLB,素材,value,Leading,10.0,2.0,-2.0
2025-12-29,45.160030364990234,0.2361520930077428,0.23626110725248783,101.70411140153217,101.40225524771257,XLB,素材,value,Leading,10.0,2.0,-1.0
2025-12-30,45.1501579284668,0.2364792834526721,0.23633383265254926,101.7233201735038,100.87922000853088,XLB,素材,value,Leading,10.0,0.0,-4.0
2025-12-31,44.77497100830078,0.23653419504468148,0.23640062011659335,101.71525806572714,100.21899319611802,XLB,素材,value,Leading,10.0,0.0,-3.0
2026-01-02,45.53520965576172,0.23892884742318027,0.23724336255212236,102.00171533332987,100.39707165100312,XLB,素材,value,Leading,11.0,1.0,-1.0
2026-01-05,45.9893798828125,0.23909286929768037,0.23785986480064172,102.16220509324961,100.15831460353327,XLB,素材,value,Leading,11.0,1.0,-1.0
2026-01-06,46.897708892822266,0.24090666925641346,0.238875466285899,102.42584432321007,100.671127898406,XLB,素材,value,Leading,11.0,1.0,-1.0
2026-01-07,46.08810806274414,0.23943392644242356,0.2390616196714072,102.36490662009518,100.51487119203401,XLB,素材,value,Leading,11.0,1.0,1.0
2026-01-08,46.897708892822266,0.2415688532419002,0.2398973641949049,102.50941043181602,100.77609840037212,XLB,素材,value,Leading,11.0,1.0,1.0
2026-01-09,47.648075103759766,0.24401800519815017,0.24127091119598665,102.76168206727732,100.7007310827472,XLB,素材,value,Leading,11.0,0.0,-1.0
2026-01-12,47.90477752685547,0.2451093483258563,0.24255039023927655,102.91209213419431,100.66797206587854,XLB,素材,value,Leading,11.0,0.0,-1.0
2026-01-13,48.112117767333984,0.24617022437724645,0.24375700161859987,102.9918708870288,100.33974349951413,XLB,素材,value,Leading,11.0,0.0,-1.0
2026-01-14,48.13186264038086,0.24515569214479246,0.2442232317939974,102.8730972569169,100.23846695197078,XLB,素材,value,Leading,11.0,0.0,-1.0
2026-01-15,48.33919906616211,0.24512600519058145,0.24452415625952542,102.73186037071001,99.74041348587329,XLB,素材,value,Weakening,11.0,0.0,-1.0
2026-01-16,48.062747955322266,0.24434860881791026,0.24446564044565372,102.53809718629256,98.98363280963704,XLB,素材,value,Weakening,10.0,-1.0,-1.0
2026-01-20,47.57896423339844,0.24555293204518389,0.24482807097883047,102.45324236000464,98.61698100255487,XLB,素材,value,Weakening,10.0,-1.0,-1.0
2026-01-21,48.61565399169922,0.24672573437111597,0.24546062544292566,102.42617346111177,98.4799739588891,XLB,素材,value,Weakening,10.0,-1.0,-1.0
2026-01-22,48.89209747314453,0.2478055752595383,0.24624227538179655,102.42086254051625,98.68650288332402,XLB,素材,value,Weakening,11.0,0.0,0.0
2026-01-23,49.33639144897461,0.2511770709499868,0.24788720723785998,102.55194911739358,99.13892876107884,XLB,素材,value,Weakening,11.0,0.0,0.0
2026-01-26,49.3956298828125,0.250885409441319,0.24888660797234635,102.546006082066,99.44751691445832,XLB,素材,value,Weakening,11.0,1.0,2.0
2026-01-27,49.34626770019531,0.2510252858167353,0.24959950058714267,102.4898277679803,99.49084246997602,XLB,素材,value,Weakening,11.0,1.0,2.0
2026-01-28,49.316646575927734,0.25172242488513275,0.2503071420198061,102.43620127105201,99.43838120729887,XLB,素材,value,Weakening,10.0,0.0,1.0
2026-01-29,49.36601257324219,0.2516443703199042,0.2507528847865055,102.35020393094533,99.30971965183176,XLB,素材,value,Weakening,10.0,-1.0,-1.0
2026-01-30,48.64527130126953,0.24852119739200648,0.2500089889883391,102.11575694292178,98.7240457581083,XLB,素材,value,Weakening,10.0,-1.0,-1.0
2026-02-02,49.020450592041016,0.24915491721228852,0.24972429839632226,101.97172043932115,98.52315458148706,XLB,素材,value,Weakening,8.0,-3.0,-4.0
2026-02-03,50.05713653564453,0.2551031405993882,0.25151724579734425,102.1099813517965,98.84549555626928,XLB,素材,value,Weakening,8.0,-3.0,-4.0
2026-02-04,51.2320442199707,0.2588356845897887,0.2539567253948257,102.30504011979413,99.24267129325078,XLB,素材,value,Weakening,8.0,-2.0,-2.0
2026-02-05,49.85967254638672,0.2541096412404357,0.2540076973433624,102.18942144674345,99.17142295342971,XLB,素材,value,Weakening,8.0,-2.0,-1.0
2026-02-06,50.85686492919922,0.25445034479894413,0.25415524649522303,102.09972568570575,99.39353701871032,XLB,素材,value,Weakening,8.0,-2.0,-1.0
2026-02-09,51.51837158203125,0.2576071879277484,0.25530589363939815,102.13264946691862,99.682021793441,XLB,素材,value,Weakening,8.0,0.0,3.0
2026-02-10,52.239112854003906,0.2602850867506082,0.25696562467646816,102.21343088618687,99.58425583363757,XLB,素材,value,Weakening,8.0,0.0,3.0
2026-02-11,52.94010925292969,0.2633111276609486,0.25908079233796166,102.32524403359686,99.45431951545491,XLB,素材,value,Weakening,8.0,0.0,2.0
2026-02-12,52.16012954711914,0.2628815055144216,0.260347696730115,102.32868612903079,99.67138096834537,XLB,素材,value,Weakening,8.0,0.0,2.0
2026-02-13,52.6340446472168,0.26255020397463785,0.2610818658116226,102.27422067829832,99.74791996625774,XLB,素材,value,Weakening,8.0,0.0,2.0
2026-02-17,52.03178024291992,0.25999454004220657,0.26071942388848396,102.11934841983897,99.44676064259085,XLB,素材,value,Weakening,8.0,0.0,0.0
2026-02-18,52.34771728515625,0.2602240408947982,0.26055429622392207,102.00078546082757,99.12945754902309,XLB,素材,value,Weakening,8.0,0.0,0.0
2026-02-19,52.16012954711914,0.25984040074681286,0.2603163310648857,101.88808365363553,98.78096304746859,XLB,素材,value,Weakening,8.0,0.0,0.0
2026-02-20,52.28847885131836,0.25926730785832147,0.2599666566626977,101.77606707810038,98.63109560006936,XLB,素材,value,Weakening,9.0,1.0,1.0
2026-02-23,52.28847885131836,0.26214445547642434,0.2606925896006066,101.76976858532919,98.75380389544452,XLB,素材,value,Weakening,8.0,0.0,0.0
2026-02-24,52.683406829833984,0.2620343527269247,0.26113984397604595,101.73863638070713,98.98782609913573,XLB,素材,value,Weakening,8.0,0.0,0.0
2026-02-25,52.38721466064453,0.26040760511138655,0.2608957643544928,101.64913773688926,99.05996474179972,XLB,素材,value,Weakening,8.0,0.0,0.0
2026-02-26,52.327972412109375,0.258652019981885,0.2601478495636235,101.5226503545987,99.06112379829217,XLB,素材,value,Weakening,8.0,0.0,0.0
2026-02-27,52.73277282714844,0.2603477043203965,0.2602144678158812,101.47514981131239,99.1868639860393,XLB,素材,value,Weakening,7.0,-2.0,-3.0
2026-03-02,52.57480239868164,0.2600499134234225,0.2601596163517283,101.41974694862118,99.12874654957533,XLB,素材,value,Weakening,7.0,-1.0,-1.0
2026-03-03,51.281410217285156,0.2568029961967575,0.25904074296673807,101.27550675355957,98.9744130192668,XLB,素材,value,Weakening,6.0,-2.0,-2.0
2026-03-04,51.26166534423828,0.255679252607929,0.2579202461804684,101.13731119187055,98.92856288728017,XLB,素材,value,Weakening,6.0,-2.0,-2.0
2026-03-05,50.18548583984375,0.2532448342829564,0.2563617755479644,100.96564020309764,98.8899969961525,XLB,素材,value,Weakening,6.0,-2.0,-2.0
2026-03-06,49.227787017822266,0.2514083601000524,0.2547106370653271,100.78938426423133,98.72754984283529,XLB,素材,value,Weakening,6.0,-1.0,1.0
2026-03-09,49.35614013671875,0.2513534534481096,0.2535915758595879,100.66258665334541,98.65638133139697,XLB,素材,value,Weakening,6.0,-1.0,0.0
2026-03-10,49.247535705566406,0.2526951983640159,0.2532927833610639,100.61072380595428,98.82039250862132,XLB,素材,value,Weakening,6.0,0.0,2.0
2026-03-11,49.20804214477539,0.25332745307068877,0.25330433993093887,100.58752068011394,98.99142261020431,XLB,素材,value,Weakening,6.0,0.0,2.0
2026-03-12,49.05006790161133,0.25648074514566455,0.2543631416691808,100.66418763248367,99.35140429945277,XLB,素材,value,Weakening,6.0,0.0,2.0
2026-03-13,48.566280364990234,0.253964150712452,0.2542301446836045,100.62732246181804,99.54575919599635,XLB,素材,value,Weakening,6.0,0.0,1.0
2026-03-16,48.77362060546875,0.25316456899276013,0.2538749527866564,100.56776025452515,99.64157365252586,XLB,素材,value,Weakening,6.0,0.0,1.0
2026-03-17,48.89209747314453,0.25236856987133444,0.25337282514821574,100.49184478130852,99.60986709500996,XLB,素材,value,Weakening,6.0,0.0,0.0
2026-03-18,47.86528396606445,0.2503631859319624,0.2523696120761313,100.36095891432711,99.45969698214091,XLB,素材,value,Weakening,6.0,0.0,0.0
2026-03-19,47.13467025756836,0.24673294391446554,0.2504907226889094,100.13019487861291,99.00570794162506,XLB,素材,value,Weakening,6.0,0.0,0.0
2026-03-20,46.384307861328125,0.2464252298075238,0.2491355583951142,99.95014590025664,98.80062372848136,XLB,素材,value,Lagging,5.0,-1.0,-1.0
2026-03-23,47.15585708618164,0.24788161270629722,0.24871757649884188,99.87151786419932,98.78939738671244,XLB,素材,value,Lagging,5.0,-1.0,-1.0
2026-03-24,48.048397064208984,0.25227068873772995,0.24990194724513792,99.98022405485149,99.11979400642252,XLB,素材,value,Lagging,6.0,0.0,0.0
2026-03-25,49.00044250488281,0.25602860051319043,0.25194416500115546,100.19931904430108,99.75640301895018,XLB,素材,value,Weakening,6.0,0.0,0.0
2026-03-26,48.6830940246582,0.2567267043001244,0.2535383447674785,100.37198596398264,100.55983291194381,XLB,素材,value,Leading,9.0,3.0,3.0
2026-03-27,48.50458526611328,0.25934133201144277,0.2554726738487999,100.59576672786116,101.4166474279341,XLB,素材,value,Leading,9.0,4.0,5.0
2026-03-30,48.6830940246582,0.26083552270355664,0.2572602901337188,100.80799427417712,102.08254137406702,XLB,素材,value,Leading,9.0,4.0,5.0
2026-03-31,49.5557975769043,0.260185062343848,0.2582352142037619,100.91787337799501,102.11635251348875,XLB,素材,value,Leading,9.0,3.0,3.0
2026-04-01,50.0417366027832,0.26189039068643294,0.25945360636465226,101.06663376964288,101.95900404558385,XLB,素材,value,Leading,9.0,3.0,3.0
2026-04-02,49.99215316772461,0.26088565103567585,0.2599309545883268,101.11684154823824,101.66884829285422,XLB,素材,value,Leading,9.0,0.0,-3.0
2026-04-06,49.80372619628906,0.25878990864793616,0.25955060594152995,101.04289845499181,101.06011671875399,XLB,素材,value,Leading,9.0,0.0,-4.0
2026-04-07,49.664886474609375,0.25864199282012235,0.2592477349010608,100.97960404077274,100.4984800647645,XLB,素材,value,Leading,9.0,0.0,-4.0
2026-04-08,51.321044921875,0.261231869987402,0.25990911326317456,101.06686299334064,100.48009775000732,XLB,素材,value,Leading,9.0,0.0,-3.0
2026-04-09,51.24170684814453,0.26067000624472897,0.260162744257026,101.09373003059821,100.24490574317136,XLB,素材,value,Leading,10.0,1.0,-2.0
2026-04-10,51.529300689697266,0.26403922936439167,0.2614549059594813,101.29803763914896,100.61912240515163,XLB,素材,value,Leading,11.0,2.0,2.0
2026-04-13,51.75739288330078,0.2623001965024862,0.26173666947381624,101.32799993206481,100.89052104864875,XLB,素材,value,Leading,11.0,2.0,2.0
2026-04-14,51.57888412475586,0.2603088992636088,0.2612607460704138,101.22040935582046,100.82923830495422,XLB,素材,value,Leading,10.0,1.0,1.0
2026-04-15,50.9541130065918,0.2570656653049712,0.2598623858152663,100.93873630337606,99.98427515725719,XLB,素材,value,Weakening,9.0,0.0,0.0
2026-04-16,51.321044921875,0.25774252293061944,0.2591557648537174,100.78201096052273,99.56542347033736,XLB,素材,value,Weakening,9.0,-1.0,-2.0
2026-04-17,51.44996643066406,0.2551849236914339,0.2578321511329562,100.49693695682747,98.4271802434361,XLB,素材,value,Weakening,9.0,-2.0,-4.0
2026-04-20,51.797061920166016,0.25609969410525296,0.25725466545705516,100.3519261784282,98.09194527399747,XLB,素材,value,Weakening,9.0,-2.0,-4.0
2026-04-21,51.34088134765625,0.2554107506626137,0.2566400271922414,100.18951128950587,98.04125530404562,XLB,素材,value,Weakening,8.0,-2.0,-3.0
2026-04-22,51.4003791809082,0.25582042058261506,0.2563668249890326,100.09435046909765,98.49519329586212,XLB,素材,value,Weakening,8.0,-1.0,-1.0
2026-04-23,51.38054656982422,0.2557343566528744,0.2561560022103132,100.00900436012543,98.6823589849596,XLB,素材,value,Weakening,8.0,-1.0,0.0
2026-04-24,51.48963165283203,0.2568100712896964,0.2563740252367743,100.03028506495211,99.37681533967061,XLB,素材,value,Weakening,8.0,-1.0,1.0
2026-04-27,51.35079574584961,0.2564222215246113,0.25639009066605334,100.00447873103491,99.65380333319467,XLB,素材,value,Weakening,8.0,-1.0,1.0
2026-04-28,50.97394561767578,0.25584634859920224,0.25620884331043636,99.92850914298312,99.85604123953173,XLB,素材,value,Lagging,7.0,-1.0,1.0
2026-04-29,50.53759002685547,0.2540991706180681,0.255505619079647,99.71338250471611,99.60267902567182,XLB,素材,value,Lagging,5.0,-3.0,-2.0
2026-04-30,51.043365478515625,0.2528197920836019,0.2546103434142986,99.44333619407267,99.21239179330762,XLB,素材,value,Lagging,4.0,-4.0,-3.0
2026-05-01,50.92435836791992,0.2530013877488146,0.25407402485913727,99.25967130369324,98.7823628569478,XLB,素材,value,Lagging,4.0,-4.0,-3.0
2026-05-04,50.230159759521484,0.2510128750056617,0.25305364157464544,98.93062989762969,98.17665211264492,XLB,素材,value,Lagging,3.0,-5.0,-4.0
2026-05-05,51.102867126464844,0.25336359050491797,0.2531569578847363,98.94261040732319,98.41789368366041,XLB,素材,value,Lagging,3.0,-4.0,-3.0
2026-05-06,51.97557067871094,0.2556650906660694,0.2539930021451807,99.18735229110793,99.39928237530394,XLB,素材,value,Lagging,4.0,-1.0,2.0
2026-05-07,50.97394561767578,0.2523519269374659,0.25344597707594246,99.03190707500693,99.64817452084273,XLB,素材,value,Lagging,3.0,-1.0,3.0
2026-05-08,51.16237258911133,0.2525897784592567,0.25316057753704724,98.95747652082908,99.88632939991368,XLB,素材,value,Lagging,5.0,1.0,5.0
2026-05-11,51.826812744140625,0.2560081053759168,0.2541097534833371,99.24190605120084,101.16278221835861,XLB,素材,value,Improving,6.0,3.0,8.0
2026-05-12,51.70780944824219,0.2556458675077341,0.25462179149146946,99.4030421833729,101.44348196803728,XLB,素材,value,Improving,6.0,3.0,7.0
2026-05-13,51.628475189208984,0.2563731795908226,0.2552055875245872,99.58873862504608,101.29427950523257,XLB,素材,value,Improving,6.0,2.0,3.0
2026-05-14,51.24170684814453,0.2535280293044275,0.25464640145120065,99.44881504054655,101.30461911021996,XLB,素材,value,Improving,6.0,3.0,4.0
2026-05-15,49.883060455322266,0.24937726935108698,0.2528900240844961,98.96748884371476,100.49040767079556,XLB,素材,value,Improving,4.0,-1.0,-2.0
2026-05-18,49.80372619628906,0.24745829121444698,0.25107944646114644,98.4888754421059,98.97606079136668,XLB,素材,value,Lagging,2.0,-4.0,-7.0
2026-05-19,48.633506774902344,0.24305810654550744,0.2484056664892668,97.8238500552323,97.49740686730524,XLB,素材,value,Lagging,1.0,-5.0,-8.0
2026-05-20,49.30786895751953,0.2437565235206558,0.24685595216639647,97.54377410899093,96.92566259347763,XLB,素材,value,Lagging,1.0,-5.0,-7.0
2026-05-21,49.605384826660156,0.2441731199891363,0.24596167477397643,97.47538423265453,97.26942997880427,XLB,素材,value,Lagging,1.0,-5.0,-8.0
2026-05-22,49.873146057128906,0.24326889999132162,0.24506408317975817,97.41946013780317,98.05786560995053,XLB,素材,value,Lagging,1.0,-3.0,-2.0
2026-05-26,50.567344665527344,0.24539587670424834,0.2451746810212549,97.59046897243846,99.11269113365448,XLB,素材,value,Lagging,1.0,-1.0,3.0
2026-05-27,50.755767822265625,0.24648831604936955,0.24561255936395981,97.8099308894413,100.50462656951277,XLB,素材,value,Improving,2.0,1.0,6.0
2026-05-28,50.93427658081055,0.24645251348389302,0.24589254407060424,97.97448929122392,101.17423412335128,XLB,素材,value,Improving,4.0,3.0,8.0
2026-05-29,50.726016998291016,0.2447631355548471,0.24551607456535188,97.98359851539338,101.25865368679237,XLB,素材,value,Improving,4.0,3.0,8.0
2026-06-01,50.497920989990234,0.24321992561630826,0.24475069158233737,97.91400092583638,101.20241282156204,XLB,素材,value,Improving,6.0,5.0,8.0
2026-06-02,51.092952728271484,0.24511343722775517,0.24487160679747663,98.036314231,101.09583560599063,XLB,素材,value,Improving,7.0,6.0,7.0
2026-06-03,51.20204162597656,0.2465641444809953,0.2454357860253162,98.2369652203104,101.03671942929685,XLB,素材,value,Improving,7.0,5.0,4.0
2026-06-04,51.19211959838867,0.2446689269075185,0.24518016631938366,98.26069315589748,100.8026382188834,XLB,素材,value,Improving,8.0,4.0,1.0
2026-06-05,50.2103271484375,0.24344055245427385,0.24460029503101374,98.22095200893752,100.70737120247158,XLB,素材,value,Improving,7.0,3.0,0.0
2026-06-08,49.54587936401367,0.2404735969880949,0.2432247290167075,98.04108107758282,100.5233393286779,XLB,素材,value,Improving,3.0,-3.0,-8.0
2026-06-09,50.34916687011719,0.2425266680014265,0.24299204201161384,98.08758542549846,100.3938480454105,XLB,素材,value,Improving,3.0,-4.0,-10.0
2026-06-10,49.18886184692383,0.2399892357613929,0.24199110659487355,98.00078195746033,99.95528704587446,XLB,素材,value,Lagging,3.0,-4.0,-9.0
2026-06-11,50.79543685913086,0.24402305007247543,0.24266842108740752,98.206984689927,100.22349786534498,XLB,素材,value,Improving,3.0,-5.0,-9.0
2026-06-12,51.74747848510742,0.24636502693448425,0.24390062303643312,98.48451229028763,100.6872842074356,XLB,素材,value,Improving,5.0,-2.0,-5.0
2026-06-15,52.06482696533203,0.24644368393717006,0.24474831000334546,98.67713678820473,101.21266675785768,XLB,素材,value,Improving,6.0,3.0,6.0
2026-06-16,52.28300476074219,0.2483045647596005,0.24593372825543047,98.91265957484748,101.44472941807383,XLB,素材,value,Improving,5.0,2.0,6.0
2026-06-17,51.58880615234375,0.2487356938815088,0.24686771679745662,99.09350369029492,101.75710963477366,XLB,素材,value,Improving,7.0,4.0,8.0
2026-06-18,51.38054656982422,0.24658705883421245,0.2467741641430419,99.09317220696069,101.4125824452634,XLB,素材,value,Improving,7.0,4.0,9.0
2026-06-22,51.3835334777832,0.24606022612013526,0.24653618480207304,99.06473861524563,100.9550540440288,XLB,素材,value,Improving,7.0,2.0,4.0
2026-06-23,50.636966705322266,0.24332093489717527,0.24546443483377378,98.90145486630291,100.44091398366002,XLB,素材,value,Improving,5.0,-1.0,-4.0
2026-06-24,50.92564010620117,0.24297494268821448,0.24463460411858737,98.7904900602826,99.94777643080339,XLB,素材,value,Lagging,4.0,-1.0,-3.0
2026-06-25,51.60252380371094,0.24461155539790552,0.24462692121169344,98.82200635941653,99.7410069943116,XLB,素材,value,Lagging,5.0,-2.0,-6.0
2026-06-26,51.363624572753906,0.2451462032511071,0.24480001522483136,98.88371826490386,99.83773079688336,XLB,素材,value,Lagging,4.0,-3.0,-7.0
2026-06-29,50.42792892456055,0.23758500712824449,0.24239501252596907,98.55009637843665,99.43175720427104,XLB,素材,value,Lagging,4.0,-3.0,-5.0
2026-06-30,50.59715270996094,0.23869598317750604,0.24116200274314809,98.41694138261698,99.49807124314619,XLB,素材,value,Lagging,4.0,-1.0,0.0
2026-07-01,50.78628158569336,0.238869706327023,0.24039790393777305,98.36213449969344,99.60250263014076,XLB,素材,value,Lagging,4.0,0.0,1.0
2026-07-02,51.77174377441406,0.24180517429304915,0.24086699405619844,98.48770690031584,99.76362814532816,XLB,素材,value,Lagging,6.0,1.0,3.0
2026-07-06,51.74188232421875,0.2415645608009362,0.24109951630444437,98.56974968491924,99.81612275249411,XLB,素材,value,Lagging,6.0,2.0,5.0
2026-07-07,51.2740364074707,0.23968134098486824,0.24062679119791902,98.54458994212523,100.29544386660369,XLB,素材,value,Improving,6.0,2.0,5.0
2026-07-08,49.93022155761719,0.23618241082783697,0.23914533107455835,98.37444411081134,100.24481671421673,XLB,素材,value,Improving,3.0,-1.0,0.0
2026-07-09,50.029762268066406,0.2352122789148392,0.2378343136879853,98.23763309564977,100.12659510353689,XLB,素材,value,Improving,2.0,-2.0,-2.0
2026-07-10,50.65687561035156,0.23727155320592033,0.23764672686063032,98.26816594572986,99.98722478137928,XLB,素材,value,Lagging,2.0,-4.0,-5.0
2026-07-13,50.34830093383789,0.23590328914316583,0.23706558095480884,98.23213469934807,99.81858283535396,XLB,素材,value,Lagging,1.0,-5.0,-7.0
2026-07-14,50.40802001953125,0.23704616004580278,0.2370591073184735,98.27589764936529,99.93757008428304,XLB,素材,value,Lagging,1.0,-5.0,-7.0
2026-07-15,50.2686653137207,0.23692361646592497,0.23701394370095735,98.31146883881443,100.2633292423254,XLB,素材,value,Improving,1.0,-2.0,-1.0
2026-07-16,50.65687561035156,0.23643305709526927,0.23682031483239466,98.32855836831092,100.49534948786894,XLB,素材,value,Improving,1.0,-1.0,1.0
2026-07-17,50.298526763916016,0.2366199425025393,0.2367535240557762,98.36477882818242,100.4932017582333,XLB,素材,value,Improving,1.0,-1.0,3.0
2026-07-20,49.80081558227539,0.23532631063296164,0.23627778624817136,98.34286283512994,100.4948946462353,XLB,素材,value,Improving,1.0,0.0,5.0
2026-07-21,49.8704948425293,0.23527899489332185,0.2359448557965549,98.34440302657933,100.40797036032995,XLB,素材,value,Improving,1.0,0.0,5.0
2026-07-22,50.587196350097656,0.2387275644914546,0.23687242536152148,98.53446909853768,100.62564773223507,XLB,素材,value,Improving,2.0,1.0,3.0
2026-07-23,50.059627532958984,0.23710740990163756,0.2369507535415602,98.58829650656163,100.65987876825899,XLB,素材,value,Improving,2.0,1.0,2.0
2026-07-24,51.02518081665039,0.23981356498386272,0.23790502402232772,98.77343818714616,100.86873227232645,XLB,素材,value,Improving,3.0,2.0,3.0
2026-07-27,51.15458679199219,0.23862291336354852,0.23814432046940132,98.84193094377295,100.98290777352352,XLB,素材,value,Improving,3.0,2.0,2.0
2026-07-28,52.10023498535156,0.24023188458820222,0.2388401751756683,98.98110251674805,101.16455368344575,XLB,素材,value,Improving,4.0,3.0,3.0
2026-07-29,51.502986907958984,0.23963559809685886,0.2391053161493985,99.04961594327396,100.94774514735545,XLB,素材,value,Improving,5.0,3.0,2.0
2026-07-30,51.4034423828125,0.23956108410269628,0.2392572388004978,99.09994078611618,100.91536563180003,XLB,素材,value,Improving,6.0,4.0,3.0
2026-07-31,50.1989860534668,0.23435042184405525,0.23762163314835028,98.84730218546908,100.22142532241834,XLB,素材,value,Improving,6.0,3.0,1.0
2026-08-03,50.77632522583008,0.23475284751852826,0.23666537127174295,98.71364246183678,99.8895036568255,XLB,素材,value,Lagging,3.0,0.0,-2.0
2026-08-04,51.76179122924805,0.23591864506313157,0.23641646253553916,98.70602888911668,99.63120682478564,XLB,素材,value,Lagging,2.0,-2.0,-5.0
2026-08-05,52.398860931396484,0.23936570605183302,0.2373995437076371,98.91078641789036,99.82511531926899,XLB,素材,value,Lagging,4.0,-1.0,-4.0
2026-08-06,51.93101119995117,0.2384766110297274,0.2377585661483339,98.99997667134222,99.87699141604959,XLB,素材,value,Lagging,5.0,-1.0,-5.0
2026-08-07,52.617855072021484,0.2399729481310877,0.2384966934759185,99.16008936260646,100.53743781645494,XLB,素材,value,Improving,5.0,-1.0,-4.0
2026-08-10,52.93638610839844,0.2412831428493931,0.2394255099337434,99.3599201075221,101.05390110920753,XLB,素材,value,Improving,7.0,4.0,4.0
2026-08-11,52.99611282348633,0.24104093232989407,0.23996398406579364,99.48888630326834,101.2511696076279,XLB,素材,value,Improving,7.0,5.0,7.0
2026-08-12,52.33913803100586,0.23763289396748333,0.23918695403302356,99.34920666980504,100.69523222390175,XLB,素材,value,Improving,6.0,2.0,3.0
2026-08-13,52.07037353515625,0.23466128058338478,0.23767839621647732,99.02972638702947,100.04402634804022,XLB,素材,value,Improving,5.0,0.0,1.0
2026-08-14,52.299320220947266,0.23565072928908315,0.23700250724067928,98.87125328204976,99.54437361385922,XLB,素材,value,Lagging,4.0,-1.0,0.0
2026-08-17,52.000694274902344,0.23640639020277127,0.23680380156137665,98.82447845564089,99.16237208848034,XLB,素材,value,Lagging,4.0,-3.0,-7.0
2026-08-18,51.54280090332031,0.23539082863915278,0.23633281058730204,98.71535835135191,98.7788349653755,XLB,素材,value,Lagging,4.0,-3.0,-8.0
2026-08-19,52.27941131591797,0.23630354288734773,0.2363230546873173,98.74136997134461,98.97512640085968,XLB,素材,value,Lagging,5.0,-1.0,-3.0
2026-08-20,52.179866790771484,0.23777014975725563,0.23680541971063007,98.90251686744958,99.70679841918296,XLB,素材,value,Lagging,5.0,0.0,0.0
2026-08-21,53.29473876953125,0.24132753484238642,0.23831279142121553,99.33832316712211,100.8563682724853,XLB,素材,value,Improving,8.0,4.0,5.0
2026-08-24,53.334556579589844,0.24122489283424767,0.23928349189222625,99.62773459574746,101.63166514862989,XLB,素材,value,Improving,8.0,4.0,7.0
2026-08-25,53.334556579589844,0.2413989207217298,0.23998863483539412,99.84556119675214,102.3216633342457,XLB,素材,value,Improving,8.0,4.0,7.0
2026-08-26,53.42414093017578,0.2414342563821359,0.24047050868430808,100.00507501141541,102.45738468327048,XLB,素材,value,Leading,8.0,3.0,4.0
2026-08-27,52.98615646362305,0.2401685827469982,0.2403698667052048,100.00136649634187,102.00466896809144,XLB,素材,value,Leading,8.0,3.0,3.0
2026-08-28,52.93638610839844,0.2407692787628157,0.24050300405774178,100.06509162199337,101.18771570782934,XLB,素材,value,Leading,8.0,0.0,-4.0
2026-08-31,52.448631286621094,0.23996437751512328,0.24032346187686895,100.03285431108375,100.50441259128117,XLB,素材,value,Leading,8.0,0.0,-4.0
2026-09-01,51.83147048950195,0.23910245860790103,0.239916460787213,99.93192998224293,99.83385599482118,XLB,素材,value,Lagging,8.0,0.0,-4.0
2026-09-02,52.70743942260742,0.24201996213702975,0.24061762790381858,100.1761321450091,100.02440900274921,XLB,素材,value,Leading,8.0,0.0,-3.0
2026-09-03,52.37895202636719,0.23892680204502048,0.2400540192842192,100.024272874417,99.71460717838303,XLB,素材,value,Weakening,8.0,0.0,-3.0
2026-09-04,52.19977569580078,0.23925110758816434,0.23978638205220093,99.96180405432659,99.45588198672671,XLB,素材,value,Lagging,8.0,0.0,0.0
2026-09-08,51.702064514160156,0.2394519076669494,0.23967489059045044,99.94309974516037,99.49338793819297,XLB,素材,value,Lagging,6.0,-2.0,-2.0
2026-09-09,51.15458679199219,0.23922323504497547,0.23952433874195878,99.91056144709295,99.64263842799359,XLB,素材,value,Lagging,6.0,-2.0,-2.0
2026-09-10,50.527469635009766,0.2379199707831417,0.23898954942235312,99.74621385461198,98.78274722993939,XLB,素材,value,Lagging,6.0,-2.0,-2.0
2026-09-11,50.71660232543945,0.2369211493204961,0.23830008272173414,99.53456192048327,98.68734232955973,XLB,素材,value,Lagging,6.0,-2.0,-2.0
2026-09-14,50.25871276855469,0.2346292517961443,0.2370764724132042,99.1473560498878,98.09924918769349,XLB,素材,value,Lagging,5.0,-3.0,-3.0
2026-09-15,50.49760818481445,0.2369014061418632,0.23701811698942388,99.15211931198374,98.22426243097921,XLB,素材,value,Lagging,5.0,-1.0,1.0
2026-09-16,50.12930679321289,0.23703477511318097,0.23702366969734293,99.17229173992845,98.38601760400708,XLB,素材,value,Lagging,5.0,-1.0,1.0
2026-09-17,50.477699279785156,0.23752962921583567,0.23719232287017386,99.24436217486304,98.88053093212505,XLB,素材,value,Lagging,5.0,-1.0,1.0
2026-09-18,49.76100158691406,0.23528217090594478,0.23655560554876418,98.99455876087244,98.83313369823209,XLB,素材,value,Lagging,5.0,-1.0,1.0
2026-09-21,49.709999084472656,0.23373143124117354,0.23561421411290065,98.58039439622031,98.81568526101557,XLB,素材,value,Lagging,2.0,-3.0,0.0
2026-09-22,50.529998779296875,0.23745299837710448,0.23622714220096863,98.84367183222665,99.36966173281766,XLB,素材,value,Lagging,4.0,-1.0,0.0
2026-09-23,50.279998779296875,0.23794424949228835,0.23679951129807522,99.11947036638352,99.89600063254565,XLB,素材,value,Lagging,5.0,0.0,1.0
2026-09-24,49.68000030517578,0.23627890042373512,0.23662597433996188,99.02418258297251,99.54767325544516,XLB,素材,value,Lagging,5.0,0.0,1.0
2026-09-25,49.79999923706055,0.23589597410393193,0.23638264092795191,98.85533937050504,99.7127683620297,XLB,素材,value,Lagging,3.0,-2.0,-1.0
2026-09-28,49.79999923706055,0.23589597410393193,0.23622041865327859,98.76763390162188,100.36929169959348,XLB,素材,value,Improving,3.0,1.0,4.0
2024-09-30,78.66905212402344,0.4536414465267358,0.4536414465267358,,,XLP,生活必需品,defensive,,,,
2024-10-01,78.4036636352539,0.4545211486608057,0.45393468057142583,,,XLP,生活必需品,defensive,,,,
2024-10-02,77.74018859863281,0.4511558720659993,0.453008411069617,,,XLP,生活必需品,defensive,,,,
2024-10-03,76.96297454833984,0.4487630212214291,0.451593281120221,,,XLP,生活必需品,defensive,,,,
2024-10-04,77.21888732910156,0.44675032297169626,0.4499789617373795,,,XLP,生活必需品,defensive,,,,
2024-10-07,76.45115661621094,0.4457786646150818,0.4485788626966136,,,XLP,生活必需品,defensive,,,,
2024-10-08,76.83028411865234,0.4469297944290502,0.44802917327409253,,,XLP,生活必需品,defensive,,,,
2024-10-09,77.29472351074219,0.44656383165727476,0.4475407260684866,,,XLP,生活必需品,defensive,,,,
2024-10-10,76.95350646972656,0.4462646317034266,0.4471153612801333,,,XLP,生活必需品,defensive,,,,
2024-10-11,77.38002014160156,0.44437287252192564,0.4462011983607308,,,XLP,生活必需品,defensive,,,,
2024-10-14,77.69278717041016,0.442919108770994,0.4451071684974852,,,XLP,生活必需品,defensive,,,,
2024-10-15,78.18566131591797,0.44775498387585,0.44598977362360687,,,XLP,生活必需品,defensive,,,,
2024-10-16,78.12879943847656,0.4444238541930133,0.44546780048007567,,,XLP,生活必需品,defensive,,,,
2024-10-17,77.77809143066406,0.4431364325885603,0.4446906778495706,,,XLP,生活必需品,defensive,,,,
2024-10-18,77.9487075805664,0.4427899971144889,0.44405711760454336,,,XLP,生活必需品,defensive,,,,
2024-10-21,77.29472351074219,0.4428491386511443,0.44365445795341035,,,XLP,生活必需品,defensive,,,,
2024-10-22,77.73070526123047,0.4473565864828072,0.4448885007965427,,,XLP,生活必需品,defensive,,,,
2024-10-23,77.57904815673828,0.44795608634816114,0.4459110293137489,,,XLP,生活必需品,defensive,,,,
2024-10-24,77.47480010986328,0.4472540858912307,0.4463587148395762,,,XLP,生活必需品,defensive,,,,
2024-10-25,76.83028411865234,0.4456500930172908,0.44612250756548105,,,XLP,生活必需品,defensive,,,,
2024-10-28,76.97245025634766,0.44395717423980463,0.44540072979025563,,,XLP,生活必需品,defensive,,,,
2024-10-29,76.21420288085938,0.4409129986768481,0.44390481941911986,,,XLP,生活必需品,defensive,,,,
2024-10-30,76.09098052978516,0.44116364011468295,0.4429910929843076,,,XLP,生活必需品,defensive,,,,
2024-10-31,75.93933868408203,0.445029743403013,0.4436706431238761,,,XLP,生活必需品,defensive,,,,
2024-11-01,75.96776580810547,0.44491867399382823,0.44408665341386017,,,XLP,生活必需品,defensive,,,,
2024-11-04,76.17628479003906,0.4456094302349204,0.4445942456875469,,,XLP,生活必需品,defensive,,,,
2024-11-05,76.65966796875,0.44326678407193953,0.44415175848234445,,,XLP,生活必需品,defensive,,,,
2024-11-06,75.4085464477539,0.4259481230087986,0.43808387999116255,,,XLP,生活必需品,defensive,,,,
2024-11-07,75.68342590332031,0.4270804936579267,0.4344160845467506,,,XLP,生活必需品,defensive,,,,
2024-11-08,76.60279083251953,0.42987348282052684,0.43290188397134277,,,XLP,生活必需品,defensive,,,,
2024-11-11,76.3374252319336,0.4262541519067928,0.43068597328315944,,,XLP,生活必需品,defensive,,,,
2024-11-12,76.42271423339844,0.43000747810871676,0.4304598082250119,,,XLP,生活必需品,defensive,,,,
2024-11-13,76.65019226074219,0.4310526448568923,0.43065742043563876,,,XLP,生活必需品,defensive,,,,
2024-11-14,76.46062469482422,0.4334549926542487,0.43158994450850874,,,XLP,生活必需品,defensive,,,,
2024-11-15,75.78767395019531,0.4327268085966496,0.4319688992045557,,,XLP,生活必需品,defensive,,,,
2024-11-18,76.31845092773438,0.43400646947927096,0.4326480892961275,,,XLP,生活必需品,defensive,,,,
2024-11-19,76.42271423339844,0.4357747923943082,0.4336903236621878,,,XLP,生活必需品,defensive,,,,
2024-11-20,76.03410339355469,0.4321039962351322,0.4331615478531693,,,XLP,生活必需品,defensive,,,,
2024-11-21,76.85871124267578,0.43135650880416404,0.43255986817016756,,,XLP,生活必需品,defensive,,,,
2024-11-22,77.56957244873047,0.4319436352415944,0.4323544571939765,,,XLP,生活必需品,defensive,,,,
2024-11-25,77.99610137939453,0.4304212266091644,0.43171004699903914,,,XLP,生活必需品,defensive,,,,
2024-11-26,78.31834411621094,0.4321533435261713,0.43185781250808325,,,XLP,生活必需品,defensive,,,,
2024-11-27,78.4794921875,0.4334593255582739,0.4323916501914801,,,XLP,生活必需品,defensive,,,,
2024-11-29,78.8775634765625,0.43433440838938625,0.43303923625744883,,,XLP,生活必需品,defensive,,,,
2024-12-02,78.78279876708984,0.4349020303505145,0.4336601676218041,,,XLP,生活必需品,defensive,,,,
2024-12-03,78.37522888183594,0.4345794653463336,0.4339666001966473,,,XLP,生活必需品,defensive,,,,
2024-12-04,78.1572265625,0.43334742823823674,0.4337602095438438,,,XLP,生活必需品,defensive,,,,
2024-12-05,78.47000885009766,0.4372641651414121,0.43492819474303324,,,XLP,生活必需品,defensive,,,,
2024-12-06,78.08140563964844,0.4355920609202355,0.43514948346876736,,,XLP,生活必需品,defensive,,,,
2024-12-09,77.95818328857422,0.43669677147820546,0.4356652461385801,,,XLP,生活必需品,defensive,,,,
2024-12-10,78.32784271240234,0.4414723521064028,0.4376009481278544,,,XLP,生活必需品,defensive,,,,
2024-12-11,77.73070526123047,0.43770089124418554,0.4376342624999648,,,XLP,生活必需品,defensive,,,,
2024-12-12,77.95818328857422,0.44059071836207625,0.4386197477873353,,,XLP,生活必需品,defensive,,,,
2024-12-13,77.75914001464844,0.4410098352711082,0.43941644361525967,,,XLP,生活必需品,defensive,,,,
2024-12-16,77.3515853881836,0.4401482310894918,0.4396603727733371,,,XLP,生活必需品,defensive,,,,
2024-12-17,77.21888732910156,0.44288123705977417,0.4407339942021495,,,XLP,生活必需品,defensive,,,,
2024-12-18,76.04360961914062,0.44943944455436846,0.4436358109862225,,,XLP,生活必需品,defensive,,,,
2024-12-19,75.50333404541016,0.44773185492080203,0.4450011589644157,,,XLP,生活必需品,defensive,,,,
2024-12-20,75.76873016357422,0.4430998575196425,0.44436739181615803,,,XLP,生活必需品,defensive,,,,
2024-12-23,75.36952209472656,0.4401651794486325,0.44296665436031624,,,XLP,生活必需品,defensive,,,,
2024-12-24,75.86612701416016,0.4397476208165287,0.4418936431790537,,,XLP,生活必需品,defensive,,,,
2024-12-26,76.10488891601562,0.440412469521701,0.4413999186266028,,,XLP,生活必需品,defensive,,,,
2024-12-27,75.732421875,0.4412582902628186,0.44135270917200814,100.11773363285691,,XLP,生活必需品,defensive,,7.0,,
2024-12-30,74.84427642822266,0.44052133535682986,0.44107558456694873,100.10953232853379,,XLP,生活必需品,defensive,,7.0,,
2024-12-31,75.07347869873047,0.44106344184565466,0.4410715369931841,100.14635532141531,,XLP,生活必需品,defensive,,7.0,,
2025-01-02,74.84427642822266,0.4410003769860661,0.44104781699081147,100.17988405805109,,XLP,生活必需品,defensive,,7.0,,
2025-01-03,74.80607604980469,0.4367755048185269,0.4396237129333833,99.97064466194509,,XLP,生活必需品,defensive,,7.0,,
2025-01-06,74.0229721069336,0.4324974889989357,0.43724830495523415,99.58131697709287,,XLP,生活必需品,defensive,,6.0,-1.0,
2025-01-07,73.76510620117188,0.43243890687983144,0.43564517226343324,99.31937158124852,,XLP,生活必需品,defensive,,4.0,-3.0,
2025-01-08,73.8988037109375,0.43270514515450725,0.4346651632271246,99.16721727772858,,XLP,生活必需品,defensive,,4.0,-3.0,
2025-01-10,72.90559387207031,0.43322204944305165,0.43418412529910033,99.10562139800804,,XLP,生活必需品,defensive,,4.0,-3.0,
2025-01-13,73.02975463867188,0.43043192231127203,0.4329333909698243,98.90317810164494,,XLP,生活必需品,defensive,,3.0,-4.0,
2025-01-14,73.0488510131836,0.4270968548315006,0.4309878789237164,98.58129908627858,,XLP,生活必需品,defensive,,2.0,-4.0,-3.0
2025-01-15,72.8005599975586,0.4215986605854451,0.427858139477626,98.07700294806506,,XLP,生活必需品,defensive,,1.0,-3.0,0.0
2025-01-16,73.34489440917969,0.4214320953536681,0.42571612476964005,97.79337025551838,,XLP,生活必需品,defensive,,1.0,-3.0,0.0
2025-01-17,73.76510620117188,0.4217984134320197,0.4244102209904333,97.68821562947578,,XLP,生活必需品,defensive,,1.0,-3.0,0.0
2025-01-21,74.1089096069336,0.41890154643692296,0.42257399613926316,97.52749580018858,,XLP,生活必需品,defensive,,1.0,-2.0,2.0
2025-01-22,73.74600982666016,0.41832016317972653,0.4211560518194176,97.46496088501083,,XLP,生活必需品,defensive,,1.0,-1.0,3.0
2025-01-23,74.01342010498047,0.41785700933017533,0.4200563709896702,97.46604299178833,,XLP,生活必需品,defensive,,1.0,0.0,3.0
2025-01-24,74.39541625976562,0.4203825225755297,0.42016508818495674,97.62651630949341,,XLP,生活必需品,defensive,,1.0,0.0,3.0
2025-01-27,76.41048431396484,0.43148473374396284,0.4239383033712921,98.25462826320528,,XLP,生活必需品,defensive,,1.0,0.0,3.0
2025-01-28,75.21672058105469,0.4268508541904382,0.42490915364434084,98.44783586118628,,XLP,生活必需品,defensive,,1.0,0.0,2.0
2025-01-29,75.3981704711914,0.4293005207771327,0.4263729426886048,98.70176083581997,,XLP,生活必需品,defensive,,1.0,0.0,1.0
2025-01-30,76.14308166503906,0.42896301270664544,0.42723629936128504,98.86319621512409,,XLP,生活必需品,defensive,,2.0,1.0,1.0
2025-01-31,75.42682647705078,0.42844469256330736,0.4276390970952925,98.95574725283399,,XLP,生活必需品,defensive,,2.0,1.0,1.0
2025-02-03,75.72288513183594,0.43248879968981546,0.4292556646268002,99.22692359955258,,XLP,生活必需品,defensive,,3.0,2.0,2.0
2025-02-04,75.08301544189453,0.42831143484455364,0.42894092136605133,99.20521203452014,,XLP,生活必需品,defensive,,3.0,2.0,2.0
2025-02-05,75.55098724365234,0.4288896324859561,0.4289238250726862,99.22821499343554,,XLP,生活必需品,defensive,,1.0,0.0,0.0
2025-02-06,75.89478302001953,0.4314122699700456,0.4297533067051394,99.38269589449915,,XLP,生活必需品,defensive,,1.0,-1.0,-2.0
2025-02-07,75.78018188476562,0.4328881053373579,0.4307982395825456,99.57466453774015,,XLP,生活必需品,defensive,,2.0,0.0,-1.0
2025-02-10,76.24813079833984,0.4343321151689068,0.4319761981113327,99.78265461291973,,XLP,生活必需品,defensive,,3.0,0.0,-2.0
2025-02-11,76.9834976196289,0.43847246827126174,0.43414162149797575,100.13990252664182,,XLP,生活必需品,defensive,,6.0,3.0,1.0
2025-02-12,76.92619323730469,0.4407061809893433,0.4363298079950983,100.49029550748506,,XLP,生活必需品,defensive,,6.0,5.0,5.0
2025-02-13,77.75704193115234,0.44163221609542935,0.43809727736187537,100.75901484878344,,XLP,生活必需品,defensive,,7.0,6.0,7.0
2025-02-14,76.9834976196289,0.4376733331326503,0.4379559626188004,100.71478708631939,,XLP,生活必需品,defensive,,7.0,5.0,5.0
2025-02-18,77.26045227050781,0.4359018993212768,0.43727127485295925,100.58516238112716,,XLP,生活必需品,defensive,,6.0,3.0,3.0
2025-02-19,77.88121032714844,0.4385150387470623,0.4376858628176603,100.63556405446761,,XLP,生活必需品,defensive,,6.0,0.0,-3.0
2025-02-20,77.57560729980469,0.43789593380839864,0.4377558864812398,100.63039775930316,,XLP,生活必需品,defensive,,6.0,0.0,-5.0
2025-02-21,78.48284912109375,0.4493241336703507,0.4416119688776101,101.21918050299078,,XLP,生活必需品,defensive,,7.0,0.0,-6.0
2025-02-24,78.72161865234375,0.450315511519352,0.4445131497581908,101.62136381067022,,XLP,生活必需品,defensive,,9.0,2.0,-3.0
2025-02-25,79.83897399902344,0.45625083438022346,0.4484257112988684,102.11612416781881,,XLP,生活必需品,defensive,,11.0,5.0,2.0
2025-02-26,78.31096649169922,0.44846478513493165,0.4484387359108895,102.01117551085612,,XLP,生活必需品,defensive,,10.0,4.0,4.0
2025-02-27,78.30140686035156,0.4523606394944975,0.4497460371054255,102.08548047728199,,XLP,生活必需品,defensive,,11.0,5.0,5.0
2025-02-28,79.34236907958984,0.45333749317022726,0.4509431891270261,102.13107210827992,,XLP,生活必需品,defensive,,11.0,4.0,4.0
2025-03-03,79.7625732421875,0.4606470094850287,0.454177795913027,102.40437306932846,,XLP,生活必需品,defensive,,10.0,1.0,-1.0
2025-03-04,78.40645599365234,0.46025099149603715,0.4562021944406971,102.48524019389033,,XLP,生活必需品,defensive,,9.0,-2.0,-7.0
2025-03-05,78.73117065429688,0.4579013250113927,0.4567685712975956,102.39078694147582,,XLP,生活必需品,defensive,,9.0,-1.0,-5.0
2025-03-06,78.87442016601562,0.4638708319177015,0.4591359915042976,102.48663796841024,,XLP,生活必需品,defensive,,9.0,-2.0,-7.0
2025-03-07,79.13227081298828,0.46106765978231895,0.45977988093030475,102.39371505295931,,XLP,生活必需品,defensive,,9.0,-2.0,-6.0
2025-03-10,78.96038055419922,0.46664228585980533,0.4620673492401383,102.45949040910796,,XLP,生活必需品,defensive,,10.0,0.0,-1.0
2025-03-11,77.8048095703125,0.4660194813627979,0.4633847266143582,102.42255710632803,,XLP,生活必需品,defensive,,11.0,2.0,4.0
2025-03-12,76.11443328857422,0.45805344922848545,0.4616076341524007,102.12971117317826,,XLP,生活必需品,defensive,,8.0,-1.0,0.0
2025-03-13,75.7610855102539,0.46034016607030454,0.46118514479170203,101.98698062795197,,XLP,生活必需品,defensive,,9.0,0.0,2.0
2025-03-14,75.93297576904297,0.45275332078824954,0.45837453679055123,101.66762656817707,,XLP,生活必需品,defensive,,8.0,-1.0,1.0
2025-03-17,77.04078674316406,0.453242324802069,0.4566637994610572,101.46588531259258,,XLP,生活必需品,defensive,,6.0,-4.0,-4.0
2025-03-18,76.16217803955078,0.4504156226769104,0.4545810738663416,101.24958336012193,,XLP,生活必需品,defensive,,6.0,-5.0,-7.0
2025-03-19,76.16217803955078,0.4471024840636758,0.4520882105987864,101.01320149527015,,XLP,生活必需品,defensive,,6.0,-2.0,-1.0
2025-03-20,75.78972625732422,0.4467757335728392,0.45031738492347073,100.8455814832449,,XLP,生活必需品,defensive,,6.0,-3.0,-3.0
2025-03-21,75.7610855102539,0.44866215848900565,0.44976564277864906,100.78369363554721,,XLP,生活必需品,defensive,,6.0,-2.0,-1.0
2025-03-24,76.2295913696289,0.44454784952628146,0.4480263783611932,100.63201371907215,,XLP,生活必需品,defensive,,5.0,-1.0,3.0
2025-03-25,75.53834533691406,0.44157232283096887,0.4458750265177851,100.45273459123592,,XLP,生活必需品,defensive,,4.0,-2.0,3.0
2025-03-26,76.70963287353516,0.4492651558013402,0.44700506961230346,100.54185142983256,,XLP,生活必需品,defensive,,4.0,-2.0,0.0
2025-03-27,77.58330535888672,0.4555538601888087,0.4498546664711386,100.76459321537911,,XLP,生活必需品,defensive,,5.0,-1.0,2.0
2025-03-28,77.19927215576172,0.46039648469047667,0.45336860587758465,101.02939468630979,,XLP,生活必需品,defensive,,7.0,1.0,3.0
2025-03-31,78.4089584350586,0.46375069344525804,0.4568293017334758,101.27407659629947,,XLP,生活必需品,defensive,,9.0,4.0,5.0
2025-04-01,78.524169921875,0.4639500557876736,0.4592028864182084,101.41811020637348,,XLP,生活必需品,defensive,,9.0,5.0,7.0
2025-04-02,78.29373931884766,0.45875261124355765,0.45905279469332483,101.36248691456373,,XLP,生活必需品,defensive,,9.0,5.0,7.0
2025-04-03,78.7449722290039,0.48447612702275755,0.4675272388031358,101.92778148247994,,XLP,生活必需品,defensive,,10.0,5.0,6.0
2025-04-04,75.32713317871094,0.4910165352485539,0.4753570042849419,102.36137614440865,,XLP,生活必需品,defensive,,10.0,3.0,2.0
2025-04-07,74.4534683227539,0.48940052984311827,0.4800381794710007,102.51182597763798,101.18579782245908,XLP,生活必需品,defensive,Leading,10.0,1.0,-3.0
2025-04-08,73.30138397216797,0.49109048129505567,0.483722280079019,102.56540046243526,101.0538032242327,XLP,生活必需品,defensive,Leading,10.0,1.0,-4.0
2025-04-09,76.14318084716797,0.47235457246734797,0.47993304420846206,102.18987849745172,100.68441708429044,XLP,生活必需品,defensive,Leading,10.0,1.0,-4.0
2025-04-10,76.18159484863281,0.489056647613327,0.48297424534341704,102.23988020083758,100.10487139005653,XLP,生活必需品,defensive,Leading,10.0,0.0,-5.0
2025-04-11,77.14165496826172,0.487823083355414,0.4845905246807494,102.20354369734397,99.56592197055295,XLP,生活必需品,defensive,Weakening,10.0,0.0,-3.0
2025-04-14,78.45696258544922,0.48988191398019115,0.48635432111389665,102.17695085540473,99.34632709643742,XLP,生活必需品,defensive,Weakening,10.0,0.0,-1.0
2025-04-15,77.79450225830078,0.4873194992777677,0.4866760471685203,102.08168394873223,99.1597383936944,XLP,生活必需品,defensive,Weakening,10.0,0.0,-1.0
2025-04-16,76.9592514038086,0.4883575520625054,0.4872365487998487,102.01085172710094,99.47737978047495,XLP,生活必需品,defensive,Weakening,10.0,0.0,-1.0
2025-04-17,78.60096740722656,0.49509560388684026,0.4898562338288459,102.0462756066277,99.42224510908989,XLP,生活必需品,defensive,Weakening,10.0,0.0,0.0
2025-04-21,77.85210418701172,0.5004391739860696,0.4933838805479205,102.11893214082255,99.5117235389818,XLP,生活必需品,defensive,Weakening,10.0,0.0,0.0
2025-04-22,78.95619201660156,0.4953233364510771,0.49403036584897275,102.0548773022518,99.42067232919841,XLP,生活必需品,defensive,Weakening,10.0,0.0,0.0
2025-04-23,78.50495910644531,0.48777380208934273,0.49194484459576276,101.87768236257142,99.27875340616133,XLP,生活必需品,defensive,Weakening,10.0,0.0,0.0
2025-04-24,77.81370544433594,0.4754346886897873,0.486441459293771,101.5617699435864,98.9475340670296,XLP,生活必需品,defensive,Weakening,10.0,0.0,0.0
2025-04-25,77.61209106445312,0.4748825697805464,0.48258849612269616,101.3374672308095,98.6308693804885,XLP,生活必需品,defensive,Weakening,9.0,-1.0,-1.0
2025-04-28,77.35287475585938,0.471971787817995,0.47904959335446246,101.13168956955043,98.33617815008073,XLP,生活必需品,defensive,Weakening,9.0,-1.0,-1.0
2025-04-29,77.99612426757812,0.4731352890681217,0.4770781585923489,101.00498930285104,98.3271605037943,XLP,生活必需品,defensive,Weakening,8.0,-2.0,-2.0
2025-04-30,78.56256866455078,0.4758952550566932,0.47668385741379704,100.95676251425573,98.54085712498915,XLP,生活必需品,defensive,Weakening,7.0,-3.0,-3.0
2025-05-01,77.88091278076172,0.47240845866016945,0.4752587244959212,100.85799251444932,98.84688998636965,XLP,生活必需品,defensive,Weakening,7.0,-3.0,-3.0
2025-05-02,78.30333709716797,0.4667363266669286,0.47241792521959036,100.68765567028456,98.94669412390842,XLP,生活必需品,defensive,Weakening,7.0,-2.0,-1.0
2025-05-05,78.23614501953125,0.46788742596869554,0.4709077588026255,100.58469385506099,99.10604642509976,XLP,生活必需品,defensive,Weakening,7.0,-2.0,-1.0
2025-05-06,78.10172271728516,0.47057185176577254,0.4707957897903412,100.55452443503178,99.25281092314687,XLP,生活必需品,defensive,Weakening,6.0,-2.0,0.0
2025-05-07,78.22653198242188,0.4682399201518051,0.46994383324416256,100.48403925714075,99.24670171105184,XLP,生活必需品,defensive,Weakening,6.0,-1.0,2.0
2025-05-08,78.13052368164062,0.46376372908512314,0.4678837985244828,100.34485151167492,99.21857892546933,XLP,生活必需品,defensive,Weakening,5.0,-2.0,1.0
2025-05-09,77.6792984008789,0.4611921751192753,0.46565325738941366,100.1918099565883,99.26350840389405,XLP,生活必需品,defensive,Weakening,5.0,-2.0,0.0
2025-05-12,77.79450225830078,0.44955430258574336,0.4602869391215236,99.8494407730688,98.9929179941655,XLP,生活必需品,defensive,Lagging,4.0,-3.0,-1.0
2025-05-13,76.74803924560547,0.44250872566877436,0.45436086797060715,99.46443072791536,98.59734581885654,XLP,生活必需品,defensive,Lagging,5.0,-1.0,1.0
2025-05-14,76.33521270751953,0.44279468186602206,0.45050547260241214,99.20154512324038,98.41045879904343,XLP,生活必需品,defensive,Lagging,5.0,-1.0,0.0
2025-05-15,77.9001235961914,0.4477905675859277,0.449600504263584,99.12153133618318,98.52562208988674,XLP,生活必需品,defensive,Lagging,5.0,0.0,2.0
2025-05-16,78.79296875,0.44851920138925383,0.44924006997214067,99.07400646477625,98.69706713095088,XLP,生活必需品,defensive,Lagging,5.0,0.0,2.0
2025-05-19,79.02339172363281,0.44988083390898137,0.4494536579510876,99.05970825918094,99.13805171933816,XLP,生活必需品,defensive,Lagging,5.0,1.0,4.0
2025-05-20,79.30181121826172,0.4526480194397993,0.45051844511399153,99.09988996480189,99.69120885742817,XLP,生活必需品,defensive,Lagging,5.0,0.0,1.0
2025-05-21,78.38014221191406,0.4573495080799537,0.45279546610264565,99.21895090583645,100.17823454006994,XLP,生活必需品,defensive,Improving,5.0,0.0,1.0
2025-05-22,78.0537338256836,0.45690216349559176,0.4541643652336277,99.2870041637889,100.37334673167545,XLP,生活必需品,defensive,Improving,5.0,0.0,0.0
2025-05-23,78.34174346923828,0.4604294414156915,0.4562527239609823,99.41002800905137,100.60894979043584,XLP,生活必需品,defensive,Improving,5.0,0.0,0.0
2025-05-27,79.05220031738281,0.45610191862019084,0.45620245551405186,99.39333563210131,100.6533244428587,XLP,生活必需品,defensive,Improving,5.0,0.0,-1.0
2025-05-28,78.51455688476562,0.45688485636424775,0.4564299224641172,99.39559024992312,100.64594835112537,XLP,生活必需品,defensive,Improving,5.0,0.0,0.0
2025-05-29,78.83138275146484,0.4576109459705199,0.45682359696625147,99.41150844360033,100.55339011809932,XLP,生活必需品,defensive,Improving,5.0,0.0,0.0
2025-05-30,79.52263641357422,0.4618068416517593,0.45848467852808744,99.5180175510993,100.63527174659903,XLP,生活必需品,defensive,Improving,5.0,0.0,0.0
2025-06-02,79.57064056396484,0.46171915016444304,0.459562835740206,99.58752773949819,100.57950700335002,XLP,生活必需品,defensive,Improving,5.0,0.0,0.0
2025-06-03,79.49384307861328,0.45746500855445965,0.4588635600116239,99.5334464232375,100.53149417585053,XLP,生活必需品,defensive,Improving,5.0,0.0,0.0
2025-06-04,78.93699645996094,0.4552833600891766,0.45767016003747485,99.44618781257938,100.40813502715704,XLP,生活必需品,defensive,Improving,4.0,-1.0,-1.0
2025-06-05,78.17854309082031,0.4521305871916002,0.45582363575551665,99.3184793838234,100.20641409178674,XLP,生活必需品,defensive,Improving,4.0,-1.0,-1.0
2025-06-06,78.42816925048828,0.4496905454955865,0.45377927233553994,99.18187964677439,99.85392033557545,XLP,生活必需品,defensive,Lagging,4.0,-1.0,-1.0
2025-06-09,78.32254791259766,0.44900958806855457,0.4521893775798782,99.08528782823456,99.61586417620312,XLP,生活必需品,defensive,Lagging,4.0,-1.0,-1.0
2025-06-10,78.49536895751953,0.44777051862379486,0.4507164245945171,99.00297326175435,99.58469154376128,XLP,生活必需品,defensive,Lagging,4.0,-1.0,-1.0
2025-06-11,78.22653198242188,0.4475076193597861,0.44964682284960683,98.95009286766967,99.64269636080971,XLP,生活必需品,defensive,Lagging,3.0,-1.0,0.0
2025-06-12,78.6873779296875,0.44909082042135773,0.4494614887068572,98.95900545014148,99.84559019246906,XLP,生活必需品,defensive,Lagging,3.0,-1.0,0.0
2025-06-13,77.727294921875,0.449039265160136,0.4493207475246168,98.96683832354971,100.05192338276072,XLP,生活必需品,defensive,Improving,2.0,-2.0,-1.0
2025-06-16,77.97692108154297,0.4461794232552032,0.44827363943481235,98.91214365909043,100.096772186196,XLP,生活必需品,defensive,Improving,2.0,-2.0,-1.0
2025-06-17,77.3144760131836,0.4466795645799417,0.4477422811498555,98.89065460343657,100.16707965728163,XLP,生活必需品,defensive,Improving,2.0,-2.0,-1.0
2025-06-18,77.21846008300781,0.4460745818647714,0.4471863813881608,98.8641620868177,100.18568661309864,XLP,生活必需品,defensive,Improving,2.0,-1.0,0.0
2025-06-20,77.78489685058594,0.44861326815957103,0.4476620103119643,98.90231659491478,100.20850034640121,XLP,生活必需品,defensive,Improving,2.0,-1.0,0.0
2025-06-23,78.68582916259766,0.4498378561331381,0.44838729225235563,98.95416331358417,100.25982042334387,XLP,生活必需品,defensive,Improving,3.0,1.0,3.0
2025-06-24,78.61817169189453,0.4452354303781345,0.44733667162761526,98.88521303857719,100.21768389405896,XLP,生活必需品,defensive,Improving,2.0,0.0,2.0
2025-06-25,77.56451416015625,0.4424606093291857,0.44571131752813875,98.77652550600898,100.05681560044492,XLP,生活必需品,defensive,Improving,2.0,0.0,2.0
2025-06-26,77.49684143066406,0.43876329475331904,0.4433953099365322,98.63160837549528,99.85347290619508,XLP,生活必需品,defensive,Lagging,2.0,0.0,1.0
2025-06-27,77.86416625976562,0.4392344939104262,0.44200837126116355,98.56173689895466,99.68072569291608,XLP,生活必需品,defensive,Lagging,2.0,0.0,1.0
2025-06-30,78.27017211914062,0.4394597542664619,0.44115883226292973,98.53886094479256,99.57300076760087,XLP,生活必需品,defensive,Lagging,3.0,0.0,-1.0
2025-07-01,79.24649047851562,0.4397871576680966,0.4407016073979854,98.54909754684792,99.72703205265125,XLP,生活必需品,defensive,Lagging,3.0,1.0,1.0
2025-07-02,79.4784927368164,0.44006945028815253,0.4404908883613745,98.57798031183336,99.99059432759032,XLP,生活必需品,defensive,Lagging,3.0,1.0,1.0
2025-07-03,79.4398193359375,0.4377412975238986,0.4395743580822159,98.5637888118197,100.24965789075087,XLP,生活必需品,defensive,Improving,3.0,1.0,1.0
2025-07-07,79.37215423583984,0.4408921276126867,0.44001361459237287,98.63834447965029,100.56638084050208,XLP,生活必需品,defensive,Improving,3.0,1.0,1.0
2025-07-08,78.63748931884766,0.4357201961523851,0.43858247511237697,98.6019328688207,100.62233159456844,XLP,生活必需品,defensive,Improving,3.0,0.0,0.0
2025-07-09,78.12516784667969,0.4315924851817422,0.4362524784688321,98.51516165837664,100.50463818137801,XLP,生活必需品,defensive,Improving,3.0,0.0,-1.0
2025-07-10,78.4054946899414,0.43064644371434996,0.4343838002173381,98.45679229661845,100.38916828081344,XLP,生活必需品,defensive,Improving,4.0,1.0,0.0
2025-07-11,78.11550903320312,0.4322177074937167,0.4336617693094643,98.46987627448492,100.51822288425487,XLP,生活必需品,defensive,Improving,4.0,1.0,0.0
2025-07-14,78.18315887451172,0.432146825682982,0.4331567881006369,98.49110410317046,100.40972975611945,XLP,生活必需品,defensive,Improving,3.0,0.0,-1.0
2025-07-15,77.40017700195312,0.43383502271765484,0.43338286630630957,98.54952601300504,100.64737707595417,XLP,生活必需品,defensive,Improving,3.0,0.0,0.0
2025-07-16,77.67082977294922,0.4336608045083643,0.4334755123736612,98.59430744348961,100.96014006100151,XLP,生活必需品,defensive,Improving,2.0,-1.0,-1.0
2025-07-17,78.4054946899414,0.43422254724987647,0.43372452399906636,98.6444255050684,101.19668238253102,XLP,生活必需品,defensive,Improving,1.0,-3.0,-4.0
2025-07-18,78.19283294677734,0.4332093840008988,0.4335528106663439,98.66583349541708,101.18936017732392,XLP,生活必需品,defensive,Improving,1.0,-3.0,-4.0
2025-07-21,78.18315887451172,0.4346424747505337,0.43391603202774054,98.7115771643262,101.21936366725846,XLP,生活必需品,defensive,Improving,1.0,-2.0,-2.0
2025-07-22,78.89849090576172,0.43309780821509336,0.4336432907568582,98.70622321413605,101.04554825916034,XLP,生活必需品,defensive,Improving,1.0,-2.0,-2.0
2025-07-23,78.92749786376953,0.42969726095220373,0.43232794748864006,98.62382082269717,100.72684483869659,XLP,生活必需品,defensive,Improving,2.0,0.0,1.0
2025-07-24,78.64716339111328,0.4295461165200253,0.4314006704991018,98.56178569037918,100.44862831836345,XLP,生活必需品,defensive,Improving,1.0,0.0,3.0
2025-07-25,78.7824935913086,0.42822240273473694,0.4303412479109802,98.4984759542455,100.23220335336262,XLP,生活必需品,defensive,Improving,1.0,0.0,3.0
2025-07-28,77.97051239013672,0.4263296866934424,0.42900406083846765,98.42055660620915,99.9144499528511,XLP,生活必需品,defensive,Lagging,1.0,0.0,2.0
2025-07-29,78.48283386230469,0.429338018492053,0.42911538005632943,98.45536299271325,99.98394851510088,XLP,生活必需品,defensive,Lagging,1.0,0.0,2.0
2025-07-30,77.78683471679688,0.4283089450771682,0.42884656839660906,98.46244791393057,100.1803557653363,XLP,生活必需品,defensive,Improving,2.0,0.0,0.0
2025-07-31,77.11984252929688,0.4285444529169507,0.428745863236723,98.47859256422312,100.35923632922405,XLP,生活必需品,defensive,Improving,2.0,1.0,1.0
2025-08-01,77.4871826171875,0.43549491988341066,0.4309955487856189,98.68050571802733,101.03848203659935,XLP,生活必需品,defensive,Improving,2.0,1.0,1.0
2025-08-04,77.86416625976562,0.4323273636661087,0.43143948707911556,98.73976826763378,101.3623178082064,XLP,生活必需品,defensive,Improving,3.0,2.0,2.0
2025-08-05,77.78683471679688,0.433099835997942,0.4319929367187244,98.80888820161786,101.40383882875219,XLP,生活必需品,defensive,Improving,4.0,3.0,3.0
2025-08-06,78.89849090576172,0.44027430444685695,0.4347533926281019,99.070121487807,101.97868527547695,XLP,生活必需品,defensive,Improving,5.0,3.0,3.0
2025-08-07,79.49781036376953,0.44388569320497206,0.437797492820392,99.36872264244784,102.52535936307075,XLP,生活必需品,defensive,Improving,6.0,4.0,3.0
2025-08-08,79.72981262207031,0.4443786473987063,0.43999121101316346,99.60323823006375,102.43943066960757,XLP,生活必需品,defensive,Improving,6.0,4.0,3.0
2025-08-11,79.66215515136719,0.44521743831882404,0.441733286781717,99.80589484667757,102.5833711616436,XLP,生活必需品,defensive,Improving,6.0,3.0,1.0
2025-08-12,79.87480926513672,0.440804756439222,0.44142377666755206,99.80003825708043,102.29046747338948,XLP,生活必需品,defensive,Improving,6.0,2.0,-1.0
2025-08-13,79.87480926513672,0.4345995840204888,0.43914904578519764,99.58152645359345,101.22663461858073,XLP,生活必需品,defensive,Improving,6.0,1.0,-2.0
2025-08-14,79.15949249267578,0.43352775994322135,0.43727528383787223,99.40301034347624,100.11532831951106,XLP,生活必需品,defensive,Improving,6.0,0.0,-4.0
2025-08-15,79.28515625,0.43529062674929875,0.4366137314750144,99.35387378442603,99.35063937425203,XLP,生活必需品,defensive,Lagging,6.0,0.0,-4.0
2025-08-18,79.17881774902344,0.4348003470316543,0.43600926999389444,99.31162417180296,98.61406415368194,XLP,生活必需品,defensive,Lagging,6.0,0.0,-3.0
2025-08-19,79.99081420898438,0.43721235442213674,0.4364102981366419,99.37571575793679,98.75506200023376,XLP,生活必需品,defensive,Lagging,6.0,0.0,-2.0
2025-08-20,80.44514465332031,0.440096366111084,0.4376389874614559,99.52686496520414,99.78072697848148,XLP,生活必需品,defensive,Lagging,5.0,-1.0,-2.0
2025-08-21,79.72015380859375,0.4376553080158371,0.43764442764624967,99.54907935294241,100.34536947851791,XLP,生活必需品,defensive,Improving,5.0,-1.0,-1.0
2025-08-22,79.72015380859375,0.42929437347248134,0.4348610762549936,99.27264261435498,99.71060315862864,XLP,生活必需品,defensive,Lagging,5.0,-1.0,-1.0
2025-08-25,78.35716247558594,0.4252083951419139,0.4316435158839671,98.94926458427939,98.9456919095437,XLP,生活必需品,defensive,Lagging,3.0,-3.0,-3.0
2025-08-26,77.84483337402344,0.42213631979643346,0.42847445052145594,98.6351451405615,97.97846101229715,XLP,生活必需品,defensive,Lagging,1.0,-5.0,-5.0
2025-08-27,78.07683563232422,0.42186992949106933,0.4262729435113271,98.4333387543946,97.23935811135286,XLP,生活必需品,defensive,Lagging,1.0,-4.0,-3.0
2025-08-28,77.5838394165039,0.4194060402803588,0.42398397576767105,98.22854548131258,96.96299746046618,XLP,生活必需品,defensive,Lagging,1.0,-4.0,-3.0
2025-08-29,78.08650207519531,0.4224366851857248,0.4234682122403557,98.21244619631435,97.72957892956853,XLP,生活必需品,defensive,Lagging,1.0,-4.0,-3.0
2025-09-02,77.9608383178711,0.42511502274994234,0.4240171490768846,98.30153482269994,98.72327649816803,XLP,生活必需品,defensive,Lagging,1.0,-2.0,1.0
2025-09-03,77.90283203125,0.42545804882670785,0.4244974489934924,98.37903163877303,99.62922642392132,XLP,生活必需品,defensive,Lagging,1.0,0.0,5.0
2025-09-04,77.95117950439453,0.4226007298342003,0.4238652092737284,98.32710350807972,99.97664150658763,XLP,生活必需品,defensive,Lagging,1.0,0.0,4.0
2025-09-05,78.17350006103516,0.42331124281437055,0.4236805537872758,98.33351669296152,100.45074364068853,XLP,生活必需品,defensive,Improving,1.0,0.0,4.0
2025-09-08,77.88350677490234,0.4220769066783627,0.42314600475097147,98.30409975095802,100.40540479341112,XLP,生活必需品,defensive,Improving,1.0,0.0,4.0
2025-09-09,78.03817749023438,0.4242218481082545,0.42350461920339916,98.38815353272155,100.37494792914022,XLP,生活必需品,defensive,Improving,1.0,0.0,2.0
2025-09-10,77.2745132446289,0.42049613979808764,0.422501792734962,98.30603375186756,99.99180261713343,XLP,生活必需品,defensive,Lagging,1.0,0.0,0.0
2025-09-11,77.90283203125,0.41765655555887327,0.4208867136762658,98.15671104575088,99.7523764819623,XLP,生活必需品,defensive,Lagging,1.0,0.0,0.0
2025-09-12,77.64183807373047,0.4192752635829884,0.42034956364517334,98.1465177043753,99.70629369900674,XLP,生活必需品,defensive,Lagging,1.0,0.0,0.0
2025-09-15,76.75251770019531,0.41519795034697554,0.4186323592124408,97.99405150534594,99.42270397883966,XLP,生活必需品,defensive,Lagging,1.0,0.0,0.0
2025-09-16,77.10051727294922,0.41818897867185184,0.4184845656989112,98.04451147808224,99.35239411904716,XLP,生活必需品,defensive,Lagging,1.0,0.0,0.0
2025-09-17,77.56451416015625,0.4203035518118568,0.41909089440322644,98.18158041889798,99.8636814820459,XLP,生活必需品,defensive,Lagging,1.0,0.0,0.0
2025-09-18,76.88784790039062,0.41393314453177144,0.4173716444460748,98.0324331842889,99.86552643886866,XLP,生活必需品,defensive,Lagging,1.0,0.0,0.0
2025-09-19,76.73318481445312,0.4138209062594454,0.4161880650505317,97.95477595192324,99.71351427333488,XLP,生活必需品,defensive,Lagging,1.0,0.0,0.0
2025-09-22,75.8776626586914,0.40901173863517565,0.41379595624541304,97.73827823937393,99.57397373134047,XLP,生活必需品,defensive,Lagging,1.0,0.0,0.0
2025-09-23,76.25724029541016,0.41055682446729463,0.4127162456527069,97.69992440625103,99.38106436706703,XLP,生活必需品,defensive,Lagging,1.0,0.0,0.0
2025-09-24,76.4227066040039,0.4124092447667601,0.41261391202405806,97.78432182443986,99.27250649614109,XLP,生活必需品,defensive,Lagging,1.0,0.0,0.0
2025-09-25,75.69273376464844,0.4118608065286668,0.4123628768589277,97.85434534590905,99.77631098509643,XLP,生活必需品,defensive,Lagging,2.0,1.0,1.0
2025-09-26,75.8776626586914,0.40881650827589944,0.4111807539979183,97.82216992695797,99.87338015343897,XLP,生活必需品,defensive,Lagging,2.0,1.0,1.0
2025-09-29,76.02365112304688,0.4082392069044347,0.4102002383000905,97.82015009911039,100.35329460273145,XLP,生活必需品,defensive,Improving,2.0,1.0,1.0
2025-09-30,76.2767105102539,0.4085185307465761,0.4096396691155857,97.86465795537755,100.52795673856407,XLP,生活必需品,defensive,Improving,2.0,1.0,1.0
2025-10-01,76.15991973876953,0.40697050468350465,0.40874994763822536,97.87275519761988,100.33972311406136,XLP,生活必需品,defensive,Improving,2.0,1.0,1.0
2025-10-02,75.85820007324219,0.4044010959749204,0.40730033041712377,97.82982365902808,100.07524608017907,XLP,生活必需品,defensive,Improving,2.0,0.0,-1.0
2025-10-03,75.94578552246094,0.40344966366245383,0.40601677483223386,97.80931756262906,100.10578086824994,XLP,生活必需品,defensive,Improving,3.0,1.0,0.0
2025-10-06,75.39102172851562,0.40062821624728284,0.40422058863725024,97.75132799567868,99.98030229746864,XLP,生活必需品,defensive,Lagging,2.0,0.0,-1.0
2025-10-07,76.09178924560547,0.4061365014047713,0.40485922622642395,97.92612571424954,100.28021578529153,XLP,生活必需品,defensive,Improving,3.0,1.0,0.0
2025-10-08,75.71220397949219,0.4027985381015859,0.40417233018481125,97.96696564333728,100.34822045107866,XLP,生活必需品,defensive,Improving,3.0,1.0,0.0
2025-10-09,75.95552825927734,0.4074642048113933,0.40526962172700526,98.15821453636723,100.8721205802279,XLP,生活必需品,defensive,Improving,4.0,2.0,2.0
2025-10-10,76.01392364501953,0.41718334642671323,0.40924086329357456,98.57913445777542,101.8094776556915,XLP,生活必需品,defensive,Improving,4.0,1.0,0.0
2025-10-13,75.76085662841797,0.4117903994597777,0.41009070868230896,98.7023598598767,102.10110556661999,XLP,生活必需品,defensive,Improving,4.0,2.0,2.0
2025-10-14,76.97747039794922,0.4149622023615391,0.411714539908719,98.88631675572316,102.02025025761544,XLP,生活必需品,defensive,Improving,4.0,1.0,0.0
2025-10-15,77.1137466430664,0.41486036533493986,0.412763148384126,99.01283924029381,102.09446381823926,XLP,生活必需品,defensive,Improving,5.0,2.0,1.0
2025-10-16,76.57843017578125,0.41592270697952727,0.41381633458259315,99.13578990181898,101.87698480392018,XLP,生活必需品,defensive,Improving,4.0,0.0,-2.0
2025-10-17,77.60038757324219,0.4193436112922869,0.4156587601524911,99.32568360942622,101.38630225812095,XLP,生活必需品,defensive,Improving,4.0,0.0,-1.0
2025-10-20,77.53225708007812,0.41482739711086086,0.41538163913861437,99.3242987831267,101.11976157836098,XLP,生活必需品,defensive,Improving,4.0,0.0,-2.0
2025-10-21,77.17213439941406,0.4110175273265888,0.41392693520127255,99.2177322453111,100.5525612426757,XLP,生活必需品,defensive,Improving,4.0,0.0,-1.0
2025-10-22,77.61011505126953,0.4153533935257789,0.4144024213094414,99.28472382648313,100.42759091798428,XLP,生活必需品,defensive,Improving,4.0,-1.0,-3.0
2025-10-23,77.23053741455078,0.41137164044318814,0.4133921610206903,99.21763606413556,100.0572965625812,XLP,生活必需品,defensive,Improving,4.0,0.0,0.0
2025-10-24,76.97747039794922,0.40890894294577135,0.41189775499571735,99.1091243028737,99.4838538657126,XLP,生活必需品,defensive,Lagging,3.0,-1.0,-1.0
2025-10-27,77.10401153564453,0.4077688984218902,0.4105214694711083,99.01522911410574,99.3093138523029,XLP,生活必需品,defensive,Lagging,3.0,-1.0,-1.0
2025-10-28,76.3351058959961,0.407199864036022,0.4094142676594129,98.94876131871506,99.39028567583271,XLP,生活必需品,defensive,Lagging,3.0,-1.0,-1.0
2025-10-29,74.5345230102539,0.4020917073379535,0.40697341421892647,98.77109668854384,98.94546617815718,XLP,生活必需品,defensive,Lagging,4.0,0.0,1.0
2025-10-30,74.45665740966797,0.4034066492603069,0.4057844925660533,98.70982863320813,98.98529775418392,XLP,生活必需品,defensive,Lagging,4.0,0.0,0.0
2025-10-31,74.2425308227539,0.4013689771867108,0.4043126541062725,98.62831608428208,99.06437751187364,XLP,生活必需品,defensive,Lagging,4.0,1.0,2.0
2025-11-03,73.65855407714844,0.39918895118615416,0.40260475313289973,98.53212173415643,99.08824240325109,XLP,生活必需品,defensive,Lagging,4.0,1.0,2.0
2025-11-04,73.96028137207031,0.40349303864643815,0.40290084830407924,98.60401093330805,99.36949168638445,XLP,生活必需品,defensive,Lagging,3.0,0.0,1.0
2025-11-05,73.91162109375,0.4008812005500924,0.40222763238608367,98.58636776546248,99.69453440300953,XLP,生活必需品,defensive,Lagging,3.0,-1.0,-1.0
2025-11-06,73.58069610595703,0.4019185416799502,0.4021246021507059,98.61055761711874,99.88650546461558,XLP,生活必需品,defensive,Lagging,3.0,-1.0,-1.0
2025-11-07,74.66104125976562,0.40442770670815487,0.40289230366985557,98.70206516019385,100.26948777417148,XLP,生活必需品,defensive,Improving,3.0,-1.0,-2.0
2025-11-10,74.38853454589844,0.4006446142275017,0.40214307385573766,98.65561586087485,100.41544848152276,XLP,生活必需品,defensive,Improving,3.0,-1.0,-2.0
2025-11-11,75.36182403564453,0.403554784982953,0.40261364423147616,98.72301356193503,100.42393765754318,XLP,生活必需品,defensive,Improving,2.0,-1.0,-1.0
2025-11-12,75.25475311279297,0.40202791186011544,0.40241840010768926,98.72987751465524,100.4724313683726,XLP,生活必需品,defensive,Improving,3.0,0.0,1.0
2025-11-13,75.25475311279297,0.40662481882056517,0.40382053967864795,98.888961882533,100.74250550807973,XLP,生活必需品,defensive,Improving,3.0,0.0,1.0
2025-11-14,75.19635772705078,0.4078058397845147,0.4051489730472702,99.04246507517708,100.84803305811833,XLP,生活必需品,defensive,Improving,4.0,1.0,2.0
2025-11-17,74.71944427490234,0.4106112202174989,0.4069697221040131,99.24984043713145,101.3455599209409,XLP,生活必需品,defensive,Improving,6.0,3.0,4.0
2025-11-18,75.04063415527344,0.4121310526101872,0.40869016560607113,99.45579278070238,101.5804952786897,XLP,生活必需品,defensive,Improving,6.0,4.0,5.0
2025-11-19,74.46639251708984,0.4102191114281754,0.4091998142134392,99.53613524095131,101.67380490482857,XLP,生活必需品,defensive,Improving,6.0,3.0,3.0
2025-11-20,75.00170135498047,0.4182707731247382,0.41222346718387226,99.94213464910753,102.06454905504836,XLP,生活必需品,defensive,Improving,6.0,3.0,3.0
2025-11-21,75.81925964355469,0.4146812742719885,0.41304273621324433,100.08994729494084,101.95377592122364,XLP,生活必需品,defensive,Leading,7.0,3.0,2.0
2025-11-24,74.94331359863281,0.40819845179158654,0.41142797473935844,99.90421187059279,101.16765642618348,XLP,生活必需品,defensive,Improving,7.0,1.0,-2.0
2025-11-25,75.97499084472656,0.4080210675389958,0.4102923390059042,99.77244432424041,100.4937020262748,XLP,生活必需品,defensive,Improving,7.0,1.0,-3.0
2025-11-26,76.80228424072266,0.40960598252663166,0.4100635535128134,99.76531993798577,100.2881735985074,XLP,生活必需品,defensive,Improving,7.0,1.0,-2.0
2025-11-28,77.25,0.40977813413549435,0.40996841372037374,99.77743612354502,99.38506829355254,XLP,生活必需品,defensive,Lagging,7.0,1.0,-2.0
2025-12-01,77.17213439941406,0.4121843094508002,0.4107070456305159,99.9207459037237,99.34438832982956,XLP,生活必需品,defensive,Lagging,7.0,0.0,-3.0
2025-12-02,76.66602325439453,0.40986896943626283,0.41042768689909825,99.90849326161523,99.73177089839302,XLP,生活必需品,defensive,Lagging,7.0,0.0,-1.0
2025-12-03,76.72441864013672,0.40707515928331556,0.4093101776938374,99.75359512330638,99.67472052788037,XLP,生活必需品,defensive,Lagging,8.0,1.0,0.0
2025-12-04,76.35457611083984,0.4049860079183115,0.4078687877686621,99.53203998071932,99.19570362729495,XLP,生活必需品,defensive,Lagging,8.0,1.0,0.0
2025-12-05,76.36431121826172,0.4040883430720397,0.40660863953645465,99.32876795551931,98.73694442404275,XLP,生活必需品,defensive,Lagging,5.0,-2.0,-3.0
2025-12-08,75.73165893554688,0.40315535275920755,0.405457543944039,99.13012222158632,98.05568214177391,XLP,生活必需品,defensive,Lagging,4.0,-3.0,-3.0
2025-12-09,75.9068603515625,0.40485167822824125,0.40525558870543976,99.10532529506219,98.10937020106985,XLP,生活必需品,defensive,Lagging,5.0,-2.0,-2.0
2025-12-10,76.13072204589844,0.4004122655625836,0.4036411476578211,98.79631818076159,97.88396358639395,XLP,生活必需品,defensive,Lagging,4.0,-4.0,-5.0
2025-12-11,76.69522094726562,0.4001497327889093,0.4024773427015172,98.57346451760725,97.97353765535283,XLP,生活必需品,defensive,Lagging,3.0,-5.0,-6.0
2025-12-12,77.29865264892578,0.40605052286019994,0.40366840275441146,98.8524203292216,98.94545141690614,XLP,生活必需品,defensive,Lagging,3.0,-2.0,0.0
2025-12-15,77.5127944946289,0.406670817796949,0.40466920776859067,99.09301413056231,99.80657320027855,XLP,生活必需品,defensive,Lagging,3.0,-1.0,2.0
2025-12-16,77.16240692138672,0.4076957589096758,0.4056780581489524,99.34162477621376,100.34044918323828,XLP,生活必需品,defensive,Improving,4.0,-1.0,1.0
2025-12-17,77.52252960205078,0.41070917979933397,0.4073550986990796,99.76880013271308,101.73196449861139,XLP,生活必需品,defensive,Improving,7.0,3.0,7.0
2025-12-18,77.0748062133789,0.40746601837897856,0.4073920719257126,99.80627140904421,102.11762018524597,XLP,生活必需品,defensive,Improving,7.0,4.0,9.0
2025-12-19,76.6757583618164,0.40388522991495784,0.40622312458879434,99.5323572511283,101.04554159547098,XLP,生活必需品,defensive,Improving,7.0,4.0,6.0
2025-12-22,76.40791320800781,0.39951311356558666,0.40398645424772517,98.98668111650176,99.56701611290252,XLP,生活必需品,defensive,Lagging,4.0,1.0,2.0
2025-12-23,76.044921875,0.3985418063131988,0.4021715716028831,98.56590916509177,98.34642603931063,XLP,生活必需品,defensive,Lagging,3.0,-1.0,0.0
2025-12-24,76.64338684082031,0.4002273922842797,0.40152351183001533,98.45561118050954,97.51526523991807,XLP,生活必需品,defensive,Lagging,3.0,-4.0,-7.0
2025-12-26,76.75130462646484,0.40068752127418983,0.4012448483114069,98.44517476638231,97.58607645053945,XLP,生活必需品,defensive,Lagging,3.0,-4.0,-8.0
2025-12-29,76.80036163330078,0.4016065976234525,0.40136543141542214,98.53157427929588,98.26271461472305,XLP,生活必需品,defensive,Lagging,3.0,-4.0,-8.0
2025-12-30,76.67282104492188,0.4015829537013934,0.40143793884407925,98.60096473635954,99.28379777795965,XLP,生活必需品,defensive,Lagging,3.0,-1.0,-2.0
2025-12-31,76.21170043945312,0.40260602766421666,0.40182730178412507,98.73879954833804,100.18972449477822,XLP,生活必需品,defensive,Improving,3.0,0.0,1.0
2026-01-02,76.22151184082031,0.3999436504334865,0.4011994180005789,98.63125315751836,100.18900403980281,XLP,生活必需品,defensive,Improving,3.0,0.0,4.0
2026-01-05,75.88793182373047,0.3945315942732135,0.39897681009145713,98.17740388412119,99.47612651218796,XLP,生活必需品,defensive,Lagging,1.0,-2.0,2.0
2026-01-06,76.00567626953125,0.39043003905626616,0.3961278864130602,97.65110496522735,98.52973176194223,XLP,生活必需品,defensive,Lagging,1.0,-2.0,2.0
2026-01-07,75.17173767089844,0.3905272979211851,0.3942610235824352,97.42233663018058,98.14105717586534,XLP,生活必需品,defensive,Lagging,1.0,-2.0,-1.0
2026-01-08,76.95733642578125,0.39640519649718714,0.39497574788735257,97.70464483437208,98.42518018185893,XLP,生活必需品,defensive,Lagging,1.0,-2.0,-2.0
2026-01-09,77.75202178955078,0.39818803206411574,0.39604650927960694,98.01630107324844,99.0877580744071,XLP,生活必需品,defensive,Lagging,1.0,-2.0,-2.0
2026-01-12,78.6644515991211,0.4024941449120031,0.39819572115707236,98.49392650741773,100.50834087892683,XLP,生活必需品,defensive,Improving,4.0,3.0,5.0
2026-01-13,79.57686614990234,0.40716260070056504,0.40118468100490323,99.09608391908803,102.1665701779379,XLP,生活必需品,defensive,Improving,5.0,4.0,6.0
2026-01-14,80.67570495605469,0.4109150820848879,0.4044281480315648,99.73684047448732,103.18638666817489,XLP,生活必需品,defensive,Improving,7.0,6.0,8.0
2026-01-15,80.81305694580078,0.4097995456906498,0.40621861391792646,100.10471106045915,103.06435516697239,XLP,生活必需品,defensive,Leading,8.0,7.0,9.0
2026-01-16,80.55796813964844,0.40955268438705417,0.40732997074096905,100.35012238882594,102.79039252076738,XLP,生活必需品,defensive,Leading,8.0,7.0,9.0
2026-01-20,80.80323791503906,0.4170219404409508,0.41056062730762966,101.03982687578264,102.8273324902102,XLP,生活必需品,defensive,Leading,8.0,4.0,1.0
2026-01-21,80.88172912597656,0.41047692208808967,0.41053272556778303,101.07691235458532,102.0823254477018,XLP,生活必需品,defensive,Leading,8.0,3.0,-1.0
2026-01-22,80.71493530273438,0.4090970117556728,0.41005415429707964,101.00760747905557,101.26137510619536,XLP,生活必需品,defensive,Leading,8.0,1.0,-5.0
2026-01-23,81.34284973144531,0.41412551948393456,0.41141127602603134,101.33191646288228,101.18345355394457,XLP,生活必需品,defensive,Leading,8.0,0.0,-7.0
2026-01-26,81.21530151367188,0.4125007459465073,0.41177443266619,101.4299020911583,100.99828755465691,XLP,生活必需品,defensive,Leading,8.0,0.0,-7.0
2026-01-27,81.58811950683594,0.415040123052151,0.41286299612817706,101.65769131026286,100.4872150183002,XLP,生活必需品,defensive,Leading,8.0,0.0,-4.0
2026-01-28,80.76399993896484,0.4122362593482259,0.41265408386819336,101.58806532260913,100.3589853665927,XLP,生活必需品,defensive,Leading,8.0,0.0,-3.0
2026-01-29,80.57758331298828,0.41074606105997763,0.4120180762654548,101.42598214642155,100.24783028734693,XLP,生活必需品,defensive,Leading,8.0,0.0,-1.0
2026-01-30,81.93151092529297,0.4185754679665786,0.4142038734991627,101.82108667741268,100.30813063267858,XLP,生活必需品,defensive,Leading,8.0,0.0,0.0
2026-02-02,82.90278625488281,0.4213677474714408,0.41659183148992207,102.1927582742674,100.5834074141147,XLP,生活必需品,defensive,Leading,10.0,2.0,2.0
2026-02-03,84.24689483642578,0.4293423265075279,0.42084199649579074,102.79643875813262,100.9600640157143,XLP,生活必需品,defensive,Leading,10.0,2.0,2.0
2026-02-04,85.34571838378906,0.4311855554665585,0.4242898494860467,103.1091744456809,101.3261487085539,XLP,生活必需品,defensive,Leading,11.0,3.0,3.0
2026-02-05,85.27704620361328,0.434614158299654,0.42773128575724917,103.30321474742448,101.63840337407584,XLP,生活必需品,defensive,Leading,11.0,3.0,3.0
2026-02-06,86.27777099609375,0.43167050523076883,0.4290443589150891,103.16058242986836,101.04129727953205,XLP,生活必需品,defensive,Leading,11.0,3.0,3.0
2026-02-09,85.77740478515625,0.4289125482015684,0.4290004220105822,102.88610852634743,100.35438043390602,XLP,生活必需品,defensive,Leading,11.0,1.0,-1.0
2026-02-10,85.50270080566406,0.4260232741473099,0.4280080393894915,102.5584398584839,99.38875400276737,XLP,生活必需品,defensive,Weakening,9.0,-1.0,-3.0
2026-02-11,86.72907257080078,0.4313691494382782,0.42912840940575375,102.51663053654208,99.03828950435559,XLP,生活必需品,defensive,Weakening,9.0,-2.0,-5.0
2026-02-12,87.52376556396484,0.44111046999915177,0.4331224296035531,102.76248367627652,99.10818481156925,XLP,生活必需品,defensive,Weakening,11.0,0.0,-3.0
2026-02-13,87.8180923461914,0.43805598092821724,0.4347669467117745,102.72180548140024,99.22605632530109,XLP,生活必需品,defensive,Weakening,11.0,0.0,-3.0
2026-02-17,86.53285217285156,0.43239091559397796,0.43397493633917567,102.4611295399242,99.25499235705655,XLP,生活必需品,defensive,Weakening,11.0,0.0,-1.0
2026-02-18,86.37586975097656,0.42938028682246865,0.43244338650027336,102.17550584975882,99.31217085244214,XLP,生活必需品,defensive,Weakening,9.0,0.0,1.0
2026-02-19,86.01287078857422,0.4284808916146826,0.4311225548717431,101.94669244955624,99.1457429505888,XLP,生活必需品,defensive,Weakening,9.0,0.0,2.0
2026-02-20,86.22870635986328,0.4275566061425748,0.4299339052953537,101.75605242371007,98.7474057341646,XLP,生活必需品,defensive,Weakening,8.0,-3.0,-3.0
2026-02-23,87.28829956054688,0.4376134907811654,0.4324937671239576,101.90048631467039,98.96443016884822,XLP,生活必需品,defensive,Weakening,9.0,-2.0,-2.0
2026-02-24,88.04374694824219,0.437908017561447,0.4342985172697874,101.96590677948461,99.31092219543798,XLP,生活必需品,defensive,Weakening,9.0,-2.0,-2.0
2026-02-25,87.32754516601562,0.4340898260052443,0.43422895351493973,101.8744080114001,99.52304918836093,XLP,生活必需品,defensive,Weakening,9.0,0.0,0.0
2026-02-26,87.18038177490234,0.430924050931738,0.4331273193205392,101.70983103045967,99.60097586313566,XLP,生活必需品,defensive,Weakening,9.0,0.0,0.0
2026-02-27,88.30863952636719,0.4359898093678602,0.43408148266964625,101.7148829489191,99.80187606990675,XLP,生活必需品,defensive,Weakening,9.0,1.0,4.0
2026-03-02,87.03321838378906,0.4304910313126295,0.4328846655506407,101.55816953745092,99.51149657346033,XLP,生活必需品,defensive,Weakening,8.0,-1.0,1.0
2026-03-03,86.08154296875,0.4310723526897818,0.43228056126368775,101.45733730504931,99.35313961044865,XLP,生活必需品,defensive,Weakening,7.0,-2.0,0.0
2026-03-04,85.51251983642578,0.4265132046252472,0.4303581090508743,101.26766854646127,99.26525675932585,XLP,生活必需品,defensive,Weakening,7.0,-2.0,-2.0
2026-03-05,83.79560089111328,0.4228474170606297,0.4278545450541261,101.04609430447232,99.22312449295784,XLP,生活必需品,defensive,Weakening,7.0,-2.0,-2.0
2026-03-06,84.1585922241211,0.429801438194556,0.4285035094342694,101.06335468268607,99.24840867520189,XLP,生活必需品,defensive,Weakening,7.0,-2.0,-3.0
2026-03-09,84.34500885009766,0.42953944933411153,0.4288488227342168,101.05656723681884,99.40071648193452,XLP,生活必需品,defensive,Weakening,7.0,-1.0,0.0
2026-03-10,84.09972381591797,0.4315260872965932,0.429741244255009,101.08835304813275,99.52889326278144,XLP,生活必需品,defensive,Weakening,7.0,0.0,2.0
2026-03-11,82.99108123779297,0.42724559485008706,0.428909361120035,100.99506594525235,99.61316639807177,XLP,生活必需品,defensive,Weakening,7.0,0.0,2.0
2026-03-12,82.65751647949219,0.4322126823774238,0.43001046820583133,101.0428405929506,99.86477689748308,XLP,生活必需品,defensive,Weakening,7.0,0.0,2.0
2026-03-13,83.13824462890625,0.43474883252794266,0.4315899229798684,101.1221013922529,99.90934643403949,XLP,生活必需品,defensive,Weakening,8.0,1.0,3.0
2026-03-16,83.37371826171875,0.4327599876127544,0.4319799445241638,101.11431756060192,99.89112803175827,XLP,生活必需品,defensive,Weakening,8.0,1.0,2.0
2026-03-17,83.09900665283203,0.42893593342406716,0.43096527415746494,101.00758206393984,99.74412046440798,XLP,生活必需品,defensive,Weakening,8.0,1.0,1.0
2026-03-18,81.07794189453125,0.4240846425545687,0.42867173028983285,100.81333249725085,99.64440488810904,XLP,生活必需品,defensive,Weakening,8.0,1.0,1.0
2026-03-19,80.42060852050781,0.4209727867666916,0.42610541578211913,100.60377368709057,99.39652818828097,XLP,生活必需品,defensive,Weakening,8.0,1.0,1.0
2026-03-20,79.75346374511719,0.4237050532281843,0.4253052949308076,100.52551164917313,99.26187532261837,XLP,生活必需品,defensive,Weakening,8.0,0.0,-1.0
2026-03-23,80.0938491821289,0.42102495278235397,0.42387851421465644,100.40278137701966,99.17313886449962,XLP,生活必需品,defensive,Weakening,7.0,-1.0,-2.0
2026-03-24,80.0247802734375,0.420157750708888,0.4226382597127336,100.29364730887588,99.19519199169586,XLP,生活必需品,defensive,Weakening,7.0,-1.0,-2.0
2026-03-25,80.41943359375,0.42019365508830947,0.42182339150459225,100.21405663728412,99.3215841919603,XLP,生活必需品,defensive,Weakening,7.0,-1.0,-2.0
2026-03-26,80.05438232421875,0.42216087844517614,0.4219358871514536,100.20153210212257,99.51242010838986,XLP,生活必需品,defensive,Weakening,7.0,-1.0,-2.0
2026-03-27,80.6858139038086,0.4314059451789611,0.42509257316062277,100.41875355416998,99.7889958698346,XLP,生活必需品,defensive,Weakening,8.0,0.0,0.0
2026-03-30,80.78447723388672,0.43282913232592873,0.4276714262157248,100.59334690405791,100.0711172565128,XLP,生活必需品,defensive,Leading,8.0,1.0,2.0
2026-03-31,80.88314819335938,0.42466447891586007,0.4266691104491033,100.4913674366554,100.05934131964968,XLP,生活必需品,defensive,Leading,8.0,1.0,2.0
2026-04-01,80.37010192871094,0.42061204951164494,0.4246500901366172,100.30740375697691,99.94033780989157,XLP,生活必需品,defensive,Weakening,7.0,0.0,1.0
2026-04-02,80.79434967041016,0.42162789914352405,0.42364269313891956,100.20183394563765,99.84427368579294,XLP,生活必需品,defensive,Weakening,7.0,0.0,1.0
2026-04-06,81.5540542602539,0.4237708272810424,0.4236854045196272,100.17993508314034,99.59740699435298,XLP,生活必需品,defensive,Weakening,7.0,-1.0,-1.0
2026-04-07,80.17278289794922,0.4175192940239919,0.4216300343544155,99.97556641228336,99.20360630776456,XLP,生活必需品,defensive,Lagging,6.0,-2.0,-3.0
2026-04-08,81.67243957519531,0.4157250529317922,0.41966170721354107,99.76205529759036,99.08063549568799,XLP,生活必需品,defensive,Lagging,6.0,-2.0,-3.0
2026-04-09,82.3334732055664,0.4188359111113871,0.4193864418461564,99.68394176556382,99.17490229309595,XLP,生活必需品,defensive,Lagging,5.0,-2.0,-2.0
2026-04-10,81.26792907714844,0.41642174604284116,0.41839820991171806,99.52615345130532,99.10680384708702,XLP,生活必需品,defensive,Lagging,4.0,-3.0,-3.0
2026-04-13,80.45890045166016,0.40775595954821825,0.41485079312388484,99.08215230069192,98.67131883778605,XLP,生活必需品,defensive,Lagging,2.0,-5.0,-4.0
2026-04-14,80.37996673583984,0.40566253068296676,0.4117880389769122,98.66364067023486,98.49794813554072,XLP,生活必需品,defensive,Lagging,2.0,-4.0,-2.0
2026-04-15,79.97545623779297,0.40347957510666904,0.4090185510201645,98.28286409056989,98.3803955997967,XLP,生活必需品,defensive,Lagging,2.0,-4.0,-2.0
2026-04-16,80.34049987792969,0.403482882384153,0.407173328141494,98.04046038339226,98.23779059582269,XLP,生活必需品,defensive,Lagging,2.0,-3.0,-1.0
2026-04-17,81.35671997070312,0.4035184047299149,0.4059550203376343,97.89903362655554,98.27023095091374,XLP,生活必需品,defensive,Lagging,2.0,-2.0,1.0
2026-04-20,81.28765869140625,0.40190975614577146,0.40460659894034673,97.76894359367476,98.61962806790837,XLP,生活必需品,defensive,Lagging,2.0,0.0,5.0
2026-04-21,80.74501037597656,0.40169048857456296,0.4036345621517522,97.72489508408736,99.04431994579892,XLP,生活必需品,defensive,Lagging,2.0,0.0,4.0
2026-04-22,81.01140594482422,0.4031949232874844,0.40348801586366295,97.77461619892085,99.60412985836177,XLP,生活必需品,defensive,Lagging,2.0,0.0,4.0
2026-04-23,82.36307525634766,0.4099424678951291,0.4056394998741517,98.048734185593,100.32134458007637,XLP,生活必需品,defensive,Improving,2.0,0.0,3.0
2026-04-24,82.11642456054688,0.40956449227752667,0.40694783067527673,98.22205796035243,100.79083003478601,XLP,生活必需品,defensive,Improving,2.0,0.0,2.0
2026-04-27,81.23832702636719,0.40566678639498244,0.40652081591517863,98.20985118633722,100.990240020351,XLP,生活必需品,defensive,Improving,2.0,0.0,0.0
2026-04-28,81.96842956542969,0.4114125981539487,0.4081514099947687,98.40989470377428,101.33465236842937,XLP,生活必需品,defensive,Improving,2.0,0.0,0.0
2026-04-29,81.8105697631836,0.4113373414436639,0.4092133871444004,98.53917540022535,101.43180531254588,XLP,生活必需品,defensive,Improving,2.0,0.0,0.0
2026-04-30,83.18196868896484,0.4120035548576908,0.4101434430488306,98.6454642183678,101.18520593448922,XLP,生活必需品,defensive,Improving,2.0,0.0,0.0
2026-05-01,83.0438461303711,0.41257679013229176,0.4109545587433177,98.7432991531555,101.07731141756963,XLP,生活必需品,defensive,Improving,2.0,0.0,0.0
2026-05-04,82.42227172851562,0.41188504058362707,0.41126471935675424,98.79448602214121,101.17671173334026,XLP,生活必需品,defensive,Improving,2.0,0.0,0.0
2026-05-05,82.93531036376953,0.4111860878843412,0.4112385088659499,98.82072125441786,100.97084199356732,XLP,生活必需品,defensive,Improving,2.0,0.0,0.0
2026-05-06,83.11289978027344,0.4088279701476585,0.4104349959598528,98.77623904059038,100.78883943355203,XLP,生活必需品,defensive,Improving,2.0,0.0,0.0
2026-05-07,82.85638427734375,0.41018932276273373,0.41035310489414645,98.80726773259896,100.78512908396787,XLP,生活必需品,defensive,Improving,2.0,0.0,0.0
2026-05-08,83.0537109375,0.4100380295965211,0.410248079794938,98.83535032616757,100.74628569763706,XLP,生活必需品,defensive,Improving,3.0,1.0,1.0
2026-05-11,82.25454711914062,0.4063115142828458,0.4089358912909073,98.74826962006003,100.5338049791083,XLP,生活必需品,defensive,Improving,4.0,2.0,2.0
2026-05-12,83.31023406982422,0.41188975685328755,0.4099205131450341,98.88122058174801,100.71778299730666,XLP,生活必需品,defensive,Improving,5.0,3.0,3.0
2026-05-13,83.58648681640625,0.41506810568032143,0.41163637732346325,99.07772849191005,101.1219839752236,XLP,生活必需品,defensive,Improving,5.0,3.0,3.0
2026-05-14,83.84300994873047,0.41482913803490623,0.41270063089394426,99.2079274446664,101.25936698192214,XLP,生活必需品,defensive,Improving,5.0,3.0,3.0
2026-05-15,83.50755310058594,0.41747409586199735,0.41429178588329535,99.38784873208157,101.47633447166736,XLP,生活必需品,defensive,Improving,6.0,3.0,2.0
2026-05-18,84.75069427490234,0.42109825079851193,0.41656060752170093,99.63504863819358,101.96283562805364,XLP,生活必需品,defensive,Improving,7.0,3.0,1.0
2026-05-19,84.93815612792969,0.42449966640232545,0.41920696048190914,99.92104002305815,102.10461749417789,XLP,生活必需品,defensive,Improving,7.0,2.0,-1.0
2026-05-20,84.37577056884766,0.4171168808970043,0.4185102672869409,99.86916507290061,101.62943809797409,XLP,生活必需品,defensive,Improving,7.0,2.0,-1.0
2026-05-21,83.52729034423828,0.41114728086193314,0.416055938478605,99.63662997343263,101.01487906776664,XLP,生活必需品,defensive,Improving,7.0,2.0,-1.0
2026-05-22,83.66542053222656,0.4080992764497316,0.4134037178023139,99.38597847056288,100.30130859300407,XLP,生活必需品,defensive,Improving,7.0,1.0,-2.0
2026-05-26,82.51106262207031,0.40041403565620515,0.409073823753611,98.96167825854086,99.21638639550311,XLP,生活必需品,defensive,Lagging,6.0,-1.0,-4.0
2026-05-27,83.44835662841797,0.40525531944376825,0.40780098898366346,98.85809270562982,98.62582668266741,XLP,生活必需品,defensive,Lagging,6.0,-1.0,-3.0
2026-05-28,83.30036926269531,0.403060311386894,0.40622076311807365,98.7250584335582,98.54513364049964,XLP,生活必需品,defensive,Lagging,6.0,-1.0,-3.0
2026-05-29,81.80070495605469,0.39470469436453903,0.40238207353356215,98.3598001954936,98.40129388001549,XLP,生活必需品,defensive,Lagging,6.0,-1.0,-3.0
2026-06-01,80.93247985839844,0.38980598300284286,0.39819004335665575,97.9873300999835,98.28261097116857,XLP,生活必需品,defensive,Lagging,7.0,0.0,-1.0
2026-06-02,80.73515319824219,0.38731899114886054,0.3945663592873907,97.71410913953025,98.55048881116396,XLP,生活必需品,defensive,Lagging,6.0,0.0,1.0
2026-06-03,81.06073760986328,0.3903491107986298,0.3931606097911371,97.69324148000263,98.70111908196583,XLP,生活必需品,defensive,Lagging,5.0,-1.0,0.0
2026-06-04,80.94233703613281,0.38685787772383357,0.391059699102036,97.6252217064109,98.81658412414491,XLP,生活必需品,defensive,Lagging,4.0,-2.0,-1.0
2026-06-05,82.32361602783203,0.39913913539343665,0.39375284453250287,97.98556366219324,99.85779967778633,XLP,生活必需品,defensive,Lagging,3.0,-3.0,-2.0
2026-06-08,81.95855712890625,0.39779027619918206,0.39509865508806263,98.18889714965174,100.67310253365233,XLP,生活必需品,defensive,Improving,5.0,-2.0,-2.0
2026-06-09,82.97477722167969,0.39968081894277024,0.3966260430396319,98.38968379087535,101.31449627508216,XLP,生活必需品,defensive,Improving,5.0,-1.0,-1.0
2026-06-10,84.34618377685547,0.4115195071394693,0.40159053107291104,98.89426306362402,101.96372860106948,XLP,生活必需品,defensive,Improving,6.0,1.0,2.0
2026-06-11,84.12911987304688,0.40415922572469193,0.40244676262350465,99.00462280393616,102.10050550497026,XLP,生活必需品,defensive,Improving,7.0,3.0,5.0
2026-06-12,84.67176055908203,0.40311453198114494,0.40266935240938473,99.05116167607022,101.62782295672851,XLP,生活必需品,defensive,Improving,7.0,4.0,7.0
2026-06-15,84.33631896972656,0.3991975840126967,0.40151209627715545,98.96029732209915,101.21673711047985,XLP,生活必需品,defensive,Improving,7.0,2.0,4.0
2026-06-16,84.44483947753906,0.4010488534203177,0.40135768199154287,98.96852210484224,100.94891057149312,XLP,生活必需品,defensive,Improving,6.0,1.0,2.0
2026-06-17,82.56039428710938,0.3980653651781035,0.40026024305372976,98.88242108413483,100.19201524161336,XLP,生活必需品,defensive,Improving,6.0,0.0,-1.0
2026-06-18,82.18548583984375,0.39442704651978205,0.39831584420908056,98.71329353465029,99.83251984045424,XLP,生活必需品,defensive,Lagging,5.0,-2.0,-5.0
2026-06-22,81.64305114746094,0.39096391911560485,0.39586520251125534,98.49863788773905,99.49807491465774,XLP,生活必需品,defensive,Lagging,5.0,-2.0,-6.0
2026-06-23,83.17298889160156,0.3996631459595259,0.3971311836606789,98.67395826280102,99.8286425277494,XLP,生活必需品,defensive,Lagging,4.0,-3.0,-5.0
2026-06-24,83.88829040527344,0.40024538741048865,0.3981692515772822,98.82097051489907,99.99497445331939,XLP,生活必需品,defensive,Lagging,5.0,-1.0,-2.0
2026-06-25,83.39155578613281,0.3953011725839312,0.39721322524616526,98.75665552802117,100.01337923630673,XLP,生活必需品,defensive,Improving,4.0,-2.0,-2.0
2026-06-26,84.1565170288086,0.4016587770052583,0.39869507583252967,98.94834351364156,100.46566654294922,XLP,生活必需品,defensive,Improving,5.0,0.0,2.0
2026-06-29,83.8187484741211,0.39490176135323274,0.39743063767276404,98.83917744214318,100.59086510301465,XLP,生活必需品,defensive,Improving,5.0,0.0,2.0
2026-06-30,82.52723693847656,0.3893286263136815,0.3947299672197365,98.56461514147196,100.01845591518648,XLP,生活必需品,defensive,Improving,6.0,2.0,5.0
2026-07-01,82.7557373046875,0.3892357945814962,0.3928985763403231,98.38755322684716,99.61398081329115,XLP,生活必需品,defensive,Lagging,5.0,0.0,1.0
2026-07-02,84.4346923828125,0.39436078485144743,0.39338597917736456,98.47629048558413,99.81866113326001,XLP,生活必需品,defensive,Lagging,5.0,1.0,3.0
2026-07-06,83.55050659179688,0.39006778499235584,0.3922799144490284,98.38391407035019,99.46531570110233,XLP,生活必需品,defensive,Lagging,4.0,-1.0,-1.0
2026-07-07,84.3055419921875,0.394087666447097,0.3928824984483846,98.48512315489532,99.73828491825395,XLP,生活必需品,defensive,Lagging,5.0,0.0,0.0
2026-07-08,83.83861541748047,0.3965775775082174,0.39411419146832893,98.663543536128,100.30651567684095,XLP,生活必需品,defensive,Improving,6.0,0.0,-2.0
2026-07-09,82.65638732910156,0.3886046295078072,0.3922776708148217,98.4776297576293,100.27951056684718,XLP,生活必需品,defensive,Improving,5.0,0.0,0.0
2026-07-10,83.57038116455078,0.3914350007182794,0.39199678078264094,98.48211771929043,100.15813238520428,XLP,生活必需品,defensive,Improving,3.0,-2.0,-3.0
2026-07-13,84.03730010986328,0.39375063584925046,0.39258139913817747,98.59200003500938,100.40357129982128,XLP,生活必需品,defensive,Improving,4.0,0.0,1.0
2026-07-14,82.87494659423828,0.3897234576274446,0.3916287519679332,98.51988491324963,100.1567531807339,XLP,生活必需品,defensive,Improving,4.0,-1.0,-1.0
2026-07-15,82.92462158203125,0.39083594355787665,0.3913644824979144,98.53947431340029,99.92058793201143,XLP,生活必需品,defensive,Lagging,2.0,-4.0,-4.0
2026-07-16,85.24932861328125,0.39788793004909556,0.3935389650149748,98.8512142863382,100.56782151177329,XLP,生活必需品,defensive,Improving,3.0,-2.0,-2.0
2026-07-17,84.63338470458984,0.39814181271332744,0.3950732475810924,99.07143936990595,100.84837611329596,XLP,生活必需品,defensive,Improving,4.0,1.0,3.0
2026-07-20,84.3055419921875,0.3983732380879866,0.39617324441672386,99.23037177790836,100.90288114816732,XLP,生活必需品,defensive,Improving,6.0,2.0,2.0
2026-07-21,83.5107650756836,0.39398704448032,0.3954445111045893,99.16230468492131,100.88705513874781,XLP,生活必需品,defensive,Improving,5.0,1.0,2.0
2026-07-22,83.82867431640625,0.3955984260445061,0.3954958160845616,99.18879962280552,100.8707979826783,XLP,生活必需品,defensive,Improving,4.0,2.0,6.0
2026-07-23,82.66632080078125,0.3915490022027441,0.3941802114572891,99.0521696079028,100.15389692725125,XLP,生活必需品,defensive,Improving,4.0,1.0,3.0
2026-07-24,83.58030700683594,0.3928196052411527,0.39372667605191036,99.02595215419501,99.7676045732678,XLP,生活必需品,defensive,Lagging,4.0,0.0,-1.0
2026-07-27,84.80227661132812,0.3955806814966662,0.39434467786682903,99.12775124160336,99.68831383307013,XLP,生活必需品,defensive,Lagging,5.0,-1.0,-3.0
2026-07-28,86.49116516113281,0.3988069461247208,0.39583210061945967,99.32850709837099,100.1183205917883,XLP,生活必需品,defensive,Improving,5.0,0.0,-1.0
2026-07-29,86.7892074584961,0.4038170383173466,0.39849374651875535,99.66689292730669,100.61778349246347,XLP,生活必需品,defensive,Improving,7.0,3.0,1.0
2026-07-30,84.91156005859375,0.39572262941069886,0.3975700408160699,99.57461532600104,100.69790434586736,XLP,生活必需品,defensive,Improving,7.0,3.0,2.0
2026-07-31,84.49430084228516,0.3944556773461073,0.3965319196594157,99.47011016839744,100.57871602995759,XLP,生活必需品,defensive,Improving,7.0,3.0,3.0
2026-08-03,84.3055419921875,0.3897675925982754,0.39427714397236896,99.21917929390804,100.02666992615329,XLP,生活必需品,defensive,Improving,7.0,2.0,3.0
2026-08-04,84.81221008300781,0.3865550478919069,0.3917031119455483,98.9329790163102,99.27033501356162,XLP,生活必需品,defensive,Lagging,7.0,2.0,2.0
2026-08-05,84.77247619628906,0.38725314363329133,0.390219789174796,98.78562632077654,98.54587390581014,XLP,生活必需品,defensive,Lagging,3.0,-4.0,-7.0
2026-08-06,84.55390930175781,0.38828686893770914,0.38957548242910045,98.7448658562548,98.67257395028327,XLP,生活必需品,defensive,Lagging,3.0,-4.0,-7.0
2026-08-07,84.5638427734375,0.3856682228467727,0.38827306256832456,98.62651216985113,98.69399237605006,XLP,生活必需品,defensive,Lagging,3.0,-4.0,-7.0
2026-08-10,84.39495086669922,0.3846707431829515,0.38707228943986693,98.52576621998844,98.95344325502734,XLP,生活必需品,defensive,Lagging,3.0,-4.0,-6.0
2026-08-11,84.13665771484375,0.3826767160500013,0.38560709830991174,98.40235915578646,99.21717441164128,XLP,生活必需品,defensive,Lagging,3.0,-4.0,-6.0
2026-08-12,84.52410888671875,0.3837607832378672,0.38499165995256357,98.3836611651917,99.42488164621419,XLP,生活必需品,defensive,Lagging,3.0,0.0,4.0
2026-08-13,85.43809509277344,0.385036853855845,0.38500672458699076,98.43330333850993,99.57610688710373,XLP,生活必需品,defensive,Lagging,3.0,0.0,4.0
2026-08-14,85.52750396728516,0.3853705669408154,0.38512800537159897,98.48747529460695,99.8496048606256,XLP,生活必需品,defensive,Lagging,3.0,0.0,4.0
2026-08-17,84.12671661376953,0.38245822813699554,0.3842380796267312,98.40875159561571,99.89850257930654,XLP,生活必需品,defensive,Lagging,3.0,0.0,4.0
2026-08-18,85.02083587646484,0.38828167382858025,0.38558594436068094,98.58967849417226,100.38661355802277,XLP,生活必需品,defensive,Improving,3.0,0.0,4.0
2026-08-19,85.97456359863281,0.38860602032763736,0.38659263634966645,98.70663843881859,100.62814494639585,XLP,生活必需品,defensive,Improving,4.0,1.0,1.0
2026-08-20,84.76253509521484,0.38624093741378235,0.3864754033710384,98.66222847331703,100.49988863826957,XLP,生活必需品,defensive,Improving,4.0,1.0,1.0
2026-08-21,85.42815399169922,0.3868330399010956,0.3865946155477242,98.65470729173863,100.40908284893906,XLP,生活必需品,defensive,Improving,4.0,1.0,1.0
2026-08-24,86.87861633300781,0.39294007972567446,0.3887097702737077,98.99383030781317,101.05893478342325,XLP,生活必需品,defensive,Improving,5.0,2.0,2.0
2026-08-25,85.9546890258789,0.38904174877417996,0.3888204297738651,99.02202518567282,100.78840541490523,XLP,生活必需品,defensive,Improving,5.0,2.0,2.0
2026-08-26,85.70632934570312,0.38732384896683414,0.38832156950485486,98.93785180211493,100.44170215685722,XLP,生活必需品,defensive,Improving,5.0,1.0,0.0
2026-08-27,84.52410888671875,0.3831196069715478,0.38658758199375254,98.61311707056406,99.95333200172315,XLP,生活必需品,defensive,Lagging,4.0,0.0,-1.0
2026-08-28,84.89168548583984,0.3861107905162178,0.38642865150124095,98.61647495383896,99.93618968502375,XLP,生活必需品,defensive,Lagging,4.0,0.0,-1.0
2026-08-31,84.42475891113281,0.38626240994285227,0.3863732376484448,98.65230719997805,99.34655715499899,XLP,生活必需品,defensive,Lagging,4.0,-1.0,-3.0
2026-09-01,84.6929931640625,0.39069512597546374,0.38781386709078447,98.97441619238539,99.84322627733465,XLP,生活必需品,defensive,Lagging,5.0,0.0,-2.0
2026-09-02,84.97116088867188,0.39016725847993206,0.388598330887167,99.15190483198595,100.31694467033905,XLP,生活必需品,defensive,Improving,5.0,0.0,-1.0
2026-09-03,84.70292663574219,0.38637274328711857,0.38785646835381754,99.0204152263716,100.68483090539144,XLP,生活必需品,defensive,Improving,5.0,1.0,1.0
2026-09-04,84.02737426757812,0.3851289032044735,0.3869472799707029,98.8727950672888,100.35030487396136,XLP,生活必需品,defensive,Improving,5.0,1.0,1.0
2026-09-08,83.47102355957031,0.38658602928279334,0.3868268630747331,98.88439475114448,100.29818130346462,XLP,生活必需品,defensive,Improving,5.0,1.0,2.0
2026-09-09,82.50736999511719,0.38584379628640536,0.3864991741452905,98.85822893761247,99.58695631680368,XLP,生活必需品,defensive,Lagging,4.0,-1.0,-1.0
2026-09-10,82.54710388183594,0.38869163022941816,0.3872299928399997,99.02586109436923,99.5917541977672,XLP,生活必需品,defensive,Lagging,5.0,0.0,0.0
2026-09-11,82.83521270751953,0.38696231409471177,0.38714076659157043,99.03010194491188,99.93882228914394,XLP,生活必需品,defensive,Lagging,5.0,0.0,-1.0
2026-09-14,83.86841583251953,0.391533777371709,0.3886051035182833,99.349128220123,101.13424620100713,XLP,生活必需品,defensive,Improving,6.0,1.0,0.0
2026-09-15,83.18292999267578,0.39023933589375537,0.38914984764344074,99.48811378138694,101.47847296368771,XLP,生活必需品,defensive,Improving,6.0,1.0,0.0
2026-09-16,82.78553771972656,0.3914486868323492,0.3899161273730769,99.68292829491892,101.99673329205226,XLP,生活必需品,defensive,Improving,6.0,2.0,3.0
2026-09-17,82.94448852539062,0.39030648951988106,0.39004624808867827,99.74043904527839,101.65400287831537,XLP,生活必需品,defensive,Improving,6.0,1.0,1.0
2026-09-18,82.25900268554688,0.388940658571934,0.3896777182497635,99.67885436646434,101.43922738915177,XLP,生活必需品,defensive,Improving,6.0,1.0,1.0
2026-09-21,81.91999816894531,0.38517961721875627,0.3881783512394278,99.34302992423416,99.83228045137231,XLP,生活必需品,defensive,Lagging,6.0,0.0,-1.0
2026-09-22,82.7300033569336,0.3887688071922244,0.38837516989036003,99.41488421278832,99.65703839901064,XLP,生活必需品,defensive,Lagging,6.0,0.0,-1.0
2026-09-23,82.43000030517578,0.3900903944798869,0.3889469114202023,99.58051915789959,99.58274874508547,XLP,生活必需品,defensive,Lagging,7.0,1.0,-1.0
2026-09-24,81.69999694824219,0.38856653230620136,0.38882011838220204,99.57291031446597,99.42371273567656,XLP,生活必需品,defensive,Lagging,7.0,1.0,0.0
2026-09-25,82.05999755859375,0.38870729629740725,0.3887825110206038,99.58890625442076,99.62821232698734,XLP,生活必需品,defensive,Lagging,7.0,1.0,0.0
2026-09-28,82.05999755859375,0.38870729629740725,0.388757439446205,99.60769745523436,100.50935410288268,XLP,生活必需品,defensive,Improving,7.0,1.0,1.0
2024-09-30,38.14936065673828,0.21998652182956793,0.21998652182956793,,,XLU,公益事業,defensive,,,,
2024-10-01,38.45634078979492,0.22293881916519928,0.22097062094144507,,,XLU,公益事業,defensive,,,,
2024-10-02,38.4752197265625,0.22328632875188983,0.22174252354492666,,,XLU,公益事業,defensive,,,,
2024-10-03,38.46105194091797,0.22426235432883185,0.22258246713956173,,,XLU,公益事業,defensive,,,,
2024-10-04,38.399662017822266,0.22216146854528462,0.22244213427480272,,,XLU,公益事業,defensive,,,,
2024-10-07,37.51653289794922,0.21875496299148686,0.22121307718036412,,,XLU,公益事業,defensive,,,,
2024-10-08,37.535423278808594,0.21834748110390778,0.22025787848821204,,,XLU,公益事業,defensive,,,,
2024-10-09,37.21428298950195,0.21500242253742635,0.21850605983795018,,,XLU,公益事業,defensive,,,,
2024-10-10,37.10094451904297,0.2151538000175914,0.2173886398978306,,,XLU,公益事業,defensive,,,,
2024-10-11,37.42679977416992,0.21493215554242706,0.21656981177936277,,,XLU,公益事業,defensive,,,,
2024-10-14,37.89906311035156,0.21605891444303493,0.21639951266725352,,,XLU,公益事業,defensive,,,,
2024-10-15,38.06908416748047,0.2180146830082288,0.21693790278091196,,,XLU,公益事業,defensive,,,,
2024-10-16,38.8246955871582,0.22084840641001627,0.21824140399061343,,,XLU,公益事業,defensive,,,,
2024-10-17,38.479949951171875,0.2192374154970064,0.21857340782607776,,,XLU,公益事業,defensive,,,,
2024-10-18,38.701908111572266,0.2198473626177315,0.2189980594232957,,,XLU,公益事業,defensive,,,,
2024-10-21,38.55078887939453,0.2208712687508267,0.21962246253247272,,,XLU,公益事業,defensive,,,,
2024-10-22,38.413822174072266,0.221079640327433,0.22010818846412616,,,XLU,公益事業,defensive,,,,
2024-10-23,38.782196044921875,0.2239357297239718,0.2213840355507414,,,XLU,公益事業,defensive,,,,
2024-10-24,38.531890869140625,0.22244065946475614,0.22173624352207966,,,XLU,公益事業,defensive,,,,
2024-10-25,37.96045684814453,0.22018766843590842,0.22122005182668925,,,XLU,公益事業,defensive,,,,
2024-10-28,38.257991790771484,0.22066219629171627,0.22103409998169826,,,XLU,公益事業,defensive,,,,
2024-10-29,37.44097137451172,0.21660281598583647,0.219557005316411,,,XLU,公益事業,defensive,,,,
2024-10-30,37.351234436035156,0.21655663301812747,0.2185568812169832,,,XLU,公益事業,defensive,,,,
2024-10-31,37.738494873046875,0.22116011254241266,0.21942462499212637,,,XLU,公益事業,defensive,,,,
2024-11-01,36.89786911010742,0.2160989048846721,0.21831605162297496,,,XLU,公益事業,defensive,,,,
2024-11-04,36.45866012573242,0.21327271093011657,0.21663493805868883,,,XLU,公益事業,defensive,,,,
2024-11-05,37.006492614746094,0.21398147690657104,0.2157504510079829,,,XLU,公益事業,defensive,,,,
2024-11-06,36.62395477294922,0.20687184049496427,0.21279091417031004,,,XLU,公益事業,defensive,,,,
2024-11-07,36.6900749206543,0.20704156983427346,0.21087446605829785,,,XLU,公益事業,defensive,,,,
2024-11-08,37.393741607666016,0.20984324155660178,0.2105307245577325,,,XLU,公益事業,defensive,,,,
2024-11-11,37.49764633178711,0.20937996516249438,0.21014713809265312,,,XLU,公益事業,defensive,,,,
2024-11-12,37.0678825378418,0.2085697537547232,0.20962134331334314,,,XLU,公益事業,defensive,,,,
2024-11-13,37.00176239013672,0.20808437751047437,0.20910902137905357,,,XLU,公益事業,defensive,,,,
2024-11-14,36.87424850463867,0.2090399755233891,0.2090860060938321,,,XLU,公益事業,defensive,,,,
2024-11-15,37.42679977416992,0.21369675011935918,0.21062292076900782,,,XLU,公益事業,defensive,,,,
2024-11-18,37.752662658691406,0.21469120028989264,0.21197901394263613,,,XLU,公益事業,defensive,,,,
2024-11-19,37.99351119995117,0.21664520321700292,0.21353441036742507,,,XLU,公益事業,defensive,,,,
2024-11-20,38.01240539550781,0.2160255930538293,0.21436480459622648,,,XLU,公益事業,defensive,,,,
2024-11-21,38.6735725402832,0.21704888052687535,0.21525949657310944,,,XLU,公益事業,defensive,,,,
2024-11-22,38.465782165527344,0.21419545391939437,0.21490481568853775,,,XLU,公益事業,defensive,,,,
2024-11-25,38.536617279052734,0.21266419455934296,0.21415794197880617,,,XLU,公益事業,defensive,,,,
2024-11-26,39.15055847167969,0.2160291427937789,0.2147816755837971,,,XLU,公益事業,defensive,,,,
2024-11-27,39.15055847167969,0.21623706012036362,0.21526680376265261,,,XLU,公益事業,defensive,,,,
2024-11-29,39.16472625732422,0.2156581346958272,0.21539724740704416,,,XLU,公益事業,defensive,,,,
2024-12-02,38.324100494384766,0.2115592410678299,0.21411791196063942,,,XLU,公益事業,defensive,,,,
2024-12-03,37.99351119995117,0.2106686005191535,0.21296814148014415,,,XLU,公益事業,defensive,,,,
2024-12-04,37.988792419433594,0.21063113701550457,0.21218913999193098,,,XLU,公益事業,defensive,,,,
2024-12-05,38.10685729980469,0.21234562589629788,0.21224130196005328,,,XLU,公益事業,defensive,,,,
2024-12-06,37.63459396362305,0.20995178317059596,0.2114781290302342,,,XLU,公益事業,defensive,,,,
2024-12-09,37.16233444213867,0.20817149383025446,0.21037591729690763,,,XLU,公益事業,defensive,,,,
2024-12-10,36.89314651489258,0.20793760691633154,0.20956314717004895,,,XLU,公益事業,defensive,,,,
2024-12-11,36.6617317199707,0.20644187640466527,0.20852272358158774,,,XLU,公益事業,defensive,,,,
2024-12-12,36.64284133911133,0.20709173953766094,0.20804572890027884,,,XLU,公益事業,defensive,,,,
2024-12-13,36.66645431518555,0.2079532640724859,0.20801490729101454,,,XLU,公益事業,defensive,,,,
2024-12-16,36.373653411865234,0.20697441593666982,0.2076680768395663,,,XLU,公益事業,defensive,,,,
2024-12-17,36.22252655029297,0.20775069316465525,0.20769561561459599,,,XLU,公益事業,defensive,,,,
2024-12-18,35.36773681640625,0.2090334226573811,0.20814155129552436,,,XLU,公益事業,defensive,,,,
2024-12-19,35.5283088684082,0.21068149947238762,0.20898820068781215,,,XLU,公益事業,defensive,,,,
2024-12-20,36.09502029418945,0.21108573833817415,0.2096873799045995,,,XLU,公益事業,defensive,,,,
2024-12-23,36.21787643432617,0.21151584402946602,0.2102968679462217,,,XLU,公益事業,defensive,,,,
2024-12-24,36.41787338256836,0.2110912182480719,0.2105616513801718,,,XLU,公益事業,defensive,,,,
2024-12-26,36.3321533203125,0.2102510573860465,0.21045812004879672,,,XLU,公益事業,defensive,,,,
2024-12-27,36.22740173339844,0.2110805511532265,0.21066559708360666,99.12499057967719,,XLU,公益事業,defensive,,6.0,,
2024-12-30,36.07502365112305,0.21233176870996348,0.2112209876257256,99.269855915265,,XLU,公益事業,defensive,,6.0,,
2024-12-31,36.041690826416016,0.21174817633840146,0.21139671719661757,99.33268586021808,,XLU,公益事業,defensive,,6.0,,
2025-01-02,36.317867279052734,0.21399356003864983,0.212262331477295,99.54639876569564,,XLU,公益事業,defensive,,6.0,,
2025-01-03,36.70357131958008,0.21430372689350882,0.21294279661603294,99.72492122953433,,XLU,公益事業,defensive,,6.0,,
2025-01-06,36.29405975341797,0.2120570042263986,0.21264753248615484,99.68345839318016,,XLU,公益事業,defensive,,7.0,1.0,
2025-01-07,36.20358657836914,0.21223909530317428,0.21251138675849465,99.67633047250959,,XLU,公益事業,defensive,,7.0,1.0,
2025-01-08,36.194061279296875,0.21192977089115317,0.21231751480271416,99.65327895718248,,XLU,公益事業,defensive,,6.0,0.0,
2025-01-10,35.98931121826172,0.21385688444398102,0.2128306380164698,99.80014954788994,,XLU,公益事業,defensive,,6.0,0.0,
2025-01-13,35.570274353027344,0.2096485417849863,0.21176993927264198,99.55475798082922,,XLU,公益事業,defensive,,5.0,-1.0,
2025-01-14,36.036930084228516,0.21069817366434584,0.21141268406987662,99.48418389022832,,XLU,公益事業,defensive,,4.0,-3.0,-4.0
2025-01-15,36.56548309326172,0.2117560455070107,0.21152713788225466,99.53125672220703,,XLU,公益事業,defensive,,4.0,-3.0,-4.0
2025-01-16,37.48926544189453,0.2154093998732389,0.21282122521258276,99.87404268250677,,XLU,公益事業,defensive,,5.0,-1.0,-1.0
2025-01-17,37.5416374206543,0.2146679360629804,0.21343679549604866,100.05071101555308,,XLU,公益事業,defensive,,5.0,-1.0,-1.0
2025-01-21,38.11781311035156,0.2154614194623903,0.21411167015149588,100.24664012799722,,XLU,公益事業,defensive,,6.0,1.0,2.0
2025-01-22,37.294029235839844,0.21154831878003663,0.2132572196943428,100.04779480382705,,XLU,公益事業,defensive,,5.0,1.0,4.0
2025-01-23,37.47021484375,0.21154531017969974,0.2126865831894618,99.92295932134415,,XLU,公益事業,defensive,,5.0,1.0,4.0
2025-01-24,37.85115051269531,0.21388363604759322,0.21308560080883895,100.06476398197657,,XLU,公益事業,defensive,,5.0,0.0,1.0
2025-01-27,36.97499084472656,0.2087952225805551,0.21165547473274435,99.68913092564001,,XLU,公益事業,defensive,,4.0,-1.0,0.0
2025-01-28,36.46548843383789,0.2069396906194789,0.2100835466949892,99.23405518131672,,XLU,公益事業,defensive,,3.0,-3.0,-4.0
2025-01-29,36.54167175292969,0.20806020378960888,0.20940909905986244,99.02612000361846,,XLU,公益事業,defensive,,3.0,-2.0,-3.0
2025-01-30,37.303550720214844,0.2101549234898609,0.20965770720319526,99.1109781165296,,XLU,公益事業,defensive,,3.0,-2.0,-3.0
2025-01-31,37.084510803222656,0.210650011037938,0.20998847514810953,99.2418579944122,,XLU,公益事業,defensive,,3.0,-2.0,-2.0
2025-02-03,37.284507751464844,0.21294925538537374,0.2109754018938643,99.64164655740248,,XLU,公益事業,defensive,,6.0,2.0,3.0
2025-02-04,36.9559440612793,0.2108153666147189,0.21092205680081583,99.64737212943179,,XLU,公益事業,defensive,,5.0,2.0,5.0
2025-02-05,37.32736587524414,0.2119008740451284,0.21124832921558667,99.82406648650313,,XLU,公益事業,defensive,,7.0,4.0,6.0
2025-02-06,37.284507751464844,0.2119380737873947,0.21147824407285604,99.96637659653037,,XLU,公益事業,defensive,,7.0,4.0,6.0
2025-02-07,37.208316802978516,0.21254947353025033,0.21183532055865417,100.17475513595689,,XLU,公益事業,defensive,,7.0,4.0,6.0
2025-02-10,37.61307144165039,0.21425528345682296,0.2126419748580438,100.5796053651362,,XLU,公益事業,defensive,,8.0,2.0,0.0
2025-02-11,37.80353546142578,0.2153163991723482,0.2135334496294786,100.99700473865308,,XLU,公益事業,defensive,,8.0,3.0,1.0
2025-02-12,37.73686599731445,0.21619255283931121,0.21441981736608948,101.38690516191157,,XLU,公益事業,defensive,,8.0,1.0,-3.0
2025-02-13,37.82258605957031,0.21481877506011482,0.21455280326409792,101.40052300243394,,XLU,公益事業,defensive,,8.0,1.0,-3.0
2025-02-14,37.665443420410156,0.2141388826886303,0.21441482973894205,101.28947944876225,,XLU,公益事業,defensive,,8.0,1.0,-3.0
2025-02-18,38.01781463623047,0.2144957364468218,0.21444179864156865,101.26174914401759,,XLU,公益事業,defensive,,9.0,1.0,-1.0
2025-02-19,38.217811584472656,0.2151877847993708,0.2146904606941694,101.33782636497301,,XLU,公益事業,defensive,,9.0,1.0,-2.0
2025-02-20,38.213050842285156,0.21570362340292504,0.21502818159708795,101.44571724293085,,XLU,公益事業,defensive,,9.0,1.0,0.0
2025-02-21,38.22256851196289,0.21882898844299764,0.2162951172123912,101.94979451137172,,XLU,公益事業,defensive,,11.0,3.0,2.0
2025-02-24,38.0321044921875,0.21755709399462356,0.21671577613980197,102.05297519239193,,XLU,公益事業,defensive,,11.0,3.0,2.0
2025-02-25,37.84163284301758,0.21625123287716624,0.2165609283855901,101.9241101127379,,XLU,公益事業,defensive,,9.0,0.0,-1.0
2025-02-26,37.99877166748047,0.217608232086553,0.21691002961924444,102.02467251930827,,XLU,公益事業,defensive,,11.0,2.0,1.0
2025-02-27,37.15593719482422,0.214656213526846,0.21615875758844497,101.67561098298714,,XLU,公益事業,defensive,,8.0,-1.0,-2.0
2025-02-28,37.72258758544922,0.2155350727519553,0.2159508626429484,101.55353847901944,,XLU,公益事業,defensive,,7.0,-4.0,-7.0
2025-03-03,37.77497100830078,0.21815905281192494,0.21668692603260725,101.81291936581034,,XLU,公益事業,defensive,,8.0,-3.0,-6.0
2025-03-04,37.160701751708984,0.21813573396682073,0.21716986201067845,101.9581382007731,,XLU,公益事業,defensive,,8.0,-1.0,-1.0
2025-03-05,36.898807525634766,0.2146038566036028,0.2163145268749866,101.59736054583516,,XLU,公益事業,defensive,,8.0,-3.0,-5.0
2025-03-06,36.13216018676758,0.21249798311723297,0.21504234562240207,101.08204511217737,,XLU,公益事業,defensive,,8.0,0.0,1.0
2025-03-07,36.80357360839844,0.21443764194955225,0.21484077773145213,100.98363001468863,,XLU,公益事業,defensive,,7.0,0.0,4.0
2025-03-10,37.208316802978516,0.21989476094304758,0.21652543880198397,101.58188415373748,,XLU,公益事業,defensive,,8.0,0.0,3.0
2025-03-11,36.86071014404297,0.2207808118657199,0.21794389648989598,102.01928484420183,,XLU,公益事業,defensive,,8.0,0.0,1.0
2025-03-12,36.746429443359375,0.22113846252453956,0.2190087518347772,102.26930839783451,,XLU,公益事業,defensive,,11.0,3.0,6.0
2025-03-13,36.8369026184082,0.22382870776816616,0.22061540381257352,102.63181929445685,,XLU,公益事業,defensive,,11.0,3.0,3.0
2025-03-14,37.55592727661133,0.223928676804208,0.22171982814311836,102.77250027952078,,XLU,公益事業,defensive,,11.0,4.0,4.0
2025-03-17,37.71306610107422,0.22187153685293431,0.221770397713057,102.60821085735296,,XLU,公益事業,defensive,,11.0,3.0,3.0
2025-03-18,37.451168060302734,0.22148252080053524,0.22167443874221643,102.43676892294773,,XLU,公益事業,defensive,,11.0,3.0,3.0
2025-03-19,37.589263916015625,0.2206640317225204,0.22133763640231774,102.22710534656402,,XLU,公益事業,defensive,,11.0,0.0,-3.0
2025-03-20,37.741634368896484,0.22248459275536808,0.22171995518666787,102.23204164308304,,XLU,公益事業,defensive,,10.0,-1.0,-4.0
2025-03-21,37.498783111572266,0.2220702733895226,0.2218367279209528,102.1689340127551,,XLU,公益事業,defensive,,10.0,-1.0,-5.0
2025-03-24,37.486793518066406,0.21861160665661972,0.22076168749950845,101.8052220157651,,XLU,公益事業,defensive,,10.0,-1.0,-4.0
2025-03-25,36.88734817504883,0.21563130545263856,0.21905156015055183,101.2921606410271,,XLU,公益事業,defensive,,10.0,-1.0,-4.0
2025-03-26,37.13192367553711,0.2174704642739722,0.21852452819169196,101.11112842706979,,XLU,公益事業,defensive,,9.0,-2.0,-2.0
2025-03-27,37.122337341308594,0.2179750398212082,0.2183413654015307,101.02735012141133,,XLU,公益事業,defensive,,9.0,-1.0,0.0
2025-03-28,37.39568328857422,0.22301817941910487,0.21990030340738878,101.41432722097451,,XLU,公益事業,defensive,,10.0,0.0,1.0
2025-03-31,37.81289291381836,0.22364479340046783,0.22114846673841515,101.69441225479974,,XLU,公益事業,defensive,,10.0,0.0,1.0
2025-04-01,37.90880584716797,0.22397935062715155,0.2220920947013273,101.87058792154359,,XLU,公益事業,defensive,,10.0,0.0,1.0
2025-04-02,38.086238861083984,0.223161668889176,0.2224486194306102,101.88003706430118,,XLU,公益事業,defensive,,10.0,1.0,3.0
2025-04-03,37.846466064453125,0.2328492700090246,0.22591550295674834,102.60412549279738,,XLU,公益事業,defensive,,11.0,2.0,3.0
2025-04-04,35.74121856689453,0.23297752835810445,0.22826951142386706,102.92248726334874,,XLU,公益事業,defensive,,11.0,1.0,1.0
2025-04-07,35.19452667236328,0.23134207699184392,0.22929369994652604,102.89262409772094,101.25126940573304,XLU,公益事業,defensive,Leading,11.0,1.0,1.0
2025-04-08,35.05065155029297,0.23482559819162946,0.2311376660282272,102.99877085107511,101.13730188064883,XLU,公益事業,defensive,Leading,11.0,1.0,1.0
2025-04-09,36.4317741394043,0.22600467837541557,0.22942667014395668,102.47516252588584,100.44263450655416,XLU,公益事業,defensive,Leading,11.0,1.0,0.0
2025-04-10,36.15842819213867,0.23212325378262816,0.2303255313568472,102.47473699065839,99.51583143883659,XLU,公益事業,defensive,Weakening,11.0,0.0,-2.0
2025-04-11,36.5996208190918,0.23144616076689134,0.23069907449352858,102.38383093932434,99.01178936922521,XLU,公益事業,defensive,Weakening,11.0,0.0,-1.0
2025-04-14,37.25661087036133,0.23262868253037278,0.23134227717247666,102.34772191975456,99.01711563437081,XLU,公益事業,defensive,Weakening,11.0,0.0,-1.0
2025-04-15,37.25181579589844,0.23335243100559663,0.23201232845018332,102.31834209736552,98.8637468491315,XLU,公益事業,defensive,Weakening,11.0,0.0,-1.0
2025-04-16,36.91612243652344,0.23425730962669067,0.23276065550901914,102.30034460799467,99.50284388369211,XLU,公益事業,defensive,Weakening,11.0,0.0,-1.0
2025-04-17,37.29497146606445,0.23491538372892884,0.23347889824898907,102.27327009180532,99.47883118178761,XLU,公益事業,defensive,Weakening,11.0,0.0,0.0
2025-04-21,36.41259765625,0.23406291305895005,0.23367356985230942,102.17555228913092,99.48056728965794,XLU,公益事業,defensive,Weakening,11.0,0.0,0.0
2025-04-22,37.4052734375,0.23465803462294205,0.23400172477585363,102.10517009383015,99.45578802570259,XLU,公益事業,defensive,Weakening,11.0,0.0,0.0
2025-04-23,37.56352615356445,0.23339294969841345,0.23379879975004025,101.97552373854535,99.34889572377034,XLU,公益事業,defensive,Weakening,11.0,0.0,0.0
2025-04-24,37.621070861816406,0.22986133369730255,0.23248631106579437,101.72040184325266,99.07655456643188,XLU,公益事業,defensive,Weakening,11.0,0.0,0.0
2025-04-25,37.50597381591797,0.22948657848986292,0.23148640020715058,101.5257824885391,98.89729964855175,XLU,公益事業,defensive,Weakening,11.0,0.0,0.0
2025-04-28,37.73616409301758,0.23024877728963292,0.2310738592346447,101.42036054366447,98.90291837745596,XLU,公益事業,defensive,Weakening,10.0,-1.0,-1.0
2025-04-29,38.02869415283203,0.2306873241439086,0.23094501420439933,101.35958146094968,98.90221719483006,XLU,公益事業,defensive,Weakening,10.0,-1.0,-1.0
2025-04-30,37.83686828613281,0.22919803145006604,0.2303626866196216,101.24534397060233,98.90749927942697,XLU,公益事業,defensive,Weakening,10.0,-1.0,-1.0
2025-05-01,37.947166442871094,0.23017915134433156,0.23030150819452494,101.20228187865867,99.16042514895734,XLU,公益事業,defensive,Weakening,9.0,-2.0,-2.0
2025-05-02,38.24449157714844,0.22796082741418877,0.22952128126774624,101.06613329310852,99.22065657328422,XLU,公益事業,defensive,Weakening,9.0,-2.0,-2.0
2025-05-05,38.148582458496094,0.2281457253089898,0.22906276261482744,100.97414069001442,99.24864616846513,XLU,公益事業,defensive,Weakening,8.0,-2.0,-1.0
2025-05-06,38.61374282836914,0.23265223652143022,0.2302592539170284,101.1069965907626,99.50556674663514,XLU,公益事業,defensive,Weakening,9.0,-1.0,0.0
2025-05-07,38.72404479980469,0.2317902019367279,0.2307695699235949,101.14502358452506,99.71298328936741,XLU,公益事業,defensive,Weakening,9.0,-1.0,0.0
2025-05-08,38.41233444213867,0.22800624678184764,0.22984846220967914,100.98695587906484,99.58719054598663,XLU,公益事業,defensive,Weakening,9.0,0.0,2.0
2025-05-09,38.47947692871094,0.22845769757883622,0.22938487399939816,100.89401222748154,99.66145418093564,XLU,公益事業,defensive,Weakening,9.0,0.0,2.0
2025-05-12,38.249290466308594,0.2210327542541239,0.22660083408430676,100.46897968727681,99.26149067334441,XLU,公益事業,defensive,Weakening,8.0,0.0,2.0
2025-05-13,38.196537017822266,0.22023104546849398,0.22447757121236916,100.1344268406999,98.69759903639036,XLU,公益事業,defensive,Weakening,7.0,-2.0,-1.0
2025-05-14,38.02869415283203,0.22059155836379515,0.22318223359617784,99.91914507644442,98.40785887959092,XLU,公益事業,defensive,Lagging,6.0,-3.0,-2.0
2025-05-15,38.839141845703125,0.22325768649342756,0.22320738456192776,99.90056232537776,98.62326189501411,XLU,公益事業,defensive,Lagging,6.0,-3.0,-3.0
2025-05-16,39.40980529785156,0.22433542839567608,0.2235833991731772,99.9349188990335,98.82618758468257,XLU,公益事業,defensive,Lagging,6.0,-3.0,-3.0
2025-05-19,39.57765579223633,0.2253159273932943,0.2241609085798829,100.00127074826369,99.50652313022344,XLU,公益事業,defensive,Weakening,6.0,-2.0,-2.0
2025-05-20,39.692745208740234,0.22656282660953178,0.22496154792309922,100.10505792589998,100.1067425130636,XLU,公益事業,defensive,Leading,6.0,-1.0,1.0
2025-05-21,38.96862030029297,0.2273825846948315,0.22576856018034333,100.21258616055432,100.53784552073402,XLU,公益事業,defensive,Leading,6.0,0.0,3.0
2025-05-22,38.41233444213867,0.22485380072560143,0.22546364036209604,100.14000657590844,100.47367794314896,XLU,公益事業,defensive,Leading,6.0,0.0,3.0
2025-05-23,38.872703552246094,0.2284623291528651,0.22646320329235242,100.28624247794497,100.63976447192397,XLU,公益事業,defensive,Leading,6.0,0.0,3.0
2025-05-27,39.16523742675781,0.22596891499339541,0.22629844052603343,100.23545262198819,100.49230736803456,XLU,公益事業,defensive,Leading,6.0,0.0,2.0
2025-05-28,38.61854553222656,0.22472557100950852,0.2257741506871918,100.12202616123442,100.20942486261372,XLU,公益事業,defensive,Leading,6.0,0.0,1.0
2025-05-29,38.8870964050293,0.22573701425555154,0.22576177187664506,100.09490904921692,100.02958210612715,XLU,公益事業,defensive,Leading,6.0,0.0,0.0
2025-05-30,39.285125732421875,0.22813805799935988,0.22655386725088333,100.21200323309895,100.28413048853628,XLU,公益事業,defensive,Leading,6.0,0.0,0.0
2025-06-02,39.40980529785156,0.22868059979538144,0.22726277809904938,100.31817595891404,100.22209628578283,XLU,公益事業,defensive,Leading,6.0,0.0,0.0
2025-06-03,39.51531219482422,0.22739965676789298,0.22730840432199725,100.30252333654214,100.27037970865106,XLU,公益事業,defensive,Leading,6.0,0.0,0.0
2025-06-04,38.82475280761719,0.22392876224837796,0.22618185696412418,100.05791830748943,100.07929720174391,XLU,公益事業,defensive,Leading,6.0,0.0,0.0
2025-06-05,38.762413024902344,0.22417497012642956,0.22551289468489266,99.88900282345959,99.87200517870271,XLU,公益事業,defensive,Lagging,5.0,-1.0,-1.0
2025-06-06,38.93505096435547,0.22324535271426685,0.22475704736135074,99.68821447366035,99.42464489547626,XLU,公益事業,defensive,Lagging,5.0,-1.0,-1.0
2025-06-09,38.6856803894043,0.2217782985709572,0.22376413109788623,99.43179372971471,98.93989300991078,XLU,公益事業,defensive,Lagging,5.0,-1.0,-1.0
2025-06-10,38.77679443359375,0.2211991049242051,0.22290912237332589,99.20593603941148,98.69108029367271,XLU,公益事業,defensive,Lagging,5.0,-1.0,-1.0
2025-06-11,38.800777435302734,0.22196616799122557,0.22259480424595912,99.10648043001751,98.92477621765521,XLU,公益事業,defensive,Lagging,4.0,-2.0,-2.0
2025-06-12,39.27073287963867,0.22412902947692565,0.22310621265628133,99.20760492139098,99.31477170055534,XLU,公益事業,defensive,Lagging,5.0,0.0,1.0
2025-06-13,39.04534912109375,0.22556934336746834,0.22392725622667703,99.38661032390308,99.90051279680434,XLU,公益事業,defensive,Lagging,5.0,0.0,1.0
2025-06-16,38.8535270690918,0.222317630122756,0.2233907141920367,99.25014511743332,100.11878938841313,XLU,公益事業,defensive,Improving,5.0,0.0,1.0
2025-06-17,38.532230377197266,0.22261755850541595,0.2231329956298298,99.17923420231263,100.37986156029501,XLU,公益事業,defensive,Improving,5.0,0.0,1.0
2025-06-18,38.63292694091797,0.22317418286841054,0.22314672470935673,99.16968409990352,100.52089114117807,XLU,公益事業,defensive,Improving,5.0,1.0,3.0
2025-06-20,38.73843002319336,0.22341835497265575,0.2232372681304564,99.18081545177589,100.3668334806516,XLU,公益事業,defensive,Improving,5.0,0.0,0.0
2025-06-23,39.22952651977539,0.22427070153010598,0.22358174593033964,99.25227975134177,100.18299059740009,XLU,公益事業,defensive,Improving,5.0,0.0,0.0
2025-06-24,39.398529052734375,0.22312425564671523,0.2234292491691315,99.19565659761874,100.29385082048589,XLU,公益事業,defensive,Improving,5.0,0.0,0.0
2025-06-25,38.8721923828125,0.2217433334546126,0.2228672772642919,99.02180602477247,100.10408556235451,XLU,公益事業,defensive,Improving,5.0,0.0,0.0
2025-06-26,39.19572067260742,0.22191412224110624,0.22254955892323003,98.89759468493921,99.89155171049677,XLU,公益事業,defensive,Lagging,4.0,-1.0,-2.0
2025-06-27,39.27298355102539,0.221540278192135,0.22221313201286505,98.76096894372452,99.61483264011393,XLU,公益事業,defensive,Lagging,4.0,-1.0,-1.0
2025-06-30,39.43233871459961,0.22139884725553227,0.22194170376042083,98.66193941448267,99.31593546854246,XLU,公益事業,defensive,Lagging,4.0,-1.0,-1.0
2025-07-01,39.56754684448242,0.21958447443614962,0.22115596065233042,98.45093399689928,99.07435489914157,XLU,公益事業,defensive,Lagging,2.0,-3.0,-3.0
2025-07-02,39.224700927734375,0.2171857062280354,0.2198325425108988,98.13424341274971,98.86565206570936,XLU,公益事業,defensive,Lagging,1.0,-4.0,-4.0
2025-07-03,39.51925277709961,0.21776495883842714,0.21914334795340826,98.01041897677406,98.89569307932105,XLU,公益事業,defensive,Lagging,1.0,-3.0,-2.0
2025-07-07,39.60135269165039,0.21997544116899187,0.2194207123586028,98.16107841995058,99.40523232100958,XLU,公益事業,defensive,Lagging,2.0,-2.0,-1.0
2025-07-08,39.181236267089844,0.21709818179174167,0.21864653550298246,98.06470067797233,99.41681642146878,XLU,公益事業,defensive,Lagging,1.0,-3.0,-2.0
2025-07-09,39.5482292175293,0.2184791278276412,0.2185907329445354,98.14067668355034,100.07723469304004,XLU,公益事業,defensive,Improving,2.0,0.0,3.0
2025-07-10,39.871761322021484,0.21899781751085273,0.21872642779997453,98.24695706839174,101.1941371814069,XLU,公益事業,defensive,Improving,2.0,1.0,5.0
2025-07-11,39.813812255859375,0.22029216570167123,0.21924834043387345,98.43208300879722,102.01321271527573,XLU,公益事業,defensive,Improving,3.0,2.0,5.0
2025-07-14,39.973167419433594,0.22094627105728476,0.2198143173083439,98.61210904413575,102.00186949968575,XLU,公益事業,defensive,Improving,4.0,2.0,4.0
2025-07-15,39.5916862487793,0.22191499772327394,0.22051454411332058,98.81110768398173,102.5440971630845,XLU,公益事業,defensive,Improving,4.0,3.0,6.0
2025-07-16,39.61100387573242,0.22116076084610892,0.2207299496909167,98.89478770748849,102.39725784934976,XLU,公益事業,defensive,Improving,4.0,2.0,2.0
2025-07-17,39.775184631347656,0.22028152562850473,0.22058047500344605,98.89320037388921,102.04543529538142,XLU,公益事業,defensive,Improving,4.0,2.0,1.0
2025-07-18,40.441566467285156,0.22405718576853362,0.2217393785918086,99.18578055081936,102.1611068486004,XLU,公益事業,defensive,Improving,5.0,2.0,0.0
2025-07-21,40.57194519042969,0.22555101273556089,0.22300992330639272,99.50915364320467,102.31656857550992,XLU,公益事業,defensive,Improving,6.0,2.0,0.0
2025-07-22,41.06932067871094,0.2254419896583039,0.2238206120903631,99.7339784344224,102.23501829128507,XLU,公益事業,defensive,Improving,6.0,2.0,-1.0
2025-07-23,40.76027297973633,0.2219071696063055,0.22318279792901058,99.59962835480299,101.74249993688174,XLU,公益事業,defensive,Improving,6.0,2.0,0.0
2025-07-24,40.7071533203125,0.2223296921259498,0.22289842932799034,99.54951461465217,101.58871653060213,XLU,公益事業,defensive,Improving,6.0,2.0,0.0
2025-07-25,40.813385009765625,0.221841236497087,0.22254603171768922,99.47601306599206,100.88985924450994,XLU,公益事業,defensive,Improving,6.0,1.0,-1.0
2025-07-28,40.37879180908203,0.22078446239893298,0.2219588419447705,99.33042800988494,100.0161862144926,XLU,公益事業,defensive,Improving,6.0,0.0,-2.0
2025-07-29,40.84236526489258,0.2234269496960632,0.22244821119520142,99.49939220949047,99.89705478626465,XLU,公益事業,defensive,Lagging,6.0,0.0,-2.0
2025-07-30,41.146575927734375,0.22656078748168937,0.2238190699573641,99.95066136518162,100.95555089125264,XLU,公益事業,defensive,Improving,8.0,2.0,0.0
2025-07-31,41.36869812011719,0.2298802165867667,0.22583945216716494,100.63328882861052,102.1959521228153,XLU,公益事業,defensive,Leading,9.0,3.0,1.0
2025-08-01,41.431480407714844,0.23285398476736843,0.22817762970056613,101.43744166178621,103.36120589112674,XLU,公益事業,defensive,Leading,10.0,4.0,3.0
2025-08-04,42.165462493896484,0.2341164634953265,0.23015724096548626,102.08042720154974,103.9516350589154,XLU,公益事業,defensive,Leading,11.0,5.0,5.0
2025-08-05,41.71637725830078,0.23226753235013659,0.2308606714270364,102.26080476195658,103.4937021917414,XLU,公益事業,defensive,Leading,11.0,5.0,5.0
2025-08-06,41.34455490112305,0.23071347680779955,0.23081160655395747,102.22814192945621,102.66175546701959,XLU,公益事業,defensive,Leading,11.0,3.0,1.0
2025-08-07,41.793643951416016,0.2333598942165434,0.23166103577481945,102.4711577307059,102.02856254902102,XLU,公益事業,defensive,Leading,11.0,2.0,-1.0
2025-08-08,41.61497116088867,0.2319434097214072,0.23175516042368205,102.43956328248096,101.03412559299112,XLU,公益事業,defensive,Leading,11.0,1.0,-3.0
2025-08-11,41.48460006713867,0.23184995857164445,0.2317867598063362,102.37861579489378,100.220137022728,XLU,公益事業,defensive,Leading,11.0,0.0,-5.0
2025-08-12,41.663265228271484,0.2299268774520495,0.23116679902157397,102.09834923949029,99.68556667469575,XLU,公益事業,defensive,Weakening,10.0,-1.0,-6.0
2025-08-13,41.755008697509766,0.22718939272172015,0.22984099692162271,101.64362956823076,99.18776692782981,XLU,公益事業,defensive,Weakening,9.0,-2.0,-5.0
2025-08-14,41.46527862548828,0.22709025527914709,0.2289240830407975,101.33317161315117,98.54217002371124,XLU,公益事業,defensive,Weakening,8.0,-3.0,-5.0
2025-08-15,41.34455490112305,0.22698949042659727,0.2282792188360641,101.11562584436058,98.3421211380304,XLU,公益事業,defensive,Weakening,8.0,-3.0,-4.0
2025-08-18,41.1658935546875,0.2260572374316239,0.22753855836791737,100.88336782845057,98.1822696099706,XLU,公益事業,defensive,Weakening,8.0,-3.0,-3.0
2025-08-19,41.566688537597656,0.22719445902344015,0.22742385858642497,100.83190817291477,98.48049060718995,XLU,公益事業,defensive,Weakening,8.0,-2.0,-1.0
2025-08-20,41.610145568847656,0.22763926818854,0.22749566178713,100.8360357100225,99.01459504087188,XLU,公益事業,defensive,Weakening,9.0,0.0,2.0
2025-08-21,41.32524490356445,0.22687127311023486,0.22728753222816497,100.76863936126311,99.30154862970934,XLU,公益事業,defensive,Weakening,9.0,1.0,4.0
2025-08-22,41.5473747253418,0.22373331397435545,0.2261027928102285,100.43784968490543,99.19661735594897,XLU,公益事業,defensive,Weakening,9.0,1.0,4.0
2025-08-25,41.07897186279297,0.2229167461915219,0.22504077727065966,100.15109209036213,99.15979475649253,XLU,公益事業,defensive,Weakening,8.0,0.0,3.0
2025-08-26,41.17072296142578,0.2232602566029043,0.22444727038140788,99.99493290917552,99.07020971567074,XLU,公益事業,defensive,Lagging,8.0,0.0,2.0
2025-08-27,41.18037796020508,0.22250854566261247,0.22380102880847608,99.82422895568278,98.90888177278633,XLU,公益事業,defensive,Lagging,8.0,-1.0,-1.0
2025-08-28,40.86650466918945,0.22091790032960826,0.22283998598218682,99.57049357365725,98.74335495082562,XLU,公益事業,defensive,Lagging,4.0,-5.0,-6.0
2025-08-29,40.7168083190918,0.2202720454950877,0.22198400581982045,99.35340336526568,98.89468768681046,XLU,公益事業,defensive,Lagging,3.0,-6.0,-7.0
2025-09-02,40.58160400390625,0.22128866084031174,0.22175222415998422,99.31226732883859,99.17198958907964,XLU,公益事業,defensive,Lagging,4.0,-4.0,-4.0
2025-09-03,40.48019790649414,0.22107830445120766,0.2215275842570587,99.27411867816046,99.31099474020682,XLU,公益事業,defensive,Lagging,4.0,-4.0,-4.0
2025-09-04,40.43191146850586,0.2191955965748932,0.22075025502967022,99.08567865136871,99.30642573147668,XLU,公益事業,defensive,Lagging,4.0,-4.0,-3.0
2025-09-05,40.306358337402344,0.21825982753497836,0.21992011253143962,98.89011059109473,99.37644453723374,XLU,公益事業,defensive,Lagging,4.0,0.0,5.0
2025-09-08,39.895904541015625,0.2162093192140838,0.21868318142565435,98.59937286399506,99.30562798559919,XLU,公益事業,defensive,Lagging,2.0,-1.0,5.0
2025-09-09,40.17115020751953,0.21837362339479008,0.21857999541536627,98.61596598935644,99.3605764961588,XLU,公益事業,defensive,Lagging,3.0,-1.0,3.0
2025-09-10,40.861671447753906,0.2223524211027305,0.21983747064448772,98.97203331357306,99.7529849017271,XLU,公益事業,defensive,Lagging,4.0,0.0,4.0
2025-09-11,41.07897186279297,0.2202346364921836,0.21996985926038637,99.02491580367372,99.98984672666923,XLU,公益事業,defensive,Lagging,3.0,-1.0,3.0
2025-09-12,41.28661346435547,0.22295267824904133,0.2209641322566047,99.29702189242343,100.46374685605241,XLU,公益事業,defensive,Improving,4.0,0.0,0.0
2025-09-15,41.3831901550293,0.22386517401687236,0.22193114617669393,99.55833040192806,101.01554026482577,XLU,公益事業,defensive,Improving,5.0,3.0,4.0
2025-09-16,40.62989044189453,0.22037429823322865,0.22141219686220553,99.43278386391172,100.84581697382445,XLU,公益事業,defensive,Improving,5.0,2.0,3.0
2025-09-17,40.731292724609375,0.22071313392994604,0.22117917588478572,99.38215635597457,100.41584543390171,XLU,公益事業,defensive,Improving,5.0,1.0,1.0
2025-09-18,40.76027297973633,0.2194368606640366,0.22059840414453602,99.24563538558043,100.21683501256138,XLU,公益事業,defensive,Improving,5.0,2.0,3.0
2025-09-19,41.02102279663086,0.2212257561111128,0.22080752146672827,99.3121652245812,100.00311616814986,XLU,公益事業,defensive,Improving,5.0,1.0,1.0
2025-09-22,41.41868591308594,0.22326371350548002,0.2216262521463122,99.53132435567183,99.95766544083422,XLU,公益事業,defensive,Lagging,5.0,0.0,-3.0
2025-09-23,41.6325798034668,0.22414317240275655,0.22246522556512702,99.75053033646722,100.30863097327611,XLU,公益事業,defensive,Improving,5.0,0.0,-2.0
2025-09-24,41.92912673950195,0.2262673001359234,0.22373258375539248,100.07186741688732,100.67756522443482,XLU,公益事業,defensive,Leading,6.0,1.0,0.0
2025-09-25,41.525630950927734,0.2259500879997091,0.22447175183683138,100.25351166133952,100.9780082355432,XLU,公益事業,defensive,Leading,6.0,1.0,-1.0
2025-09-26,42.20136260986328,0.22737407956613176,0.22543919441326485,100.48784110123886,101.11466021402524,XLU,公益事業,defensive,Leading,6.0,1.0,0.0
2025-09-29,42.32289505004883,0.22726960431256776,0.22604933104636585,100.62620774321712,101.0008837348542,XLU,公益事業,defensive,Leading,6.0,1.0,1.0
2025-09-30,42.39581298828125,0.22706111886472874,0.22638659365248684,100.69068782648623,100.81777149777089,XLU,公益事業,defensive,Leading,7.0,2.0,2.0
2025-10-01,42.804168701171875,0.22872968089547566,0.22716762273348312,100.86202195336725,100.64243526762371,XLU,公益事業,defensive,Leading,6.0,0.0,-1.0
2025-10-02,42.72638702392578,0.22777495014173113,0.22737006520289915,100.88508949751181,100.45999892085032,XLU,公益事業,defensive,Leading,7.0,1.0,0.0
2025-10-03,43.22224426269531,0.2296111599946987,0.22811709680016568,101.04396412924004,100.36532908431032,XLU,公益事業,defensive,Leading,9.0,3.0,2.0
2025-10-06,43.640316009521484,0.23190482843329635,0.22937967401120923,101.3276407599202,100.4955209455698,XLU,公益事業,defensive,Leading,9.0,3.0,2.0
2025-10-07,43.839637756347656,0.23399209399250448,0.23091714733830765,101.66487741324256,100.75471124356532,XLU,公益事業,defensive,Leading,9.0,2.0,0.0
2025-10-08,44.14104461669922,0.23483596180477448,0.23222341882712993,101.91970109142112,100.8208986512685,XLU,公益事業,defensive,Leading,9.0,3.0,3.0
2025-10-09,44.029232025146484,0.23619526355399126,0.23354736706941706,102.1462613694513,101.0077149416907,XLU,公益事業,defensive,Leading,9.0,2.0,1.0
2025-10-10,43.84935760498047,0.24065619648494463,0.23591697687459293,102.55555887532023,101.23017889823937,XLU,公益事業,defensive,Leading,10.0,1.0,-2.0
2025-10-13,44.184791564941406,0.2401619223738994,0.2373319587076951,102.6820526827741,101.05461606384479,XLU,公益事業,defensive,Leading,10.0,1.0,-2.0
2025-10-14,44.57855987548828,0.2403094994991051,0.23832447230483178,102.6925179270447,100.72243283199438,XLU,公益事業,defensive,Leading,11.0,2.0,0.0
2025-10-15,45.161922454833984,0.24296435414508896,0.2398710995849175,102.7887554298841,100.56021696322793,XLU,公益事業,defensive,Leading,11.0,2.0,-1.0
2025-10-16,44.67092514038086,0.24262252523352248,0.24078824146778582,102.74309107817781,100.29253703937843,XLU,公益事業,defensive,Leading,11.0,2.0,0.0
2025-10-17,44.51536560058594,0.24055593989562624,0.2407108076103993,102.53812861347441,99.69556257176123,XLU,公益事業,defensive,Weakening,11.0,1.0,0.0
2025-10-20,44.50077819824219,0.2380962799821273,0.23983929840097531,102.24226818917995,99.2968238571484,XLU,公益事業,defensive,Weakening,11.0,1.0,0.0
2025-10-21,44.04867172241211,0.23460250612822134,0.238093700976724,101.85259726574621,98.93130627317974,XLU,公益事業,defensive,Weakening,10.0,-1.0,-3.0
2025-10-22,43.94658660888672,0.2351931042727795,0.23712683540874252,101.62283326233485,98.65630747216258,XLU,公益事業,defensive,Weakening,10.0,-1.0,-3.0
2025-10-23,43.912559509277344,0.233902057995871,0.23605190960445205,101.39461568293994,98.53041832031327,XLU,公益事業,defensive,Weakening,9.0,-2.0,-4.0
2025-10-24,44.4278564453125,0.23600343999980547,0.23603575306956986,101.34433962303416,98.71050963545508,XLU,公益事業,defensive,Weakening,9.0,-2.0,-3.0
2025-10-27,44.54939270019531,0.23560196706918313,0.23589115773610764,101.27678794511965,98.94565595113146,XLU,公益事業,defensive,Weakening,9.0,-2.0,-3.0
2025-10-28,43.81532669067383,0.23372725906013436,0.2351698581774499,101.12437672413135,99.188317074651,XLU,公益事業,defensive,Weakening,9.0,-1.0,0.0
2025-10-29,43.80074691772461,0.23629207512876382,0.23554393049455455,101.14808451593387,99.4456397254814,XLU,公益事業,defensive,Weakening,9.0,-1.0,0.0
2025-10-30,43.61601257324219,0.2363118369584825,0.2357998993158639,101.15649770740865,99.69246929994492,XLU,公益事業,defensive,Weakening,8.0,-1.0,1.0
2025-10-31,43.314613342285156,0.23416688334528915,0.23525556065900566,101.04996826314482,99.66676969601207,XLU,公益事業,defensive,Weakening,8.0,-1.0,1.0
2025-11-03,43.33891296386719,0.23487313087186135,0.23512808406329092,101.01229833335708,99.7283399649631,XLU,公益事業,defensive,Weakening,7.0,-2.0,0.0
2025-11-04,43.183353424072266,0.23558837485172004,0.23528151432610064,101.01725604207454,99.93663120779627,XLU,公益事業,defensive,Weakening,7.0,-2.0,-1.0
2025-11-05,43.19307327270508,0.2342702110003417,0.23494441321751433,100.95246490590843,99.8672084000504,XLU,公益事業,defensive,Weakening,7.0,-2.0,-1.0
2025-11-06,43.003482818603516,0.23489716754952839,0.23492866466151902,100.93732392683056,99.860350584054,XLU,公益事業,defensive,Weakening,7.0,-1.0,0.0
2025-11-07,43.6014289855957,0.23618242709060092,0.235346585471213,100.9856198105812,100.0540582547142,XLU,公益事業,defensive,Leading,7.0,-1.0,0.0
2025-11-10,43.58684539794922,0.23475169885327404,0.23514828993190004,100.94055460627901,100.04338660434092,XLU,公益事業,defensive,Leading,6.0,-1.0,1.0
2025-11-11,43.61115264892578,0.23353321864624457,0.23460993283668158,100.84431489405775,99.91301936896066,XLU,公益事業,defensive,Weakening,6.0,-1.0,1.0
2025-11-12,43.71323776245117,0.23352600296147275,0.23424862287827863,100.77448120813597,99.88699705186282,XLU,公益事業,defensive,Weakening,7.0,0.0,2.0
2025-11-13,43.11043167114258,0.23293906022495106,0.23381210199383612,100.69454244377148,99.78235782576941,XLU,公益事業,defensive,Weakening,8.0,1.0,2.0
2025-11-14,43.14932632446289,0.23400797312226143,0.2338773923699779,100.68697530522785,99.68057459310062,XLU,公益事業,defensive,Weakening,8.0,1.0,2.0
2025-11-17,43.538230895996094,0.239258820616269,0.2356712017854083,100.92410753831787,100.01761096001675,XLU,公益事業,defensive,Leading,9.0,3.0,4.0
2025-11-18,43.37294387817383,0.2382087680432825,0.2365170572046997,101.01801830841082,100.24825078183714,XLU,公益事業,defensive,Leading,9.0,3.0,4.0
2025-11-19,43.00834274291992,0.23692357784016513,0.2366525640831882,101.00842632724792,100.31216037870526,XLU,公益事業,defensive,Leading,9.0,2.0,2.0
2025-11-20,42.789581298828125,0.23862967010355948,0.23731159942331198,101.06929813587873,100.47886463362784,XLU,公益事業,defensive,Leading,9.0,1.0,0.0
2025-11-21,42.852779388427734,0.2343764004875804,0.23633319977806813,100.90223551492657,100.2484004375907,XLU,公益事業,defensive,Leading,9.0,1.0,0.0
2025-11-24,43.33891296386719,0.23605677844625805,0.23624105933413145,100.86173760565595,99.8578827372908,XLU,公益事業,defensive,Weakening,9.0,0.0,-3.0
2025-11-25,43.17362976074219,0.23186248933564826,0.23478153600130375,100.63283660213385,99.39809630756402,XLU,公益事業,defensive,Weakening,9.0,0.0,-3.0
2025-11-26,43.74727249145508,0.23331525499369882,0.23429277566543544,100.54143262595548,99.25461440603385,XLU,公益事業,defensive,Weakening,9.0,0.0,-2.0
2025-11-28,44.05839157104492,0.23371088014231428,0.23409881049106174,100.4912890954684,99.07397258765756,XLU,公益事業,defensive,Weakening,10.0,1.0,0.0
2025-12-01,43.027793884277344,0.2298158739214148,0.23267116496784612,100.26369247672554,98.97774446661174,XLU,公益事業,defensive,Weakening,9.0,0.0,-1.0
2025-12-02,42.72152328491211,0.2283961783622387,0.23124616943264364,100.03321807435913,98.71197957182571,XLU,公益事業,defensive,Weakening,8.0,-1.0,-1.0
2025-12-03,42.58540725708008,0.2259445134883311,0.22947895078453948,99.745340820424,98.63703621681725,XLU,公益事業,defensive,Lagging,7.0,-2.0,-2.0
2025-12-04,42.49789810180664,0.225409595257074,0.228122498942051,99.50944295739386,98.45580561001185,XLU,公益事業,defensive,Lagging,7.0,-2.0,-2.0
2025-12-05,42.099273681640625,0.22277193986504903,0.22633897924971702,99.19313325506491,98.12848658301445,XLU,公益事業,defensive,Lagging,3.0,-7.0,-8.0
2025-12-08,41.53535842895508,0.2211123104230014,0.2245967563074785,98.87325154700474,98.06105940179481,XLU,公益事業,defensive,Lagging,2.0,-7.0,-7.0
2025-12-09,41.56452560424805,0.22168573258996796,0.22362641506830833,98.68413086741488,98.18685892434317,XLU,公益事業,defensive,Lagging,2.0,-6.0,-5.0
2025-12-10,41.54507827758789,0.21850783059793755,0.22192022024485142,98.38137341024245,98.24068432421097,XLU,公益事業,defensive,Lagging,2.0,-5.0,-3.0
2025-12-11,41.84648513793945,0.21832989903784264,0.22072344650918185,98.18399800152702,98.35916513693768,XLU,公益事業,defensive,Lagging,2.0,-5.0,-3.0
2025-12-12,41.642311096191406,0.21874743755899875,0.22006477685912085,98.09577756900401,98.68894019417318,XLU,公益事業,defensive,Lagging,2.0,-1.0,6.0
2025-12-15,42.02149200439453,0.2204657260764766,0.22019842659823943,98.13184298971123,99.16282217545451,XLU,公益事業,defensive,Lagging,2.0,0.0,7.0
2025-12-16,41.84648513793945,0.22110034143175597,0.2204990648760783,98.18886417578601,99.49025762275123,XLU,公益事業,defensive,Lagging,2.0,0.0,6.0
2025-12-17,41.57424545288086,0.22025757335809626,0.2204185677034176,98.17769184489784,99.8659738124066,XLU,公益事業,defensive,Lagging,2.0,0.0,5.0
2025-12-18,41.982601165771484,0.22194649819619228,0.22092787786767584,98.25991513782243,100.21737803189171,XLU,公益事業,defensive,Improving,2.0,0.0,5.0
2025-12-19,41.447853088378906,0.2183242270012906,0.22005999424554742,98.13510933463324,100.16988427368942,XLU,公益事業,defensive,Improving,2.0,0.0,1.0
2025-12-22,41.60164260864258,0.21752199569664069,0.2192139947292452,98.03461566988155,100.00602330614441,XLU,公益事業,defensive,Improving,2.0,0.0,0.0
2025-12-23,41.748573303222656,0.21879898624414684,0.21907565856754574,98.06149743238862,99.98419631890987,XLU,公益事業,defensive,Lagging,2.0,0.0,0.0
2025-12-24,41.9346923828125,0.2189805705412491,0.2190439625587802,98.10902264154285,100.08214318810644,XLU,公益事業,defensive,Improving,2.0,0.0,0.0
2025-12-26,41.905303955078125,0.21877064437823285,0.21895285649859775,98.15205722245076,100.0591665809139,XLU,公益事業,defensive,Improving,2.0,0.0,0.0
2025-12-29,41.98366928100586,0.21954217684805924,0.21914929661508492,98.23603930280736,100.36520551630097,XLU,公益事業,defensive,Improving,2.0,0.0,0.0
2025-12-30,42.08162307739258,0.22040746983950044,0.2195686876898901,98.34570141780958,100.67406787691614,XLU,公益事業,defensive,Improving,1.0,-1.0,-1.0
2025-12-31,41.81714630126953,0.22090879830168403,0.22001539122715477,98.45417398417796,100.80275118391191,XLU,公益事業,defensive,Improving,1.0,-1.0,-1.0
2026-01-02,42.297122955322266,0.22193820811260817,0.2206563301889726,98.58172459073647,100.92093531599676,XLU,公益事業,defensive,Improving,2.0,0.0,0.0
2026-01-05,41.826942443847656,0.21745289256631048,0.21958851764808524,98.4787536609152,100.72550751053825,XLU,公益事業,defensive,Improving,3.0,1.0,1.0
2026-01-06,42.03264236450195,0.21591553427950014,0.21836418985855688,98.37032769414219,100.47356241351478,XLU,公益事業,defensive,Improving,3.0,1.0,1.0
2026-01-07,41.01390838623047,0.21307277595981888,0.21660038522564423,98.21181318337507,100.12097789007298,XLU,公益事業,defensive,Improving,2.0,1.0,2.0
2026-01-08,41.1314582824707,0.21186704945802226,0.2150226066364369,98.0983820328848,99.82661269833011,XLU,公益事業,defensive,Lagging,2.0,1.0,2.0
2026-01-09,41.64081954956055,0.2132533097963094,0.2144328410230611,98.11586851754933,99.69039908695265,XLU,公益事業,defensive,Lagging,2.0,0.0,0.0
2026-01-12,41.70939636230469,0.21341009162808688,0.2140919245580697,98.16040234149277,99.9630072310229,XLU,公益事業,defensive,Lagging,3.0,0.0,-1.0
2026-01-13,41.973873138427734,0.21476331219583716,0.21431572043732552,98.26247362509417,100.37602605237815,XLU,公益事業,defensive,Improving,2.0,-1.0,-2.0
2026-01-14,42.28732681274414,0.2153870285716684,0.21467282314877317,98.36917801131983,100.90999424055245,XLU,公益事業,defensive,Improving,2.0,0.0,-1.0
2026-01-15,42.71833038330078,0.21662282117950976,0.21532282249235205,98.49756275179556,101.40855869506647,XLU,公益事業,defensive,Improving,4.0,2.0,1.0
2026-01-16,42.50283432006836,0.21608228573574073,0.21557597690681496,98.57227682267889,101.5327272858649,XLU,公益事業,defensive,Improving,4.0,2.0,2.0
2026-01-20,42.08162307739258,0.21718139724909147,0.21611111702090713,98.67461119602588,101.59807368271129,XLU,公益事業,defensive,Improving,5.0,2.0,2.0
2026-01-21,42.14039611816406,0.2138636287957576,0.21536195427919064,98.62904066677098,101.27886919059999,XLU,公益事業,defensive,Improving,5.0,3.0,4.0
2026-01-22,41.836734771728516,0.21204604962557622,0.21425665272798586,98.54814755263268,100.90106643277439,XLU,公益事業,defensive,Improving,5.0,3.0,3.0
2026-01-23,41.68980407714844,0.21224744187882028,0.213586915778264,98.52158735780911,100.58856501663001,XLU,公益事業,defensive,Improving,4.0,0.0,-2.0
2026-01-26,41.993465423583984,0.21328906609047305,0.21348763254900036,98.56102306039729,100.49729748105607,XLU,公益事業,defensive,Improving,4.0,0.0,-2.0
2026-01-27,42.542015075683594,0.21641193936843714,0.21446240148881263,98.71675562560523,100.57772164965131,XLU,公益事業,defensive,Improving,3.0,-2.0,-4.0
2026-01-28,42.444061279296875,0.2166433196293779,0.21518937420233442,98.83820555895129,100.88513159258792,XLU,公益事業,defensive,Improving,5.0,0.0,-3.0
2026-01-29,42.444061279296875,0.21635956638388493,0.21557943826285125,98.91802154968269,101.17250280319897,XLU,公益事業,defensive,Improving,5.0,0.0,-3.0
2026-01-30,42.36569595336914,0.21643981429295073,0.21586623027288443,98.98339406704248,101.31263553352447,XLU,公益事業,defensive,Improving,5.0,1.0,1.0
2026-02-02,41.748573303222656,0.21219434337032494,0.2146422679720313,98.87560366760715,100.99270910396565,XLU,公益事業,defensive,Improving,5.0,1.0,1.0
2026-02-03,42.355899810791016,0.21585579624499182,0.21504677739635147,98.95553063219639,100.82133040464014,XLU,公益事業,defensive,Improving,6.0,3.0,5.0
2026-02-04,42.19917297363281,0.21319960958136844,0.21443105479135713,98.91664752528196,100.49340828629292,XLU,公益事業,defensive,Improving,7.0,2.0,2.0
2026-02-05,42.2187614440918,0.21516776537577095,0.21467662498616175,98.9769602069106,100.44912359531948,XLU,公益事業,defensive,Improving,7.0,2.0,2.0
2026-02-06,42.46364974975586,0.2124568695944803,0.21393670652226793,98.92163543407545,100.20753704912165,XLU,公益事業,defensive,Improving,6.0,1.0,0.0
2026-02-09,42.59099197387695,0.21296763341934716,0.21361368215462767,98.91539610026784,100.39859489717692,XLU,公益事業,defensive,Improving,6.0,1.0,0.0
2026-02-10,43.29627227783203,0.2157267489842089,0.2143180377644881,99.02912217728573,100.45999846737017,XLU,公益事業,defensive,Improving,6.0,0.0,-3.0
2026-02-11,43.67829895019531,0.21724515330975627,0.21529374294624418,99.17444199307097,100.80674973529398,XLU,公益事業,defensive,Improving,6.0,-1.0,-3.0
2026-02-12,44.32480239868164,0.22339228999936864,0.217993258630619,99.53324737075334,101.3459746296934,XLU,公益事業,defensive,Improving,6.0,-1.0,-3.0
2026-02-13,45.54924774169922,0.22720967703755618,0.22106539809959808,99.94684346677809,102.12683218086845,XLU,公益事業,defensive,Improving,6.0,0.0,-1.0
2026-02-17,45.431697845458984,0.22701497679918228,0.2230485909994595,100.22959125453187,102.48097428124741,XLU,公益事業,defensive,Leading,6.0,0.0,-1.0
2026-02-18,44.67744064331055,0.22209457726127976,0.22273058642006627,100.21582979813536,102.133859178238,XLU,公益事業,defensive,Leading,6.0,0.0,0.0
2026-02-19,45.16721725463867,0.2250045759848363,0.2234885829416563,100.35507931467139,102.02050973897185,XLU,公益事業,defensive,Leading,6.0,0.0,1.0
2026-02-20,45.382720947265625,0.22502578276832672,0.2240009828838798,100.47169021344256,101.5744665433333,XLU,公益事業,defensive,Leading,6.0,0.0,1.0
2026-02-23,45.725563049316406,0.22924175822746726,0.22574790799840894,100.78003687650656,101.37151149375511,XLU,公益事業,defensive,Leading,6.0,0.0,0.0
2026-02-24,46.23493194580078,0.22996121919227636,0.22715234506303142,101.06304348185805,101.34476125708619,XLU,公益事業,defensive,Leading,6.0,0.0,0.0
2026-02-25,46.391658782958984,0.23060475421478227,0.22830314811361505,101.3160424263242,101.69922131114636,XLU,公益事業,defensive,Leading,7.0,1.0,1.0
2026-02-26,46.21533966064453,0.22843787760842785,0.22834805794521934,101.4032010885211,101.56091870774691,XLU,公益事業,defensive,Leading,7.0,1.0,1.0
2026-02-27,46.754093170166016,0.23083028203986214,0.22917546597676697,101.61157201109651,101.62970549814497,XLU,公益事業,defensive,Leading,8.0,2.0,2.0
2026-03-02,46.40145492553711,0.22951478247323567,0.2292885714755899,101.69678220999856,101.25957042417863,XLU,公益事業,defensive,Leading,9.0,3.0,3.0
2026-03-03,46.10758972167969,0.23089394651528378,0.22982369648882123,101.85861883357727,101.0496587467909,XLU,公益事業,defensive,Leading,10.0,4.0,4.0
2026-03-04,46.30350112915039,0.2309492772489927,0.23019889007554506,101.96847712797218,100.81533715529085,XLU,公益事業,defensive,Leading,11.0,4.0,3.0
2026-03-05,45.941070556640625,0.23182676435626365,0.2307415148357846,102.0803243184927,100.82407511497318,XLU,公益事業,defensive,Leading,11.0,4.0,3.0
2026-03-06,45.784339904785156,0.2338225321718845,0.23176852061448455,102.23759636044875,100.72378290597132,XLU,公益事業,defensive,Leading,11.0,3.0,1.0
2026-03-09,45.89208984375,0.23371226429426267,0.2324164351744106,102.28938991075205,100.64991460949994,XLU,公益事業,defensive,Leading,11.0,2.0,-1.0
2026-03-10,45.6080207824707,0.23402039703103236,0.23295108912661788,102.29024676353889,100.37879248726433,XLU,公益事業,defensive,Leading,11.0,1.0,-3.0
2026-03-11,45.225990295410156,0.23282748987306284,0.2329098893754329,102.18116074061223,99.99136871516319,XLU,公益事業,defensive,Weakening,11.0,0.0,-4.0
2026-03-12,45.54924774169922,0.2381751035502994,0.23466496076705506,102.34588054455428,100.0391822803377,XLU,公益事業,defensive,Leading,11.0,0.0,-4.0
2026-03-13,45.99983596801758,0.24054362793966536,0.2366245164912585,102.49318742501367,99.97409155714622,XLU,公益事業,defensive,Weakening,11.0,0.0,-3.0
2026-03-16,46.293701171875,0.24029228830601249,0.2378471070961765,102.50210688205624,99.83267494849008,XLU,公益事業,defensive,Weakening,11.0,0.0,-2.0
2026-03-17,46.16636276245117,0.2382990206734465,0.23799774495526652,102.3660088937637,99.47500916361912,XLU,公益事業,defensive,Weakening,11.0,0.0,-1.0
2026-03-18,45.77454376220703,0.23942740252023342,0.23847429747692217,102.2876886451248,99.49111087343661,XLU,公益事業,defensive,Weakening,11.0,0.0,0.0
2026-03-19,45.58842849731445,0.2386389277809874,0.23852917424494394,102.16820529459993,98.79716848741724,XLU,公益事業,defensive,Weakening,11.0,0.0,0.0
2026-03-20,43.7370719909668,0.23236129875440165,0.23647321574809652,101.81867293032766,97.71267194308447,XLU,公益事業,defensive,Weakening,10.0,-1.0,-1.0
2026-03-23,44.171085357666016,0.23219172654279402,0.23504605267966236,101.57812979000984,97.33899858245363,XLU,公益事業,defensive,Weakening,10.0,-1.0,-1.0
2026-03-24,44.476871490478516,0.23351894525864217,0.23453701687265563,101.46174602419445,97.53890365900622,XLU,公益事業,defensive,Weakening,10.0,-1.0,-1.0
2026-03-25,44.63469696044922,0.23321746524993955,0.23409716633175026,101.36055305365798,97.62398381262071,XLU,公益事業,defensive,Weakening,10.0,-1.0,-1.0
2026-03-26,44.7136116027832,0.23579393163310614,0.23466275476553555,101.37867012542911,97.97620644473244,XLU,公益事業,defensive,Weakening,10.0,-1.0,-1.0
2026-03-27,44.970069885253906,0.2404432026519614,0.23658957072767753,101.54418282565052,98.97288167179563,XLU,公益事業,defensive,Weakening,10.0,0.0,1.0
2026-03-30,45.29558181762695,0.24268582341085895,0.23862165495540466,101.70424525275936,99.72692218569365,XLU,公益事業,defensive,Weakening,10.0,0.0,1.0
2026-03-31,45.2659912109375,0.23766209648823855,0.23830180213301597,101.60226391706385,99.75313189491139,XLU,公益事業,defensive,Weakening,10.0,0.0,1.0
2026-04-01,45.48299789428711,0.23803250839745166,0.23821203755449455,101.5320594693227,99.81658288662437,XLU,公益事業,defensive,Weakening,10.0,0.0,1.0
2026-04-02,45.70987319946289,0.23853843598997032,0.23832083703298648,101.4870712975399,99.70478610537302,XLU,公益事業,defensive,Weakening,10.0,0.0,1.0
2026-04-06,45.54218292236328,0.23664609574904,0.23776258993833765,101.37818424208342,99.20348627807455,XLU,公益事業,defensive,Weakening,10.0,0.0,0.0
2026-04-07,45.64082336425781,0.23768570406212103,0.23773696131293215,101.32866036231849,98.83903531766313,XLU,公益事業,defensive,Weakening,10.0,0.0,0.0
2026-04-08,46.143890380859375,0.23487937143593893,0.23678443135393443,101.18962959651711,98.79970801826349,XLU,公益事業,defensive,Weakening,10.0,0.0,0.0
2026-04-09,46.50886154174805,0.23659370411783404,0.23672085560856765,101.14519031909312,98.8629166186281,XLU,公益事業,defensive,Weakening,11.0,1.0,1.0
2026-04-10,46.321441650390625,0.23735384708727805,0.23693185276813777,101.13022995469537,98.91841737166747,XLU,公益事業,defensive,Weakening,9.0,-1.0,-1.0
2026-04-13,45.759193420410156,0.23190204833214156,0.2352552512894724,100.92798156433881,98.74487048498231,XLU,公益事業,defensive,Weakening,8.0,-2.0,-2.0
2026-04-14,45.83810806274414,0.2313362853154931,0.23394892929814598,100.76680588061203,98.55861220631492,XLU,公益事業,defensive,Weakening,7.0,-3.0,-3.0
2026-04-15,45.39422607421875,0.22901579947557302,0.23230455269062167,100.57195658602777,98.4952701241453,XLU,公益事業,defensive,Weakening,7.0,-3.0,-3.0
2026-04-16,45.71973419189453,0.22961184161925438,0.23140698233349924,100.45489165071166,98.42172665898867,XLU,公益事業,defensive,Weakening,7.0,-4.0,-5.0
2026-04-17,45.532318115234375,0.22583418279560208,0.22954938248753354,100.23580885414097,98.15000823296985,XLU,公益事業,defensive,Weakening,6.0,-3.0,-2.0
2026-04-20,45.12789535522461,0.2231254007012961,0.22740805522545443,99.98416874711269,98.15378858136461,XLU,公益事業,defensive,Lagging,5.0,-3.0,-1.0
2026-04-21,44.338775634765625,0.2205766568682731,0.22513092243972735,99.71587464423372,98.07217611034159,XLU,公益事業,defensive,Lagging,3.0,-4.0,-1.0
2026-04-22,44.25986099243164,0.22028195967506634,0.22351460151817368,99.51595635733737,98.15239056015416,XLU,公益事業,defensive,Lagging,3.0,-4.0,-1.0
2026-04-23,45.46327590942383,0.22628256007803701,0.22443725437146148,99.59415722079905,98.51437681033151,XLU,公益事業,defensive,Lagging,3.0,-4.0,0.0
2026-04-24,45.55204772949219,0.22719573337944274,0.22535674737412192,99.67081639086162,98.9958206945579,XLU,公益事業,defensive,Lagging,5.0,-1.0,2.0
2026-04-27,45.56190872192383,0.2275151861170827,0.22607622695510887,99.72498887743343,99.4733557703819,XLU,公益事業,defensive,Lagging,5.0,0.0,3.0
2026-04-28,45.621097564697266,0.22897955199623318,0.22704400196881697,99.81267927884817,100.01843550763218,XLU,公益事業,defensive,Improving,6.0,3.0,7.0
2026-04-29,45.0588493347168,0.22655247784613106,0.22688016059458835,99.76474494208006,100.25070755341007,XLU,公益事業,defensive,Improving,6.0,3.0,7.0
2026-04-30,46.21294021606445,0.22889450621971613,0.22755160913629763,99.82103511061784,100.2208226837507,XLU,公益事業,defensive,Improving,6.0,3.0,7.0
2026-05-01,45.91701889038086,0.22812402301907309,0.22774241376388948,99.81712048272654,100.10500313856276,XLU,公益事業,defensive,Improving,6.0,1.0,2.0
2026-05-04,45.739463806152344,0.22857172595441255,0.2280188511607305,99.82016891690532,100.03164214891125,XLU,公益事業,defensive,Improving,7.0,2.0,2.0
2026-05-05,45.739463806152344,0.22677230122955283,0.22760333451700462,99.72881833538915,99.76340100748376,XLU,公益事業,defensive,Lagging,7.0,1.0,-2.0
2026-05-06,45.08843994140625,0.2217876578377408,0.22566477562391668,99.4136401024544,99.36385546926532,XLU,公益事業,defensive,Lagging,5.0,-1.0,-4.0
2026-05-07,44.50646209716797,0.22033396346495593,0.22388783823759645,99.1064913376246,98.8371471490466,XLU,公益事業,defensive,Lagging,4.0,-2.0,-5.0
2026-05-08,44.111900329589844,0.21778143912816234,0.2218523718677851,98.73996294106598,98.34825346017178,XLU,公益事業,defensive,Lagging,2.0,-4.0,-5.0
2026-05-11,44.52619171142578,0.21994534056960136,0.2212166947683905,98.56887357088819,98.17212561226309,XLU,公益事業,defensive,Lagging,2.0,-5.0,-7.0
2026-05-12,44.57551193237305,0.2203834496017362,0.22093894637950576,98.4528233226791,98.2157313731923,XLU,公益事業,defensive,Lagging,2.0,-5.0,-6.0
2026-05-13,44.06258010864258,0.2188029710741707,0.22022695461106073,98.27276818926985,98.46573184074441,XLU,公益事業,defensive,Lagging,1.0,-4.0,-3.0
2026-05-14,44.28945541381836,0.21913045135884787,0.2198614535269898,98.18665178745782,98.8108533418926,XLU,公益事業,defensive,Lagging,1.0,-3.0,-1.0
2026-05-15,43.27345657348633,0.2163342893795418,0.21868573214450715,98.01332029180502,99.1037284807988,XLU,公益事業,defensive,Lagging,1.0,-1.0,3.0
2026-05-18,43.342506408691406,0.21535462086861204,0.2175753617192088,97.89166986689341,99.19528169879743,XLU,公益事業,defensive,Lagging,1.0,-1.0,4.0
2026-05-19,43.73706817626953,0.2185869307343854,0.21791255139093435,98.00283571475954,99.5439309957828,XLU,公益事業,defensive,Lagging,2.0,0.0,5.0
2026-05-20,43.90475845336914,0.2170459099708324,0.21762367091756704,98.01800140938288,99.85887970849987,XLU,公益事業,defensive,Lagging,2.0,1.0,5.0
2026-05-21,44.38809585571289,0.21849200229651755,0.21791311471055055,98.12163047379988,100.17367912521219,XLU,公益事業,defensive,Improving,3.0,2.0,5.0
2026-05-22,44.73332977294922,0.21819814443526325,0.21800812461878813,98.19900118148452,100.58752558078358,XLU,公益事業,defensive,Improving,3.0,2.0,3.0
2026-05-26,44.7136116027832,0.21698857221898793,0.21766827381885476,98.21607436801635,100.83172392052629,XLU,公益事業,defensive,Improving,4.0,3.0,4.0
2026-05-27,44.52619171142578,0.21623524745942516,0.21719059836571158,98.21886066987113,100.70328618091877,XLU,公益事業,defensive,Improving,5.0,3.0,3.0
2026-05-28,44.02312469482422,0.21301195306545007,0.21579771659895775,98.1040364825535,100.53174865130454,XLU,公益事業,defensive,Improving,5.0,3.0,2.0
2026-05-29,43.81597900390625,0.21142082590010478,0.2143387530326734,98.00100700798212,100.22272317169846,XLU,公益事業,defensive,Improving,5.0,2.0,0.0
2026-06-01,42.5139274597168,0.20476554423813012,0.21114768343449233,97.71170674074042,99.59181660744699,XLU,公益事業,defensive,Lagging,5.0,2.0,0.0
2026-06-02,43.30305099487305,0.2077421465197277,0.21001250446290412,97.71000757106344,99.58237282451664,XLU,公益事業,defensive,Lagging,5.0,1.0,-2.0
2026-06-03,43.11563491821289,0.20762394036980614,0.20921631643187147,97.75103812972195,99.68132077224841,XLU,公益事業,defensive,Lagging,6.0,1.0,-2.0
2026-06-04,43.342506408691406,0.2071522846815384,0.20852830584842713,97.8018822681843,100.03879072910101,XLU,公益事業,defensive,Improving,5.0,0.0,-3.0
2026-06-05,43.74693298339844,0.2121033289063129,0.20971998020105573,98.03937448970773,100.76865169811403,XLU,公益事業,defensive,Improving,4.0,-1.0,-3.0
2026-06-08,42.928218841552734,0.20835442482060787,0.20926479507423978,98.08497627650851,101.49238900205945,XLU,公益事業,defensive,Improving,4.0,-1.0,-3.0
2026-06-09,43.381961822509766,0.20896637037350638,0.2091653201739953,98.16177056615813,101.65546725790253,XLU,公益事業,defensive,Improving,4.0,-1.0,-2.0
2026-06-10,43.40169143676758,0.21175401030981636,0.21002821688593565,98.32439450796993,101.86509178361904,XLU,公益事業,defensive,Improving,5.0,-1.0,-2.0
2026-06-11,43.451011657714844,0.20874017528100627,0.20959886968429253,98.34905400342035,101.77654667446338,XLU,公益事業,defensive,Improving,5.0,0.0,0.0
2026-06-12,43.92448425292969,0.20912046466516615,0.20943940134458378,98.39567222259635,101.37800407658543,XLU,公益事業,defensive,Improving,4.0,0.0,1.0
2026-06-15,44.131629943847656,0.20889268428291574,0.2092571623240278,98.43507227479142,101.35353849547337,XLU,公益事業,defensive,Improving,3.0,-1.0,0.0
2026-06-16,44.44728088378906,0.21109082741326907,0.20986838402044158,98.54568113044068,101.39655890395022,XLU,公益事業,defensive,Improving,4.0,0.0,1.0
2026-06-17,43.855438232421875,0.21144922072835215,0.21039532958974513,98.64136413630344,101.2472573611162,XLU,公益事業,defensive,Improving,4.0,-1.0,0.0
2026-06-18,44.1513557434082,0.21189250958073816,0.2108943895867428,98.72967275391971,101.3367486965925,XLU,公益事業,defensive,Improving,6.0,1.0,1.0
2026-06-22,44.393577575683594,0.21258743798297725,0.2114587390521543,98.82287861550046,101.37781127673476,XLU,公益事業,defensive,Improving,6.0,2.0,2.0
2026-06-23,44.741024017333984,0.21498972984514186,0.21263573598315016,98.97260065289011,101.53546446320986,XLU,公益事業,defensive,Improving,6.0,3.0,4.0
2026-06-24,45.20759201049805,0.2156931568246581,0.21365487626365282,99.1032451926659,101.51923463694196,XLU,公益事業,defensive,Improving,7.0,3.0,3.0
2026-06-25,45.51532745361328,0.21575640534993906,0.2143553859590816,99.20020897452812,101.47119051428344,XLU,公益事業,defensive,Improving,7.0,3.0,4.0
2026-06-26,45.86277389526367,0.21889196847980677,0.21586758013265667,99.37648843984572,101.5776639123723,XLU,公益事業,defensive,Improving,6.0,0.0,-1.0
2026-06-29,45.68408966064453,0.21523498979918054,0.21565671668816466,99.37947612975063,101.3623305040051,XLU,公益事業,defensive,Improving,7.0,1.0,-1.0
2026-06-30,45.00905227661133,0.21233368696927615,0.21454904011520182,99.28941959144115,100.90897393988625,XLU,公益事業,defensive,Improving,7.0,1.0,-2.0
2026-07-01,44.443214416503906,0.2090355356689433,0.21271120529978232,99.12039638398544,100.36071434216626,XLU,公益事業,defensive,Improving,7.0,0.0,-3.0
2026-07-02,45.42598342895508,0.21216665771068982,0.2125296894367515,99.124789700091,100.19759883438087,XLU,公益事業,defensive,Improving,7.0,0.0,-3.0
2026-07-06,44.96934509277344,0.20994597816857777,0.21166845234736026,99.05281863058633,99.74991859195342,XLU,公益事業,defensive,Lagging,7.0,1.0,1.0
2026-07-07,45.366424560546875,0.21206611057397567,0.21180100508956543,99.09001301759749,99.81709475993213,XLU,公益事業,defensive,Lagging,7.0,0.0,-1.0
2026-07-08,45.028907775878906,0.21299797324510308,0.21219999447474464,99.15709758658805,100.10161358491129,XLU,公益事業,defensive,Improving,7.0,0.0,-1.0
2026-07-09,44.80058670043945,0.2106275867966356,0.21167585858204163,99.1148673172704,100.3252851182949,XLU,公益事業,defensive,Improving,7.0,0.0,0.0
2026-07-10,45.07854080200195,0.2111432113306608,0.21149830949824805,99.11162657240602,100.30021541756985,XLU,公益事業,defensive,Improving,7.0,0.0,0.0
2026-07-13,45.38628005981445,0.21265410251187533,0.21188357383612383,99.17753251834014,100.54154789309081,XLU,公益事業,defensive,Improving,7.0,0.0,-1.0
2026-07-14,45.35649490356445,0.213291118077265,0.21235275524983754,99.25915782091933,100.60533241793247,XLU,公益事業,defensive,Improving,7.0,0.0,0.0
2026-07-15,44.889930725097656,0.21157284888946615,0.2120927864630471,99.24209492515556,100.43152544814993,XLU,公益事業,defensive,Improving,7.0,0.0,0.0
2026-07-16,45.13810348510742,0.21067504992917013,0.21162020761842149,99.19363782669029,100.4013715913449,XLU,公益事業,defensive,Improving,6.0,-1.0,-1.0
2026-07-17,44.84029006958008,0.21094269635095703,0.21139437052926668,99.17977972746957,100.36181661321392,XLU,公益事業,defensive,Improving,5.0,-2.0,-2.0
2026-07-20,44.611968994140625,0.21080719162357783,0.21119864422737042,99.17161486441596,100.19902684586846,XLU,公益事業,defensive,Improving,4.0,-3.0,-3.0
2026-07-21,44.59211730957031,0.21037666808578828,0.21092465218017636,99.15278271302805,99.98047269635327,XLU,公益事業,defensive,Lagging,4.0,-3.0,-3.0
2026-07-22,45.59474563598633,0.2151675397062281,0.2123389480221936,99.40732966670036,100.4880637692302,XLU,公益事業,defensive,Improving,6.0,-1.0,-1.0
2026-07-23,45.852848052978516,0.2171820002315635,0.21395329875865024,99.69559702119142,101.14138149754226,XLU,公益事業,defensive,Improving,6.0,0.0,1.0
2026-07-24,45.952117919921875,0.21597064509253658,0.21462574753661237,99.83132408011,101.40934517245127,XLU,公益事業,defensive,Improving,6.0,1.0,3.0
2026-07-27,45.3465690612793,0.21153001322136986,0.2135938360981982,99.6803558956948,101.07867514716887,XLU,公益事業,defensive,Improving,6.0,2.0,5.0
2026-07-28,45.187740325927734,0.20835867672827296,0.2118487829748898,99.40040299345414,100.52037036366752,XLU,公益事業,defensive,Improving,6.0,2.0,5.0
2026-07-29,44.582191467285156,0.20743418504685968,0.2103772503322131,99.15794816676883,99.50182831592446,XLU,公益事業,defensive,Lagging,6.0,0.0,1.0
2026-07-30,44.334014892578125,0.20661465804559204,0.20912305290333943,98.94495533741217,98.52056897489852,XLU,公益事業,defensive,Lagging,5.0,-1.0,-1.0
2026-07-31,44.026275634765625,0.20553355910895799,0.20792655497187895,98.72794466238693,97.91825457935238,XLU,公益事業,defensive,Lagging,4.0,-2.0,-3.0
2026-08-03,44.03620529174805,0.20359142848899106,0.2064815128109163,98.44577217186792,97.79405374899397,XLU,公益事業,defensive,Lagging,2.0,-4.0,-6.0
2026-08-04,43.78803253173828,0.199576039768709,0.2041796884635139,97.97128105727151,97.59315941132063,XLU,公益事業,defensive,Lagging,1.0,-5.0,-7.0
2026-08-05,43.34131622314453,0.1979895092099718,0.2021162953789999,97.5477021520576,97.45724030610083,XLU,公益事業,defensive,Lagging,1.0,-5.0,-5.0
2026-08-06,43.063358306884766,0.1977547425187514,0.20066244442558373,97.30712785947307,97.56877647026033,XLU,公益事業,defensive,Lagging,1.0,-4.0,-3.0
2026-08-07,43.29167938232422,0.1974392896993292,0.19958805951683223,97.20250418646953,97.84274169514111,XLU,公益事業,defensive,Lagging,1.0,-3.0,-1.0
2026-08-10,42.815185546875,0.1951508837281763,0.1981090009206136,97.08064207620313,98.12399510019551,XLU,公益事業,defensive,Lagging,1.0,-1.0,3.0
2026-08-11,43.3115348815918,0.1969928017790576,0.19773693454009494,97.19048040507586,99.00164728074684,XLU,公益事業,defensive,Lagging,1.0,0.0,5.0
2026-08-12,43.52000045776367,0.1975917839555951,0.19768855101192834,97.34225573356119,99.87726612887327,XLU,公益事業,defensive,Lagging,2.0,1.0,6.0
2026-08-13,43.718544006347656,0.19702277562583684,0.1974666258832312,97.44983274562577,100.41562899300482,XLU,公益事業,defensive,Improving,1.0,0.0,4.0
2026-08-14,43.986572265625,0.1981950776708154,0.19770944314575928,97.62211342824315,100.84511694793481,XLU,公益事業,defensive,Improving,1.0,0.0,3.0
2026-08-17,43.857521057128906,0.1993857655350957,0.19826821727553812,97.8321420041746,101.35086282914824,XLU,公益事業,defensive,Improving,2.0,1.0,2.0
2026-08-18,43.69868850708008,0.1995675500332225,0.19870132819476627,98.00344283662872,101.40237573100303,XLU,公益事業,defensive,Improving,2.0,1.0,1.0
2026-08-19,43.69868850708008,0.19751857669846318,0.1983070776959986,98.02217404272848,101.14612481861136,XLU,公益事業,defensive,Improving,2.0,0.0,-1.0
2026-08-20,43.45051193237305,0.1979927386671087,0.198202298019702,98.08654529679463,101.04435536343475,XLU,公益事業,defensive,Improving,1.0,0.0,0.0
2026-08-21,42.45781326293945,0.19225611469553466,0.19622023691164622,97.85237327088245,100.37862860536819,XLU,公益事業,defensive,Improving,2.0,1.0,1.0
2026-08-24,42.9045295715332,0.19405130953985514,0.1954972611210492,97.8367924413594,100.01861039540073,XLU,公益事業,defensive,Improving,2.0,0.0,-1.0
2026-08-25,42.99386978149414,0.19459566983397414,0.1951967306920242,97.88805490462005,99.83537134925932,XLU,公益事業,defensive,Lagging,2.0,0.0,-1.0
2026-08-26,43.19240951538086,0.19519503900545654,0.19519616679650165,97.97996977679192,99.96061060734013,XLU,公益事業,defensive,Lagging,2.0,0.0,0.0
2026-08-27,42.86481857299805,0.19429193233617342,0.19489475530972558,98.02519137773676,99.93331564703925,XLU,公益事業,defensive,Lagging,2.0,1.0,1.0
2026-08-28,42.4181022644043,0.19292922391367548,0.1942395781777089,98.02152306185164,100.2998604060438,XLU,公益事業,defensive,Improving,2.0,0.0,-1.0
2026-08-31,41.9217529296875,0.19180152273451895,0.19342689302997892,98.0039134813656,100.28088598854218,XLU,公益事業,defensive,Improving,2.0,0.0,0.0
2026-09-01,42.24934387207031,0.19489939025420341,0.19391772543805377,98.16343434078871,100.43876201309072,XLU,公益事業,defensive,Improving,2.0,0.0,0.0
2026-09-02,42.35853958129883,0.19450028796596536,0.19411191294735763,98.2678778259872,100.4411186631699,XLU,公益事業,defensive,Improving,3.0,1.0,1.0
2026-09-03,42.715911865234375,0.19484880517005726,0.19435754368825753,98.36918623193435,100.51637914747322,XLU,公益事業,defensive,Improving,3.0,1.0,0.0
2026-09-04,42.76554870605469,0.19601051456936172,0.19490853398195895,98.50206987582571,100.72582328890078,XLU,公益事業,defensive,Improving,3.0,1.0,1.0
2026-09-08,43.13284683227539,0.1997646042599707,0.19652722407462955,98.76039280619034,101.15680990494975,XLU,公益事業,defensive,Improving,3.0,1.0,1.0
2026-09-09,42.62656784057617,0.19934215281909073,0.19746553365611663,98.91832371833755,101.13830930533703,XLU,公益事業,defensive,Improving,5.0,3.0,3.0
2026-09-10,42.20963668823242,0.19875358097633625,0.19789488276285652,99.00563675035527,101.10197376568249,XLU,公益事業,defensive,Improving,4.0,1.0,0.0
2026-09-11,42.08058547973633,0.19657824496925472,0.1974560034983226,98.97980021584459,100.89543029083868,XLU,公益事業,defensive,Improving,4.0,1.0,0.0
2026-09-14,41.51474380493164,0.19380865010044787,0.19624021903236438,98.858564552101,100.48888460686527,XLU,公益事業,defensive,Improving,4.0,1.0,0.0
2026-09-15,41.018394470214844,0.19243119975329237,0.1949705459393404,98.7378361948732,99.89175068700196,XLU,公益事業,defensive,Lagging,4.0,1.0,0.0
2026-09-16,41.018394470214844,0.19395412645258261,0.19463173944375448,98.73798800350994,99.65274178383434,XLU,公益事業,defensive,Lagging,4.0,-1.0,-4.0
2026-09-17,41.38569259643555,0.19474596420856785,0.19466981436535893,98.78396139616851,99.59997356569073,XLU,公益事業,defensive,Lagging,4.0,0.0,-1.0
2026-09-18,40.79999923706055,0.19291236284080213,0.19408399719050667,98.75323833746995,99.60706218150509,XLU,公益事業,defensive,Lagging,4.0,0.0,-1.0
2026-09-21,40.65999984741211,0.19117924227783853,0.19311574555295064,98.67908012844453,99.69738303445703,XLU,公益事業,defensive,Lagging,3.0,-1.0,-2.0
2026-09-22,40.529998779296875,0.19046051784801457,0.19223066965130528,98.61821777660441,99.80963646771323,XLU,公益事業,defensive,Lagging,2.0,-2.0,-3.0
2026-09-23,39.75,0.18811225431479076,0.19085786453913378,98.50286017404484,99.64068600720887,XLU,公益事業,defensive,Lagging,1.0,-3.0,-2.0
2026-09-24,39.36000061035156,0.18719681175047256,0.18963751360958006,98.41063917766566,99.43685180592257,XLU,公益事業,defensive,Lagging,1.0,-3.0,-3.0
2026-09-25,39.5099983215332,0.18715360810621812,0.18880954510845943,98.36420990384669,99.43380826709698,XLU,公益事業,defensive,Lagging,1.0,-3.0,-3.0
2026-09-28,39.5099983215332,0.18715360810621812,0.18825756610771233,98.35143417472887,99.55540062836252,XLU,公益事業,defensive,Lagging,1.0,-2.0,-1.0
2024-09-30,148.83018493652344,0.8582223702785489,0.8582223702785489,,,XLV,ヘルスケア,defensive,,,,
2024-10-01,148.0474853515625,0.8582598054522413,0.8582348486697797,,,XLV,ヘルスケア,defensive,,,,
2024-10-02,147.7479248046875,0.8574373829390575,0.857969026759539,,,XLV,ヘルスケア,defensive,,,,
2024-10-03,146.4144287109375,0.8537271560035771,0.8565550698408851,,,XLV,ヘルスケア,defensive,,,,
2024-10-04,146.5303955078125,0.8477524577541369,0.853620865811969,,,XLV,ヘルスケア,defensive,,,,
2024-10-07,145.88294982910156,0.8506281584644646,0.8526232966961342,,,XLV,ヘルスケア,defensive,,,,
2024-10-08,146.67532348632812,0.8532256899157347,0.8528240944360012,,,XLV,ヘルスケア,defensive,,,,
2024-10-09,148.173095703125,0.8560577276211053,0.8539019721643692,,,XLV,ヘルスケア,defensive,,,,
2024-10-10,147.62229919433594,0.8560832898120109,0.8546290780469166,,,XLV,ヘルスケア,defensive,,,,
2024-10-11,148.70457458496094,0.8539708162978819,0.8544096574639051,,,XLV,ヘルスケア,defensive,,,,
2024-10-14,149.5259246826172,0.8524329183006442,0.8537507444094848,,,XLV,ヘルスケア,defensive,,,,
2024-10-15,147.69961547851562,0.8458486867538692,0.8511167251909464,,,XLV,ヘルスケア,defensive,,,,
2024-10-16,148.11512756347656,0.8425304923299819,0.848254647570625,,,XLV,ヘルスケア,defensive,,,,
2024-10-17,147.255126953125,0.8389780520206606,0.8451624490539702,,,XLV,ヘルスケア,defensive,,,,
2024-10-18,147.97018432617188,0.8405491190870101,0.843624672398317,,,XLV,ヘルスケア,defensive,,,,
2024-10-21,146.23085021972656,0.8378088842640145,0.8416860763535495,,,XLV,ヘルスケア,defensive,,,,
2024-10-22,146.01824951171875,0.8403657916936194,0.8412459814669062,,,XLV,ヘルスケア,defensive,,,,
2024-10-23,145.3321533203125,0.8391753207694326,0.840555761234415,,,XLV,ヘルスケア,defensive,,,,
2024-10-24,144.37554931640625,0.8334652589356326,0.8381922604681542,,,XLV,ヘルスケア,defensive,,,,
2024-10-25,143.5831298828125,0.8328465255857956,0.8364103488407014,,,XLV,ヘルスケア,defensive,,,,
2024-10-28,143.7957305908203,0.8293765627603134,0.8340657534805721,,,XLV,ヘルスケア,defensive,,,,
2024-10-29,143.39956665039062,0.8295925241076448,0.8325746770229298,,,XLV,ヘルスケア,defensive,,,,
2024-10-30,143.12896728515625,0.8298394339741489,0.8316629293400029,,,XLV,ヘルスケア,defensive,,,,
2024-10-31,141.92111206054688,0.8317048472929944,0.8316769019910001,,,XLV,ヘルスケア,defensive,,,,
2024-11-01,142.76181030273438,0.8361098244918236,0.833154542824608,,,XLV,ヘルスケア,defensive,,,,
2024-11-04,141.82449340820312,0.8296326327173353,0.8319805727888505,,,XLV,ヘルスケア,defensive,,,,
2024-11-05,142.86810302734375,0.826101733198282,0.8300209595919944,,,XLV,ヘルスケア,defensive,,,,
2024-11-06,143.0516815185547,0.8080330162350681,0.8226916451396857,,,XLV,ヘルスケア,defensive,,,,
2024-11-07,144.0856170654297,0.8130730834505081,0.81948545790996,,,XLV,ヘルスケア,defensive,,,,
2024-11-08,145.1195831298828,0.8143705986103935,0.8177805048101046,,,XLV,ヘルスケア,defensive,,,,
2024-11-11,144.26925659179688,0.8055730125547255,0.8137113407249782,,,XLV,ヘルスケア,defensive,,,,
2024-11-12,142.25933837890625,0.8004502319415694,0.8092909711305086,,,XLV,ヘルスケア,defensive,,,,
2024-11-13,141.88247680664062,0.7978951530650334,0.8054923651086836,,,XLV,ヘルスケア,defensive,,,,
2024-11-14,139.6503143310547,0.7916771045767872,0.8008872782647182,,,XLV,ヘルスケア,defensive,,,,
2024-11-15,137.0606231689453,0.7825785244067761,0.7947843603120709,,,XLV,ヘルスケア,defensive,,,,
2024-11-18,137.1572265625,0.7799833846251032,0.7898507017497484,,,XLV,ヘルスケア,defensive,,,,
2024-11-19,136.4518280029297,0.7780705987254009,0.7859240007416326,,,XLV,ヘルスケア,defensive,,,,
2024-11-20,138.06556701660156,0.784630587955354,0.7854928631462064,,,XLV,ヘルスケア,defensive,,,,
2024-11-21,139.1768341064453,0.7811064262711476,0.7840307175211868,,,XLV,ヘルスケア,defensive,,,,
2024-11-22,139.3024444580078,0.7757011203974602,0.7812541851466113,,,XLV,ヘルスケア,defensive,,,,
2024-11-25,140.49098205566406,0.7752990182134979,0.7792691295022401,,,XLV,ヘルスケア,defensive,,,,
2024-11-26,141.24468994140625,0.7793750710934871,0.7793044433659891,,,XLV,ヘルスケア,defensive,,,,
2024-11-27,141.9984130859375,0.784288157975355,0.7809656815691112,,,XLV,ヘルスケア,defensive,,,,
2024-11-29,142.4429168701172,0.7843530821844433,0.7820948151075553,,,XLV,ヘルスケア,defensive,,,,
2024-12-02,142.19166564941406,0.784935862365987,0.7830418308603659,,,XLV,ヘルスケア,defensive,,,,
2024-12-03,141.87281799316406,0.7866645401904014,0.7842494006370445,,,XLV,ヘルスケア,defensive,,,,
2024-12-04,141.79550170898438,0.7861936599324155,0.7848974870688349,,,XLV,ヘルスケア,defensive,,,,
2024-12-05,140.2107696533203,0.7813067187670852,0.7837005643015851,,,XLV,ヘルスケア,defensive,,,,
2024-12-06,139.41836547851562,0.7777720271736475,0.7817243852589393,,,XLV,ヘルスケア,defensive,,,,
2024-12-09,139.82423400878906,0.7832505708865144,0.7822331138014644,,,XLV,ヘルスケア,defensive,,,,
2024-12-10,139.2444610595703,0.7848113469365781,0.7830925248465024,,,XLV,ヘルスケア,defensive,,,,
2024-12-11,137.3505096435547,0.7734194650850813,0.7798681715926954,,,XLV,ヘルスケア,defensive,,,,
2024-12-12,136.25856018066406,0.7700828108160875,0.7766063846671595,,,XLV,ヘルスケア,defensive,,,,
2024-12-13,136.2392578125,0.7726789755394687,0.7752972482912626,,,XLV,ヘルスケア,defensive,,,,
2024-12-16,134.6158447265625,0.7659949778103124,0.7721964914642793,,,XLV,ヘルスケア,defensive,,,,
2024-12-17,134.51922607421875,0.7715216226590323,0.7719715351958637,,,XLV,ヘルスケア,defensive,,,,
2024-12-18,132.69293212890625,0.7842531149033599,0.7760653950983625,,,XLV,ヘルスケア,defensive,,,,
2024-12-19,131.68795776367188,0.7809045036978108,0.7776784312981786,,,XLV,ヘルスケア,defensive,,,,
2024-12-20,133.35000610351562,0.7798384449250999,0.7783984358404857,,,XLV,ヘルスケア,defensive,,,,
2024-12-23,134.68177795410156,0.7865543964458259,0.7811170893755992,,,XLV,ヘルスケア,defensive,,,,
2024-12-24,135.23507690429688,0.7838716125380315,0.7820352637630767,,,XLV,ヘルスケア,defensive,,,,
2024-12-26,135.50682067871094,0.7841663575385164,0.78274562835489,,,XLV,ヘルスケア,defensive,,,,
2024-12-27,134.87591552734375,0.785860459889433,0.7837839055330711,99.08635375482952,,XLV,ヘルスケア,defensive,,5.0,,
2024-12-30,133.21604919433594,0.7840881719035626,0.7838853276565684,99.1171737239213,,XLV,ヘルスケア,defensive,,5.0,,
2024-12-31,133.536376953125,0.7845382290982083,0.7841029614704484,99.15093141790497,,XLV,ヘルスケア,defensive,,5.0,,
2025-01-02,133.5751953125,0.7870569975419933,0.7850876401609634,99.2090363918062,,XLV,ヘルスケア,defensive,,5.0,,
2025-01-03,134.8856201171875,0.7875661701627035,0.7859138168282102,99.26178810857554,,XLV,ヘルスケア,defensive,,5.0,,
2025-01-06,134.94384765625,0.7884427442723054,0.7867567926429087,99.31528666986489,,XLV,ヘルスケア,defensive,,4.0,-1.0,
2025-01-07,135.61363220214844,0.7950183208245543,0.7895106353701239,99.43479799118789,,XLV,ヘルスケア,defensive,,5.0,0.0,
2025-01-08,136.3125,0.7981606891715337,0.7923939866372606,99.5608313317047,,XLV,ヘルスケア,defensive,,5.0,0.0,
2025-01-10,135.54566955566406,0.8054439946141256,0.7967439892962157,99.74366101094603,,XLV,ヘルスケア,defensive,,5.0,0.0,
2025-01-13,137.3123016357422,0.8093084557449719,0.8009321447791344,99.92793001216995,,XLV,ヘルスケア,defensive,,6.0,1.0,
2025-01-14,135.89511108398438,0.7945419226439606,0.7988020707340766,99.87643891380624,,XLV,ヘルスケア,defensive,,6.0,2.0,3.0
2025-01-15,136.4484100341797,0.7901926429048478,0.795932261457667,99.79246861863275,,XLV,ヘルスケア,defensive,,5.0,0.0,0.0
2025-01-16,136.9919891357422,0.7871416475979963,0.7930020568377768,99.70041728147883,,XLV,ヘルスケア,defensive,,4.0,-1.0,-1.0
2025-01-17,136.06985473632812,0.7780650201625656,0.7880230446127064,99.51483711941319,,XLV,ヘルスケア,defensive,,4.0,-1.0,-1.0
2025-01-21,138.3218231201172,0.7818658501159552,0.7859706464471228,99.44911740090829,,XLV,ヘルスケア,defensive,,4.0,-2.0,-3.0
2025-01-22,138.0111846923828,0.7828608142575568,0.7849340357172675,99.42586480015724,,XLV,ヘルスケア,defensive,,4.0,-2.0,-4.0
2025-01-23,139.85548400878906,0.7895810544012987,0.786483041945278,99.52256003108349,,XLV,ヘルスケア,defensive,,4.0,-1.0,-1.0
2025-01-24,140.0787353515625,0.7915360258307584,0.7881673699071048,99.63022868834194,,XLV,ヘルスケア,defensive,,4.0,0.0,1.0
2025-01-27,143.22373962402344,0.8087745773676768,0.7950364390606288,100.0106746231984,,XLV,ヘルスケア,defensive,,6.0,2.0,3.0
2025-01-28,142.2239532470703,0.807113304872586,0.799062060997948,100.26483137048146,,XLV,ヘルスケア,defensive,,7.0,3.0,5.0
2025-01-29,141.38917541503906,0.8050387198866804,0.8010542806275256,100.42243219177071,,XLV,ヘルスケア,defensive,,7.0,3.0,5.0
2025-01-30,143.0198974609375,0.8057231825962213,0.8026105812837575,100.56340746634295,,XLV,ヘルスケア,defensive,,8.0,4.0,5.0
2025-01-31,142.5636749267578,0.8098000768105273,0.8050070797926808,100.76401929121293,,XLV,ヘルスケア,defensive,,9.0,5.0,5.0
2025-02-03,143.11695861816406,0.8174078621048714,0.8091406738967444,101.08646186918821,,XLV,ヘルスケア,defensive,,9.0,3.0,1.0
2025-02-04,142.7287139892578,0.8141966584915094,0.8108260020949994,101.27008992179927,,XLV,ヘルスケア,defensive,,9.0,2.0,-1.0
2025-02-05,144.0973663330078,0.818015339620203,0.813222447936734,101.52511955081533,,XLV,ヘルスケア,defensive,,9.0,2.0,-1.0
2025-02-06,142.80633544921875,0.8117607415255432,0.8127352124663372,101.59058975254543,,XLV,ヘルスケア,defensive,,9.0,1.0,-3.0
2025-02-07,142.13656616210938,0.811943535826258,0.8124713202529775,101.67255411855174,,XLV,ヘルスケア,defensive,,10.0,1.0,-4.0
2025-02-10,142.01039123535156,0.8089335824420916,0.8112920743160157,101.6432079955627,,XLV,ヘルスケア,defensive,,9.0,0.0,-3.0
2025-02-11,141.74832153320312,0.8073514238475519,0.8099785241598612,101.58766975077485,,XLV,ヘルスケア,defensive,,9.0,0.0,-2.0
2025-02-12,141.5444793701172,0.8109009989731147,0.810286015764279,101.65519590247023,,XLV,ヘルスケア,defensive,,9.0,0.0,-2.0
2025-02-13,142.09776306152344,0.8070645236045417,0.8092121850443666,101.58778000434793,,XLV,ヘルスケア,defensive,,9.0,0.0,-1.0
2025-02-14,140.55438232421875,0.7990921028581115,0.805838824315615,101.31372632665364,,XLV,ヘルスケア,defensive,,9.0,-1.0,-2.0
2025-02-18,140.28260803222656,0.7914716195148651,0.8010497560486984,100.91454255500304,,XLV,ヘルスケア,defensive,,8.0,-1.0,-1.0
2025-02-19,142.1074676513672,0.8001450082968665,0.8007481734647546,100.88880193507286,,XLV,ヘルスケア,defensive,,8.0,-1.0,-1.0
2025-02-20,142.9034423828125,0.8066560936457396,0.8027174801917496,101.04012706883326,,XLV,ヘルスケア,defensive,,8.0,-1.0,-1.0
2025-02-21,142.13656616210938,0.8137496302552457,0.8063948635462483,101.31428609901849,,XLV,ヘルスケア,defensive,,8.0,-1.0,-1.0
2025-02-24,143.29168701171875,0.819679148343222,0.8108229584785729,101.62178848900798,,XLV,ヘルスケア,defensive,,10.0,1.0,2.0
2025-02-25,144.5244598388672,0.8259049695533512,0.8158502955034991,101.93961645418362,,XLV,ヘルスケア,defensive,,10.0,2.0,3.0
2025-02-26,143.48583984375,0.8217028753214703,0.817801155442823,101.9918415277057,,XLV,ヘルスケア,defensive,,9.0,1.0,2.0
2025-02-27,142.9034423828125,0.8255776642371799,0.8203933250409421,102.0807667777243,,XLV,ヘルスケア,defensive,,10.0,2.0,3.0
2025-02-28,144.56326293945312,0.8259892915440896,0.822258647208658,102.10820383905582,,XLV,ヘルスケア,defensive,,10.0,2.0,3.0
2025-03-03,145.19422912597656,0.8385297103979299,0.8276823349384154,102.35755130950713,,XLV,ヘルスケア,defensive,,9.0,-1.0,-2.0
2025-03-04,143.84500122070312,0.8443795041436016,0.8332480580068108,102.56237605906603,,XLV,ヘルスケア,defensive,,10.0,0.0,-2.0
2025-03-05,145.29127502441406,0.84501559920147,0.837170571738364,102.62350374199605,,XLV,ヘルスケア,defensive,,10.0,1.0,0.0
2025-03-06,144.89332580566406,0.8521366932311889,0.842159278902639,102.71731437060959,,XLV,ヘルスケア,defensive,,11.0,1.0,-1.0
2025-03-07,144.90301513671875,0.8442837972182022,0.8428674516744934,102.56623968040088,,XLV,ヘルスケア,defensive,,11.0,1.0,-1.0
2025-03-10,143.34022521972656,0.8471161091514685,0.8442836708334851,102.47129402760791,,XLV,ヘルスケア,defensive,,11.0,2.0,3.0
2025-03-11,141.77745056152344,0.8491898424339978,0.8459190613669894,102.3988340749557,,XLV,ヘルスケア,defensive,,10.0,0.0,0.0
2025-03-12,140.36026000976562,0.8446821247203761,0.8455067491514516,102.24316721701997,,XLV,ヘルスケア,defensive,,10.0,0.0,-1.0
2025-03-13,139.61282348632812,0.8483166511723469,0.8464433831584167,102.16676802996456,,XLV,ヘルスケア,defensive,,10.0,-1.0,-2.0
2025-03-14,140.68055725097656,0.8388132931791179,0.8439000198319839,101.9465524235752,,XLV,ヘルスケア,defensive,,10.0,-1.0,-2.0
2025-03-17,142.4666290283203,0.8381522162121402,0.841984085292036,101.77881672053047,,XLV,ヘルスケア,defensive,,10.0,-1.0,-3.0
2025-03-18,142.53456115722656,0.8429353620017748,0.8423011775286158,101.72483931309725,,XLV,ヘルスケア,defensive,,9.0,-1.0,-1.0
2025-03-19,142.61219787597656,0.8371907102632759,0.8405976884401692,101.58950549204435,,XLV,ヘルスケア,defensive,,9.0,-1.0,-1.0
2025-03-20,142.6995849609375,0.8412051989078317,0.8408001919293902,101.54873465166094,,XLV,ヘルスケア,defensive,,9.0,-1.0,0.0
2025-03-21,142.30162048339844,0.8427196069402104,0.8414399969329969,101.53057900405771,,XLV,ヘルスケア,defensive,,9.0,-1.0,0.0
2025-03-24,143.38809204101562,0.8361958501840558,0.8396919480166833,101.406172395127,,XLV,ヘルスケア,defensive,,9.0,-1.0,0.0
2025-03-25,141.55616760253906,0.8274907990175033,0.8356248983502901,101.18370018266722,,XLV,ヘルスケア,defensive,,9.0,0.0,1.0
2025-03-26,141.03970336914062,0.8260269530004809,0.8324255832336871,101.00556296430825,,XLV,ヘルスケア,defensive,,8.0,-1.0,0.0
2025-03-27,141.26382446289062,0.8294733028119534,0.8314414897597759,100.9305994753884,,XLV,ヘルスケア,defensive,,8.0,-1.0,0.0
2025-03-28,140.82533264160156,0.8398458468979418,0.8342429421391646,101.03122292229824,,XLV,ヘルスケア,defensive,,8.0,-1.0,0.0
2025-03-31,142.27723693847656,0.8415003669044017,0.8366620837275771,101.11252722004666,,XLV,ヘルスケア,defensive,,6.0,-3.0,-2.0
2025-04-01,139.6754913330078,0.8252548490559369,0.8328596721703637,100.90257235636462,,XLV,ヘルスケア,defensive,,5.0,-4.0,-4.0
2025-04-02,140.6109619140625,0.8238927723818162,0.8298707055741813,100.73286519233321,,XLV,ヘルスケア,defensive,,5.0,-3.0,-2.0
2025-04-03,139.4708709716797,0.8580904340704325,0.8392772817395984,101.15902111163129,,XLV,ヘルスケア,defensive,,7.0,-1.0,0.0
2025-04-04,131.82154846191406,0.8592728445314244,0.8459424693368738,101.44240263210386,,XLV,ヘルスケア,defensive,,8.0,0.0,1.0
2025-04-07,131.0322723388672,0.8613065979841168,0.8510638455526215,101.63896383167838,100.6025673501939,XLV,ヘルスケア,defensive,Leading,8.0,2.0,5.0
2025-04-08,129.58033752441406,0.8681373648470578,0.856755018650767,101.8470651091403,101.25413948743312,XLV,ヘルスケア,defensive,Leading,9.0,4.0,8.0
2025-04-09,135.2126007080078,0.8387919901563285,0.8507673424859542,101.50496419851034,100.9561670489297,XLV,ヘルスケア,defensive,Leading,9.0,4.0,7.0
2025-04-10,131.44151306152344,0.8438041480073534,0.848446277659754,101.3483258413103,100.02369285712976,XLV,ヘルスケア,defensive,Leading,9.0,2.0,3.0
2025-04-11,133.37091064453125,0.8434017767353159,0.846764777351608,101.22642553970704,99.3899380075067,XLV,ヘルスケア,defensive,Weakening,8.0,0.0,0.0
2025-04-14,134.99819946289062,0.8429229753157135,0.8454841766729766,101.12729337648666,98.94761303635727,XLV,ヘルスケア,defensive,Weakening,8.0,0.0,-2.0
2025-04-15,134.16993713378906,0.8404659029127104,0.8438114187528879,101.01377386528623,98.49026595004605,XLV,ヘルスケア,defensive,Weakening,6.0,-3.0,-7.0
2025-04-16,132.80572509765625,0.8427405104068851,0.8434544493042204,100.96614620565983,98.98570532143998,XLV,ヘルスケア,defensive,Weakening,6.0,-3.0,-7.0
2025-04-17,132.02618408203125,0.8316129621956624,0.8395072869347011,100.74752550770204,98.9174193768353,XLV,ヘルスケア,defensive,Weakening,6.0,-3.0,-5.0
2025-04-21,129.18084716796875,0.8303841896972677,0.8364662545222235,100.57251622428113,98.8554489455004,XLV,ヘルスケア,defensive,Weakening,5.0,-3.0,-3.0
2025-04-22,131.60716247558594,0.825623642089522,0.8328520503779897,100.36249542673688,98.70166359622357,XLV,ヘルスケア,defensive,Weakening,5.0,-3.0,-3.0
2025-04-23,132.26004028320312,0.821769521922228,0.8291578742260691,100.13676261593524,98.5576521406331,XLV,ヘルスケア,defensive,Weakening,5.0,-1.0,2.0
2025-04-24,133.87759399414062,0.8179799671495412,0.8254319052005599,99.89505734661373,98.32005344300141,XLV,ヘルスケア,defensive,Lagging,5.0,-1.0,2.0
2025-04-25,134.52073669433594,0.8230876433560839,0.8246504845857346,99.80971733200523,98.5620058317851,XLV,ヘルスケア,defensive,Lagging,5.0,-1.0,2.0
2025-04-28,135.0566864013672,0.8240539984947246,0.8244516558887314,99.76276477843076,98.78892158902605,XLV,ヘルスケア,defensive,Lagging,5.0,0.0,3.0
2025-04-29,135.71929931640625,0.8232920612041678,0.8240651243272101,99.70709427464296,99.04212008356203,XLV,ヘルスケア,defensive,Lagging,5.0,0.0,3.0
2025-04-30,136.87887573242188,0.8291481374125051,0.8257594620223085,99.78371888750252,99.50273619435693,XLV,ヘルスケア,defensive,Lagging,5.0,0.0,1.0
2025-05-01,133.1467742919922,0.8076389987354012,0.8197193075933396,99.36282009126778,99.26506283897393,XLV,ヘルスケア,defensive,Lagging,2.0,-3.0,-2.0
2025-05-02,134.9884490966797,0.8046146589597731,0.8146844247154841,99.00733567857463,98.89116618182506,XLV,ヘルスケア,defensive,Lagging,2.0,-3.0,-2.0
2025-05-05,134.60842895507812,0.8050191036605715,0.8114626510305133,98.78559199358784,98.6620830725189,XLV,ヘルスケア,defensive,Lagging,2.0,-3.0,-3.0
2025-05-06,130.89584350585938,0.7886624945516454,0.8038625988708907,98.30223804740162,98.08004711877074,XLV,ヘルスケア,defensive,Lagging,2.0,-3.0,-3.0
2025-05-07,131.89950561523438,0.7895098045662821,0.7990783341026879,98.04481756708687,97.67890255029933,XLV,ヘルスケア,defensive,Lagging,1.0,-4.0,-4.0
2025-05-08,130.71070861816406,0.7758668802365027,0.7913411828139596,97.65539920210638,97.81912670144433,XLV,ヘルスケア,defensive,Lagging,1.0,-1.0,2.0
2025-05-09,129.28802490234375,0.7675999481080831,0.7834274379120008,97.33558141260573,97.9564491511033,XLV,ヘルスケア,defensive,Lagging,1.0,-1.0,2.0
2025-05-12,132.4841766357422,0.7655917822235633,0.7774822193491884,97.19122338243183,98.15038966923514,XLV,ヘルスケア,defensive,Lagging,1.0,-1.0,2.0
2025-05-13,128.4987335205078,0.7408894270021003,0.765284621900159,96.82324212087117,98.38176529753007,XLV,ヘルスケア,defensive,Lagging,1.0,-1.0,2.0
2025-05-14,125.47798919677734,0.7278552628189905,0.7528081688731029,96.5875110954192,98.47256818397656,XLV,ヘルスケア,defensive,Lagging,1.0,0.0,4.0
2025-05-15,127.12478637695312,0.7307469823932189,0.7454544400464749,96.63679621398897,99.10861677387017,XLV,ヘルスケア,defensive,Lagging,1.0,0.0,1.0
2025-05-16,129.68753051757812,0.7382301814575126,0.7430463538501542,96.85051846297957,99.84939930652581,XLV,ヘルスケア,defensive,Lagging,1.0,0.0,1.0
2025-05-19,130.93479919433594,0.7454129133720373,0.7438352070241152,97.11510943937536,100.40087675546557,XLV,ヘルスケア,defensive,Improving,1.0,0.0,1.0
2025-05-20,131.25637817382812,0.7492002856744705,0.7456235665742337,97.36107185475323,101.21061968388128,XLV,ヘルスケア,defensive,Improving,1.0,0.0,1.0
2025-05-21,128.21615600585938,0.7481435249076259,0.7464635526853645,97.54227851459397,101.70713437398248,XLV,ヘルスケア,defensive,Improving,1.0,0.0,0.0
2025-05-22,127.21247863769531,0.7446620919251161,0.7458630657652817,97.66150598739769,101.72920353694681,XLV,ヘルスケア,defensive,Improving,1.0,0.0,0.0
2025-05-23,127.0078353881836,0.746449391009016,0.7460585075131931,97.79188615646459,101.5822306959132,XLV,ヘルスケア,defensive,Improving,1.0,0.0,0.0
2025-05-27,128.78131103515625,0.7430204701417088,0.7450458283893651,97.87792375014614,101.36964564176729,XLV,ヘルスケア,defensive,Improving,1.0,0.0,0.0
2025-05-28,128.1186981201172,0.7455368190397562,0.7452094919394955,97.9863798698823,101.21985475561426,XLV,ヘルスケア,defensive,Improving,1.0,0.0,0.0
2025-05-29,128.97621154785156,0.7486983497445948,0.7463724445411953,98.10946777846674,101.17059694293475,XLV,ヘルスケア,defensive,Improving,1.0,0.0,0.0
2025-05-30,129.24903869628906,0.7505798730871898,0.7477749207231935,98.22663410428801,101.18040962281621,XLV,ヘルスケア,defensive,Improving,1.0,0.0,0.0
2025-06-02,129.32699584960938,0.750436972654512,0.7486622713669664,98.32170153960918,101.14387897324016,XLV,ヘルスケア,defensive,Improving,1.0,0.0,0.0
2025-06-03,129.6290740966797,0.7459793512800781,0.747767964671337,98.36705126935225,101.0955415229436,XLV,ヘルスケア,defensive,Improving,1.0,0.0,0.0
2025-06-04,129.88241577148438,0.749120251857251,0.7482187270666417,98.4410135353251,101.05738598164034,XLV,ヘルスケア,defensive,Improving,1.0,0.0,0.0
2025-06-05,129.70703125,0.7501357007102855,0.7488577182811896,98.51386778940439,100.99986385272402,XLV,ヘルスケア,defensive,Improving,1.0,0.0,0.0
2025-06-06,130.944580078125,0.7508085450388853,0.7495079938670882,98.58215245444508,100.93725548235993,XLV,ヘルスケア,defensive,Improving,1.0,0.0,0.0
2025-06-09,130.72042846679688,0.7493975528416226,0.749471180191933,98.63044021613813,100.86601389558817,XLV,ヘルスケア,defensive,Improving,1.0,0.0,0.0
2025-06-10,132.21131896972656,0.7541888349495971,0.7510437317778211,98.71260937112459,100.89968339578988,XLV,ヘルスケア,defensive,Improving,1.0,0.0,0.0
2025-06-11,132.27952575683594,0.7567265755151333,0.7529380130235919,98.79802379604881,100.8934944468985,XLV,ヘルスケア,defensive,Improving,1.0,0.0,0.0
2025-06-12,133.31243896484375,0.7608512846951287,0.7555757702474376,98.89662852976505,100.90300566245172,XLV,ヘルスケア,defensive,Improving,1.0,0.0,0.0
2025-06-13,132.6498260498047,0.7663328625149495,0.7591614676699416,99.0135552217186,100.94058229148872,XLV,ヘルスケア,defensive,Improving,3.0,2.0,2.0
2025-06-16,132.24057006835938,0.7566728778934285,0.7583319377444373,99.02530556343355,100.86559406999687,XLV,ヘルスケア,defensive,Improving,4.0,3.0,3.0
2025-06-17,130.05780029296875,0.7514008320405887,0.7560215691764878,99.00261202057796,100.70454931117271,XLV,ヘルスケア,defensive,Improving,3.0,2.0,2.0
2025-06-18,129.833740234375,0.7500218383626208,0.7540216589051989,98.98777088519428,100.55347945646228,XLV,ヘルスケア,defensive,Improving,3.0,2.0,2.0
2025-06-20,129.2100830078125,0.7452006747357097,0.7510813308487025,98.95175699414499,100.3607686470521,XLV,ヘルスケア,defensive,Improving,3.0,2.0,2.0
2025-06-23,129.39610290527344,0.7397426721222026,0.7473017779398693,98.89758245771122,100.12681117267412,XLV,ヘルスケア,defensive,Improving,2.0,-1.0,-3.0
2025-06-24,130.9822235107422,0.7417868592167075,0.7454634716988154,98.88982833915,100.09586314155382,XLV,ヘルスケア,defensive,Improving,3.0,-1.0,-4.0
2025-06-25,131.09970092773438,0.7478478294286336,0.7462582576087549,98.94286593141427,100.18678515431819,XLV,ヘルスケア,defensive,Improving,3.0,0.0,-2.0
2025-06-26,131.41302490234375,0.7440201525018235,0.7455122225731111,98.95884557998798,100.2165184488832,XLV,ヘルスケア,defensive,Improving,5.0,2.0,0.0
2025-06-27,131.1290740966797,0.7397037079373364,0.743576051027853,98.94703794052829,100.23637021838175,XLV,ヘルスケア,defensive,Improving,5.0,2.0,0.0
2025-06-30,131.97109985351562,0.740971758994229,0.7427079536833117,98.95988559539097,100.31437493377742,XLV,ヘルスケア,defensive,Improving,5.0,3.0,4.0
2025-07-01,133.85093688964844,0.742820568210138,0.7427454918589205,98.99279542616502,100.36011230042358,XLV,ヘルスケア,defensive,Improving,5.0,2.0,3.0
2025-07-02,132.5291748046875,0.7338090984760849,0.7397666940646419,98.95535544953223,100.2327079045767,XLV,ヘルスケア,defensive,Improving,4.0,1.0,1.0
2025-07-03,132.66624450683594,0.7310375891272135,0.7368569924188324,98.9207643502714,100.16004569650885,XLV,ヘルスケア,defensive,Improving,4.0,-1.0,-3.0
2025-07-07,131.55007934570312,0.7307272295773931,0.7348137381383527,98.90556390044398,100.1615576483854,XLV,ヘルスケア,defensive,Improving,4.0,-1.0,-3.0
2025-07-08,132.14732360839844,0.7322112933972271,0.7339462565579775,98.91567057470495,100.16835237661472,XLV,ヘルスケア,defensive,Improving,4.0,-1.0,-4.0
2025-07-09,132.6564483642578,0.7328435612103041,0.7335786914420864,98.93456278913072,100.16311381510782,XLV,ヘルスケア,defensive,Improving,5.0,0.0,-2.0
2025-07-10,133.46910095214844,0.7330862957767691,0.7334145595536473,98.95419030503552,100.2658440658117,XLV,ヘルスケア,defensive,Improving,5.0,1.0,0.0
2025-07-11,132.3627166748047,0.7323706990695974,0.733066606058964,98.96993530533231,100.35615824466585,XLV,ヘルスケア,defensive,Improving,5.0,1.0,2.0
2025-07-14,132.20608520507812,0.7307512369645882,0.7322948163608388,98.97394072448242,100.38626056418263,XLV,ヘルスケア,defensive,Improving,5.0,1.0,2.0
2025-07-15,129.82691955566406,0.7276916768985346,0.7307604365400708,98.95655268089254,100.34162983827645,XLV,ヘルスケア,defensive,Improving,5.0,1.0,2.0
2025-07-16,131.4423828125,0.7338843893337327,0.7318017541379582,99.00620449618599,100.37192260707323,XLV,ヘルスケア,defensive,Improving,5.0,0.0,0.0
2025-07-17,129.9443817138672,0.7196533948512206,0.7277523010423791,98.91419898733591,100.19894956869393,XLV,ヘルスケア,defensive,Improving,5.0,0.0,-1.0
2025-07-18,129.08277893066406,0.7151534103354401,0.7235526708067328,98.81259135202083,100.02482520646093,XLV,ヘルスケア,defensive,Improving,3.0,-2.0,-3.0
2025-07-21,128.3484649658203,0.7135257163593943,0.72021035265762,98.73313200535112,99.89840190361195,XLV,ヘルスケア,defensive,Lagging,2.0,-3.0,-4.0
2025-07-22,130.73744201660156,0.7176575741691791,0.7193594264948064,98.72547355535137,99.90231121372818,XLV,ヘルスケア,defensive,Lagging,2.0,-3.0,-4.0
2025-07-23,133.420166015625,0.7263663671646552,0.721695073384756,98.81553260440215,99.94654775739538,XLV,ヘルスケア,defensive,Lagging,3.0,-2.0,-2.0
2025-07-24,132.92079162597656,0.7259716356681369,0.723120594145883,98.87787984793049,100.1498384979189,XLV,ヘルスケア,defensive,Improving,3.0,-2.0,-2.0
2025-07-25,133.625732421875,0.726322937957845,0.7241880420832036,98.92947113955714,100.34883382516509,XLV,ヘルスケア,defensive,Improving,4.0,1.0,3.0
2025-07-28,132.46063232421875,0.7242725249185762,0.7242162030283279,98.94307633344735,100.46318006281915,XLV,ヘルスケア,defensive,Improving,3.0,1.0,4.0
2025-07-29,131.61862182617188,0.7200157730115392,0.7228160596893984,98.89970942090677,100.39023038213823,XLV,ヘルスケア,defensive,Improving,3.0,1.0,4.0
2025-07-30,131.38363647460938,0.7234230180944855,0.7230183791577608,98.90871665745394,100.25293772878285,XLV,ヘルスケア,defensive,Improving,4.0,1.0,3.0
2025-07-31,127.7022705078125,0.7096241104257077,0.7185536229137431,98.71260105095416,99.86058770109878,XLV,ヘルスケア,defensive,Lagging,3.0,0.0,2.0
2025-08-01,128.3876495361328,0.7215666805822881,0.7195579754699248,98.73834906557298,99.81296171476305,XLV,ヘルスケア,defensive,Lagging,3.0,-1.0,-2.0
2025-08-04,130.2283172607422,0.7230702874051391,0.7207287461149963,98.77242481951932,99.8269949440842,XLV,ヘルスケア,defensive,Lagging,4.0,1.0,0.0
2025-08-05,129.72898864746094,0.7223022239168422,0.7212532387156116,98.76940572935442,99.86580057630106,XLV,ヘルスケア,defensive,Lagging,3.0,0.0,-1.0
2025-08-06,127.78059387207031,0.7130492794346169,0.7185185856219467,98.58812640198754,99.52809104414382,XLV,ヘルスケア,defensive,Lagging,2.0,-2.0,-3.0
2025-08-07,126.31195831298828,0.7052781821194776,0.7141051177877904,98.28533354195426,99.28052822049955,XLV,ヘルスケア,defensive,Lagging,3.0,0.0,0.0
2025-08-08,127.43792724609375,0.7102825389211779,0.712830924832253,98.17447825681016,98.95022220347789,XLV,ヘルスケア,defensive,Lagging,2.0,-1.0,0.0
2025-08-11,127.56520080566406,0.7129389333417929,0.7128669276687664,98.16823112672888,98.76103083400278,XLV,ヘルスケア,defensive,Lagging,1.0,-3.0,-4.0
2025-08-12,128.44639587402344,0.7088565565246095,0.7115301372873808,98.0845792059679,98.4707386633683,XLV,ヘルスケア,defensive,Lagging,1.0,-2.0,-2.0
2025-08-13,130.50245666503906,0.710065086878812,0.7110417871511913,98.10498483203192,98.76714862530012,XLV,ヘルスケア,defensive,Lagging,2.0,0.0,2.0
2025-08-14,131.15846252441406,0.7183072132639963,0.7134635958554596,98.34725437336475,99.94435872447468,XLV,ヘルスケア,defensive,Lagging,2.0,-1.0,-1.0
2025-08-15,133.36138916015625,0.7321794572572536,0.7197022163227242,98.8363744842391,101.46667415054372,XLV,ヘルスケア,defensive,Improving,5.0,3.0,4.0
2025-08-18,133.048095703125,0.7306165945415748,0.7233403423956745,99.12328568712603,102.14626728128482,XLV,ヘルスケア,defensive,Improving,5.0,4.0,7.0
2025-08-19,133.89988708496094,0.7318675959007636,0.7261827602307042,99.34663597154734,102.71859018962661,XLV,ヘルスケア,defensive,Improving,5.0,4.0,6.0
2025-08-20,134.62442016601562,0.7364983724027626,0.7296212976213904,99.60880148565684,103.03866090868496,XLV,ヘルスケア,defensive,Improving,6.0,4.0,4.0
2025-08-21,134.17404174804688,0.7366014585215347,0.7319480179214386,99.79072664696447,102.76968210646913,XLV,ヘルスケア,defensive,Improving,6.0,4.0,5.0
2025-08-22,135.2803955078125,0.7284872125569759,0.7307944161332844,99.7237053160669,101.57050581542845,XLV,ヘルスケア,defensive,Improving,7.0,2.0,-1.0
2025-08-25,133.3516082763672,0.7236380383535991,0.7284089568733894,99.56982380344778,100.62806601452628,XLV,ヘルスケア,defensive,Improving,7.0,2.0,-2.0
2025-08-26,134.183837890625,0.7276510083996344,0.7281563073821378,99.56946159381364,100.14553206281045,XLV,ヘルスケア,defensive,Improving,5.0,0.0,-4.0
2025-08-27,134.10549926757812,0.7246077157480938,0.7269734435041231,99.50273803840848,99.41629085614296,XLV,ヘルスケア,defensive,Lagging,3.0,-3.0,-7.0
2025-08-28,133.5767822265625,0.7220950874353996,0.7253473248145487,99.40591069159485,98.81423234365192,XLV,ヘルスケア,defensive,Lagging,3.0,-3.0,-7.0
2025-08-29,134.55589294433594,0.7279279245070264,0.7262075247120412,99.49055971709507,99.18877139015738,XLV,ヘルスケア,defensive,Lagging,5.0,-2.0,-4.0
2025-09-02,134.6831512451172,0.7344178454335203,0.7289442982858676,99.71289301362387,100.0681355356681,XLV,ヘルスケア,defensive,Improving,5.0,-2.0,-4.0
2025-09-03,134.04678344726562,0.7320822805786098,0.7299902923834484,99.81011071668206,100.30486792248087,XLV,ヘルスケア,defensive,Improving,5.0,0.0,0.0
2025-09-04,134.55589294433594,0.7294747677110285,0.7298184508259751,99.81710908001467,100.4833215915978,XLV,ヘルスケア,defensive,Improving,6.0,3.0,6.0
2025-09-05,135.0160675048828,0.7311150107232909,0.7302506374584137,99.87087903540866,100.83142749325413,XLV,ヘルスケア,defensive,Improving,6.0,3.0,6.0
2025-09-08,134.96710205078125,0.7314321002722733,0.7306444583963669,99.92326929921342,100.75189416252016,XLV,ヘルスケア,defensive,Improving,7.0,2.0,4.0
2025-09-09,135.69163513183594,0.7376307094775735,0.7329732087567691,100.12855961509868,100.70661701138256,XLV,ヘルスケア,defensive,Leading,8.0,3.0,5.0
2025-09-10,134.45797729492188,0.731665047679914,0.7325371550644841,100.11964002329073,100.46180508403036,XLV,ヘルスケア,defensive,Leading,8.0,3.0,3.0
2025-09-11,136.79798889160156,0.7334082132589006,0.7328275077959563,100.17377372443737,100.57134568926797,XLV,ヘルスケア,defensive,Leading,8.0,2.0,-1.0
2025-09-12,135.22166442871094,0.7302132510263244,0.7319560888727457,100.1371949296728,100.36650342173114,XLV,ヘルスケア,defensive,Leading,8.0,2.0,-1.0
2025-09-15,134.0663299560547,0.7252409051352017,0.7297176942935644,99.98282970783671,99.89831585297978,XLV,ヘルスケア,defensive,Lagging,7.0,0.0,-2.0
2025-09-16,134.0663299560547,0.7271684235285472,0.728867937371892,99.94474426689534,99.35023217797747,XLV,ヘルスケア,defensive,Lagging,6.0,-2.0,-5.0
2025-09-17,134.33067321777344,0.7279057914825506,0.728547222075445,99.95331844286352,99.40879705257748,XLV,ヘルスケア,defensive,Lagging,6.0,-2.0,-5.0
2025-09-18,134.5950469970703,0.7246054163731617,0.7272332868413506,99.85392155177509,99.07493845183302,XLV,ヘルスケア,defensive,Lagging,6.0,-2.0,-4.0
2025-09-19,134.41879272460938,0.7249185180845128,0.7264616972557381,99.80262826329313,99.06194835314074,XLV,ヘルスケア,defensive,Lagging,6.0,-2.0,-4.0
2025-09-22,134.3843994140625,0.72438705837618,0.725770150962552,99.75280252379093,99.3087784831442,XLV,ヘルスケア,defensive,Lagging,6.0,-1.0,-1.0
2025-09-23,134.68930053710938,0.7251457212983488,0.725562007741151,99.75680455055134,99.40810541658354,XLV,ヘルスケア,defensive,Lagging,6.0,0.0,2.0
2025-09-24,134.1483154296875,0.7239210427309313,0.7250150194044112,99.71835314989417,99.3086728115732,XLV,ヘルスケア,defensive,Lagging,5.0,-1.0,1.0
2025-09-25,131.9254913330078,0.7178356040230621,0.7226218809439615,99.43015660349465,98.901236362338,XLV,ヘルスケア,defensive,Lagging,4.0,-2.0,0.0
2025-09-26,133.27296447753906,0.7180530616811851,0.7210989411897027,99.2429180277588,98.63398262143532,XLV,ヘルスケア,defensive,Lagging,4.0,-2.0,0.0
2025-09-29,133.6663818359375,0.7177747569919857,0.7199908797904637,99.10394811779659,98.48914452641533,XLV,ヘルスケア,defensive,Lagging,4.0,-2.0,-1.0
2025-09-30,136.8826446533203,0.7331083957922236,0.7243633851243838,99.77585876160063,99.95583563053295,XLV,ヘルスケア,defensive,Lagging,5.0,-1.0,-1.0
2025-10-01,141.11196899414062,0.7540502857068309,0.7342590186518662,101.34607075462742,103.13729079663563,XLV,ヘルスケア,defensive,Leading,8.0,3.0,4.0
2025-10-02,140.83656311035156,0.7508016327856034,0.7397732233631119,102.17730694886043,104.38435161720507,XLV,ヘルスケア,defensive,Leading,10.0,6.0,8.0
2025-10-03,142.43978881835938,0.7566882677633523,0.7454115714965255,102.86412647039948,104.62717673260511,XLV,ヘルスケア,defensive,Leading,11.0,7.0,9.0
2025-10-06,141.75128173828125,0.7532669255773433,0.7480300228567982,103.00351749787475,104.16270425349862,XLV,ヘルスケア,defensive,Leading,11.0,7.0,9.0
2025-10-07,141.85946655273438,0.757168519863687,0.7510761885257612,103.12748430754597,103.18094941272444,XLV,ヘルスケア,defensive,Leading,11.0,6.0,7.0
2025-10-08,142.1348876953125,0.7561756489404597,0.7527760086639941,103.0599171949653,101.43090093304033,XLV,ヘルスケア,defensive,Leading,11.0,3.0,0.0
2025-10-09,141.82012939453125,0.760795528308809,0.7554491818789324,103.07696329226519,100.58527031094418,XLV,ヘルスケア,defensive,Leading,11.0,1.0,-5.0
2025-10-10,139.77432250976562,0.7671162967650768,0.759338220174314,103.1647685712682,99.97181009248945,XLV,ヘルスケア,defensive,Weakening,11.0,0.0,-7.0
2025-10-13,139.616943359375,0.7588736378641282,0.7591833594042521,102.8870631474877,99.55001963477875,XLV,ヘルスケア,defensive,Weakening,11.0,0.0,-7.0
2025-10-14,140.0005340576172,0.7547004291516471,0.7576890493200504,102.563243265735,99.1100475792519,XLV,ヘルスケア,defensive,Weakening,10.0,-1.0,-7.0
2025-10-15,140.2169189453125,0.7543459467615211,0.7565746818005407,102.31660832227074,98.94876475896456,XLV,ヘルスケア,defensive,Weakening,10.0,-1.0,-4.0
2025-10-16,139.9808807373047,0.7602823237299949,0.7578105624436922,102.27517217847839,98.90921052868063,XLV,ヘルスケア,defensive,Weakening,10.0,-1.0,-2.0
2025-10-17,140.91525268554688,0.7614898945130806,0.7590370064668217,102.23667938848101,98.8057784648598,XLV,ヘルスケア,defensive,Weakening,10.0,-1.0,-1.0
2025-10-20,142.41024780273438,0.7619496019173736,0.7600078716170057,102.18371039279263,99.03998798131857,XLV,ヘルスケア,defensive,Weakening,10.0,-1.0,-1.0
2025-10-21,142.7446746826172,0.7602558058512516,0.7600905163617544,102.07504336644702,99.25763168926349,XLV,ヘルスケア,defensive,Weakening,11.0,1.0,2.0
2025-10-22,143.56105041503906,0.768309252326466,0.7628300950166583,102.14720703317539,99.5716685349369,XLV,ヘルスケア,defensive,Weakening,11.0,1.0,2.0
2025-10-23,143.63970947265625,0.7651028323339972,0.7635876741224381,102.08318906567936,99.55504217897385,XLV,ヘルスケア,defensive,Weakening,11.0,1.0,2.0
2025-10-24,143.6298828125,0.7629705581732013,0.7633819688060259,101.96734696209418,99.48810690363825,XLV,ヘルスケア,defensive,Weakening,11.0,1.0,2.0
2025-10-27,143.96429443359375,0.7613632622231691,0.7627090666117404,101.83640975438315,99.4218355962263,XLV,ヘルスケア,defensive,Weakening,10.0,0.0,1.0
2025-10-28,143.05943298339844,0.7631322571200593,0.7628501301145134,101.76529242278345,99.46564901918154,XLV,ヘルスケア,defensive,Weakening,10.0,-1.0,-2.0
2025-10-29,141.6135711669922,0.7639633328696162,0.7632211976995478,101.71541690622122,99.3529409294137,XLV,ヘルスケア,defensive,Weakening,10.0,-1.0,-2.0
2025-10-30,141.92832946777344,0.7689686029106242,0.7651369994365733,101.75551173530162,99.45621751765461,XLV,ヘルスケア,defensive,Weakening,10.0,-1.0,-2.0
2025-10-31,141.879150390625,0.7670251652971918,0.7657663880567795,101.71908054793775,99.5343223975488,XLV,ヘルスケア,defensive,Weakening,10.0,-1.0,-2.0
2025-11-03,142.07586669921875,0.769973249232163,0.7671686751152408,101.72674651171755,99.66772641838492,XLV,ヘルスケア,defensive,Weakening,9.0,-1.0,-1.0
2025-11-04,142.71519470214844,0.7785880002497346,0.7709751168267387,101.86194199332311,99.86014801705936,XLV,ヘルスケア,defensive,Weakening,10.0,0.0,1.0
2025-11-05,143.2659912109375,0.7770448233274665,0.7729983523269813,101.89516340586233,99.9309706850715,XLV,ヘルスケア,defensive,Weakening,10.0,0.0,1.0
2025-11-06,143.5413818359375,0.7840635643776439,0.7766867563438689,102.01126114535454,99.99206829133085,XLV,ヘルスケア,defensive,Weakening,11.0,1.0,2.0
2025-11-07,143.73809814453125,0.7786078042620505,0.7773271056499295,101.96264114731271,99.96685455335847,XLV,ヘルスケア,defensive,Weakening,11.0,1.0,2.0
2025-11-10,144.85934448242188,0.780188997426737,0.778281069575532,101.93695532789366,99.91959780063202,XLV,ヘルスケア,defensive,Weakening,11.0,2.0,3.0
2025-11-11,148.20346069335938,0.7936142268206003,0.7833921219905549,102.1177793145298,99.952881877153,XLV,ヘルスケア,defensive,Weakening,11.0,1.0,1.0
2025-11-12,150.3083038330078,0.80298095503216,0.7899217330044234,102.33684469880943,100.13153779131872,XLV,ヘルスケア,defensive,Leading,11.0,1.0,1.0
2025-11-13,150.2296142578125,0.8117372943541272,0.7971935867876581,102.5382709614993,100.2185850221689,XLV,ヘルスケア,defensive,Leading,11.0,0.0,-1.0
2025-11-14,149.33457946777344,0.809873183083906,0.8014201188864074,102.56279250345393,100.2977049992434,XLV,ヘルスケア,defensive,Leading,11.0,0.0,-1.0
2025-11-17,149.2067108154297,0.819946537171206,0.807595591648007,102.64821341481726,100.41974851050298,XLV,ヘルスケア,defensive,Leading,11.0,0.0,-2.0
2025-11-18,150.08206176757812,0.8242664629698147,0.8131525487552762,102.68016394861608,100.28872816297023,XLV,ヘルスケア,defensive,Leading,11.0,0.0,-1.0
2025-11-19,149.8263397216797,0.8253606206995739,0.8172219060700422,102.64202680748407,100.04661432389271,XLV,ヘルスケア,defensive,Leading,11.0,0.0,-1.0
2025-11-20,148.93130493164062,0.8305626529910294,0.8216688217103714,102.61620356836718,99.82597643469914,XLV,ヘルスケア,defensive,Weakening,11.0,0.0,0.0
2025-11-21,152.06886291503906,0.831716243961786,0.825017962460843,102.55441430771022,99.74457982284623,XLV,ヘルスケア,defensive,Weakening,11.0,0.0,0.0
2025-11-24,152.70819091796875,0.8317652918638233,0.8272670722618365,102.46439594061978,99.57124286557577,XLV,ヘルスケア,defensive,Weakening,11.0,0.0,0.0
2025-11-25,156.16049194335938,0.8386545351530876,0.8310628932255869,102.43116231074322,99.50705576725682,XLV,ヘルスケア,defensive,Weakening,11.0,0.0,0.0
2025-11-26,155.81625366210938,0.8310074408053394,0.8310444090855045,102.29151098938921,99.40203191419812,XLV,ヘルスケア,defensive,Weakening,11.0,0.0,0.0
2025-11-28,155.05889892578125,0.8225209874810466,0.8282032685506853,102.09002563181711,99.22868054534558,XLV,ヘルスケア,defensive,Weakening,11.0,0.0,0.0
2025-12-01,152.73768615722656,0.8157876957243712,0.8240647442752472,101.87437084392259,99.09063498490639,XLV,ヘルスケア,defensive,Weakening,11.0,0.0,0.0
2025-12-02,151.822998046875,0.8116703215414202,0.8199332700306383,101.67952898987473,99.00862869702055,XLV,ヘルスケア,defensive,Weakening,11.0,0.0,0.0
2025-12-03,152.53115844726562,0.809281408984276,0.8163826496818509,101.51647998752819,98.90801800162416,XLV,ヘルスケア,defensive,Weakening,11.0,0.0,0.0
2025-12-04,151.3705291748047,0.8028719357697207,0.8118790783778076,101.3375323333882,98.90153309235906,XLV,ヘルスケア,defensive,Weakening,11.0,0.0,0.0
2025-12-05,150.74105834960938,0.7976593192508581,0.8071391586688245,101.1609985873035,98.9564269401562,XLV,ヘルスケア,defensive,Weakening,11.0,0.0,0.0
2025-12-08,148.94113159179688,0.7928839179180039,0.8023874117518843,100.99064631157282,99.02815107865703,XLV,ヘルスケア,defensive,Weakening,11.0,0.0,0.0
2025-12-09,147.49530029296875,0.7866709224676506,0.7971485819904731,100.81107174644919,99.06769098857208,XLV,ヘルスケア,defensive,Weakening,10.0,-1.0,-1.0
2025-12-10,149.6394805908203,0.787034219967794,0.7937771279829134,100.6880411595781,99.12963618905653,XLV,ヘルスケア,defensive,Weakening,10.0,-1.0,-1.0
2025-12-11,151.05580139160156,0.7881187095689426,0.7918909885115899,100.60918312246713,99.24452835885752,XLV,ヘルスケア,defensive,Weakening,11.0,0.0,0.0
2025-12-12,151.5279083251953,0.7959774756075655,0.7932531508769152,100.62550282552333,99.43984602257146,XLV,ヘルスケア,defensive,Weakening,11.0,0.0,0.0
2025-12-15,153.5343780517578,0.8055179985361102,0.7973414334299802,100.72224531197004,99.69654339718228,XLV,ヘルスケア,defensive,Weakening,11.0,0.0,0.0
2025-12-16,151.5377655029297,0.8006658523902238,0.7984495730833947,100.73010624724287,99.87432495444772,XLV,ヘルスケア,defensive,Weakening,10.0,0.0,1.0
2025-12-17,151.26234436035156,0.8013777892139494,0.7994256451269129,100.73436158576101,99.99041433960211,XLV,ヘルスケア,defensive,Weakening,10.0,0.0,1.0
2025-12-18,151.38038635253906,0.8002921618378785,0.7997144840305682,100.71810275861064,100.04361983841078,XLV,ヘルスケア,defensive,Leading,10.0,-1.0,-1.0
2025-12-19,152.39344787597656,0.8027238862442451,0.8007176181017939,100.724599974236,100.02922650866726,XLV,ヘルスケア,defensive,Leading,9.0,-2.0,-2.0
2025-12-22,153.3979949951172,0.8020702048017027,0.8011684803350969,100.71436376104094,99.92392090938453,XLV,ヘルスケア,defensive,Weakening,8.0,-3.0,-3.0
2025-12-23,153.091796875,0.8023347220816094,0.8015572275839344,100.70285449966941,99.90212448655038,XLV,ヘルスケア,defensive,Weakening,8.0,-2.0,-2.0
2025-12-24,153.89187622070312,0.8036145954962336,0.8022430168880341,100.70250288787469,99.89154256164989,XLV,ヘルスケア,defensive,Weakening,8.0,-2.0,-2.0
2025-12-26,154.13882446289062,0.8046964648579659,0.8030608328780114,100.70856038638186,99.90430807967218,XLV,ヘルスケア,defensive,Weakening,8.0,-2.0,-1.0
2025-12-29,153.9017333984375,0.8047872458415366,0.8036363038658533,100.70856666018737,99.88791064178062,XLV,ヘルスケア,defensive,Weakening,9.0,0.0,2.0
2025-12-30,153.77333068847656,0.8054059769393277,0.8042261948903449,100.70962820295006,99.89921622303223,XLV,ヘルスケア,defensive,Weakening,9.0,1.0,4.0
2025-12-31,152.90411376953125,0.80775153294441,0.8054013075750334,100.73156714313724,99.95535608363356,XLV,ヘルスケア,defensive,Weakening,8.0,0.0,2.0
2026-01-02,153.60540771484375,0.805986472901447,0.8055963626838379,100.71546926235531,99.98153537922525,XLV,ヘルスケア,defensive,Weakening,9.0,1.0,3.0
2026-01-05,153.1411590576172,0.7961611837332507,0.8024513030336423,100.56494890416725,99.86327863049522,XLV,ヘルスケア,defensive,Weakening,8.0,0.0,2.0
2026-01-06,156.15382385253906,0.8021393471894193,0.8023473177522347,100.5364392609568,99.88294762533594,XLV,ヘルスケア,defensive,Weakening,8.0,-1.0,-1.0
2026-01-07,157.70460510253906,0.819296656012582,0.8079970971723505,100.74802901584985,100.36672193851531,XLV,ヘルスケア,defensive,Leading,8.0,-1.0,-2.0
2026-01-08,156.18345642089844,0.8044968369174895,0.8068303437540635,100.67364578572109,100.26240001492373,XLV,ヘルスケア,defensive,Leading,8.0,0.0,0.0
2026-01-09,155.38336181640625,0.7957580218897449,0.8031395697992907,100.48950822467415,99.92049993183976,XLV,ヘルスケア,defensive,Weakening,8.0,-1.0,-2.0
2026-01-12,155.45252990722656,0.7953876475014517,0.8005555957000111,100.35213609319773,99.97057985347747,XLV,ヘルスケア,defensive,Weakening,8.0,0.0,0.0
2026-01-13,154.8203582763672,0.7921530812542091,0.7977547575514106,100.2025383243876,99.68913751072303,XLV,ヘルスケア,defensive,Weakening,8.0,0.0,1.0
2026-01-14,155.9266357421875,0.7941995221501038,0.7965696790843084,100.1227426895527,98.99649587666921,XLV,ヘルスケア,defensive,Weakening,8.0,0.0,1.0
2026-01-15,155.03765869140625,0.7861893176407266,0.7931095586031145,99.9319621512063,98.71845120174909,XLV,ヘルスケア,defensive,Lagging,7.0,-1.0,-1.0
2026-01-16,153.83261108398438,0.7820773074427552,0.7894321415496615,99.72435715733181,98.65841476491612,XLV,ヘルスケア,defensive,Lagging,7.0,-1.0,0.0
2026-01-20,153.49676513671875,0.7921900223358443,0.7903514351450558,99.73847302799395,98.99208061671024,XLV,ヘルスケア,defensive,Lagging,7.0,-1.0,-1.0
2026-01-21,156.3217315673828,0.7933369368169417,0.7913466023690178,99.75724651231035,99.3859857880148,XLV,ヘルスケア,defensive,Lagging,7.0,-1.0,-1.0
2026-01-22,156.3513641357422,0.7924540311152096,0.7917157452844151,99.7430525734849,99.54168944170964,XLV,ヘルスケア,defensive,Lagging,7.0,-1.0,-1.0
2026-01-23,155.55128479003906,0.7919289382256044,0.7917868095981448,99.71480037653359,99.94367760079959,XLV,ヘルスケア,defensive,Lagging,7.0,0.0,1.0
2026-01-26,156.16371154785156,0.7931713150436291,0.7922483114133063,99.70719008793439,100.42856026381426,XLV,ヘルスケア,defensive,Improving,7.0,0.0,1.0
2026-01-27,153.546142578125,0.781091785115462,0.7885294693140249,99.45957948642419,99.78558439200995,XLV,ヘルスケア,defensive,Lagging,7.0,0.0,1.0
2026-01-28,152.42010498046875,0.7779839281622593,0.785014288930103,99.21152614050477,99.14166644108447,XLV,ヘルスケア,defensive,Lagging,7.0,0.0,1.0
2026-01-29,151.9361114501953,0.774497778973201,0.7815087856111358,98.95416928696615,98.58819759612389,XLV,ヘルスケア,defensive,Lagging,6.0,-1.0,0.0
2026-01-30,152.84486389160156,0.7808608642412433,0.7812928118211717,98.89035225441319,98.5400564569155,XLV,ヘルスケア,defensive,Lagging,3.0,-4.0,-4.0
2026-02-02,153.783203125,0.7816297235234085,0.7814051157219174,98.84948272193849,98.50813595999045,XLV,ヘルスケア,defensive,Lagging,4.0,-3.0,-3.0
2026-02-03,152.21270751953125,0.7757123642044254,0.7795075318827533,98.6779008886416,98.7222879531839,XLV,ヘルスケア,defensive,Lagging,4.0,-3.0,-3.0
2026-02-04,154.1190643310547,0.7786437986582655,0.7792196208079241,98.61385179197399,99.16710860308645,XLV,ヘルスケア,defensive,Lagging,4.0,-3.0,-3.0
2026-02-05,152.94363403320312,0.7794766790341107,0.7793053068833197,98.58878581614422,99.71366165464659,XLV,ヘルスケア,defensive,Lagging,4.0,-2.0,-1.0
2026-02-06,155.7784881591797,0.7794009732912893,0.7793371956859763,98.56724802157741,99.82772521501349,XLV,ヘルスケア,defensive,Lagging,5.0,2.0,6.0
2026-02-09,154.40550231933594,0.7720734571301698,0.7769159495007075,98.3957581678198,99.54745317511603,XLV,ヘルスケア,defensive,Lagging,5.0,1.0,4.0
2026-02-10,153.42762756347656,0.764464041759443,0.7727653135869528,98.12513120877233,99.34059413584274,XLV,ヘルスケア,defensive,Lagging,5.0,1.0,4.0
2026-02-11,154.3363494873047,0.7676311740956134,0.7710539337565063,98.04113373711003,99.31823993904814,XLV,ヘルスケア,defensive,Lagging,5.0,1.0,4.0
2026-02-12,154.08941650390625,0.7765942712583408,0.7729007129237845,98.21010858077913,99.7991029472524,XLV,ヘルスケア,defensive,Lagging,5.0,1.0,3.0
2026-02-13,155.73898315429688,0.7768603395012983,0.7742205884496225,98.34892915042674,100.21470288069771,XLV,ヘルスケア,defensive,Improving,5.0,0.0,-2.0
2026-02-17,155.442626953125,0.7767221130806743,0.7750544299933065,98.45838658910745,100.95151489632424,XLV,ヘルスケア,defensive,Improving,5.0,0.0,-1.0
2026-02-18,155.73898315429688,0.7741890119199125,0.7747659573021752,98.4954752999422,101.7746992977601,XLV,ヘルスケア,defensive,Improving,5.0,0.0,-1.0
2026-02-19,155.33399963378906,0.7738103617627666,0.7744474254557058,98.53109828999173,102.14025130319469,XLV,ヘルスケア,defensive,Improving,5.0,0.0,-1.0
2026-02-20,154.89938354492188,0.7680534420364555,0.7723160976492891,98.45661220147609,101.55081472059229,XLV,ヘルスケア,defensive,Improving,5.0,0.0,-1.0
2026-02-23,156.59829711914062,0.7850940824567014,0.7765754259184267,98.76139500758855,101.97938388255496,XLV,ヘルスケア,defensive,Improving,5.0,0.0,0.0
2026-02-24,155.93650817871094,0.7755899712234704,0.7762469410201079,98.7759327635335,101.6894430517581,XLV,ヘルスケア,defensive,Improving,5.0,0.0,0.0
2026-02-25,155.8970184326172,0.7749365847568437,0.7758101555990199,98.77813514437034,101.56142703618721,XLV,ヘルスケア,defensive,Improving,5.0,0.0,0.0
2026-02-26,155.49203491210938,0.7685818323777404,0.7734007145252602,98.65126108361812,101.11378778358986,XLV,ヘルスケア,defensive,Improving,5.0,0.0,0.0
2026-02-27,158.23797607421875,0.7812389070126664,0.7760134453543956,98.8341462357838,101.71203315979785,XLV,ヘルスケア,defensive,Improving,5.0,0.0,0.0
2026-03-02,156.58843994140625,0.7745309234085224,0.7755192713724379,98.80806513352557,100.85514560524254,XLV,ヘルスケア,defensive,Improving,5.0,0.0,0.0
2026-03-03,154.8203582763672,0.7752971634197655,0.7754452353882139,98.81099322412024,100.80161029357356,XLV,ヘルスケア,defensive,Improving,4.0,-1.0,-1.0
2026-03-04,155.12655639648438,0.7737290962505353,0.7748731890089877,98.78163850868808,100.69821362523697,XLV,ヘルスケア,defensive,Improving,4.0,-1.0,-1.0
2026-03-05,152.0250244140625,0.7671451510395805,0.7722971763525186,98.60530925803116,100.55044690523508,XLV,ヘルスケア,defensive,Improving,4.0,-1.0,-1.0
2026-03-06,150.829833984375,0.770294248702394,0.7716295338024771,98.58063101940922,99.99561224579678,XLV,ヘルスケア,defensive,Lagging,3.0,-2.0,-2.0
2026-03-09,152.3707275390625,0.7759704965837,0.7730765213962181,98.72833470370705,100.42306108817263,XLV,ヘルスケア,defensive,Improving,3.0,-2.0,-2.0
2026-03-10,151.27430725097656,0.7762071854052978,0.7741200760659113,98.84707100227487,100.7090209195768,XLV,ヘルスケア,defensive,Improving,3.0,-1.0,0.0
2026-03-11,150.97801208496094,0.7772484659851406,0.7751628727056544,98.9657130965905,101.08742177199916,XLV,ヘルスケア,defensive,Improving,3.0,-1.0,0.0
2026-03-12,148.32095336914062,0.7755640362647259,0.7752965938920116,99.00843862692791,101.65207485999521,XLV,ヘルスケア,defensive,Improving,3.0,-1.0,0.0
2026-03-13,147.95547485351562,0.773692904460467,0.7747620307481635,98.99542752668695,101.63752115371639,XLV,ヘルスケア,defensive,Improving,3.0,0.0,2.0
2026-03-16,149.1605224609375,0.7742332619720274,0.7745857744894515,99.01023661172212,101.22791898380592,XLV,ヘルスケア,defensive,Improving,3.0,0.0,2.0
2026-03-17,147.8072967529297,0.7629436662760072,0.7707050717516368,98.73845121037793,100.09864880662533,XLV,ヘルスケア,defensive,Improving,2.0,-1.0,0.0
2026-03-18,145.3379364013672,0.7602016697534079,0.7672039377522272,98.51409767187594,99.12613001765416,XLV,ヘルスケア,defensive,Lagging,1.0,-2.0,-1.0
2026-03-19,144.81442260742188,0.7580511036982491,0.7641529930675679,98.3405267267679,98.559295800898,XLV,ヘルスケア,defensive,Lagging,1.0,-2.0,-1.0
2026-03-20,143.5500946044922,0.762636475196741,0.7636474871106257,98.36589790700663,98.71173837248544,XLV,ヘルスケア,defensive,Lagging,1.0,-2.0,-2.0
2026-03-23,143.58482360839844,0.7547744826512499,0.7606898189575004,98.21431966883613,98.32124072879348,XLV,ヘルスケア,defensive,Lagging,1.0,-2.0,-2.0
2026-03-24,143.60464477539062,0.7539740107253305,0.7584512162134439,98.12673553296415,98.86110523238646,XLV,ヘルスケア,defensive,Lagging,1.0,-1.0,0.0
2026-03-25,145.04278564453125,0.7578523687700076,0.7582516003989652,98.18698672946613,99.64593468696935,XLV,ヘルスケア,defensive,Lagging,1.0,0.0,2.0
2026-03-26,144.546875,0.7622572800495414,0.7595868269491572,98.34626756876446,100.54725436315731,XLV,ヘルスケア,defensive,Improving,1.0,0.0,2.0
2026-03-27,142.087158203125,0.7597028748509447,0.7596255095830864,98.40401300025705,100.63098202586356,XLV,ヘルスケア,defensive,Improving,1.0,0.0,2.0
2026-03-30,142.64259338378906,0.7642541245674809,0.7611683812445513,98.56013767142186,101.42720097076423,XLV,ヘルスケア,defensive,Improving,1.0,0.0,2.0
2026-03-31,145.4097442626953,0.7634514068243917,0.7619293897711648,98.65323001265139,101.83642611261143,XLV,ヘルスケア,defensive,Improving,1.0,0.0,1.0
2026-04-01,146.52056884765625,0.766806502414165,0.7635550939854983,98.80340742409494,101.98089637870858,XLV,ヘルスケア,defensive,Improving,1.0,0.0,0.0
2026-04-02,145.6081085205078,0.7598605737184134,0.7623235872298034,98.7394608262283,101.38528163865165,XLV,ヘルスケア,defensive,Improving,1.0,0.0,0.0
2026-04-06,145.0824432373047,0.7538767698590202,0.7595079814395423,98.5552661668038,100.77688053813695,XLV,ヘルスケア,defensive,Improving,1.0,0.0,0.0
2026-04-07,145.37008666992188,0.757050133034422,0.7586886986378356,98.52814857739088,100.31908263821124,XLV,ヘルスケア,defensive,Improving,1.0,0.0,0.0
2026-04-08,148.4447021484375,0.755605954457688,0.7576611172444532,98.48343315879944,99.97847251166763,XLV,ヘルスケア,defensive,Lagging,1.0,0.0,0.0
2026-04-09,148.10748291015625,0.7534327185761863,0.7562516510216977,98.38653165811581,99.38647827681142,XLV,ヘルスケア,defensive,Lagging,1.0,0.0,0.0
2026-04-10,146.10401916503906,0.7486457629162107,0.7537163549865354,98.19726032232674,99.10156953689685,XLV,ヘルスケア,defensive,Lagging,1.0,0.0,0.0
2026-04-13,146.7586212158203,0.7437549118855199,0.7503958739528636,97.96132106640019,98.99719378697486,XLV,ヘルスケア,defensive,Lagging,1.0,0.0,0.0
2026-04-14,147.611572265625,0.7449677624296097,0.7485865034451124,97.8673103683721,98.86388071033348,XLV,ヘルスケア,defensive,Lagging,1.0,0.0,0.0
2026-04-15,146.56024169921875,0.7394026471384765,0.7455252180095671,97.69486353251283,98.59556944961417,XLV,ヘルスケア,defensive,Lagging,1.0,0.0,0.0
2026-04-16,145.4097442626953,0.7302710691494236,0.7404405017228526,97.39887282500916,98.17331005213723,XLV,ヘルスケア,defensive,Lagging,1.0,0.0,0.0
2026-04-17,147.58181762695312,0.7319859949788322,0.7376223328081792,97.3331778417541,98.47485034696622,XLV,ヘルスケア,defensive,Lagging,1.0,0.0,0.0
2026-04-20,146.21310424804688,0.7229199858829416,0.7327215504997667,97.1631736101073,98.63061851512836,XLV,ヘルスケア,defensive,Lagging,1.0,0.0,0.0
2026-04-21,144.72540283203125,0.7199803121214965,0.7284744710403434,97.07916065591398,98.66988588066296,XLV,ヘルスケア,defensive,Lagging,1.0,0.0,0.0
2026-04-22,145.18162536621094,0.7225710209516687,0.7265066543441185,97.1549066407288,99.24325530952152,XLV,ヘルスケア,defensive,Lagging,1.0,0.0,0.0
2026-04-23,145.04278564453125,0.7219157044882303,0.7249763377254892,97.24611830839352,100.11960258069,XLV,ヘルスケア,defensive,Improving,1.0,0.0,0.0
2026-04-24,142.9996337890625,0.713226041222801,0.7210595722245932,97.19556105845686,100.15130437643714,XLV,ヘルスケア,defensive,Improving,1.0,0.0,0.0
2026-04-27,142.28555297851562,0.7105085141462028,0.7175425528651298,97.1828954174865,100.50937371344891,XLV,ヘルスケア,defensive,Improving,1.0,0.0,0.0
2026-04-28,142.66241455078125,0.7160453718635903,0.7170434925312834,97.34141848447695,101.03496836996948,XLV,ヘルスケア,defensive,Improving,1.0,0.0,0.0
2026-04-29,141.6706085205078,0.7123090773993903,0.7154653541539857,97.4310456810542,101.03312240226303,XLV,ヘルスケア,defensive,Improving,1.0,0.0,0.0
2026-04-30,144.79483032226562,0.7171744761278261,0.7160350614785993,97.6158705167678,101.20719134250534,XLV,ヘルスケア,defensive,Improving,1.0,0.0,0.0
2026-05-01,143.9716339111328,0.7152770175878551,0.7157823801816846,97.73703367990598,101.54516210279962,XLV,ヘルスケア,defensive,Improving,1.0,0.0,0.0
2026-05-04,143.54513549804688,0.7173315260581459,0.716298762140505,97.87776176482573,101.82530654935552,XLV,ヘルスケア,defensive,Improving,1.0,0.0,0.0
2026-05-05,144.1104736328125,0.7144872505610335,0.7156949249473479,97.95432835639275,101.5873752525353,XLV,ヘルスケア,defensive,Improving,1.0,0.0,0.0
2026-05-06,144.2096405029297,0.7093596151548249,0.7135831550165069,97.95841247073497,101.34919959650807,XLV,ヘルスケア,defensive,Improving,1.0,0.0,0.0
2026-05-07,143.53521728515625,0.7105863245700343,0.7125842115343495,98.01073765294197,101.02106398646293,XLV,ヘルスケア,defensive,Improving,1.0,0.0,0.0
2026-05-08,142.31529235839844,0.7026137833143168,0.7092607354610053,97.96289881553251,100.62597455706295,XLV,ヘルスケア,defensive,Improving,1.0,0.0,0.0
2026-05-11,141.8689727783203,0.7007879707345399,0.7064364805521836,97.94508012127251,100.25711765000881,XLV,ヘルスケア,defensive,Improving,1.0,0.0,0.0
2026-05-12,144.65597534179688,0.7151860173741749,0.7093529928261807,98.1581182654821,100.53945354868449,XLV,ヘルスケア,defensive,Improving,1.0,0.0,0.0
2026-05-13,145.50892639160156,0.7225583552709494,0.7137547803077703,98.40923604909817,101.06204342463579,XLV,ヘルスケア,defensive,Improving,2.0,1.0,1.0
2026-05-14,145.42958068847656,0.7195403366204179,0.7156832990786529,98.544128518149,101.20768574240945,XLV,ヘルスケア,defensive,Improving,3.0,2.0,2.0
2026-05-15,143.91212463378906,0.7194508985636727,0.7169391655736596,98.64390314268991,101.48214761104822,XLV,ヘルスケア,defensive,Improving,2.0,1.0,1.0
2026-05-18,144.5270233154297,0.7181071167845996,0.717328482643973,98.70423806098933,101.59597179089754,XLV,ヘルスケア,defensive,Improving,3.0,2.0,2.0
2026-05-19,146.1139373779297,0.730240924705758,0.7216326299979013,98.91448939443184,101.55255180571051,XLV,ヘルスケア,defensive,Improving,4.0,3.0,3.0
2026-05-20,145.92550659179688,0.7213918372836597,0.7215523657598208,98.94523399855805,101.08054276935195,XLV,ヘルスケア,defensive,Improving,4.0,2.0,1.0
2026-05-21,146.9371337890625,0.7232702361831902,0.7221249892342774,99.00073680160042,100.90045991004648,XLV,ヘルスケア,defensive,Improving,5.0,2.0,0.0
2026-05-22,148.6628875732422,0.7251408821903803,0.7231302868863116,99.0713572545713,100.8380037738957,XLV,ヘルスケア,defensive,Improving,6.0,4.0,3.0
2026-05-26,147.294189453125,0.7147970096783075,0.7203525278169769,98.98969978721412,100.53952018810175,XLV,ヘルスケア,defensive,Improving,7.0,4.0,2.0
2026-05-27,147.5718994140625,0.7166623724451328,0.7191224760263623,98.97146474526473,100.06435914060205,XLV,ヘルスケア,defensive,Improving,7.0,3.0,0.0
2026-05-28,149.64480590820312,0.7240770071088165,0.7207739863871804,99.06937287030964,100.20648975994973,XLV,ヘルスケア,defensive,Improving,7.0,3.0,1.0
2026-05-29,148.246337890625,0.7153181078233519,0.7189553601992376,99.02426362030968,100.00529943153411,XLV,ヘルスケア,defensive,Improving,9.0,4.0,2.0
2026-06-01,146.62966918945312,0.7062321880631857,0.7147143028205536,98.88122643535291,99.55935642858348,XLV,ヘルスケア,defensive,Lagging,9.0,3.0,-1.0
2026-06-02,145.2014617919922,0.6965897935007412,0.7086727997139495,98.66897707874605,99.29676812090003,XLV,ヘルスケア,defensive,Lagging,8.0,1.0,-3.0
2026-06-03,146.34205627441406,0.7047122099245468,0.7073526031174819,98.65502525881891,99.31917587000802,XLV,ヘルスケア,defensive,Lagging,9.0,2.0,-1.0
2026-06-04,150.8349609375,0.720904473622874,0.711869893285946,98.879587364378,99.59147742892668,XLV,ヘルスケア,defensive,Lagging,9.0,2.0,-1.0
2026-06-05,151.75735473632812,0.7357827836252326,0.7198408567323749,99.2437272000827,100.43759368275134,XLV,ヘルスケア,defensive,Improving,10.0,1.0,-3.0
2026-06-08,151.40028381347656,0.7348294409340721,0.724837051466274,99.48228492139748,101.20462554352628,XLV,ヘルスケア,defensive,Improving,10.0,1.0,-2.0
2026-06-09,153.30459594726562,0.7384521960474058,0.729375432993318,99.70532685361941,102.00818478277212,XLV,ヘルスケア,defensive,Improving,10.0,2.0,1.0
2026-06-10,151.5986785888672,0.7396400252195413,0.7327969637353925,99.88526388207627,102.2649483193851,XLV,ヘルスケア,defensive,Improving,10.0,1.0,-1.0
2026-06-11,152.82850646972656,0.7341934747050001,0.7332624673919284,99.93536414831146,101.86066832337568,XLV,ヘルスケア,defensive,Improving,10.0,1.0,-1.0
2026-06-12,152.55079650878906,0.7262804331921415,0.7309351226586661,99.85413836127042,101.01306837828801,XLV,ヘルスケア,defensive,Improving,10.0,0.0,-1.0
2026-06-15,151.63833618164062,0.7177649936220865,0.726545079646473,99.66743524250461,100.22109736807619,XLV,ヘルスケア,defensive,Improving,10.0,0.0,-1.0
2026-06-16,151.68792724609375,0.7204024505953545,0.7244975366294335,99.58999039171188,99.65903936602268,XLV,ヘルスケア,defensive,Lagging,9.0,-1.0,-3.0
2026-06-17,149.47618103027344,0.7207001747148193,0.7232317493245621,99.54937158408265,99.24062527887203,XLV,ヘルスケア,defensive,Lagging,8.0,-2.0,-3.0
2026-06-18,148.17689514160156,0.7111349956252137,0.719199498091446,99.36016625644483,98.78430779142857,XLV,ヘルスケア,defensive,Lagging,8.0,-2.0,-3.0
2026-06-22,149.48788452148438,0.7158523398061182,0.7180837786630034,99.32395773213847,98.86191466696738,XLV,ヘルスケア,defensive,Lagging,8.0,-2.0,-2.0
2026-06-23,151.59979248046875,0.7284678691602654,0.7215451421620909,99.53976524583838,99.59435703865242,XLV,ヘルスケア,defensive,Lagging,8.0,-2.0,-2.0
2026-06-24,152.76535034179688,0.7288696257255931,0.7239866366832584,99.70241101671078,100.03635458270581,XLV,ヘルスケア,defensive,Improving,8.0,-1.0,0.0
2026-06-25,155.03665161132812,0.7349205755630682,0.7276312829765283,99.93957848544733,100.56025623179045,XLV,ヘルスケア,defensive,Improving,8.0,0.0,2.0
2026-06-26,159.72869873046875,0.7623465900182074,0.7392030519904214,100.65914952534165,102.21290765400249,XLV,ヘルスケア,defensive,Leading,9.0,1.0,3.0
2026-06-29,160.12718200683594,0.7544195942576349,0.7442752327461593,101.00329958597538,102.7037181856399,XLV,ヘルスケア,defensive,Leading,10.0,2.0,4.0
2026-06-30,158.0550994873047,0.7456371623242246,0.7447292092721811,101.07533029227966,102.30998436067236,XLV,ヘルスケア,defensive,Leading,10.0,2.0,4.0
2026-07-01,158.93173217773438,0.7475242330408187,0.745660883861727,101.18431029415513,102.1176452041573,XLV,ヘルスケア,defensive,Leading,10.0,2.0,3.0
2026-07-02,163.11573791503906,0.7618485791853501,0.7510567823029348,101.59203300035483,102.27590196816904,XLV,ヘルスケア,defensive,Leading,11.0,3.0,3.0
2026-07-06,161.342529296875,0.7532512440095165,0.7517882695384621,101.69153541127869,101.27060349462992,XLV,ヘルスケア,defensive,Leading,11.0,2.0,1.0
2026-07-07,163.8130645751953,0.7657469108966611,0.7564411499911952,102.02967625271074,101.22452643794449,XLV,ヘルスケア,defensive,Leading,11.0,1.0,-1.0
2026-07-08,161.6812286376953,0.7647925679879549,0.7592249559901152,102.21907056149283,101.35644320057487,XLV,ヘルスケア,defensive,Leading,11.0,1.0,-1.0
2026-07-09,161.5517120361328,0.7595268221945376,0.759325578058256,102.21530243738144,101.14861467870382,XLV,ヘルスケア,defensive,Leading,11.0,1.0,-1.0
2026-07-10,160.22679138183594,0.7504856783666398,0.7563789448277173,102.01148018710691,100.21455322751187,XLV,ヘルスケア,defensive,Leading,11.0,0.0,-3.0
2026-07-13,160.79461669921875,0.7533914402733528,0.7553831099762626,101.93429252528466,99.92801136043055,XLV,ヘルスケア,defensive,Weakening,11.0,0.0,-2.0
2026-07-14,157.68650817871094,0.7415284559939376,0.7507648919821542,101.61569296297048,98.91336961721821,XLV,ヘルスケア,defensive,Weakening,10.0,-1.0,-2.0
2026-07-15,157.68650817871094,0.7431997160144738,0.7482431666595941,101.44380902000178,98.36780820719964,XLV,ヘルスケア,defensive,Weakening,10.0,-1.0,-2.0
2026-07-16,161.18313598632812,0.7522971192811311,0.7495944842001064,101.52262067370985,98.4862286855796,XLV,ヘルスケア,defensive,Weakening,10.0,-1.0,-2.0
2026-07-17,160.475830078125,0.7549283076293604,0.7513724253431912,101.60781252499338,98.89135899729774,XLV,ヘルスケア,defensive,Weakening,10.0,-1.0,-1.0
2026-07-20,158.64285278320312,0.7496430895209353,0.750795980069106,101.53072858308215,98.86021718749042,XLV,ヘルスケア,defensive,Weakening,10.0,-1.0,-1.0
2026-07-21,159.6390380859375,0.7531449716950748,0.7515789772777624,101.53372308668736,99.34160631929606,XLV,ヘルスケア,defensive,Weakening,10.0,0.0,1.0
2026-07-22,158.82215881347656,0.7495024412584012,0.750886798604642,101.4405408918925,99.43603190320239,XLV,ヘルスケア,defensive,Weakening,10.0,0.0,1.0
2026-07-23,160.8245086669922,0.7617452341935151,0.7545062771342665,101.60817767081865,99.56133320305612,XLV,ヘルスケア,defensive,Weakening,10.0,0.0,1.0
2026-07-24,161.9501953125,0.7611507311905502,0.7567210951530279,101.67588923745353,99.52362343065028,XLV,ヘルスケア,defensive,Weakening,10.0,0.0,1.0
2026-07-27,162.7770233154297,0.7593127023020843,0.7575849642027134,101.65805993588155,99.61619835086347,XLV,ヘルスケア,defensive,Weakening,10.0,0.0,1.0
2026-07-28,166.622314453125,0.7682881397133139,0.7611526893729136,101.78923691110433,99.82985744887645,XLV,ヘルスケア,defensive,Weakening,10.0,0.0,0.0
2026-07-29,165.606201171875,0.7705405734485328,0.7642819840647866,101.88116578330089,100.14419464997489,XLV,ヘルスケア,defensive,Leading,11.0,1.0,1.0
2026-07-30,162.89657592773438,0.7591647274368801,0.7625762318554845,101.7104612107215,99.56608266814654,XLV,ヘルスケア,defensive,Weakening,11.0,1.0,1.0
2026-07-31,161.93026733398438,0.7559600191649513,0.7603708276253067,101.5277294339054,99.15394806928055,XLV,ヘルスケア,defensive,Weakening,10.0,0.0,0.0
2026-08-03,161.6214599609375,0.7472202404799299,0.7559872985768478,101.24313131579802,98.7388235878133,XLV,ヘルスケア,defensive,Weakening,10.0,0.0,0.0
2026-08-04,161.48199462890625,0.7359987448312438,0.7493244473283132,100.84909416641547,97.96117087382352,XLV,ヘルスケア,defensive,Weakening,10.0,0.0,0.0
2026-08-05,163.5341339111328,0.7470479840862082,0.7485656262476116,100.78114556716132,97.82830106615444,XLV,ヘルスケア,defensive,Weakening,10.0,-1.0,-2.0
2026-08-06,163.82302856445312,0.7523050246461163,0.7498120923804465,100.8226653678101,98.24221700079453,XLV,ヘルスケア,defensive,Weakening,10.0,-1.0,-2.0
2026-08-07,165.04832458496094,0.7527318052120691,0.7507853299909875,100.84889672676445,98.61169967775136,XLV,ヘルスケア,defensive,Weakening,10.0,0.0,0.0
2026-08-10,167.79782104492188,0.7648195995490423,0.7554634198436725,101.07861043011023,99.40146231368247,XLV,ヘルスケア,defensive,Weakening,10.0,0.0,0.0
2026-08-11,167.36944580078125,0.761242383827804,0.7573897411717163,101.15633346445468,100.1078598593486,XLV,ヘルスケア,defensive,Leading,11.0,1.0,1.0
2026-08-12,167.79782104492188,0.7618444498020013,0.758874644048478,101.20708610681142,100.28160534797134,XLV,ヘルスケア,defensive,Leading,11.0,1.0,2.0
2026-08-13,167.73805236816406,0.7559313194613541,0.7578935358527701,101.11666389146882,100.08631180345967,XLV,ヘルスケア,defensive,Leading,11.0,1.0,2.0
2026-08-14,166.7318878173828,0.7512619818751483,0.7556830178602295,100.95850222039859,99.81773319445203,XLV,ヘルスケア,defensive,Weakening,11.0,1.0,1.0
2026-08-17,166.41311645507812,0.756549978651459,0.7559720047906394,100.94555962567873,99.46948677988173,XLV,ヘルスケア,defensive,Weakening,11.0,1.0,1.0
2026-08-18,169.0828857421875,0.7721846676164782,0.7613762257325857,101.22484759578107,99.79030806916774,XLV,ヘルスケア,defensive,Weakening,11.0,0.0,-1.0
2026-08-19,175.0102081298828,0.7910481618210482,0.7712668710954066,101.73502047430968,100.49717953447666,XLV,ヘルスケア,defensive,Leading,11.0,0.0,-1.0
2026-08-20,171.73275756835938,0.7825417348991198,0.7750251590299777,101.86899055300177,100.8318874423037,XLV,ヘルスケア,defensive,Leading,11.0,0.0,-1.0
2026-08-21,173.95425415039062,0.7876941007441394,0.779248139601365,102.01035527472284,101.25848852772828,XLV,ヘルスケア,defensive,Leading,11.0,0.0,-1.0
2026-08-24,174.03395080566406,0.7871317176879375,0.781875998963556,102.0517672341943,101.30650289703854,XLV,ヘルスケア,defensive,Leading,11.0,0.0,-1.0
2026-08-25,174.62168884277344,0.7903597578119286,0.7847039185796802,102.0993670586169,100.9417575905654,XLV,ヘルスケア,defensive,Leading,11.0,0.0,0.0
2026-08-26,172.87835693359375,0.7812714781016198,0.7835597717536602,101.95208671283481,99.96888990062641,XLV,ヘルスケア,defensive,Weakening,11.0,0.0,0.0
2026-08-27,170.92584228515625,0.7747498598930449,0.7806231344667885,101.7309227852999,99.45247997244795,XLV,ヘルスケア,defensive,Weakening,11.0,0.0,0.0
2026-08-28,170.5074462890625,0.775514875205922,0.7789203813798331,101.58830338230501,99.05130945219501,XLV,ヘルスケア,defensive,Weakening,11.0,0.0,0.0
2026-08-31,169.88980102539062,0.7772843513578062,0.7783750380391574,101.51648153498601,98.90143380730953,XLV,ヘルスケア,defensive,Weakening,10.0,-1.0,-1.0
2026-09-01,171.0155029296875,0.7889073341810159,0.781885803419777,101.66059065386139,99.04655285087406,XLV,ヘルスケア,defensive,Weakening,10.0,-1.0,-1.0
2026-09-02,172.29061889648438,0.7911173359715032,0.7849629809370191,101.78593881208764,99.43660422118462,XLV,ヘルスケア,defensive,Weakening,10.0,-1.0,-1.0
2026-09-03,172.59942626953125,0.7873129827535529,0.7857463148758638,101.78455822420719,99.74943859720162,XLV,ヘルスケア,defensive,Weakening,10.0,-1.0,-1.0
2026-09-04,170.7963409423828,0.782823550442154,0.7847720600646273,101.6807211694227,99.80886523860256,XLV,ヘルスケア,defensive,Weakening,10.0,-1.0,-1.0
2026-09-08,166.49281311035156,0.7710914851609414,0.7802118684300654,101.3928486626532,99.51105203707704,XLV,ヘルスケア,defensive,Weakening,10.0,0.0,1.0
2026-09-09,165.9449005126953,0.7760374666163454,0.7788204011588256,101.2773368116605,99.16085085772355,XLV,ヘルスケア,defensive,Weakening,10.0,0.0,1.0
2026-09-10,165.02841186523438,0.7770734456522177,0.778238082656623,101.206921350746,98.90589248592293,XLV,ヘルスケア,defensive,Weakening,9.0,-1.0,0.0
2026-09-11,164.72955322265625,0.7695293707990991,0.7753351787041151,101.0172568362152,98.67051737405906,XLV,ヘルスケア,defensive,Weakening,9.0,-1.0,0.0
2026-09-14,167.11044311523438,0.7801433040279023,0.7769378871453775,101.0721593541933,98.93928390481965,XLV,ヘルスケア,defensive,Weakening,8.0,-2.0,-1.0
2026-09-15,167.0207977294922,0.783551206865894,0.7791423270522163,101.16218473593948,99.50563872578947,XLV,ヘルスケア,defensive,Weakening,8.0,-2.0,-2.0
2026-09-16,167.13037109375,0.7902704517779839,0.7828517019608057,101.33657275246262,99.9269968239556,XLV,ヘルスケア,defensive,Weakening,9.0,-1.0,-1.0
2026-09-17,168.16639709472656,0.7913296865427857,0.7856776968214658,101.46473209956172,100.2054910045108,XLV,ヘルスケア,defensive,Leading,9.0,0.0,1.0
2026-09-18,167.7480010986328,0.7931535259531088,0.7881696398653468,101.58621612536118,100.6405859927139,XLV,ヘルスケア,defensive,Leading,9.0,0.0,1.0
2026-09-21,169.00999450683594,0.7946680474288065,0.7903357757198335,101.69943450442966,100.70255751546344,XLV,ヘルスケア,defensive,Leading,9.0,1.0,3.0
2026-09-22,169.88999938964844,0.7983552488405149,0.7930089334267274,101.83814049908199,100.75355226111122,XLV,ヘルスケア,defensive,Leading,9.0,1.0,3.0
2026-09-23,168.8000030517578,0.7988263925134521,0.7949480864556356,101.9289348035456,100.61643856547501,XLV,ヘルスケア,defensive,Leading,9.0,0.0,1.0
2026-09-24,169.8699951171875,0.8079044970757132,0.7992668899956615,102.14948702881546,100.74330832188298,XLV,ヘルスケア,defensive,Leading,9.0,0.0,0.0
2026-09-25,170.6999969482422,0.8085831862759801,0.8023723220891011,102.24256681042455,100.72979176633865,XLV,ヘルスケア,defensive,Leading,9.0,0.0,0.0
2026-09-28,170.6999969482422,0.8085831862759801,0.8044426101513942,102.25214872274071,100.62612509628264,XLV,ヘルスケア,defensive,Leading,10.0,1.0,0.0
2024-09-30,41.30893325805664,0.23820605094005795,0.23820605094005795,,,XLE,エネルギー,rate_sensitive,,,,
2024-10-01,42.24991226196289,0.24493088411612007,0.24044766199874534,,,XLE,エネルギー,rate_sensitive,,,,
2024-10-02,42.68275833129883,0.24770427502510686,0.24286653300753253,,,XLE,エネルギー,rate_sensitive,,,,
2024-10-03,43.43553924560547,0.25326806733537727,0.24633371111681412,,,XLE,エネルギー,rate_sensitive,,,,
2024-10-04,43.84016418457031,0.2536375255592129,0.24876831593094706,,,XLE,エネルギー,rate_sensitive,,,,
2024-10-07,43.99542236328125,0.25653268699039394,0.2513564396174294,,,XLE,エネルギー,rate_sensitive,,,,
2024-10-08,42.84743118286133,0.2492479863903045,0.2506536218750544,,,XLE,エネルギー,rate_sensitive,,,,
2024-10-09,43.106197357177734,0.24904246739844693,0.25011657038285195,,,XLE,エネルギー,rate_sensitive,,,,
2024-10-10,43.39789962768555,0.2516707630687408,0.2506346346114816,,,XLE,エネルギー,rate_sensitive,,,,
2024-10-11,43.66608428955078,0.25076270685926183,0.2506773253607417,,,XLE,エネルギー,rate_sensitive,,,,
2024-10-14,43.647254943847656,0.24882880334343535,0.250061151354973,,,XLE,エネルギー,rate_sensitive,,,,
2024-10-15,42.24049758911133,0.2419036048118686,0.2473419691739382,,,XLE,エネルギー,rate_sensitive,,,,
2024-10-16,42.44281005859375,0.24142950313572653,0.24537114716120098,,,XLE,エネルギー,rate_sensitive,,,,
2024-10-17,42.64512252807617,0.24296825901468863,0.24457018444569686,,,XLE,エネルギー,rate_sensitive,,,,
2024-10-18,42.50397491455078,0.2414451183852649,0.24352849575888622,,,XLE,エネルギー,rate_sensitive,,,,
2024-10-21,42.3769416809082,0.242792667722679,0.24328321974681716,,,XLE,エネルギー,rate_sensitive,,,,
2024-10-22,42.47574234008789,0.24445684672132315,0.24367442873831915,,,XLE,エネルギー,rate_sensitive,,,,
2024-10-23,42.25460433959961,0.24398607149594193,0.24377830965752675,,,XLE,エネルギー,rate_sensitive,,,,
2024-10-24,42.24991226196289,0.24390441615741856,0.2438203451574907,,,XLE,エネルギー,rate_sensitive,,,,
2024-10-25,42.235801696777344,0.24498658531264103,0.24420909187587414,,,XLE,エネルギー,rate_sensitive,,,,
2024-10-28,41.96760940551758,0.2420583107231529,0.24349216482496708,,,XLE,エネルギー,rate_sensitive,,,,
2024-10-29,41.32775115966797,0.2390885426022883,0.24202429075074083,,,XLE,エネルギー,rate_sensitive,,,,
2024-10-30,41.421844482421875,0.24015739532987623,0.24140199227711934,,,XLE,エネルギー,rate_sensitive,,,,
2024-10-31,41.68061828613281,0.24426226488386285,0.2423554164793672,,,XLE,エネルギー,rate_sensitive,,,,
2024-11-01,41.417144775390625,0.2425668431611436,0.24242589203995935,,,XLE,エネルギー,rate_sensitive,,,,
2024-11-04,42.14169692993164,0.24651684720301653,0.24378954376097844,,,XLE,エネルギー,rate_sensitive,,,,
2024-11-05,42.42399215698242,0.245306913911819,0.24429533381125862,,,XLE,エネルギー,rate_sensitive,,,,
2024-11-06,44.01894760131836,0.24864274662282246,0.24574447141511324,,,XLE,エネルギー,rate_sensitive,,,,
2024-11-07,43.81663513183594,0.2472566475312368,0.24624853012048778,,,XLE,エネルギー,rate_sensitive,,,,
2024-11-08,44.10833740234375,0.24752367915711843,0.24667357979936466,,,XLE,エネルギー,rate_sensitive,,,,
2024-11-11,44.357704162597656,0.24768526723181902,0.24701080894351612,,,XLE,エネルギー,rate_sensitive,,,,
2024-11-12,44.12245559692383,0.24826370077949195,0.24742843955550808,,,XLE,エネルギー,rate_sensitive,,,,
2024-11-13,44.465919494628906,0.25006006689392546,0.2483056486683139,,,XLE,エネルギー,rate_sensitive,,,,
2024-11-14,44.63528823852539,0.2530372804665296,0.24988285926771917,,,XLE,エネルギー,rate_sensitive,,,,
2024-11-15,44.569419860839844,0.2544791496049821,0.25141495604680686,,,XLE,エネルギー,rate_sensitive,,,,
2024-11-18,45.162235260009766,0.2568278318115878,0.2532192479684005,,,XLE,エネルギー,rate_sensitive,,,,
2024-11-19,44.875240325927734,0.2558859461200562,0.25410814735228576,,,XLE,エネルギー,rate_sensitive,,,,
2024-11-20,45.326908111572266,0.2575941223455432,0.2552701390167049,,,XLE,エネルギー,rate_sensitive,,,,
2024-11-21,45.69388961791992,0.256449221963074,0.2556631666654946,,,XLE,エネルギー,rate_sensitive,,,,
2024-11-22,45.76445770263672,0.25483789069486634,0.2553880746752852,,,XLE,エネルギー,rate_sensitive,,,,
2024-11-25,44.86112594604492,0.24756597464839541,0.25278070799965524,,,XLE,エネルギー,rate_sensitive,,,,
2024-11-26,44.79996109008789,0.2472020213578096,0.25092114578570673,,,XLE,エネルギー,rate_sensitive,,,,
2024-11-27,44.75291061401367,0.2471800710072616,0.24967412085955837,,,XLE,エネルギー,rate_sensitive,,,,
2024-11-29,44.94580841064453,0.24749130481725098,0.2489465155121226,,,XLE,エネルギー,rate_sensitive,,,,
2024-12-02,44.470611572265625,0.2454896191348118,0.24779421671968566,,,XLE,エネルギー,rate_sensitive,,,,
2024-12-03,44.465919494628906,0.24655718134160912,0.24738187159366015,,,XLE,エネルギー,rate_sensitive,,,,
2024-12-04,43.3931999206543,0.24059619840279178,0.2451199805300374,,,XLE,エネルギー,rate_sensitive,,,,
2024-12-05,43.56257247924805,0.24274690631090637,0.24432895579032707,,,XLE,エネルギー,rate_sensitive,,,,
2024-12-06,42.82390213012695,0.2389013316639935,0.24251974774821589,,,XLE,エネルギー,rate_sensitive,,,,
2024-12-09,42.75333023071289,0.23949046134878627,0.2415099856150727,,,XLE,エネルギー,rate_sensitive,,,,
2024-12-10,42.461631774902344,0.2393227721433715,0.240780914457839,,,XLE,エネルギー,rate_sensitive,,,,
2024-12-11,42.532203674316406,0.23949845035193262,0.24035342642253688,,,XLE,エネルギー,rate_sensitive,,,,
2024-12-12,42.188743591308594,0.23843512074777148,0.2397139911976151,,,XLE,エネルギー,rate_sensitive,,,,
2024-12-13,41.977027893066406,0.23807210512879315,0.23916669584134115,,,XLE,エネルギー,rate_sensitive,,,,
2024-12-16,41.054866790771484,0.23361159186186817,0.23731499451485016,,,XLE,エネルギー,rate_sensitive,,,,
2024-12-17,40.74905014038086,0.23371211836124517,0.23611403579698184,,,XLE,エネルギー,rate_sensitive,,,,
2024-12-18,39.54459762573242,0.23371986260317704,0.23531597806571358,,,XLE,エネルギー,rate_sensitive,,,,
2024-12-19,39.20113754272461,0.23246123166499483,0.2343643959321407,,,XLE,エネルギー,rate_sensitive,,,,
2024-12-20,39.58694076538086,0.23150668851002595,0.2334118267914358,,,XLE,エネルギー,rate_sensitive,,,,
2024-12-23,39.81941604614258,0.23254917800144095,0.23312427719477086,,,XLE,エネルギー,rate_sensitive,,,,
2024-12-24,40.15626525878906,0.23276029505412862,0.2330029498145568,,,XLE,エネルギー,rate_sensitive,,,,
2024-12-26,40.12306213378906,0.23218872178651906,0.23273154047187755,,,XLE,エネルギー,rate_sensitive,,,,
2024-12-27,40.118309020996094,0.233751093766142,0.2330713915699657,98.05762040945234,,XLE,エネルギー,rate_sensitive,,1.0,,
2024-12-30,40.113563537597656,0.23610196288623794,0.23408158200872314,98.26474934842666,,XLE,エネルギー,rate_sensitive,,2.0,,
2024-12-31,40.640193939208984,0.2387647958613319,0.23564265329292608,98.55403698006262,,XLE,エネルギー,rate_sensitive,,4.0,,
2025-01-02,41.11463165283203,0.24225724295605627,0.23784751651396951,98.93448568771475,,XLE,エネルギー,rate_sensitive,,4.0,,
2025-01-03,41.49892044067383,0.2423026695429311,0.2393325675236234,99.19517511716342,,XLE,エネルギー,rate_sensitive,,4.0,,
2025-01-06,41.30914306640625,0.24135886658413455,0.2400080005437938,99.32545266075574,,XLE,エネルギー,rate_sensitive,,5.0,4.0,
2025-01-07,41.72190856933594,0.24458958257932092,0.24153519455563616,99.59142840383728,,XLE,エネルギー,rate_sensitive,,6.0,4.0,
2025-01-08,41.76460647583008,0.24454739725062952,0.24253926212063395,99.77274610768178,,XLE,エネルギー,rate_sensitive,,7.0,3.0,
2025-01-10,41.93540573120117,0.24918996540890484,0.24475616321672425,100.1499199188974,,XLE,エネルギー,rate_sensitive,,7.0,3.0,
2025-01-13,42.81785583496094,0.25236524602164984,0.24729252415169947,100.58068747108804,,XLE,エネルギー,rate_sensitive,,7.0,3.0,
2025-01-14,43.278053283691406,0.2530350605700668,0.24920670295782194,100.90580685771633,,XLE,エネルギー,rate_sensitive,,11.0,6.0,2.0
2025-01-15,43.91854476928711,0.2543386980843869,0.2509173680000103,101.18547402721902,,XLE,エネルギー,rate_sensitive,,11.0,5.0,1.0
2025-01-16,44.23640823364258,0.25417777696726734,0.252004170989096,101.33760538252037,,XLE,エネルギー,rate_sensitive,,11.0,4.0,1.0
2025-01-17,44.57801055908203,0.2549028273137348,0.2529703897639756,101.45145666480782,,XLE,エネルギー,rate_sensitive,,11.0,4.0,1.0
2025-01-21,44.35028076171875,0.250690521484309,0.2522104336707534,101.29130849366999,,XLE,エネルギー,rate_sensitive,,10.0,3.0,0.0
2025-01-22,43.543739318847656,0.24699945366712955,0.25047344033621216,100.98928039962198,,XLE,エネルギー,rate_sensitive,,9.0,-2.0,-8.0
2025-01-23,43.74300003051758,0.24695952633935733,0.2493021356705939,100.78535766014619,,XLE,エネルギー,rate_sensitive,,9.0,-2.0,-7.0
2025-01-24,43.32075119018555,0.24479043979818513,0.24779823704645765,100.53750210541749,,XLE,エネルギー,rate_sensitive,,6.0,-5.0,-9.0
2025-01-27,42.87003707885742,0.24208414199494796,0.24589353869595443,100.23351514243825,,XLE,エネルギー,rate_sensitive,,7.0,-4.0,-8.0
2025-01-28,42.4620246887207,0.24096971217329508,0.24425226318840132,99.97520276232146,,XLE,エネルギー,rate_sensitive,,6.0,-4.0,-7.0
2025-01-29,42.55691146850586,0.24230964945066535,0.24360472527582266,99.87522655087247,,XLE,エネルギー,rate_sensitive,,6.0,-3.0,-1.0
2025-01-30,42.7751579284668,0.24098001043241932,0.24272982032802157,99.74010798778627,,XLE,エネルギー,rate_sensitive,,6.0,-3.0,-1.0
2025-01-31,41.57957458496094,0.23618318418032497,0.2405476082787894,99.40299240455283,,XLE,エネルギー,rate_sensitive,,5.0,-1.0,4.0
2025-02-03,41.840511322021484,0.23897072184405382,0.2400219794672109,99.32555703481047,,XLE,エネルギー,rate_sensitive,,4.0,-3.0,1.0
2025-02-04,42.718223571777344,0.24368631872807367,0.24124342588749853,99.5194730643899,,XLE,エネルギー,rate_sensitive,,4.0,-2.0,2.0
2025-02-05,42.8083610534668,0.24301551719418554,0.24183412298972756,99.61322128837287,,XLE,エネルギー,rate_sensitive,,4.0,-2.0,1.0
2025-02-06,42.02080535888672,0.23886083212155565,0.24084302603367028,99.46729287942063,,XLE,エネルギー,rate_sensitive,,2.0,-4.0,-1.0
2025-02-07,42.016056060791016,0.24001329172793248,0.2405664479317577,99.43498083177175,,XLE,エネルギー,rate_sensitive,,1.0,-4.0,-3.0
2025-02-10,42.94120407104492,0.24460591750640917,0.24191293778997486,99.65337247717918,,XLE,エネルギー,rate_sensitive,,1.0,-3.0,0.0
2025-02-11,43.28754425048828,0.24655149427860662,0.24345912328618546,99.89977493860452,,XLE,エネルギー,rate_sensitive,,2.0,-2.0,0.0
2025-02-12,42.24378967285156,0.24201248539374326,0.24297691065537141,99.83390756928422,,XLE,エネルギー,rate_sensitive,,1.0,-3.0,-1.0
2025-02-13,42.5616569519043,0.2417350044900862,0.24256294193360967,99.7803003184867,,XLE,エネルギー,rate_sensitive,,1.0,-1.0,3.0
2025-02-14,42.73245620727539,0.24294630822819954,0.24269073069847297,99.81146883285155,,XLE,エネルギー,rate_sensitive,,1.0,0.0,4.0
2025-02-18,43.316009521484375,0.24438804416164525,0.24325650185286374,99.91176374607328,,XLE,エネルギー,rate_sensitive,,2.0,1.0,4.0
2025-02-19,43.6576042175293,0.2458168783540364,0.24410996068658797,100.0600082497014,,XLE,エネルギー,rate_sensitive,,4.0,2.0,4.0
2025-02-20,44.05613708496094,0.24868646163803043,0.24563546100373548,100.31839111411354,,XLE,エネルギー,rate_sensitive,,5.0,4.0,7.0
2025-02-21,43.140472412109375,0.2469846037672819,0.24608517525825097,100.41553252810516,,XLE,エネルギー,rate_sensitive,,4.0,3.0,4.0
2025-02-24,43.14995574951172,0.2468330139550587,0.24633445482385355,100.48698622794993,,XLE,エネルギー,rate_sensitive,,5.0,4.0,4.0
2025-02-25,42.5284538269043,0.24303471815235542,0.24523454260002084,100.3415768109169,,XLE,エネルギー,rate_sensitive,,5.0,3.0,2.0
2025-02-26,42.28648376464844,0.24216274814632735,0.24421061111545633,100.20494223665959,,XLE,エネルギー,rate_sensitive,,5.0,1.0,-1.0
2025-02-27,42.514217376708984,0.24561191594469656,0.24467771272520308,100.3314552587633,,XLE,エネルギー,rate_sensitive,,5.0,0.0,-4.0
2025-02-28,43.173675537109375,0.2466808852065488,0.2453454368856517,100.48985353023086,,XLE,エネルギー,rate_sensitive,,5.0,1.0,-2.0
2025-03-03,41.66497039794922,0.2406246844095822,0.24377185272696186,100.2161897492451,,XLE,エネルギー,rate_sensitive,,5.0,0.0,-4.0
2025-03-04,41.26169967651367,0.24220885826627073,0.24325085457339818,100.13692499826618,,XLE,エネルギー,rate_sensitive,,5.0,0.0,-3.0
2025-03-05,40.6591682434082,0.23647415449044457,0.24099195454574698,99.71301476473764,,XLE,エネルギー,rate_sensitive,,4.0,-1.0,-2.0
2025-03-06,40.78251647949219,0.2398473396979782,0.24061041626315738,99.65671431298406,,XLE,エネルギー,rate_sensitive,,4.0,-1.0,-1.0
2025-03-07,41.479942321777344,0.24168471014063686,0.24096851422231721,99.7472540193225,,XLE,エネルギー,rate_sensitive,,4.0,-1.0,-2.0
2025-03-10,41.788326263427734,0.24696183013500192,0.24296628619321212,100.15999794092262,,XLE,エネルギー,rate_sensitive,,4.0,-1.0,-1.0
2025-03-11,41.45621871948242,0.24830605785953236,0.24474621008198555,100.52044539958715,,XLE,エネルギー,rate_sensitive,,6.0,1.0,1.0
2025-03-12,41.645992279052734,0.25062382501935476,0.24670541506110863,100.89930182779743,,XLE,エネルギー,rate_sensitive,,6.0,2.0,3.0
2025-03-13,41.361331939697266,0.25132008452323745,0.24824363821515158,101.17509401247325,,XLE,エネルギー,rate_sensitive,,6.0,2.0,3.0
2025-03-14,42.58538055419922,0.25391698754950626,0.2501347546599365,101.49614815360734,,XLE,エネルギー,rate_sensitive,,6.0,2.0,3.0
2025-03-17,43.26382827758789,0.25452749040249595,0.2515989999074563,101.70855182128311,,XLE,エネルギー,rate_sensitive,,8.0,4.0,5.0
2025-03-18,43.33498764038086,0.25627885052870114,0.25315895011453793,101.91196687987023,,XLE,エネルギー,rate_sensitive,,10.0,4.0,3.0
2025-03-19,44.041900634765625,0.25854359320532677,0.2549538311448009,102.12524831710215,,XLE,エネルギー,rate_sensitive,,10.0,4.0,2.0
2025-03-20,44.203208923339844,0.26057517381638673,0.25682761203532956,102.31940208099697,,XLE,エネルギー,rate_sensitive,,11.0,5.0,3.0
2025-03-21,43.89482116699219,0.25994803372512565,0.25786775259859496,102.35777059099884,,XLE,エネルギー,rate_sensitive,,11.0,5.0,3.0
2025-03-24,44.39495086669922,0.25889788444384965,0.25821112988034656,102.28935681286097,,XLE,エネルギー,rate_sensitive,,11.0,3.0,-1.0
2025-03-25,44.57664489746094,0.2605804051384748,0.2590008882997227,102.29875416023815,,XLE,エネルギー,rate_sensitive,,11.0,1.0,-3.0
2025-03-26,44.83961868286133,0.26261210644613014,0.2602046276818585,102.37041892208521,,XLE,エネルギー,rate_sensitive,,11.0,1.0,-3.0
2025-03-27,44.404518127441406,0.2607345684642552,0.26038127460932403,102.2929288514043,,XLE,エネルギー,rate_sensitive,,11.0,0.0,-5.0
2025-03-28,44.19413375854492,0.2635623789991423,0.26144164273926346,102.34668395501569,,XLE,エネルギー,rate_sensitive,,11.0,0.0,-5.0
2025-03-31,44.68183135986328,0.26427120945246096,0.26238483164366266,102.38060505165056,,XLE,エネルギー,rate_sensitive,,11.0,0.0,-3.0
2025-04-01,44.9448127746582,0.2655507013307542,0.26344012153935986,102.42231153593505,,XLE,エネルギー,rate_sensitive,,11.0,0.0,-1.0
2025-04-02,45.0069694519043,0.26371284523959065,0.2635310294394368,102.32668210458044,,XLE,エネルギー,rate_sensitive,,11.0,0.0,-1.0
2025-04-03,41.473541259765625,0.2551647435345594,0.2607422674711444,101.85926024875796,,XLE,エネルギー,rate_sensitive,,9.0,-2.0,-2.0
2025-04-04,37.658016204833984,0.24547208769199982,0.25565220754476287,101.10098790774248,,XLE,エネルギー,rate_sensitive,,7.0,-4.0,-4.0
2025-04-07,37.41416549682617,0.24593229610753972,0.2524122370656885,100.61271391524416,97.68000301572437,XLE,エネルギー,rate_sensitive,Weakening,6.0,-5.0,-5.0
2025-04-08,36.548736572265625,0.24486217942099348,0.2498955511841235,100.22831982625722,97.38075730433764,XLE,エネルギー,rate_sensitive,Weakening,6.0,-5.0,-5.0
2025-04-09,39.37930679321289,0.24428971074512765,0.24802693770445822,99.93928497613398,97.3614611014882,XLE,エネルギー,rate_sensitive,Lagging,5.0,-6.0,-6.0
2025-04-10,36.80693435668945,0.23628641486401464,0.24411343009097705,99.35636297010407,97.42537179795656,XLE,エネルギー,rate_sensitive,Lagging,3.0,-6.0,-4.0
2025-04-11,37.72016906738281,0.2385322065842222,0.2422530222553921,99.09093127093837,98.01492142056088,XLE,エネルギー,rate_sensitive,Lagging,2.0,-5.0,-1.0
2025-04-14,37.85404586791992,0.23635904106628983,0.2402883618590247,98.83092333941975,98.30328400526372,XLE,エネルギー,rate_sensitive,Lagging,1.0,-5.0,0.0
2025-04-15,37.79667282104492,0.23676551862701692,0.23911408078168878,98.7013235603512,98.59257539985715,XLE,エネルギー,rate_sensitive,Lagging,1.0,-5.0,0.0
2025-04-16,38.107460021972656,0.2418171376694209,0.24001509974426616,98.86630272398246,99.06161614925276,XLE,エネルギー,rate_sensitive,Lagging,1.0,-4.0,2.0
2025-04-17,38.96810531616211,0.2454542007590797,0.2418281334158707,99.1501525166912,99.94428894738512,XLE,エネルギー,rate_sensitive,Lagging,3.0,0.0,6.0
2025-04-21,37.949676513671875,0.24394337142025385,0.2425332127506651,99.27365877289711,100.36155191307243,XLE,エネルギー,rate_sensitive,Improving,4.0,2.0,7.0
2025-04-22,38.91550827026367,0.24413233343451402,0.24306625297861476,99.36977984608835,100.73227695425688,XLE,エネルギー,rate_sensitive,Improving,4.0,3.0,8.0
2025-04-23,38.84379196166992,0.24134760795201313,0.2424933713030809,99.3081732086935,100.7901719816939,XLE,エネルギー,rate_sensitive,Improving,4.0,3.0,8.0
2025-04-24,39.465362548828125,0.24112978877292965,0.2420388437930305,99.2630013949502,100.56040098859171,XLE,エネルギー,rate_sensitive,Improving,4.0,3.0,7.0
2025-04-25,39.393646240234375,0.2410366181739994,0.24170476858668682,99.23321500071913,100.22565127733084,XLE,エネルギー,rate_sensitive,Improving,1.0,-2.0,-2.0
2025-04-28,39.67096710205078,0.24205405845250097,0.24182119854195822,99.26175256303823,100.10954124891344,XLE,エネルギー,rate_sensitive,Improving,1.0,-3.0,-5.0
2025-04-29,39.556217193603516,0.23995349040845543,0.24119862916412396,99.18492565492188,99.91031859316611,XLE,エネルギー,rate_sensitive,Lagging,1.0,-3.0,-6.0
2025-04-30,38.48997116088867,0.23315422285830906,0.238517160395519,98.83395640287131,99.5922747382409,XLE,エネルギー,rate_sensitive,Lagging,1.0,-3.0,-6.0
2025-05-01,38.6334114074707,0.2343417621101094,0.23712536096704917,98.6702321722616,99.45578884344953,XLE,エネルギー,rate_sensitive,Lagging,1.0,-3.0,-6.0
2025-05-02,39.19761657714844,0.23364204200664457,0.2359642546469143,98.53907530240208,99.33579866439115,XLE,エネルギー,rate_sensitive,Lagging,1.0,0.0,2.0
2025-05-05,38.48997116088867,0.23018738369051386,0.23403863099478084,98.32091486739716,99.07210458352691,XLE,エネルギー,rate_sensitive,Lagging,1.0,0.0,3.0
2025-05-06,38.49953079223633,0.23196409588295155,0.23334711929083776,98.28149558194288,99.12420491986542,XLE,エネルギー,rate_sensitive,Lagging,1.0,0.0,3.0
2025-05-07,38.513877868652344,0.2305322074357901,0.2324088153391552,98.22143050157821,99.44187262990701,XLE,エネルギー,rate_sensitive,Lagging,2.0,1.0,4.0
2025-05-08,39.02070236206055,0.23161737034667057,0.23214500034166036,98.24415581466363,99.64326185211547,XLE,エネルギー,rate_sensitive,Lagging,3.0,2.0,5.0
2025-05-09,39.41276931762695,0.233998776807502,0.23276292583027425,98.3661512885813,99.91608667781122,XLE,エネルギー,rate_sensitive,Lagging,3.0,2.0,2.0
2025-05-12,40.44076919555664,0.23369674288004863,0.23307419818019903,98.44913273475238,100.24020289862062,XLE,エネルギー,rate_sensitive,Improving,3.0,2.0,2.0
2025-05-13,41.00975036621094,0.23645128335426038,0.2341998932382195,98.6222053996701,100.46741899495437,XLE,エネルギー,rate_sensitive,Improving,3.0,2.0,2.0
2025-05-14,40.7611198425293,0.2364414331604742,0.2349470732123044,98.74071380100546,100.65102941411931,XLE,エネルギー,rate_sensitive,Improving,4.0,2.0,1.0
2025-05-15,40.933250427246094,0.23529517792510396,0.23506310811657094,98.7817620046497,100.66531218641369,XLE,エネルギー,rate_sensitive,Improving,4.0,1.0,-1.0
2025-05-16,40.871089935302734,0.23265360994143722,0.23425994205819306,98.72098633342539,100.47187390036184,XLE,エネルギー,rate_sensitive,Improving,4.0,1.0,-1.0
2025-05-19,40.34035873413086,0.2296580016581443,0.2327259619248435,98.58848833339424,100.24540644799798,XLE,エネルギー,rate_sensitive,Improving,4.0,1.0,-1.0
2025-05-20,39.967411041259766,0.2281305959099777,0.23119417325322156,98.47006706242517,99.94116576508425,XLE,エネルギー,rate_sensitive,Lagging,4.0,1.0,-1.0
2025-05-21,39.231082916259766,0.22891405867426434,0.23043413506023583,98.444889684763,99.801132018156,XLE,エネルギー,rate_sensitive,Lagging,4.0,0.0,-2.0
2025-05-22,39.07807922363281,0.22875086260966063,0.22987304424337746,98.44385422707879,99.77167438023531,XLE,エネルギー,rate_sensitive,Lagging,3.0,-1.0,-2.0
2025-05-23,39.202388763427734,0.23039995232673513,0.23004868027116335,98.51669235016325,99.9292090153869,XLE,エネルギー,rate_sensitive,Lagging,3.0,-1.0,-2.0
2025-05-27,39.541866302490234,0.22814192412077766,0.22941309488770148,98.50497398533778,100.06824268884937,XLE,エネルギー,rate_sensitive,Improving,3.0,-1.0,-2.0
2025-05-28,39.039825439453125,0.22717704520154716,0.22866774499231673,98.48372848659484,100.1755470271054,XLE,エネルギー,rate_sensitive,Improving,3.0,-1.0,-2.0
2025-05-29,39.33148956298828,0.2283166870495399,0.2285507256780578,98.5245446799102,100.2456616250683,XLE,エネルギー,rate_sensitive,Improving,3.0,-1.0,-1.0
2025-05-30,38.982452392578125,0.22638036200952252,0.2278272711218794,98.50856669347719,100.22969153473575,XLE,エネルギー,rate_sensitive,Improving,2.0,-1.0,0.0
2025-06-02,39.49406051635742,0.22916950182771045,0.22827468135715642,98.5982895367001,100.2418100083065,XLE,エネルギー,rate_sensitive,Improving,2.0,-1.0,0.0
2025-06-03,39.96263122558594,0.22997385366552714,0.22884107212661334,98.69215977243357,100.34880116331173,XLE,エネルギー,rate_sensitive,Improving,2.0,-1.0,0.0
2025-06-04,39.18326950073242,0.22599657191950417,0.22789290539091028,98.64375542881334,100.30846158257506,XLE,エネルギー,rate_sensitive,Improving,2.0,-1.0,0.0
2025-06-05,39.145015716552734,0.22638767930209197,0.2273911633613042,98.63775768682213,100.24501003513109,XLE,エネルギー,rate_sensitive,Improving,2.0,-1.0,0.0
2025-06-06,39.88134765625,0.22867121793138806,0.22781784821799883,98.71284739988266,100.3282511335243,XLE,エネルギー,rate_sensitive,Improving,2.0,0.0,1.0
2025-06-09,39.957847595214844,0.2290714126008117,0.2282357030122698,98.78586140714256,100.3056891589072,XLE,エネルギー,rate_sensitive,Improving,2.0,0.0,1.0
2025-06-10,40.67027282714844,0.23200030012266035,0.22949056871573334,98.9274909413615,100.36044350579328,XLE,エネルギー,rate_sensitive,Improving,3.0,1.0,2.0
2025-06-11,41.258384704589844,0.23602531072104915,0.2316688160508386,99.14241063346614,100.66646474525878,XLE,エネルギー,rate_sensitive,Improving,5.0,3.0,4.0
2025-06-12,41.401817321777344,0.23629172298238768,0.23320978502802164,99.2979656099415,100.87688205888703,XLE,エネルギー,rate_sensitive,Improving,6.0,4.0,5.0
2025-06-13,42.12380599975586,0.243353932629336,0.2365911675617931,99.60873498390768,101.18675786348199,XLE,エネルギー,rate_sensitive,Improving,6.0,4.0,4.0
2025-06-16,41.999488830566406,0.24031864099685563,0.23783365870681397,99.73432688268674,101.28129995358746,XLE,エネルギー,rate_sensitive,Improving,6.0,4.0,4.0
2025-06-17,42.391563415527344,0.24491461450352306,0.240193977305717,99.9589020630153,101.4005403106607,XLE,エネルギー,rate_sensitive,Improving,7.0,4.0,3.0
2025-06-18,42.11425018310547,0.24328504506283322,0.24122433322475575,100.070319016391,101.29423949624463,XLE,エネルギー,rate_sensitive,Leading,7.0,2.0,-1.0
2025-06-20,42.5445671081543,0.2453697062745352,0.24260612424134892,100.21832323426538,101.29744941135088,XLE,エネルギー,rate_sensitive,Leading,7.0,1.0,-3.0
2025-06-23,41.468685150146484,0.237071714476754,0.24076132098648395,100.0763361077904,100.76620462398674,XLE,エネルギー,rate_sensitive,Leading,7.0,1.0,-3.0
2025-06-24,40.92881774902344,0.23179068392445779,0.23777110863247525,99.82342609314608,100.3187512879008,XLE,エネルギー,rate_sensitive,Improving,7.0,1.0,-3.0
2025-06-25,40.750465393066406,0.23245779263226593,0.23600000329907217,99.68018750265317,99.88272521856283,XLE,エネルギー,rate_sensitive,Lagging,7.0,0.0,-4.0
2025-06-26,41.33371353149414,0.2340187806195189,0.23533959573922109,99.64175675211796,99.71197308189525,XLE,エネルギー,rate_sensitive,Lagging,7.0,0.0,-2.0
2025-06-27,41.11680603027344,0.23194134549222456,0.23420684565688893,99.55144845996153,99.43362086561957,XLE,エネルギー,rate_sensitive,Lagging,6.0,-1.0,-2.0
2025-06-30,40.88060760498047,0.229530372630355,0.23264802131471096,99.40687305926782,99.44439323103907,XLE,エネルギー,rate_sensitive,Lagging,6.0,-1.0,-2.0
2025-07-01,41.19392776489258,0.2286102551105218,0.2313020992466479,99.26977765934015,99.59830014322954,XLE,エネルギー,rate_sensitive,Lagging,6.0,-1.0,-2.0
2025-07-02,41.90250778198242,0.2320126229164153,0.23153894046990373,99.30437667039197,99.8247501941029,XLE,エネルギー,rate_sensitive,Lagging,5.0,-2.0,-2.0
2025-07-03,41.95071029663086,0.23116314350665879,0.23141367481548875,99.28540846105581,99.854551091836,XLE,エネルギー,rate_sensitive,Lagging,5.0,-2.0,-2.0
2025-07-07,41.54581069946289,0.2307764108084284,0.23120125347980197,99.24869271083537,99.91746736347892,XLE,エネルギー,rate_sensitive,Lagging,5.0,-1.0,0.0
2025-07-08,42.66410827636719,0.23639632683936404,0.23293294459965602,99.53939296182898,100.42759662917747,XLE,エネルギー,rate_sensitive,Improving,6.0,0.0,1.0
2025-07-09,42.44719314575195,0.23449408281230455,0.2334533240038722,99.65541077241733,100.71734191915895,XLE,エネルギー,rate_sensitive,Improving,6.0,0.0,1.0
2025-07-10,42.77015686035156,0.23491741263611013,0.2339413535479515,99.77723549844524,100.8151099838444,XLE,エネルギー,rate_sensitive,Improving,6.0,1.0,3.0
2025-07-11,42.96295928955078,0.23771658152266004,0.23519976287285438,100.0633420641969,101.23662480993639,XLE,エネルギー,rate_sensitive,Leading,6.0,1.0,3.0
2025-07-14,42.49058532714844,0.23486095771611615,0.2350868278206083,100.07164745003082,101.3461131604656,XLE,エネルギー,rate_sensitive,Leading,6.0,1.0,2.0
2025-07-15,41.87840270996094,0.23473225120139635,0.23496863561420434,100.07260340471676,100.89581011327046,XLE,エネルギー,rate_sensitive,Leading,6.0,0.0,0.0
2025-07-16,41.51688766479492,0.23180191273904446,0.23391306132248438,99.86600990106419,100.31815147783304,XLE,エネルギー,rate_sensitive,Improving,6.0,0.0,0.0
2025-07-17,41.772361755371094,0.23134222158523712,0.233056114743402,99.69837595962228,99.72211149593667,XLE,エネルギー,rate_sensitive,Lagging,6.0,0.0,-1.0
2025-07-18,41.4349365234375,0.2295607238025579,0.2318909844297873,99.46608539419435,98.64081273023322,XLE,エネルギー,rate_sensitive,Lagging,6.0,0.0,-1.0
2025-07-21,41.00593566894531,0.2279636895615633,0.23058188614037933,99.20172652175445,98.15467649631144,XLE,エネルギー,rate_sensitive,Lagging,5.0,-1.0,-2.0
2025-07-22,41.19874572753906,0.226152443107186,0.2291054051293149,98.89507767393194,97.6925669159516,XLE,エネルギー,rate_sensitive,Lagging,4.0,-2.0,-2.0
2025-07-23,41.84465789794922,0.22781078041097347,0.22867386355653443,98.81797664561537,98.03647416132222,XLE,エネルギー,rate_sensitive,Lagging,4.0,-2.0,-2.0
2025-07-24,42.14352035522461,0.2301746779479508,0.2291741350203399,98.95737172386846,98.65197292898306,XLE,エネルギー,rate_sensitive,Lagging,4.0,-2.0,-2.0
2025-07-25,41.98444747924805,0.2282065489107266,0.22885160631713547,98.90096752753735,99.00795102454151,XLE,エネルギー,rate_sensitive,Lagging,3.0,-3.0,-3.0
2025-07-28,42.46165466308594,0.23217320720452986,0.2299588066129336,99.19771708498604,100.04161102653153,XLE,エネルギー,rate_sensitive,Improving,5.0,0.0,1.0
2025-07-29,42.876197814941406,0.23455297043219772,0.23149019455268832,99.61817755644128,101.3367296402049,XLE,エネルギー,rate_sensitive,Improving,7.0,3.0,5.0
2025-07-30,42.26403045654297,0.23271370233094682,0.2318980304787745,99.75731154869128,101.6586439385972,XLE,エネルギー,rate_sensitive,Improving,7.0,3.0,5.0
2025-07-31,42.0374755859375,0.23359652180489876,0.23246419425414927,99.94135015219386,101.6673978023613,XLE,エネルギー,rate_sensitive,Improving,6.0,2.0,4.0
2025-08-01,41.256587982177734,0.2318710510707882,0.23226647985969562,99.90561328868634,101.6379915078583,XLE,エネルギー,rate_sensitive,Improving,6.0,3.0,6.0
2025-08-04,41.16501235961914,0.22856163654722078,0.2310315320888707,99.56769445186983,100.52436632060578,XLE,エネルギー,rate_sensitive,Improving,6.0,1.0,1.0
2025-08-05,41.21803283691406,0.22949286118683662,0.23051864178819267,99.43497849701457,99.53093989123974,XLE,エネルギー,rate_sensitive,Lagging,6.0,-1.0,-4.0
2025-08-06,40.83723068237305,0.2278824744023671,0.22963991932625083,99.19990225678475,98.83814177166438,XLE,エネルギー,rate_sensitive,Lagging,6.0,-1.0,-4.0
2025-08-07,40.678165435791016,0.22713148425282553,0.22880377430177573,98.98277596824829,98.15239457094732,XLE,エネルギー,rate_sensitive,Lagging,4.0,-2.0,-4.0
2025-08-08,40.93845748901367,0.2281728222765381,0.22859345696002986,98.94815736944398,98.20633949610806,XLE,エネルギー,rate_sensitive,Lagging,5.0,-1.0,-4.0
2025-08-11,40.610679626464844,0.2269657746181479,0.22805089617940255,98.82813093441966,98.621597638629,XLE,エネルギー,rate_sensitive,Lagging,5.0,-1.0,-2.0
2025-08-12,40.80830764770508,0.22520862683543194,0.2271034730647457,98.6098028588237,98.52726809766081,XLE,エネルギー,rate_sensitive,Lagging,4.0,-2.0,-1.0
2025-08-13,41.280696868896484,0.22460865762754192,0.2262718679190111,98.44167230559059,98.68597253257644,XLE,エネルギー,rate_sensitive,Lagging,4.0,-2.0,-1.0
2025-08-14,41.242130279541016,0.225868152919629,0.2261372962525504,98.46526568371827,99.11542001490982,XLE,エネルギー,rate_sensitive,Lagging,3.0,-1.0,1.0
2025-08-15,41.242130279541016,0.22642715972269578,0.22623391740926557,98.5456877545925,99.3300612038134,XLE,エネルギー,rate_sensitive,Lagging,2.0,-3.0,-2.0
2025-08-18,40.996299743652344,0.22512593471722567,0.2258645898452523,98.50539812532683,99.48074834325158,XLE,エネルギー,rate_sensitive,Lagging,2.0,-3.0,-2.0
2025-08-19,41.01075744628906,0.2241558608577498,0.22529501351608483,98.41942336649682,99.7106055810533,XLE,エネルギー,rate_sensitive,Lagging,2.0,-2.0,0.0
2025-08-20,41.352996826171875,0.2262324682170892,0.22560749841641964,98.54799010717562,100.1992605193447,XLE,エネルギー,rate_sensitive,Improving,2.0,-2.0,0.0
2025-08-21,41.637393951416016,0.22858493874129135,0.22659997852471023,98.82632802041842,100.60658762320314,XLE,エネルギー,rate_sensitive,Improving,2.0,-1.0,0.0
2025-08-22,42.48575973510742,0.2287865330864324,0.2273288300452843,99.02469341214925,100.77980388862258,XLE,エネルギー,rate_sensitive,Improving,3.0,1.0,4.0
2025-08-25,42.59662628173828,0.2311523609007814,0.22860334033045002,99.34764332210648,101.33798243233737,XLE,エネルギー,rate_sensitive,Improving,4.0,2.0,5.0
2025-08-26,42.52914047241211,0.23062667186748054,0.22927778417612688,99.514779491797,101.68269444440556,XLE,エネルギー,rate_sensitive,Improving,4.0,2.0,4.0
2025-08-27,43.006351470947266,0.2323747666741419,0.23031011167546522,99.7624284764137,101.79382587716404,XLE,エネルギー,rate_sensitive,Improving,7.0,5.0,7.0
2025-08-28,43.33412551879883,0.23425747075086492,0.2316258980339318,100.07627206263021,101.77275353857948,XLE,エネルギー,rate_sensitive,Leading,8.0,6.0,7.0
2025-08-29,43.570316314697266,0.2357091111438184,0.23298696907056066,100.39596256064047,101.86964618219028,XLE,エネルギー,rate_sensitive,Leading,9.0,6.0,5.0
2025-09-02,43.63297653198242,0.237927582761631,0.23463384030091747,100.78185252871484,101.8744341275407,XLE,エネルギー,rate_sensitive,Leading,9.0,5.0,3.0
2025-09-03,42.65446472167969,0.23295283189388682,0.2340735041652406,100.62152940261608,101.36332485544234,XLE,エネルギー,rate_sensitive,Leading,8.0,4.0,2.0
2025-09-04,42.93886184692383,0.23278665531593293,0.2336445545488047,100.49407555883923,100.81695846304811,XLE,エネルギー,rate_sensitive,Leading,8.0,1.0,-4.0
2025-09-05,42.109779357910156,0.22802539250152942,0.2317715005330463,100.00657190719637,99.69717293353519,XLE,エネルギー,rate_sensitive,Weakening,7.0,-1.0,-7.0
2025-09-08,42.01337814331055,0.22768462053317814,0.23040920719975694,99.64842949673607,98.78319477917931,XLE,エネルギー,rate_sensitive,Lagging,6.0,-3.0,-9.0
2025-09-09,42.21582794189453,0.22948865702523213,0.230102357141582,99.56027534872989,98.20687572374256,XLE,エネルギー,rate_sensitive,Lagging,6.0,-3.0,-8.0
2025-09-10,42.95332336425781,0.233734331124044,0.231313015135736,99.86307291997285,98.86424018787176,XLE,エネルギー,rate_sensitive,Lagging,7.0,-1.0,-5.0
2025-09-11,42.96295928955078,0.23033516401935045,0.2309870647636075,99.78208231196996,98.95869678106335,XLE,エネルギー,rate_sensitive,Lagging,7.0,-1.0,-2.0
2025-09-12,42.707489013671875,0.23062557710407014,0.23086656887709506,99.76052644817554,99.59368882330698,XLE,エネルギー,rate_sensitive,Lagging,6.0,-1.0,0.0
2025-09-15,42.56288146972656,0.23024679419795455,0.23065997731738158,99.72834647013293,100.04484598699439,XLE,エネルギー,rate_sensitive,Improving,6.0,0.0,3.0
2025-09-16,43.27627944946289,0.2347281671226623,0.2320160405858085,100.10781333700024,100.68732388675402,XLE,エネルギー,rate_sensitive,Leading,7.0,1.0,4.0
2025-09-17,43.377506256103516,0.23505233218551783,0.2330281377857116,100.42527438083131,100.72497463708554,XLE,エネルギー,rate_sensitive,Leading,7.0,0.0,1.0
2025-09-18,43.2425422668457,0.23280039677079503,0.23295222411407274,100.46880007958787,100.90585279827405,XLE,エネルギー,rate_sensitive,Leading,7.0,0.0,1.0
2025-09-19,42.66893005371094,0.2301128950485279,0.23200578109222447,100.26374995679897,100.6681648860943,XLE,エネルギー,rate_sensitive,Leading,7.0,1.0,2.0
2025-09-22,42.61982345581055,0.2297383377555656,0.23124996664667152,100.07242573109134,100.45046144342756,XLE,エネルギー,rate_sensitive,Leading,7.0,1.0,1.0
2025-09-23,43.3538932800293,0.2334104497407852,0.23197012767804276,100.37932644071832,100.34515819628774,XLE,エネルギー,rate_sensitive,Leading,7.0,0.0,-1.0
2025-09-24,43.917823791503906,0.23699915046851863,0.2336464686082014,101.040956221696,100.80076453666692,XLE,エネルギー,rate_sensitive,Leading,8.0,1.0,1.0
2025-09-25,44.311588287353516,0.24110909439921996,0.23613401053854094,101.9672803301103,101.92626978106458,XLE,エネルギー,rate_sensitive,Leading,9.0,2.0,2.0
2025-09-26,44.71995162963867,0.24094382766812678,0.23773728291506957,102.45398577544803,102.65196283989123,XLE,エネルギー,rate_sensitive,Leading,11.0,4.0,3.0
2025-09-29,43.898372650146484,0.23572975738938556,0.23706810773984158,102.1103236941728,102.31377249632877,XLE,エネルギー,rate_sensitive,Leading,10.0,3.0,2.0
2025-09-30,43.43167495727539,0.23260893033691923,0.23558171527220081,101.53436097472627,101.18830473209628,XLE,エネルギー,rate_sensitive,Leading,9.0,2.0,2.0
2025-10-01,43.43167495727539,0.23208284275035224,0.23441542443158464,101.10615138316014,99.84625566045527,XLE,エネルギー,rate_sensitive,Weakening,7.0,-1.0,-2.0
2025-10-02,42.99415969848633,0.2292024499105085,0.2326777662578926,100.5061272242016,98.05041772502223,XLE,エネルギー,rate_sensitive,Weakening,6.0,-3.0,-5.0
2025-10-03,43.2226448059082,0.2296132878155305,0.23165627344377193,100.15625284865604,97.26680774754809,XLE,エネルギー,rate_sensitive,Weakening,6.0,-5.0,-9.0
2025-10-06,43.43654251098633,0.23082197517882547,0.23137817402212313,100.07028558831945,97.70080810965601,XLE,エネルギー,rate_sensitive,Weakening,6.0,-4.0,-7.0
2025-10-07,43.504600524902344,0.23220384784441697,0.23165339862955442,100.17469567220056,98.4872160175012,XLE,エネルギー,rate_sensitive,Weakening,6.0,-3.0,-5.0
2025-10-08,43.251808166503906,0.23010511098629435,0.23113730274846775,100.01323530460938,98.80631932502402,XLE,エネルギー,rate_sensitive,Weakening,6.0,-1.0,0.0
2025-10-09,42.66358184814453,0.22886921927288034,0.23038127492327198,99.77502553478438,99.20813917764661,XLE,エネルギー,rate_sensitive,Lagging,6.0,0.0,3.0
2025-10-10,41.42879104614258,0.22737152429803867,0.2293780247148609,99.44688884359293,99.2552742700661,XLE,エネルギー,rate_sensitive,Lagging,5.0,-1.0,4.0
2025-10-13,41.992706298828125,0.22824706676699905,0.2290010387322403,99.33746180345574,99.25335149931367,XLE,エネルギー,rate_sensitive,Lagging,5.0,-1.0,3.0
2025-10-14,41.98784637451172,0.2263437485528172,0.22811527533909925,99.04846269264395,98.87791427618937,XLE,エネルギー,rate_sensitive,Lagging,5.0,-1.0,2.0
2025-10-15,41.963539123535156,0.22575753259814085,0.22732936109211313,98.80429730046765,98.82480272201306,XLE,エネルギー,rate_sensitive,Lagging,4.0,-2.0,-1.0
2025-10-16,41.45795440673828,0.2251718216618364,0.22661018128202093,98.59670024340807,98.87433204640051,XLE,エネルギー,rate_sensitive,Lagging,3.0,-3.0,-3.0
2025-10-17,41.79825210571289,0.22587296960561762,0.22636444405655315,98.5585333906469,99.1673748008635,XLE,エネルギー,rate_sensitive,Lagging,3.0,-2.0,-1.0
2025-10-20,42.240638732910156,0.22600366451057116,0.2262441842078925,98.55498742861343,99.26343683889698,XLE,エネルギー,rate_sensitive,Lagging,3.0,-2.0,-1.0
2025-10-21,42.143409729003906,0.22445511187076883,0.22564782676218464,98.39679583515843,99.38655793896577,XLE,エネルギー,rate_sensitive,Lagging,3.0,-2.0,-1.0
2025-10-22,42.68302536010742,0.228430784022881,0.22657547918241677,98.7379665705013,99.97259666811881,XLE,エネルギー,rate_sensitive,Lagging,3.0,-1.0,1.0
2025-10-23,43.251808166503906,0.23038253873702227,0.22784449903395196,99.16849629360027,100.60730107973939,XLE,エネルギー,rate_sensitive,Improving,3.0,0.0,3.0
2025-10-24,42.81428146362305,0.22743203285021493,0.22770701030603963,99.13990773529156,100.60576610577832,XLE,エネルギー,rate_sensitive,Improving,4.0,1.0,3.0
2025-10-27,42.91637420654297,0.22696565698625892,0.2274598925327794,99.08477311161374,100.5574123888576,XLE,エネルギー,rate_sensitive,Improving,4.0,1.0,3.0
2025-10-28,42.46912384033203,0.22654611204802497,0.22715529903786125,99.01518991686382,100.65606864023633,XLE,エネルギー,rate_sensitive,Improving,4.0,1.0,3.0
2025-10-29,42.785118103027344,0.23081305805546662,0.2283745520437297,99.43252049882062,100.7421629818682,XLE,エネルギー,rate_sensitive,Improving,5.0,2.0,3.0
2025-10-30,42.532318115234375,0.23044037340725773,0.22906315916490572,99.67287888725419,100.55797019980328,XLE,エネルギー,rate_sensitive,Improving,5.0,2.0,2.0
2025-10-31,42.84345245361328,0.2316196996504325,0.229915339326748,99.95773627150415,100.87185933794497,XLE,エネルギー,rate_sensitive,Improving,5.0,1.0,0.0
2025-11-03,42.84831237792969,0.2322143448584055,0.23068167450396715,100.2080344153463,101.15353739995949,XLE,エネルギー,rate_sensitive,Leading,6.0,2.0,1.0
2025-11-04,42.38648223876953,0.231241014755156,0.23086812125436346,100.26263665632001,101.2386170722024,XLE,エネルギー,rate_sensitive,Leading,6.0,2.0,1.0
2025-11-05,42.498294830322266,0.23050187779404574,0.23074604010092425,100.21276612401552,100.7405567999125,XLE,エネルギー,rate_sensitive,Leading,6.0,1.0,-1.0
2025-11-06,42.9115104675293,0.2343947885945183,0.23196228959878895,100.59352535562542,100.8551470066855,XLE,エネルギー,rate_sensitive,Leading,6.0,1.0,-1.0
2025-11-07,43.528907775878906,0.23578959053168633,0.23323805657642144,100.98054138748422,100.92942072033469,XLE,エネルギー,rate_sensitive,Leading,6.0,1.0,0.0
2025-11-10,43.92267990112305,0.2365604491639196,0.23434552077225418,101.29741144110507,100.96597342913107,XLE,エネルギー,rate_sensitive,Leading,8.0,2.0,0.0
2025-11-11,44.49632263183594,0.23827321249190467,0.23565475134547104,101.65973705165467,101.23684760795466,XLE,エネルギー,rate_sensitive,Leading,10.0,4.0,2.0
2025-11-12,43.87406921386719,0.23438520095096452,0.23523156788063554,101.47452904614643,101.06574107311265,XLE,エネルギー,rate_sensitive,Leading,10.0,4.0,3.0
2025-11-13,43.98588180541992,0.2376693893737746,0.23604417504501524,101.67409941264037,100.85730032063658,XLE,エネルギー,rate_sensitive,Leading,10.0,4.0,3.0
2025-11-14,44.73453140258789,0.24260487738273057,0.23823107582425368,102.25697655597098,101.02188180889513,XLE,エネルギー,rate_sensitive,Leading,10.0,4.0,3.0
2025-11-17,43.917823791503906,0.24134482518339223,0.23926899227729986,102.44904052981252,100.87222205714305,XLE,エネルギー,rate_sensitive,Leading,10.0,2.0,0.0
2025-11-18,44.26783752441406,0.24312361803823337,0.24055386753094438,102.6657429673992,100.7108578771645,XLE,エネルギー,rate_sensitive,Leading,10.0,0.0,-4.0
2025-11-19,43.694190979003906,0.24070176615399255,0.24060316707196044,102.51755541084856,100.73350865200133,XLE,エネルギー,rate_sensitive,Leading,10.0,0.0,-4.0
2025-11-20,43.19833755493164,0.24090922899584105,0.240705187713254,102.39623610743783,100.41368447674104,XLE,エネルギー,rate_sensitive,Leading,10.0,0.0,-4.0
2025-11-21,43.47057342529297,0.23775532583780556,0.23972190042143787,102.02330307072421,99.4915073687993,XLE,エネルギー,rate_sensitive,Weakening,10.0,0.0,-4.0
2025-11-24,43.349037170410156,0.2361119225977242,0.23851857448019997,101.6369197964671,98.95688785391648,XLE,エネルギー,rate_sensitive,Weakening,10.0,0.0,-2.0
2025-11-25,43.07679748535156,0.23134245494093725,0.23612653463377908,100.98630549112836,98.19005196306709,XLE,エネルギー,rate_sensitive,Weakening,10.0,0.0,0.0
2025-11-26,43.40251159667969,0.23147655805340187,0.23457654244032003,100.57305340996615,98.03322366791329,XLE,エネルギー,rate_sensitive,Weakening,10.0,0.0,0.0
2025-11-28,43.971290588378906,0.23324884676809748,0.23413397721624588,100.45383613961577,98.12068804474957,XLE,エネルギー,rate_sensitive,Weakening,9.0,-1.0,-1.0
2025-12-01,44.39423751831055,0.23711418995324007,0.23512738146191062,100.70610580644843,98.73597094937999,XLE,エネルギー,rate_sensitive,Weakening,10.0,0.0,0.0
2025-12-02,43.820587158203125,0.23427195172269658,0.23484223821550593,100.6287514737441,99.05010870682685,XLE,エネルギー,rate_sensitive,Weakening,10.0,0.0,0.0
2025-12-03,44.64216613769531,0.23685701649289384,0.23551383097463524,100.78977692796117,99.80769880184445,XLE,エネルギー,rate_sensitive,Weakening,10.0,0.0,0.0
2025-12-04,44.83176040649414,0.23778844176437897,0.23627203457121648,100.95786006534541,100.33580843908257,XLE,エネルギー,rate_sensitive,Leading,10.0,0.0,0.0
2025-12-05,44.64702224731445,0.23625357127169894,0.23626588013804398,100.92826711836112,100.40149910372206,XLE,エネルギー,rate_sensitive,Leading,10.0,1.0,2.0
2025-12-08,44.160884857177734,0.23508922639482216,0.2358736622236367,100.80465429223482,100.03596933727427,XLE,エネルギー,rate_sensitive,Leading,10.0,0.0,0.0
2025-12-09,44.433128356933594,0.23698551752661354,0.23624428065796232,100.87348361777968,100.15815990543382,XLE,エネルギー,rate_sensitive,Leading,11.0,1.0,1.0
2025-12-10,44.899818420410156,0.23615220680852123,0.23621358937481532,100.84148748221045,99.96583257241248,XLE,エネルギー,rate_sensitive,Weakening,11.0,1.0,1.0
2025-12-11,44.68592071533203,0.23314437344096345,0.23519051739686472,100.56923780957788,99.55398398611842,XLE,エネルギー,rate_sensitive,Weakening,10.0,0.0,0.0
2025-12-12,44.24839401245117,0.2324372147349405,0.23427274984288998,100.32713285391655,99.36643661808417,XLE,エネルギー,rate_sensitive,Weakening,10.0,0.0,-1.0
2025-12-15,43.93726348876953,0.23051681972291765,0.23302077313623254,100.01108650579782,99.20886382339266,XLE,エネルギー,rate_sensitive,Weakening,9.0,-1.0,-1.0
2025-12-16,42.59552001953125,0.22505794665279977,0.23036649764175496,99.36183960290828,98.58996590835304,XLE,エネルギー,rate_sensitive,Lagging,5.0,-6.0,-7.0
2025-12-17,43.53862762451172,0.2306647387932861,0.23046591135893202,99.39815180356645,98.6983210435706,XLE,エネルギー,rate_sensitive,Lagging,6.0,-5.0,-6.0
2025-12-18,42.906654357910156,0.22683162595024392,0.22925448288936934,99.11416991571882,98.73070074359714,XLE,エネルギー,rate_sensitive,Lagging,5.0,-5.0,-5.0
2025-12-19,42.906654357910156,0.226008380359965,0.22817244871290124,98.87023877573198,98.76910189722477,XLE,エネルギー,rate_sensitive,Lagging,3.0,-7.0,-7.0
2025-12-22,43.35084533691406,0.2266680304316388,0.22767097595248043,98.77928537974387,98.99806139992494,XLE,エネルギー,rate_sensitive,Lagging,3.0,-6.0,-5.0
2025-12-23,43.63520812988281,0.22868660047441036,0.22800951745979042,98.89331847675822,99.6861640207485,XLE,エネルギー,rate_sensitive,Lagging,4.0,-1.0,5.0
2025-12-24,43.50773620605469,0.22719491561752647,0.22773798351236912,98.86590985223148,99.65280424975907,XLE,エネルギー,rate_sensitive,Lagging,4.0,-2.0,3.0
2025-12-26,43.34103775024414,0.22626602987551458,0.22724733230008431,98.78814690364696,99.86930903265275,XLE,エネルギー,rate_sensitive,Lagging,4.0,-1.0,4.0
2025-12-29,43.75288009643555,0.2287937834935577,0.22776281603124213,98.94452034465974,100.28194063328552,XLE,エネルギー,rate_sensitive,Improving,4.0,1.0,8.0
2025-12-30,44.08626937866211,0.23090704154977743,0.22881089120408724,99.21932865526777,100.65400792903095,XLE,エネルギー,rate_sensitive,Improving,4.0,1.0,7.0
2025-12-31,43.841129302978516,0.23160095910742973,0.22974091383853473,99.45839082900724,100.76537574489069,XLE,エネルギー,rate_sensitive,Improving,5.0,1.0,2.0
2026-01-02,44.76286697387695,0.2348762703472536,0.23145269934144103,99.87066310170636,101.15677208614318,XLE,エネルギー,rate_sensitive,Improving,6.0,2.0,4.0
2026-01-05,45.978763580322266,0.23903767650686236,0.23398102506324817,100.46322695265411,101.76644655718545,XLE,エネルギー,rate_sensitive,Leading,7.0,3.0,4.0
2026-01-06,44.7530517578125,0.22988987932595098,0.23261730981748246,100.1343303675705,101.25932103171071,XLE,エネルギー,rate_sensitive,Leading,7.0,3.0,2.0
2026-01-07,44.252967834472656,0.22990012588308412,0.2317115818393497,99.91875896989272,100.7421985067571,XLE,エネルギー,rate_sensitive,Improving,7.0,3.0,2.0
2026-01-08,45.64537048339844,0.23511809134803716,0.2328470850089122,100.18231523366072,100.741469546809,XLE,エネルギー,rate_sensitive,Leading,7.0,2.0,1.0
2026-01-09,45.76303482055664,0.23436423075660748,0.23335280025814398,100.29154395506974,100.41613792682887,XLE,エネルギー,rate_sensitive,Leading,7.0,1.0,-1.0
2026-01-12,45.439456939697266,0.232495301173797,0.23306696723002834,100.2102597914062,99.72068738753845,XLE,エネルギー,rate_sensitive,Weakening,7.0,0.0,-3.0
2026-01-13,46.08662796020508,0.235806613224106,0.23398018256138758,100.41076488336184,100.24717444900506,XLE,エネルギー,rate_sensitive,Leading,9.0,2.0,-1.0
2026-01-14,47.12602996826172,0.24003256597871017,0.23599764370049514,100.86571353913115,100.90715339870579,XLE,エネルギー,rate_sensitive,Leading,9.0,2.0,-1.0
2026-01-15,46.68477249145508,0.23673647898879221,0.2362439221299275,100.89587556075043,100.64158823911453,XLE,エネルギー,rate_sensitive,Leading,9.0,2.0,0.0
2026-01-16,46.76321792602539,0.23774186308895268,0.2367432357829359,100.98638415655469,100.59803298002397,XLE,エネルギー,rate_sensitive,Leading,9.0,2.0,1.0
2026-01-20,46.674964904785156,0.24088743145507124,0.23812463434031436,101.2851682241453,100.96863821275811,XLE,エネルギー,rate_sensitive,Leading,9.0,2.0,2.0
2026-01-21,47.802616119384766,0.24259954558935928,0.23961627142332936,101.5997743712204,101.05530891621397,XLE,エネルギー,rate_sensitive,Leading,9.0,0.0,-2.0
2026-01-22,47.959510803222656,0.24307883641700234,0.2407704597545537,101.8239753038824,100.78529876827835,XLE,エネルギー,rate_sensitive,Leading,9.0,0.0,-2.0
2026-01-23,48.234066009521484,0.24556500920441207,0.2423686429045065,102.12164405544178,101.03849299335731,XLE,エネルギー,rate_sensitive,Leading,10.0,1.0,-1.0
2026-01-26,48.263484954833984,0.2451351306317024,0.24329080548023846,102.22568221071516,101.03346547018477,XLE,エネルギー,rate_sensitive,Leading,10.0,1.0,-1.0
2026-01-27,48.70473861694336,0.24776181668343683,0.2447811425479713,102.42945230434381,100.9195454212459,XLE,エネルギー,rate_sensitive,Leading,10.0,1.0,-1.0
2026-01-28,49.077354431152344,0.2505010279913661,0.24668777102910291,102.67515138191577,100.83488114063063,XLE,エネルギー,rate_sensitive,Leading,11.0,2.0,2.0
2026-01-29,49.52841567993164,0.25247222384484164,0.2486159219676825,102.8689288610592,100.79326426029652,XLE,エネルギー,rate_sensitive,Leading,11.0,2.0,2.0
2026-01-30,50.057918548583984,0.2557381945636503,0.25099001283300515,103.06594000350533,100.68422610644355,XLE,エネルギー,rate_sensitive,Leading,11.0,1.0,0.0
2026-02-02,49.077354431152344,0.24944414081491992,0.2504747221603101,102.74643702509123,100.24993252760935,XLE,エネルギー,rate_sensitive,Leading,11.0,1.0,0.0
2026-02-03,50.665870666503906,0.2582053953290747,0.253051613216565,102.9427684409046,100.24776340917019,XLE,エネルギー,rate_sensitive,Leading,11.0,1.0,0.0
2026-02-04,51.80332946777344,0.2617219447510303,0.25594172372805346,103.108975705217,100.17845736268625,XLE,エネルギー,rate_sensitive,Leading,10.0,-1.0,-3.0
2026-02-05,51.19538116455078,0.2609170753937117,0.25760017428327286,103.05765113579392,99.94214673338608,XLE,エネルギー,rate_sensitive,Weakening,10.0,-1.0,-3.0
2026-02-06,52.215171813964844,0.2612463133599742,0.25881555397550665,102.95264859897492,99.6417399466831,XLE,エネルギー,rate_sensitive,Weakening,10.0,-1.0,-2.0
2026-02-09,52.597591400146484,0.26300360815539253,0.26021157203546863,102.87629794389123,99.90815409098609,XLE,エネルギー,rate_sensitive,Weakening,10.0,-1.0,-2.0
2026-02-10,52.53875732421875,0.2617780865866158,0.26073374355251766,102.7139055144757,99.55121807824916,XLE,エネルギー,rate_sensitive,Weakening,11.0,0.0,-1.0
2026-02-11,53.91154479980469,0.26814280996964035,0.26320343235822524,102.76646842691216,99.45293107236287,XLE,エネルギー,rate_sensitive,Weakening,11.0,1.0,2.0
2026-02-12,52.93097686767578,0.2667664940278537,0.26439111958143474,102.67767130253327,99.43682530458281,XLE,エネルギー,rate_sensitive,Weakening,10.0,0.0,1.0
2026-02-13,53.29378890991211,0.26584115362334415,0.26487446426207123,102.53684852435694,99.42179319580666,XLE,エネルギー,rate_sensitive,Weakening,10.0,0.0,1.0
2026-02-17,52.70545196533203,0.2633607706187937,0.2643698997143121,102.33264785554188,99.30825325448687,XLE,エネルギー,rate_sensitive,Weakening,9.0,-1.0,0.0
2026-02-18,53.71543502807617,0.2670230582411966,0.26525428588994027,102.27344661028475,99.44355051076073,XLE,エネルギー,rate_sensitive,Weakening,10.0,-1.0,-1.0
2026-02-19,54.107662200927734,0.26954221072364565,0.26668359416784204,102.26257213628516,99.39756497503816,XLE,エネルギー,rate_sensitive,Weakening,10.0,-1.0,-2.0
2026-02-20,53.81349182128906,0.2668289355028663,0.2667320412795168,102.14490901195644,99.38877942768356,XLE,エネルギー,rate_sensitive,Weakening,10.0,0.0,0.0
2026-02-23,54.0782470703125,0.2711173272352554,0.268193803264763,102.14481269960176,99.56677744880795,XLE,エネルギー,rate_sensitive,Weakening,10.0,0.0,0.0
2026-02-24,54.029212951660156,0.268728062516189,0.26837188968190506,102.04948736816702,99.70561190727551,XLE,エネルギー,rate_sensitive,Weakening,10.0,1.0,2.0
2026-02-25,53.803688049316406,0.26744864451837674,0.2680641412940623,101.92949175273036,99.63917444721282,XLE,エネルギー,rate_sensitive,Weakening,10.0,0.0,1.0
2026-02-26,53.98019027709961,0.26681877035517076,0.26764901764776516,101.8138353209936,99.51222787406122,XLE,エネルギー,rate_sensitive,Weakening,10.0,0.0,1.0
2026-02-27,54.83327865600586,0.2707181407897092,0.2686720586950798,101.80444946234019,99.59956651178443,XLE,エネルギー,rate_sensitive,Weakening,11.0,1.0,1.0
2026-03-02,55.9315185546875,0.2766531854459573,0.2713324342787057,101.90017112451984,99.66569857334505,XLE,エネルギー,rate_sensitive,Weakening,11.0,1.0,1.0
2026-03-03,55.4216194152832,0.27753600885031554,0.2734002924692423,101.94493285387769,99.79070439163786,XLE,エネルギー,rate_sensitive,Weakening,11.0,1.0,0.0
2026-03-04,55.0980339050293,0.2748140161737376,0.2738715337040741,101.88438868540732,99.83676539535604,XLE,エネルギー,rate_sensitive,Weakening,10.0,0.0,0.0
2026-03-05,55.38240051269531,0.27946938453059145,0.27573748397957987,101.91192098364043,100.00172931418926,XLE,エネルギー,rate_sensitive,Leading,9.0,-1.0,-1.0
2026-03-06,55.47064971923828,0.2832909201169096,0.2782552960253565,101.97102424190685,100.08559320722625,XLE,エネルギー,rate_sensitive,Leading,9.0,-2.0,-3.0
2026-03-09,55.22550582885742,0.2812440675071163,0.2792515531859431,101.9349591804884,99.91673460445082,XLE,エネルギー,rate_sensitive,Weakening,9.0,-2.0,-3.0
2026-03-10,54.51949691772461,0.27974628356426756,0.2794164633120513,101.855717279458,99.76234899962883,XLE,エネルギー,rate_sensitive,Weakening,9.0,-2.0,-3.0
2026-03-11,55.8726806640625,0.2876376151527432,0.28215684725894863,101.921113296065,99.93250716671847,XLE,エネルギー,rate_sensitive,Weakening,9.0,-1.0,-1.0
2026-03-12,56.39237976074219,0.2948733855085512,0.2863956933421495,102.05249236229031,100.0739633018174,XLE,エネルギー,rate_sensitive,Leading,9.0,0.0,1.0
2026-03-13,56.57868957519531,0.2958628649013448,0.2895514171952146,102.10905507209492,100.06871744823552,XLE,エネルギー,rate_sensitive,Leading,9.0,0.0,2.0
2026-03-16,56.77480697631836,0.2946955620554274,0.2912661321486189,102.08636665811288,100.0754086400867,XLE,エネルギー,rate_sensitive,Leading,9.0,0.0,2.0
2026-03-17,57.372947692871094,0.296144561327234,0.2928922752081573,102.06048212849309,100.13091309286636,XLE,エネルギー,rate_sensitive,Leading,10.0,1.0,3.0
2026-03-18,57.29450225830078,0.2996834643651988,0.29515600492717115,102.06517425810252,100.02884671253867,XLE,エネルギー,rate_sensitive,Leading,10.0,1.0,2.0
2026-03-19,58.20642852783203,0.3046895923306672,0.2983338673950032,102.10928053018576,99.8694865918586,XLE,エネルギー,rate_sensitive,Weakening,10.0,1.0,1.0
2026-03-20,58.15740203857422,0.3089719739962473,0.3018799029287513,102.16050677131412,99.82008888450991,XLE,エネルギー,rate_sensitive,Weakening,11.0,2.0,2.0
2026-03-23,58.853214263916016,0.3093704698872656,0.3043767585815894,102.16036509036071,99.8079984221009,XLE,エネルギー,rate_sensitive,Weakening,11.0,2.0,2.0
2026-03-24,60.047454833984375,0.31526988855994115,0.30800780190770666,102.20453904510826,99.87094538961124,XLE,エネルギー,rate_sensitive,Weakening,11.0,1.0,0.0
2026-03-25,59.78097152709961,0.31235714811916276,0.309457583978192,102.15628239520086,99.73446821535639,XLE,エネルギー,rate_sensitive,Weakening,11.0,1.0,0.0
2026-03-26,60.718597412109375,0.3201950433849062,0.31303673711376345,102.19304426661321,99.70257213215856,XLE,エネルギー,rate_sensitive,Weakening,11.0,1.0,0.0
2026-03-27,61.74504852294922,0.3301346262667665,0.3187360334980978,102.30041963345383,99.77996987524662,XLE,エネルギー,rate_sensitive,Weakening,11.0,0.0,-2.0
2026-03-30,61.152862548828125,0.32764636651202095,0.3217061445027389,102.29302161818921,99.7515426798305,XLE,エネルギー,rate_sensitive,Weakening,11.0,0.0,-2.0
2026-03-31,60.46198272705078,0.3174463032475137,0.32028619741766384,102.13125334983584,99.38197549770118,XLE,エネルギー,rate_sensitive,Weakening,11.0,0.0,-1.0
2026-04-01,58.201812744140625,0.3045956538081823,0.31505601621450335,101.85337509818827,98.99365227097762,XLE,エネルギー,rate_sensitive,Weakening,11.0,0.0,-1.0
2026-04-02,58.47816848754883,0.3051701935314442,0.311760741986817,101.66666184199428,98.6393223715847,XLE,エネルギー,rate_sensitive,Weakening,11.0,0.0,-1.0
2026-04-06,58.90256881713867,0.306069275685077,0.3098635865529037,101.54136582034387,98.29026186434824,XLE,エネルギー,rate_sensitive,Weakening,11.0,0.0,0.0
2026-04-07,59.376312255859375,0.3092166079150614,0.30964792700695626,101.48198714379555,98.21327084189761,XLE,エネルギー,rate_sensitive,Weakening,11.0,0.0,0.0
2026-04-08,57.29379653930664,0.29163407782177325,0.30364331061189526,101.22045666857373,98.09530450831205,XLE,エネルギー,rate_sensitive,Weakening,11.0,0.0,0.0
2026-04-09,56.58317947387695,0.2878424364456198,0.2983763525564701,100.99338246243971,98.26201223835652,XLE,エネルギー,rate_sensitive,Weakening,9.0,-2.0,-2.0
2026-04-10,56.19825744628906,0.2879632440016144,0.29490531637151823,100.83530864544275,98.3772030936993,XLE,エネルギー,rate_sensitive,Weakening,7.0,-4.0,-4.0
2026-04-13,56.36604309082031,0.28565627739646077,0.2918223033798324,100.69221886891503,98.4107111674345,XLE,エネルギー,rate_sensitive,Weakening,7.0,-4.0,-4.0
2026-04-14,55.22115707397461,0.2786907638253838,0.28744512352834956,100.49777946292353,98.23858692258587,XLE,エネルギー,rate_sensitive,Weakening,6.0,-5.0,-5.0
2026-04-15,55.033626556396484,0.27764698451399206,0.2841790771902304,100.343783014309,98.47962114855933,XLE,エネルギー,rate_sensitive,Weakening,6.0,-5.0,-5.0
2026-04-16,55.84294891357422,0.28045225039319926,0.28293680159122003,100.26886838446315,98.76883996765798,XLE,エネルギー,rate_sensitive,Weakening,5.0,-4.0,-2.0
2026-04-17,54.30326843261719,0.26933691841854934,0.2784035072003298,100.05485123857238,98.71767381752463,XLE,エネルギー,rate_sensitive,Weakening,4.0,-3.0,1.0
2026-04-20,54.35261535644531,0.2687350913466928,0.27518070191578414,99.88987174177404,98.72329236382996,XLE,エネルギー,rate_sensitive,Lagging,3.0,-4.0,0.0
2026-04-21,55.14219665527344,0.274321543986346,0.2748943159393048,99.84843058738036,99.0035722504271,XLE,エネルギー,rate_sensitive,Lagging,4.0,-2.0,3.0
2026-04-22,55.803470611572266,0.27773466945793407,0.2758411004455146,99.86158828850631,99.30968724644622,XLE,エネルギー,rate_sensitive,Lagging,5.0,-1.0,4.0
2026-04-23,56.237735748291016,0.2799098517112712,0.27719735086743347,99.894425152321,99.52427701107659,XLE,エネルギー,rate_sensitive,Lagging,5.0,0.0,4.0
2026-04-24,56.12916946411133,0.2799502647193059,0.27811498881805763,99.90852496129912,99.97567423179957,XLE,エネルギー,rate_sensitive,Lagging,7.0,3.0,6.0
2026-04-27,56.03047561645508,0.2797903873147519,0.2786734549836224,99.90595798907597,100.34146906788243,XLE,エネルギー,rate_sensitive,Improving,6.0,3.0,7.0
2026-04-28,56.95822525024414,0.2858824008301341,0.28107643693245965,99.99575823376448,100.67524835535777,XLE,エネルギー,rate_sensitive,Improving,8.0,4.0,6.0
2026-04-29,58.26103210449219,0.292932051750732,0.28502830853855043,100.1688637885294,101.09809158694563,XLE,エネルギー,rate_sensitive,Leading,8.0,3.0,4.0
2026-04-30,58.87295913696289,0.2916000766959262,0.28721889792434235,100.25676000590661,101.31306499491848,XLE,エネルギー,rate_sensitive,Leading,8.0,3.0,3.0
2026-05-01,58.0833740234375,0.2885686674124193,0.2876688210870347,100.25548549263931,101.3626611719569,XLE,エネルギー,rate_sensitive,Leading,8.0,1.0,-2.0
2026-05-04,58.6163444519043,0.29292077137790956,0.289419471183993,100.32510755005643,101.55671511404245,XLE,エネルギー,rate_sensitive,Leading,8.0,2.0,-1.0
2026-05-05,58.675559997558594,0.2909083460831758,0.28991576281705395,100.32773618521928,101.36149997850387,XLE,エネルギー,rate_sensitive,Leading,8.0,0.0,-4.0
2026-05-06,56.257476806640625,0.2767275610560125,0.2855196955633735,100.0514416976491,100.25122631370694,XLE,エネルギー,rate_sensitive,Leading,8.0,0.0,-3.0
2026-05-07,55.22115707397461,0.2733781979494598,0.28147252969206893,99.7893211278618,99.36920956199067,XLE,エネルギー,rate_sensitive,Lagging,8.0,0.0,-3.0
2026-05-08,54.97441101074219,0.27140989745825006,0.27811831894746264,99.56355844934286,98.82191364739595,XLE,エネルギー,rate_sensitive,Lagging,8.0,0.0,-1.0
2026-05-11,56.425262451171875,0.27872299627563946,0.27831987805685493,99.55047965246308,98.6565125372341,XLE,エネルギー,rate_sensitive,Lagging,7.0,-1.0,-3.0
2026-05-12,56.82004928588867,0.2809210242422487,0.27918692678531953,99.57827658930924,98.75786567669566,XLE,エネルギー,rate_sensitive,Lagging,7.0,-1.0,-1.0
2026-05-13,56.879268646240234,0.28244721352307317,0.2802736890312374,99.62361831035928,99.57264069627448,XLE,エネルギー,rate_sensitive,Lagging,7.0,-1.0,-1.0
2026-05-14,57.313541412353516,0.2835695783864748,0.2813723188163165,99.67155847688822,100.34292190370927,XLE,エネルギー,rate_sensitive,Improving,7.0,-1.0,-1.0
2026-05-15,58.66569137573242,0.293283727709069,0.28534278844723404,99.90619083593317,101.44825860030068,XLE,エネルギー,rate_sensitive,Improving,8.0,0.0,0.0
2026-05-18,59.79084014892578,0.29708096689825136,0.28925551459757315,100.14026406659829,101.96048453757223,XLE,エネルギー,rate_sensitive,Leading,8.0,1.0,2.0
2026-05-19,60.49159622192383,0.30232187260663973,0.293610967267262,100.40875685747487,102.37874839615785,XLE,エネルギー,rate_sensitive,Leading,9.0,2.0,3.0
2026-05-20,59.020999908447266,0.29177399179004765,0.2929986421081906,100.34401757377216,102.01811387237774,XLE,エネルギー,rate_sensitive,Leading,9.0,2.0,3.0
2026-05-21,58.3597297668457,0.28726472637371947,0.2910873368633669,100.18822871826717,101.50536518112254,XLE,エネルギー,rate_sensitive,Leading,9.0,2.0,3.0
2026-05-22,58.71504211425781,0.286397487171113,0.28952405363261563,100.05508281236277,100.67626722560676,XLE,エネルギー,rate_sensitive,Leading,8.0,0.0,0.0
2026-05-26,57.09640121459961,0.2770804266150419,0.28537617796009107,99.7337943126891,99.46201383745525,XLE,エネルギー,rate_sensitive,Lagging,8.0,0.0,-1.0
2026-05-27,56.24760818481445,0.27315867374579644,0.2813036765553262,99.41166756522934,98.23460725232088,XLE,エネルギー,rate_sensitive,Lagging,8.0,-1.0,-3.0
2026-05-28,56.2081298828125,0.27197077916420687,0.27819271075828644,99.15545477393806,97.9218067562213,XLE,エネルギー,rate_sensitive,Lagging,8.0,-1.0,-3.0
2026-05-29,55.55672836303711,0.26807228006417305,0.27481923386024865,98.88277470825312,97.80237173760533,XLE,エネルギー,rate_sensitive,Lagging,8.0,-1.0,-3.0
2026-06-01,56.55356979370117,0.27238656104846815,0.2740083429229885,98.8128252640304,98.02541095231275,XLE,エネルギー,rate_sensitive,Lagging,8.0,0.0,0.0
2026-06-02,57.20497131347656,0.27443524784588696,0.27415064456395466,98.82147512227125,98.70164985652299,XLE,エネルギー,rate_sensitive,Lagging,9.0,1.0,1.0
2026-06-03,57.94519805908203,0.2790359081886883,0.27577906577219924,98.94092546933334,99.55147994540961,XLE,エネルギー,rate_sensitive,Lagging,10.0,2.0,3.0
2026-06-04,57.98468017578125,0.2771334648181009,0.27623053212083315,98.97430350348978,100.10857698766931,XLE,エネルギー,rate_sensitive,Improving,10.0,2.0,3.0
2026-06-05,56.91874694824219,0.2759657622050823,0.27614227548224957,98.97265378419769,100.62675431499017,XLE,エネルギー,rate_sensitive,Improving,9.0,1.0,2.0
2026-06-08,57.570152282714844,0.279419838264736,0.277234796409745,99.06077884204673,100.91676400938978,XLE,エネルギー,rate_sensitive,Improving,9.0,1.0,1.0
2026-06-09,56.64239501953125,0.2728404894393744,0.27577002741962153,98.95753995822344,100.6957687092034,XLE,エネルギー,rate_sensitive,Improving,9.0,0.0,-1.0
2026-06-10,57.49119567871094,0.28049577883870846,0.2773452778926505,99.08717930269205,100.71027512399242,XLE,エネルギー,rate_sensitive,Improving,8.0,-2.0,-4.0
2026-06-11,56.37591552734375,0.27083186420391464,0.2751741399964052,98.94547274638134,100.38663160447025,XLE,エネルギー,rate_sensitive,Improving,6.0,-4.0,-6.0
2026-06-12,56.80031204223633,0.270421106802333,0.27358979559838115,98.85791325524383,100.23277520767304,XLE,エネルギー,rate_sensitive,Improving,6.0,-3.0,-4.0
2026-06-15,54.82636642456055,0.2595151565096862,0.2688982492354829,98.56046426475598,99.52021051896237,XLE,エネルギー,rate_sensitive,Lagging,4.0,-5.0,-6.0
2026-06-16,54.63883972167969,0.2594929916164339,0.2657631633624666,98.39650458746186,99.42596139851243,XLE,エネルギー,rate_sensitive,Lagging,3.0,-6.0,-6.0
2026-06-17,53.95782470703125,0.26015792901287155,0.2638947519126016,98.33407668713897,99.08862263200037,XLE,エネルギー,rate_sensitive,Lagging,3.0,-5.0,-3.0
2026-06-18,53.06955337524414,0.2546929909097593,0.2608274982449875,98.20209876609394,99.13384802579142,XLE,エネルギー,rate_sensitive,Lagging,2.0,-4.0,0.0
2026-06-22,53.74056625366211,0.2573473443572666,0.25966744694908056,98.20251500742346,99.32236136726813,XLE,エネルギー,rate_sensitive,Lagging,3.0,-3.0,0.0
2026-06-23,54.13819885253906,0.2601450682286707,0.2598266540422773,98.28266181135957,100.0494767512563,XLE,エネルギー,rate_sensitive,Improving,3.0,-1.0,4.0
2026-06-24,53.25345993041992,0.25408136937619574,0.25791155915358344,98.22314511341081,100.25942778835477,XLE,エネルギー,rate_sensitive,Improving,3.0,0.0,6.0
2026-06-25,53.7703857421875,0.2548878760421399,0.2569036647831023,98.22028222464623,100.38112136385175,XLE,エネルギー,rate_sensitive,Improving,3.0,0.0,5.0
2026-06-26,53.52186584472656,0.2554469687816727,0.25641809944929245,98.23974911995904,100.67432767471408,XLE,エネルギー,rate_sensitive,Improving,3.0,1.0,5.0
2026-06-29,53.26340103149414,0.2509439864697429,0.25459339512277596,98.1533817143851,100.51521095188785,XLE,エネルギー,rate_sensitive,Improving,3.0,0.0,3.0
2026-06-30,52.79617691040039,0.24907005000620508,0.25275228008391903,98.04788365209927,100.16880886120616,XLE,エネルギー,rate_sensitive,Improving,2.0,-1.0,0.0
2026-07-01,52.49795150756836,0.24692042551340776,0.2508083285604153,97.93375018069243,100.06945387783801,XLE,エネルギー,rate_sensitive,Improving,1.0,-2.0,-2.0
2026-07-02,52.9055290222168,0.24710063315667966,0.2495724300925034,97.88741559006115,99.98573054134857,XLE,エネルギー,rate_sensitive,Lagging,1.0,-2.0,-2.0
2026-07-06,52.81605911254883,0.246579512566115,0.2485747909170406,97.86807069934704,99.90526071369244,XLE,エネルギー,rate_sensitive,Lagging,2.0,-1.0,-2.0
2026-07-07,54.317134857177734,0.25390635559808256,0.2503519791440546,98.03921412300298,100.38916498816064,XLE,エネルギー,rate_sensitive,Improving,1.0,-2.0,-2.0
2026-07-08,55.271461486816406,0.26144780889606817,0.25405058906139244,98.3329358088151,101.13390125105843,XLE,エネルギー,rate_sensitive,Improving,2.0,0.0,1.0
2026-07-09,54.49607467651367,0.2562104102732817,0.2547705294653555,98.42093019752086,101.47619204197268,XLE,エネルギー,rate_sensitive,Improving,3.0,2.0,4.0
2026-07-10,54.754539489746094,0.25646458596732224,0.2553352149660111,98.50526933227569,101.66346671283742,XLE,エネルギー,rate_sensitive,Improving,4.0,3.0,5.0
2026-07-13,56.40473175048828,0.26428025368052604,0.2583168945375161,98.77127108346309,102.09982280695638,XLE,エネルギー,rate_sensitive,Improving,6.0,4.0,5.0
2026-07-14,56.613487243652344,0.2662276707696527,0.2609538199482283,99.00760635370662,102.11078214922847,XLE,エネルギー,rate_sensitive,Improving,6.0,5.0,7.0
2026-07-15,56.16614532470703,0.26471930754939216,0.2622089824819496,99.1347048446215,101.74203650779171,XLE,エネルギー,rate_sensitive,Improving,6.0,4.0,4.0
2026-07-16,56.683074951171875,0.2645594015578656,0.262992455507255,99.22217060028582,101.676383577609,XLE,エネルギー,rate_sensitive,Improving,7.0,4.0,2.0
2026-07-17,57.339176177978516,0.2697413511544356,0.26524208738964855,99.4208410129533,101.8007169274963,XLE,エネルギー,rate_sensitive,Improving,8.0,4.0,1.0
2026-07-20,57.59763717651367,0.2721690257367786,0.2675510668386919,99.61734226896961,101.61661972484904,XLE,エネルギー,rate_sensitive,Improving,9.0,3.0,-1.0
2026-07-21,58.154327392578125,0.2743604558331873,0.2698208631701904,99.80413046116246,101.4786366254439,XLE,エネルギー,rate_sensitive,Improving,9.0,3.0,-2.0
2026-07-22,58.85019302368164,0.27772172138510676,0.2724544825751625,100.01614604945334,101.56430009945771,XLE,エネルギー,rate_sensitive,Leading,9.0,3.0,-1.0
2026-07-23,59.02912902832031,0.27959145088403914,0.27483347201145475,100.20628292289088,101.66821548325653,XLE,エネルギー,rate_sensitive,Leading,9.0,2.0,-2.0
2026-07-24,59.2677116394043,0.27855268691263724,0.27607321031184895,100.30627354937559,101.44861849333407,XLE,エネルギー,rate_sensitive,Leading,9.0,1.0,-3.0
2026-07-27,58.01515579223633,0.27062569287629745,0.27425737116666515,100.1671720996376,100.87233244104333,XLE,エネルギー,rate_sensitive,Leading,8.0,-1.0,-4.0
2026-07-28,57.22982406616211,0.26388419349607284,0.2707996452764677,99.90183509972098,100.12940931925263,XLE,エネルギー,rate_sensitive,Improving,8.0,-1.0,-4.0
2026-07-29,58.303443908691406,0.2712770946107368,0.27095879505455744,99.92701751279203,99.8294625329338,XLE,エネルギー,rate_sensitive,Lagging,8.0,-1.0,-4.0
2026-07-30,58.611610412597656,0.2731540978691655,0.2716905626594268,100.00257632571596,99.65471130306932,XLE,エネルギー,rate_sensitive,Weakening,9.0,0.0,-2.0
2026-07-31,59.198123931884766,0.2763622616010143,0.273247795639956,100.14822289677211,99.74255035728277,XLE,エネルギー,rate_sensitive,Weakening,9.0,0.0,-1.0
2026-08-03,58.4426155090332,0.2701962055378686,0.2722305989392602,100.08627376991922,99.8802123717975,XLE,エネルギー,rate_sensitive,Weakening,9.0,1.0,2.0
2026-08-04,58.17420959472656,0.26514501100672005,0.2698687362950802,99.91426002752033,100.044814644117,XLE,エネルギー,rate_sensitive,Improving,9.0,1.0,2.0
2026-08-05,56.97136306762695,0.26025356855127363,0.26666368038047805,99.66731591239899,99.60953925764044,XLE,エネルギー,rate_sensitive,Lagging,9.0,1.0,2.0
2026-08-06,57.81633758544922,0.26550309595245364,0.26627681890446997,99.65582892567836,99.47244309708829,XLE,エネルギー,rate_sensitive,Lagging,8.0,-1.0,-1.0
2026-08-07,57.16023635864258,0.26068927393710783,0.26441430391534926,99.51348079294424,99.00446231918646,XLE,エネルギー,rate_sensitive,Lagging,8.0,-1.0,-1.0
2026-08-10,59.82440185546875,0.27267860086282864,0.26716906956450903,99.77062606396281,99.51641733727124,XLE,エネルギー,rate_sensitive,Lagging,9.0,0.0,-1.0
2026-08-11,60.569969177246094,0.2754889191647679,0.26994235276459533,100.02780387142825,100.20816411641613,XLE,エネルギー,rate_sensitive,Leading,9.0,0.0,-1.0
2026-08-12,60.669376373291016,0.2754542781015405,0.2717796612102438,100.20265555265793,100.88857249071289,XLE,エネルギー,rate_sensitive,Leading,9.0,0.0,-1.0
2026-08-13,60.69920349121094,0.27354812064142564,0.2723691476873044,100.26843126521193,100.98784032202754,XLE,エネルギー,rate_sensitive,Leading,9.0,1.0,2.0
2026-08-14,61.5441780090332,0.2773062894518659,0.27401486160882493,100.43052362928911,101.44852905537591,XLE,エネルギー,rate_sensitive,Leading,9.0,1.0,2.0
2026-08-17,62.21022415161133,0.2828211186496762,0.27695028062244204,100.71856120315255,101.4605887232611,XLE,エネルギー,rate_sensitive,Leading,9.0,0.0,0.0
2026-08-18,63.3037223815918,0.2891017834924424,0.28100078157910885,101.12359481900211,101.6605858151784,XLE,エネルギー,rate_sensitive,Leading,10.0,1.0,1.0
2026-08-19,63.204315185546875,0.2856842345423619,0.2825619325668599,101.32663033866305,101.67972097527651,XLE,エネルギー,rate_sensitive,Leading,10.0,1.0,1.0
2026-08-20,63.37330627441406,0.288775756823987,0.2846332073192356,101.57997766373215,101.91935536686123,XLE,エネルギー,rate_sensitive,Leading,10.0,1.0,0.0
2026-08-21,63.26395797729492,0.28646983502546575,0.28524541655464564,101.68052479854586,101.76585336666638,XLE,エネルギー,rate_sensitive,Leading,10.0,1.0,0.0
2026-08-24,62.737091064453125,0.28375126820772234,0.2847473671056712,101.66231807883814,101.26513361754641,XLE,エネルギー,rate_sensitive,Leading,10.0,1.0,1.0
2026-08-25,61.693294525146484,0.2792316214706719,0.28290878522733814,101.48764348235696,100.37997358785545,XLE,エネルギー,rate_sensitive,Leading,10.0,0.0,-1.0
2026-08-26,62.06110763549805,0.2804664167049783,0.28209466238655156,101.39984701421113,99.91540131965263,XLE,エネルギー,rate_sensitive,Weakening,10.0,0.0,-1.0
2026-08-27,61.92193603515625,0.28067149253831475,0.2816202724371393,101.33650226425814,99.38602503073045,XLE,エネルギー,rate_sensitive,Weakening,10.0,0.0,-1.0
2026-08-28,62.30963134765625,0.28340138234657464,0.2822139757402844,101.36842233580246,99.22122375841488,XLE,エネルギー,rate_sensitive,Weakening,10.0,0.0,-1.0
2026-08-31,63.58206558227539,0.2909023632132115,0.28511010489792676,101.6117877893999,99.60508882172898,XLE,エネルギー,rate_sensitive,Weakening,11.0,1.0,0.0
2026-09-01,64.38727569580078,0.29702332919628205,0.28908117966404523,101.92515554289436,100.42369046897588,XLE,エネルギー,rate_sensitive,Leading,11.0,1.0,1.0
2026-09-02,64.71533203125,0.29715733451415727,0.2917732312807493,102.08840825838023,100.84250871395149,XLE,エネルギー,rate_sensitive,Leading,11.0,1.0,1.0
2026-09-03,64.23816680908203,0.29302265836098373,0.2921897069741608,102.03764537472073,100.83861623935296,XLE,エネルギー,rate_sensitive,Leading,11.0,1.0,1.0
2026-09-04,63.68147277832031,0.2918760223003089,0.2920851454162102,101.94763168959688,100.60539512398145,XLE,エネルギー,rate_sensitive,Leading,11.0,1.0,1.0
2026-09-08,64.38727569580078,0.2982019410581703,0.2941240772968636,102.03697140275209,100.3256109694001,XLE,エネルギー,rate_sensitive,Leading,11.0,0.0,-1.0
2026-09-09,64.92408752441406,0.3036159848790874,0.2972880464909382,102.18932512615304,100.03530731980906,XLE,エネルギー,rate_sensitive,Leading,11.0,0.0,-1.0
2026-09-10,64.54633331298828,0.30393094779764207,0.2995023469265062,102.2480755430771,99.84879466095332,XLE,エネルギー,rate_sensitive,Weakening,11.0,0.0,-1.0
2026-09-11,64.75509643554688,0.3025015708549122,0.30050208823597485,102.20379055615786,99.85456269856677,XLE,エネルギー,rate_sensitive,Weakening,11.0,0.0,-1.0
2026-09-14,64.14869689941406,0.2994736619403473,0.3001592794707657,102.07007297265716,99.76917136934087,XLE,エネルギー,rate_sensitive,Weakening,11.0,0.0,-1.0
2026-09-15,65.5404281616211,0.3074723763906296,0.3025969784440537,102.12551542205938,99.68735246947837,XLE,エネルギー,rate_sensitive,Weakening,11.0,0.0,0.0
2026-09-16,63.65165328979492,0.30097474488060255,0.30205623392290337,101.98363993140552,99.13230525589606,XLE,エネルギー,rate_sensitive,Weakening,10.0,-1.0,-1.0
2026-09-17,64.0989990234375,0.30162649424159976,0.30191298736246885,101.88171699265752,98.80463466007443,XLE,エネルギー,rate_sensitive,Weakening,10.0,-1.0,-1.0
2026-09-18,63.929996490478516,0.3022766399510091,0.3020342048919823,101.8066433937917,98.71533564516777,XLE,エネルギー,rate_sensitive,Weakening,10.0,-1.0,-1.0
2026-09-21,62.459999084472656,0.2936806527903611,0.2992496875247752,101.56549298497313,98.49493902933757,XLE,エネルギー,rate_sensitive,Weakening,8.0,-3.0,-3.0
2026-09-22,61.779998779296875,0.2903195389723306,0.296272971340627,101.32957509482138,98.00141640548559,XLE,エネルギー,rate_sensitive,Weakening,8.0,-3.0,-3.0
2026-09-23,62.369998931884766,0.29515876982862727,0.29590157083662716,101.26376956482427,98.19925539489016,XLE,エネルギー,rate_sensitive,Weakening,8.0,-2.0,-1.0
2026-09-24,62.599998474121094,0.29772662470076233,0.29650992212467225,101.26063926694142,98.42181737821123,XLE,エネルギー,rate_sensitive,Weakening,8.0,-2.0,-1.0
2026-09-25,62.040000915527344,0.2938752344093607,0.2956316928862351,101.16849944734649,98.44044144488745,XLE,エネルギー,rate_sensitive,Weakening,8.0,-2.0,-1.0
2026-09-28,62.040000915527344,0.2938752344093607,0.295046206727277,101.09855201382452,98.76744702794062,XLE,エネルギー,rate_sensitive,Weakening,8.0,0.0,3.0
2024-09-30,41.718345642089844,0.2405669084959108,0.2405669084959108,,,XLRE,不動産,rate_sensitive,,,,
2024-10-01,41.46619415283203,0.24038751919320514,0.2405071120616756,,,XLRE,不動産,rate_sensitive,,,,
2024-10-02,41.3167610168457,0.23977687324295127,0.24026369912210083,,,XLRE,不動産,rate_sensitive,,,,
2024-10-03,40.9151725769043,0.23857207400261277,0.23969982408227147,,,XLRE,不動産,rate_sensitive,,,,
2024-10-04,40.64433670043945,0.23514804701217856,0.23818256505890717,,,XLRE,不動産,rate_sensitive,,,,
2024-10-07,40.34547805786133,0.235250245096709,0.2372051250715078,,,XLRE,不動産,rate_sensitive,,,,
2024-10-08,40.466888427734375,0.23540012032572802,0.23660345682291456,,,XLRE,不動産,rate_sensitive,,,,
2024-10-09,40.485565185546875,0.2339019831483783,0.23570296559806914,,,XLRE,不動産,rate_sensitive,,,,
2024-10-10,40.149356842041016,0.2328319886409791,0.23474597327903915,,,XLRE,不動産,rate_sensitive,,,,
2024-10-11,40.56028366088867,0.23292691999446896,0.23413962218418244,,,XLRE,不動産,rate_sensitive,,,,
2024-10-14,40.840457916259766,0.2328275233889201,0.233702255919095,,,XLRE,不動産,rate_sensitive,,,,
2024-10-15,41.3541145324707,0.23682745114693635,0.2347439876617088,,,XLRE,不動産,rate_sensitive,,,,
2024-10-16,41.765037536621094,0.23757409669602556,0.23568735733981439,,,XLRE,不動産,rate_sensitive,,,,
2024-10-17,41.494205474853516,0.23641097189450927,0.23592856219137937,,,XLRE,不動産,rate_sensitive,,,,
2024-10-18,41.783721923828125,0.23735369943063814,0.23640360793779897,,,XLRE,不動産,rate_sensitive,,,,
2024-10-21,40.92451095581055,0.23447117220079433,0.23575946269213077,,,XLRE,不動産,rate_sensitive,,,,
2024-10-22,40.989891052246094,0.23590545949389344,0.23580812829271836,,,XLRE,不動産,rate_sensitive,,,,
2024-10-23,41.39147186279297,0.23900218144447943,0.23687281267663873,,,XLRE,不動産,rate_sensitive,,,,
2024-10-24,41.484867095947266,0.2394878887716543,0.2377445047083106,,,XLRE,不動産,rate_sensitive,,,,
2024-10-25,41.157997131347656,0.23873483562372388,0.2380746150134484,,,XLRE,不動産,rate_sensitive,,,,
2024-10-28,41.28873825073242,0.23814275757981931,0.2380973292022387,,,XLRE,不動産,rate_sensitive,,,,
2024-10-29,40.9151725769043,0.2367017006064395,0.23763211967030565,,,XLRE,不動産,rate_sensitive,,,,
2024-10-30,41.06460189819336,0.23808615853196777,0.23778346595752636,,,XLRE,不動産,rate_sensitive,,,,
2024-10-31,40.34547805786133,0.23643789975913407,0.23733494389139562,,,XLRE,不動産,rate_sensitive,,,,
2024-11-01,39.91587448120117,0.23377438781522333,0.23614809186600488,,,XLRE,不動産,rate_sensitive,,,,
2024-11-04,40.364158630371094,0.23611875767855212,0.23613831380352063,,,XLRE,不動産,rate_sensitive,,,,
2024-11-05,40.9151725769043,0.23658251396687477,0.23628638052463868,,,XLRE,不動産,rate_sensitive,,,,
2024-11-06,39.822486877441406,0.22493887414659103,0.2325038783986228,,,XLRE,不動産,rate_sensitive,,,,
2024-11-07,40.31746292114258,0.22751086861993283,0.23083954180572616,,,XLRE,不動産,rate_sensitive,,,,
2024-11-08,41.00856399536133,0.2301286159233608,0.23060256651160438,,,XLRE,不動産,rate_sensitive,,,,
2024-11-11,40.65367126464844,0.2270026283197362,0.229402587114315,,,XLRE,不動産,rate_sensitive,,,,
2024-11-12,40.1400146484375,0.2258557111372306,0.22822029512195355,,,XLRE,不動産,rate_sensitive,,,,
2024-11-13,40.457550048828125,0.22751846327604497,0.22798635117331736,,,XLRE,不動産,rate_sensitive,,,,
2024-11-14,40.09332275390625,0.22728889528619364,0.22775386587760946,,,XLRE,不動産,rate_sensitive,,,,
2024-11-15,40.1400146484375,0.22918846206120252,0.22823206460547382,,,XLRE,不動産,rate_sensitive,,,,
2024-11-18,40.494911193847656,0.23028577264703887,0.22891663395266218,,,XLRE,不動産,rate_sensitive,,,,
2024-11-19,40.66301727294922,0.23186716263607415,0.2299001435137995,,,XLRE,不動産,rate_sensitive,,,,
2024-11-20,40.59764099121094,0.23071756129248322,0.2301726161066941,,,XLRE,不動産,rate_sensitive,,,,
2024-11-21,40.86847686767578,0.22936740958513405,0.22990421393284077,,,XLRE,不動産,rate_sensitive,,,,
2024-11-22,41.176673889160156,0.22929096610139393,0.22969979798902518,,,XLRE,不動産,rate_sensitive,,,,
2024-11-25,41.72768783569336,0.23027410683565716,0.22989123427123584,,,XLRE,不動産,rate_sensitive,,,,
2024-11-26,41.93315124511719,0.23138323108921663,0.2303885665438961,,,XLRE,不動産,rate_sensitive,,,,
2024-11-27,42.22266387939453,0.23320496728890797,0.23132736679223342,,,XLRE,不動産,rate_sensitive,,,,
2024-11-29,42.02653884887695,0.23141652813609478,0.23135708724018722,,,XLRE,不動産,rate_sensitive,,,,
2024-12-02,41.39147186279297,0.22849194791293148,0.23040204079776866,,,XLRE,不動産,rate_sensitive,,,,
2024-12-03,41.148658752441406,0.22816344367319727,0.22965584175624487,,,XLRE,不動産,rate_sensitive,,,,
2024-12-04,41.03658676147461,0.22752981546165382,0.2289471663247145,,,XLRE,不動産,rate_sensitive,,,,
2024-12-05,40.93385696411133,0.22809872273141513,0.22866435179361475,,,XLRE,不動産,rate_sensitive,,,,
2024-12-06,40.877811431884766,0.22804469235223185,0.22845779864648713,,,XLRE,不動産,rate_sensitive,,,,
2024-12-09,40.96186828613281,0.22945526537034372,0.22879028755443934,,,XLRE,不動産,rate_sensitive,,,,
2024-12-10,40.29878234863281,0.2271324935604021,0.22823768955642693,,,XLRE,不動産,rate_sensitive,,,,
2024-12-11,40.19605255126953,0.22634360471915116,0.22760632794400168,,,XLRE,不動産,rate_sensitive,,,,
2024-12-12,40.16802978515625,0.22701479628791055,0.22740915072530465,,,XLRE,不動産,rate_sensitive,,,,
2024-12-13,39.99993133544922,0.22685903066544932,0.22722577737201954,,,XLRE,不動産,rate_sensitive,,,,
2024-12-16,39.79446792602539,0.22643963374360646,0.22696372949588187,,,XLRE,不動産,rate_sensitive,,,,
2024-12-17,39.61701965332031,0.22721947025609943,0.2270489764159544,,,XLRE,不動産,rate_sensitive,,,,
2024-12-18,38.06670379638672,0.22498508810867077,0.22636101364685984,,,XLRE,不動産,rate_sensitive,,,,
2024-12-19,37.4129638671875,0.22185743082903098,0.22485981937425023,,,XLRE,不動産,rate_sensitive,,,,
2024-12-20,38.0947265625,0.22278013470269864,0.22416659115039972,,,XLRE,不動産,rate_sensitive,,,,
2024-12-23,38.26841735839844,0.22349119810795745,0.22394146013625232,,,XLRE,不動産,rate_sensitive,,,,
2024-12-24,38.52328109741211,0.2232949258826859,0.22372594871839688,,,XLRE,不動産,rate_sensitive,,,,
2024-12-26,38.57992172241211,0.2232587004820633,0.2235701993062857,,,XLRE,不動産,rate_sensitive,,,,
2024-12-27,38.26841735839844,0.22297261855038045,0.22337100572098395,98.22726432030052,,XLRE,不動産,rate_sensitive,,3.0,,
2024-12-30,38.08906173706055,0.22418607193016457,0.2236426944573775,98.3334637937959,,XLRE,不動産,rate_sensitive,,3.0,,
2024-12-31,38.3911247253418,0.22555131187721836,0.22427890026399114,98.50449656882877,,XLRE,不動産,rate_sensitive,,3.0,,
2025-01-02,38.03242492675781,0.22409614376430612,0.22421798143076282,98.52957419884767,,XLRE,不動産,rate_sensitive,,3.0,,
2025-01-03,38.551605224609375,0.2250939726116978,0.2245099784910745,98.62642594739998,,XLRE,不動産,rate_sensitive,,3.0,,
2025-01-06,38.02297592163086,0.2221586237663643,0.2237261935828378,98.5063246390689,,XLRE,不動産,rate_sensitive,,3.0,0.0,
2025-01-07,37.73979568481445,0.2212449331707201,0.2228991067787986,98.38759288442188,,XLRE,不動産,rate_sensitive,,3.0,0.0,
2025-01-08,37.900264739990234,0.22192023053391424,0.2225728146971705,98.37868671358433,,XLRE,不動産,rate_sensitive,,1.0,-2.0,
2025-01-10,36.984619140625,0.21977123634830467,0.22163895524754856,98.2549702195476,,XLRE,不動産,rate_sensitive,,1.0,-2.0,
2025-01-13,37.456600189208984,0.22076640545288823,0.22134810531599514,98.26900011921116,,XLRE,不動産,rate_sensitive,,1.0,-2.0,
2025-01-14,37.777549743652344,0.22087510556247558,0.22119043873148864,98.30887315537778,,XLRE,不動産,rate_sensitive,,1.0,-2.0,-2.0
2025-01-15,37.93803024291992,0.21970466623061055,0.22069518123119594,98.28432285949366,,XLRE,不動産,rate_sensitive,,2.0,-1.0,-1.0
2025-01-16,38.787593841552734,0.22286945912252523,0.22141994052830571,98.48383780204506,,XLRE,不動産,rate_sensitive,,2.0,1.0,3.0
2025-01-17,38.778160095214844,0.22173853257076487,0.22152613787579212,98.55438664651233,,XLRE,不動産,rate_sensitive,,2.0,1.0,3.0
2025-01-21,39.48613357543945,0.22319586815265924,0.22208271463474782,98.70341412676737,,XLRE,不動産,rate_sensitive,,2.0,1.0,3.0
2025-01-22,38.797035217285156,0.22007403710562679,0.22141315545837414,98.61641705438275,,XLRE,不動産,rate_sensitive,,2.0,1.0,3.0
2025-01-23,39.10854721069336,0.2207948309040327,0.2212070472735937,98.62040463620193,,XLRE,不動産,rate_sensitive,,2.0,0.0,1.0
2025-01-24,39.22182083129883,0.22162881545679256,0.22134763666799334,98.68783543351594,,XLRE,不動産,rate_sensitive,,2.0,0.0,-1.0
2025-01-27,39.60884475708008,0.22366841392721235,0.22212122908773302,98.86860894532738,,XLRE,不動産,rate_sensitive,,2.0,0.0,-1.0
2025-01-28,39.127418518066406,0.22204600104448247,0.22209615307331618,98.88824183707776,,XLRE,不動産,rate_sensitive,,2.0,0.0,-1.0
2025-01-29,38.674320220947266,0.2202030328825816,0.22146511300973798,98.7824688940961,,XLRE,不動産,rate_sensitive,,2.0,0.0,-1.0
2025-01-30,39.18405532836914,0.22074901693187843,0.22122641431711815,98.75167624361303,,XLRE,不動産,rate_sensitive,,1.0,-1.0,-1.0
2025-01-31,39.099098205566406,0.22209341016466247,0.22151541293296625,98.83086296543881,,XLRE,不動産,rate_sensitive,,1.0,-1.0,-1.0
2025-02-03,39.033023834228516,0.2229358482173321,0.22198889136108824,98.94807628603188,,XLRE,不動産,rate_sensitive,,1.0,-1.0,-1.0
2025-02-04,39.033023834228516,0.22266407850518571,0.22221395374245406,99.01145919320719,,XLRE,不動産,rate_sensitive,,1.0,-1.0,-1.0
2025-02-05,39.646610260009766,0.2250668154592271,0.22316490764804509,99.25890717546619,,XLRE,不動産,rate_sensitive,,2.0,0.0,0.0
2025-02-06,39.75988006591797,0.22600894857884823,0.22411292129164617,99.52125700511831,,XLRE,不動産,rate_sensitive,,3.0,2.0,3.0
2025-02-07,39.6182861328125,0.22631622667290416,0.22484735641873219,99.74901299454565,,XLRE,不動産,rate_sensitive,,5.0,4.0,5.0
2025-02-10,39.6749267578125,0.2260002268575921,0.22523164656501882,99.8876966400337,,XLRE,不動産,rate_sensitive,,5.0,4.0,5.0
2025-02-11,39.89203643798828,0.227211808013149,0.2258917003810622,100.10652420405005,,XLRE,不動産,rate_sensitive,,5.0,4.0,5.0
2025-02-12,39.552215576171875,0.2265925966526179,0.2261253324715808,100.20148192599295,,XLRE,不動産,rate_sensitive,,5.0,3.0,3.0
2025-02-13,39.86371612548828,0.2264116645523425,0.22622077649850136,100.24882764616926,,XLRE,不動産,rate_sensitive,,4.0,1.0,-1.0
2025-02-14,39.7032470703125,0.22572438274124454,0.2260553119127491,100.20959995594163,,XLRE,不動産,rate_sensitive,,4.0,-1.0,-5.0
2025-02-18,39.84483337402344,0.2248037389823379,0.22563812093594537,100.09220211124409,,XLRE,不動産,rate_sensitive,,4.0,-1.0,-5.0
2025-02-19,39.92036056518555,0.22477409360363745,0.22535011182517609,100.01432624454426,,XLRE,不動産,rate_sensitive,,3.0,-2.0,-6.0
2025-02-20,40.19411087036133,0.2268862381592918,0.22586215393654802,100.18784021752069,,XLRE,不動産,rate_sensitive,,3.0,-2.0,-5.0
2025-02-21,39.86371612548828,0.22822476392681945,0.22664969059997184,100.45184895154266,,XLRE,不動産,rate_sensitive,,5.0,1.0,0.0
2025-02-24,40.04307174682617,0.22906053819996344,0.22745330646663572,100.73033074080494,,XLRE,不動産,rate_sensitive,,6.0,2.0,3.0
2025-02-25,40.46785354614258,0.23125913349324947,0.228721915475507,101.1596205047294,,XLRE,不動産,rate_sensitive,,6.0,2.0,3.0
2025-02-26,40.269622802734375,0.23061275510636536,0.2293521953524598,101.37402003631446,,XLRE,不動産,rate_sensitive,,8.0,5.0,7.0
2025-02-27,40.448978424072266,0.2336806767654329,0.23079502249011752,101.82374407942976,,XLRE,不動産,rate_sensitive,,9.0,6.0,8.0
2025-02-28,40.73217010498047,0.2327308864227649,0.23144031046766667,101.9966692616327,,XLRE,不動産,rate_sensitive,,9.0,4.0,3.0
2025-03-03,41.08143615722656,0.23725464139323135,0.23337842077618826,102.52024334909837,,XLRE,不動産,rate_sensitive,,11.0,5.0,3.0
2025-03-04,40.60945510864258,0.23838014027033325,0.23504566060756993,102.88998744083405,,XLRE,不動産,rate_sensitive,,11.0,5.0,3.0
2025-03-05,40.987037658691406,0.2383810464932081,0.23615745590278267,103.02835196164949,,XLRE,不動産,rate_sensitive,,11.0,3.0,-2.0
2025-03-06,39.86371612548828,0.23444375405283505,0.23558622195280013,102.71223267816863,,XLRE,不動産,rate_sensitive,,10.0,1.0,-5.0
2025-03-07,40.09027099609375,0.23358772897964178,0.23492005762841403,102.41346798808677,,XLRE,不動産,rate_sensitive,,10.0,1.0,-3.0
2025-03-10,39.7032470703125,0.23463937026278608,0.23482649517320475,102.27693579986654,,XLRE,不動産,rate_sensitive,,9.0,-2.0,-7.0
2025-03-11,39.28790283203125,0.23531871876210114,0.23499056970283688,102.20928534093476,,XLRE,不動産,rate_sensitive,,9.0,-2.0,-7.0
2025-03-12,39.146305084228516,0.23558081291098784,0.2351873174388872,102.15187994742578,,XLRE,不動産,rate_sensitive,,9.0,-2.0,-5.0
2025-03-13,38.38168716430664,0.2332151410486856,0.23452992530882,101.92553214703442,,XLRE,不動産,rate_sensitive,,8.0,-2.0,-3.0
2025-03-14,39.127418518066406,0.2332987544411298,0.23411953501958993,101.76931394488814,,XLRE,不動産,rate_sensitive,,9.0,-1.0,-2.0
2025-03-17,39.8165168762207,0.23424644837366462,0.23416183947094815,101.71463689251577,,XLRE,不動産,rate_sensitive,,9.0,0.0,2.0
2025-03-18,39.571083068847656,0.23401948945313916,0.23411438946501184,101.64502255302914,,XLRE,不動産,rate_sensitive,,8.0,-1.0,1.0
2025-03-19,39.6182861328125,0.23257520465246434,0.23360132786082935,101.4892897576547,,XLRE,不動産,rate_sensitive,,8.0,-1.0,1.0
2025-03-20,39.571083068847656,0.23326907932521598,0.23349057834895826,101.42134082757012,,XLRE,不動産,rate_sensitive,,8.0,0.0,2.0
2025-03-21,39.18405532836914,0.23205056690481682,0.23301057453424445,101.28761609525009,,XLRE,不動産,rate_sensitive,,8.0,-1.0,0.0
2025-03-24,39.7293701171875,0.231689633006036,0.23257026069150832,101.16705479618822,,XLRE,不動産,rate_sensitive,,8.0,-1.0,-1.0
2025-03-25,39.25436019897461,0.22946807925158713,0.2315362002115346,100.93668915326025,,XLRE,不動産,rate_sensitive,,7.0,-1.0,0.0
2025-03-26,39.453861236572266,0.23106935141555487,0.23138058394620803,100.88004121206866,,XLRE,不動産,rate_sensitive,,7.0,-1.0,0.0
2025-03-27,39.358863830566406,0.23110748205066545,0.2312895499810272,100.836966753691,,XLRE,不動産,rate_sensitive,,6.0,-2.0,-2.0
2025-03-28,39.33985900878906,0.23461274038078728,0.23239728011428057,101.01999473713329,,XLRE,不動産,rate_sensitive,,6.0,-2.0,-1.0
2025-03-31,39.75786590576172,0.23514835870408157,0.23331430631088093,101.15887013806983,,XLRE,不動産,rate_sensitive,,7.0,-1.0,0.0
2025-04-01,39.786373138427734,0.23507271780813224,0.23390044347663136,101.22946676384967,,XLRE,不動産,rate_sensitive,,7.0,0.0,1.0
2025-04-02,39.97637176513672,0.23423667198489379,0.2340125196460522,101.20994380366305,,XLRE,不動産,rate_sensitive,,8.0,1.0,2.0
2025-04-03,38.779354095458984,0.2385888361986376,0.235537958496914,101.44371021590429,,XLRE,不動産,rate_sensitive,,8.0,2.0,4.0
2025-04-04,37.0123405456543,0.24126327990009067,0.23744639896463957,101.72284367605629,,XLRE,不動産,rate_sensitive,,9.0,3.0,5.0
2025-04-07,36.11933135986328,0.23742104032639122,0.23743794608522345,101.65130964686686,100.37779725222629,XLRE,不動産,rate_sensitive,Leading,9.0,2.0,3.0
2025-04-08,35.2263298034668,0.23600257348498774,0.23695948855181154,101.50743594071436,100.0585354088601,XLRE,不動産,rate_sensitive,Leading,8.0,1.0,1.0
2025-04-09,37.249839782714844,0.2310795523548962,0.23499950981950643,101.12499521094438,99.52213625542446,XLRE,不動産,rate_sensitive,Weakening,8.0,0.0,-1.0
2025-04-10,36.46133804321289,0.2340678189573236,0.23468894619877884,101.0369902832331,99.05506214788727,XLRE,不動産,rate_sensitive,Weakening,8.0,0.0,-2.0
2025-04-11,36.97433853149414,0.23381577482206303,0.2343978890732069,100.95551646753432,98.55187498659879,XLRE,不動産,rate_sensitive,Weakening,6.0,-3.0,-6.0
2025-04-14,37.79134750366211,0.23596755516530823,0.23492111110390734,101.01673333550151,98.76064646390584,XLRE,不動産,rate_sensitive,Weakening,6.0,-3.0,-5.0
2025-04-15,37.84835433959961,0.23708926144961848,0.23564382788581106,101.1120790288842,99.11528161978099,XLRE,不動産,rate_sensitive,Weakening,7.0,-1.0,-2.0
2025-04-16,37.829349517822266,0.24005234185173402,0.23711333254111872,101.33642972540528,99.98525309798562,XLRE,不動産,rate_sensitive,Weakening,7.0,-1.0,-1.0
2025-04-17,38.4278564453125,0.2420512548439652,0.23875930664206757,101.58000200533944,100.45471358226638,XLRE,不動産,rate_sensitive,Leading,8.0,0.0,0.0
2025-04-21,37.62984085083008,0.24188744375336185,0.239802019012499,101.70659756576138,100.74192721869474,XLRE,不動産,rate_sensitive,Leading,9.0,3.0,6.0
2025-04-22,38.39935302734375,0.24089428800045795,0.240166108675152,101.70902631896875,100.64957789771856,XLRE,不動産,rate_sensitive,Leading,9.0,3.0,6.0
2025-04-23,38.44685363769531,0.23888131642490665,0.2397378445917369,101.58299926939127,100.32777770562609,XLRE,不動産,rate_sensitive,Leading,9.0,2.0,3.0
2025-04-24,38.560855865478516,0.23560333490518806,0.23835967469622063,101.30296443182955,99.61307155146483,XLRE,不動産,rate_sensitive,Weakening,8.0,1.0,2.0
2025-04-25,38.50385284423828,0.23559226834822963,0.237437205913557,101.1084445127056,99.00873595770395,XLRE,不動産,rate_sensitive,Weakening,7.0,-1.0,-1.0
2025-04-28,38.741355895996094,0.2363819969514636,0.2370854695928592,101.01633430803619,98.7372002168361,XLRE,不動産,rate_sensitive,Weakening,7.0,-2.0,-5.0
2025-04-29,39.05485916137695,0.23691218316746546,0.2370277074510613,100.97938808701934,98.719857453375,XLRE,不動産,rate_sensitive,Weakening,7.0,-2.0,-5.0
2025-04-30,39.2353630065918,0.237669457639426,0.23724162418051623,100.99651044246365,98.94425805464579,XLRE,不動産,rate_sensitive,Weakening,8.0,-1.0,-3.0
2025-05-01,39.349361419677734,0.23868455715023124,0.2377226018370879,101.06876367578266,99.43673019690144,XLRE,不動産,rate_sensitive,Weakening,8.0,0.0,-1.0
2025-05-02,39.83386993408203,0.23743450559317322,0.237626569755783,101.03014662371686,99.65509789867095,XLRE,不動産,rate_sensitive,Weakening,8.0,1.0,2.0
2025-05-05,39.786373138427734,0.23794045209821788,0.2377311972032613,101.0327066020582,99.78587645280722,XLRE,不動産,rate_sensitive,Weakening,9.0,2.0,4.0
2025-05-06,39.510868072509766,0.2380575191799092,0.23783997119547728,101.0386825105338,99.84592219473252,XLRE,不動産,rate_sensitive,Weakening,8.0,1.0,3.0
2025-05-07,39.48236846923828,0.23632929379503242,0.23733641206199568,100.90895314205248,99.65741261341083,XLRE,不動産,rate_sensitive,Weakening,8.0,0.0,1.0
2025-05-08,39.292362213134766,0.23322987695279862,0.23596756702559668,100.57459625134088,99.12970189514343,XLRE,不動産,rate_sensitive,Weakening,8.0,0.0,0.0
2025-05-09,39.52986145019531,0.23469396814445087,0.23554303406521476,100.4496508874267,99.0426651043642,XLRE,不動産,rate_sensitive,Weakening,8.0,0.0,-1.0
2025-05-12,39.56787109375,0.22865249057436293,0.23324618623493082,99.85443584397964,98.29489555363128,XLRE,不動産,rate_sensitive,Lagging,5.0,-4.0,-6.0
2025-05-13,39.03586196899414,0.22507036928986887,0.23052091391991017,99.12439327730424,97.46968564924576,XLRE,不動産,rate_sensitive,Lagging,4.0,-4.0,-5.0
2025-05-14,38.70336151123047,0.22450507491443414,0.22851563425141816,98.56972304902443,97.16042295637264,XLRE,不動産,rate_sensitive,Lagging,3.0,-5.0,-5.0
2025-05-15,39.415870666503906,0.2265728766893796,0.22786804839740532,98.37094559302083,97.50327393450223,XLRE,不動産,rate_sensitive,Lagging,3.0,-5.0,-5.0
2025-05-16,39.90986633300781,0.22718196381238057,0.22763935353573042,98.28054562696433,97.69261652537813,XLRE,不動産,rate_sensitive,Lagging,3.0,-5.0,-5.0
2025-05-19,39.9953727722168,0.22769399367458953,0.22765756691535013,98.24567387817508,98.38447423066827,XLRE,不動産,rate_sensitive,Lagging,3.0,-2.0,2.0
2025-05-20,39.786373138427734,0.22709724689938685,0.22747079357669572,98.14775131876029,99.09706003588423,XLRE,不動産,rate_sensitive,Lagging,3.0,-1.0,3.0
2025-05-21,38.73185729980469,0.22600106842362996,0.2269808851923405,97.98271057820126,99.53088289730002,XLRE,不動産,rate_sensitive,Lagging,2.0,-1.0,4.0
2025-05-22,38.59885787963867,0.22594565063411076,0.22663580700626393,97.88485208022583,99.652086657582,XLRE,不動産,rate_sensitive,Lagging,2.0,-1.0,4.0
2025-05-23,38.60835647583008,0.2269087107197766,0.22672677491076815,97.92768497735253,99.81081990669638,XLRE,不動産,rate_sensitive,Lagging,2.0,-1.0,4.0
2025-05-27,39.24486541748047,0.2264283390094084,0.22662729627698158,97.94400143853703,99.88855846457763,XLRE,不動産,rate_sensitive,Lagging,2.0,-1.0,1.0
2025-05-28,39.24486541748047,0.2283701954226895,0.22720826265888425,98.14313626752953,100.24701383489707,XLRE,不動産,rate_sensitive,Improving,2.0,-1.0,0.0
2025-05-29,39.605865478515625,0.22990942103280448,0.22810864878352433,98.42428257425442,100.79975506332222,XLRE,不動産,rate_sensitive,Improving,2.0,0.0,1.0
2025-05-30,39.64386749267578,0.2302213566265564,0.2288128847312017,98.64142569370739,101.21314026414643,XLRE,不動産,rate_sensitive,Improving,3.0,1.0,2.0
2025-06-02,39.70086669921875,0.23036952201509006,0.22933176382583115,98.81080270041265,101.43136219322164,XLRE,不動産,rate_sensitive,Improving,3.0,1.0,2.0
2025-06-03,39.55836486816406,0.2276474129564852,0.22877031353604918,98.70606398485432,101.350553100076,XLRE,不動産,rate_sensitive,Improving,3.0,1.0,2.0
2025-06-04,39.68186569213867,0.22887231535453906,0.22880431414221247,98.75724000143188,101.23095148088353,XLRE,不動産,rate_sensitive,Improving,3.0,1.0,2.0
2025-06-05,39.67236328125,0.22943749264798216,0.2290153736441357,98.84880278692411,100.99874824895977,XLRE,不動産,rate_sensitive,Improving,3.0,1.0,1.0
2025-06-06,39.786373138427734,0.2281266541205044,0.2287191338029253,98.81101924300692,100.65932129207054,XLRE,不動産,rate_sensitive,Improving,3.0,0.0,-1.0
2025-06-09,39.76736831665039,0.2279794279210071,0.22847256517561923,98.78778400643145,100.3901535048208,XLRE,不動産,rate_sensitive,Improving,3.0,0.0,-1.0
2025-06-10,40.11886978149414,0.22885486579956055,0.228599998716933,98.85582294167028,100.60802473432926,XLRE,不動産,rate_sensitive,Improving,2.0,-1.0,-2.0
2025-06-11,39.90037155151367,0.22825657525762666,0.22848552423049756,98.86379662387353,100.52915335731197,XLRE,不動産,rate_sensitive,Improving,2.0,-1.0,-2.0
2025-06-12,40.11886978149414,0.22896958341461376,0.22864687729186967,98.93529576987625,100.48362898292362,XLRE,不動産,rate_sensitive,Improving,2.0,-1.0,-2.0
2025-06-13,39.79586410522461,0.22990515226580355,0.22906630228318098,99.06318154382406,100.69056137780662,XLRE,不動産,rate_sensitive,Improving,4.0,1.0,1.0
2025-06-16,39.83386993408203,0.2279270951801963,0.2286865665821861,98.99994725655931,100.61780937622383,XLRE,不動産,rate_sensitive,Improving,3.0,0.0,0.0
2025-06-17,39.67236328125,0.2292046052708716,0.2288592461450813,99.06742319866974,100.59937795996335,XLRE,不動産,rate_sensitive,Improving,4.0,2.0,3.0
2025-06-18,39.74837112426758,0.22961786611651328,0.22911211946889196,99.14952708936512,100.67958650599768,XLRE,不動産,rate_sensitive,Improving,4.0,2.0,3.0
2025-06-20,39.738868713378906,0.22918824204031518,0.2291374936593664,99.17630698697118,100.60131100478505,XLRE,不動産,rate_sensitive,Improving,4.0,2.0,3.0
2025-06-23,40.31882095336914,0.2304980728105562,0.22959102004309634,99.29887696968684,100.57763991256118,XLRE,不動産,rate_sensitive,Improving,6.0,2.0,1.0
2025-06-24,40.51054000854492,0.22942186682032326,0.22953463563550533,99.29978100168431,100.6457422408734,XLRE,不動産,rate_sensitive,Improving,6.0,3.0,3.0
2025-06-25,39.5231819152832,0.22545685152821476,0.2281753742664085,99.00201804529554,100.13561677583704,XLRE,不動産,rate_sensitive,Improving,4.0,0.0,-2.0
2025-06-26,39.273948669433594,0.22235702511296215,0.22623592454859304,98.59331849442445,99.46370336125541,XLRE,不動産,rate_sensitive,Lagging,1.0,-3.0,-5.0
2025-06-27,39.417728424072266,0.22235678909969128,0.22494287939895913,98.35756514748631,99.11329462028324,XLRE,不動産,rate_sensitive,Lagging,1.0,-3.0,-5.0
2025-06-30,39.70531463623047,0.22293151197559902,0.22427242359117244,98.27982371094109,98.86865384138312,XLRE,不動産,rate_sensitive,Lagging,1.0,-5.0,-7.0
2025-07-01,39.97372055053711,0.22183858031044998,0.2234611424975983,98.18698539247582,98.78055632595891,XLRE,不動産,rate_sensitive,Lagging,1.0,-5.0,-8.0
2025-07-02,40.050411224365234,0.22175763334722307,0.2228933061141399,98.15480207099806,99.16024610014922,XLRE,不動産,rate_sensitive,Lagging,2.0,-2.0,-2.0
2025-07-03,40.069580078125,0.22079745549850827,0.2221946892422627,98.10445855589145,99.652446166978,XLRE,不動産,rate_sensitive,Lagging,2.0,1.0,4.0
2025-07-07,39.76283645629883,0.22087244240646878,0.22175394029699808,98.10820587069695,99.98969835908566,XLRE,不動産,rate_sensitive,Lagging,1.0,0.0,3.0
2025-07-08,39.70531463623047,0.22000203250949907,0.22116997103449842,98.08242398843747,100.07997905864849,XLRE,不動産,rate_sensitive,Improving,2.0,1.0,6.0
2025-07-09,39.6861457824707,0.21924103022927965,0.2205269907660922,98.0502855831999,100.17793668291549,XLRE,不動産,rate_sensitive,Improving,1.0,0.0,5.0
2025-07-10,39.887451171875,0.21908399486447505,0.22004599213221981,98.05233874094671,100.23434119024688,XLRE,不動産,rate_sensitive,Improving,1.0,-1.0,1.0
2025-07-11,39.8491096496582,0.22048746825832163,0.22019315084092045,98.16543297256584,100.45648771049498,XLRE,不動産,rate_sensitive,Improving,2.0,0.0,-1.0
2025-07-14,40.11751174926758,0.22174411479807316,0.22071013882663804,98.32949181978904,100.6618339059148,XLRE,不動産,rate_sensitive,Improving,1.0,0.0,0.0
2025-07-15,39.59987258911133,0.22196088290443874,0.22112705351923828,98.46372277624262,100.85518111900441,XLRE,不動産,rate_sensitive,Improving,2.0,0.0,-1.0
2025-07-16,40.0312385559082,0.22350706395655687,0.22192039033167782,98.64980902301483,101.11897102090738,XLRE,不動産,rate_sensitive,Improving,3.0,2.0,2.0
2025-07-17,39.99289321899414,0.2214872316553574,0.2217760041062377,98.67109457627129,101.11230458345845,XLRE,不動産,rate_sensitive,Improving,2.0,1.0,2.0
2025-07-18,40.107933044433594,0.22220876662129524,0.22192025827792358,98.73617572004171,101.03339088533808,XLRE,不動産,rate_sensitive,Improving,2.0,0.0,0.0
2025-07-21,40.26130676269531,0.22382408513469748,0.22255486723018156,98.87607836455518,101.00085456258176,XLRE,不動産,rate_sensitive,Improving,3.0,2.0,2.0
2025-07-22,40.961082458496094,0.22484783715421933,0.22331919053819416,99.03322955511483,101.04016960863422,XLRE,不動産,rate_sensitive,Improving,5.0,3.0,3.0
2025-07-23,41.076114654541016,0.22362667556090168,0.22342168554576336,99.07338602265622,100.85454627629969,XLRE,不動産,rate_sensitive,Improving,5.0,2.0,0.0
2025-07-24,41.01860427856445,0.22403073948525842,0.22362470352559505,99.13188763953201,100.90536457108347,XLRE,不動産,rate_sensitive,Improving,5.0,3.0,2.0
2025-07-25,41.01860427856445,0.2229567062463486,0.22340203776584625,99.11376821312858,100.78022171144153,XLRE,不動産,rate_sensitive,Improving,5.0,3.0,3.0
2025-07-28,40.309234619140625,0.2204041353485397,0.2224027369600774,98.94849122001656,100.35695299063174,XLRE,不動産,rate_sensitive,Improving,4.0,1.0,-1.0
2025-07-29,40.98025894165039,0.2241812929712519,0.22299558896380225,99.08920918559974,100.31972564410283,XLRE,不動産,rate_sensitive,Improving,4.0,-1.0,-4.0
2025-07-30,40.40509796142578,0.2224780703136257,0.22282308274707674,99.07862064935254,100.23626213594275,XLRE,不動産,rate_sensitive,Improving,5.0,0.0,-2.0
2025-07-31,39.69573211669922,0.22058377254370404,0.22207664601261917,98.948516872858,99.97130619476843,XLRE,不動産,rate_sensitive,Lagging,4.0,-1.0,-4.0
2025-08-01,39.580692291259766,0.22245215061527743,0.22220181421350527,98.99262777099119,100.0536178673015,XLRE,不動産,rate_sensitive,Improving,5.0,0.0,-3.0
2025-08-04,39.91620635986328,0.22162785645891017,0.2220104949619736,98.96612266259565,100.24046153135552,XLRE,不動産,rate_sensitive,Improving,5.0,1.0,0.0
2025-08-05,40.050411224365234,0.2229918031254864,0.22233759768314454,99.05131942374351,100.16608261639531,XLRE,不動産,rate_sensitive,Improving,5.0,1.0,2.0
2025-08-06,39.714900970458984,0.22161957979436744,0.22209825838688552,98.99911271011396,100.1124770063607,XLRE,不動産,rate_sensitive,Improving,4.0,-1.0,-1.0
2025-08-07,39.868282318115234,0.22260940336204976,0.2222686400452736,99.04429495086889,100.34705536364226,XLRE,不動産,rate_sensitive,Improving,5.0,1.0,2.0
2025-08-08,39.542354583740234,0.22039156329358295,0.22164294779471005,98.88086154588409,100.05632658678694,XLRE,不動産,rate_sensitive,Improving,4.0,-1.0,-1.0
2025-08-11,39.312286376953125,0.21970928858184036,0.2209983947237535,98.69686720247812,99.83439123613925,XLRE,不動産,rate_sensitive,Lagging,4.0,-1.0,-2.0
2025-08-12,39.37939453125,0.2173228903427038,0.21977322659673693,98.35926889340668,99.23687714798669,XLRE,不動産,rate_sensitive,Lagging,2.0,-3.0,-4.0
2025-08-13,39.63821029663086,0.21567187283101855,0.21840610867483082,98.02547070785177,98.77929033440189,XLRE,不動産,rate_sensitive,Lagging,1.0,-3.0,-2.0
2025-08-14,39.360225677490234,0.21556164562829686,0.2174579543259862,97.85886821112834,98.33916657059572,XLRE,不動産,rate_sensitive,Lagging,1.0,-4.0,-5.0
2025-08-15,39.61904525756836,0.21751611344495225,0.2174773406989749,97.97102224846425,98.62906816283802,XLRE,不動産,rate_sensitive,Lagging,1.0,-3.0,-2.0
2025-08-18,39.24518585205078,0.2155099168300465,0.21682153274266544,97.90154463381475,98.66236875903047,XLRE,不動産,rate_sensitive,Lagging,1.0,-3.0,-2.0
2025-08-19,39.94496536254883,0.21833047364467395,0.21732451304333497,98.12839280953713,99.6312746773338,XLRE,不動産,rate_sensitive,Lagging,1.0,-1.0,2.0
2025-08-20,40.09834289550781,0.21936855321026286,0.2180058597656443,98.37737426026506,100.7509165518112,XLRE,不動産,rate_sensitive,Improving,1.0,0.0,3.0
2025-08-21,39.954551696777344,0.21934631073933988,0.21845267675687616,98.54965829407166,101.38370393481748,XLRE,不動産,rate_sensitive,Improving,1.0,0.0,4.0
2025-08-22,40.58723068237305,0.2185629221013135,0.21848942520502196,98.61004931965383,101.23837587790041,XLRE,不動産,rate_sensitive,Improving,1.0,0.0,3.0
2025-08-25,40.38591766357422,0.2191558588075768,0.2187115697392069,98.7119675627984,101.51973885402037,XLRE,不動産,rate_sensitive,Improving,1.0,0.0,3.0
2025-08-26,40.27089309692383,0.21838066664195344,0.21860126870678911,98.72796741711498,101.07222406082674,XLRE,不動産,rate_sensitive,Improving,2.0,1.0,2.0
2025-08-27,40.44343566894531,0.21852665026515053,0.21857639589290961,98.76372959553369,100.6427351777497,XLRE,不動産,rate_sensitive,Improving,2.0,1.0,1.0
2025-08-28,40.33799743652344,0.2180608733072406,0.21840455503101996,98.76145513101521,100.3121552992463,XLRE,不動産,rate_sensitive,Improving,2.0,1.0,1.0
2025-08-29,40.5584716796875,0.21941546717084687,0.21874152574429562,98.87997330641439,100.44671911079857,XLRE,不動産,rate_sensitive,Improving,2.0,1.0,1.0
2025-09-02,39.868282318115234,0.21739896735796804,0.21829400628218643,98.80208591406691,100.11895003400899,XLRE,不動産,rate_sensitive,Improving,2.0,1.0,1.0
2025-09-03,39.76283645629883,0.21716051102899725,0.21791617453112339,98.74431235332017,99.99358946753809,XLRE,不動産,rate_sensitive,Lagging,2.0,0.0,-1.0
2025-09-04,40.0312385559082,0.21702340795164066,0.21761858567129583,98.70699229108668,99.86334833114867,XLRE,不動産,rate_sensitive,Lagging,2.0,0.0,-1.0
2025-09-05,40.43385696411133,0.21895023543646883,0.2180624689263535,98.85228706538634,100.18312256212761,XLRE,不動産,rate_sensitive,Improving,3.0,1.0,0.0
2025-09-08,40.16544723510742,0.21767006169026462,0.21793166651432389,98.85050132732339,99.93739138010179,XLRE,不動産,rate_sensitive,Lagging,4.0,2.0,1.0
2025-09-09,40.146270751953125,0.218238376660951,0.21803390322986627,98.90781270685734,100.21682988787254,XLRE,不動産,rate_sensitive,Improving,4.0,2.0,1.0
2025-09-10,40.12710189819336,0.21835519553593083,0.21814100066522113,98.96415652549376,100.45355139007845,XLRE,不動産,rate_sensitive,Improving,3.0,1.0,1.0
2025-09-11,40.778953552246094,0.21862616333504173,0.21830272155516134,99.03394505885997,100.66856705377977,XLRE,不動産,rate_sensitive,Improving,4.0,2.0,2.0
2025-09-12,40.59681701660156,0.21922769446934276,0.2186110458598885,99.14213418543198,100.58278828112161,XLRE,不動産,rate_sensitive,Improving,3.0,0.0,-1.0
2025-09-15,40.54888153076172,0.2193519249257377,0.21885800554850493,99.232806219545,100.7690476040537,XLRE,不動産,rate_sensitive,Improving,3.0,-1.0,-3.0
2025-09-16,40.309234619140625,0.21863507863048695,0.21878369657583227,99.2328798450687,100.64505994503142,XLRE,不動産,rate_sensitive,Improving,4.0,0.0,-2.0
2025-09-17,40.290061950683594,0.21832220989132217,0.2186298676809956,99.20617328671139,100.47157375778716,XLRE,不動産,rate_sensitive,Improving,4.0,1.0,0.0
2025-09-18,40.31882095336914,0.21706026110475612,0.2181066654889158,99.05736185979411,100.02703319800739,XLRE,不動産,rate_sensitive,Improving,4.0,0.0,-2.0
2025-09-19,40.11751174926758,0.21635313468481082,0.2175221552208808,98.87357186045908,99.43729186707297,XLRE,不動産,rate_sensitive,Lagging,3.0,0.0,0.0
2025-09-22,40.24984359741211,0.21696317378175994,0.2173358280745072,98.799165633973,99.12037145909264,XLRE,不動産,rate_sensitive,Lagging,3.0,0.0,1.0
2025-09-23,40.568599700927734,0.21841487315533262,0.21769550976811566,98.91033256964145,99.37049858615903,XLRE,不動産,rate_sensitive,Lagging,3.0,-1.0,-1.0
2025-09-24,40.153255462646484,0.21668394769218025,0.21735832240947053,98.76120128509116,99.135041458102,XLRE,不動産,rate_sensitive,Lagging,3.0,-1.0,-2.0
2025-09-25,40.056663513183594,0.21795711319773126,0.2175579193388908,98.85460366173152,99.61811103437068,XLRE,不動産,rate_sensitive,Lagging,3.0,-1.0,-1.0
2025-09-26,40.45268630981445,0.2179524960059416,0.2176894448945744,98.93331180205222,100.1366181903803,XLRE,不動産,rate_sensitive,Improving,3.0,0.0,0.0
2025-09-29,40.52996063232422,0.21764173043501772,0.2176735400747222,98.95042292110733,100.30288503805716,XLRE,不動産,rate_sensitive,Improving,3.0,0.0,0.0
2025-09-30,40.69416427612305,0.21794752407167295,0.2177648680737058,99.02070800139222,100.17916190164662,XLRE,不動産,rate_sensitive,Improving,3.0,0.0,1.0
2025-10-01,40.69416427612305,0.2174545959335699,0.21766144402699383,99.00187224343478,100.45727517928955,XLRE,不動産,rate_sensitive,Improving,3.0,0.0,1.0
2025-10-02,40.481666564941406,0.21580831485518143,0.21704373430305637,98.74801222220415,99.60216394121656,XLRE,不動産,rate_sensitive,Lagging,4.0,1.0,2.0
2025-10-03,40.6458740234375,0.2159246111052793,0.2166706932371307,98.61927980477189,99.10107617716412,XLRE,不動産,rate_sensitive,Lagging,4.0,1.0,1.0
2025-10-06,40.24018478393555,0.2138365163626834,0.21572596761231494,98.2504711006002,98.2241532086242,XLRE,不動産,rate_sensitive,Lagging,4.0,1.0,1.0
2025-10-07,40.11461639404297,0.21410996007577793,0.2151872984334693,98.09577269107616,97.80767927637679,XLRE,不動産,rate_sensitive,Lagging,4.0,1.0,1.0
2025-10-08,39.911773681640625,0.2123357034535771,0.21423676677350523,97.80061382701577,97.37614677493801,XLRE,不動産,rate_sensitive,Lagging,2.0,-1.0,-1.0
2025-10-09,39.728248596191406,0.21312259415191773,0.21386537589964272,97.7767433619694,97.97770190121422,XLRE,不動産,rate_sensitive,Lagging,2.0,-2.0,-3.0
2025-10-10,39.29358673095703,0.21565299118200434,0.21446124766042993,98.11631508862465,98.98231848090522,XLRE,不動産,rate_sensitive,Lagging,3.0,-1.0,-2.0
2025-10-13,39.5157470703125,0.21478380782896014,0.21456876771660666,98.23863493346559,100.00947528502176,XLRE,不動産,rate_sensitive,Improving,3.0,-1.0,-2.0
2025-10-14,39.892452239990234,0.21504811412392005,0.21472854985237783,98.3658693494553,100.61208389132435,XLRE,不動産,rate_sensitive,Improving,1.0,-3.0,-4.0
2025-10-15,40.47201156616211,0.21773333854331145,0.21573014608268903,98.79698860284883,102.07781842322261,XLRE,不動産,rate_sensitive,Improving,3.0,1.0,2.0
2025-10-16,40.346435546875,0.21913479619667686,0.21686502945401834,99.26573387265665,102.87842036991765,XLRE,不動産,rate_sensitive,Improving,5.0,3.0,5.0
2025-10-17,40.60723876953125,0.2194368698758284,0.21772230959462172,99.62668240043355,102.73270855015546,XLRE,不動産,rate_sensitive,Improving,6.0,3.0,4.0
2025-10-20,41.0322380065918,0.2195382558297974,0.21832762500634695,99.89792156724339,102.79933610956756,XLRE,不動産,rate_sensitive,Improving,6.0,3.0,4.0
2025-10-21,40.90666961669922,0.21786825423282666,0.21817450141517353,99.86462632358698,102.38383777750686,XLRE,不動産,rate_sensitive,Improving,6.0,5.0,8.0
2025-10-22,41.0901985168457,0.2199063019471791,0.21875176825917542,100.14989383224092,102.05391539415761,XLRE,不動産,rate_sensitive,Leading,6.0,3.0,2.0
2025-10-23,41.05155563354492,0.21866280294113893,0.21872211315316326,100.17695533165228,101.32073464611987,XLRE,不動産,rate_sensitive,Leading,6.0,1.0,-2.0
2025-10-24,41.196449279785156,0.21883801118729437,0.21876074583120697,100.2282688810226,100.81618824351584,XLRE,不動産,rate_sensitive,Leading,8.0,2.0,-1.0
2025-10-27,41.283382415771484,0.21832948812302092,0.21861699326181164,100.20129854762503,100.34340311428008,XLRE,不動産,rate_sensitive,Leading,6.0,0.0,-3.0
2025-10-28,40.36575698852539,0.21532597046283508,0.2175199856621528,99.68304943347894,99.59094016263995,XLRE,不動産,rate_sensitive,Lagging,5.0,-1.0,-6.0
2025-10-29,39.264610290527344,0.21182095963108968,0.21562031031846512,98.71905387356412,97.76668862758336,XLRE,不動産,rate_sensitive,Lagging,3.0,-3.0,-6.0
2025-10-30,39.48677062988281,0.2139395775218209,0.21506006605291708,98.44721847918558,97.49540374194312,XLRE,不動産,rate_sensitive,Lagging,3.0,-3.0,-4.0
2025-10-31,39.5060920715332,0.21357730658793203,0.2145658128979221,98.2147088143263,97.31301774181382,XLRE,不動産,rate_sensitive,Lagging,2.0,-6.0,-8.0
2025-11-03,39.4384765625,0.21373490550567667,0.21428884376717364,98.08747604311463,97.3836529130931,XLRE,不動産,rate_sensitive,Lagging,2.0,-4.0,-4.0
2025-11-04,39.54472351074219,0.215737695365341,0.2147717942998961,98.37506665658748,98.45119814553001,XLRE,不動産,rate_sensitive,Lagging,2.0,-3.0,-2.0
2025-11-05,39.535064697265625,0.21442993625539092,0.21465784161839438,98.3085191368238,99.56606555800867,XLRE,不動産,rate_sensitive,Lagging,2.0,-1.0,2.0
2025-11-06,39.34188461303711,0.21489648409744527,0.21473738911141138,98.36780060708126,99.97239082133665,XLRE,不動産,rate_sensitive,Lagging,2.0,-1.0,2.0
2025-11-07,39.86347961425781,0.21593451376748424,0.21513643066343568,98.6373030580469,100.57466706431443,XLRE,不動産,rate_sensitive,Improving,2.0,0.0,6.0
2025-11-10,39.834503173828125,0.21454219060029217,0.21493835064238787,98.55017501626921,100.60268930481594,XLRE,不動産,rate_sensitive,Improving,2.0,0.0,4.0
2025-11-11,40.27882385253906,0.2156889420761566,0.21518854778697744,98.7566783598789,100.48103728147122,XLRE,不動産,rate_sensitive,Improving,3.0,1.0,4.0
2025-11-12,39.96006774902344,0.21347571987712294,0.21461760515035927,98.44552937392936,100.15424119663692,XLRE,不動産,rate_sensitive,Improving,1.0,-1.0,0.0
2025-11-13,39.4384765625,0.2130983455988444,0.21411118529985435,98.20481493229451,99.75785806986387,XLRE,不動産,rate_sensitive,Lagging,1.0,-1.0,0.0
2025-11-14,39.55438232421875,0.21451182728073914,0.21424473262681595,98.35103682380169,99.5870131547774,XLRE,不動産,rate_sensitive,Lagging,1.0,-1.0,-1.0
2025-11-17,39.29358673095703,0.2159329174740637,0.21480746090923186,98.73351787747507,100.18274810029072,XLRE,不動産,rate_sensitive,Improving,1.0,-1.0,-1.0
2025-11-18,39.4384765625,0.2166002598727118,0.2154050605637252,99.11910876994928,100.41301782369165,XLRE,不動産,rate_sensitive,Improving,4.0,1.0,0.0
2025-11-19,39.12937927246094,0.21555521428275426,0.21545511180340154,99.17605973837829,100.88535358461505,XLRE,不動産,rate_sensitive,Improving,4.0,3.0,4.0
2025-11-20,38.99414825439453,0.21746323407399867,0.21612448589360062,99.59661811245873,101.6880145439226,XLRE,不動産,rate_sensitive,Improving,5.0,4.0,5.0
2025-11-21,39.5060920715332,0.21607223123448877,0.21610706767389667,99.60720537722446,101.49136457993603,XLRE,不動産,rate_sensitive,Improving,5.0,4.0,5.0
2025-11-24,39.56403732299805,0.21549592627256037,0.21590335387345125,99.50506942717105,100.88077464429767,XLRE,不動産,rate_sensitive,Improving,6.0,5.0,6.0
2025-11-25,39.88279342651367,0.21418916632160234,0.21533195802283497,99.18146170190201,100.00445498034155,XLRE,不動産,rate_sensitive,Improving,4.0,0.0,-1.0
2025-11-26,40.056663513183594,0.21363230504486178,0.21476540703017727,98.86848954455624,99.55427841196627,XLRE,不動産,rate_sensitive,Lagging,4.0,0.0,-3.0
2025-11-28,40.24984359741211,0.21350816580702922,0.21434632662246125,98.65383490945432,98.80123729176393,XLRE,不動産,rate_sensitive,Lagging,2.0,-3.0,-7.0
2025-12-01,39.689613342285156,0.2119863082079441,0.2135596538176222,98.24387813694125,98.35008808768185,XLRE,不動産,rate_sensitive,Lagging,2.0,-3.0,-7.0
2025-12-02,39.59302520751953,0.21167072126360503,0.21293000963294983,97.96879650655104,98.21979993516887,XLRE,不動産,rate_sensitive,Lagging,1.0,-5.0,-10.0
2025-12-03,39.670291900634766,0.21047784630353172,0.21211262185647717,97.64288128689249,98.2873290679257,XLRE,不動産,rate_sensitive,Lagging,1.0,-3.0,-3.0
2025-12-04,39.602684020996094,0.21005332910539945,0.21142619093945128,97.44186585641398,98.4725837802404,XLRE,不動産,rate_sensitive,Lagging,1.0,-3.0,-3.0
2025-12-05,39.59302520751953,0.20950990977431952,0.21078743055107402,97.31315889372327,98.61456119716546,XLRE,不動産,rate_sensitive,Lagging,1.0,-1.0,2.0
2025-12-08,39.35154724121094,0.209486853089447,0.21035390473053167,97.30699262500261,99.08430768390527,XLRE,不動産,rate_sensitive,Lagging,1.0,-1.0,2.0
2025-12-09,39.119720458984375,0.20864628580720213,0.20978469842275516,97.25660216713153,99.34839827917848,XLRE,不動産,rate_sensitive,Lagging,1.0,0.0,5.0
2025-12-10,39.196998596191406,0.20615802122160456,0.20857580602237163,96.99349967074639,99.43441069656765,XLRE,不動産,rate_sensitive,Lagging,1.0,0.0,3.0
2025-12-11,39.40949630737305,0.20561515074823006,0.20758892093099113,96.88644212569676,99.55167954584984,XLRE,不動産,rate_sensitive,Lagging,1.0,0.0,3.0
2025-12-12,39.361202239990234,0.20676475206552283,0.20731419797583506,97.04180925802874,99.87307341414441,XLRE,不動産,rate_sensitive,Lagging,1.0,0.0,1.0
2025-12-15,39.5157470703125,0.20731933717155443,0.20731591104107486,97.2563802935584,100.1216780054315,XLRE,不動産,rate_sensitive,Improving,1.0,0.0,1.0
2025-12-16,39.16801834106445,0.20694837809838232,0.20719340006017734,97.39978822882695,100.33638713314622,XLRE,不動産,rate_sensitive,Improving,1.0,0.0,0.0
2025-12-17,39.34188461303711,0.20843067485188285,0.20760582499074587,97.6810640720028,100.91678515017671,XLRE,不動産,rate_sensitive,Improving,1.0,0.0,0.0
2025-12-18,39.100399017333984,0.20670936052067374,0.20730700350072184,97.72452365168705,101.05234090113922,XLRE,不動産,rate_sensitive,Improving,1.0,0.0,0.0
2025-12-19,38.95551300048828,0.20519596624547318,0.20660332441563897,97.65691046009931,100.78978263738624,XLRE,不動産,rate_sensitive,Improving,1.0,0.0,0.0
2025-12-22,39.244544982910156,0.20519746840755201,0.20613470574627668,97.6645411205929,100.55325792391268,XLRE,不動産,rate_sensitive,Improving,1.0,0.0,0.0
2025-12-23,39.23478698730469,0.20562455047211523,0.2059646539882229,97.75164676996937,100.47877802928187,XLRE,不動産,rate_sensitive,Improving,1.0,0.0,0.0
2025-12-24,39.488670349121094,0.20620758306814327,0.20604563034819637,97.889474680112,100.31750872062915,XLRE,不動産,rate_sensitive,Improving,1.0,0.0,0.0
2025-12-26,39.56678771972656,0.20656219686893315,0.20621781918844198,98.03283076144625,100.41994484936829,XLRE,不動産,rate_sensitive,Improving,1.0,0.0,0.0
2025-12-29,39.674198150634766,0.20746542586338992,0.2066336880800913,98.21983788394476,100.68354176898264,XLRE,不動産,rate_sensitive,Improving,1.0,0.0,0.0
2025-12-30,39.7620849609375,0.20825861506496113,0.20717533040838126,98.4204106534187,100.87346299849918,XLRE,不動産,rate_sensitive,Improving,2.0,1.0,1.0
2025-12-31,39.40078353881836,0.20814380017703152,0.207498153664598,98.55477214790785,100.90874573642306,XLRE,不動産,rate_sensitive,Improving,2.0,1.0,1.0
2026-01-02,39.430084228515625,0.20689450317104424,0.20729693683341344,98.55687137093832,100.74906456642401,XLRE,不動産,rate_sensitive,Improving,1.0,0.0,0.0
2026-01-05,39.478904724121094,0.2052457465456611,0.206613206737496,98.44637707228534,100.46967549215479,XLRE,不動産,rate_sensitive,Improving,2.0,1.0,1.0
2026-01-06,39.742549896240234,0.20415166431990459,0.20579269259829888,98.31595303164944,100.12376921229011,XLRE,不動産,rate_sensitive,Improving,2.0,1.0,1.0
2026-01-07,39.19572448730469,0.2036270658143399,0.2050708170036459,98.22237352393927,99.80028901191027,XLRE,不動産,rate_sensitive,Lagging,3.0,1.0,0.0
2026-01-08,39.488670349121094,0.20340509243394184,0.20451557548041122,98.1767833807484,99.59063430237353,XLRE,不動産,rate_sensitive,Lagging,3.0,1.0,0.0
2026-01-09,39.54725646972656,0.2025316366671199,0.20385426254264746,98.11639388143122,99.51103141798468,XLRE,不動産,rate_sensitive,Lagging,3.0,2.0,2.0
2026-01-12,39.664432525634766,0.20294683975148414,0.2035517882789264,98.13879180244732,99.65085414936715,XLRE,不動産,rate_sensitive,Lagging,2.0,0.0,-1.0
2026-01-13,39.967140197753906,0.2044956723330521,0.2038664162969683,98.28324140246352,99.94893378018973,XLRE,不動産,rate_sensitive,Lagging,3.0,1.0,0.0
2026-01-14,40.416324615478516,0.20585723243429097,0.20453002167607587,98.48408694898468,100.26798038743237,XLRE,不動産,rate_sensitive,Improving,3.0,0.0,-1.0
2026-01-15,40.71902847290039,0.2064844469421632,0.20518149676477165,98.6679709040864,100.52894115443634,XLRE,不動産,rate_sensitive,Improving,5.0,2.0,1.0
2026-01-16,41.2170295715332,0.20954531864829734,0.20663610405928023,99.00242994787995,100.98368349817414,XLRE,不動産,rate_sensitive,Improving,6.0,3.0,1.0
2026-01-20,40.42608642578125,0.20863724574303438,0.20730315128719828,99.16868792404931,101.16544335644596,XLRE,不動産,rate_sensitive,Improving,6.0,4.0,4.0
2026-01-21,40.57255554199219,0.20590679625784938,0.20683769961074866,99.09874064539845,100.96117949835609,XLRE,不動産,rate_sensitive,Improving,6.0,3.0,2.0
2026-01-22,40.172203063964844,0.203609507552357,0.20576163559128477,98.90204039469003,100.53813467932652,XLRE,不動産,rate_sensitive,Improving,6.0,3.0,3.0
2026-01-23,40.27961730957031,0.20506802377851116,0.20553043165369358,98.88239587519801,100.3278641287703,XLRE,不動産,rate_sensitive,Improving,6.0,1.0,-1.0
2026-01-26,40.25032043457031,0.2044354560581319,0.20516543978850638,98.83305950036242,99.88784091060712,XLRE,不動産,rate_sensitive,Lagging,6.0,0.0,-3.0
2026-01-27,40.27961730957031,0.20490308424447642,0.2050779879404964,98.84196010274898,99.71386017726054,XLRE,不動産,rate_sensitive,Lagging,5.0,-1.0,-5.0
2026-01-28,39.88902282714844,0.20360187177141473,0.2045859492174692,98.76052556578563,99.71192652037546,XLRE,不動産,rate_sensitive,Lagging,3.0,-3.0,-6.0
2026-01-29,40.396785736083984,0.2059235328035185,0.20503181041281898,98.89162369098553,100.10771098296169,XLRE,不動産,rate_sensitive,Improving,3.0,-3.0,-6.0
2026-01-30,40.455379486083984,0.20668030174121407,0.20558130752228404,99.04863094118755,100.29820088919037,XLRE,不動産,rate_sensitive,Improving,6.0,0.0,-1.0
2026-02-02,39.99643325805664,0.20328878859420152,0.20481713454625655,98.90468553466854,100.15026800148092,XLRE,不動産,rate_sensitive,Improving,6.0,0.0,0.0
2026-02-03,39.84996795654297,0.20308496813956242,0.20423974574402518,98.80800620760786,99.97215055404703,XLRE,不動産,rate_sensitive,Lagging,5.0,0.0,1.0
2026-02-04,40.48467254638672,0.20453757201147696,0.2043390211665091,98.86760726626866,100.12501714613859,XLRE,不動産,rate_sensitive,Improving,5.0,2.0,5.0
2026-02-05,40.26008224487305,0.20518536390380923,0.2046211354122758,98.96580118102352,100.04614238243843,XLRE,不動産,rate_sensitive,Improving,6.0,3.0,6.0
2026-02-06,41.0022087097168,0.2051448935798565,0.20479572146813604,99.0370250581089,99.90646259752836,XLRE,不動産,rate_sensitive,Lagging,7.0,1.0,1.0
2026-02-09,41.2560920715332,0.20629273668934767,0.20529472654187328,99.18221536083357,100.3366388552208,XLRE,不動産,rate_sensitive,Improving,7.0,1.0,1.0
2026-02-10,41.832210540771484,0.2084319574875757,0.20634047019044077,99.4569627098826,100.89119001133174,XLRE,不動産,rate_sensitive,Improving,7.0,2.0,2.0
2026-02-11,41.79315185546875,0.20786889371520806,0.20684994469869655,99.60514893465016,101.01296359919765,XLRE,不動産,rate_sensitive,Improving,7.0,2.0,0.0
2026-02-12,41.86150360107422,0.2109775260394377,0.2082258051456103,99.97401798872042,101.38519421115218,XLRE,不動産,rate_sensitive,Improving,7.0,1.0,-2.0
2026-02-13,42.476688385009766,0.21188307443215193,0.20944489490779084,100.31156035716398,101.71069676387506,XLRE,不動産,rate_sensitive,Leading,7.0,0.0,-1.0
2026-02-17,42.906333923339844,0.21439613446272598,0.21109530809276922,100.76388988537946,102.04344953363022,XLRE,不動産,rate_sensitive,Leading,7.0,0.0,-1.0
2026-02-18,42.3302116394043,0.2104263432297042,0.2108723198050809,100.73144857878043,101.55216763109847,XLRE,不動産,rate_sensitive,Leading,7.0,0.0,-2.0
2026-02-19,42.18374252319336,0.21014212689646827,0.2106289221688767,100.69976903224374,101.26830237177774,XLRE,不動産,rate_sensitive,Leading,7.0,0.0,-2.0
2026-02-20,42.535274505615234,0.21090699810647687,0.21072161414807677,100.76783518022542,100.84696657612292,XLRE,不動産,rate_sensitive,Leading,7.0,0.0,-1.0
2026-02-23,42.58409881591797,0.2134922575926418,0.21164516196293182,101.07566633090038,100.80574296699933,XLRE,不動産,rate_sensitive,Leading,7.0,0.0,0.0
2026-02-24,42.701271057128906,0.2123856560418076,0.2118919933225571,101.2102246980433,100.40656375313918,XLRE,不動産,rate_sensitive,Leading,7.0,0.0,0.0
2026-02-25,42.418094635009766,0.2108528676098762,0.21154561808499683,101.17566667816688,100.42896468823997,XLRE,不動産,rate_sensitive,Leading,6.0,-1.0,-1.0
2026-02-26,42.6036262512207,0.21058553352014528,0.211225589896713,101.14919022145185,100.44558199790623,XLRE,不動産,rate_sensitive,Leading,6.0,-1.0,-1.0
2026-02-27,42.80868911743164,0.2113513729539936,0.2112675175824732,101.23416400292786,100.45959774790325,XLRE,不動産,rate_sensitive,Leading,6.0,-1.0,-1.0
2026-03-02,42.88680648803711,0.2121303325050783,0.2115551225566749,101.39785544316288,100.24362271038177,XLRE,不動産,rate_sensitive,Leading,6.0,-1.0,-1.0
2026-03-03,42.67198181152344,0.21368938054591768,0.21226654188642252,101.7034335869412,100.46078457973313,XLRE,不動産,rate_sensitive,Leading,8.0,1.0,1.0
2026-03-04,42.73056411743164,0.21312843864305117,0.21255384080529874,101.83539214702316,100.67876666615135,XLRE,不動産,rate_sensitive,Leading,9.0,3.0,4.0
2026-03-05,42.32044982910156,0.21355647204359843,0.2128880512180653,101.9595513781472,100.89284101278552,XLRE,不動産,rate_sensitive,Leading,10.0,4.0,5.0
2026-03-06,41.88103103637695,0.21388817109213046,0.2132214245094204,102.0506251522399,100.89752798974094,XLRE,不動産,rate_sensitive,Leading,10.0,4.0,5.0
2026-03-09,41.96891403198242,0.21373291043797815,0.21339191981893968,102.06013250586687,100.62594177076949,XLRE,不動産,rate_sensitive,Leading,10.0,4.0,5.0
2026-03-10,41.91032791137695,0.21504707744938617,0.21394363902908853,102.17346986691118,100.24941493958723,XLRE,不動産,rate_sensitive,Leading,10.0,2.0,1.0
2026-03-11,41.41232681274414,0.21319440522218225,0.21369389442678643,102.01316496945594,99.63298657782329,XLRE,不動産,rate_sensitive,Weakening,10.0,1.0,-2.0
2026-03-12,41.14867401123047,0.21516468832064006,0.214184159058071,102.08489487190887,99.48004470245364,XLRE,不動産,rate_sensitive,Weakening,10.0,0.0,-4.0
2026-03-13,41.2560920715332,0.21573750976849718,0.21470194262821307,102.13822689511063,99.35275802089917,XLRE,不動産,rate_sensitive,Weakening,10.0,0.0,-4.0
2026-03-16,41.57832717895508,0.2158166473808975,0.2150735108791079,102.13333622325638,99.27699414905192,XLRE,不動産,rate_sensitive,Weakening,10.0,0.0,-4.0
2026-03-17,41.715030670166016,0.21532237675324184,0.2151564661704859,102.04738557525368,98.81340496109804,XLRE,不動産,rate_sensitive,Weakening,9.0,-1.0,-3.0
2026-03-18,41.031497955322266,0.21461852308112242,0.21497715180736476,101.90165226407132,98.85151305549176,XLRE,不動産,rate_sensitive,Weakening,9.0,-1.0,-2.0
2026-03-19,40.93385314941406,0.2142739100141609,0.21474273787629683,101.75667227065883,98.40675457625807,XLRE,不動産,rate_sensitive,Weakening,9.0,-1.0,-1.0
2026-03-20,39.63513946533203,0.2105690221873678,0.2133514993133205,101.32898466312413,97.51510524723646,XLRE,不動産,rate_sensitive,Weakening,9.0,-1.0,-1.0
2026-03-23,39.9310302734375,0.20990326107558296,0.212202086567408,100.98843212644118,97.07408300767484,XLRE,不動産,rate_sensitive,Weakening,9.0,-1.0,-1.0
2026-03-24,39.606632232666016,0.2079485061398504,0.2107842264248888,100.58780839291241,96.81124253131037,XLRE,不動産,rate_sensitive,Weakening,9.0,0.0,1.0
2026-03-25,39.586971282958984,0.20684296585937714,0.2094704729030516,100.22017075066478,96.78164006434818,XLRE,不動産,rate_sensitive,Weakening,8.0,-1.0,0.0
2026-03-26,39.606632232666016,0.20886265273873608,0.2092678661816131,100.15184192380339,97.16629012406877,XLRE,不動産,rate_sensitive,Weakening,6.0,-3.0,-2.0
2026-03-27,39.33137893676758,0.21029459683751384,0.20961010973358002,100.23029556049316,98.04235832062591,XLRE,不動産,rate_sensitive,Weakening,7.0,-2.0,-1.0
2026-03-30,39.527984619140625,0.21178404405294124,0.21033475450670044,100.41106288718525,98.8530679224373,XLRE,不動産,rate_sensitive,Weakening,7.0,-2.0,-1.0
2026-03-31,40.137474060058594,0.21073560917740153,0.2104683727302675,100.43156239458881,99.491046001346,XLRE,不動産,rate_sensitive,Weakening,7.0,-2.0,-2.0
2026-04-01,40.255435943603516,0.21067438027193985,0.21053704191082495,100.4358615857845,100.05281641083917,XLRE,不動産,rate_sensitive,Leading,8.0,0.0,1.0
2026-04-02,40.90424346923828,0.2134601034644679,0.21151139576203928,100.68339561750476,100.53048713222782,XLRE,不動産,rate_sensitive,Leading,8.0,2.0,5.0
2026-04-06,41.05169677734375,0.2133126508844062,0.21211181413616162,100.82333843600655,100.62469361223587,XLRE,不動産,rate_sensitive,Leading,8.0,1.0,3.0
2026-04-07,41.01237487792969,0.2135819312531125,0.21260185317514527,100.92763249345808,100.50753807488685,XLRE,不動産,rate_sensitive,Leading,8.0,1.0,3.0
2026-04-08,41.72016525268555,0.21236194239094808,0.2125218829137462,100.87753046745101,100.39351116677638,XLRE,不動産,rate_sensitive,Leading,8.0,1.0,3.0
2026-04-09,42.005245208740234,0.2136835051830474,0.21290909033684663,100.95199845089427,100.48149951488973,XLRE,不動産,rate_sensitive,Leading,8.0,0.0,0.0
2026-04-10,42.09371566772461,0.2156907254169671,0.21383630203022014,101.16811627839904,100.41614471332532,XLRE,不動産,rate_sensitive,Leading,10.0,2.0,0.0
2026-04-13,42.29032897949219,0.2143222636133707,0.21399828922460368,101.17868806997708,100.20500812302114,XLRE,不動産,rate_sensitive,Leading,10.0,2.0,1.0
2026-04-14,42.69337463378906,0.2154654088655725,0.21448732910492663,101.27915976110692,100.18436433485452,XLRE,不動産,rate_sensitive,Leading,11.0,3.0,2.0
2026-04-15,42.673709869384766,0.2152906796196326,0.21475511260982863,101.3176672020477,100.3074884212141,XLRE,不動産,rate_sensitive,Leading,10.0,2.0,1.0
2026-04-16,43.06692886352539,0.21628902757253152,0.2152664175973963,101.4183984712848,100.34207429637921,XLRE,不動産,rate_sensitive,Leading,10.0,2.0,2.0
2026-04-17,43.725563049316406,0.21687292031845887,0.21580191850441716,101.51835754176784,100.16959024209496,XLRE,不動産,rate_sensitive,Leading,10.0,0.0,-2.0
2026-04-20,43.882850646972656,0.21696953862900065,0.21619112521261166,101.56746643080275,100.24182508703355,XLRE,不動産,rate_sensitive,Leading,10.0,0.0,-2.0
2026-04-21,43.037437438964844,0.21410275621189914,0.21549500221237416,101.32711036457826,99.74171645083668,XLRE,不動産,rate_sensitive,Weakening,10.0,-1.0,-4.0
2026-04-22,42.722862243652344,0.2126322949719367,0.2145407664655617,101.03053146269399,99.24871580292944,XLRE,不動産,rate_sensitive,Weakening,10.0,0.0,-2.0
2026-04-23,43.21438217163086,0.2150892304696492,0.21472358780025755,101.04914369290074,99.1451181132033,XLRE,不動産,rate_sensitive,Weakening,10.0,0.0,-2.0
2026-04-24,43.08658981323242,0.2148989970674518,0.21478205755598898,101.03499634758948,98.99460938477944,XLRE,不動産,rate_sensitive,Weakening,10.0,0.0,0.0
2026-04-27,42.75235366821289,0.21348556227378548,0.21434989246192115,100.8873965232828,98.72068299924858,XLRE,不動産,rate_sensitive,Weakening,10.0,0.0,0.0
2026-04-28,43.16522979736328,0.21665316067413398,0.21511764853265877,101.07888734315229,99.37112220382075,XLRE,不動産,rate_sensitive,Weakening,10.0,0.0,1.0
2026-04-29,42.899810791015625,0.2156969957585329,0.21531076427461682,101.11080344591845,99.85789224932093,XLRE,不動産,rate_sensitive,Weakening,10.0,0.0,0.0
2026-04-30,43.64692306518555,0.21618492258457714,0.21560215037793695,101.17145691487653,99.91860530361609,XLRE,不動産,rate_sensitive,Weakening,10.0,0.0,0.0
2026-05-01,43.568275451660156,0.2164550424269366,0.21588644772760351,101.2287611170629,100.02671888831651,XLRE,不動産,rate_sensitive,Leading,10.0,0.0,0.0
2026-05-04,43.33234786987305,0.21654275581913685,0.21610521709144798,101.27537517801767,100.31455725858203,XLRE,不動産,rate_sensitive,Leading,10.0,0.0,0.0
2026-05-05,43.42082214355469,0.21527667662445502,0.21582903693578365,101.17787013725317,99.87154671453487,XLRE,不動産,rate_sensitive,Weakening,10.0,0.0,0.0
2026-05-06,43.98115539550781,0.21634098356127698,0.21599968581094808,101.22988653871315,99.90185873660957,XLRE,不動産,rate_sensitive,Weakening,10.0,0.0,0.0
2026-05-07,43.64692306518555,0.21607872427618272,0.21602603196602632,101.23867424733093,99.82305765779611,XLRE,不動産,rate_sensitive,Weakening,10.0,0.0,0.0
2026-05-08,43.6567497253418,0.21553435040896016,0.21586213811367094,101.18418735377033,99.65372853867092,XLRE,不動産,rate_sensitive,Weakening,9.0,-1.0,-1.0
2026-05-11,43.81403732299805,0.21642752255102868,0.21605059959279022,101.26690100997756,99.71573102391987,XLRE,不動産,rate_sensitive,Weakening,10.0,0.0,0.0
2026-05-12,43.82386779785156,0.21666728527612916,0.21625616148723653,101.353364606536,100.0070999256933,XLRE,不動産,rate_sensitive,Leading,10.0,0.0,0.0
2026-05-13,43.46014404296875,0.21581143492883695,0.21610791930110335,101.2897255450013,99.84590476727297,XLRE,不動産,rate_sensitive,Weakening,10.0,0.0,0.0
2026-05-14,43.16522979736328,0.21356813264300026,0.21526132374840232,100.88605480688139,99.2380357092125,XLRE,不動産,rate_sensitive,Weakening,9.0,-1.0,-1.0
2026-05-15,42.49676513671875,0.21245142437764505,0.21432469062481657,100.41569988649226,98.6288283027031,XLRE,不動産,rate_sensitive,Weakening,9.0,0.0,1.0
2026-05-18,43.0079460144043,0.2136923006006059,0.2141138939500797,100.2922579418806,98.33199635060755,XLRE,不動産,rate_sensitive,Weakening,9.0,-1.0,-1.0
2026-05-19,43.19472122192383,0.21587641626492468,0.21470140138836136,100.55902300001142,98.6515118425673,XLRE,不動産,rate_sensitive,Weakening,10.0,0.0,0.0
2026-05-20,43.676414489746094,0.21591707735412302,0.21510662671028194,100.73612358546357,99.07007919522775,XLRE,不動産,rate_sensitive,Weakening,10.0,0.0,0.0
2026-05-21,43.74522399902344,0.2153275872325161,0.21518028021769334,100.74786101468494,99.7813526780795,XLRE,不動産,rate_sensitive,Weakening,10.0,1.0,2.0
2026-05-22,43.80420684814453,0.2136661120743,0.21467555750322892,100.4673217194863,100.12161033263183,XLRE,不動産,rate_sensitive,Leading,10.0,1.0,1.0
2026-05-26,43.95166015625,0.21329093406011596,0.21421401635552462,100.21078766347411,99.90824976670775,XLRE,不動産,rate_sensitive,Weakening,10.0,1.0,2.0
2026-05-27,43.87302017211914,0.2130632108668777,0.21383041452597568,99.99162463750076,99.10313567103051,XLRE,不動産,rate_sensitive,Lagging,9.0,-1.0,-1.0
2026-05-28,43.6567497253418,0.21123919730709018,0.21296667545301387,99.51438786277582,98.07667427341977,XLRE,不動産,rate_sensitive,Lagging,9.0,-1.0,-1.0
2026-05-29,43.243873596191406,0.2086603033567147,0.21153121808758085,98.73999420146966,97.04496457845194,XLRE,不動産,rate_sensitive,Lagging,7.0,-3.0,-4.0
2026-06-01,42.53608703613281,0.2048722743850734,0.20931157018674507,97.64997159948653,96.33293957944312,XLRE,不動産,rate_sensitive,Lagging,4.0,-6.0,-7.0
2026-06-02,42.75235366821289,0.20510023002436106,0.20790779013261707,97.1516042103003,96.47555996626403,XLRE,不動産,rate_sensitive,Lagging,2.0,-8.0,-9.0
2026-06-03,42.77201461791992,0.20596923202854625,0.20726160409792682,97.09424494447889,96.97128443247557,XLRE,不動産,rate_sensitive,Lagging,2.0,-7.0,-6.0
2026-06-04,43.64692306518555,0.20860722144253824,0.2077101432127973,97.47461772889014,98.05080779548597,XLRE,不動産,rate_sensitive,Lagging,2.0,-7.0,-6.0
2026-06-05,43.94183349609375,0.21304828766636838,0.20948952469732102,98.30313184549539,99.88618564134227,XLRE,不動産,rate_sensitive,Lagging,8.0,1.0,4.0
2026-06-08,43.28319549560547,0.21007732315125816,0.20968545751530007,98.44157223477204,101.2896378193716,XLRE,不動産,rate_sensitive,Improving,8.0,4.0,10.0
2026-06-09,44.207252502441406,0.21294170921581096,0.2107708747488037,98.91717564524691,102.29168072737271,XLRE,不動産,rate_sensitive,Improving,8.0,6.0,14.0
2026-06-10,44.22691345214844,0.21578021448223744,0.21244065465994832,99.60346619984486,102.86324457653332,XLRE,不動産,rate_sensitive,Improving,9.0,7.0,14.0
2026-06-11,44.15809631347656,0.212137034625615,0.21233944798183724,99.57460373770513,102.30642315532026,XLRE,不動産,rate_sensitive,Improving,9.0,7.0,14.0
2026-06-12,44.590641021728516,0.21229197630384328,0.2123236240891726,99.58311354564759,101.45716414785278,XLRE,不動産,rate_sensitive,Improving,9.0,1.0,0.0
2026-06-15,44.22691345214844,0.20934369929963206,0.21133031582599243,99.2053868440871,100.94146758905481,XLRE,不動産,rate_sensitive,Improving,8.0,0.0,-4.0
2026-06-16,44.33504867553711,0.21055780966209853,0.21107281377136117,99.12871781274087,100.40558278306966,XLRE,不動産,rate_sensitive,Improving,8.0,0.0,-6.0
2026-06-17,43.22421646118164,0.20840578171565421,0.21018380308612553,98.80913434806824,99.45281999354128,XLRE,不動産,rate_sensitive,Lagging,5.0,-4.0,-11.0
2026-06-18,43.11608123779297,0.20692398914900667,0.20909719844041924,98.43603653450126,99.14101551642021,XLRE,不動産,rate_sensitive,Lagging,4.0,-5.0,-12.0
2026-06-22,43.652565002441406,0.20903895252491367,0.20907778313525072,98.48433650336268,99.1856785564817,XLRE,不動産,rate_sensitive,Lagging,4.0,-5.0,-6.0
2026-06-23,44.26738739013672,0.21271380941724882,0.2102897918959168,98.97334657807997,99.9935360940596,XLRE,不動産,rate_sensitive,Lagging,7.0,-1.0,-1.0
2026-06-24,44.13847351074219,0.21059220952849522,0.21039059777344296,99.01663303457897,100.08854805077904,XLRE,不動産,rate_sensitive,Improving,6.0,-2.0,-2.0
2026-06-25,44.21780776977539,0.20960576998120617,0.21012898850936404,98.90700031920072,100.26818652413559,XLRE,不動産,rate_sensitive,Improving,6.0,1.0,5.0
2026-06-26,44.86238098144531,0.21411733416180787,0.21145843706017867,99.39713362315322,101.08191683780281,XLRE,不動産,rate_sensitive,Improving,7.0,3.0,8.0
2026-06-29,44.545047760009766,0.20986853347521528,0.2109284691985242,99.1746846008127,100.78846664797447,XLRE,不動産,rate_sensitive,Improving,6.0,2.0,7.0
2026-06-30,43.662479400634766,0.20598112522743509,0.20927935454149452,98.54393151456452,99.67786346727554,XLRE,不動産,rate_sensitive,Lagging,5.0,-2.0,-1.0
2026-07-01,43.81122970581055,0.20606303999623357,0.2082072496930742,98.17584401778653,99.2842094826993,XLRE,不動産,rate_sensitive,Lagging,3.0,-3.0,-1.0
2026-07-02,44.30705642700195,0.20694059578958862,0.20778503172524568,98.0777151730987,99.3139746125194,XLRE,不動産,rate_sensitive,Lagging,3.0,-3.0,-4.0
2026-07-06,43.920310974121094,0.20504840864164084,0.20687282403071075,97.84596943820348,98.6523963919722,XLRE,不動産,rate_sensitive,Lagging,1.0,-6.0,-9.0
2026-07-07,44.51530075073242,0.20808751808597029,0.2072777220491306,98.07912762560292,99.12292444715607,XLRE,不動産,rate_sensitive,Lagging,2.0,-4.0,-6.0
2026-07-08,43.78147888183594,0.2070973232111073,0.20721758910312285,98.1427510610808,99.8100075899227,XLRE,不動産,rate_sensitive,Lagging,1.0,-4.0,-2.0
2026-07-09,43.860809326171875,0.20620927321981547,0.20688148380868707,98.11631770898597,100.1509278640392,XLRE,不動産,rate_sensitive,Improving,1.0,-2.0,1.0
2026-07-10,44.078975677490234,0.2064613519233092,0.20674143984689447,98.15592186347669,100.29325343920782,XLRE,不動産,rate_sensitive,Improving,1.0,-2.0,1.0
2026-07-13,44.32688903808594,0.20769040320367216,0.20705776096582038,98.3286541401541,100.68971365535751,XLRE,不動産,rate_sensitive,Improving,2.0,1.0,7.0
2026-07-14,44.10872268676758,0.20742340868322542,0.20717964353828872,98.43009013679585,100.56070511002383,XLRE,不動産,rate_sensitive,Improving,2.0,0.0,4.0
2026-07-15,44.18805694580078,0.20826481448959053,0.20754136718872268,98.5931596406907,100.65601182427508,XLRE,不動産,rate_sensitive,Improving,3.0,2.0,6.0
2026-07-16,45.080543518066406,0.2104063977707052,0.20849637738271687,98.91811963404254,100.98984469840252,XLRE,不動産,rate_sensitive,Improving,4.0,3.0,5.0
2026-07-17,45.04087448120117,0.21188630792366692,0.20962635422970025,99.28397729801564,101.28455530248107,XLRE,不動産,rate_sensitive,Improving,6.0,5.0,7.0
2026-07-20,44.85246276855469,0.21194360900954531,0.2103987724896486,99.53978574026682,101.33477217807895,XLRE,不動産,rate_sensitive,Improving,8.0,6.0,5.0
2026-07-21,44.822715759277344,0.2114645853330974,0.2107540434374649,99.67047283520114,101.33328027850936,XLRE,不動産,rate_sensitive,Improving,8.0,6.0,6.0
2026-07-22,44.63429641723633,0.21063505482165187,0.21071438056552722,99.67852787916905,101.15931785817489,XLRE,不動産,rate_sensitive,Improving,8.0,5.0,3.0
2026-07-23,44.57480239868164,0.2111285373961307,0.21085243284239505,99.73858042229725,100.89053419383231,XLRE,不動産,rate_sensitive,Improving,7.0,3.0,0.0
2026-07-24,45.56645584106445,0.21415806948712676,0.2119543117239723,100.10019069667811,100.86417243704763,XLRE,不動産,rate_sensitive,Leading,7.0,1.0,-4.0
2026-07-27,45.37803649902344,0.21167680067761746,0.21186180804185403,100.08624786979999,100.59976995876548,XLRE,不動産,rate_sensitive,Leading,7.0,-1.0,-7.0
2026-07-28,45.62594985961914,0.21037924155207466,0.2113676192119276,99.94293592798181,100.33482285683706,XLRE,不動産,rate_sensitive,Improving,9.0,1.0,-5.0
2026-07-29,45.57637023925781,0.21205994830720473,0.21159839557701998,100.03560750784942,100.40330104743084,XLRE,不動産,rate_sensitive,Leading,9.0,1.0,-4.0
2026-07-30,44.921878814697266,0.2093543445716215,0.2108503785752205,99.8128390999903,100.14372233331996,XLRE,不動産,rate_sensitive,Improving,8.0,1.0,-2.0
2026-07-31,44.69379806518555,0.2086498404416658,0.2101168658640356,99.59392617691195,99.62021635588661,XLRE,不動産,rate_sensitive,Lagging,8.0,1.0,0.0
2026-08-03,44.80288314819336,0.2071359900367098,0.20912324058826035,99.28677947937585,99.36744075956817,XLRE,不動産,rate_sensitive,Lagging,8.0,1.0,2.0
2026-08-04,44.79296112060547,0.2041562790811536,0.2074675867525581,98.75851925452687,99.04373136242627,XLRE,不動産,rate_sensitive,Lagging,4.0,-5.0,-6.0
2026-08-05,44.822715759277344,0.20475676024574424,0.2065639779169535,98.49413330986089,98.7582114222276,XLRE,不動産,rate_sensitive,Lagging,2.0,-7.0,-8.0
2026-08-06,44.435970306396484,0.20405802547701968,0.20572866043697557,98.26256029942562,98.78832306969237,XLRE,不動産,rate_sensitive,Lagging,2.0,-6.0,-7.0
2026-08-07,44.604549407958984,0.2034268635016683,0.20496139479187317,98.0668806405304,98.84381217694299,XLRE,不動産,rate_sensitive,Lagging,2.0,-6.0,-7.0
2026-08-10,44.02939224243164,0.20068521708770654,0.20353600222381762,97.68836952439467,98.81640664032041,XLRE,不動産,rate_sensitive,Lagging,2.0,-6.0,-7.0
2026-08-11,43.71206283569336,0.19881451334123165,0.20196217259628899,97.3213008088595,98.98445019761088,XLRE,不動産,rate_sensitive,Lagging,2.0,-2.0,3.0
2026-08-12,44.1186408996582,0.20030976262328154,0.2014113692719532,97.30171173138092,99.21706430761523,XLRE,不動産,rate_sensitive,Lagging,1.0,-1.0,6.0
2026-08-13,44.74338150024414,0.20164132668242268,0.20148802174210972,97.46035669693205,99.56397574225765,XLRE,不動産,rate_sensitive,Lagging,2.0,0.0,6.0
2026-08-14,44.89213180541992,0.20227535567568874,0.20175046638663607,97.66049101432725,99.9040155027637,XLRE,不動産,rate_sensitive,Lagging,2.0,0.0,6.0
2026-08-17,44.45580291748047,0.2021056841227553,0.20186887229867584,97.80766461861855,100.34267772693546,XLRE,不動産,rate_sensitive,Improving,1.0,-1.0,5.0
2026-08-18,44.25747299194336,0.20211946301849834,0.20195240253861668,97.93023158219042,100.73981551020903,XLRE,不動産,rate_sensitive,Improving,1.0,-1.0,1.0
2026-08-19,44.61446762084961,0.20165790886841217,0.20185423798188185,97.98610704614471,100.78175741168488,XLRE,不動産,rate_sensitive,Improving,1.0,0.0,1.0
2026-08-20,44.70371627807617,0.20370326656379883,0.20247058084252087,98.21991792791823,100.82400208310759,XLRE,不動産,rate_sensitive,Improving,3.0,1.0,1.0
2026-08-21,44.70371627807617,0.20242594103583916,0.2024557009069603,98.2671072568663,100.68150906202858,XLRE,不動産,rate_sensitive,Improving,3.0,1.0,1.0
2026-08-24,44.951629638671875,0.20331006270075572,0.20274048817155876,98.39537683665924,100.65623464309657,XLRE,不動産,rate_sensitive,Improving,3.0,2.0,3.0
2026-08-25,44.981380462646484,0.2035913935096199,0.20302412328424585,98.5194204529364,100.6463244450855,XLRE,不動産,rate_sensitive,Improving,3.0,2.0,3.0
2026-08-26,44.71363067626953,0.20206973822152716,0.2027059949300063,98.4733219377351,100.54569808343484,XLRE,不動産,rate_sensitive,Improving,3.0,2.0,2.0
2026-08-27,44.2872200012207,0.20073920381071553,0.2020503978902427,98.34207469284128,100.22284838306321,XLRE,不動産,rate_sensitive,Improving,3.0,0.0,-1.0
2026-08-28,44.10872268676758,0.20061863170438818,0.2015731424949579,98.27630042771949,100.10255502817787,XLRE,不動産,rate_sensitive,Improving,3.0,0.0,-1.0
2026-08-31,43.74181365966797,0.2001287131567577,0.20109166604889117,98.2209385629594,99.90375328686872,XLRE,不動産,rate_sensitive,Lagging,3.0,0.0,-2.0
2026-09-01,43.67239761352539,0.20146404383434827,0.20121579197737688,98.324651873231,99.83414127545117,XLRE,不動産,rate_sensitive,Lagging,3.0,0.0,-2.0
2026-09-02,43.36498260498047,0.19912163374092312,0.2005177392318923,98.21296699841689,99.71230292920076,XLRE,不動産,rate_sensitive,Lagging,2.0,-1.0,-3.0
2026-09-03,43.88064193725586,0.2001617261161211,0.20039906819330194,98.25715942176834,99.85538544099687,XLRE,不動産,rate_sensitive,Lagging,2.0,-1.0,-1.0
2026-09-04,43.563316345214844,0.19966698222124124,0.2001550395359484,98.27123481600866,99.93319327207526,XLRE,不動産,rate_sensitive,Lagging,2.0,-1.0,-1.0
2026-09-08,43.533565521240234,0.20162048478257827,0.20064352128482504,98.45566933491466,100.2002490891012,XLRE,不動産,rate_sensitive,Improving,2.0,-1.0,-1.0
2026-09-09,43.04765319824219,0.20131134869785997,0.20086613042250337,98.56351370320566,100.23737203705446,XLRE,不動産,rate_sensitive,Improving,2.0,-1.0,-1.0
2026-09-10,42.69065856933594,0.2010185808412593,0.20091694722875536,98.62008497792753,100.49090319206051,XLRE,不動産,rate_sensitive,Improving,2.0,0.0,1.0
2026-09-11,43.05757141113281,0.20114220665286905,0.20099203370345994,98.67954864324713,100.56848889929279,XLRE,不動産,rate_sensitive,Improving,2.0,0.0,1.0
2026-09-14,42.760074615478516,0.19962238905677296,0.20053548548789762,98.61053149931665,100.49384394555204,XLRE,不動産,rate_sensitive,Improving,2.0,0.0,1.0
2026-09-15,42.71049118041992,0.20036939929154593,0.20048012342244706,98.64191688660983,100.31412279501615,XLRE,不動産,rate_sensitive,Improving,3.0,1.0,2.0
2026-09-16,42.45266342163086,0.2007360199216689,0.20056542225552101,98.70522648106375,100.25879671414984,XLRE,不動産,rate_sensitive,Improving,3.0,1.0,2.0
2026-09-17,42.58157730102539,0.20037336114858392,0.200501401886542,98.73218369648346,100.20400186540138,XLRE,不動産,rate_sensitive,Improving,3.0,1.0,1.0
2026-09-18,42.17499923706055,0.19941369871987635,0.20013883416432016,98.68935824950823,100.04982590869083,XLRE,不動産,rate_sensitive,Improving,3.0,1.0,1.0
2026-09-21,42.59000015258789,0.2002539101903862,0.2001771928396755,98.74187590346064,100.1861407382631,XLRE,不動産,rate_sensitive,Improving,4.0,2.0,2.0
2026-09-22,42.5,0.19971804224863207,0.20002414264266105,98.74612108175019,100.14307659277101,XLRE,不動産,rate_sensitive,Improving,3.0,0.0,-1.0
2026-09-23,41.84000015258789,0.1980029370876603,0.1993504074576608,98.62987366770595,99.90363515838362,XLRE,不動産,rate_sensitive,Lagging,2.0,-1.0,-2.0
2026-09-24,41.650001525878906,0.19808809385527112,0.19892963625686427,98.5779467953796,99.80412888728173,XLRE,不動産,rate_sensitive,Lagging,2.0,-1.0,-2.0
2026-09-25,41.560001373291016,0.196864199958006,0.1982411574905782,98.46200868591541,99.72848443830853,XLRE,不動産,rate_sensitive,Lagging,2.0,-1.0,-2.0
2026-09-28,41.560001373291016,0.196864199958006,0.19778217164638748,98.4060940387691,99.60186838013605,XLRE,不動産,rate_sensitive,Lagging,2.0,-2.0,-4.0
