Date,Close,RS_raw,RS_smooth,RS_Ratio,RS_Momentum,Symbol,Label,Group,Quadrant,Rank,RankVelocity,RankAccel
2024-08-05,97.7622299194336,0.6203853064164964,0.6203853064164964,,,XLK,情報技術,growth,,,,
2024-08-06,99.0910873413086,0.6224343286767933,0.6210683138365953,,,XLK,情報技術,growth,,,,
2024-08-07,97.48560333251953,0.616698332607927,0.6196116534270393,,,XLK,情報技術,growth,,,,
2024-08-08,101.12637329101562,0.6283432731784978,0.6225221933441921,,,XLK,情報技術,growth,,,,
2024-08-09,101.5808334350586,0.6298415415087262,0.6249619760657035,,,XLK,情報技術,growth,,,,
2024-08-12,102.41075897216797,0.6380502746150337,0.6293247422488135,,,XLK,情報技術,growth,,,,
2024-08-13,105.55753326416016,0.6502454698753053,0.6362983181243108,,,XLK,情報技術,growth,,,,
2024-08-14,106.13551330566406,0.6524445505843836,0.6416803956110018,,,XLK,情報技術,growth,,,,
2024-08-15,109.18841552734375,0.6622291458036091,0.6485299790085376,,,XLK,情報技術,growth,,,,
2024-08-16,109.37120819091797,0.6617452733380621,0.6529350771183791,,,XLK,情報技術,growth,,,,
2024-08-19,111.17428588867188,0.6675730222331073,0.6578143921566219,,,XLK,情報技術,growth,,,,
2024-08-20,110.78401947021484,0.6678687892733911,0.6611658578622117,,,XLK,情報技術,growth,,,,
2024-08-21,111.43611145019531,0.6671292278629253,0.6631536478624496,,,XLK,情報技術,growth,,,,
2024-08-22,108.87224578857422,0.6536357735070828,0.6599810230773273,,,XLK,情報技術,growth,,,,
2024-08-23,110.6358413696289,0.6558783754446016,0.6586134738664188,,,XLK,情報技術,growth,,,,
2024-08-26,109.24769592285156,0.6477604734813066,0.6549958070713814,,,XLK,情報技術,growth,,,,
2024-08-27,109.90966033935547,0.6513864788716092,0.6537926976714574,,,XLK,情報技術,growth,,,,
2024-08-28,108.3930892944336,0.6441718478478802,0.650585747730265,,,XLK,情報技術,growth,,,,
2024-08-29,107.41496276855469,0.6359813331080755,0.6457176095228685,,,XLK,情報技術,growth,,,,
2024-08-30,108.84261322021484,0.6394874335431426,0.6436408841962933,,,XLK,情報技術,growth,,,,
2024-09-03,103.84336853027344,0.6180574690325507,0.6351130791417124,,,XLK,情報技術,growth,,,,
2024-09-04,103.57658386230469,0.6173586126773976,0.6291949236536075,,,XLK,情報技術,growth,,,,
2024-09-05,103.41852569580078,0.620208658606511,0.6261995019712421,,,XLK,情報技術,growth,,,,
2024-09-06,100.7361068725586,0.6106790271858593,0.6210260103761145,,,XLK,情報技術,growth,,,,
2024-09-09,102.38606262207031,0.6147305797262504,0.6189275334928266,,,XLK,情報技術,growth,,,,
2024-09-10,103.9174575805664,0.6235627287486114,0.6204725985780882,,,XLK,情報技術,growth,,,,
2024-09-11,107.46435546875,0.6445466505288638,0.6284972825616801,,,XLK,情報技術,growth,,,,
2024-09-12,108.35356140136719,0.6458685267816742,0.6342876973016782,,,XLK,情報技術,growth,,,,
2024-09-13,108.89695739746094,0.6429508054643157,0.6371754000225575,,,XLK,情報技術,growth,,,,
2024-09-16,108.48200225830078,0.6358863531065917,0.6367457177172355,,,XLK,情報技術,growth,,,,
2024-09-17,108.26957702636719,0.6337064749375966,0.6357326367906893,,,XLK,情報技術,growth,,,,
2024-09-18,107.28158569335938,0.6290995610855886,0.6335216115556558,,,XLK,情報技術,growth,,,,
2024-09-19,110.46786499023438,0.6409456389516982,0.6359962873543367,,,XLK,情報技術,growth,,,,
2024-09-20,109.92941284179688,0.6401579741378928,0.6373835162821888,,,XLK,情報技術,growth,,,,
2024-09-23,109.90913391113281,0.6367794277334531,0.6371821534326103,,,XLK,情報技術,growth,,,,
2024-09-24,110.6613540649414,0.6402005990022044,0.6381883019558083,,,XLK,情報技術,growth,,,,
2024-09-25,110.97808074951172,0.6460272006048605,0.6408012681721591,,,XLK,情報技術,growth,,,,
2024-09-26,112.44788360595703,0.6491494858914469,0.6435840074119217,,,XLK,情報技術,growth,,,,
2024-09-27,111.39873504638672,0.640792701278728,0.6426535720341905,,,XLK,情報技術,growth,,,,
2024-09-30,111.72535705566406,0.6418464652669883,0.6423845364451232,,,XLK,情報技術,growth,,,,
2024-10-01,109.00347900390625,0.6295478544009777,0.6381056424304081,,,XLK,情報技術,growth,,,,
2024-10-02,109.81014251708984,0.6348835016088852,0.6370315954899005,,,XLK,情報技術,growth,,,,
2024-10-03,110.26544189453125,0.6405384299692688,0.6382005403163566,,,XLK,情報技術,growth,,,,
2024-10-04,111.49275207519531,0.6426263075958477,0.6396757960761871,,,XLK,情報技術,growth,,,,
2024-10-07,110.7256851196289,0.6432120099027716,0.640854534018382,,,XLK,情報技術,growth,,,,
2024-10-08,112.79430389404297,0.6536790899890215,0.6451293860085952,,,XLK,情報技術,growth,,,,
2024-10-09,114.05626678466797,0.6564829920931773,0.6489139213701225,,,XLK,情報技術,growth,,,,
2024-10-10,114.02658081054688,0.658780415667008,0.6522027528024177,,,XLK,情報技術,growth,,,,
2024-10-11,114.22452545166016,0.6535045796626644,0.6526366950891667,,,XLK,情報技術,growth,,,,
2024-10-14,115.7141342163086,0.6572048571917104,0.6541594157900146,,,XLK,情報技術,growth,,,,
2024-10-15,113.17041015625,0.645679128099307,0.6513326532264454,,,XLK,情報技術,growth,,,,
2024-10-16,113.52178955078125,0.6433332220723562,0.6486661761750824,,,XLK,情報技術,growth,,,,
2024-10-17,113.86821746826172,0.6463285003485209,0.6478869508995619,,,XLK,情報技術,growth,,,,
2024-10-18,114.2740249633789,0.6467060063970599,0.6474933027320613,,,XLK,情報技術,growth,,,,
2024-10-21,114.8084945678711,0.6553156185965631,0.650100741353562,,,XLK,情報技術,growth,,,,
2024-10-22,114.6897201538086,0.6575916553295917,0.6525977126789053,,,XLK,情報技術,growth,,,,
2024-10-23,113.04669952392578,0.6503084401961855,0.651834621851332,,,XLK,情報技術,growth,,,,
2024-10-24,113.37828063964844,0.6520700996776577,0.6519131144601074,,,XLK,情報技術,growth,,,,
2024-10-25,113.96719360351562,0.6585851855953686,0.6541371381718611,,,XLK,情報技術,growth,,,,
2024-10-28,113.93254852294922,0.6546725231668064,0.6543155998368428,,,XLK,情報技術,growth,,,,
2024-10-29,115.4666976928711,0.6654943252183613,0.6580418416306824,,,XLK,情報技術,growth,,,,
2024-10-30,113.63067626953125,0.6563457330608614,0.6574764721074088,,,XLK,情報技術,growth,,,,
2024-10-31,109.98336029052734,0.6421252002891398,0.6523593815013191,100.83959992755099,,XLK,情報技術,growth,,7.0,,
2024-11-01,110.80982208251953,0.6465469809275727,0.6504219146434037,100.65356212113949,,XLK,情報技術,growth,,7.0,,
2024-11-04,110.7256851196289,0.6452878324093109,0.6487105538987061,100.48204996066865,,XLK,情報技術,growth,,7.0,,
2024-11-05,112.28457641601562,0.6468281635826072,0.6480830904600066,100.4008488365295,,XLK,情報技術,growth,,7.0,,
2024-11-06,115.48153686523438,0.6498591565017918,0.6486751124739351,100.42980972260484,,XLK,情報技術,growth,,7.0,,
2024-11-07,117.4957275390625,0.6605437849805681,0.6526313366428128,100.77855174860288,,XLK,情報技術,growth,,7.0,0.0,
2024-11-08,117.36705017089844,0.656164559318237,0.6538090775346209,100.86476022935193,,XLK,情報技術,growth,,7.0,0.0,
2024-11-11,116.7187728881836,0.6492955584945895,0.6523045711879438,100.69455943023951,,XLK,情報技術,growth,,7.0,0.0,
2024-11-12,116.86720275878906,0.6551137603408674,0.6532409675722517,100.7651736191426,,XLK,情報技術,growth,,7.0,0.0,
2024-11-13,116.46141052246094,0.6524836973433594,0.652988544162621,100.73105766032138,,XLK,情報技術,growth,,7.0,0.0,
2024-11-14,116.06549835205078,0.6555106730661342,0.6538292537971254,100.81034683475805,,XLK,情報技術,growth,,6.0,-1.0,-1.0
2024-11-15,113.18527221679688,0.6438367364794207,0.6504984146912238,100.50380805894174,,XLK,情報技術,growth,,6.0,-1.0,-1.0
2024-11-18,113.55147552490234,0.6433243288617003,0.6481070527480494,100.29578544844675,,XLK,情報技術,growth,,6.0,-1.0,-1.0
2024-11-19,114.48186492919922,0.6503495548779314,0.6488545534580101,100.40326610040073,,XLK,情報技術,growth,,6.0,-1.0,-1.0
2024-11-20,114.38288879394531,0.6476069668099785,0.6484386912419997,100.38659737746525,,XLK,情報技術,growth,,6.0,-1.0,-1.0
2024-11-21,115.54586791992188,0.6460531357331035,0.6476435060723678,100.32722032827387,,XLK,情報技術,growth,,6.0,0.0,1.0
2024-11-22,115.60526275634766,0.6413334811884674,0.645540164444401,100.12134034276066,,XLK,情報技術,growth,,6.0,0.0,1.0
2024-11-25,115.60030364990234,0.6355508962916991,0.6422104083935004,99.78272034404682,,XLK,情報技術,growth,,6.0,0.0,1.0
2024-11-26,116.1793212890625,0.6386660862081548,0.6410289676650519,99.67057931613289,,XLK,情報技術,growth,,6.0,0.0,1.0
2024-11-27,114.60557556152344,0.6306210249241193,0.6375596534180744,99.31148797103805,,XLK,情報技術,growth,,5.0,-1.0,0.0
2024-11-29,115.66958618164062,0.6345421813003251,0.6365538293788247,99.2190444090852,,XLK,情報技術,growth,,5.0,-1.0,-1.0
2024-12-02,116.76824188232422,0.6421778695905859,0.6384285094494118,99.41204584596888,,XLK,情報技術,growth,,6.0,0.0,0.0
2024-12-03,117.18889617919922,0.6473621990497038,0.6414064059828425,99.70629740159642,,XLK,情報技術,growth,,6.0,0.0,0.0
2024-12-04,119.33174133300781,0.6591641348427797,0.647325648936155,100.33099303066619,,XLK,情報技術,growth,,7.0,1.0,1.0
2024-12-05,118.72798156738281,0.6591188766132978,0.6512567248285359,100.76508022809014,,XLK,情報技術,growth,,8.0,3.0,4.0
2024-12-06,119.188232421875,0.6624243102170787,0.6549792532913836,101.23198763885102,,XLK,情報技術,growth,,8.0,3.0,4.0
2024-12-09,118.41126251220703,0.6608181091501953,0.6569255385776542,101.51856974134147,,XLK,情報技術,growth,,9.0,3.0,3.0
2024-12-10,116.76824188232422,0.6556659776590161,0.6565056849381082,101.44665115703498,,XLK,情報技術,growth,,9.0,3.0,3.0
2024-12-11,118.46074676513672,0.6645533229277573,0.659188230934658,101.77611752412257,,XLK,情報技術,growth,,9.0,2.0,1.0
2024-12-12,117.79759216308594,0.663255162125435,0.660543874664917,101.89180232561556,,XLK,情報技術,growth,,9.0,1.0,-2.0
2024-12-13,118.30238342285156,0.6684376278689856,0.6631751257329399,102.16049950667295,,XLK,情報技術,growth,,9.0,1.0,-2.0
2024-12-16,119.48516845703125,0.6773516525939911,0.6679006346866236,102.64615533633526,,XLK,情報技術,growth,,10.0,1.0,-2.0
2024-12-17,118.76262664794922,0.678600446452509,0.6714672386085855,102.91772440038201,,XLK,情報技術,growth,,11.0,2.0,-1.0
2024-12-18,114.93222045898438,0.676738350649066,0.6732242759554123,102.91191525174736,,XLK,情報技術,growth,,11.0,2.0,0.0
2024-12-19,115.05593872070312,0.6797222122311318,0.6753902547139856,102.92835806152345,,XLK,情報技術,growth,,11.0,2.0,1.0
2024-12-20,116.773193359375,0.6803390294597185,0.6770398462958966,102.88244899036671,,XLK,情報技術,growth,,11.0,2.0,1.0
2024-12-23,118.01043701171875,0.6866112993030132,0.6802303306316022,102.96611208724252,,XLK,情報技術,growth,,11.0,1.0,0.0
2024-12-24,119.22985076904297,0.6885113809698402,0.6829906807443482,102.96968677183973,,XLK,情報技術,growth,,11.0,0.0,-2.0
2024-12-26,119.30916595458984,0.6878463128564405,0.6846092247817124,102.86403904916264,,XLK,情報技術,growth,,11.0,0.0,-2.0
2024-12-27,117.72293853759766,0.6833490904787869,0.6841891800140706,102.62375943592959,,XLK,情報技術,growth,,11.0,0.0,-2.0
2024-12-30,116.22594451904297,0.6815252831932924,0.6833012144071446,102.39044629117247,,XLK,情報技術,growth,,11.0,0.0,-2.0
2024-12-31,115.25932312011719,0.6746230002364957,0.6804084763502617,102.05460828150683,,XLK,情報技術,growth,,11.0,0.0,-1.0
2025-01-02,114.9866943359375,0.6749918221005002,0.6786029249336746,101.83597843041235,,XLK,情報技術,growth,,11.0,0.0,0.0
2025-01-03,116.86042022705078,0.6797659302960207,0.67899059338779,101.79360490064818,,XLK,情報技術,growth,,11.0,0.0,0.0
2025-01-06,118.34751892089844,0.6888850992623107,0.6822887620126303,101.95892514007316,,XLK,情報技術,growth,,11.0,0.0,0.0
2025-01-07,115.97312927246094,0.6773320740397605,0.6806365326883405,101.75988882422446,,XLK,情報技術,growth,,11.0,0.0,0.0
2025-01-08,115.93347930908203,0.676291743531658,0.679188269636113,101.5876624713825,,XLK,情報技術,growth,,11.0,0.0,0.0
2025-01-10,113.4054183959961,0.6713579100704172,0.6765781497808812,101.34631698288561,,XLK,情報技術,growth,,11.0,0.0,0.0
2025-01-13,112.60240173339844,0.6611848303397506,0.6714470433005043,100.94312107786585,,XLK,情報技術,growth,,9.0,-2.0,-2.0
2025-01-14,112.8998031616211,0.6576225000528836,0.6668388622179642,100.59071762546145,,XLK,情報技術,growth,,7.0,-4.0,-4.0
2025-01-15,115.14532470703125,0.6643261694892872,0.6660012979750719,100.51556171108929,,XLK,情報技術,growth,,7.0,-4.0,-4.0
2025-01-16,114.25801849365234,0.6540559211563562,0.6620195057021667,100.2148527544419,,XLK,情報技術,growth,,7.0,-4.0,-4.0
2025-01-17,116.0474853515625,0.6610896169745738,0.6617095427929691,100.17805876382765,,XLK,情報技術,growth,,6.0,-5.0,-5.0
2025-01-21,117.01409912109375,0.6589467110304614,0.6607885988721333,100.09639884965826,,XLK,情報技術,growth,,5.0,-4.0,-2.0
2025-01-22,119.65615844726562,0.6762011153914972,0.665926104378588,100.45429019135736,,XLK,情報技術,growth,,6.0,-1.0,3.0
2025-01-23,119.86930847167969,0.6742108371786693,0.6686876819786152,100.63680404933744,,XLK,情報技術,growth,,7.0,0.0,4.0
2025-01-24,118.62014770507812,0.6677708721508204,0.6683820787026836,100.5954898312153,,XLK,情報技術,growth,,8.0,1.0,5.0
2025-01-27,112.80563354492188,0.6346201175168709,0.657128091640746,99.75799336372486,,XLK,情報技術,growth,,5.0,-1.0,4.0
2025-01-28,115.81451416015625,0.6547798979132677,0.6563453603982533,99.69410024230213,,XLK,情報技術,growth,,5.0,0.0,4.0
2025-01-29,114.8726806640625,0.6516101703277328,0.6547669637080799,99.57610861591832,,XLK,情報技術,growth,,5.0,-1.0,0.0
2025-01-30,115.0858383178711,0.6459245709638608,0.6518194994600068,99.36133812380392,,XLK,情報技術,growth,,4.0,-3.0,-3.0
2025-01-31,114.41168212890625,0.6474553553965939,0.6503647847722026,99.26565305446793,,XLK,情報技術,growth,,4.0,-4.0,-5.0
2025-02-03,112.87006378173828,0.642239553392719,0.6476563743123748,99.08335099620585,,XLK,情報技術,growth,,2.0,-3.0,-2.0
2025-02-04,114.4959487915039,0.6506967477071146,0.6486698321106215,99.1645009043476,,XLK,情報技術,growth,,2.0,-3.0,-3.0
2025-02-05,116.08714294433594,0.6565382402528986,0.6512926348247139,99.35471850540353,,XLK,情報技術,growth,,3.0,-2.0,-1.0
2025-02-06,116.40438842773438,0.659204925036362,0.6539300648952633,99.53970294038083,,XLK,情報技術,growth,,4.0,0.0,3.0
2025-02-07,115.40803527832031,0.6567901279595098,0.6548834192500121,99.59969521591,,XLK,情報技術,growth,,3.0,-1.0,3.0
2025-02-10,117.09341430664062,0.6645012037309164,0.6580893474103136,99.82426767498934,100.93459215935808,XLK,情報技術,growth,Improving,4.0,2.0,5.0
2025-02-11,117.14793395996094,0.6647370371460681,0.6603052439888984,99.97967399926866,100.99476286751779,XLK,情報技術,growth,Improving,3.0,1.0,4.0
2025-02-12,116.89512634277344,0.6671782010247292,0.6625962296675088,100.14011161972797,100.94487410059632,XLK,情報技術,growth,Leading,4.0,1.0,3.0
2025-02-13,118.5507583618164,0.6708044644994827,0.6653323079448334,100.3295388214448,100.93358665128979,XLK,情報技術,growth,Leading,5.0,1.0,1.0
2025-02-14,118.9522705078125,0.6737453963165001,0.6681366707353891,100.52177333306162,101.06228848436807,XLK,情報技術,growth,Leading,6.0,3.0,4.0
2025-02-18,120.037841796875,0.6747147913129656,0.6703293775945813,100.6648220777465,100.9570487128783,XLK,情報技術,growth,Leading,7.0,3.0,1.0
2025-02-19,120.04776000976562,0.6734050683693446,0.6713546078528358,100.71951453511075,100.82997186529262,XLK,情報技術,growth,Leading,7.0,4.0,3.0
2025-02-20,119.66606140136719,0.672957004019498,0.6718887399083899,100.73501534175658,100.65433772401006,XLK,情報技術,growth,Leading,7.0,3.0,2.0
2025-02-21,116.4242172241211,0.6640470961343728,0.6692748586503843,100.51805271152541,100.20375077299875,XLK,情報技術,growth,Leading,6.0,1.0,0.0
2025-02-24,114.75867462158203,0.6540018000469577,0.6641838391159088,100.11766344588236,99.56121807400667,XLK,情報技術,growth,Weakening,4.0,-2.0,-5.0
2025-02-25,113.27157592773438,0.6448819719158757,0.6577498833825646,99.6150007388588,98.88286282025176,XLK,情報技術,growth,Lagging,3.0,-4.0,-7.0
2025-02-26,114.50587463378906,0.6532870731852339,0.6562622799834543,99.48611807705684,98.71331176164337,XLK,情報技術,growth,Lagging,3.0,-4.0,-8.0
2025-02-27,110.3370590209961,0.6350490488820192,0.6491912029496427,98.9298115780933,98.17886654857725,XLK,情報技術,growth,Lagging,3.0,-4.0,-7.0
2025-02-28,111.79441833496094,0.6363661868140325,0.644916197571106,98.58734092780867,98.12502202487835,XLK,情報技術,growth,Lagging,2.0,-4.0,-5.0
2025-03-03,108.39392852783203,0.6236552970676973,0.6378292307366364,98.05263197073563,98.0659265414466,XLK,情報技術,growth,Lagging,1.0,-3.0,-1.0
2025-03-04,108.30966186523438,0.6334037959885276,0.6363540858206003,97.946064648407,98.48058937263454,XLK,情報技術,growth,Lagging,1.0,-2.0,2.0
2025-03-05,109.8314437866211,0.6363887255459743,0.636365632395725,97.94817085279657,98.62478462833708,XLK,情報技術,growth,Lagging,1.0,-2.0,2.0
2025-03-06,106.78291320800781,0.6256525852051988,0.6327946166655496,97.71296261589411,98.94752592386838,XLK,情報技術,growth,Lagging,1.0,-2.0,2.0
2025-03-07,108.3294906616211,0.6288227242306457,0.6314706525205817,97.6802328798742,99.25890486792967,XLK,情報技術,growth,Lagging,1.0,-1.0,3.0
2025-03-10,103.72447204589844,0.6106981855822774,0.6245464968744803,97.33279854088202,99.45636088329603,XLK,情報技術,growth,Lagging,1.0,0.0,3.0
2025-03-11,103.30313110351562,0.616427045791561,0.6218400131801739,97.33132469605796,99.58013485380184,XLK,情報技術,growth,Lagging,2.0,1.0,3.0
2025-03-12,104.92901611328125,0.629093617981652,0.6242578814473333,97.63690729783954,99.90638907512997,XLK,情報技術,growth,Lagging,2.0,1.0,3.0
2025-03-13,102.93631744384766,0.6231202573456875,0.6238786734134514,97.74489763251411,100.2986037028904,XLK,情報技術,growth,Improving,2.0,1.0,3.0
2025-03-14,106.04928588867188,0.629955005195055,0.6259041173406525,97.9691476523848,100.61469533570443,XLK,情報技術,growth,Improving,2.0,1.0,2.0
2025-03-17,106.78787231445312,0.6258960120699477,0.625901415583751,98.06253601610618,101.12967929221266,XLK,情報技術,growth,Improving,2.0,1.0,1.0
2025-03-18,105.16199493408203,0.6195886542012283,0.6237971617895768,98.04042458662653,101.12547627183946,XLK,情報技術,growth,Improving,2.0,0.0,-1.0
2025-03-19,106.53012084960938,0.6230324755043585,0.6235422663611707,98.1175257503814,100.88477587607582,XLK,情報技術,growth,Improving,2.0,0.0,-1.0
2025-03-20,105.7717056274414,0.6211827309368307,0.6227557545530574,98.1629528822823,100.84002193400782,XLK,情報技術,growth,Improving,2.0,0.0,-1.0
2025-03-21,106.0592041015625,0.6257375086041546,0.6237496725700898,98.28976919762103,100.77225802930512,XLK,情報技術,growth,Improving,2.0,0.0,-1.0
2025-03-24,108.06781768798828,0.6278586194726856,0.6251193215376218,98.42316840990243,100.85091265040903,XLK,情報技術,growth,Improving,2.0,0.0,-1.0
2025-03-25,108.42534637451172,0.6314452704632488,0.6272279711794976,98.58114357360067,101.09347489517306,XLK,情報技術,growth,Improving,2.0,0.0,0.0
2025-03-26,106.0070571899414,0.618526333502048,0.6243274252870143,98.492453755524,100.9033977402046,XLK,情報技術,growth,Improving,1.0,-1.0,-1.0
2025-03-27,105.02881622314453,0.614398888378514,0.6210179129841809,98.3890692963058,100.7220073232419,XLK,情報技術,growth,Improving,1.0,-1.0,-1.0
2025-03-28,102.48143768310547,0.6088839798219156,0.6169732685967592,98.25693349346788,100.4028310311107,XLK,情報技術,growth,Improving,1.0,-1.0,-1.0
2025-03-31,102.53108978271484,0.6041503048633835,0.6126989473523006,98.12288709902721,100.07594623906358,XLK,情報技術,growth,Improving,1.0,-1.0,-1.0
2025-04-01,103.28091430664062,0.6079368392613739,0.6111115779886583,98.11987184237292,99.87899674775386,XLK,情報技術,growth,Lagging,1.0,-1.0,-1.0
2025-04-02,104.04562377929688,0.6073596079683273,0.6098609213152146,98.13257141608217,100.00236962050371,XLK,情報技術,growth,Improving,1.0,0.0,1.0
2025-04-03,96.9447250366211,0.594215791135523,0.6046458779219841,97.97682973316728,99.92717663786708,XLK,情報技術,growth,Lagging,1.0,0.0,1.0
2025-04-04,90.55886840820312,0.5880933138374594,0.5991283565604759,97.83022746410205,99.8943166348265,XLK,情報技術,growth,Lagging,1.0,0.0,1.0
2025-04-07,91.10013580322266,0.5965804488588673,0.5982790539932731,97.8924740524533,100.1251745080562,XLK,情報技術,growth,Improving,1.0,0.0,1.0
2025-04-08,89.24793243408203,0.5956868924496862,0.5974150001454108,97.94212617601211,100.18227105286361,XLK,情報技術,growth,Improving,1.0,0.0,1.0
2025-04-09,101.23009490966797,0.6256295817933183,0.6068198606947133,98.4066410066085,100.73430179773561,XLK,情報技術,growth,Improving,1.0,0.0,0.0
2025-04-10,96.51766967773438,0.6172860493775595,0.6103085902556621,98.6013392522149,101.14305139126061,XLK,情報技術,growth,Improving,1.0,0.0,0.0
2025-04-11,98.4940185546875,0.6205170700007498,0.6137114168373581,98.78685900646353,101.50175822268827,XLK,情報技術,growth,Improving,1.0,0.0,0.0
2025-04-14,99.3927993774414,0.6182802736156574,0.6152343690967912,98.88869307388666,101.4927477181673,XLK,情報技術,growth,Improving,2.0,1.0,1.0
2025-04-15,99.75529479980469,0.6225459546377632,0.6176715642771152,99.02861042248956,101.5478979204446,XLK,情報技術,growth,Improving,2.0,1.0,1.0
2025-04-16,96.28925323486328,0.6087309560936883,0.6146913615493064,98.92880252340325,100.84057717550623,XLK,情報技術,growth,Improving,2.0,1.0,1.0
2025-04-17,95.76786041259766,0.6009682434643159,0.6101169888543095,98.76424128261792,100.38135879978974,XLK,情報技術,growth,Improving,1.0,0.0,0.0
2025-04-21,93.29496002197266,0.5974610989816781,0.6058983588967657,98.62328583745344,99.95840550668736,XLK,情報技術,growth,Lagging,1.0,0.0,0.0
2025-04-22,95.5692367553711,0.5972982738958867,0.6030316638964728,98.54819407238219,99.72557068590685,XLK,情報技術,growth,Lagging,1.0,-1.0,-2.0
2025-04-23,98.3400650024414,0.6087267864874443,0.6049300380934632,98.67482092798468,99.71338910127744,XLK,情報技術,growth,Lagging,1.0,-1.0,-2.0
2025-04-24,102.00970458984375,0.6209360516416663,0.6102653759428643,98.94186083718135,100.17663506205022,XLK,情報技術,growth,Improving,1.0,-1.0,-2.0
2025-04-25,103.5192642211914,0.6310279114928894,0.617186221126206,99.27596082839189,100.79946044559486,XLK,情報技術,growth,Improving,2.0,1.0,1.0
2025-04-28,103.35043334960938,0.6282354383765841,0.6208692935429988,99.46502894418526,101.17624262859162,XLK,情報技術,growth,Improving,2.0,1.0,1.0
2025-04-29,103.83210754394531,0.6275012015652993,0.6230799295504323,99.58664919581089,101.37204038948676,XLK,情報技術,growth,Improving,3.0,2.0,3.0
2025-04-30,104.26411437988281,0.6292179166501298,0.6251259252503316,99.70003859948528,101.31039230567204,XLK,情報技術,growth,Improving,3.0,2.0,3.0
2025-05-01,105.79354095458984,0.6393170626633093,0.6298563043879909,99.9353803836156,101.23519721115542,XLK,情報技術,growth,Improving,4.0,3.0,4.0
2025-05-02,107.56132507324219,0.6387311347425192,0.6328145811728337,100.08732380229428,100.98410615663896,XLK,情報技術,growth,Leading,5.0,3.0,2.0
2025-05-05,106.99026489257812,0.6374538697582804,0.634361010701316,100.17087899051305,100.82646254430168,XLK,情報技術,growth,Leading,5.0,3.0,2.0
2025-05-06,106.1014175415039,0.6368792100108958,0.6352004104711759,100.22191849207412,100.7158791354083,XLK,情報技術,growth,Leading,5.0,2.0,0.0
2025-05-07,107.1640625,0.6390489040332552,0.6364832416585358,100.29627942588765,100.64974940965449,XLK,情報技術,growth,Leading,5.0,2.0,0.0
2025-05-08,108.18698120117188,0.6397665701862658,0.6375776845011125,100.36461110803198,100.43753979121055,XLK,情報技術,growth,Leading,6.0,2.0,-1.0
2025-05-09,108.05292510986328,0.63912198032098,0.6380924497744017,100.40669950699522,100.30211467295088,XLK,情報技術,growth,Leading,7.0,2.0,-1.0
2025-05-12,113.0682373046875,0.6509451523251749,0.6423766839579927,100.63632564987773,100.48979020027662,XLK,情報技術,growth,Leading,9.0,4.0,1.0
2025-05-13,115.5113525390625,0.6635135941739593,0.6494223206966483,101.00475703591492,100.88457812958136,XLK,情報技術,growth,Leading,10.0,5.0,3.0
2025-05-14,116.26116943359375,0.6718661475944913,0.6569035963292627,101.39359117593978,101.2602219769919,XLK,情報技術,growth,Leading,10.0,5.0,3.0
2025-05-15,116.4200668334961,0.6667072852422797,0.6601714926336018,101.5736744354318,101.37680280687655,XLK,情報技術,growth,Leading,10.0,4.0,2.0
2025-05-16,116.6385498046875,0.6614640999794137,0.6606023617488724,101.61961185171018,101.36649584404881,XLK,情報技術,growth,Leading,10.0,3.0,1.0
2025-05-19,116.46973419189453,0.6605800759086853,0.6605949331354768,101.65230621453723,101.12035653059546,XLK,情報技術,growth,Leading,10.0,1.0,-3.0
2025-05-20,116.03274536132812,0.6598248744138488,0.6603382468949341,101.67833280389311,100.70847138289895,XLK,情報技術,growth,Leading,10.0,0.0,-5.0
2025-05-21,113.85282135009766,0.6618454676483364,0.6608406538127349,101.74776462186024,100.32740553472831,XLK,情報技術,growth,Leading,10.0,0.0,-5.0
2025-05-22,113.88262176513672,0.66413675924648,0.6619393556239833,101.83733992809033,100.21616588777026,XLK,情報技術,growth,Leading,10.0,0.0,-4.0
2025-05-23,112.62629699707031,0.6594474850841879,0.6611087321107183,101.80369719168091,100.1086871333175,XLK,情報技術,growth,Leading,9.0,-1.0,-4.0
2025-05-27,115.30278778076172,0.6627630380811764,0.6616601674342044,101.81979519853313,100.06607968448346,XLK,情報技術,growth,Leading,8.0,-2.0,-3.0
2025-05-28,114.82609558105469,0.6656833742343119,0.6630012363675736,101.8685344403676,100.06777676197292,XLK,情報技術,growth,Leading,8.0,-2.0,-2.0
2025-05-29,115.0197525024414,0.6651816138956923,0.6637280288769465,101.86011548632248,99.92718602335216,XLK,情報技術,growth,Weakening,8.0,-2.0,-2.0
2025-05-30,114.6622314453125,0.6633771932728495,0.6636110836755809,101.79955187414956,99.66539456356928,XLK,情報技術,growth,Weakening,8.0,-2.0,-2.0
2025-06-02,115.67521667480469,0.6687071009317664,0.6653097560943094,101.81726817716594,99.66171456189953,XLK,情報技術,growth,Weakening,9.0,0.0,1.0
2025-06-03,117.41320037841797,0.6731501516312896,0.6679232212733028,101.87039216648344,99.65108904464721,XLK,情報技術,growth,Weakening,10.0,2.0,4.0
2025-06-04,117.5870132446289,0.6756645440933009,0.6705036622133023,101.91254097446316,99.5641029916136,XLK,情報技術,growth,Weakening,11.0,3.0,5.0
2025-06-05,117.25430297851562,0.6755782222019039,0.6721951822095029,101.90451362563809,99.49724200057271,XLK,情報技術,growth,Weakening,10.0,2.0,4.0
2025-06-06,118.36164855957031,0.6761192955273504,0.6735032199821188,101.87757241736615,99.51039026349105,XLK,情報技術,growth,Weakening,10.0,2.0,4.0
2025-06-09,118.942626953125,0.6793238678551384,0.6754434359397921,101.87396911172081,99.42168133682945,XLK,情報技術,growth,Weakening,10.0,1.0,1.0
2025-06-10,119.60802459716797,0.6797392623420013,0.6768753780738619,101.8479481813762,99.21235579677015,XLK,情報技術,growth,Weakening,10.0,0.0,-2.0
2025-06-11,119.34484100341797,0.6801748957764175,0.6779752173080471,101.81021940030399,99.02292113396453,XLK,情報技術,growth,Weakening,10.0,-1.0,-4.0
2025-06-12,120.45219421386719,0.6848798846230228,0.6802767730797057,101.8200456274953,99.0692232595443,XLK,情報技術,growth,Weakening,10.0,0.0,-2.0
2025-06-13,118.76387023925781,0.6835427307901425,0.6813654256498514,101.78234333546786,99.06568375484123,XLK,情報技術,growth,Weakening,10.0,0.0,-2.0
2025-06-16,120.68558502197266,0.6879696968906216,0.6835668493967748,101.7868561049752,99.11185217043119,XLK,情報技術,growth,Weakening,10.0,0.0,-1.0
2025-06-17,119.83148193359375,0.6897263543407188,0.6856200177114229,101.78358208590153,99.18753969634045,XLK,情報技術,growth,Weakening,10.0,0.0,0.0
2025-06-18,119.97549438476562,0.6904772756391934,0.6872391036873464,101.76401450826668,99.2477665720076,XLK,情報技術,growth,Weakening,10.0,0.0,1.0
2025-06-20,119.44415283203125,0.6862971879663124,0.6869251317803351,101.67999602562267,99.07014394624831,XLK,情報技術,growth,Weakening,10.0,0.0,0.0
2025-06-23,120.80602264404297,0.6880477743487542,0.6872993459698082,101.62553814275232,99.05733958694846,XLK,情報技術,growth,Weakening,10.0,0.0,0.0
2025-06-24,122.97463989257812,0.6938297336561743,0.6894761418652636,101.63358434109192,99.08835105761028,XLK,情報技術,growth,Weakening,10.0,0.0,0.0
2025-06-25,124.02412414550781,0.7048362704239227,0.69459618471815,101.73289413616169,99.32636398521014,XLK,情報技術,growth,Weakening,10.0,0.0,0.0
2025-06-26,124.879638671875,0.7043823359783744,0.6978582351382249,101.76284247224127,99.44495191035877,XLK,情報技術,growth,Weakening,10.0,0.0,0.0
2025-06-27,124.73042297363281,0.7009737341075002,0.69889673479465,101.72151116569192,99.54204981025458,XLK,情報技術,growth,Weakening,10.0,0.0,0.0
2025-06-30,125.95398712158203,0.7045394779686541,0.7007776491859847,101.70916369749861,99.62619648618227,XLK,情報技術,growth,Weakening,10.0,0.0,0.0
2025-07-01,124.82989501953125,0.6901630040797209,0.6972394341505634,101.53877160371167,99.23718902731018,XLK,情報技術,growth,Weakening,10.0,0.0,0.0
2025-07-02,126.14798736572266,0.6958609526265712,0.6967799403092327,101.47160607599994,98.86595969975717,XLK,情報技術,growth,Weakening,10.0,0.0,0.0
2025-07-03,127.80924987792969,0.7016364942815179,0.6983987916333279,101.47051944231477,98.79343884143852,XLK,情報技術,growth,Weakening,10.0,0.0,0.0
2025-07-07,126.79458618164062,0.7016741667418194,0.6994905833361584,101.45707129778286,98.84060866857861,XLK,情報技術,growth,Weakening,11.0,1.0,1.0
2025-07-08,127.47601318359375,0.70368298927478,0.7008880519823657,101.45802874241446,98.85405720192598,XLK,情報技術,growth,Weakening,11.0,1.0,1.0
2025-07-09,128.24197387695312,0.7058033232389908,0.7025264757345742,101.46856808920955,99.23990901141829,XLK,情報技術,growth,Weakening,11.0,1.0,1.0
2025-07-10,127.8192138671875,0.6994248804339114,0.7014926106343533,101.40092607607663,99.23256040313342,XLK,情報技術,growth,Weakening,11.0,1.0,1.0
2025-07-11,127.25715637207031,0.7014845868824231,0.7014899360503766,101.36159738535088,99.16645008912573,XLK,情報技術,growth,Weakening,10.0,0.0,0.0
2025-07-14,127.15270233154297,0.7001874094682617,0.701055760523005,101.30946330029776,99.1099493119046,XLK,情報技術,growth,Weakening,11.0,0.0,-1.0
2025-07-15,128.28176879882812,0.7163381952219546,0.706149905422655,101.42896435421567,99.39369792812293,XLK,情報技術,growth,Weakening,11.0,0.0,-1.0
2025-07-16,128.67970275878906,0.715768866783512,0.709356225876274,101.48498503643164,99.51918233412869,XLK,情報技術,growth,Weakening,11.0,0.0,-1.0
2025-07-17,129.8485565185547,0.7164296529593985,0.7117140349039822,101.51153007874485,99.7610205951704,XLK,情報技術,growth,Weakening,11.0,0.0,-1.0
2025-07-18,129.76400756835938,0.7162352911847669,0.7132211203309105,101.51391810771642,99.87214463642051,XLK,情報技術,growth,Weakening,11.0,1.0,1.0
2025-07-21,129.93312072753906,0.7196302539416024,0.7153574982011411,101.54141731777709,100.05721056844662,XLK,情報技術,growth,Leading,11.0,0.0,0.0
2025-07-22,128.72943115234375,0.7039887661029774,0.7115679208350867,101.3890496535967,99.4098921378134,XLK,情報技術,growth,Weakening,11.0,0.0,0.0
2025-07-23,129.465576171875,0.702197217415197,0.7084443530284569,101.26547874286933,98.97517822130804,XLK,情報技術,growth,Weakening,11.0,0.0,0.0
2025-07-24,130.01271057128906,0.7074294466715414,0.7081060509094851,101.23638786541842,98.83553552083977,XLK,情報技術,growth,Weakening,10.0,-1.0,-1.0
2025-07-25,130.31112670898438,0.7056538023066757,0.7072886347085487,101.18863798884216,98.74292813971338,XLK,情報技術,growth,Weakening,10.0,-1.0,-2.0
2025-07-28,131.3506622314453,0.7155138012122395,0.7100303568764457,101.2645858533108,98.8933335416378,XLK,情報技術,growth,Weakening,10.0,-1.0,-1.0
2025-07-29,131.3556671142578,0.7158863097504704,0.7119823411677872,101.31154837945296,99.38533083213137,XLK,情報技術,growth,Weakening,10.0,-1.0,-1.0
2025-07-30,131.64910888671875,0.7221701542271962,0.715378278854257,101.41294168191928,99.95374819723027,XLK,情報技術,growth,Weakening,11.0,0.0,0.0
2025-07-31,130.6841583251953,0.7234744240113458,0.7180769939066199,101.48813485382021,100.25098940395726,XLK,情報技術,growth,Leading,10.0,0.0,1.0
2025-08-01,127.86396789550781,0.7159322723762449,0.7173620867298283,101.42897176546805,100.26241112195368,XLK,情報技術,growth,Leading,9.0,-1.0,0.0
2025-08-04,130.46035766601562,0.7216460909517919,0.7187900881371495,101.45375160987881,100.15638160442937,XLK,情報技術,growth,Leading,9.0,-1.0,0.0
2025-08-05,129.38099670410156,0.7176670098229945,0.7184157286990979,101.40808080960372,99.92764555227463,XLK,情報技術,growth,Weakening,9.0,-1.0,0.0
2025-08-06,130.83834838867188,0.7273781159558844,0.7214031911180268,101.50076173068788,99.92633295717292,XLK,情報技術,growth,Weakening,9.0,-2.0,-2.0
2025-08-07,130.95773315429688,0.7284800174106334,0.7237621332155624,101.56789486161021,99.92557091271884,XLK,情報技術,growth,Weakening,10.0,0.0,0.0
2025-08-08,132.26588439941406,0.7344307544986566,0.7273183403099271,101.68504231415855,100.44544143147657,XLK,情報技術,growth,Leading,10.0,1.0,2.0
2025-08-11,131.37057495117188,0.7314569400545285,0.7286978735581277,101.71171710613463,100.45448885211832,XLK,情報技術,growth,Leading,9.0,0.0,1.0
2025-08-12,133.40487670898438,0.7334638824393611,0.7302865431852055,101.74267032419469,100.68721222192055,XLK,情報技術,growth,Leading,8.0,-1.0,0.0
2025-08-13,133.4546356201172,0.7234086566695065,0.7279939143466392,101.59771160926458,100.02457256669676,XLK,情報技術,growth,Leading,8.0,-1.0,1.0
2025-08-14,133.16616821289062,0.7265714419871969,0.7275197568934918,101.5294811276353,99.64126250605426,XLK,情報技術,growth,Weakening,9.0,-1.0,-1.0
2025-08-15,132.1564483642578,0.7228469151997818,0.7259621429955885,101.41532292758943,98.82736805468497,XLK,情報技術,growth,Weakening,9.0,-1.0,-2.0
2025-08-18,132.43995666503906,0.7245535560000661,0.725492613997081,101.35409622900731,98.35244702340749,XLK,情報技術,growth,Weakening,9.0,0.0,0.0
2025-08-19,130.12709045410156,0.708582707293251,0.7198559784291377,101.06543538523725,96.80873009292173,XLK,情報技術,growth,Weakening,9.0,1.0,2.0
2025-08-20,129.24671936035156,0.7044303036880595,0.7147140868487784,100.80111289915274,96.43841492622138,XLK,情報技術,growth,Weakening,8.0,0.0,1.0
2025-08-21,128.7791748046875,0.7043366205600344,0.7112549314191972,100.61286178099037,96.3478252484969,XLK,情報技術,growth,Weakening,8.0,-1.0,0.0
2025-08-22,130.5250244140625,0.700247187825091,0.7075856835544951,100.40985140358704,96.44128356118948,XLK,情報技術,growth,Weakening,8.0,-1.0,0.0
2025-08-25,130.23153686523438,0.7040602906997943,0.7064105526029283,100.32508958166166,96.7289217557891,XLK,情報技術,growth,Weakening,9.0,0.0,0.0
2025-08-26,130.8284149169922,0.7067984863217048,0.7065398638425205,100.3048151324039,97.79153679351944,XLK,情報技術,growth,Weakening,9.0,0.0,-1.0
2025-08-27,131.5347137451172,0.7080555407706173,0.7070450894852195,100.3044814292309,98.72070761800703,XLK,情報技術,growth,Weakening,9.0,1.0,1.0
2025-08-28,132.5742645263672,0.7139917411402157,0.7093606400368849,100.40550662952354,99.70115064921359,XLK,情報技術,growth,Weakening,9.0,1.0,2.0
2025-08-29,130.53994750976562,0.7035575228880587,0.7074262676539429,100.26696720971134,99.92253742862586,XLK,情報技術,growth,Weakening,7.0,-1.0,0.0
2025-09-02,129.2218475341797,0.7019989523916812,0.7056171625665224,100.12768755172536,99.75085320603152,XLK,情報技術,growth,Weakening,7.0,-2.0,-2.0
2025-09-03,129.9927978515625,0.7072831616503977,0.7061724955944809,100.12969412325488,99.83717016428383,XLK,情報技術,growth,Weakening,7.0,-2.0,-2.0
2025-09-04,130.63442993164062,0.70556296681564,0.7059693193348673,100.08383391591475,99.69763570140366,XLK,情報技術,growth,Weakening,7.0,-2.0,-3.0
2025-09-05,130.7438507080078,0.705329515129993,0.7057560512665759,100.03547260966303,99.21824766971297,XLK,情報技術,growth,Weakening,8.0,-1.0,-2.0
2025-09-08,131.7237091064453,0.7111817644607207,0.7075646223312909,100.12871275299071,100.00894133052498,XLK,情報技術,growth,Leading,9.0,2.0,3.0
2025-09-09,131.97738647460938,0.7147530286807082,0.7099607577810967,100.27330376979226,100.95874782571053,XLK,情報技術,growth,Leading,9.0,2.0,4.0
2025-09-10,134.3698272705078,0.7284471790941905,0.7161228982187947,100.71733814150839,102.3078423431439,XLK,情報技術,growth,Leading,9.0,2.0,4.0
2025-09-11,134.82244873046875,0.7201100769415523,0.7174519577930473,100.80280673935911,102.54216420668186,XLK,情報技術,growth,Leading,9.0,2.0,4.0
2025-09-12,134.73292541503906,0.7248493122234312,0.7199177426031753,100.98528378399541,102.95690806439029,XLK,情報技術,growth,Leading,9.0,1.0,2.0
2025-09-15,135.94654846191406,0.7326580523454467,0.7241645125172658,101.3235798679533,103.26142244329137,XLK,情報技術,growth,Leading,9.0,0.0,-2.0
2025-09-16,135.47402954101562,0.7320519219068848,0.7267936489804722,101.5246892631223,103.080106284347,XLK,情報技術,growth,Leading,9.0,0.0,-2.0
2025-09-17,135.00648498535156,0.7288281520997854,0.72747181668691,101.55384478972982,102.00185996921253,XLK,情報技術,growth,Leading,9.0,0.0,-2.0
2025-09-18,137.33924865722656,0.7366101332879397,0.7305179222205865,101.78398034965353,102.20067484692963,XLK,情報技術,growth,Leading,9.0,0.0,-2.0
2025-09-19,138.73194885253906,0.7453775328111446,0.7354711257507726,102.16653988726851,102.46053364884156,XLK,情報技術,growth,Leading,9.0,0.0,-1.0
2025-09-22,140.7728729248047,0.7559818473058907,0.742308032935812,102.65832900931129,102.57839197472336,XLK,情報技術,growth,Leading,11.0,2.0,2.0
2025-09-23,139.5576629638672,0.7485423924626965,0.7443861527781069,102.69244922136649,102.12895934721641,XLK,情報技術,growth,Leading,11.0,2.0,2.0
2025-09-24,138.69607543945312,0.745659779404267,0.744810694986827,102.56929741695565,101.76381843572233,XLK,情報技術,growth,Leading,11.0,2.0,2.0
2025-09-25,138.45204162597656,0.75052681504284,0.7467160683388314,102.5574667875331,101.27969862595648,XLK,情報技術,growth,Leading,11.0,2.0,2.0
2025-09-26,138.8704071044922,0.7454092599850197,0.7462804655542276,102.37799204940062,100.25690421390681,XLK,情報技術,growth,Leading,10.0,1.0,1.0
2025-09-29,139.61245727539062,0.7468969909567235,0.7464859740217262,102.26270307635863,99.17651472072885,XLK,情報技術,growth,Weakening,11.0,0.0,-2.0
2025-09-30,140.3744354248047,0.7489940224285125,0.7473219901573217,102.21166742055965,99.04095446695075,XLK,情報技術,growth,Weakening,11.0,0.0,-2.0
2025-10-01,141.74899291992188,0.7546177340320043,0.7497539047822159,102.27109430771434,99.36874554298652,XLK,情報技術,growth,Weakening,11.0,0.0,-2.0
2025-10-02,142.51596069335938,0.7569093444764671,0.7521390513469663,102.31274290905172,99.46249698750655,XLK,情報技術,growth,Weakening,11.0,0.0,-2.0
2025-10-03,141.79879760742188,0.7504620672039166,0.7515800566326165,102.16247761377875,99.51296180184848,XLK,情報技術,growth,Weakening,10.0,0.0,-1.0
2025-10-06,143.23312377929688,0.7582911229154605,0.7538170787268978,102.19653125676336,99.77441868268511,XLK,情報技術,growth,Weakening,10.0,-1.0,-1.0
2025-10-07,142.2769012451172,0.7565526725024435,0.7547289433187465,102.14300578858304,99.76990885818816,XLK,情報技術,growth,Weakening,10.0,-1.0,-1.0
2025-10-08,144.77203369140625,0.7673211935582669,0.7589263600652534,102.28320237391628,99.91231944825881,XLK,情報技術,growth,Weakening,10.0,-1.0,-1.0
2025-10-09,144.5279998779297,0.7724184155476188,0.7634237118927085,102.41426659557136,100.06673886255737,XLK,情報技術,growth,Leading,10.0,-1.0,-1.0
2025-10-10,138.6462860107422,0.758075730792065,0.7616410515258274,102.19128047073221,99.93111891203655,XLK,情報技術,growth,Weakening,9.0,-1.0,-1.0
2025-10-13,142.02291870117188,0.7690601889745511,0.7641140973420687,102.21000455296952,99.90234516806474,XLK,情報技術,growth,Weakening,9.0,-1.0,0.0
2025-10-14,140.20013427734375,0.7529460933184954,0.760391429334211,101.90601723827993,99.46071918190916,XLK,情報技術,growth,Weakening,9.0,-1.0,0.0
2025-10-15,141.58961486816406,0.7588781721923739,0.759887010286932,101.79575537509695,99.03605024188155,XLK,情報技術,growth,Weakening,9.0,-1.0,0.0
2025-10-16,141.69422912597656,0.7667060474929628,0.7621600226889422,101.83285860581194,98.90036841248894,XLK,情報技術,growth,Weakening,9.0,-1.0,0.0
2025-10-17,141.9432373046875,0.7641725777604428,0.7628308743794424,101.78621512036526,99.23194786352488,XLK,情報技術,growth,Weakening,9.0,0.0,1.0
2025-10-20,143.52696228027344,0.7650487223097158,0.7635701570228669,101.74747042437293,99.14785954648329,XLK,情報技術,growth,Weakening,9.0,0.0,1.0
2025-10-21,143.60165405273438,0.7619558307314295,0.7630320482590545,101.65323995560011,99.51498896584292,XLK,情報技術,growth,Weakening,9.0,0.0,1.0
2025-10-22,142.18226623535156,0.758080611511365,0.761381569343158,101.5142181068367,99.4650556779536,XLK,情報技術,growth,Weakening,9.0,0.0,1.0
2025-10-23,143.97518920898438,0.7640178663534446,0.7622603350132536,101.50325522840244,99.38139582902461,XLK,情報技術,growth,Weakening,10.0,1.0,2.0
2025-10-24,146.21133422851562,0.7737747994623528,0.76609848982962,101.62781673778176,99.67621274361694,XLK,情報技術,growth,Weakening,10.0,1.0,1.0
2025-10-27,148.91065979003906,0.7845732886767182,0.7722567561119862,101.84328621066133,100.11536467978328,XLK,情報技術,growth,Leading,11.0,2.0,2.0
2025-10-28,150.38482666015625,0.7992044624834614,0.7812393249024779,102.14952222453422,100.80117938344557,XLK,情報技術,growth,Leading,11.0,2.0,2.0
2025-10-29,151.46556091308594,0.8140518240467592,0.7921768246172385,102.47767514788781,101.5630743007888,XLK,情報技術,growth,Leading,11.0,2.0,2.0
2025-10-30,149.60293579101562,0.807514204874203,0.7972892847028934,102.51898912622066,101.59813797585689,XLK,情報技術,growth,Leading,11.0,1.0,0.0
2025-10-31,149.74732971191406,0.8065302062947687,0.8003695919001852,102.47231605848205,101.27781398936419,XLK,情報技術,growth,Leading,11.0,1.0,0.0
2025-11-03,150.35992431640625,0.8118167176943059,0.8041853004982255,102.45302553874173,100.87194159562675,XLK,情報技術,growth,Leading,11.0,0.0,-2.0
2025-11-04,146.390625,0.795648597691838,0.8013397328960964,102.21129610663581,99.97499035257736,XLK,情報技術,growth,Weakening,11.0,0.0,-2.0
2025-11-05,146.96334838867188,0.7941134590555899,0.7989309749492609,102.01545462312293,99.13605689820471,XLK,情報技術,growth,Weakening,11.0,0.0,-2.0
2025-11-06,144.0100555419922,0.7836777584350763,0.7938465694445327,101.75528632441234,98.68940867994266,XLK,情報技術,growth,Weakening,9.0,-2.0,-3.0
2025-11-07,143.5120086669922,0.7744718985581465,0.7873883458157374,101.47489897398097,98.38051039901201,XLK,情報技術,growth,Weakening,9.0,-2.0,-3.0
2025-11-10,147.18247985839844,0.7897324435964522,0.7881697117426423,101.4474309555784,98.43079237865044,XLK,情報技術,growth,Weakening,9.0,-2.0,-2.0
2025-11-11,145.92745971679688,0.7785001321174727,0.7849465185342526,101.2940695065405,98.61417289419205,XLK,情報技術,growth,Weakening,8.0,-3.0,-3.0
2025-11-12,146.38067626953125,0.7790702632045053,0.7829877667576701,101.18935776614984,98.78650444558598,XLK,情報技術,growth,Weakening,9.0,-2.0,-2.0
2025-11-13,142.73011779785156,0.7683270672059819,0.7781008669071074,100.99665981562815,98.90892127340246,XLK,情報技術,growth,Weakening,9.0,0.0,2.0
2025-11-14,143.50704956054688,0.7753546314457909,0.7771854550866686,100.93698787024536,99.24362166458263,XLK,情報技術,growth,Weakening,9.0,0.0,2.0
2025-11-17,141.2609405517578,0.7733744889623213,0.7759151330452196,100.86721325212396,99.17685273984557,XLK,情報技術,growth,Weakening,8.0,-1.0,1.0
2025-11-18,138.9650115966797,0.7603523070526532,0.7707275243810309,100.6727565397713,99.10778831827403,XLK,情報技術,growth,Weakening,8.0,0.0,3.0
2025-11-19,139.9311981201172,0.7679636349658971,0.7698062279093196,100.61824672432593,99.16705115274272,XLK,情報技術,growth,Weakening,8.0,-1.0,1.0
2025-11-20,135.53857421875,0.7530432118405392,0.7642185558863929,100.40847881508658,99.12077770424322,XLK,情報技術,growth,Weakening,7.0,-2.0,-2.0
2025-11-21,136.0615234375,0.7413798823111252,0.7566056646946371,100.12580402794148,98.76615404262373,XLK,情報技術,growth,Weakening,8.0,-1.0,-1.0
2025-11-24,139.30368041992188,0.7559126065115386,0.7563746453002709,100.09241528165424,98.82289791699044,XLK,情報技術,growth,Weakening,8.0,0.0,1.0
2025-11-25,139.6772003173828,0.747322353799452,0.7533572147999981,99.9588427858115,98.926987423818,XLK,情報技術,growth,Lagging,8.0,0.0,0.0
2025-11-26,141.33065795898438,0.7509293740575629,0.7525479345525198,99.90264280504546,98.94569425567391,XLK,情報技術,growth,Lagging,8.0,0.0,1.0
2025-11-28,142.54583740234375,0.7533128598278793,0.7528029096443063,99.88240617213656,99.24551925980245,XLK,情報技術,growth,Lagging,8.0,1.0,3.0
2025-12-01,142.610595703125,0.7588453886280951,0.7548170693055692,99.92700471874144,99.7394319438471,XLK,情報技術,growth,Lagging,8.0,0.0,1.0
2025-12-02,144.07977294921875,0.7673892179936387,0.7590077855349258,100.06016453265494,99.98733498839273,XLK,情報技術,growth,Weakening,9.0,1.0,1.0
2025-12-03,144.4234161376953,0.7633947489361195,0.7604701066686571,100.08749779983873,100.22195113897489,XLK,情報技術,growth,Leading,9.0,1.0,1.0
2025-12-04,144.96128845214844,0.7659978183189768,0.7623126772187637,100.13255506998769,100.36093484610358,XLK,情報技術,growth,Leading,9.0,1.0,1.0
2025-12-05,146.0220947265625,0.7697948574021524,0.7648067372798933,100.21090571469227,100.49794273044353,XLK,情報技術,growth,Leading,9.0,1.0,0.0
2025-12-08,147.04803466796875,0.7798744683192739,0.7698293142930203,100.41478155903141,100.72728665217468,XLK,情報技術,growth,Leading,9.0,1.0,1.0
2025-12-09,147.43649291992188,0.7834124794364722,0.7743570360075043,100.60854671550612,100.82000602859236,XLK,情報技術,growth,Leading,9.0,0.0,-1.0
2025-12-10,148.14369201660156,0.7762492512344038,0.7749877744164708,100.61791949063054,100.80092600540699,XLK,情報技術,growth,Leading,9.0,0.0,-1.0
2025-12-11,147.38668823242188,0.7660957789652005,0.7720237759327141,100.44024585248785,100.48708984508995,XLK,情報技術,growth,Leading,9.0,0.0,-1.0
2025-12-12,143.12356567382812,0.7490138382856094,0.7643537967170126,99.99492205596424,99.70989868548398,XLK,情報技術,growth,Lagging,8.0,-1.0,-2.0
2025-12-15,141.73904418945312,0.7408489422675999,0.7565188452338751,99.51555144547652,98.65916602918583,XLK,情報技術,growth,Lagging,5.0,-4.0,-5.0
2025-12-16,141.99801635742188,0.7474519237526882,0.7534965380734795,99.29259567056644,98.07029538270518,XLK,情報技術,growth,Lagging,3.0,-6.0,-6.0
2025-12-17,138.84051513671875,0.7328130784843234,0.7466020515437609,98.83577523414696,97.4774171324689,XLK,情報技術,growth,Lagging,3.0,-6.0,-6.0
2025-12-18,140.98202514648438,0.7425287419136245,0.7452442816670488,98.72369552998894,97.67501033232402,XLK,情報技術,growth,Lagging,3.0,-6.0,-6.0
2025-12-19,144.0299835205078,0.7558286731040142,0.7487724121460373,98.92819332472973,98.6816466281253,XLK,情報技術,growth,Lagging,4.0,-4.0,-3.0
2025-12-22,144.80706787109375,0.7543155205812427,0.7506201149577725,99.03090214628956,99.62355454871522,XLK,情報技術,growth,Lagging,5.0,0.0,4.0
2025-12-23,145.59515380859375,0.7601882472389797,0.7538094923848415,99.21595319360159,100.33143776607211,XLK,情報技術,growth,Improving,5.0,2.0,8.0
2025-12-24,145.94430541992188,0.7592587741462571,0.7556259196386468,99.31691152006472,101.30164264755459,XLK,情報技術,growth,Improving,5.0,2.0,8.0
2025-12-26,146.17373657226562,0.7602561635230857,0.7571693342667931,99.39880190903567,101.5971408075031,XLK,情報技術,growth,Improving,5.0,2.0,8.0
2025-12-29,145.51535034179688,0.7580833123472147,0.7574739936269337,99.40071276687661,101.21665183351558,XLK,情報技術,growth,Improving,5.0,1.0,5.0
2025-12-30,145.0564727783203,0.7569052402339185,0.7572844091625953,99.37149466290667,100.96800456263378,XLK,情報技術,growth,Improving,5.0,0.0,0.0
2025-12-31,143.61996459960938,0.7558646239222803,0.7568111474158237,99.32796867455716,100.57617195831165,XLK,情報技術,growth,Improving,4.0,-1.0,-3.0
2026-01-02,143.94915771484375,0.7524903602111569,0.7553708850142682,99.225676357496,100.23548532167692,XLK,情報技術,growth,Improving,4.0,-1.0,-3.0
2026-01-05,144.26837158203125,0.7472239033958056,0.7526552244747806,99.04094735311047,99.79801781699462,XLK,情報技術,growth,Lagging,4.0,-1.0,-3.0
2026-01-06,146.29344177246094,0.7486738206272704,0.7513280898589438,98.95703808381604,99.66603019700484,XLK,情報技術,growth,Lagging,4.0,-1.0,-2.0
2026-01-07,146.17373657226562,0.7565483961482824,0.7530681919553901,99.07700192627829,99.9186681503871,XLK,情報技術,growth,Lagging,5.0,0.0,0.0
2026-01-08,143.88931274414062,0.7383943976199563,0.7481769271769123,98.77330408554457,99.5032133290231,XLK,情報技術,growth,Lagging,5.0,1.0,2.0
2026-01-09,145.79466247558594,0.7438557043722119,0.7467365195753456,98.71269885812679,99.5877093116624,XLK,情報技術,growth,Lagging,5.0,1.0,2.0
2026-01-12,146.43310546875,0.7464331338207174,0.7466353909904695,98.73746685377543,99.9433962556612,XLK,情報技術,growth,Lagging,5.0,1.0,2.0
2026-01-13,146.1238555908203,0.7448567528870631,0.7460425116226674,98.73444870111311,100.08402427951329,XLK,情報技術,growth,Improving,4.0,0.0,1.0
2026-01-14,144.3481903076172,0.7324723147232773,0.7415191126562042,98.49240223829166,99.49234683567751,XLK,情報技術,growth,Lagging,4.0,-1.0,-1.0
2026-01-15,145.10635375976562,0.7330725072428923,0.7387035775184336,98.37191440602003,99.79393624168789,XLK,情報技術,growth,Lagging,3.0,-2.0,-3.0
2026-01-16,145.2659454345703,0.7357590538101173,0.7377220696156616,98.37159953660073,99.88747861105993,XLK,情報技術,growth,Lagging,3.0,-2.0,-3.0
2026-01-20,141.49514770507812,0.7275155527294309,0.7343198973202514,98.24078851222376,99.63134421319924,XLK,情報技術,growth,Lagging,3.0,-2.0,-3.0
2026-01-21,143.46034240722656,0.7253384747320856,0.7313260897908629,98.14982865626496,99.4890605226632,XLK,情報技術,growth,Lagging,3.0,-1.0,-1.0
2026-01-22,144.5277557373047,0.7297837801479373,0.7308119865765543,98.19946800524146,99.9743618535446,XLK,情報技術,growth,Lagging,3.0,-1.0,0.0
2026-01-23,144.73724365234375,0.734113927082686,0.7319126334119316,98.32582031338421,100.37751174756238,XLK,情報技術,growth,Improving,3.0,0.0,2.0
2026-01-26,145.72483825683594,0.7373794470663484,0.7337349046300705,98.47836730888027,100.61760965923747,XLK,情報技術,growth,Improving,3.0,0.0,2.0
2026-01-27,147.69004821777344,0.7484882362871391,0.7386526818490934,98.77679937332537,101.29132146763524,XLK,情報技術,growth,Improving,4.0,1.0,3.0
2026-01-28,148.86717224121094,0.7570034480495064,0.7447696039158977,99.12319780877186,101.9258800130037,XLK,情報技術,growth,Improving,6.0,3.0,4.0
2026-01-29,146.51290893554688,0.7440559954274265,0.7445317344197407,99.13897195197447,101.82991063792278,XLK,情報技術,growth,Improving,7.0,4.0,5.0
2026-01-30,143.5301971435547,0.7305276275562151,0.7398636987985656,98.92493716128928,101.32796852309748,XLK,情報技術,growth,Improving,4.0,1.0,1.0
2026-02-02,144.9068145751953,0.7337557874381175,0.7378277283450829,98.84248393057459,100.99753794718019,XLK,情報技術,growth,Improving,3.0,0.0,0.0
2026-02-03,141.73455810546875,0.7196081753520815,0.7317545440140825,98.53772075584759,100.0484429327455,XLK,情報技術,growth,Improving,2.0,-2.0,-3.0
2026-02-04,137.7841796875,0.6935094620573424,0.7190061833618357,97.86892595802047,98.41220068957735,XLK,情報技術,growth,Lagging,1.0,-5.0,-8.0
2026-02-05,135.3002471923828,0.6869748880619881,0.7083290849285533,97.36539031000858,97.69840349909916,XLK,情報技術,growth,Lagging,1.0,-6.0,-10.0
2026-02-06,140.786865234375,0.7017560085324743,0.7061380594631936,97.35053626786963,98.10133197683504,XLK,情報技術,growth,Lagging,2.0,-2.0,-3.0
2026-02-09,143.00148010253906,0.7123721474978844,0.7082160888080906,97.56348429244846,98.58868483140672,XLK,情報技術,growth,Lagging,2.0,-1.0,-1.0
2026-02-10,142.20343017578125,0.7058852757407674,0.7074391511189829,97.63128506654455,99.15240277341066,XLK,情報技術,growth,Lagging,2.0,0.0,2.0
2026-02-11,142.62240600585938,0.7067123558310958,0.7071968860230206,97.71287025890707,100.279583637471,XLK,情報技術,growth,Improving,2.0,1.0,6.0
2026-02-12,138.87155151367188,0.6972767848557909,0.703890185633944,97.64728742318707,100.92360691888037,XLK,情報技術,growth,Improving,4.0,3.0,9.0
2026-02-13,139.22068786621094,0.6918627501310138,0.6998810404663006,97.5642941913678,100.7933148449625,XLK,情報技術,growth,Improving,4.0,2.0,4.0
2026-02-17,139.14088439941406,0.6926611877579182,0.6974744228968398,97.57918829724326,100.47097845433088,XLK,情報技術,growth,Improving,4.0,2.0,3.0
2026-02-18,140.56741333007812,0.6961532581734979,0.6970340346557259,97.68164380298737,100.50951170880752,XLK,情報技術,growth,Improving,4.0,2.0,2.0
2026-02-19,139.86911010742188,0.6941612666024994,0.6960764453046504,97.75162581453019,100.47646914694536,XLK,情報技術,growth,Improving,4.0,2.0,1.0
2026-02-20,140.53749084472656,0.6942318007206537,0.6954615637766516,97.8362898751186,100.68690926466557,XLK,情報技術,growth,Improving,4.0,0.0,-3.0
2026-02-23,138.1832275390625,0.6901771060422285,0.6937000778651773,97.8656549303059,100.83509326954234,XLK,情報技術,growth,Improving,3.0,-1.0,-3.0
2026-02-24,139.97885131835938,0.6936132025262869,0.6936711194188805,97.96841942724954,100.94112445876227,XLK,情報技術,growth,Improving,3.0,-1.0,-3.0
2026-02-25,142.66229248046875,0.706493395796124,0.6979452115446284,98.23564787901498,101.15387524661406,XLK,情報技術,growth,Improving,4.0,0.0,-2.0
2026-02-26,140.6671600341797,0.6927001324797701,0.6961968518563424,98.23986854713019,101.02118842512158,XLK,情報技術,growth,Improving,3.0,-1.0,-3.0
2026-02-27,138.42262268066406,0.6808489671570557,0.6910808902899135,98.11715226173513,100.68455345136267,XLK,情報技術,growth,Improving,3.0,-1.0,-1.0
2026-03-02,139.2007293701172,0.6859478890204158,0.6893698898667476,98.13724349859855,100.64816369639787,XLK,情報技術,growth,Improving,3.0,0.0,1.0
2026-03-03,137.1656951904297,0.6843151950128595,0.6876849915821184,98.15786305973688,100.50647696561533,XLK,情報技術,growth,Improving,3.0,0.0,1.0
2026-03-04,139.5,0.6931824704206336,0.6895174845282902,98.30253286438061,100.31369945865035,XLK,情報技術,growth,Improving,3.0,-1.0,-1.0
2026-03-05,139.83917236328125,0.7030105759577824,0.6940151816714544,98.52898838753376,100.64119532099518,XLK,情報技術,growth,Improving,3.0,0.0,1.0
2026-03-06,136.95620727539062,0.6968217214649963,0.6949506949359684,98.61344289679666,100.94013001978482,XLK,情報技術,growth,Improving,4.0,1.0,2.0
2026-03-09,139.42019653320312,0.7073590707526136,0.6990868202081835,98.80727646399141,101.18004705020398,XLK,情報技術,growth,Improving,4.0,1.0,1.0
2026-03-10,139.42019653320312,0.7127032749177259,0.7036256384446976,99.0083128144866,101.41791679056888,XLK,情報技術,growth,Improving,4.0,1.0,1.0
2026-03-11,140.08856201171875,0.7184878332766865,0.708579703388694,99.22058081943604,101.48922486805908,XLK,情報技術,growth,Improving,4.0,1.0,2.0
2026-03-12,137.50486755371094,0.7163145857208117,0.7111579974994,99.34314034466145,101.32274211017663,XLK,情報技術,growth,Improving,4.0,1.0,1.0
2026-03-13,136.4674072265625,0.7109467410465586,0.7110875786817863,99.36427770425723,101.21965765160712,XLK,情報技術,growth,Improving,4.0,0.0,-1.0
2026-03-16,138.44259643554688,0.715909628006042,0.7126949284565383,99.4527153481937,101.05396177429539,XLK,情報技術,growth,Improving,4.0,0.0,-1.0
2026-03-17,139.2007293701172,0.7158279613496518,0.7137392727542429,99.51949160821937,100.84134637475033,XLK,情報技術,growth,Improving,4.0,0.0,-1.0
2026-03-18,137.62457275390625,0.7171604993538342,0.7148796816207734,99.58944343423767,100.6159131501028,XLK,情報技術,growth,Improving,4.0,0.0,-1.0
2026-03-19,138.0934295654297,0.7201620181140014,0.7166404604518495,99.68494990067857,100.55303292300648,XLK,情報技術,growth,Improving,4.0,0.0,-1.0
2026-03-20,134.96107482910156,0.7143205917431963,0.7158671708822985,99.67051106772246,100.47786814739254,XLK,情報技術,growth,Improving,4.0,0.0,0.0
2026-03-23,136.78689575195312,0.7163474635194406,0.7160272684280126,99.69540320514587,100.35198372563735,XLK,情報技術,growth,Improving,4.0,0.0,0.0
2026-03-24,135.9878387451172,0.7113093741584622,0.7144546370048291,99.64762866683171,100.13618672944312,XLK,情報技術,growth,Improving,4.0,0.0,0.0
2026-03-25,136.5971221923828,0.7110507185941702,0.7133199975346095,99.61961539134948,99.95665986676798,XLK,情報技術,growth,Lagging,5.0,1.0,1.0
2026-03-26,132.34219360351562,0.6952832417410856,0.7073077456034349,99.37811680504811,99.39155643267861,XLK,情報技術,growth,Lagging,5.0,1.0,1.0
2026-03-27,129.76527404785156,0.6912226646792271,0.7019460519620324,99.164256222647,99.08237962857976,XLK,情報技術,growth,Lagging,5.0,1.0,1.0
2026-03-30,127.34815216064453,0.6797540065583373,0.6945487034941341,98.85874163963919,98.57459782494357,XLK,情報技術,growth,Lagging,3.0,-1.0,-1.0
2026-03-31,132.74171447753906,0.6943299248009401,0.6944757772630695,98.88413545502914,98.74081033274534,XLK,情報技術,growth,Lagging,3.0,-1.0,-1.0
2026-04-01,134.74932861328125,0.7025615171690539,0.6971710238983977,99.03544412710332,99.06796614711362,XLK,情報技術,growth,Lagging,3.0,-2.0,-3.0
2026-04-02,135.8280487060547,0.7061685719288056,0.7001702065752003,99.20205005498939,99.75212134238228,XLK,情報技術,growth,Lagging,4.0,-1.0,-2.0
2026-04-06,136.61709594726562,0.7072307247407583,0.7025237126303864,99.34063755895106,100.32904411678912,XLK,情報技術,growth,Improving,4.0,-1.0,-2.0
2026-04-07,137.2663116455078,0.7121707306279524,0.7057393852962418,99.52688338811542,101.10809262318519,XLK,情報技術,growth,Improving,5.0,2.0,3.0
2026-04-08,141.52125549316406,0.7176668750474428,0.7097152152133088,99.75934035025743,101.39717110978422,XLK,情報技術,growth,Improving,5.0,2.0,3.0
2026-04-09,141.9008026123047,0.7191556512029619,0.7128620272098598,99.95918471196941,101.4233567737721,XLK,情報技術,growth,Improving,6.0,3.0,5.0
2026-04-10,142.45013427734375,0.727189536323404,0.7176378635810412,100.25690662114206,101.57122408386421,XLK,情報技術,growth,Leading,6.0,2.0,3.0
2026-04-13,145.43658447265625,0.7342947783837496,0.7231901685152773,100.61042625457422,101.82649153149403,XLK,情報技術,growth,Leading,6.0,2.0,3.0
2026-04-14,147.76380920410156,0.7429433474615477,0.7297745614973674,101.03573123568736,102.08010410269138,XLK,情報技術,growth,Leading,8.0,3.0,1.0
2026-04-15,150.12100219726562,0.7545305593799774,0.7380265607915708,101.55898320505688,102.35672117393635,XLK,情報技術,growth,Leading,11.0,6.0,4.0
2026-04-16,151.83895874023438,0.7597039214512655,0.7452523476781358,101.98050408794367,102.49930680266715,XLK,情報技術,growth,Leading,11.0,5.0,2.0
2026-04-17,154.1661834716797,0.761780071355279,0.7507615889038501,102.25045108677442,102.31377474619978,XLK,情報技術,growth,Leading,11.0,5.0,3.0
2026-04-20,154.37591552734375,0.7604208764850285,0.7539813514309097,102.35500777986168,101.89465900412364,XLK,情報技術,growth,Leading,11.0,5.0,3.0
2026-04-21,154.50576782226562,0.7657572460088238,0.7579066496235478,102.45891977661533,101.43171756771261,XLK,情報技術,growth,Leading,11.0,3.0,0.0
2026-04-22,157.90171813964844,0.7829360779122344,0.7662497923864434,102.72805295538878,101.07553526324372,XLK,情報技術,growth,Leading,11.0,0.0,-6.0
2026-04-23,155.65440368652344,0.7718311805067848,0.768110255093224,102.64588988785559,100.41987802824825,XLK,情報技術,growth,Leading,11.0,0.0,-5.0
2026-04-24,160.02919006347656,0.795173748379256,0.7771314195219015,102.86015192433523,100.33621720519538,XLK,情報技術,growth,Leading,11.0,0.0,-5.0
2026-04-27,160.37876892089844,0.797858593443454,0.7840404774957523,102.93022465556965,100.2829182973186,XLK,情報技術,growth,Leading,11.0,0.0,-5.0
2026-04-28,157.66201782226562,0.7883672895273087,0.7854827481729378,102.78735258999517,99.97312711618503,XLK,情報技術,growth,Weakening,11.0,0.0,-3.0
2026-04-29,158.92050170898438,0.7960479083382066,0.7890044682280275,102.74569867594374,99.59530816947711,XLK,情報技術,growth,Weakening,11.0,0.0,0.0
2026-04-30,159.31004333496094,0.7861138997210269,0.7880409453923607,102.55734373372026,99.47907328881033,XLK,情報技術,growth,Weakening,11.0,0.0,0.0
2026-05-01,161.67721557617188,0.8002334916050342,0.7921051274632519,102.54304098601597,99.20813064594806,XLK,情報技術,growth,Weakening,11.0,0.0,0.0
2026-05-04,161.8570098876953,0.8058115731755945,0.7966739427006995,102.53391397889537,99.12792192445598,XLK,情報技術,growth,Weakening,11.0,0.0,0.0
2026-05-05,165.4327392578125,0.8171296198596458,0.8034925017536816,102.57258642234811,99.35742232187678,XLK,情報技術,growth,Weakening,11.0,0.0,0.0
2026-05-06,169.82749938964844,0.8322440948944528,0.8130763661339387,102.65641632877283,99.47753435174891,XLK,情報技術,growth,Weakening,11.0,0.0,0.0
2026-05-07,169.4879150390625,0.8359256987044295,0.8206928103241024,102.66184238251138,99.67156357148004,XLK,情報技術,growth,Weakening,11.0,0.0,0.0
2026-05-08,175.31097412109375,0.8622729486045642,0.8345528564175897,102.7957488141634,99.82737353932637,XLK,情報技術,growth,Weakening,11.0,0.0,0.0
2026-05-11,177.66815185546875,0.8743380229126203,0.8478145785825999,102.87042747742805,99.90905253441215,XLK,情報技術,growth,Weakening,11.0,0.0,0.0
2026-05-12,174.99134826660156,0.8619256009775907,0.8525182527142636,102.74690196892227,99.61633983149858,XLK,情報技術,growth,Weakening,11.0,0.0,0.0
2026-05-13,176.63938903808594,0.873859056600455,0.8596318540096608,102.68518060809417,99.37426908512596,XLK,情報技術,growth,Weakening,11.0,0.0,0.0
2026-05-14,179.28622436523438,0.8837305295124218,0.8676647458439145,102.64368692235749,99.30841023036066,XLK,情報技術,growth,Weakening,11.0,0.0,0.0
2026-05-15,176.05007934570312,0.876820233589361,0.8707165750923967,102.51955750663296,98.91401604826271,XLK,情報技術,growth,Weakening,11.0,0.0,0.0
2026-05-18,174.15234375,0.8620651029685802,0.8678327510511246,102.3161800131199,98.50673597070185,XLK,情報技術,growth,Weakening,11.0,0.0,0.0
2026-05-19,173.03367614746094,0.8615405268631623,0.8657353429884704,102.15397362622299,98.48735919184946,XLK,情報技術,growth,Weakening,11.0,0.0,0.0
2026-05-20,176.9290313720703,0.8713841908895457,0.8676182922888289,102.07448369236164,98.50063742709824,XLK,情報技術,growth,Weakening,11.0,0.0,0.0
2026-05-21,178.38729858398438,0.8747894268226735,0.8700086704667771,102.0109662259695,98.51363465601081,XLK,情報技術,growth,Weakening,11.0,0.0,0.0
2026-05-22,180.17515563964844,0.8755587749786856,0.8718587053040799,101.94558257206523,98.64328009098597,XLK,情報技術,growth,Weakening,11.0,0.0,0.0
2026-05-26,184.9195098876953,0.8940264977833923,0.8792479694638508,101.96743566457408,99.00101563196003,XLK,情報技術,growth,Weakening,11.0,0.0,0.0
2026-05-27,184.21034240722656,0.8912417059819989,0.8832458816365669,101.93540378950422,99.21275337769355,XLK,情報技術,growth,Weakening,11.0,0.0,0.0
2026-05-28,186.62747192382812,0.8996409841369993,0.8887109158033778,101.92625197853543,99.33206773927623,XLK,情報技術,growth,Weakening,11.0,0.0,0.0
2026-05-29,190.79251098632812,0.9171642368546811,0.8981953561538123,101.9725377600686,99.49989334865317,XLK,情報技術,growth,Weakening,11.0,0.0,0.0
2026-06-01,195.52685546875,0.9382155798116152,0.9115354307064133,102.06290078551407,99.7292997720771,XLK,情報技術,growth,Weakening,11.0,0.0,0.0
2026-06-02,197.9739532470703,0.9462039193624715,0.9230915935917661,102.11704004201171,99.77701652595775,XLK,情報技術,growth,Weakening,11.0,0.0,0.0
2026-06-03,195.9962921142578,0.9402883671056353,0.9288238514297226,102.08872944536535,99.78029354196082,XLK,情報技術,growth,Weakening,11.0,0.0,0.0
2026-06-04,192.93994140625,0.9186887984881337,0.925445500449193,101.94939584290377,99.59832380004329,XLK,情報技術,growth,Weakening,11.0,0.0,0.0
2026-06-05,180.08526611328125,0.8698585076639532,0.9069165028541132,101.63777886010037,99.10488311092891,XLK,情報技術,growth,Weakening,11.0,0.0,0.0
2026-06-08,183.9606475830078,0.8895192578060815,0.901117421171436,101.50567699566918,98.82353443762841,XLK,情報技術,growth,Weakening,11.0,0.0,0.0
2026-06-09,180.55471801757812,0.8664561650725763,0.8895636691384828,101.31012672589354,98.52368174265177,XLK,情報技術,growth,Weakening,11.0,0.0,0.0
2026-06-10,176.41964721679688,0.8575165359050586,0.8788812913940081,101.13434201834347,98.38148006824319,XLK,情報技術,growth,Weakening,11.0,0.0,0.0
2026-06-11,182.99180603027344,0.8758069092235568,0.8778564973371911,101.08586900076021,98.56115942901685,XLK,情報技術,growth,Weakening,11.0,0.0,0.0
2026-06-12,184.5799102783203,0.8754772228174151,0.8770634058305992,101.04206341540704,98.96195103523951,XLK,情報技術,growth,Weakening,11.0,0.0,0.0
2026-06-15,191.56158447265625,0.903342058654942,0.8858229567720468,101.11935037161615,99.27100916818135,XLK,情報技術,growth,Weakening,11.0,0.0,0.0
2026-06-16,186.21795654296875,0.881081904508874,0.8842426060176559,101.06469159375126,99.47985075756999,XLK,情報技術,growth,Weakening,11.0,0.0,0.0
2026-06-17,185.57872009277344,0.8914179101742731,0.8866343740698617,101.06170676686496,99.72521345483584,XLK,情報技術,growth,Weakening,11.0,0.0,0.0
2026-06-18,191.21200561523438,0.9142337903187857,0.8958341794861697,101.14423633812135,99.91014337910403,XLK,情報技術,growth,Weakening,11.0,0.0,0.0
2026-06-22,192.14999389648438,0.9167024156145872,0.9027902581956422,101.1959344614679,100.04393193864925,XLK,情報技術,growth,Leading,11.0,0.0,0.0
2026-06-23,184.19000244140625,0.8817559623705653,0.8957788262539499,101.07111957139695,99.77406929196177,XLK,情報技術,growth,Weakening,11.0,0.0,0.0
2026-06-24,183.0500030517578,0.8700922084003265,0.8872166203027421,100.93012043504139,99.6621027034881,XLK,情報技術,growth,Weakening,11.0,0.0,0.0
2026-06-25,184.57000732421875,0.8716411207755312,0.8820247871270052,100.8347761415457,99.54232604361862,XLK,情報技術,growth,Weakening,10.0,-1.0,-1.0
2026-06-26,181.11000061035156,0.8611573520649827,0.8750689754396643,100.7174539141426,99.2737649652917,XLK,情報技術,growth,Weakening,10.0,-1.0,-1.0
2026-06-29,185.41000366210938,0.870265200686556,0.8734677171886283,100.67132996948928,99.1413512926549,XLK,情報技術,growth,Weakening,9.0,-2.0,-2.0
2026-06-30,190.52000427246094,0.8954269889870945,0.8807874744547838,100.74708135502657,99.39668117319346,XLK,情報技術,growth,Weakening,9.0,-2.0,-2.0
2026-07-01,185.6199951171875,0.8697811345857919,0.8771186944984533,100.67216136476318,99.47134120452655,XLK,情報技術,growth,Weakening,9.0,-2.0,-2.0
2026-07-02,180.58999633789062,0.8403052126964824,0.8648475338977963,100.47173311554415,99.31776403142722,XLK,情報技術,growth,Weakening,9.0,-1.0,0.0
2026-07-06,183.57000732421875,0.8538139875545058,0.8611696851166994,100.39186126727715,99.3743835111923,XLK,情報技術,growth,Weakening,8.0,-2.0,-1.0
2026-07-07,179.17999267578125,0.8344432368132416,0.8522608690155469,100.2279391654664,99.22790713603511,XLK,情報技術,growth,Weakening,8.0,-1.0,1.0
2026-07-08,181.39999389648438,0.8548538949353979,0.8531252109888305,100.21230043438622,99.1290127071686,XLK,情報技術,growth,Weakening,8.0,-1.0,1.0
2026-07-09,185.35000610351562,0.8681499114918765,0.858133444489846,100.26545785953067,99.33030724616809,XLK,情報技術,growth,Weakening,9.0,0.0,2.0
2026-07-10,185.77999877929688,0.8669155209224483,0.8610608033007134,100.28657588718286,99.65940860401003,XLK,情報技術,growth,Weakening,9.0,0.0,1.0
2026-07-13,181.27999877929688,0.8461933547804926,0.8561049871273065,100.16736436151386,99.62700253088444,XLK,情報技術,growth,Weakening,9.0,1.0,3.0
2026-07-14,183.6199951171875,0.8602482911335533,0.8574860884627221,100.16050124007097,99.87841478846839,XLK,情報技術,growth,Weakening,9.0,1.0,2.0
2026-07-15,181.5800018310547,0.8526083523044232,0.8558601764099558,100.09485777691157,99.83646018531901,XLK,情報技術,growth,Weakening,9.0,1.0,2.0
2026-07-16,177.52000427246094,0.8254440913591803,0.8457214813930307,99.84968683864086,99.3976773509157,XLK,情報技術,growth,Lagging,9.0,0.0,0.0
2026-07-17,175.58999633789062,0.8229366844267524,0.838126549070938,99.64377423678435,99.00796879344875,XLK,情報技術,growth,Lagging,9.0,0.0,0.0
2026-07-20,175.7100067138672,0.827182036665487,0.8344783782691211,99.51420374166808,98.94591371140118,XLK,情報技術,growth,Lagging,7.0,-2.0,-3.0
2026-07-21,180.77999877929688,0.8496898075144876,0.8395488546842433,99.58079521625066,99.05679365770645,XLK,情報技術,growth,Lagging,7.0,-2.0,-3.0
2026-07-22,180.27000427246094,0.8475317670847327,0.8422098254844065,99.5937755094889,99.22020622561386,XLK,情報技術,growth,Lagging,7.0,-2.0,-3.0
2026-07-23,178.4499969482422,0.842063035532775,0.8421608955005293,99.54239648413613,99.75122792522183,XLK,情報技術,growth,Lagging,5.0,-4.0,-4.0
2026-07-24,175.8800048828125,0.8235238977906228,0.8359485629305605,99.32019246900578,99.73525075647609,XLK,情報技術,growth,Lagging,5.0,-4.0,-4.0
2026-07-27,174.3000030517578,0.8100195602961161,0.8273055620524123,99.0244675152436,99.24566631030422,XLK,情報技術,growth,Lagging,4.0,-3.0,-1.0
2026-07-28,171.08999633789062,0.7859341008732886,0.8135150749927045,98.58188310448739,97.6647398423853,XLK,情報技術,growth,Lagging,2.0,-5.0,-3.0
2026-07-29,166.57000732421875,0.772122609850658,0.7997175866120224,98.14535661129388,96.56483528227685,XLK,情報技術,growth,Lagging,2.0,-5.0,-3.0
2026-07-30,175.72999572753906,0.8159067310967568,0.8051139681069339,98.2720682638563,97.31423482015094,XLK,情報技術,growth,Lagging,2.0,-3.0,1.0
2026-07-31,175.35000610351562,0.8155435123177058,0.8085904828438579,98.33451925114309,98.20770455897217,XLK,情報技術,growth,Lagging,1.0,-4.0,0.0
2026-08-03,178.0399932861328,0.820045105179941,0.812408690289219,98.41195934948196,99.26250230806835,XLK,情報技術,growth,Lagging,1.0,-3.0,0.0
2026-08-04,186.89999389648438,0.8486582097005105,0.8244918634263163,98.74765784251687,101.37257334423829,XLK,情報技術,growth,Improving,3.0,1.0,6.0
2024-08-05,84.18372344970703,0.534218021731584,0.534218021731584,,,XLY,一般消費財・サービス,growth,,,,
2024-08-06,85.11320495605469,0.5346331543005207,0.5343563992545629,,,XLY,一般消費財・サービス,growth,,,,
2024-08-07,83.62801361083984,0.5290345937256358,0.5325824640782539,,,XLY,一般消費財・サービス,growth,,,,
2024-08-08,85.45252990722656,0.5309546915993328,0.5320398732519469,,,XLY,一般消費財・サービス,growth,,,,
2024-08-09,85.7377700805664,0.5316082517435543,0.5318959994158161,,,XLY,一般消費財・サービス,growth,,,,
2024-08-12,85.3984375,0.53205832126855,0.5319501067000608,,,XLY,一般消費財・サービス,growth,,,,
2024-08-13,87.53771209716797,0.5392414825760097,0.5343805653253771,,,XLY,一般消費財・サービス,growth,,,,
2024-08-14,87.07051086425781,0.5352466724910229,0.5346692677139258,,,XLY,一般消費財・サービス,growth,,,,
2024-08-15,89.84909057617188,0.544935891011156,0.5380914754796693,,,XLY,一般消費財・サービス,growth,,,,
2024-08-16,90.06056213378906,0.5449071313372639,0.5403633607655342,,,XLY,一般消費財・サービス,growth,,,,
2024-08-19,91.16707611083984,0.5474348680630516,0.5427205298647066,,,XLY,一般消費財・サービス,growth,,,,
2024-08-20,91.0834732055664,0.5491027430086349,0.5448479342460161,,,XLY,一般消費財・サービス,growth,,,,
2024-08-21,92.2342529296875,0.5521743817038792,0.5472900833986372,,,XLY,一般消費財・サービス,growth,,,,
2024-08-22,90.64085388183594,0.5441800544231448,0.546253407073473,,,XLY,一般消費財・サービス,growth,,,,
2024-08-23,92.39161682128906,0.5477218123464473,0.5467428754977979,,,XLY,一般消費財・サービス,growth,,,,
2024-08-26,91.6736068725586,0.543558731302145,0.5456814940992469,,,XLY,一般消費財・サービス,growth,,,,
2024-08-27,91.43263244628906,0.5418812169854762,0.5444147350613233,,,XLY,一般消費財・サービス,growth,,,,
2024-08-28,90.54741668701172,0.5381163790496346,0.5423152830574272,,,XLY,一般消費財・サービス,growth,,,,
2024-08-29,90.6556167602539,0.5367527811292918,0.5404611157480488,,,XLY,一般消費財・サービス,growth,,,,
2024-08-30,92.02278137207031,0.5406651911973526,0.5405291408978168,,,XLY,一般消費財・サービス,growth,,,,
2024-09-03,90.75889587402344,0.5401809886370799,0.5404130901442379,,,XLY,一般消費財・サービス,growth,,,,
2024-09-04,90.99494934082031,0.5423669481161908,0.5410643761348889,,,XLY,一般消費財・サービス,growth,,,,
2024-09-05,92.02770233154297,0.5518970361806568,0.5446752628168116,,,XLY,一般消費財・サービス,growth,,,,
2024-09-06,89.7015609741211,0.5437857754621204,0.5443787670319145,,,XLY,一般消費財・サービス,growth,,,,
2024-09-09,91.00970458984375,0.5464264083456379,0.545061314136489,,,XLY,一般消費財・サービス,growth,,,,
2024-09-10,92.05227661132812,0.552365022467757,0.547495883580245,,,XLY,一般消費財・サービス,growth,,,,
2024-09-11,92.97193145751953,0.5576244025542878,0.5508720565715927,,,XLY,一般消費財・サービス,growth,,,,
2024-09-12,94.0194320678711,0.5604263606397656,0.5540568245943169,,,XLY,一般消費財・サービス,growth,,,,
2024-09-13,94.65873718261719,0.558885323982594,0.5556663243904094,,,XLY,一般消費財・サービス,growth,,,,
2024-09-16,94.49645233154297,0.5539075902336406,0.5550800796714865,,,XLY,一般消費財・サービス,growth,,,,
2024-09-17,94.97840881347656,0.5559126977074302,0.5553576190168011,,,XLY,一般消費財・サービス,growth,,,,
2024-09-18,94.79153442382812,0.5558578605568745,0.5555243661968257,,,XLY,一般消費財・サービス,growth,,,,
2024-09-19,96.9504623413086,0.5625163122099437,0.557855014867865,,,XLY,一般消費財・サービス,growth,,,,
2024-09-20,96.72915649414062,0.56328819794999,0.5596660758952401,,,XLY,一般消費財・サービス,growth,,,,
2024-09-23,97.90449523925781,0.56722827514404,0.5621868089781734,,,XLY,一般消費財・サービス,growth,,,,
2024-09-24,98.761962890625,0.5713599687575365,0.5652445289046277,,,XLY,一般消費財・サービス,growth,,,,
2024-09-25,98.40714263916016,0.5728490747843425,0.5677793775311993,,,XLY,一般消費財・サービス,growth,,,,
2024-09-26,98.82601928710938,0.5705119345574479,0.5686902298732822,,,XLY,一般消費財・サービス,growth,,,,
2024-09-27,98.97386169433594,0.5693217985347121,0.5689007527604255,,,XLY,一般消費財・サービス,growth,,,,
2024-09-30,98.74224853515625,0.5672603325244105,0.5683539460150873,,,XLY,一般消費財・サービス,growth,,,,
2024-10-01,98.34307861328125,0.5679788819764112,0.5682289246688619,,,XLY,一般消費財・サービス,growth,,,,
2024-10-02,97.51024627685547,0.563769841108803,0.5667425634821757,,,XLY,一般消費財・サービス,growth,,,,
2024-10-03,96.3817367553711,0.55988717115964,0.5644574327079972,,,XLY,一般消費財・サービス,growth,,,,
2024-10-04,97.65809631347656,0.5628855748259112,0.5639334800806353,,,XLY,一般消費財・サービス,growth,,,,
2024-10-07,96.1402587890625,0.5584844114667218,0.5621171238759974,,,XLY,一般消費財・サービス,growth,,,,
2024-10-08,97.07658386230469,0.5625898720733682,0.5622747066084544,,,XLY,一般消費財・サービス,growth,,,,
2024-10-09,97.77143096923828,0.5627510294116097,0.5624334808761728,,,XLY,一般消費財・サービス,growth,,,,
2024-10-10,97.28848266601562,0.5620772507141784,0.5623147374888414,,,XLY,一般消費財・サービス,growth,,,,
2024-10-11,96.8745346069336,0.5542413222378614,0.5596235990718481,,,XLY,一般消費財・サービス,growth,,,,
2024-10-14,97.29834747314453,0.5526113727519473,0.5572861902985479,,,XLY,一般消費財・サービス,growth,,,,
2024-10-15,97.51024627685547,0.5563320898975435,0.5569681568315464,,,XLY,一般消費財・サービス,growth,,,,
2024-10-16,98.02276611328125,0.5554995407458163,0.5564786181363031,,,XLY,一般消費財・サービス,growth,,,,
2024-10-17,97.9340591430664,0.5558844687862465,0.5562805683529509,,,XLY,一般消費財・サービス,growth,,,,
2024-10-18,98.31843566894531,0.5564092356687899,0.5563234574582306,,,XLY,一般消費財・サービス,growth,,,,
2024-10-21,97.55460357666016,0.5568321022795811,0.5564930057320141,,,XLY,一般消費財・サービス,growth,,,,
2024-10-22,97.16036224365234,0.557084308467592,0.5566901066438734,,,XLY,一般消費財・サービス,growth,,,,
2024-10-23,95.63268280029297,0.550133184299403,0.5545044658623833,,,XLY,一般消費財・サービス,growth,,,,
2024-10-24,98.64860534667969,0.5673556307130714,0.5587881874792794,,,XLY,一般消費財・サービス,growth,,,,
2024-10-25,98.9590835571289,0.5718574297578289,0.5631446015721293,,,XLY,一般消費財・サービス,growth,,,,
2024-10-28,99.1906967163086,0.5699637595735777,0.5654176542392788,,,XLY,一般消費財・サービス,growth,,,,
2024-10-29,98.67325592041016,0.5687050307831422,0.5665134464205667,,,XLY,一般消費財・サービス,growth,,,,
2024-10-30,98.5352783203125,0.5691527288643171,0.5673932072351502,,,XLY,一般消費財・サービス,growth,,,,
2024-10-31,97.02731323242188,0.5664828095659857,0.5670897413454288,101.27174182485524,,XLY,一般消費財・サービス,growth,,9.0,,
2024-11-01,98.6042709350586,0.5753307105948651,0.5698367310952409,101.46615066064517,,XLY,一般消費財・サービス,growth,,9.0,,
2024-11-04,98.26422882080078,0.5726648803359383,0.5707794475088068,101.50306231699624,,XLY,一般消費財・サービス,growth,,9.0,,
2024-11-05,100.00381469726562,0.5760834290564356,0.5725474413580165,101.6132530294409,,XLY,一般消費財・サービス,growth,,10.0,,
2024-11-06,103.20208740234375,0.5807579574107808,0.5752842800422713,101.80312219945289,,XLY,一般消費財・サービス,growth,,9.0,,
2024-11-07,104.52771759033203,0.5876395308888415,0.579402696991128,102.09696837736114,,XLY,一般消費財・サービス,growth,,9.0,0.0,
2024-11-08,106.01103210449219,0.5926764118415527,0.5838272686079362,102.38763011522703,,XLY,一般消費財・サービス,growth,,10.0,1.0,
2024-11-11,108.14979553222656,0.6016271432055278,0.5897605601404667,102.73547061723528,,XLY,一般消費財・サービス,growth,,11.0,2.0,
2024-11-12,106.70589447021484,0.5981532724899674,0.5925581309236336,102.78903959132553,,XLY,一般消費財・サービス,growth,,11.0,1.0,
2024-11-13,107.6175765991211,0.602935461313035,0.5960172410534341,102.85298670185814,,XLY,一般消費財・サービス,growth,,11.0,2.0,
2024-11-14,106.08988952636719,0.5991707775035975,0.5970684198701552,102.73211647437604,,XLY,一般消費財・サービス,growth,,11.0,2.0,2.0
2024-11-15,105.18314361572266,0.5983178782172264,0.5974849059858456,102.58223133675567,,XLY,一般消費財・サービス,growth,,10.0,0.0,-1.0
2024-11-18,106.1539535522461,0.6014137694761897,0.5987945271492937,102.50336929033826,,XLY,一般消費財・サービス,growth,,10.0,-1.0,-3.0
2024-11-19,106.23280334472656,0.6034882154601969,0.6003590899195949,102.44377950399951,,XLY,一般消費財・サービス,growth,,10.0,-1.0,-2.0
2024-11-20,105.76464080810547,0.5988126279348671,0.5998436025913523,102.27440914468558,,XLY,一般消費財・サービス,growth,,9.0,-2.0,-4.0
2024-11-21,105.95189666748047,0.5924102376930919,0.5973658142919321,102.01704147046482,,XLY,一般消費財・サービス,growth,,8.0,-3.0,-5.0
2024-11-22,107.4795913696289,0.5962553853199322,0.5969956713012655,101.9062996781261,,XLY,一般消費財・サービス,growth,,9.0,-1.0,-1.0
2024-11-25,108.57852172851562,0.596946328199754,0.5969792236007617,101.8271480192068,,XLY,一般消費財・サービス,growth,,10.0,0.0,1.0
2024-11-26,108.97277069091797,0.5990499185932101,0.5976694552649112,101.79632378772409,,XLY,一般消費財・サービス,growth,,10.0,0.0,1.0
2024-11-27,108.43561553955078,0.5966706128806102,0.5973365078034776,101.71584909856745,,XLY,一般消費財・サービス,growth,,10.0,1.0,3.0
2024-11-29,109.54934692382812,0.6009676687864329,0.5985468947977961,101.72561725038103,,XLY,一般消費財・サービス,growth,,10.0,2.0,5.0
2024-12-02,110.50537109375,0.6077346258139018,0.6016094718031647,101.83552534855932,,XLY,一般消費財・サービス,growth,,11.0,2.0,3.0
2024-12-03,110.42159271240234,0.6099789946955706,0.6043993127673,101.92159579468326,,XLY,一般消費財・サービス,growth,,11.0,1.0,1.0
2024-12-04,111.44662475585938,0.6156083634390415,0.6081356629912138,102.04197186854591,,XLY,一般消費財・サービス,growth,,11.0,1.0,1.0
2024-12-05,112.35829162597656,0.623757516779416,0.6133429475872813,102.2215590590348,,XLY,一般消費財・サービス,growth,,11.0,1.0,0.0
2024-12-06,114.7237319946289,0.6376115115381416,0.6214324689042348,102.50845027853123,,XLY,一般消費財・サービス,growth,,11.0,1.0,-1.0
2024-12-09,114.35906982421875,0.6382040245337712,0.6270229874474136,102.62111810820811,,XLY,一般消費財・サービス,growth,,11.0,0.0,-2.0
2024-12-10,114.54633331298828,0.6431897270030309,0.6324119006326194,102.68932762292756,,XLY,一般消費財・サービス,growth,,11.0,0.0,-1.0
2024-12-11,116.55696105957031,0.6538732693967351,0.639565690220658,102.79838454027063,,XLY,一般消費財・サービス,growth,,11.0,0.0,-1.0
2024-12-12,115.591064453125,0.6508313861625252,0.6433209222012805,102.74355299127718,,XLY,一般消費財・サービス,growth,,11.0,0.0,-1.0
2024-12-13,116.04935455322266,0.6557074593841115,0.6474497679288909,102.70484410012011,,XLY,一般消費財・サービス,growth,,11.0,0.0,-1.0
2024-12-16,117.62139892578125,0.6667860954763267,0.6538952104447029,102.74207388902356,,XLY,一般消費財・サービス,growth,,11.0,0.0,0.0
2024-12-17,117.99099731445312,0.674191416229908,0.6606606123731047,102.77044601874421,,XLY,一般消費財・サービス,growth,,10.0,-1.0,-1.0
2024-12-18,112.6736831665039,0.6634397404239368,0.6615869883900488,102.60628371233523,,XLY,一般消費財・サービス,growth,,10.0,-1.0,-1.0
2024-12-19,112.52091217041016,0.6647458983268785,0.6626399583689921,102.46978367736114,,XLY,一般消費財・サービス,growth,,10.0,-1.0,-1.0
2024-12-20,112.80675506591797,0.6572299348006593,0.6608366171795479,102.27014383630198,,XLY,一般消費財・サービス,growth,,10.0,-1.0,-1.0
2024-12-23,113.14891052246094,0.6583258433390305,0.6599996925660422,102.12328537673713,,XLY,一般消費財・サービス,growth,,10.0,-1.0,-1.0
2024-12-24,115.76568603515625,0.6685070210763139,0.6628354687361329,102.09276946184755,,XLY,一般消費財・サービス,growth,,10.0,0.0,1.0
2024-12-26,115.33615112304688,0.6649409176092645,0.6635372850271768,102.00728061697605,,XLY,一般消費財・サービス,growth,,10.0,0.0,1.0
2024-12-27,113.43032836914062,0.6584316759898658,0.6618354153480732,101.86829241342724,,XLY,一般消費財・サービス,growth,,10.0,0.0,1.0
2024-12-30,111.60845184326172,0.654449245940791,0.6593733588789792,101.72369833853517,,XLY,一般消費財・サービス,growth,,10.0,0.0,1.0
2024-12-31,110.76911163330078,0.6483413957386488,0.6556960378322024,101.56085829374196,,XLY,一般消費財・サービス,growth,,10.0,0.0,1.0
2025-01-02,109.31259155273438,0.6416838554828114,0.6510253103824055,101.38493822240899,,XLY,一般消費財・サービス,growth,,9.0,-1.0,-1.0
2025-01-03,111.52452087402344,0.6487275121504308,0.650259377638414,101.31840210087503,,XLY,一般消費財・サービス,growth,,9.0,-1.0,-1.0
2025-01-06,111.96394348144531,0.6517271593210825,0.6507486381993035,101.2870337993213,,XLY,一般消費財・サービス,growth,,9.0,-1.0,-1.0
2025-01-07,109.79645538330078,0.6412576888588344,0.6475849884191471,101.16561879899992,,XLY,一般消費財・サービス,growth,,9.0,-1.0,-1.0
2025-01-08,110.10749816894531,0.6423061945209076,0.6458253904530673,101.08447018779128,,XLY,一般消費財・サービス,growth,,8.0,-2.0,-2.0
2025-01-10,109.02623748779297,0.6454332427667311,0.645694674557622,101.04741434216365,,XLY,一般消費財・サービス,growth,,9.0,0.0,1.0
2025-01-13,109.64340209960938,0.6438100173630757,0.6450664554927733,100.99899115243596,,XLY,一般消費財・サービス,growth,,10.0,1.0,2.0
2025-01-14,109.43109893798828,0.6374178771960668,0.6425169293938712,100.90294303914904,,XLY,一般消費財・サービス,growth,,10.0,1.0,2.0
2025-01-15,112.21573638916016,0.6474240313404421,0.6441526300427283,100.91728118664189,,XLY,一般消費財・サービス,growth,,9.0,0.0,1.0
2025-01-16,111.60845184326172,0.6388888039681417,0.6423980213511995,100.84325211398955,,XLY,一般消費財・サービス,growth,,9.0,1.0,3.0
2025-01-17,113.17359161376953,0.6447178592877314,0.6431713006633768,100.83725828643303,,XLY,一般消費財・サービス,growth,,9.0,0.0,0.0
2025-01-21,114.0030517578125,0.6419904658284382,0.6427776890517307,100.80048158447437,,XLY,一般消費財・サービス,growth,,8.0,-2.0,-3.0
2025-01-22,113.57351684570312,0.6418268793398193,0.6424607524810936,100.766323385731,,XLY,一般消費財・サービス,growth,,8.0,-2.0,-3.0
2025-01-23,114.25981140136719,0.6426599442591509,0.6425271497404461,100.74328441963159,,XLY,一般消費財・サービス,growth,,8.0,-1.0,-1.0
2025-01-24,113.56362915039062,0.6393052542044863,0.6414531845617928,100.68814444189282,,XLY,一般消費財・サービス,growth,,9.0,0.0,-1.0
2025-01-27,114.21044158935547,0.6425232640019448,0.6418098777085102,100.67491028161625,,XLY,一般消費財・サービス,growth,,8.0,-1.0,-1.0
2025-01-28,114.34867858886719,0.6464925112011064,0.6433707555393756,100.69789941024916,,XLY,一般消費財・サービス,growth,,8.0,0.0,2.0
2025-01-29,114.02281951904297,0.6467893707933284,0.6445102939573599,100.70878028423208,,XLY,一般消費財・サービス,growth,,8.0,0.0,2.0
2025-01-30,115.1386489868164,0.6462209732769464,0.6450805203972221,100.70260771234666,,XLY,一般消費財・サービス,growth,,9.0,1.0,2.0
2025-01-31,114.63009643554688,0.6486913612825171,0.6462841340256538,100.7174617042514,,XLY,一般消費財・サービス,growth,,8.0,-1.0,-1.0
2025-02-03,113.11434173583984,0.6436295141926814,0.6453992607479964,100.66474962704866,,XLY,一般消費財・サービス,growth,,8.0,0.0,1.0
2025-02-04,114.44742584228516,0.6504209848912328,0.6470731687957418,100.69856988567423,,XLY,一般消費財・サービス,growth,,8.0,0.0,0.0
2025-02-05,113.14891052246094,0.6399208794084096,0.6446890723332979,100.59211094081469,,XLY,一般消費財・サービス,growth,,8.0,0.0,0.0
2025-02-06,113.59819793701172,0.643313302589301,0.6442304824186322,100.55202551707364,,XLY,一般消費財・サービス,growth,,8.0,-1.0,-2.0
2025-02-07,111.37639617919922,0.6338459650733427,0.6407689766368692,100.39761723385318,,XLY,一般消費財・サービス,growth,,8.0,0.0,1.0
2025-02-10,111.75658416748047,0.634214871467239,0.6385842749136592,100.2853936027469,99.42523907797765,XLY,一般消費財・サービス,growth,Weakening,7.0,-1.0,-1.0
2025-02-11,110.48767852783203,0.6269444930274279,0.6347043476182488,100.09875119670382,99.026257047057,XLY,一般消費財・サービス,growth,Weakening,4.0,-4.0,-4.0
2025-02-12,110.46793365478516,0.6304950390369719,0.6333012447578232,100.00827167146363,99.07968428652735,XLY,一般消費財・サービス,growth,Weakening,3.0,-5.0,-5.0
2025-02-13,112.12686920166016,0.634455700580731,0.6336860633654592,99.99471091568981,99.14063056201148,XLY,一般消費財・サービス,growth,Lagging,2.0,-6.0,-5.0
2025-02-14,112.0774917602539,0.6348066647387963,0.6340595971565716,99.98159873708312,99.4615733640264,XLY,一般消費財・サービス,growth,Lagging,2.0,-6.0,-6.0
2025-02-18,111.76644134521484,0.6282224840033124,0.6321138927721519,99.86370260634463,99.46718681193825,XLY,一般消費財・サービス,growth,Lagging,1.0,-6.0,-5.0
2025-02-19,111.70226287841797,0.6265911997402741,0.6302729950948593,99.7468522348731,99.66571401157715,XLY,一般消費財・サービス,growth,Lagging,1.0,-3.0,1.0
2025-02-20,110.7394790649414,0.6227572561970479,0.6277677487955889,99.59332762083186,99.5262657707083,XLY,一般消費財・サービス,growth,Lagging,1.0,-2.0,3.0
2025-02-21,107.82645416259766,0.6150081613630499,0.6235145529847427,99.34918242799222,98.96068804952957,XLY,一般消費財・サービス,growth,Lagging,2.0,0.0,6.0
2025-02-24,107.4216079711914,0.6121883614355157,0.619739155801667,99.12494636165042,98.47339841978724,XLY,一般消費財・サービス,growth,Lagging,2.0,0.0,6.0
2025-02-25,106.85873413085938,0.608372141186658,0.6159501509299974,98.89457080531447,98.2439901680766,XLY,一般消費財・サービス,growth,Lagging,2.0,1.0,7.0
2025-02-26,106.41931915283203,0.6071510807813513,0.6130171275471153,98.69823708394011,98.10053534443986,XLY,一般消費財・サービス,growth,Lagging,2.0,1.0,4.0
2025-02-27,104.88379669189453,0.6036625946287741,0.6098989499076684,98.4886284155164,98.03112074405502,XLY,一般消費財・サービス,growth,Lagging,1.0,0.0,2.0
2025-02-28,106.6266860961914,0.6069499591683156,0.6089159529945508,98.3917591638179,98.40785306730069,XLY,一般消費財・サービス,growth,Lagging,1.0,-1.0,-1.0
2025-03-03,104.66163635253906,0.6021811811560472,0.606671029048383,98.22920872036165,98.57455106299913,XLY,一般消費財・サービス,growth,Lagging,2.0,0.0,0.0
2025-03-04,102.8150634765625,0.6012709334453169,0.6048709971806943,98.09216945811585,98.80652704943593,XLY,一般消費財・サービス,growth,Lagging,2.0,0.0,-1.0
2025-03-05,104.38020324707031,0.604802980152797,0.6048483248380618,98.061104426882,99.1976331451394,XLY,一般消費財・サービス,growth,Lagging,2.0,0.0,-1.0
2025-03-06,101.73377990722656,0.5960691695839574,0.6019219397533604,97.88837516639393,99.3012025779666,XLY,一般消費財・サービス,growth,Lagging,2.0,1.0,1.0
2025-03-07,101.5461654663086,0.5894473980603919,0.5977637591890377,97.68234435354519,99.08512528082915,XLY,一般消費財・サービス,growth,Lagging,2.0,1.0,2.0
2025-03-10,97.92216491699219,0.57653596363097,0.5906878273363485,97.38234577099585,98.81416477660727,XLY,一般消費財・サービス,growth,Lagging,2.0,0.0,0.0
2025-03-11,96.96432495117188,0.5786023302326573,0.5866593283017848,97.31267624489311,98.99094010616187,XLY,一般消費財・サービス,growth,Lagging,1.0,-1.0,-1.0
2025-03-12,97.52717590332031,0.5847164703642638,0.5860117089892778,97.4418059964728,99.37679634889713,XLY,一般消費財・サービス,growth,Lagging,1.0,-1.0,-1.0
2025-03-13,95.09307861328125,0.5756415722723434,0.5825549967502996,97.44610004916282,99.8429544955742,XLY,一般消費財・サービス,growth,Lagging,1.0,-1.0,-2.0
2025-03-14,97.11737060546875,0.5768975546758803,0.5806691827254933,97.52842682019461,100.67791563775188,XLY,一般消費財・サービス,growth,Improving,1.0,-1.0,-2.0
2025-03-17,97.27043151855469,0.5701131960051836,0.5771505204853901,97.5440154786921,101.70019345280014,XLY,一般消費財・サービス,growth,Improving,1.0,-1.0,-1.0
2025-03-18,95.53742218017578,0.5628830346131585,0.5723946918613129,97.51955606089577,101.91954052687454,XLY,一般消費財・サービス,growth,Improving,1.0,0.0,1.0
2025-03-19,97.36919403076172,0.5694555634691381,0.5714149823972546,97.63777948699075,101.88574348382113,XLY,一般消費財・サービス,growth,Improving,1.0,0.0,1.0
2025-03-20,97.13713073730469,0.5704730559919449,0.571101006928818,97.76065663565267,102.20343829685407,XLY,一般消費財・サービス,growth,Improving,1.0,0.0,1.0
2025-03-21,97.48767852783203,0.5751664610191964,0.5724561582922776,97.91949527475431,102.35265332131057,XLY,一般消費財・サービス,growth,Improving,1.0,0.0,1.0
2025-03-24,101.14244079589844,0.5876231667003394,0.5775118277616316,98.183529690665,102.84884356660082,XLY,一般消費財・サービス,growth,Improving,1.0,0.0,1.0
2025-03-25,101.9494400024414,0.5937310220209872,0.5829182258480834,98.4361441375778,103.24435582081797,XLY,一般消費財・サービス,growth,Improving,1.0,0.0,0.0
2025-03-26,100.6176528930664,0.5870804225611056,0.5843056247524241,98.53722455869892,102.92016631303538,XLY,一般消費財・サービス,growth,Improving,2.0,1.0,1.0
2025-03-27,100.6820068359375,0.5889708682262239,0.5858607059103574,98.6384106159208,102.65501698932292,XLY,一般消費財・サービス,growth,Improving,2.0,1.0,1.0
2025-03-28,97.55302429199219,0.5796022676637792,0.5837745598281647,98.6091499921847,102.12037782270022,XLY,一般消費財・サービス,growth,Improving,2.0,1.0,1.0
2025-03-31,97.7609634399414,0.5760429933120216,0.5811973709894503,98.56345937256778,101.40758172768598,XLY,一般消費財・サービス,growth,Improving,2.0,1.0,1.0
2025-04-01,98.78085327148438,0.5814483742767038,0.5812810387518682,98.61044522647326,100.94507337887114,XLY,一般消費財・サービス,growth,Improving,2.0,1.0,1.0
2025-04-02,100.6572494506836,0.5875801916976163,0.583380756400451,98.72488927819087,100.94419560202392,XLY,一般消費財・サービス,growth,Improving,2.0,0.0,-1.0
2025-04-03,94.5775146484375,0.5797061435701978,0.5821558854570332,98.7219197657127,100.70469755880008,XLY,一般消費財・サービス,growth,Improving,2.0,0.0,-1.0
2025-04-04,90.49796295166016,0.5876977910974039,0.5840031873371568,98.8258096233785,100.95173634096585,XLY,一般消費財・サービス,growth,Improving,2.0,0.0,-1.0
2025-04-07,89.42855834960938,0.5856339182221512,0.5845467642988217,98.88090226513408,101.12497850558631,XLY,一般消費財・サービス,growth,Improving,3.0,1.0,0.0
2025-04-08,87.30460357666016,0.5827161098610762,0.5839365461529066,98.89381124663505,101.02143224288972,XLY,一般消費財・サービス,growth,Improving,2.0,0.0,-1.0
2025-04-09,96.81038665771484,0.5983145799869352,0.5887292240975828,99.09534349741081,101.16313641572285,XLY,一般消費財・サービス,growth,Improving,2.0,0.0,0.0
2025-04-10,93.02787780761719,0.5949668217807135,0.590808423325293,99.1973601463259,101.33185631196203,XLY,一般消費財・サービス,growth,Improving,2.0,0.0,0.0
2025-04-11,93.92894744873047,0.5917569017328593,0.5911245827944818,99.23501894653339,101.16115601239957,XLY,一般消費財・サービス,growth,Improving,3.0,1.0,1.0
2025-04-14,94.20126342773438,0.5859859395434158,0.5894117017107932,99.19921299826764,100.95161148385414,XLY,一般消費財・サービス,growth,Improving,3.0,0.0,-1.0
2025-04-15,93.5229721069336,0.5836517055833097,0.587491703001632,99.1562813814557,100.81645780743767,XLY,一般消費財・サービス,growth,Improving,3.0,1.0,1.0
2025-04-16,91.2158432006836,0.5766573690940197,0.5838802583657612,99.052622770691,100.20273045135406,XLY,一般消費財・サービス,growth,Improving,3.0,1.0,1.0
2025-04-17,91.79015350341797,0.576007097585869,0.5812558714391305,98.98686900186188,99.86793290575949,XLY,一般消費財・サービス,growth,Lagging,2.0,0.0,0.0
2025-04-21,89.33943939208984,0.5721299374482159,0.578213893442159,98.90707694942246,99.63826608692489,XLY,一般消費財・サービス,growth,Lagging,2.0,-1.0,-2.0
2025-04-22,92.16641998291016,0.5760310057499929,0.577486264211437,98.91327731020814,99.72468535174615,XLY,一般消費財・サービス,growth,Lagging,2.0,-1.0,-1.0
2025-04-23,94.22601318359375,0.5832607310901067,0.5794110865043269,99.01631989278552,100.01485119994993,XLY,一般消費財・サービス,growth,Improving,3.0,0.0,-1.0
2025-04-24,96.10240936279297,0.5849781730367343,0.5812667820151294,99.11483228530983,100.40857830284624,XLY,一般消費財・サービス,growth,Improving,3.0,0.0,-1.0
2025-04-25,97.83027648925781,0.5963492449277938,0.5862942696526843,99.3327956598937,100.94873144487303,XLY,一般消費財・サービス,growth,Improving,4.0,2.0,2.0
2025-04-28,97.86493682861328,0.59489079530263,0.5891597782026662,99.4682925155067,101.33046715958712,XLY,一般消費財・サービス,growth,Improving,3.0,1.0,2.0
2025-04-29,98.55806732177734,0.5956279529642976,0.5913158364565434,99.57781377018819,101.48009036383954,XLY,一般消費財・サービス,growth,Improving,2.0,0.0,1.0
2025-04-30,97.66194915771484,0.589374863542358,0.5906688454851483,99.57633411335425,101.2461505631099,XLY,一般消費財・サービス,growth,Improving,2.0,-1.0,-1.0
2025-05-01,98.20159912109375,0.5934384777411469,0.591592056237148,99.64001178676453,101.15112656935979,XLY,一般消費財・サービス,growth,Improving,3.0,0.0,0.0
2025-05-02,99.72647857666016,0.5922054863285781,0.5917965329342914,99.67528781761044,100.7979911902128,XLY,一般消費財・サービス,growth,Improving,3.0,-1.0,-3.0
2025-05-05,98.66697692871094,0.5878632632950963,0.5904854430545596,99.64419601089993,100.48310302956541,XLY,一般消費財・サービス,growth,Improving,3.0,0.0,-1.0
2025-05-06,97.80552673339844,0.5870826992137038,0.5893511951076077,99.61916403141501,100.23305352047048,XLY,一般消費財・サービス,growth,Improving,4.0,2.0,2.0
2025-05-07,98.56795501708984,0.5877879408171043,0.5888301103441066,99.62104203746871,100.23442632334086,XLY,一般消費財・サービス,growth,Improving,4.0,2.0,3.0
2025-05-08,99.73143768310547,0.5897644903098059,0.589141570332673,99.66418849343442,100.19132921219314,XLY,一般消費財・サービス,growth,Improving,4.0,1.0,1.0
2025-05-09,100.211669921875,0.5927417593426608,0.5903416333360023,99.75643094308465,100.28508985023362,XLY,一般消費財・サービス,growth,Improving,4.0,1.0,2.0
2025-05-12,105.19230651855469,0.6056026309637915,0.5954286325452655,100.07152510194783,100.89800365181058,XLY,一般消費財・サービス,growth,Leading,7.0,4.0,4.0
2025-05-13,106.5835189819336,0.612230851816023,0.6010293723021847,100.43785216547715,101.55833471785363,XLY,一般消費財・サービス,growth,Leading,8.0,4.0,2.0
2025-05-14,106.99444580078125,0.6183143216638504,0.6067910220894066,100.83789264906653,102.16131572075092,XLY,一般消費財・サービス,growth,Leading,8.0,4.0,2.0
2025-05-15,106.75679016113281,0.6113682261607337,0.608316756779849,101.00154364108528,102.24044587080773,XLY,一般消費財・サービス,growth,Leading,9.0,5.0,4.0
2025-05-16,107.76679229736328,0.6111518395419817,0.6092617843672266,101.14488519036229,102.19668590268971,XLY,一般消費財・サービス,growth,Leading,9.0,5.0,4.0
2025-05-19,107.51429748535156,0.6097876266904464,0.6094370651416332,101.24268497690228,101.76102647362922,XLY,一般消費財・サービス,growth,Leading,9.0,2.0,-2.0
2025-05-20,106.954833984375,0.608202966170743,0.6090256988180032,101.30233672971644,101.22675482475942,XLY,一般消費財・サービス,growth,Leading,9.0,1.0,-3.0
2025-05-21,104.78633117675781,0.6091404458706919,0.6090639478355662,101.3929612434478,100.71035979714624,XLY,一般消費財・サービス,growth,Leading,9.0,1.0,-3.0
2025-05-22,105.23685455322266,0.6137166711915886,0.610614855620907,101.58542518178426,100.7307413151503,XLY,一般消費財・サービス,growth,Leading,9.0,0.0,-5.0
2025-05-23,104.29124450683594,0.6106442344288571,0.6106246485568904,101.63715939208521,100.55935151350647,XLY,一般消費財・サービス,growth,Leading,8.0,-1.0,-6.0
2025-05-27,107.37071228027344,0.6171692882840009,0.6128061951325938,101.83931162183602,100.70635523218891,XLY,一般消費財・サービス,growth,Leading,9.0,0.0,-2.0
2025-05-28,106.38549041748047,0.6167505032049961,0.6141209644900613,101.94328784307164,100.75889157913925,XLY,一般消費財・サービス,growth,Leading,9.0,0.0,-1.0
2025-05-29,106.4300308227539,0.6155055816881976,0.6145825035561068,101.95386816475708,100.59864055170846,XLY,一般消費財・サービス,growth,Leading,9.0,0.0,-1.0
2025-05-30,105.85078430175781,0.6123986539484053,0.6138545536868729,101.86601049915123,100.06051223444132,XLY,一般消費財・サービス,growth,Leading,9.0,0.0,0.0
2025-06-02,106.09832000732422,0.6133439990459253,0.6136843688065571,101.81664776455682,99.83281430476153,XLY,一般消費財・サービス,growth,Weakening,8.0,0.0,1.0
2025-06-03,106.66273498535156,0.6115158772385801,0.6129615382838982,101.72177060888134,99.20864510822214,XLY,一般消費財・サービス,growth,Weakening,8.0,-1.0,-1.0
2025-06-04,106.38052368164062,0.6112711433891744,0.6123980733189903,101.64532084778455,98.81551300420563,XLY,一般消費財・サービス,growth,Weakening,8.0,-1.0,-1.0
2025-06-05,103.6971206665039,0.5974664864978918,0.6074208777119575,101.23671128476707,97.97749516580745,XLY,一般消費財・サービス,growth,Weakening,8.0,-1.0,-1.0
2025-06-06,105.04376983642578,0.6000433461823284,0.6049617005354144,101.02799838586921,97.75651378838535,XLY,一般消費財・サービス,growth,Weakening,8.0,-1.0,-1.0
2025-06-09,105.88543701171875,0.6047495877880691,0.6048909962862994,100.9967905110578,97.78782391758051,XLY,一般消費財・サービス,growth,Weakening,8.0,0.0,0.0
2025-06-10,107.15286254882812,0.608955862218118,0.6062459515969056,101.06873017139961,98.10418648224733,XLY,一般消費財・サービス,growth,Weakening,8.0,0.0,1.0
2025-06-11,106.30625915527344,0.6058648881123242,0.6061189304353785,101.02752181298212,98.17556968862668,XLY,一般消費財・サービス,growth,Weakening,8.0,0.0,1.0
2025-06-12,105.80622100830078,0.6016042539490786,0.6046140382732785,100.88498481721811,98.70795066641018,XLY,一般消費財・サービス,growth,Weakening,8.0,0.0,1.0
2025-06-13,104.83088684082031,0.6033517644547125,0.6041932803337566,100.82597761466643,99.01638073182563,XLY,一般消費財・サービス,growth,Weakening,8.0,0.0,1.0
2025-06-16,105.9596939086914,0.6040245691953471,0.6041370432876202,100.79495472047493,99.03548002033519,XLY,一般消費財・サービス,growth,Weakening,8.0,0.0,0.0
2025-06-17,104.13279724121094,0.5993678242941488,0.6025473036231297,100.64870589098066,98.63542039578512,XLY,一般消費財・サービス,growth,Weakening,8.0,0.0,0.0
2025-06-18,104.18230438232422,0.5995850575036656,0.6015598882499751,100.54737454819349,98.56183523501171,XLY,一般消費財・サービス,growth,Weakening,8.0,0.0,0.0
2025-06-20,104.30609130859375,0.5993175509688777,0.6008124424896093,100.46280676867651,98.71579881914491,XLY,一般消費財・サービス,growth,Weakening,8.0,0.0,0.0
2025-06-23,106.37351989746094,0.6058478047137328,0.6024908965643172,100.57695960937576,99.07579570048462,XLY,一般消費財・サービス,growth,Weakening,8.0,0.0,0.0
2025-06-24,106.96392822265625,0.6034964110842077,0.6028260680709474,100.5810664526423,99.16976097973983,XLY,一般消費財・サービス,growth,Weakening,8.0,0.0,0.0
2025-06-25,105.7037353515625,0.6007204413527093,0.6021241924982015,100.49875714524273,99.31735978856328,XLY,一般消費財・サービス,growth,Weakening,8.0,0.0,0.0
2025-06-26,106.67616271972656,0.6017058144055405,0.6019847331339812,100.46570639793093,99.4732058261977,XLY,一般消費財・サービス,growth,Weakening,8.0,0.0,0.0
2025-06-27,108.45237731933594,0.6094925848078064,0.6044873503585896,100.66093555996927,100.04475863590224,XLY,一般消費財・サービス,growth,Leading,8.0,0.0,0.0
2025-06-30,107.82723236083984,0.6031451940062783,0.6040399649078192,100.59834513596081,99.71102832857528,XLY,一般消費財・サービス,growth,Weakening,8.0,0.0,0.0
2025-07-01,108.28864288330078,0.598709268067248,0.6022630659609622,100.41812529222219,99.35887153511058,XLY,一般消費財・サービス,growth,Weakening,8.0,0.0,0.0
2025-07-02,109.15689849853516,0.6021342469360093,0.6022201262859779,100.39089577220936,99.47957287707864,XLY,一般消費財・サービス,growth,Weakening,8.0,0.0,0.0
2025-07-03,109.75227355957031,0.6025088210228249,0.6023163578649269,100.37730975354211,99.52817613115045,XLY,一般消費財・サービス,growth,Weakening,8.0,0.0,0.0
2025-07-07,108.35810089111328,0.5996476856163049,0.6014268004487195,100.27153727764578,98.95086486663482,XLY,一般消費財・サービス,growth,Weakening,8.0,0.0,0.0
2025-07-08,107.99095916748047,0.596123137708887,0.5996589128687754,100.08293493619401,98.74066397022038,XLY,一般消費財・サービス,growth,Weakening,7.0,-1.0,-1.0
2025-07-09,108.6309814453125,0.5978706143776359,0.5990628133717288,100.0039438080534,98.9692898849538,XLY,一般消費財・サービス,growth,Weakening,7.0,-1.0,-1.0
2025-07-10,109.83165740966797,0.6009972329468031,0.5997076198967536,100.04302346636437,99.12227409588408,XLY,一般消費財・サービス,growth,Weakening,7.0,-1.0,-1.0
2025-07-11,109.8614273071289,0.6055934310172022,0.6016695569369032,100.21859425677432,99.50355731823169,XLY,一般消費財・サービス,growth,Weakening,7.0,-1.0,-1.0
2025-07-14,110.26826477050781,0.6072104582953015,0.6035165240563694,100.38459365956398,100.03947548697593,XLY,一般消費財・サービス,growth,Leading,7.0,-1.0,-1.0
2025-07-15,108.6905288696289,0.6069387569038648,0.6046572683388679,100.47940434267791,100.58950743971786,XLY,一般消費財・サービス,growth,Leading,7.0,0.0,1.0
2025-07-16,108.88897705078125,0.6056847975080526,0.6049997780619295,100.4925158905448,100.76045568516531,XLY,一般消費財・サービス,growth,Leading,8.0,1.0,2.0
2025-07-17,109.2610855102539,0.6028398287422846,0.6042797949553812,100.39738849142482,100.49760755256379,XLY,一般消費財・サービス,growth,Leading,8.0,1.0,2.0
2025-07-18,110.22856903076172,0.608409008908247,0.6056561996063365,100.51437888132094,100.37391390560865,XLY,一般消費財・サービス,growth,Leading,9.0,2.0,3.0
2025-07-21,110.74952697753906,0.613382560016253,0.6082316530763088,100.76278238733232,100.5153227613289,XLY,一般消費財・サービス,growth,Leading,9.0,2.0,3.0
2025-07-22,111.87081146240234,0.6117932303386984,0.6094188454971053,100.87796203055102,100.53430528700038,XLY,一般消費財・サービス,growth,Leading,9.0,2.0,2.0
2025-07-23,112.40168762207031,0.6096458581098584,0.6094945163680231,100.87969738775921,100.49310853459194,XLY,一般消費財・サービス,growth,Leading,9.0,1.0,0.0
2025-07-24,110.54114532470703,0.6014801239653949,0.6068230522338137,100.53885508470026,100.0066478492365,XLY,一般消費財・サービス,growth,Leading,8.0,0.0,-1.0
2025-07-25,111.56816864013672,0.604157944187869,0.6059346828851655,100.39959869360732,99.51355397115155,XLY,一般消費財・サービス,growth,Weakening,9.0,0.0,-2.0
2025-07-28,112.2181167602539,0.6112920172912987,0.6077204610205432,100.62263247210375,99.47964622410989,XLY,一般消費財・サービス,growth,Weakening,9.0,0.0,-2.0
2025-07-29,111.44412231445312,0.6073687052853022,0.6076032091087963,100.58249352018903,99.20364600292149,XLY,一般消費財・サービス,growth,Weakening,9.0,0.0,-2.0
2025-07-30,110.7396011352539,0.6074696251815834,0.6075586811330587,100.55174570613252,99.16796216008726,XLY,一般消費財・サービス,growth,Weakening,9.0,0.0,-1.0
2025-07-31,109.8614273071289,0.6081986819267418,0.6077720147309531,100.56019545141106,99.86578685047688,XLY,一般消費財・サービス,growth,Weakening,8.0,0.0,0.0
2025-08-01,107.2120132446289,0.6002984385013433,0.6052808226544165,100.14299706062333,99.34227880685627,XLY,一般消費財・サービス,growth,Weakening,7.0,-2.0,-2.0
2025-08-04,108.47222900390625,0.6000179781653915,0.6035265411580748,99.82496789254381,98.34644186477132,XLY,一般消費財・サービス,growth,Lagging,7.0,-2.0,-2.0
2025-08-05,108.61114501953125,0.6024581481458597,0.6031704101540032,99.7193720173125,98.29345948652666,XLY,一般消費財・サービス,growth,Lagging,7.0,-2.0,-2.0
2025-08-06,110.86859893798828,0.6163589926603252,0.6075666043227772,100.46336799278546,99.75716488701048,XLY,一般消費財・サービス,growth,Weakening,7.0,-2.0,-2.0
2025-08-07,110.8338623046875,0.6165367404937958,0.6105566497131167,101.02499929713585,100.78240830983572,XLY,一般消費財・サービス,growth,Leading,7.0,-1.0,-1.0
2025-08-08,111.02735900878906,0.6164999192125721,0.6125377395462686,101.45344328547792,102.23164042058977,XLY,一般消費財・サービス,growth,Leading,8.0,1.0,3.0
2025-08-11,111.31512451171875,0.6197903936052183,0.6149552908992518,102.0172993598869,103.38431515896576,XLY,一般消費財・サービス,growth,Leading,10.0,3.0,5.0
2025-08-12,112.49596405029297,0.6185060740401688,0.6161388852795575,102.23573753342242,103.4633437275605,XLY,一般消費財・サービス,growth,Leading,11.0,4.0,6.0
2025-08-13,114.03897094726562,0.6181634560508185,0.6168137422033112,102.26413539921906,102.31156727717318,XLY,一般消費財・サービス,growth,Leading,11.0,4.0,6.0
2025-08-14,113.90996551513672,0.6215071666606169,0.6183782170224131,102.4454387087057,101.76131219895198,XLY,一般消費財・サービス,growth,Leading,11.0,4.0,5.0
2025-08-15,113.6370849609375,0.6215528438680775,0.6194364259709679,102.49744398628577,101.25660091555234,XLY,一般消費財・サービス,growth,Leading,11.0,3.0,2.0
2025-08-18,114.09354400634766,0.624183857410392,0.6210189031174427,102.62300054675727,100.67347062423848,XLY,一般消費財・サービス,growth,Leading,11.0,1.0,-2.0
2025-08-19,114.03897094726562,0.6209778647072093,0.6210052236473649,102.45736985081196,100.14697236147985,XLY,一般消費財・サービス,growth,Leading,11.0,0.0,-4.0
2025-08-20,112.9127197265625,0.6154054960997876,0.6191386477981725,102.01922430312506,99.48747855924637,XLY,一般消費財・サービス,growth,Weakening,11.0,0.0,-4.0
2025-08-21,112.242919921875,0.61389428080639,0.6173905254675784,101.65153020343885,98.72381650429828,XLY,一般消費財・サービス,growth,Weakening,11.0,0.0,-4.0
2025-08-22,115.65144348144531,0.6204526559511557,0.6184112356287709,101.76250579770117,98.84786361532895,XLY,一般消費財・サービス,growth,Weakening,11.0,0.0,-3.0
2025-08-25,115.41825103759766,0.6239764141129918,0.6202662951235112,101.98416545392149,99.0176510755501,XLY,一般消費財・サービス,growth,Weakening,11.0,0.0,-1.0
2025-08-26,115.94912719726562,0.6264133647522013,0.6223153183330746,102.20974299927427,99.59894936408855,XLY,一般消費財・サービス,growth,Weakening,11.0,0.0,0.0
2025-08-27,115.97393035888672,0.6242913496940175,0.6229739954533889,102.2126759303737,100.24859194561164,XLY,一般消費財・サービス,growth,Leading,11.0,0.0,0.0
2025-08-28,116.17239379882812,0.6256578531073447,0.6238686146713742,102.24408667009457,100.82799837259664,XLY,一般消費財・サービス,growth,Leading,11.0,0.0,0.0
2025-08-29,114.97667694091797,0.6196777887657822,0.6224716727028436,101.9651378764956,100.26301326718777,XLY,一般消費財・サービス,growth,Leading,11.0,0.0,0.0
2025-09-02,114.11834716796875,0.6199490387211386,0.621630794708942,101.7869298397976,99.69008956542388,XLY,一般消費財・サービス,growth,Weakening,11.0,0.0,0.0
2025-09-03,114.57976531982422,0.6234217588662492,0.6222277827613778,101.80440125244178,99.39571451300961,XLY,一般消費財・サービス,growth,Weakening,10.0,-1.0,-1.0
2025-09-04,116.67350006103516,0.6301592994657382,0.6248716216628313,102.06354632259492,99.76361253244204,XLY,一般消費財・サービス,growth,Weakening,10.0,-1.0,-1.0
2025-09-05,116.64868927001953,0.629289737129739,0.6263443268184672,102.1334991544927,99.80384164016743,XLY,一般消費財・サービス,growth,Weakening,10.0,-1.0,-1.0
2025-09-08,117.10018920898438,0.6322287744951971,0.6283058093773772,102.24144284607544,100.34905874939459,XLY,一般消費財・サービス,growth,Leading,10.0,-1.0,-1.0
2025-09-09,116.93645477294922,0.6332955019398713,0.629969040231542,102.29531029016076,100.66858020905178,XLY,一般消費財・サービス,growth,Leading,10.0,-1.0,-1.0
2025-09-10,115.53732299804688,0.6263522006959824,0.6287634270530222,102.04391589510578,100.24681347170058,XLY,一般消費財・サービス,growth,Leading,10.0,0.0,1.0
2025-09-11,117.78486633300781,0.6291093950324056,0.6288787497128168,101.95602618472876,99.70758011758937,XLY,一般消費財・サービス,growth,Weakening,10.0,0.0,1.0
2025-09-12,118.39512634277344,0.6369536298258569,0.6315703764171635,102.12707717254807,99.8528171532038,XLY,一般消費財・サービス,growth,Weakening,10.0,0.0,1.0
2025-09-15,119.4221420288086,0.6436029084641339,0.6355812204328204,102.38751535317917,100.07773415822005,XLY,一般消費財・サービス,growth,Leading,10.0,0.0,1.0
2025-09-16,120.15643310546875,0.6492812539963887,0.6401478982873432,102.63791229661547,100.36579076168394,XLY,一般消費財・サービス,growth,Leading,10.0,0.0,1.0
2025-09-17,119.85379028320312,0.6470268187764467,0.6424408717837111,102.64900399857085,100.7437745355907,XLY,一般消費財・サービス,growth,Leading,10.0,0.0,0.0
2025-09-18,119.31298828125,0.6399274574465168,0.6416030670046464,102.41428960328805,100.49815384644707,XLY,一般消費財・サービス,growth,Leading,10.0,0.0,0.0
2025-09-19,119.76447296142578,0.6434692809606616,0.6422251383233182,102.32548630227527,100.08285295472787,XLY,一般消費財・サービス,growth,Leading,10.0,0.0,0.0
2025-09-22,119.37432098388672,0.6410668321480535,0.6418390362648967,102.17035440572208,99.4372536942093,XLY,一般消費財・サービス,growth,Weakening,9.0,-1.0,-1.0
2025-09-23,118.25106048583984,0.6342606335435641,0.6393129020244526,101.87825204105928,98.6270366975546,XLY,一般消費財・サービス,growth,Weakening,9.0,-1.0,-1.0
2025-09-24,119.08605194091797,0.6402320969720158,0.639619300340307,101.82108403688056,98.56168537539077,XLY,一般消費財・サービス,growth,Weakening,9.0,-1.0,-1.0
2025-09-25,117.4061279296875,0.6364402158808473,0.6385596055204872,101.67127286635426,98.72193628106355,XLY,一般消費財・サービス,growth,Weakening,8.0,-2.0,-2.0
2025-09-26,119.1407241821289,0.6395070115971977,0.6388754075460574,101.6289891593425,98.82567459098254,XLY,一般消費財・サービス,growth,Weakening,8.0,-2.0,-2.0
2025-09-29,119.66259002685547,0.6401694387833151,0.63930675129181,101.59805190682003,99.02979753418946,XLY,一般消費財・サービス,growth,Weakening,8.0,-1.0,0.0
2025-09-30,119.1059341430664,0.6355119608421032,0.6380418211419078,101.45232731922283,99.25228856671572,XLY,一般消費財・サービス,growth,Weakening,8.0,-1.0,0.0
2025-10-01,119.8514633178711,0.6380436136180883,0.6380424186339679,101.40387144248389,99.27477846846769,XLY,一般消費財・サービス,growth,Weakening,9.0,0.0,1.0
2025-10-02,118.98665618896484,0.6319440398062912,0.6360096256914091,101.21536498913413,99.2304921015942,XLY,一般消費財・サービス,growth,Weakening,9.0,1.0,3.0
2025-10-03,118.22123718261719,0.6256791703488163,0.6325661405772115,100.9329258668403,98.89775627057651,XLY,一般消費財・サービス,growth,Weakening,7.0,-1.0,1.0
2025-10-06,119.23515319824219,0.6312433592456548,0.6321252134666926,100.87305046286377,98.86644513102559,XLY,一般消費財・サービス,growth,Weakening,8.0,0.0,1.0
2025-10-07,117.14767456054688,0.6229288485383702,0.6290597584905852,100.61885641356618,98.7330468926138,XLY,一般消費財・サービス,growth,Weakening,7.0,-1.0,0.0
2025-10-08,117.49559020996094,0.6227505010388757,0.6269566726733488,100.43404656371338,98.57447639104592,XLY,一般消費財・サービス,growth,Weakening,7.0,-2.0,-2.0
2025-10-09,116.90910339355469,0.6248114170445394,0.6262415874637457,100.35448215050603,98.75710207514382,XLY,一般消費財・サービス,growth,Weakening,7.0,-2.0,-3.0
2025-10-10,113.6933822631836,0.621640841058712,0.6247080053287345,100.20955079612153,98.97375259846561,XLY,一般消費財・サービス,growth,Weakening,7.0,0.0,1.0
2025-10-13,116.23316192626953,0.6294075512151044,0.6262745206241911,100.31328839800354,99.22027133947482,XLY,一般消費財・サービス,growth,Weakening,7.0,-1.0,-1.0
2025-10-14,116.47669982910156,0.6255391733467509,0.6260294048650444,100.27019978711196,99.52514542392724,XLY,一般消費財・サービス,growth,Weakening,7.0,0.0,1.0
2025-10-15,116.64568328857422,0.6251861268962822,0.6257483122087903,100.22261840617341,99.72424924041246,XLY,一般消費財・サービス,growth,Weakening,7.0,0.0,2.0
2025-10-16,115.51744842529297,0.6250637506195482,0.6255201250123763,100.17961268099374,99.78416789762683,XLY,一般消費財・サービス,growth,Weakening,7.0,0.0,2.0
2025-10-17,116.51148986816406,0.6272569742801292,0.626099074768294,100.20811631201266,100.02963907201162,XLY,一般消費財・サービス,growth,Leading,7.0,0.0,0.0
2025-10-20,117.43594360351562,0.6259745010952119,0.6260575502106001,100.18360350110285,99.8649885813301,XLY,一般消費財・サービス,growth,Weakening,7.0,0.0,1.0
2025-10-21,118.87232971191406,0.6307410965012988,0.6276187323074998,100.30088025616473,100.09339724482554,XLY,一般消費財・サービス,growth,Leading,7.0,0.0,0.0
2025-10-22,117.94290924072266,0.628842366407618,0.6280266103408725,100.31350049119146,100.17749841347387,XLY,一般消費財・サービス,growth,Leading,7.0,0.0,0.0
2025-10-23,118.47471618652344,0.6286972107830999,0.628250143821615,100.30881280511696,100.22489979030274,XLY,一般消費財・サービス,growth,Leading,8.0,1.0,1.0
2025-10-24,118.12183380126953,0.6251204719796408,0.6272069198742903,100.1853536218938,100.01296108938217,XLY,一般消費財・サービス,growth,Leading,7.0,0.0,0.0
2025-10-27,119.82164764404297,0.6313105071141333,0.6285747822875714,100.2918731543059,100.18484488736927,XLY,一般消費財・サービス,growth,Leading,8.0,1.0,1.0
2025-10-28,119.8514633178711,0.6369380904050572,0.6313625516600667,100.54258479775046,100.35653601519888,XLY,一般消費財・サービス,growth,Leading,8.0,1.0,1.0
2025-10-29,118.86238861083984,0.6388260385787095,0.6338503806329476,100.77020640460813,100.64147230643448,XLY,一般消費財・サービス,growth,Leading,8.0,1.0,1.0
2025-10-30,116.17848205566406,0.6270984861669107,0.6315997491442686,100.51353330045733,100.28499364498931,XLY,一般消費財・サービス,growth,Leading,7.0,-1.0,-2.0
2025-10-31,119.25006103515625,0.6422737321084679,0.6351577434656684,100.88350493919431,100.9335348667082,XLY,一般消費財・サービス,growth,Leading,7.0,0.0,0.0
2025-11-03,120.36836242675781,0.6498875903522048,0.6400676924278472,101.43835772443337,101.49824078242538,XLY,一般消費財・サービス,growth,Leading,8.0,0.0,-1.0
2025-11-04,118.37034606933594,0.6433554051590715,0.6411635966715887,101.55048444008399,101.26784364562772,XLY,一般消費財・サービス,growth,Leading,8.0,0.0,-1.0
2025-11-05,119.81169891357422,0.6474000742549706,0.643242422532716,101.7658481392308,101.2273296302842,XLY,一般消費財・サービス,growth,Leading,9.0,1.0,0.0
2025-11-06,117.04329681396484,0.6369293320651016,0.6411380590435113,101.47412428047733,101.20077191691874,XLY,一般消費財・サービス,growth,Leading,8.0,1.0,2.0
2025-11-07,117.22720336914062,0.6326242354159302,0.6383001178343176,101.09003758226292,100.23943335956834,XLY,一般消費財・サービス,growth,Leading,8.0,1.0,1.0
2025-11-10,118.76795959472656,0.6372695380723743,0.6379565912470032,101.01897609891988,99.32298176060742,XLY,一般消費財・サービス,growth,Weakening,7.0,-1.0,-1.0
2025-11-11,119.06120300292969,0.6351728622407937,0.6370286815782668,100.87272900558864,98.89405773668584,XLY,一般消費財・サービス,growth,Weakening,7.0,-1.0,-1.0
2025-11-12,118.26100158691406,0.6294111489381262,0.6344895040315532,100.51139804576084,97.92083447471737,XLY,一般消費財・サービス,growth,Weakening,6.0,-3.0,-4.0
2025-11-13,115.30870056152344,0.6207154950382983,0.6298981677004682,99.86467519140632,97.42433796871545,XLY,一般消費財・サービス,growth,Lagging,6.0,-2.0,-3.0
2025-11-14,114.75700378417969,0.6200209303123158,0.6266057552377508,99.39046795899627,97.44377889454542,XLY,一般消費財・サービス,growth,Lagging,5.0,-3.0,-4.0
2025-11-17,113.678466796875,0.6223661390166173,0.6251925498307063,99.17503285875652,97.4047961591316,XLY,一般消費財・サービス,growth,Lagging,4.0,-3.0,-2.0
2025-11-18,111.58103942871094,0.6105198695567233,0.6203016564060453,98.47518779786478,96.87146702230442,XLY,一般消費財・サービス,growth,Lagging,1.0,-6.0,-5.0
2025-11-19,111.58601379394531,0.6124009650156292,0.6176680926092399,98.09870891879565,97.09438313693558,XLY,一般消費財・サービス,growth,Lagging,1.0,-5.0,-2.0
2025-11-20,109.9209976196289,0.6107136774406967,0.6153499542197256,97.80709710064372,97.70004090653259,XLY,一般消費財・サービス,growth,Lagging,1.0,-5.0,-3.0
2025-11-21,112.07806396484375,0.6106974240229142,0.6137991108207885,97.6697412099032,98.20397025567732,XLY,一般消費財・サービス,growth,Lagging,1.0,-4.0,-1.0
2025-11-24,113.5740966796875,0.616294495554895,0.6146309057321574,97.85972231820472,98.75259157605385,XLY,一般消費財・サービス,growth,Lagging,1.0,-3.0,0.0
2025-11-25,116.00452423095703,0.6206651758674709,0.6166423291105954,98.17497045810748,100.02569812124881,XLY,一般消費財・サービス,growth,Improving,1.0,0.0,6.0
2025-11-26,116.79976654052734,0.6205898765701746,0.6179581782637885,98.38332509974289,100.7665305400517,XLY,一般消費財・サービス,growth,Improving,1.0,0.0,5.0
2025-11-28,117.5254135131836,0.6210872724833054,0.6190012096702942,98.53700065520182,101.30160764329051,XLY,一般消費財・サービス,growth,Improving,1.0,0.0,5.0
2025-12-01,117.5949935913086,0.6257348422993756,0.621245753879988,98.8235801121344,101.75606486958253,XLY,一般消費財・サービス,growth,Improving,3.0,2.0,6.0
2025-12-02,117.51547241210938,0.6259040018633693,0.6227985032077819,99.01806489985108,101.69065658892089,XLY,一般消費財・サービス,growth,Improving,4.0,3.0,6.0
2025-12-03,118.78286743164062,0.6278636781062966,0.6244868948406201,99.23353172806578,101.52057227685589,XLY,一般消費財・サービス,growth,Improving,5.0,4.0,4.0
2025-12-04,118.36040496826172,0.6254346449946675,0.6248028115586359,99.27812468477835,101.29418588377358,XLY,一般消費財・サービス,growth,Improving,4.0,3.0,3.0
2025-12-05,119.0164794921875,0.6274274727448396,0.6256776986207038,99.39556954122047,101.23010985285921,XLY,一般消費財・サービス,growth,Improving,7.0,6.0,6.0
2025-12-08,117.28683471679688,0.6220348886141017,0.6244634286185031,99.25664492818022,100.74998201969252,XLY,一般消費財・サービス,growth,Improving,6.0,3.0,1.0
2025-12-09,117.27690887451172,0.6231577551965221,0.6240282041445094,99.21511173984292,100.48312364478419,XLY,一般消費財・サービス,growth,Improving,6.0,2.0,-1.0
2025-12-10,118.99658966064453,0.6235230968401372,0.6238598350430521,99.20791155862159,100.22882155147165,XLY,一般消費財・サービス,growth,Improving,5.0,0.0,-4.0
2025-12-11,119.46379089355469,0.6209563905690706,0.6228920202183916,99.1101974423212,100.07026665371204,XLY,一般消費財・サービス,growth,Improving,5.0,1.0,-2.0
2025-12-12,119.98068237304688,0.6278993330082727,0.6245611244816853,99.33819132683425,100.19968269774814,XLY,一般消費財・サービス,growth,Improving,6.0,-1.0,-7.0
2025-12-15,121.00454711914062,0.6324728041975599,0.6271983510536436,99.68604005863803,100.75060148399247,XLY,一般消費財・サービス,growth,Improving,7.0,1.0,-2.0
2025-12-16,121.20336151123047,0.6379926146209622,0.6307964389094165,100.16343389003677,101.32415982357507,XLY,一般消費財・サービス,growth,Leading,9.0,3.0,1.0
2025-12-17,119.80176544189453,0.6323247969433196,0.6313058915873841,100.25444583715459,101.40791514398893,XLY,一般消費財・サービス,growth,Leading,9.0,4.0,4.0
2025-12-18,121.61090850830078,0.6405043111263127,0.6343720314336937,100.68420242762036,101.91460926604401,XLY,一般消費財・サービス,growth,Leading,9.0,4.0,3.0
2025-12-19,121.12383270263672,0.6356236633177929,0.6347892420617268,100.76890850523537,101.6902159045604,XLY,一般消費財・サービス,growth,Leading,10.0,4.0,5.0
2025-12-22,121.85191345214844,0.6347396634762317,0.6347727158665618,100.78489939947515,101.29443860635327,XLY,一般消費財・サービス,growth,Leading,9.0,2.0,1.0
2025-12-23,121.68260192871094,0.6353349095758526,0.6349601137696588,100.83049621707767,100.81722683086846,XLY,一般消費財・サービス,growth,Leading,9.0,0.0,-3.0
2025-12-24,122.10092163085938,0.6352162615241019,0.6350454963544732,100.85745817312755,100.727443968928,XLY,一般消費財・サービス,growth,Leading,9.0,0.0,-4.0
2025-12-26,121.56307983398438,0.6322550334132373,0.634115342040728,100.74647408641478,100.15122910234575,XLY,一般消費財・サービス,growth,Leading,9.0,0.0,-4.0
2025-12-29,120.36786651611328,0.6270738498335101,0.6317681779716554,100.43843825128972,99.73582220890376,XLY,一般消費財・サービス,growth,Weakening,8.0,-2.0,-6.0
2025-12-30,119.87981414794922,0.6255333373886668,0.6296898977773259,100.16072129828362,99.43217876795764,XLY,一般消費財・サービス,growth,Weakening,7.0,-2.0,-4.0
2025-12-31,118.9336166381836,0.6259416207388607,0.6284404720978376,100.00047380703037,99.22666325585404,XLY,一般消費財・サービス,growth,Weakening,7.0,-2.0,-2.0
2026-01-02,117.87783813476562,0.6162032365250545,0.6243613935735766,99.4180466078423,98.62773418235697,XLY,一般消費財・サービス,growth,Lagging,5.0,-4.0,-4.0
2026-01-05,119.82006072998047,0.6205962713932083,0.6231063528467872,99.25366358293456,98.60437833052606,XLY,一般消費財・サービス,growth,Lagging,5.0,-4.0,-4.0
2026-01-06,120.58698272705078,0.6171180059909604,0.6211102372281783,98.98717754847111,98.67353780423308,XLY,一般消費財・サービス,growth,Lagging,5.0,-3.0,-1.0
2026-01-07,120.41767120361328,0.6232432593796751,0.6218212446120106,99.11540290694022,99.08633733482056,XLY,一般消費財・サービス,growth,Lagging,6.0,-1.0,1.0
2026-01-08,122.42960357666016,0.6282699643203299,0.623970817848117,99.44114371362922,99.56376073126701,XLY,一般消費財・サービス,growth,Lagging,6.0,-1.0,1.0
2026-01-09,123.91366577148438,0.6322171578073055,0.6267195978345133,99.84485804151545,100.5342814624958,XLY,一般消費財・サービス,growth,Improving,6.0,1.0,5.0
2026-01-12,124.02322387695312,0.632200234835413,0.6285464768348132,100.1051857406369,100.93264741322336,XLY,一般消費財・サービス,growth,Leading,6.0,1.0,5.0
2026-01-13,123.71446228027344,0.6306263428833483,0.6292397655176583,100.20055927360617,101.252989320211,XLY,一般消費財・サービス,growth,Leading,7.0,2.0,5.0
2026-01-14,121.76228332519531,0.6178636623232466,0.6254477311195211,99.64248910742563,100.55815799232084,XLY,一般消費財・サービス,growth,Improving,6.0,0.0,1.0
2026-01-15,122.21048736572266,0.617403346326844,0.6227662695219621,99.25672932218978,99.85402414441627,XLY,一般消費財・サービス,growth,Lagging,6.0,0.0,1.0
2026-01-16,121.81208801269531,0.6169673583904317,0.6208332991447854,98.99116831639972,99.20670001773682,XLY,一般消費財・サービス,growth,Lagging,5.0,-1.0,-2.0
2026-01-20,118.644775390625,0.6100274161109762,0.6172313381335157,98.51327961524711,98.53166201606514,XLY,一般消費財・サービス,growth,Lagging,4.0,-2.0,-3.0
2026-01-21,120.9156723022461,0.6113521538235077,0.6152716100301797,98.29822906188978,98.30047047434783,XLY,一般消費財・サービス,growth,Lagging,4.0,-3.0,-5.0
2026-01-22,122.13080596923828,0.6166917959671845,0.6157450053425146,98.42389842705983,98.97313240138101,XLY,一般消費財・サービス,growth,Lagging,4.0,-2.0,-2.0
2026-01-23,122.63876342773438,0.6220294235307602,0.6178398114052632,98.749272349013,99.64746411540351,XLY,一般消費財・サービス,growth,Lagging,5.0,-1.0,-1.0
2026-01-26,121.83200073242188,0.6164797601403135,0.6173864609836133,98.72821814628281,99.8817936304966,XLY,一般消費財・サービス,growth,Lagging,5.0,0.0,1.0
2026-01-27,122.20052337646484,0.6193081749187773,0.6180270322953347,98.8459529143608,100.43286024720675,XLY,一般消費財・サービス,growth,Improving,6.0,2.0,4.0
2026-01-28,121.28419494628906,0.6167414372557878,0.6175985006154858,98.8253416622633,100.60662140601801,XLY,一般消費財・サービス,growth,Improving,4.0,0.0,3.0
2026-01-29,120.70651245117188,0.6129999392472611,0.6160656468260777,98.67222984394596,100.34687939615485,XLY,一般消費財・サービス,growth,Improving,2.0,-2.0,0.0
2026-01-30,120.68658447265625,0.6142601765152763,0.6154638233891438,98.6425716993981,100.02463261370922,XLY,一般消費財・サービス,growth,Improving,2.0,-3.0,-2.0
2026-02-02,121.4833984375,0.6151480656205449,0.615358570799611,98.67599725412553,100.07935824287179,XLY,一般消費財・サービス,growth,Improving,2.0,-3.0,-3.0
2026-02-03,120.5073013305664,0.6118341241982987,0.6141837552658402,98.57672230777837,99.89042921801845,XLY,一般消費財・サービス,growth,Lagging,3.0,-3.0,-5.0
2026-02-04,119.62085723876953,0.6020879649800849,0.6101518251705884,98.12990204533305,99.51270157629943,XLY,一般消費財・サービス,growth,Lagging,2.0,-2.0,-2.0
2026-02-05,117.04119110107422,0.5942661659810247,0.6048566054407338,97.57333902234033,99.15774600150957,XLY,一般消費財・サービス,growth,Lagging,2.0,0.0,2.0
2026-02-06,117.51927185058594,0.5857780482733118,0.5984970863849265,96.97790575384215,98.66385245655981,XLY,一般消費財・サービス,growth,Lagging,1.0,-1.0,2.0
2026-02-09,117.0810317993164,0.5832475719436013,0.5934139149044848,96.67502414404055,98.40551379664032,XLY,一般消費財・サービス,growth,Lagging,1.0,-1.0,2.0
2026-02-10,117.85792541503906,0.5850363389757282,0.5906213895948993,96.6973560966098,98.57262224932978,XLY,一般消費財・サービス,growth,Lagging,1.0,-2.0,1.0
2026-02-11,117.29019165039062,0.5811879772503831,0.5874769188133939,96.70844330801407,99.01904770233531,XLY,一般消費財・サービス,growth,Lagging,1.0,-1.0,1.0
2026-02-12,115.66669464111328,0.5807647432117288,0.5852395269461723,96.80938650015378,99.62437738553088,XLY,一般消費財・サービス,growth,Lagging,1.0,-1.0,-1.0
2026-02-13,115.71649932861328,0.5750577495922476,0.5818456011615308,96.83124867345089,100.17591005240033,XLY,一般消費財・サービス,growth,Improving,1.0,0.0,1.0
2026-02-17,115.57705688476562,0.5753574288744664,0.5796828770658426,96.95813310893932,100.5497672617326,XLY,一般消費財・サービス,growth,Improving,1.0,0.0,1.0
2026-02-18,116.55313873291016,0.5772237345559899,0.5788631628958918,97.15444154740132,100.68681196766659,XLY,一般消費財・サービス,growth,Improving,1.0,0.0,2.0
2026-02-19,115.77625274658203,0.5745899876487022,0.5774387711468286,97.28138544692452,100.76992353956206,XLY,一般消費財・サービス,growth,Improving,1.0,0.0,1.0
2026-02-20,116.98143005371094,0.57786878326149,0.5775821085183824,97.47894152948942,100.84070849492775,XLY,一般消費財・サービス,growth,Improving,1.0,0.0,1.0
2026-02-23,114.53124237060547,0.5720436757668009,0.5757359642678553,97.53551812206577,100.85549000337582,XLY,一般消費財・サービス,growth,Improving,1.0,0.0,0.0
2026-02-24,116.27426147460938,0.5761539126318351,0.575875280389182,97.69037013610543,100.86118001855942,XLY,一般消費財・サービス,growth,Improving,2.0,1.0,1.0
2026-02-25,116.62286376953125,0.5775407195512786,0.5764304267765475,97.84430908606123,100.79195652675931,XLY,一般消費財・サービス,growth,Improving,2.0,1.0,1.0
2026-02-26,116.5830307006836,0.5741004566498255,0.5756537700676402,97.9140515694681,100.7057812605434,XLY,一般消費財・サービス,growth,Improving,1.0,0.0,0.0
2026-02-27,116.39378356933594,0.5724973692306295,0.5746016364553033,97.96566873719837,100.53437084493741,XLY,一般消費財・サービス,growth,Improving,1.0,0.0,0.0
2026-03-02,114.95952606201172,0.5664930390943255,0.5718987706683107,97.93768965244134,100.44114902552185,XLY,一般消費財・サービス,growth,Improving,1.0,0.0,0.0
2026-03-03,113.90375518798828,0.5682621324227696,0.570686557919797,97.98427723965352,100.33373589257829,XLY,一般消費財・サービス,growth,Improving,1.0,-1.0,-2.0
2026-03-04,115.9256591796875,0.5760403929413347,0.572471169593643,98.15915095835196,100.37517154510157,XLY,一般消費財・サービス,growth,Improving,1.0,-1.0,-2.0
2026-03-05,116.08502960205078,0.5835918658657816,0.5761780683510226,98.40060791486839,100.58071029136298,XLY,一般消費財・サービス,growth,Improving,2.0,1.0,1.0
2026-03-06,113.98344421386719,0.5799382254789427,0.5774314540603294,98.515979369564,100.66565378858003,XLY,一般消費財・サービス,growth,Improving,2.0,1.0,1.0
2026-03-09,114.13284301757812,0.5790617413169499,0.5779748831458695,98.59281077218849,100.78970383935096,XLY,一般消費財・サービス,growth,Improving,2.0,1.0,1.0
2026-03-10,113.98344421386719,0.5826729268616294,0.5795408977177895,98.70875760586047,100.87159933948938,XLY,一般消費財・サービス,growth,Improving,2.0,1.0,2.0
2026-03-11,113.68463897705078,0.5830670881512136,0.5807162945289309,98.80174392479721,100.7741999499426,XLY,一般消費財・サービス,growth,Improving,2.0,1.0,2.0
2026-03-12,111.07508850097656,0.5786319235019128,0.5800215041865916,98.8106861705635,100.50981168685817,XLY,一般消費財・サービス,growth,Improving,2.0,0.0,-1.0
2026-03-13,110.417724609375,0.5752371431405917,0.5784267171712583,98.78153877337958,100.34306536757845,XLY,一般消費財・サービス,growth,Improving,2.0,0.0,-1.0
2026-03-16,111.75236511230469,0.577890015040221,0.5782478164609126,98.81342800303152,100.28594458063293,XLY,一般消費財・サービス,growth,Improving,2.0,0.0,-1.0
2026-03-17,112.72846221923828,0.5796965695626702,0.5787307341614985,98.87162257143302,100.21761859270887,XLY,一般消費財・サービス,growth,Improving,3.0,1.0,0.0
2026-03-18,110.12887573242188,0.5738806517842454,0.5771140400357475,98.83995913444978,100.0858844995249,XLY,一般消費財・サービス,growth,Improving,3.0,1.0,0.0
2026-03-19,109.26234436035156,0.5698069101914474,0.5746783300876475,98.77495447078627,100.02099404534428,XLY,一般消費財・サービス,growth,Improving,2.0,0.0,0.0
2026-03-20,107.31016540527344,0.5679701421274276,0.5724422674342409,98.72056723879052,100.01251680613001,XLY,一般消費財・サービス,growth,Improving,2.0,0.0,0.0
2026-03-23,109.90100860595703,0.575547155451705,0.573477230106729,98.80182309759249,100.10057464073672,XLY,一般消費財・サービス,growth,Improving,2.0,0.0,0.0
2026-03-24,109.46187591552734,0.5725604522447101,0.573171637486056,98.8237278172547,100.08784538234244,XLY,一般消費財・サービス,growth,Improving,2.0,-1.0,-2.0
2026-03-25,110.50979614257812,0.5752542125170573,0.5738658291630565,98.88643853972654,100.22607601068911,XLY,一般消費財・サービス,growth,Improving,2.0,-1.0,-2.0
2026-03-26,108.61357116699219,0.5706207053232367,0.57278412121645,98.87110062945922,100.30053137919049,XLY,一般消費財・サービス,growth,Improving,2.0,0.0,0.0
2026-03-27,105.46983337402344,0.5618077702450902,0.56912533755933,98.74395868868537,100.2232560457214,XLY,一般消費財・サービス,growth,Improving,2.0,0.0,0.0
2026-03-30,105.44987487792969,0.5628662349880561,0.567038970035572,98.68721108531918,100.05459995562617,XLY,一般消費財・サービス,growth,Improving,2.0,0.0,0.0
2026-03-31,108.76327514648438,0.568906292575727,0.5676614108822904,98.75042627249312,100.10110777417687,XLY,一般消費財・サービス,growth,Improving,2.0,0.0,1.0
2026-04-01,109.5816421508789,0.5713412122768061,0.568888011347129,98.83913753635554,100.12247375858566,XLY,一般消費財・サービス,growth,Improving,2.0,0.0,1.0
2026-04-02,107.93492126464844,0.5611525008038141,0.5663095078326907,98.75630556544643,100.02388532779275,XLY,一般消費財・サービス,growth,Improving,2.0,0.0,0.0
2026-04-06,108.82315063476562,0.5633487899765184,0.5653226018806333,98.74857977879763,100.14876094466214,XLY,一般消費財・サービス,growth,Improving,2.0,0.0,0.0
2026-04-07,107.55567169189453,0.5580247649533422,0.5628899895715362,98.67655280184348,100.10142266395721,XLY,一般消費財・サービス,growth,Improving,2.0,0.0,0.0
2026-04-08,110.599609375,0.5608604570742952,0.5622134787391226,98.68633220321296,100.0016244305144,XLY,一般消費財・サービス,growth,Improving,2.0,0.0,0.0
2026-04-09,112.51579284667969,0.5702319281191646,0.5648862951991367,98.84526644149112,100.07553475559276,XLY,一般消費財・サービス,growth,Improving,2.0,0.0,0.0
2026-04-10,112.66549682617188,0.5751428091823179,0.5683051331935305,99.03371307593449,100.43272274077648,XLY,一般消費財・サービス,growth,Improving,2.0,0.0,0.0
2026-04-13,113.69344329833984,0.5740268313722391,0.5702123659197667,99.14896833229015,100.60369537015356,XLY,一般消費財・サービス,growth,Improving,3.0,1.0,1.0
2026-04-14,116.20843505859375,0.5842857206425011,0.5749034841606782,99.40096071378932,101.0584385986248,XLY,一般消費財・サービス,growth,Improving,3.0,1.0,1.0
2026-04-15,117.94497680664062,0.5928090541857172,0.5808720075023579,99.72930709972202,101.51399572316868,XLY,一般消費財・サービス,growth,Improving,3.0,1.0,1.0
2026-04-16,117.39606475830078,0.587373961859205,0.5830393256213069,99.87310446647838,101.46307342450774,XLY,一般消費財・サービス,growth,Improving,3.0,1.0,1.0
2026-04-17,120.17053985595703,0.5937976822465083,0.5866254444963741,100.1015793221697,101.46495132309192,XLY,一般消費財・サービス,growth,Leading,5.0,3.0,3.0
2026-04-20,119.6316146850586,0.589278301497868,0.5875097301635388,100.18700964614168,101.37688572190369,XLY,一般消費財・サービス,growth,Leading,6.0,3.0,2.0
2026-04-21,118.73340606689453,0.5884632484634663,0.587827569596848,100.23963321838004,101.08846756619077,XLY,一般消費財・サービス,growth,Leading,9.0,6.0,5.0
2026-04-22,118.6934814453125,0.5885269009825129,0.5880606800587364,100.28761252000434,100.6847391369791,XLY,一般消費財・サービス,growth,Leading,9.0,6.0,5.0
2026-04-23,117.50584411621094,0.582666935420046,0.586262765179173,100.21276898358707,100.33524121932321,XLY,一般消費財・サービス,growth,Leading,9.0,6.0,5.0
2026-04-24,118.45396423339844,0.5885893861769351,0.5870383055117604,100.30553122233735,100.11195837687362,XLY,一般消費財・サービス,growth,Leading,9.0,4.0,1.0
2026-04-27,117.60564422607422,0.5850691741467771,0.5863819283900993,100.3082855241475,99.97553329736411,XLY,一般消費財・サービス,growth,Weakening,9.0,3.0,0.0
2026-04-28,116.77730560302734,0.5839288952926196,0.5855642506909394,100.30307431280912,99.892949963767,XLY,一般消費財・サービス,growth,Weakening,9.0,0.0,-6.0
2026-04-29,116.60763549804688,0.5840987370179971,0.585075746133292,100.32398698225286,99.86283860622501,XLY,一般消費財・サービス,growth,Weakening,9.0,0.0,-6.0
2026-04-30,118.11463165283203,0.5828355310122746,0.5843290077596196,100.32537912091426,99.98402477067329,XLY,一般消費財・サービス,growth,Weakening,9.0,0.0,-6.0
2026-05-01,118.39407348632812,0.5860003369904068,0.5848861175032154,100.44276483480859,100.01613271395402,XLY,一般消費財・サービス,growth,Leading,9.0,0.0,-4.0
2026-05-04,117.48589324951172,0.584908200954762,0.584893478653731,100.53061160048526,100.14118003329378,XLY,一般消費財・サービス,growth,Leading,9.0,0.0,-3.0
2026-05-05,117.83518981933594,0.5820288311439302,0.5839385961504641,100.53598368671032,100.14566120991213,XLY,一般消費財・サービス,growth,Leading,9.0,0.0,0.0
2026-05-06,119.6316146850586,0.586257851302951,0.5847116812012931,100.73022973219778,100.39271080957681,XLY,一般消費財・サービス,growth,Leading,9.0,0.0,0.0
2026-05-07,119.64159393310547,0.5900803191755164,0.5865012271927009,101.05538571725438,100.87954480644277,XLY,一般消費財・サービス,growth,Leading,9.0,0.0,0.0
2026-05-08,119.96095275878906,0.5900319986887113,0.5876781510247044,101.2839748222888,101.06686865850664,XLY,一般消費財・サービス,growth,Leading,10.0,1.0,1.0
2026-05-11,119.13261413574219,0.5862737537372021,0.587210018595537,101.26259723514528,100.91647195067797,XLY,一般消費財・サービス,growth,Leading,9.0,0.0,0.0
2026-05-12,118.05475616455078,0.5814825570711599,0.585300864754078,101.02956787076143,100.4405718720625,XLY,一般消費財・サービス,growth,Leading,9.0,0.0,0.0
2026-05-13,118.48390197753906,0.5861559608435283,0.5855858967838948,101.07892143758835,100.03893290728638,XLY,一般消費財・サービス,growth,Leading,9.0,0.0,0.0
2026-05-14,118.43399810791016,0.583780155060659,0.5849839828761496,100.99589596216252,98.80154187712367,XLY,一般消費財・サービス,growth,Weakening,10.0,1.0,1.0
2026-05-15,116.29825592041016,0.579225322142169,0.5830644292981562,100.72331949409838,97.44086545208535,XLY,一般消費財・サービス,growth,Weakening,10.0,0.0,-1.0
2026-05-18,116.08867645263672,0.5746462818972452,0.5802583801645191,100.32996966457434,96.75840231896335,XLY,一般消費財・サービス,growth,Weakening,10.0,1.0,1.0
2026-05-19,114.80123901367188,0.571599252506744,0.5773720042785941,99.93024902529694,96.72093774216066,XLY,一般消費財・サービス,growth,Lagging,8.0,-1.0,-1.0
2026-05-20,117.70545196533203,0.5797051463442879,0.5781497183004921,100.03727616460064,97.1234204140953,XLY,一般消費財・サービス,growth,Weakening,8.0,-1.0,-1.0
2026-05-21,118.46393585205078,0.5809326076788152,0.5790773480932665,100.16346776522491,97.72302208565756,XLY,一般消費財・サービス,growth,Weakening,8.0,-2.0,-3.0
2026-05-22,118.94298553466797,0.5780018578994613,0.5787188513619982,100.1068754861956,98.25488158121414,XLY,一般消費財・サービス,growth,Weakening,9.0,-1.0,-1.0
2026-05-26,119.21244812011719,0.5763539366383783,0.5779305464541249,99.99217893621508,98.86979896540488,XLY,一般消費財・サービス,growth,Lagging,9.0,-1.0,-2.0
2026-05-27,121.30827331542969,0.5869105450136376,0.5809238793072958,100.40032103957995,100.55378632942818,XLY,一般消費財・サービス,growth,Leading,10.0,2.0,3.0
2026-05-28,121.81725311279297,0.5872221937399914,0.5830233174515278,100.67531223306608,100.90341998182015,XLY,一般消費財・サービス,growth,Leading,10.0,2.0,3.0
2026-05-29,120.62963104248047,0.5798822130134155,0.5819762826388237,100.5131092758571,100.30780781536016,XLY,一般消費財・サービス,growth,Leading,10.0,2.0,4.0
2026-06-01,117.9549560546875,0.5659947694713965,0.5766491115830147,99.7592698323064,98.88701498738493,XLY,一般消費財・サービス,growth,Lagging,10.0,1.0,2.0
2026-06-02,117.35614776611328,0.5608962449671191,0.5713981560443828,99.02035122014354,97.7374214826804,XLY,一般消費財・サービス,growth,Lagging,10.0,1.0,2.0
2026-06-03,116.49786376953125,0.5588962164207119,0.5672308428364925,98.46865428327776,96.37224743579137,XLY,一般消費財・サービス,growth,Lagging,8.0,-2.0,-4.0
2026-06-04,117.02680969238281,0.557226349316762,0.563896011663249,98.09227924501316,95.97243065264037,XLY,一般消費財・サービス,growth,Lagging,7.0,-3.0,-5.0
2026-06-05,114.63157653808594,0.5537002235144646,0.5604974156136542,97.76877921236178,96.2946470531527,XLY,一般消費財・サービス,growth,Lagging,2.0,-8.0,-10.0
2026-06-08,115.1605224609375,0.5568446502765829,0.5592798271679638,97.74984806281155,97.46182556761322,XLY,一般消費財・サービス,growth,Lagging,2.0,-8.0,-9.0
2026-06-09,115.63957214355469,0.5549377014915953,0.5578324519425076,97.71696119710435,98.42024218926478,XLY,一般消費財・サービス,growth,Lagging,2.0,-8.0,-9.0
2026-06-10,113.26429748535156,0.550539634069234,0.5554015126514165,97.59660361821909,98.99246852573125,XLY,一般消費財・サービス,growth,Lagging,2.0,-6.0,-4.0
2026-06-11,116.06871795654297,0.5555100380518866,0.5554376877849065,97.7425841048722,99.65898464511376,XLY,一般消費財・サービス,growth,Lagging,2.0,-5.0,-2.0
2026-06-12,116.36811828613281,0.5519432578985166,0.5542728778227766,97.7562317906817,100.08634998210478,XLY,一般消費財・サービス,growth,Improving,2.0,0.0,8.0
2026-06-15,118.33419799804688,0.5580255473617451,0.5555237676690994,97.9915215490053,100.4043146501401,XLY,一般消費財・サービス,growth,Improving,2.0,0.0,8.0
2026-06-16,118.22441864013672,0.5593735312570166,0.5568070221984052,98.20242604997412,100.70093621214279,XLY,一般消費財・サービス,growth,Improving,2.0,0.0,8.0
2026-06-17,115.26032257080078,0.5536470766729724,0.555753707023261,98.18373179560771,100.81267264827208,XLY,一般消費財・サービス,growth,Improving,2.0,0.0,6.0
2026-06-18,116.92700958251953,0.5590581136227092,0.5568551758897438,98.35250202227125,100.82363947025836,XLY,一般消費財・サービス,growth,Improving,3.0,1.0,6.0
2026-06-22,114.94000244140625,0.548351710828295,0.5540206875359276,98.16937946324576,100.56983755296179,XLY,一般消費財・サービス,growth,Improving,2.0,0.0,0.0
2026-06-23,113.76000213623047,0.5445928597281994,0.5508780782666849,97.98922129600608,100.05799627034749,XLY,一般消費財・サービス,growth,Improving,2.0,0.0,0.0
2026-06-24,115.06999969482422,0.5469626248888121,0.5495729271407273,97.97950087119287,99.7897786664286,XLY,一般消費財・サービス,growth,Lagging,2.0,0.0,0.0
2026-06-25,113.3499984741211,0.5353010553677502,0.544815636549735,97.72254061107645,99.50728747219172,XLY,一般消費財・サービス,growth,Lagging,2.0,0.0,0.0
2026-06-26,114.37000274658203,0.5438162905913105,0.5444825212302602,97.82180701360403,99.43541545543084,XLY,一般消費財・サービス,growth,Lagging,2.0,-1.0,-2.0
2026-06-29,117.12000274658203,0.5497301153200603,0.5462317192601935,98.04734517944664,99.93925041124321,XLY,一般消費財・サービス,growth,Lagging,2.0,0.0,0.0
2026-06-30,117.27999877929688,0.551205510289481,0.5478896496032895,98.23807079354681,100.38644279172811,XLY,一般消費財・サービス,growth,Improving,3.0,1.0,1.0
2026-07-01,118.08999633789062,0.553347988901503,0.5497090960360274,98.42312204756816,100.61301603715711,XLY,一般消費財・サービス,growth,Improving,6.0,4.0,4.0
2026-07-02,117.12000274658203,0.5449723174856163,0.548130169852557,98.37002011746982,100.84346808997687,XLY,一般消費財・サービス,growth,Improving,4.0,2.0,2.0
2026-07-06,118.01000213623047,0.5488837308661882,0.5483813568571008,98.4379480354978,100.78736416251719,XLY,一般消費財・サービス,growth,Improving,5.0,3.0,4.0
2026-07-07,117.38999938964844,0.5466865446157749,0.5478164194433255,98.4477747037447,100.51815658947,XLY,一般消費財・サービス,growth,Improving,4.0,2.0,2.0
2026-07-08,115.30000305175781,0.5433553473607292,0.5463293954157934,98.39646437973734,100.22319529007373,XLY,一般消費財・サービス,growth,Improving,4.0,1.0,0.0
2026-07-09,116.8499984741211,0.5473067844221129,0.5466551917512332,98.46102966108963,100.07612361119045,XLY,一般消費財・サービス,growth,Improving,4.0,-2.0,-6.0
2026-07-10,117.23999786376953,0.5470835100056144,0.5467979645026937,98.51490828477178,100.20225403424215,XLY,一般消費財・サービス,growth,Improving,5.0,1.0,-1.0
2026-07-13,116.04000091552734,0.5416608468923687,0.5450855919659188,98.4599536232901,100.05924368907715,XLY,一般消費財・サービス,growth,Improving,3.0,-2.0,-5.0
2026-07-14,115.9000015258789,0.5429843203698081,0.5443851681005486,98.47190411262642,100.06914979859562,XLY,一般消費財・サービス,growth,Improving,3.0,-1.0,-3.0
2026-07-15,117.0,0.5493731479991477,0.5460478280667483,98.62242077790037,100.32444133922571,XLY,一般消費財・サービス,growth,Improving,4.0,0.0,-1.0
2026-07-16,117.33999633789062,0.5456151663254855,0.5459036074863274,98.661459880892,100.31391955966735,XLY,一般消費財・サービス,growth,Improving,2.0,-2.0,0.0
2026-07-17,115.44000244140625,0.5410320339464978,0.5442797496397176,98.61458871630066,100.21097907042962,XLY,一般消費財・サービス,growth,Improving,2.0,-3.0,-4.0
2026-07-20,114.61000061035156,0.5395443065544049,0.54270126861128,98.57194304447725,100.24935938364827,XLY,一般消費財・サービス,growth,Improving,2.0,-1.0,1.0
2026-07-21,114.87000274658203,0.5399041441641478,0.5417688937955693,98.5671028766331,100.25113202529613,XLY,一般消費財・サービス,growth,Improving,2.0,-1.0,0.0
2026-07-22,114.0199966430664,0.5360601705641383,0.539865986051759,98.5084184962198,100.00051822821501,XLY,一般消費財・サービス,growth,Improving,1.0,-3.0,-3.0
2026-07-23,108.76000213623047,0.5132125475460113,0.5309815065498431,98.0773419962863,99.40765005650702,XLY,一般消費財・サービス,growth,Lagging,1.0,-1.0,1.0
2026-07-24,109.41000366210938,0.5122910516925488,0.524751354930745,97.8365800310719,99.17857112405066,XLY,一般消費財・サービス,growth,Lagging,1.0,-1.0,2.0
2026-07-27,110.83999633789062,0.5151036346808362,0.5215354481807755,97.7787233246793,99.18244503196,XLY,一般消費財・サービス,growth,Lagging,1.0,-1.0,0.0
2026-07-28,112.4800033569336,0.5166980664957679,0.5199229876191063,97.80899779811602,99.24904637694316,XLY,一般消費財・サービス,growth,Lagging,1.0,-1.0,0.0
2026-07-29,111.61000061035156,0.517359675616514,0.5190685502849088,97.87384584187294,99.42501546002833,XLY,一般消費財・サービス,growth,Lagging,1.0,0.0,3.0
2026-07-30,112.38999938964844,0.5218218815195934,0.5199863273631371,98.0144423417935,100.16840835376517,XLY,一般消費財・サービス,growth,Improving,1.0,0.0,1.0
2026-07-31,116.08999633789062,0.5399283721864367,0.5266336756375704,98.40808333935092,100.97553032910741,XLY,一般消費財・サービス,growth,Improving,2.0,1.0,2.0
2026-08-03,118.20999908447266,0.5444705391375534,0.5325792968042313,98.74459841378003,101.44362063236278,XLY,一般消費財・サービス,growth,Improving,4.0,3.0,4.0
2026-08-04,118.29000091552734,0.5371202979174174,0.53409296384196,98.85537778604389,101.50363302016996,XLY,一般消費財・サービス,growth,Improving,5.0,4.0,5.0
2024-08-05,80.39794158935547,0.5101939846224085,0.5101939846224085,,,XLC,通信サービス,growth,,,,
2024-08-06,81.34540557861328,0.5109659634460217,0.5104513108969463,,,XLC,通信サービス,growth,,,,
2024-08-07,80.91564178466797,0.5118760069658314,0.5109262095865746,,,XLC,通信サービス,growth,,,,
2024-08-08,82.52729797363281,0.5127789205502601,0.5115437799078031,,,XLC,通信サービス,growth,,,,
2024-08-09,83.23058319091797,0.5160626965238663,0.5130500854464908,,,XLC,通信サービス,growth,,,,
2024-08-12,82.65428161621094,0.514961392851938,0.5136871879149731,,,XLC,通信サービス,growth,,,,
2024-08-13,83.7287368774414,0.5157777959502875,0.514384057260078,,,XLC,通信サービス,growth,,,,
2024-08-14,83.25011444091797,0.5117616320003662,0.5135099155068408,,,XLC,通信サービス,growth,,,,
2024-08-15,84.00222778320312,0.5094745929025764,0.512164807972086,,,XLC,通信サービス,growth,,,,
2024-08-16,84.25618743896484,0.5097880393704081,0.5113725517715266,,,XLC,通信サービス,growth,,,,
2024-08-19,85.21340942382812,0.511684629310927,0.5114765776179935,,,XLC,通信サービス,growth,,,,
2024-08-20,85.1548080444336,0.5133613929284669,0.5121048493881513,,,XLC,通信サービス,growth,,,,
2024-08-21,85.5162124633789,0.5119558108051323,0.5120551698604783,,,XLC,通信サービス,growth,,,,
2024-08-22,84.8715591430664,0.5095429676077489,0.5112177691095685,,,XLC,通信サービス,growth,,,,
2024-08-23,85.4673843383789,0.5066731404525077,0.5097028928905483,,,XLC,通信サービス,growth,,,,
2024-08-26,85.66272735595703,0.5079185273708648,0.5091081043839871,,,XLC,通信サービス,growth,,,,
2024-08-27,85.4673843383789,0.5065278008379807,0.508248003201985,,,XLC,通信サービス,growth,,,,
2024-08-28,84.9008560180664,0.5045593004224231,0.5070184356087978,,,XLC,通信サービス,growth,,,,
2024-08-29,84.72503662109375,0.501639067305881,0.5052253128411589,,,XLC,通信サービス,growth,,,,
2024-08-30,85.29155731201172,0.5011169566280336,0.5038558607701171,,,XLC,通信サービス,growth,,,,
2024-09-03,83.7287368774414,0.4983387185160254,0.5020168133520866,,,XLC,通信サービス,growth,,,,
2024-09-04,83.3282470703125,0.4966702809638587,0.500234635889344,,,XLC,通信サービス,growth,,,,
2024-09-05,83.57244110107422,0.5011902001410323,0.5005531573065735,,,XLC,通信サービス,growth,,,,
2024-09-06,81.82402801513672,0.4960308610290753,0.4990457252140741,,,XLC,通信サービス,growth,,,,
2024-09-09,82.1756591796875,0.49338639765239767,0.49715928269351534,,,XLC,通信サービス,growth,,,,
2024-09-10,82.1561279296875,0.49298260858179777,0.4957670579896095,,,XLC,通信サービス,growth,,,,
2024-09-11,82.49800109863281,0.49480416135667366,0.4954460924452976,,,XLC,通信サービス,growth,,,,
2024-09-12,84.04129791259766,0.5009491941899784,0.4972804596935246,,,XLC,通信サービス,growth,,,,
2024-09-13,84.85201263427734,0.5009843357639021,0.4985150850503171,,,XLC,通信サービス,growth,,,,
2024-09-16,85.74088287353516,0.5025852785494641,0.4998718162166995,,,XLC,通信サービス,growth,,,,
2024-09-17,85.74088287353516,0.5018450624462407,0.50052956495988,,,XLC,通信サービス,growth,,,,
2024-09-18,85.67250061035156,0.5023838171550548,0.5011476490249382,,,XLC,通信サービス,growth,,,,
2024-09-19,86.83485412597656,0.5038245381674726,0.5020399454057831,,,XLC,通信サービス,growth,,,,
2024-09-20,86.83485412597656,0.5056701647432903,0.5032500185182855,,,XLC,通信サービス,growth,,,,
2024-09-23,87.02983856201172,0.5042238877076549,0.5035746415814086,,,XLC,通信サービス,growth,,,,
2024-09-24,87.44131469726562,0.5058674956559629,0.5043389262729268,,,XLC,通信サービス,growth,,,,
2024-09-25,87.16699981689453,0.5074177936446295,0.5053652153968278,,,XLC,通信サービス,growth,,,,
2024-09-26,87.6568603515625,0.5060335864699254,0.505588005754527,,,XLC,通信サービス,growth,,,,
2024-09-27,88.18592071533203,0.5072669301531916,0.5061476472207486,,,XLC,通信サービス,growth,,,,
2024-09-30,88.5680160522461,0.5088107976287027,0.5070353640234,,,XLC,通信サービス,growth,,,,
2024-10-01,88.6365966796875,0.5119192503855993,0.5086633261441331,,,XLC,通信サービス,growth,,,,
2024-10-02,88.36227416992188,0.5108794939082563,0.5094020487321742,,,XLC,通信サービス,growth,,,,
2024-10-03,88.05854034423828,0.5115372342264324,0.5101137772302603,,,XLC,通信サービス,growth,,,,
2024-10-04,89.03828430175781,0.5132023634766638,0.5111433059790615,,,XLC,通信サービス,growth,,,,
2024-10-07,87.84300994873047,0.5102852054966942,0.5108572724849392,,,XLC,通信サービス,growth,,,,
2024-10-08,88.61698913574219,0.5135638132066904,0.5117594527255229,,,XLC,通信サービス,growth,,,,
2024-10-09,88.64639282226562,0.5102293003162799,0.511249401922442,,,XLC,通信サービス,growth,,,,
2024-10-10,87.98997497558594,0.5083557875444474,0.5102848637964438,,,XLC,通信サービス,growth,,,,
2024-10-11,88.59739685058594,0.5068859280361048,0.5091518852096641,,,XLC,通信サービス,growth,,,,
2024-10-14,89.00889587402344,0.5055309716298676,0.5079449140163986,,,XLC,通信サービス,growth,,,,
2024-10-15,89.20482635498047,0.5089465914598257,0.508278806497541,,,XLC,通信サービス,growth,,,,
2024-10-16,89.14604187011719,0.5051947346693759,0.5072507825548194,,,XLC,通信サービス,growth,,,,
2024-10-17,88.72476196289062,0.503611487193416,0.5060376841010183,,,XLC,通信サービス,growth,,,,
2024-10-18,89.38118743896484,0.5058310564820316,0.5059688082280228,,,XLC,通信サービス,growth,,,,
2024-10-21,89.02849578857422,0.5081659158584406,0.5067011774381621,,,XLC,通信サービス,growth,,,,
2024-10-22,89.15584564208984,0.5111891461542163,0.5081971670101803,,,XLC,通信サービス,growth,,,,
2024-10-23,88.47982788085938,0.5089859244041949,0.5084600861415185,,,XLC,通信サービス,growth,,,,
2024-10-24,88.78355407714844,0.5106189706723923,0.5091797143184764,,,XLC,通信サービス,growth,,,,
2024-10-25,89.00889587402344,0.5143580214212125,0.5109058166860552,,,XLC,通信サービス,growth,,,,
2024-10-28,89.57713317871094,0.5147228650322277,0.5121781661347794,,,XLC,通信サービス,growth,,,,
2024-10-29,90.41971588134766,0.5211356088744238,0.5151639803813276,,,XLC,通信サービス,growth,,,,
2024-10-30,90.96835327148438,0.5254451744323684,0.5185910450650079,,,XLC,通信サービス,growth,,,,
2024-10-31,90.1747817993164,0.5264750928773235,0.5212190610024464,102.51638302432201,,XLC,通信サービス,growth,,11.0,,
2024-11-01,90.5274887084961,0.5282047513066654,0.5235476244371862,102.7280679817022,,XLC,通信サービス,growth,,11.0,,
2024-11-04,90.22376251220703,0.52580660106472,0.5243006166463642,102.65675221834964,,XLC,通信サービス,growth,,11.0,,
2024-11-05,91.22309875488281,0.525501109122227,0.5247007808049852,102.54458224413831,,XLC,通信サービス,growth,,11.0,,
2024-11-06,93.46668243408203,0.5259730780905392,0.5251248799001699,102.45186635054567,,XLC,通信サービス,growth,,11.0,,
2024-11-07,94.69136047363281,0.5323409707082175,0.5275302435028525,102.62030952540528,,XLC,通信サービス,growth,,11.0,0.0,
2024-11-08,94.23088073730469,0.5268170601811213,0.5272925157289421,102.43933353887722,,XLC,通信サービス,growth,,11.0,0.0,
2024-11-11,94.75994110107422,0.5271406420548934,0.5272418911709259,102.30835837055534,,XLC,通信サービス,growth,,9.0,-2.0,
2024-11-12,95.1910171508789,0.5336051836980791,0.529362988679977,102.42609715519015,,XLC,通信サービス,growth,,9.0,-2.0,
2024-11-13,95.23020935058594,0.5335343167930187,0.5307534313843243,102.43363419549391,,XLC,通信サービス,growth,,9.0,-2.0,
2024-11-14,95.12244415283203,0.5372292220827478,0.5329120282837988,102.50403657888742,,XLC,通信サービス,growth,,9.0,-2.0,-2.0
2024-11-15,93.22175598144531,0.5302773935553399,0.5320338167076458,102.27077331779628,,XLC,通信サービス,growth,,9.0,-2.0,-2.0
2024-11-18,94.1427001953125,0.5333641781439965,0.5324772705197628,102.19219827251764,,XLC,通信サービス,growth,,9.0,0.0,2.0
2024-11-19,94.75994110107422,0.5383130817571464,0.5344225409322241,102.25203867051918,,XLC,通信サービス,growth,,9.0,0.0,2.0
2024-11-20,95.36736297607422,0.539945872331132,0.5362636513985267,102.28588554509838,,XLC,通信サービス,growth,,10.0,1.0,3.0
2024-11-21,95.12244415283203,0.5318593769716149,0.5347955599228895,102.0415513220157,,XLC,通信サービス,growth,,9.0,0.0,2.0
2024-11-22,94.91669464111328,0.5265612719153264,0.5320507972537019,101.72346124609666,,XLC,通信サービス,growth,,8.0,-1.0,1.0
2024-11-25,95.40657043457031,0.5245291702299045,0.5295435882457694,101.45311561002337,,XLC,通信サービス,growth,,8.0,-1.0,-1.0
2024-11-26,95.7592544555664,0.5264119946886369,0.5284997237267253,101.31855986678018,,XLC,通信サービス,growth,,9.0,0.0,0.0
2024-11-27,95.88663482666016,0.5276194254480422,0.5282062909671643,101.25115048012792,,XLC,通信サービス,growth,,9.0,-1.0,-2.0
2024-11-29,96.40589141845703,0.5288650772451683,0.5284258863931657,101.22763463046654,,XLC,通信サービス,growth,,9.0,0.0,0.0
2024-12-02,97.19947052001953,0.5345575808770298,0.5304697845544537,101.34857390298217,,XLC,通信サービス,growth,,9.0,1.0,2.0
2024-12-03,97.98326873779297,0.5412685534914575,0.5340693742001217,101.58259388697466,,XLC,通信サービス,growth,,10.0,2.0,3.0
2024-12-04,98.2085952758789,0.5424841958728981,0.5368743147577139,101.73726669359473,,XLC,通信サービス,growth,,10.0,1.0,1.0
2024-12-05,97.98326873779297,0.5439545182590322,0.5392343825914867,101.84660248823737,,XLC,通信サービス,growth,,10.0,1.0,2.0
2024-12-06,98.8846206665039,0.5495809049691406,0.542683223384038,102.02613638578919,,XLC,通信サービス,growth,,10.0,1.0,1.0
2024-12-09,96.77818298339844,0.5400903134487572,0.5418189200722777,101.88650561442019,,XLC,通信サービス,growth,,10.0,1.0,0.0
2024-12-10,98.2967758178711,0.5519467500615823,0.5451948634020459,102.05838903486041,,XLC,通信サービス,growth,,10.0,0.0,-2.0
2024-12-11,99.90354919433594,0.5604492408021162,0.5502796558687361,102.31925931323794,,XLC,通信サービス,growth,,10.0,0.0,-1.0
2024-12-12,100.08970642089844,0.563551539893726,0.5547036172103994,102.49124503359178,,XLC,通信サービス,growth,,10.0,0.0,-1.0
2024-12-13,98.89442443847656,0.5587778755466305,0.5560617033224765,102.43853557160816,,XLC,通信サービス,growth,,10.0,0.0,-1.0
2024-12-16,99.2765121459961,0.5627904319358289,0.5583046128602607,102.44148385742676,,XLC,通信サービス,growth,,9.0,-1.0,-2.0
2024-12-17,98.53190612792969,0.5630036769600565,0.5598709675601926,102.39976406680935,,XLC,通信サービス,growth,,9.0,-1.0,-1.0
2024-12-18,95.7200698852539,0.5636142933589023,0.5611187428264293,102.34154458976613,,XLC,通信サービス,growth,,9.0,-1.0,-1.0
2024-12-19,95.45555114746094,0.5639279390279663,0.562055141560275,102.26996399951972,,XLC,通信サービス,growth,,9.0,-1.0,-1.0
2024-12-20,95.97480010986328,0.5591643122954186,0.5610915318053229,102.10437102867262,,XLC,通信サービス,growth,,9.0,-1.0,-1.0
2024-12-23,96.49934387207031,0.5614549149691812,0.561212659526609,102.0139090983365,,XLC,通信サービス,growth,,9.0,0.0,1.0
2024-12-24,97.4128646850586,0.5625257899421274,0.5616503696651152,101.94782291502285,,XLC,通信サービス,growth,,9.0,0.0,1.0
2024-12-26,97.28517150878906,0.5608726369220979,0.5613911254174427,101.85194225876629,,XLC,通信サービス,growth,,9.0,0.0,1.0
2024-12-27,96.42076873779297,0.559695887978476,0.5608260462711205,101.74859592486429,,XLC,通信サービス,growth,,9.0,0.0,1.0
2024-12-30,95.40901184082031,0.5594590268384826,0.5603703731269079,101.65854563124924,,XLC,通信サービス,growth,,9.0,0.0,1.0
2024-12-31,95.09467315673828,0.5565975226546385,0.5591127563028181,101.53352761908275,,XLC,通信サービス,growth,,9.0,0.0,0.0
2025-01-02,95.55635833740234,0.5609323826547558,0.5597192984201307,101.51026658279626,,XLC,通信サービス,growth,,10.0,1.0,1.0
2025-01-03,96.1457290649414,0.5592705454493168,0.5595697140965261,101.45030235492499,,XLC,通信サービス,growth,,10.0,1.0,1.0
2025-01-06,97.18695068359375,0.5657122580948867,0.5616172287626463,101.50258264296806,,XLC,通信サービス,growth,,10.0,1.0,1.0
2025-01-07,96.10643005371094,0.5613021568462147,0.5615122047905025,101.44566037025096,,XLC,通信サービス,growth,,10.0,1.0,1.0
2025-01-08,95.53671264648438,0.5573082974135533,0.5601109023315194,101.32786955383376,,XLC,通信サービス,growth,,10.0,1.0,1.0
2025-01-10,94.11239624023438,0.5571435875394953,0.5591217974008447,101.2365090347981,,XLC,通信サービス,growth,,10.0,0.0,-1.0
2025-01-13,94.15169525146484,0.5528449810371631,0.5570295252796176,101.0943789657938,,XLC,通信サービス,growth,,11.0,1.0,0.0
2025-01-14,93.83736419677734,0.5465869763574138,0.553548675638883,100.88596415290205,,XLC,通信サービス,growth,,9.0,-1.0,-2.0
2025-01-15,95.3795394897461,0.5502882924521035,0.5524618812432899,100.80290446311906,,XLC,通信サービス,growth,,8.0,-2.0,-3.0
2025-01-16,94.83930206298828,0.5428958762844275,0.549273212923669,100.60953415253512,,XLC,通信サービス,growth,,8.0,-2.0,-3.0
2025-01-17,95.6644058227539,0.5449729928388581,0.5478398062287322,100.50804266095292,,XLC,通信サービス,growth,,8.0,-2.0,-2.0
2025-01-21,96.52880859375,0.543586981571473,0.5464221980096459,100.4050312586304,,XLC,通信サービス,growth,,7.0,-4.0,-5.0
2025-01-22,97.49144744873047,0.5509438574782322,0.547929417832508,100.465388940714,,XLC,通信サービス,growth,,7.0,-2.0,-1.0
2025-01-23,97.7468490600586,0.5497819731889846,0.5485469362846669,100.4765699032653,,XLC,通信サービス,growth,,6.0,-2.0,0.0
2025-01-24,98.63090515136719,0.5552416417294153,0.5507785047662497,100.58631845897533,,XLC,通信サービス,growth,,7.0,-1.0,1.0
2025-01-27,99.14168548583984,0.5577496984562316,0.5531022359962436,100.70696288795592,,XLC,通信サービス,growth,,9.0,1.0,3.0
2025-01-28,99.62299346923828,0.5632379841735199,0.5564808187220024,100.90045475821977,,XLC,通信サービス,growth,,9.0,2.0,6.0
2025-01-29,100.06503295898438,0.5676144475198327,0.5601920283212792,101.12122677238574,,XLC,通信サービス,growth,,10.0,3.0,5.0
2025-01-30,100.16326141357422,0.562170920423815,0.5608516590221245,101.14388209471504,,XLC,通信サービス,growth,,10.0,4.0,6.0
2025-01-31,100.56598663330078,0.569102607399059,0.5636019751477694,101.3064205926392,,XLC,通信サービス,growth,,10.0,3.0,4.0
2025-02-03,100.78209686279297,0.5734580694869266,0.5668873399274885,101.49927162309996,,XLC,通信サービス,growth,,10.0,1.0,0.0
2025-02-04,101.685791015625,0.5778948006481988,0.5705564935010586,101.70662834323234,,XLC,通信サービス,growth,,10.0,1.0,-1.0
2025-02-05,100.70349884033203,0.5695350599475435,0.570216015649887,101.6301162821553,,XLC,通信サービス,growth,,10.0,0.0,-3.0
2025-02-06,101.13571166992188,0.5727375069820431,0.5710565127606058,101.63725270440486,,XLC,通信サービス,growth,,10.0,0.0,-4.0
2025-02-07,100.91960906982422,0.5743361178859353,0.5721497144690489,101.66161630829629,,XLC,通信サービス,growth,,9.0,-1.0,-4.0
2025-02-10,101.3714599609375,0.5752796394816813,0.5731930228065931,101.6818925906421,100.51451491145637,XLC,通信サービス,growth,Leading,10.0,0.0,-1.0
2025-02-11,101.53845977783203,0.5761635961259063,0.574183213913031,101.6938706661203,100.12464098388382,XLC,通信サービス,growth,Leading,10.0,0.0,-1.0
2025-02-12,101.64651489257812,0.5801468467351213,0.5761710915203945,101.7727825515658,100.42434256992115,XLC,通信サービス,growth,Leading,10.0,0.0,0.0
2025-02-13,102.81541442871094,0.5817680120413116,0.5780367316940336,101.83918331237004,100.52645335938116,XLC,通信サービス,growth,Leading,10.0,0.0,0.0
2025-02-14,103.4440689086914,0.5859069768567405,0.5806601467482693,101.94516347035766,100.67580178666935,XLC,通信サービス,growth,Leading,10.0,1.0,2.0
2025-02-18,102.96275329589844,0.5787382675590477,0.5800195203518621,101.83016121613313,100.39800824771278,XLC,通信サービス,growth,Leading,10.0,0.0,0.0
2025-02-19,103.08063507080078,0.5782283826183953,0.5794224744407065,101.7239214232689,100.15595814584483,XLC,通信サービス,growth,Leading,10.0,0.0,0.0
2025-02-20,102.59931182861328,0.5769800116598222,0.5786083201804118,101.61354625914885,99.77558288778316,XLC,通信サービス,growth,Weakening,11.0,1.0,1.0
2025-02-21,101.19464874267578,0.5771824302889919,0.5781330235499385,101.53180220756332,99.48524332553471,XLC,通信サービス,growth,Weakening,10.0,0.0,0.0
2025-02-24,101.39110565185547,0.5778209431550388,0.5780289967516385,101.47658445994725,99.17578934932199,XLC,通信サービス,growth,Weakening,8.0,-2.0,-3.0
2025-02-25,99.88821411132812,0.5686873159455733,0.5749151031496168,101.22610448173776,98.92999999625971,XLC,通信サービス,growth,Weakening,8.0,-2.0,-2.0
2025-02-26,99.71141052246094,0.5688806426021386,0.5729036163004574,101.05752719282172,98.82079445220343,XLC,通信サービス,growth,Weakening,6.0,-4.0,-4.0
2025-02-27,98.74876403808594,0.5683521859027277,0.5713864728345475,100.92701916574296,98.79135159375633,XLC,通信サービス,growth,Weakening,6.0,-5.0,-6.0
2025-02-28,100.1927261352539,0.5703259968324828,0.5710329808338592,100.88025706832661,98.8530915920354,XLC,通信サービス,growth,Weakening,6.0,-4.0,-4.0
2025-03-03,99.19080352783203,0.5707041979260843,0.5709233865312676,100.85324798344435,98.88329711192412,XLC,通信サービス,growth,Weakening,6.0,-2.0,0.0
2025-03-04,98.40496063232422,0.5754802898948271,0.5724423543191208,100.95228253209032,99.54051692642213,XLC,通信サービス,growth,Weakening,6.0,-2.0,0.0
2025-03-05,99.672119140625,0.5775232545936493,0.5741359877439637,101.07449534804891,100.11134191360435,XLC,通信サービス,growth,Leading,6.0,0.0,4.0
2025-03-06,97.88436889648438,0.5735150560274488,0.5739290105051253,101.04707489230553,100.31144687982757,XLC,通信サービス,growth,Leading,6.0,0.0,5.0
2025-03-07,98.51301574707031,0.571840803052865,0.573232941354372,100.97264753211317,100.2547513369258,XLC,通信サービス,growth,Leading,6.0,0.0,4.0
2025-03-10,96.05731201171875,0.5655562761650809,0.5706740529579416,100.7250862614348,99.80888733005608,XLC,通信サービス,growth,Weakening,6.0,0.0,2.0
2025-03-11,94.64282989501953,0.5647495812985545,0.5686992290714792,100.51837746992742,99.18978284683345,XLC,通信サービス,growth,Weakening,5.0,-1.0,1.0
2025-03-12,95.11432647705078,0.5702504224449911,0.5692162935293166,100.54425405116591,99.00991568762574,XLC,通信サービス,growth,Weakening,5.0,-1.0,-1.0
2025-03-13,93.15959167480469,0.5639372981289122,0.5674566283958484,100.34220876186725,98.6727391831639,XLC,通信サービス,growth,Weakening,5.0,-1.0,-1.0
2025-03-14,94.8687515258789,0.5635402856278665,0.5661511808065212,100.17852479704854,98.53009876016066,XLC,通信サービス,growth,Weakening,5.0,-1.0,-1.0
2025-03-17,95.5465316772461,0.560009220595824,0.5641038607362888,99.93528465759292,98.58334717903853,XLC,通信サービス,growth,Lagging,3.0,-3.0,-3.0
2025-03-18,94.21063232421875,0.5550659145425898,0.5610912120050559,99.59296120889454,98.34145065632455,XLC,通信サービス,growth,Lagging,3.0,-2.0,-1.0
2025-03-19,95.33043670654297,0.5575320622797061,0.5599048287632726,99.45325437124666,98.06989742142675,XLC,通信サービス,growth,Lagging,3.0,-2.0,-1.0
2025-03-20,95.12415313720703,0.5586511144289744,0.5594869239851732,99.40425477334696,98.44565420529409,XLC,通信サービス,growth,Lagging,3.0,-2.0,-1.0
2025-03-21,95.87068176269531,0.5656263599425495,0.561533402637632,99.62690595272261,99.29482737331607,XLC,通信サービス,growth,Lagging,3.0,-2.0,-1.0
2025-03-24,97.22827911376953,0.5648824451542662,0.5626497501431768,99.74748042368208,100.08395954075803,XLC,通信サービス,growth,Improving,3.0,0.0,3.0
2025-03-25,98.45976257324219,0.5734079114034849,0.5662358038966129,100.13729218394244,101.59989358499716,XLC,通信サービス,growth,Leading,3.0,0.0,2.0
2025-03-26,97.62235260009766,0.5696035473694098,0.5673583850542119,100.25090855259485,102.02539296225983,XLC,通信サービス,growth,Leading,3.0,0.0,2.0
2025-03-27,97.18887329101562,0.5685366917389071,0.5677511539491102,100.28320550334936,102.07528963604575,XLC,通信サービス,growth,Leading,3.0,0.0,2.0
2025-03-28,94.32196807861328,0.5604052461278997,0.5653025180087068,100.0049552359229,101.05671536796835,XLC,通信サービス,growth,Leading,3.0,0.0,2.0
2025-03-31,95.02145385742188,0.5599008109460408,0.5635019489878181,99.80085946011383,100.40629389981203,XLC,通信サービス,growth,Improving,3.0,0.0,0.0
2025-04-01,95.08056640625,0.5596675765725696,0.562223824849402,99.65579343124303,99.35728380748489,XLC,通信サービス,growth,Lagging,3.0,0.0,0.0
2025-04-02,95.41553497314453,0.5569820220243473,0.5604765572410505,99.46090265725283,98.77544695206146,XLC,通信サービス,growth,Lagging,3.0,0.0,0.0
2025-04-03,91.1595230102539,0.5587558071324943,0.5599029738715318,99.39504424884225,98.61532262594926,XLC,通信サービス,growth,Lagging,3.0,0.0,0.0
2025-04-04,85.9380111694336,0.5580852616821652,0.5592970698084097,99.32855490595206,99.03361513746864,XLC,通信サービス,growth,Lagging,4.0,1.0,1.0
2025-04-07,86.05624389648438,0.5635499020744235,0.5607146805637476,99.48392160099998,99.71572497874848,XLC,通信サービス,growth,Lagging,4.0,1.0,1.0
2025-04-08,84.85430908203125,0.5663615762233348,0.5625969791169434,99.69204105878231,100.38041497060368,XLC,通信サービス,growth,Improving,4.0,1.0,1.0
2025-04-09,92.35159301757812,0.5707580198269286,0.5653173260202718,99.98904553224314,101.27787806633177,XLC,通信サービス,growth,Improving,6.0,3.0,3.0
2025-04-10,89.15957641601562,0.5702268079387267,0.5669538199930901,100.16034178389401,101.65631625845857,XLC,通信サービス,growth,Leading,5.0,2.0,2.0
2025-04-11,89.91817474365234,0.5664888401397362,0.5667988267086388,100.12982920092637,101.65360204873157,XLC,通信サービス,growth,Leading,5.0,1.0,0.0
2025-04-14,90.51913452148438,0.5630809838333035,0.5655595457501937,99.97485380955776,101.06351182505284,XLC,通信サービス,growth,Improving,4.0,0.0,-1.0
2025-04-15,90.74573516845703,0.5663197170949901,0.5658129361984592,99.98121799632369,100.68032915946499,XLC,通信サービス,growth,Improving,4.0,0.0,-1.0
2025-04-16,88.3024673461914,0.5582393005164229,0.5632883909711137,99.66385387847846,99.57012356872666,XLC,通信サービス,growth,Lagging,4.0,-2.0,-5.0
2025-04-17,88.87387084960938,0.557706665098873,0.5614278156803669,99.4045958027979,98.79792045847032,XLC,通信サービス,growth,Lagging,4.0,-1.0,-3.0
2025-04-21,86.87394714355469,0.556340920463872,0.5597321839415352,99.14519050773842,98.41005612846418,XLC,通信サービス,growth,Lagging,3.0,-2.0,-3.0
2025-04-22,89.13988494873047,0.557115461238235,0.5588599430404352,98.96361009773553,98.39169185241917,XLC,通信サービス,growth,Lagging,3.0,-1.0,-1.0
2025-04-23,90.56839752197266,0.5606200237868373,0.5594466366225692,98.97235339265293,98.4401015494296,XLC,通信サービス,growth,Lagging,2.0,-2.0,-2.0
2025-04-24,92.38113403320312,0.5623266614034274,0.5604066448828553,99.03367350461198,99.10708721307024,XLC,通信サービス,growth,Lagging,2.0,-2.0,0.0
2025-04-25,92.96240997314453,0.5666759308427396,0.5624964068694834,99.27791933932808,99.97458943305578,XLC,通信サービス,growth,Lagging,3.0,-1.0,0.0
2025-04-28,93.31708526611328,0.5672458070095101,0.5640795402494924,99.47138223288135,100.74729739023743,XLC,通信サービス,growth,Improving,4.0,1.0,3.0
2025-04-29,93.99686431884766,0.5680626802117411,0.565407253570242,99.64870031302883,101.34876848318939,XLC,通信サービス,growth,Improving,4.0,1.0,2.0
2025-04-30,94.02640533447266,0.5674349149420554,0.5660831406941799,99.73912670472264,101.47862662790241,XLC,通信サービス,growth,Improving,4.0,2.0,4.0
2025-05-01,94.50916290283203,0.5711248520147525,0.5677637111343707,99.99356730101128,101.77631270886104,XLC,通信サービス,growth,Improving,5.0,3.0,5.0
2025-05-02,95.97708892822266,0.5699404956071678,0.5684893059586364,100.10001080282775,101.53658604132124,XLC,通信サービス,growth,Leading,6.0,3.0,4.0
2025-05-05,96.20368194580078,0.5731868166035323,0.5700551428402685,100.34874134104408,101.62078469673123,XLC,通信サービス,growth,Leading,6.0,2.0,1.0
2025-05-06,96.18397521972656,0.5773492529417411,0.5724865128740928,100.74065144306638,101.94432731727363,XLC,通信サービス,growth,Leading,7.0,3.0,2.0
2025-05-07,96.00663757324219,0.5725140974484646,0.5724957077322168,100.73379711274049,101.74141976847164,XLC,通信サービス,growth,Leading,7.0,3.0,1.0
2025-05-08,96.23323059082031,0.5690777502937318,0.5713563885860551,100.5469286425926,101.02667143515632,XLC,通信サービス,growth,Leading,7.0,2.0,-1.0
2025-05-09,95.74065399169922,0.5662961582408379,0.5696696451376494,100.27916014804796,100.42976549441647,XLC,通信サービス,growth,Leading,6.0,0.0,-3.0
2025-05-12,97.73072052001953,0.5626455339913202,0.5673282747555397,99.91085433849436,99.4500884960666,XLC,通信サービス,growth,Lagging,6.0,0.0,-2.0
2025-05-13,98.68634796142578,0.5668683812670646,0.5671749769260481,99.90307995510001,98.8394365790835,XLC,通信サービス,growth,Lagging,6.0,-1.0,-4.0
2025-05-14,99.19866180419922,0.5732629654218675,0.5692043064246546,100.26243657893005,99.43984342580208,XLC,通信サービス,growth,Weakening,7.0,0.0,-3.0
2025-05-15,99.59272766113281,0.5703415132357864,0.5695833753616986,100.35774237099939,99.8990758828954,XLC,通信サービス,growth,Weakening,7.0,0.0,-2.0
2025-05-16,100.27250671386719,0.5686513036833241,0.5692726848022405,100.35008727080229,100.32058368955134,XLC,通信サービス,growth,Leading,7.0,1.0,1.0
2025-05-19,100.37102508544922,0.5692732093020679,0.5692728596355163,100.39789867643148,100.97204546963606,XLC,通信サービス,growth,Leading,7.0,1.0,1.0
2025-05-20,100.1247329711914,0.5693633219890604,0.5693030137533643,100.4534527970354,101.05054413049541,XLC,通信サービス,growth,Leading,8.0,2.0,3.0
2025-05-21,99.37599182128906,0.5776892394939486,0.5720984223335591,101.06173051361006,101.39634167124393,XLC,通信サービス,growth,Leading,8.0,1.0,1.0
2025-05-22,99.15925598144531,0.5782735407393802,0.5741567951354996,101.53344193502149,101.8879021574114,XLC,通信サービス,growth,Leading,8.0,1.0,1.0
2025-05-23,98.70606994628906,0.5779420199735187,0.5754185367481726,101.84039344915487,102.22559225261088,XLC,通信サービス,growth,Leading,10.0,3.0,2.0
2025-05-27,100.31192016601562,0.5765951911882363,0.5758107548948606,101.91032766197957,102.13623901537154,XLC,通信サービス,growth,Leading,10.0,3.0,2.0
2025-05-28,100.29222106933594,0.5814258840122436,0.577682464600655,102.22705137275634,102.35066294691461,XLC,通信サービス,growth,Leading,10.0,2.0,0.0
2025-05-29,99.48436737060547,0.5753374581776001,0.57690079579297,101.9940755331258,101.17958156785402,XLC,通信サービス,growth,Leading,10.0,2.0,1.0
2025-05-30,99.89813995361328,0.5779596896054954,0.5772537603971452,101.98861683185095,100.51921230675941,XLC,通信サービス,growth,Leading,10.0,2.0,1.0
2025-06-02,100.39073944091797,0.5803490346653889,0.5782855184865597,102.09744133606762,100.23508135839796,XLC,通信サービス,growth,Leading,11.0,1.0,-2.0
2025-06-03,100.10503387451172,0.5739194444449305,0.5768301604726833,101.77624850611345,99.70128589894232,XLC,通信サービス,growth,Weakening,9.0,-1.0,-4.0
2025-06-04,100.74540710449219,0.5788913051064335,0.5775172086839334,101.86410598071744,99.40045384035331,XLC,通信サービス,growth,Weakening,9.0,-1.0,-3.0
2025-06-05,100.88333129882812,0.5812544177688377,0.5787629450455682,102.030640793598,99.94313557880884,XLC,通信サービス,growth,Weakening,11.0,1.0,-1.0
2025-06-06,102.1739273071289,0.5836498949859633,0.5803919283590333,102.22570355979505,100.21142950641578,XLC,通信サービス,growth,Leading,11.0,1.0,-1.0
2025-06-09,101.87837982177734,0.581863851540958,0.5808825694196749,102.19580928008091,100.01883628443142,XLC,通信サービス,growth,Leading,11.0,0.0,-1.0
2025-06-10,103.16896057128906,0.5863151188350911,0.5826934192248137,102.3466513289412,100.63696502329847,XLC,通信サービス,growth,Leading,11.0,2.0,3.0
2025-06-11,102.9325180053711,0.586637127484232,0.5840079886446199,102.39714841967572,100.56537632355864,XLC,通信サービス,growth,Leading,11.0,2.0,3.0
2025-06-12,102.0951156616211,0.5805032568419187,0.5828397447103861,102.10353449662693,99.92205766887955,XLC,通信サービス,growth,Weakening,11.0,0.0,-1.0
2025-06-13,101.0606689453125,0.5816523618436531,0.5824439504214751,101.94671668344421,99.42124943307982,XLC,通信サービス,growth,Weakening,11.0,0.0,-1.0
2025-06-16,102.79458618164062,0.5859818327475034,0.5836232445301512,102.00642717726971,99.52682170315241,XLC,通信サービス,growth,Weakening,11.0,0.0,0.0
2025-06-17,101.88822937011719,0.5864485347233354,0.5845650079278792,102.0316215100324,99.3264431595087,XLC,通信サービス,growth,Weakening,11.0,0.0,-2.0
2025-06-18,101.93748474121094,0.5866657779620756,0.5852652646059447,102.02651854331936,99.21399941699066,XLC,通信サービス,growth,Weakening,11.0,0.0,-2.0
2025-06-20,101.31681060791016,0.5821418676869502,0.5842241322996133,101.81592000200835,99.30773971142055,XLC,通信サービス,growth,Weakening,11.0,0.0,0.0
2025-06-23,102.59967803955078,0.5843539798675151,0.5842674148222473,101.74755696199118,99.4267153227804,XLC,通信サービス,growth,Weakening,11.0,0.0,0.0
2025-06-24,103.92304229736328,0.5863395641646489,0.5849581312697145,101.75836328487893,99.3556073597034,XLC,通信サービス,growth,Weakening,11.0,0.0,0.0
2025-06-25,103.90328979492188,0.5904884051259905,0.5868015558884732,101.89391290015598,99.53629781949272,XLC,通信サービス,growth,Weakening,11.0,0.0,0.0
2025-06-26,105.10813903808594,0.5928613927248731,0.5888215015006065,102.02854219751876,99.76238781696392,XLC,通信サービス,growth,Weakening,11.0,0.0,0.0
2025-06-27,106.34261322021484,0.5976359007415664,0.5917596345809265,102.23396613082359,100.40264259521543,XLC,通信サービス,growth,Leading,11.0,0.0,0.0
2025-06-30,107.18205261230469,0.5995362998885388,0.5943518563501307,102.3674722293616,100.70091007805695,XLC,通信サービス,growth,Leading,11.0,0.0,0.0
2025-07-01,106.42161560058594,0.5883867955702898,0.5923635027568503,102.04617180070755,100.19297287736548,XLC,通信サービス,growth,Leading,11.0,0.0,0.0
2025-07-02,106.11546325683594,0.585356999285557,0.5900280015997525,101.72974330799305,99.49898626307282,XLC,通信サービス,growth,Weakening,11.0,0.0,0.0
2025-07-03,106.69812774658203,0.5857424276413101,0.5885994769469385,101.52875110614643,98.97243975166539,XLC,通信サービス,growth,Weakening,11.0,0.0,0.0
2025-07-07,105.67105102539062,0.5847777015554423,0.5873255518164398,101.35544852398775,98.39042802734997,XLC,通信サービス,growth,Weakening,10.0,-1.0,-1.0
2025-07-08,105.45378112792969,0.5821176084912287,0.5855895707080361,101.14424921420692,97.92222237233838,XLC,通信サービス,growth,Weakening,10.0,-1.0,-1.0
2025-07-09,105.73030090332031,0.5819061847583824,0.5843617753914849,100.9872720570477,98.22636066701044,XLC,通信サービス,growth,Weakening,9.0,-2.0,-2.0
2025-07-10,105.3747787475586,0.5766092576882998,0.5817776028237566,100.69262153510348,98.32298028912629,XLC,通信サービス,growth,Weakening,8.0,-3.0,-3.0
2025-07-11,104.69335174560547,0.5771052465126482,0.5802201507200538,100.50709245405866,98.41012694666387,XLC,通信サービス,growth,Weakening,8.0,-3.0,-3.0
2025-07-14,105.72042846679688,0.5821670446533476,0.5808691153644852,100.55480084988201,98.76317041229126,XLC,通信サービス,growth,Weakening,8.0,-2.0,-1.0
2025-07-15,104.67359161376953,0.5845077785105546,0.5820820030798417,100.66063361947967,99.2327533790203,XLC,通信サービス,growth,Weakening,9.0,-1.0,0.0
2025-07-16,104.98961639404297,0.5839949668772996,0.5827196576789944,100.70393019151781,99.53075621855879,XLC,通信サービス,growth,Weakening,9.0,0.0,2.0
2025-07-17,105.35502624511719,0.5812884402725879,0.5822425852101922,100.62897136514096,99.8474404594671,XLC,通信サービス,growth,Weakening,9.0,1.0,4.0
2025-07-18,104.8711166381836,0.5788384327037067,0.5811078677080304,100.48259720391277,99.89559960080977,XLC,通信サービス,growth,Weakening,8.0,0.0,3.0
2025-07-21,106.27347564697266,0.588592099064995,0.5836026114936853,100.73221634604313,100.16112401916327,XLC,通信サービス,growth,Leading,8.0,0.0,2.0
2025-07-22,106.52037048339844,0.5825330191407,0.5832460807093569,100.66906201818985,99.89593348680312,XLC,通信サービス,growth,Weakening,8.0,-1.0,0.0
2025-07-23,107.10304260253906,0.5809069925457315,0.5824663846548152,100.55591143128197,99.64184484006742,XLC,通信サービス,growth,Weakening,7.0,-2.0,-2.0
2025-07-24,107.28080749511719,0.5837398662889398,0.5828908785328567,100.58419728204045,99.76703998642216,XLC,通信サービス,growth,Weakening,9.0,0.0,-1.0
2025-07-25,106.28335571289062,0.5755399095597211,0.5804405555418115,100.25019479300762,99.46919175084724,XLC,通信サービス,growth,Weakening,7.0,-1.0,-1.0
2025-07-28,105.71056365966797,0.5758430596957423,0.5789080569264552,100.01860863411402,98.76345917570667,XLC,通信サービス,growth,Weakening,8.0,0.0,0.0
2025-07-29,104.80198669433594,0.5711691711318821,0.5763284283282643,99.63442129383682,98.34844336260468,XLC,通信サービス,growth,Lagging,8.0,0.0,1.0
2025-07-30,105.12788391113281,0.5766861681001525,0.5764476749188937,99.61580665927936,98.54249465520006,XLC,通信サービス,growth,Lagging,6.0,-1.0,1.0
2025-07-31,106.07596588134766,0.5872421669234519,0.5800458389204131,100.10067375963344,99.2346517806842,XLC,通信サービス,growth,Weakening,7.0,-2.0,-2.0
2025-08-01,104.80198669433594,0.5868042867630807,0.582298654867969,100.40713804690174,100.19452177828472,XLC,通信サービス,growth,Leading,8.0,1.0,2.0
2025-08-04,106.81665802001953,0.590860128607186,0.585152479447708,100.81100685132454,101.14107344819858,XLC,通信サービス,growth,Leading,8.0,0.0,0.0
2025-08-05,105.9870834350586,0.587902668756357,0.5860692092172577,100.9232613854452,101.84183993624264,XLC,通信サービス,growth,Leading,8.0,0.0,0.0
2025-08-06,106.39199829101562,0.5914719363455438,0.5878701182600198,101.16483038482583,102.16886403473443,XLC,通信サービス,growth,Leading,8.0,2.0,3.0
2025-08-07,105.93769836425781,0.5893007956842815,0.5883470107347737,101.20018060191241,101.5153224877433,XLC,通信サービス,growth,Leading,8.0,1.0,3.0
2025-08-08,106.29322052001953,0.5902127407916524,0.5889689207537333,101.25827975155354,101.14556288501498,XLC,通信サービス,growth,Leading,7.0,-1.0,-2.0
2025-08-11,106.83639526367188,0.5948533208069396,0.5909303874381354,101.5206385376477,100.92598418313705,XLC,通信サービス,growth,Leading,8.0,0.0,0.0
2025-08-12,108.88069152832031,0.5986292008294024,0.5934966585685577,101.87748152148947,101.22975660629774,XLC,通信サービス,growth,Leading,9.0,1.0,1.0
2025-08-13,109.73001098632812,0.5948061637207301,0.5939331602859486,101.90627886961447,100.90278709818783,XLC,通信サービス,growth,Leading,10.0,2.0,0.0
2025-08-14,109.81888580322266,0.5991857187623945,0.5956840131114305,102.11598166658962,101.11223567568011,XLC,通信サービス,growth,Leading,10.0,2.0,1.0
2025-08-15,110.09541320800781,0.6021812087118484,0.5978497449782365,102.36345356573216,101.33157047278617,XLC,通信サービス,growth,Leading,10.0,3.0,4.0
2025-08-18,109.42385864257812,0.5986369060150671,0.5981121319905134,102.31816078981305,100.88375903713344,XLC,通信サービス,growth,Leading,10.0,2.0,2.0
2025-08-19,108.81156158447266,0.5925129857531654,0.5962457499113973,101.97494161908693,99.92848427750458,XLC,通信サービス,growth,Weakening,10.0,1.0,0.0
2025-08-20,108.48565673828125,0.5912767805647625,0.5945894267958525,101.68428931583054,99.50467093563893,XLC,通信サービス,growth,Weakening,10.0,0.0,-2.0
2025-08-21,108.36715698242188,0.5926964297174507,0.5939584277697185,101.5451823571522,99.05395388484553,XLC,通信サービス,growth,Weakening,10.0,0.0,-2.0
2025-08-22,109.92752075195312,0.5897446686311152,0.5925538413901841,101.28008463300142,98.40230570301955,XLC,通信サービス,growth,Weakening,10.0,0.0,-3.0
2025-08-25,110.10529327392578,0.5952533975717877,0.5934536934507186,101.38848445561297,98.64408501080923,XLC,通信サービス,growth,Weakening,10.0,0.0,-2.0
2025-08-26,109.62138366699219,0.592227828285472,0.5930450717289698,101.28301660760934,98.9977971751983,XLC,通信サービス,growth,Weakening,10.0,0.0,-1.0
2025-08-27,109.80901336669922,0.591105405767703,0.5923985164085476,101.13874380888886,99.22231316916752,XLC,通信サービス,growth,Weakening,10.0,0.0,0.0
2025-08-28,110.22379302978516,0.5936210785824345,0.5928060371331766,101.1728686324978,99.50764315290526,XLC,通信サービス,growth,Weakening,10.0,0.0,0.0
2025-08-29,110.00652313232422,0.5928906698136677,0.5928342480266736,101.14383287975333,99.88372849131964,XLC,通信サービス,growth,Weakening,10.0,0.0,0.0
2025-09-02,109.81888580322266,0.596592172746119,0.5940868895998221,101.31620461379319,99.99041611526998,XLC,通信サービス,growth,Weakening,10.0,0.0,0.0
2025-09-03,111.6557846069336,0.6075125519148027,0.5985621103714823,102.00071032192353,101.1766114665319,XLC,通信サービス,growth,Leading,11.0,1.0,1.0
2025-09-04,112.66311645507812,0.6084990208043736,0.6018744138491128,102.42210232978982,101.94157396215003,XLC,通信サービス,growth,Leading,11.0,1.0,1.0
2025-09-05,113.26554107666016,0.611038521015841,0.6049291162380221,102.71961634383456,102.20337970503664,XLC,通信サービス,growth,Leading,11.0,1.0,1.0
2025-09-08,113.39392852783203,0.6122185194799568,0.6073589173186671,102.85282734566833,102.29694631924976,XLC,通信サービス,growth,Leading,11.0,1.0,1.0
2025-09-09,114.03585052490234,0.6175866314532255,0.6107681553635199,103.05123892400401,102.20390604148511,XLC,通信サービス,growth,Leading,11.0,1.0,1.0
2025-09-10,113.19641876220703,0.6136616650172076,0.6117326585814159,102.91027198265671,101.11207220458873,XLC,通信サービス,growth,Leading,11.0,0.0,-1.0
2025-09-11,114.9345474243164,0.6138853474945279,0.6124502215524532,102.76277388243854,100.37883590254285,XLC,通信サービス,growth,Leading,11.0,0.0,-1.0
2025-09-12,115.89250183105469,0.623489766776162,0.6161300699603562,102.92596352492077,100.2014197349344,XLC,通信サービス,growth,Leading,11.0,0.0,-1.0
2025-09-15,117.52201843261719,0.6333625539354477,0.6218742312853868,103.2066949906591,100.38017844893038,XLC,通信サービス,growth,Leading,11.0,0.0,-1.0
2025-09-16,117.04796600341797,0.6324842389230927,0.6254109004979554,103.2053401978798,100.11351817073383,XLC,通信サービス,growth,Leading,11.0,0.0,-1.0
2025-09-17,117.3541259765625,0.6335324616892568,0.6281180875617226,103.12121544344394,100.17691194907906,XLC,通信サービス,growth,Leading,11.0,0.0,0.0
2025-09-18,117.44300842285156,0.6298979420224264,0.6287113723819573,102.89839414578353,100.06847229255865,XLC,通信サービス,growth,Leading,11.0,0.0,0.0
2025-09-19,117.92693328857422,0.6335965674356138,0.6303397707331762,102.78525096916832,99.70398663876928,XLC,通信サービス,growth,Weakening,11.0,0.0,0.0
2025-09-22,117.5156478881836,0.631085341458594,0.6305882943083154,102.60156905059868,99.10966001851018,XLC,通信サービス,growth,Weakening,10.0,-1.0,-1.0
2025-09-23,117.34717559814453,0.6294124858892034,0.6301963581686114,102.40796564213038,98.88083348299793,XLC,通信サービス,growth,Weakening,10.0,-1.0,-1.0
2025-09-24,116.37596893310547,0.6256621108251844,0.6286849423874692,102.175881464284,98.72318413708679,XLC,通信サービス,growth,Weakening,10.0,-1.0,-1.0
2025-09-25,115.97956085205078,0.6287070193699857,0.6286923013816414,102.06236058627933,98.89058812479337,XLC,通信サービス,growth,Weakening,10.0,-1.0,-1.0
2025-09-26,117.10932159423828,0.6286031312720552,0.6286625780117794,101.959926439387,98.93698637918618,XLC,通信サービス,growth,Weakening,9.0,-2.0,-2.0
2025-09-29,117.48592376708984,0.628524736645245,0.6286166308896013,101.86829488569074,99.08119960074028,XLC,通信サービス,growth,Weakening,9.0,-1.0,0.0
2025-09-30,117.30753326416016,0.6259162570078924,0.6277165062623651,101.73797287048586,99.18279289801167,XLC,通信サービス,growth,Weakening,10.0,0.0,1.0
2025-10-01,115.66242980957031,0.6157427922245714,0.6237252682497673,101.45224122926393,99.1323285684943,XLC,通信サービス,growth,Weakening,10.0,0.0,1.0
2025-10-02,115.4047622680664,0.6129204233182763,0.6201236532726037,101.20659948584475,98.98195853293329,XLC,通信サービス,growth,Weakening,8.0,-2.0,-1.0
2025-10-03,115.34530639648438,0.6104584703195259,0.6169019256215778,100.99331829198437,98.84976782212071,XLC,通信サービス,growth,Weakening,8.0,-1.0,1.0
2025-10-06,115.46422576904297,0.6112796754323614,0.6150278422251723,100.86055227917576,98.78825364877902,XLC,通信サービス,growth,Weakening,7.0,-2.0,-1.0
2025-10-07,115.01825714111328,0.6116057425004459,0.6138871423169302,100.7710965933329,98.83422233301653,XLC,通信サービス,growth,Weakening,8.0,-2.0,-2.0
2025-10-08,114.5425796508789,0.6070989450787311,0.6116244099041972,100.62070619166526,98.99272261152721,XLC,通信サービス,growth,Weakening,8.0,-2.0,-2.0
2025-10-09,113.88849639892578,0.6086680228873245,0.6106389475652396,100.5423234950727,99.18728668358227,XLC,通信サービス,growth,Weakening,8.0,0.0,2.0
2025-10-10,111.78752899169922,0.6112202149234326,0.610832703351304,100.53087304345695,99.42990306951634,XLC,通信サービス,growth,Weakening,8.0,0.0,1.0
2025-10-13,112.81819152832031,0.610915340214179,0.6108602489722624,100.510395813449,99.56778219436707,XLC,通信サービス,growth,Weakening,8.0,1.0,3.0
2025-10-14,113.56145477294922,0.6098828233196263,0.6105344404213837,100.46989837479148,99.62981198099448,XLC,通信サービス,growth,Weakening,8.0,0.0,2.0
2025-10-15,114.36418914794922,0.612957997701092,0.6113422928479532,100.49490746394785,99.85182449472381,XLC,通信サービス,growth,Weakening,8.0,0.0,2.0
2025-10-16,113.14523315429688,0.6122277176671348,0.611637434454347,100.48950298865147,99.94422612479255,XLC,通信サービス,growth,Weakening,8.0,0.0,0.0
2025-10-17,113.9083251953125,0.6132424492054485,0.6121724393713809,100.4991703401566,99.97496565245076,XLC,通信サービス,growth,Weakening,8.0,0.0,0.0
2025-10-20,115.1966552734375,0.614038313994255,0.6127943975790057,100.5139063833139,100.01939447179596,XLC,通信サービス,growth,Leading,8.0,0.0,-1.0
2025-10-21,115.60297393798828,0.6133937705870485,0.6129941885816866,100.50291924014557,100.05293934149873,XLC,通信サービス,growth,Leading,8.0,0.0,0.0
2025-10-22,114.60203552246094,0.61102965559367,0.6123393442523477,100.439532469034,99.9418445465784,XLC,通信サービス,growth,Weakening,8.0,0.0,0.0
2025-10-23,114.21553802490234,0.6060954817675712,0.6102580567574223,100.28492932656935,99.75338394082011,XLC,通信サービス,growth,Weakening,7.0,-1.0,-1.0
2025-10-24,114.51284790039062,0.6060211158561919,0.6088457431236789,100.16832913749562,99.58460935598066,XLC,通信サービス,growth,Weakening,6.0,-2.0,-2.0
2025-10-27,116.1083984375,0.6117463191254335,0.6098126017909304,100.2033168628551,99.59048554760618,XLC,通信サービス,growth,Weakening,7.0,-1.0,-1.0
2025-10-28,115.53359985351562,0.6139912557692364,0.6112054864503658,100.26959266215145,99.67143845623714,XLC,通信サービス,growth,Weakening,7.0,-1.0,-1.0
2025-10-29,115.24620819091797,0.6193908729267051,0.6139339486091455,100.43582380220703,99.95918523485463,XLC,通信サービス,growth,Weakening,6.0,-2.0,-2.0
2025-10-30,113.29388427734375,0.6115282457232595,0.6131320476471835,100.35223598922471,100.05346192480255,XLC,通信サービス,growth,Leading,6.0,-1.0,0.0
2025-10-31,113.77948760986328,0.6128095491962222,0.6130245481635298,100.31902548414493,100.17666011437991,XLC,通信サービス,growth,Leading,6.0,0.0,2.0
2025-11-03,112.5704345703125,0.6077853598142656,0.6112781520471084,100.15969864199242,99.94827377295577,XLC,通信サービス,growth,Weakening,5.0,-2.0,-1.0
2025-11-04,111.79743957519531,0.6076309601352009,0.610062421409806,100.03830188625925,99.72431993619918,XLC,通信サービス,growth,Weakening,5.0,-2.0,-1.0
2025-11-05,112.40196228027344,0.6073617133093584,0.6091621853763235,99.9386135139299,99.37836312153972,XLC,通信サービス,growth,Lagging,5.0,-1.0,1.0
2025-11-06,111.39111328125,0.6061711290735751,0.6081651666087408,99.82803651132284,99.3644110551574,XLC,通信サービス,growth,Lagging,5.0,-1.0,0.0
2025-11-07,111.10372161865234,0.5995784674614776,0.605302933559653,99.56028850035952,99.05870343331405,XLC,通信サービス,growth,Lagging,5.0,-1.0,-1.0
2025-11-10,112.26322174072266,0.6023672689616821,0.6043243786936627,99.45376293913611,99.16120664248957,XLC,通信サービス,growth,Lagging,5.0,0.0,2.0
2025-11-11,113.17495727539062,0.6037706636041679,0.6041398069971644,99.41515972574783,99.30687265633064,XLC,通信サービス,growth,Lagging,5.0,0.0,2.0
2025-11-12,112.52088928222656,0.5988610044928164,0.6023802061623817,99.2432924561322,99.22628085774008,XLC,通信サービス,growth,Lagging,4.0,-1.0,0.0
2025-11-13,110.92533874511719,0.5971195253798692,0.6006266459015442,99.07955152127545,99.17003317932951,XLC,通信サービス,growth,Lagging,4.0,-1.0,0.0
2025-11-14,110.33072662353516,0.5961061853079562,0.5991198257036816,98.94181897539315,99.39361582568367,XLC,通信サービス,growth,Lagging,3.0,-2.0,-1.0
2025-11-17,110.18206024169922,0.6032240348917843,0.6004878954330493,99.05163012613232,99.742675616007,XLC,通信サービス,growth,Lagging,3.0,-2.0,-2.0
2025-11-18,110.8064193725586,0.6062815066766185,0.6024190991809057,99.20411333228881,100.04064081866382,XLC,通信サービス,growth,Improving,5.0,0.0,0.0
2025-11-19,110.19197845458984,0.604750287676589,0.6031961620128002,99.24980178974005,100.36629695659113,XLC,通信サービス,growth,Improving,5.0,1.0,2.0
2025-11-20,108.98292541503906,0.6055018112988663,0.6039647117748222,99.28937325993036,100.65929508883465,XLC,通信サービス,growth,Improving,4.0,0.0,1.0
2025-11-21,110.8956069946289,0.604254384232767,0.6040612692608038,99.2680461057662,100.81605613486583,XLC,通信サービス,growth,Improving,4.0,1.0,3.0
2025-11-24,111.99564361572266,0.6077292331997222,0.6052839239071099,99.35225878952107,100.75084885589328,XLC,通信サービス,growth,Improving,4.0,1.0,3.0
2025-11-25,113.2740707397461,0.6060562853301816,0.6055413777148005,99.33905349376842,100.47080034505254,XLC,通信サービス,growth,Improving,6.0,1.0,1.0
2025-11-26,113.43262481689453,0.6026993094178976,0.604594021615833,99.20223297771486,100.17227465593153,XLC,通信サービス,growth,Improving,5.0,0.0,-1.0
2025-11-28,114.35428619384766,0.6043287965197837,0.6045056132504832,99.14938305249929,100.0251911134189,XLC,通信サービス,growth,Improving,5.0,1.0,1.0
2025-12-01,113.81912231445312,0.6056430497339774,0.6048847587449813,99.1491110878438,100.05990716178462,XLC,通信サービス,growth,Improving,5.0,1.0,0.0
2025-12-02,114.19571685791016,0.6082225149584387,0.6059973441494672,99.2475611721954,100.10504567556929,XLC,通信サービス,growth,Improving,5.0,1.0,0.0
2025-12-03,114.09661865234375,0.6030930570671659,0.6050292484553668,99.12803272297855,99.96996556241804,XLC,通信サービス,growth,Lagging,4.0,-2.0,-3.0
2025-12-04,114.75069427490234,0.6063603766475791,0.6054729578527709,99.17648250404328,100.35259491437446,XLC,通信サービス,growth,Improving,3.0,-2.0,-2.0
2025-12-05,116.07866668701172,0.6119400001560552,0.6076286386205323,99.41953952403226,101.04023417194735,XLC,通信サービス,growth,Improving,8.0,3.0,2.0
2025-12-08,115.21647644042969,0.6110546700504328,0.6087706490971658,99.5528212803271,101.54899917872687,XLC,通信サービス,growth,Improving,8.0,3.0,2.0
2025-12-09,115.34530639648438,0.6128940717852588,0.6101451233265301,99.71108205965336,101.77150992513644,XLC,通信サービス,growth,Improving,8.0,3.0,2.0
2025-12-10,116.01920318603516,0.6079220679330679,0.6094041048620428,99.63329301435436,101.84640444023975,XLC,通信サービス,growth,Improving,8.0,4.0,6.0
2025-12-11,115.76153564453125,0.6017125758599978,0.6068402618613612,99.36215175577618,101.08375898860955,XLC,通信サービス,growth,Improving,6.0,3.0,5.0
2025-12-12,115.50387573242188,0.6044706955971647,0.6060504064399623,99.29794400212126,100.37266161787865,XLC,通信サービス,growth,Improving,4.0,-4.0,-7.0
2025-12-15,115.523681640625,0.6038251339970899,0.6053086489590049,99.23978224105937,99.9237492294471,XLC,通信サービス,growth,Lagging,4.0,-4.0,-7.0
2025-12-16,115.60297393798828,0.608513185451727,0.6063768277899123,99.38612157913292,99.9143248220566,XLC,通信サービス,growth,Lagging,6.0,-2.0,-5.0
2025-12-17,114.7705078125,0.6057693538983717,0.6061743364927321,99.38544894635262,100.12241489041375,XLC,通信サービス,growth,Improving,5.0,-3.0,-7.0
2025-12-18,115.42459106445312,0.6079220120432508,0.6067568950095716,99.47925327733957,101.02079157712046,XLC,通信サービス,growth,Improving,6.0,0.0,-3.0
2025-12-19,115.47413635253906,0.6059756525955887,0.6064964808715774,99.46784866380246,101.11578368882267,XLC,通信サービス,growth,Improving,6.0,2.0,6.0
2025-12-22,115.98716735839844,0.6041895731538315,0.6057275116323287,99.38263880992696,101.0169178559684,XLC,通信サービス,growth,Improving,6.0,2.0,6.0
2025-12-23,116.71295166015625,0.609387138456974,0.6069473872405439,99.58010911370553,101.11454502505919,XLC,通信サービス,growth,Improving,6.0,0.0,2.0
2025-12-24,117.4089126586914,0.6108066144999077,0.6082337963269985,99.80882315957263,101.63698697147835,XLC,通信サービス,growth,Improving,6.0,1.0,4.0
2025-12-26,117.28961181640625,0.6100285344800562,0.6088320423780178,99.95193650421439,101.7000934754266,XLC,通信サービス,growth,Improving,6.0,0.0,0.0
2025-12-29,117.21006774902344,0.6106228393836949,0.6094289747132435,100.1224980538853,102.05580444140257,XLC,通信サービス,growth,Leading,7.0,1.0,-1.0
2025-12-30,117.60775756835938,0.6136777373022946,0.6108452289095939,100.51091687771901,102.94782739453007,XLC,通信サービス,growth,Leading,8.0,2.0,0.0
2025-12-31,117.04105377197266,0.6159811579083213,0.6125572052425031,101.019530932511,103.2949449175356,XLC,通信サービス,growth,Leading,9.0,3.0,3.0
2026-01-02,116.22578430175781,0.6075671694328739,0.6108938599726268,100.69706156552611,102.04166950898053,XLC,通信サービス,growth,Leading,8.0,2.0,1.0
2026-01-05,117.07087707519531,0.6063571438619707,0.6093816212690748,100.34991888514428,100.99687620110436,XLC,通信サービス,growth,Leading,6.0,0.0,0.0
2026-01-06,116.65330505371094,0.596986949826487,0.6052500641215456,99.25368005122536,98.29227229651008,XLC,通信サービス,growth,Lagging,6.0,-1.0,-2.0
2026-01-07,116.41468048095703,0.6025250627867814,0.6043417303432909,99.02872300012336,97.12141844522799,XLC,通信サービス,growth,Lagging,4.0,-4.0,-6.0
2026-01-08,116.80243682861328,0.5993931261313844,0.6026921956059887,98.61206110076616,95.8982652229274,XLC,通信サービス,growth,Lagging,4.0,-5.0,-8.0
2026-01-09,117.2299575805664,0.598116358918278,0.6011669167100852,98.26094057135933,96.34435210501566,XLC,通信サービス,growth,Lagging,4.0,-4.0,-6.0
2026-01-12,116.87203216552734,0.5957475049515177,0.599360446123896,97.88151388063287,96.68232856331403,XLC,通信サービス,growth,Lagging,1.0,-5.0,-5.0
2026-01-13,116.21583557128906,0.5924025859274226,0.5970411593917382,97.44982672517212,97.76777230137009,XLC,通信サービス,growth,Lagging,1.0,-5.0,-4.0
2026-01-14,115.96727752685547,0.5884578117760451,0.5941800435198406,97.0145999638177,97.63159456158408,XLC,通信サービス,growth,Lagging,1.0,-3.0,1.0
2026-01-15,115.53976440429688,0.5837030742178012,0.5906877204191607,96.60669600626713,97.77787378802277,XLC,通信サービス,growth,Lagging,1.0,-3.0,2.0
2026-01-16,114.50575256347656,0.5799614211705635,0.5871122873362951,96.3571483972209,98.00996008977297,XLC,通信サービス,growth,Lagging,1.0,-3.0,1.0
2026-01-20,112.81555938720703,0.5800557501458283,0.5847601082728062,96.40070754740816,98.57729943429615,XLC,通信サービス,growth,Lagging,1.0,0.0,5.0
2026-01-21,113.96886444091797,0.5762289488050121,0.5819163884502082,96.40147398495193,99.12121658041653,XLC,通信サービス,growth,Lagging,1.0,0.0,5.0
2026-01-22,115.57952880859375,0.5836115354545807,0.5824814374516657,96.82269167708583,100.1484430841747,XLC,通信サービス,growth,Improving,1.0,0.0,3.0
2026-01-23,116.28543090820312,0.5898050300831537,0.584922634995495,97.36967335103112,101.2589801600357,XLC,通信サービス,growth,Improving,2.0,1.0,4.0
2026-01-26,117.09075927734375,0.5924886955807372,0.5874446551905758,97.83750307581928,102.0052982758177,XLC,通信サービス,growth,Improving,2.0,1.0,4.0
2026-01-27,116.22578430175781,0.5890283966515971,0.5879725690109162,98.01105786023768,102.04471430614666,XLC,通信サービス,growth,Improving,2.0,1.0,1.0
2026-01-28,116.07664489746094,0.5902605598164972,0.5887352326127766,98.19176046235211,102.12324248639614,XLC,通信サービス,growth,Improving,2.0,1.0,1.0
2026-01-29,119.09911346435547,0.6048368711471604,0.5941024454575712,98.89680726226771,102.28136455989132,XLC,通信サービス,growth,Improving,4.0,3.0,3.0
2026-01-30,119.38744354248047,0.6076479209727492,0.5986176039626305,99.4819919411381,102.1945193776789,XLC,通信サービス,growth,Improving,7.0,5.0,4.0
2026-02-02,118.97980499267578,0.6024707723896001,0.5999019934382871,99.66596518901801,101.83847624170592,XLC,通信サービス,growth,Improving,7.0,5.0,4.0
2026-02-03,117.0609359741211,0.5943363966229055,0.5980467944998266,99.45246035191639,101.4289652060699,XLC,通信サービス,growth,Improving,7.0,5.0,4.0
2026-02-04,116.12635803222656,0.5844990932359851,0.5935308940785461,98.90317097710516,100.73494098231075,XLC,通信サービス,growth,Improving,6.0,4.0,3.0
2026-02-05,115.53976440429688,0.5866428063911098,0.5912348648494007,98.65262118424391,99.84942804293016,XLC,通信サービス,growth,Lagging,5.0,1.0,-2.0
2026-02-06,115.09235382080078,0.5736810084906425,0.5853835793964813,98.00087262339481,98.73291312247294,XLC,通信サービス,growth,Lagging,3.0,-4.0,-9.0
2026-02-09,116.20588684082031,0.5788879744554579,0.5832183777494735,97.85158126266015,98.47450532863961,XLC,通信サービス,growth,Lagging,3.0,-4.0,-9.0
2026-02-10,116.90185546875,0.580290492150307,0.5822424158830847,97.85781985769125,98.6988617217504,XLC,通信サービス,growth,Lagging,3.0,-4.0,-9.0
2026-02-11,116.06670379638672,0.575125437654758,0.5798700898069759,97.72505978424283,99.08028991912379,XLC,通信サービス,growth,Lagging,3.0,-3.0,-7.0
2026-02-12,113.97881317138672,0.5722898572354405,0.577343345616464,97.60644359106868,99.20589066072174,XLC,通信サービス,growth,Lagging,3.0,-2.0,-3.0
2026-02-13,113.91915893554688,0.5661257949644737,0.5736041620658006,97.40936208230569,99.60496475876637,XLC,通信サービス,growth,Lagging,2.0,-1.0,3.0
2026-02-17,113.74019622802734,0.5662133006785449,0.571140541603382,97.37061184114101,99.69824343395189,XLC,通信サービス,growth,Lagging,2.0,-1.0,3.0
2026-02-18,113.9291000366211,0.5642283109032442,0.5688364647033362,97.36203771219364,99.68323153673872,XLC,通信サービス,growth,Lagging,2.0,-1.0,3.0
2026-02-19,114.4759292602539,0.568136567035893,0.5686031654808552,97.52081164252066,99.93815554433918,XLC,通信サービス,growth,Lagging,2.0,-1.0,2.0
2026-02-20,116.12635803222656,0.5736448698725937,0.5702837336114347,97.79698137667714,100.28149646649173,XLC,通信サービス,growth,Improving,2.0,-1.0,1.0
2026-02-23,114.69466400146484,0.572859909909395,0.5711424590440881,97.9760299468792,100.60433886614875,XLC,通信サービス,growth,Improving,4.0,2.0,3.0
2026-02-24,115.49005126953125,0.5722680502556614,0.5715176561146126,98.09994346812313,100.73762895836202,XLC,通信サービス,growth,Improving,4.0,2.0,3.0
2026-02-25,115.82808685302734,0.5736048186704058,0.5722133769665436,98.2337372687735,100.85096224754435,XLC,通信サービス,growth,Improving,3.0,1.0,2.0
2026-02-26,116.04682159423828,0.5714599532161792,0.5719622357164221,98.28979537274552,100.75197019094304,XLC,通信サービス,growth,Improving,4.0,2.0,3.0
2026-02-27,117.36915588378906,0.5772948598432803,0.5737397770920416,98.47969608694902,100.66706461801144,XLC,通信サービス,growth,Improving,4.0,2.0,3.0
2026-03-02,117.19019317626953,0.5774852329215863,0.5749882623685565,98.62020196104014,100.62211487154539,XLC,通信サービス,growth,Improving,4.0,0.0,-2.0
2026-03-03,117.2796630859375,0.5851044271986121,0.5783603173119084,98.89719935759645,100.7383613032451,XLC,通信サービス,growth,Improving,5.0,1.0,-1.0
2026-03-04,118.1048812866211,0.5868690564802558,0.5811965637013576,99.12661662798126,100.80262242085374,XLC,通信サービス,growth,Improving,5.0,2.0,1.0
2026-03-05,117.75690460205078,0.5919968484383761,0.5847966586136972,99.40395810056262,100.96810134614991,XLC,通信サービス,growth,Improving,5.0,1.0,-1.0
2026-03-06,116.78255462646484,0.5941798650152573,0.587924394080884,99.64441836434374,100.98479870698841,XLC,通信サービス,growth,Improving,5.0,1.0,-1.0
2026-03-09,116.88197326660156,0.5930096646930585,0.5896194842849423,99.7824226510789,100.95946697690752,XLC,通信サービス,growth,Improving,5.0,1.0,1.0
2026-03-10,116.70301055908203,0.5965751009281325,0.5919380231660056,99.96709088868671,100.86650238939835,XLC,通信サービス,growth,Improving,5.0,0.0,-1.0
2026-03-11,116.32520294189453,0.5966100430826117,0.5934953631382076,100.09916759989855,100.77476743834958,XLC,通信サービス,growth,Leading,5.0,0.0,-2.0
2026-03-12,114.60517883300781,0.5970214920948813,0.5946707394570989,100.20667356136573,100.62816103783352,XLC,通信サービス,growth,Leading,5.0,0.0,-1.0
2026-03-13,113.78990936279297,0.5928050284648082,0.594048835793002,100.18094296170987,100.40757411357733,XLC,通信サービス,growth,Leading,5.0,0.0,-1.0
2026-03-16,114.66484069824219,0.5929509093530195,0.593682860313008,100.1708673032008,100.28233539250635,XLC,通信サービス,growth,Leading,5.0,0.0,-1.0
2026-03-17,114.70460510253906,0.5898587169730307,0.5924081458663489,100.09082861415526,100.06039726129978,XLC,通信サービス,growth,Leading,5.0,0.0,0.0
2026-03-18,113.00447082519531,0.5888653537993461,0.591227215177348,100.01698113853445,99.88711953371232,XLC,通信サービス,growth,Weakening,5.0,0.0,0.0
2026-03-19,112.48746490478516,0.5866260255342216,0.5896934852963058,99.91694142346908,99.71499016195594,XLC,通信サービス,growth,Lagging,5.0,0.0,0.0
2026-03-20,111.58271789550781,0.5905838640983198,0.5899902782303106,99.96019453011533,99.77166780001373,XLC,通信サービス,growth,Lagging,6.0,1.0,1.0
2026-03-23,112.41754150390625,0.5887261368767835,0.5895688977791349,99.94758232504682,99.7741283301561,XLC,通信サービス,growth,Lagging,6.0,1.0,1.0
2026-03-24,110.84164428710938,0.5797775842024668,0.5863051265869123,99.70481620036577,99.64721364349174,XLC,通信サービス,growth,Lagging,5.0,0.0,0.0
2026-03-25,111.15084075927734,0.5785911439841269,0.5837337990526505,99.51622267413141,99.56153697747052,XLC,通信サービス,growth,Lagging,4.0,-1.0,-1.0
2026-03-26,108.52766418457031,0.5701693777186375,0.5792123252746462,99.16674205971246,99.3701320663368,XLC,通信サービス,growth,Lagging,3.0,-2.0,-2.0
2026-03-27,106.76226043701172,0.568692161195884,0.5757056039150588,98.9020337645917,99.14071277205292,XLC,通信サービス,growth,Lagging,3.0,-3.0,-4.0
2026-03-30,107.67987060546875,0.5747694193270834,0.5753935423857337,98.90428678009529,99.17612723716077,XLC,通信サービス,growth,Lagging,4.0,-2.0,-3.0
2026-03-31,110.57234191894531,0.5783689486897191,0.5763853444870621,99.01518352250879,99.48135380114564,XLC,通信サービス,growth,Lagging,4.0,-1.0,-1.0
2026-04-01,110.95135498046875,0.5784826766057625,0.5770844551932957,99.09823406743392,99.72071408365912,XLC,通信サービス,growth,Lagging,4.0,0.0,1.0
2026-04-02,111.41016387939453,0.5792202499744755,0.5777963867870223,99.18038010682733,100.09461357752056,XLC,通信サービス,growth,Improving,3.0,0.0,2.0
2026-04-06,111.47000885009766,0.5770508778516543,0.5775478838085664,99.17428230826516,100.31915105376086,XLC,通信サービス,growth,Improving,3.0,0.0,3.0
2026-04-07,111.52985382080078,0.5786437803290958,0.5779131826487429,99.22856491215487,100.3637119393866,XLC,通信サービス,growth,Improving,3.0,-1.0,1.0
2026-04-08,113.51468658447266,0.5756430729022428,0.5771564793999095,99.17245125362167,100.21122604352409,XLC,通信サービス,growth,Improving,3.0,-1.0,0.0
2026-04-09,113.97349548339844,0.5776195895676619,0.577310849455827,99.21044641816613,100.15396524769695,XLC,通信サービス,growth,Improving,3.0,-1.0,-1.0
2026-04-10,113.6543197631836,0.5801906225572883,0.5782707738229808,99.3382380788341,100.16344181017101,XLC,通信サービス,growth,Improving,3.0,0.0,0.0
2026-04-13,114.5220718383789,0.5782104940481515,0.5782506805647044,99.35947440627538,100.15672709864839,XLC,通信サービス,growth,Improving,4.0,1.0,1.0
2026-04-14,116.25755310058594,0.584532681807992,0.5803446809791336,99.6268379875432,100.32251189080667,XLC,通信サービス,growth,Improving,4.0,1.0,2.0
2026-04-15,117.05548095703125,0.5883383153074222,0.5830092257552298,99.96881986521865,100.6759989370824,XLC,通信サービス,growth,Improving,5.0,2.0,3.0
2026-04-16,118.52166748046875,0.5930057497028648,0.5863414004044416,100.39320660323484,101.02896699741709,XLC,通信サービス,growth,Leading,6.0,3.0,4.0
2026-04-17,118.79096221923828,0.5869807868231821,0.5865545292106884,100.42985449090759,100.91839178461136,XLC,通信サービス,growth,Leading,8.0,5.0,5.0
2026-04-20,118.4418716430664,0.5834178961121366,0.5855089848445045,100.3041769952323,100.74656913491269,XLC,通信サービス,growth,Leading,8.0,4.0,3.0
2026-04-21,116.85600280761719,0.5791585139559107,0.5833921612149733,100.0449371071947,100.15722175596903,XLC,通信サービス,growth,Leading,7.0,3.0,2.0
2026-04-22,117.57412719726562,0.5829767218262282,0.583253681418725,100.0251713558341,99.73666646522118,XLC,通信サービス,growth,Weakening,7.0,2.0,0.0
2026-04-23,117.08539581298828,0.5805820916730488,0.5823631515034996,99.91515318243992,99.14843179824996,XLC,通信サービス,growth,Lagging,6.0,0.0,-3.0
2026-04-24,115.24020385742188,0.5726204377398134,0.5791155802489376,99.52517591708607,98.7181253755038,XLC,通信サービス,growth,Lagging,3.0,-5.0,-10.0
2026-04-27,115.5094985961914,0.5746411866072554,0.5776241157017102,99.36059208274231,98.71605442418287,XLC,通信サービス,growth,Lagging,3.0,-5.0,-9.0
2026-04-28,115.44965362548828,0.5772901537274319,0.5775127950436175,99.36730871470458,99.03745371297539,XLC,通信サービス,growth,Lagging,3.0,-4.0,-7.0
2026-04-29,114.99085235595703,0.5760001164834739,0.577008568856903,99.32737196299388,99.04067683306334,XLC,通信サービス,growth,Lagging,3.0,-4.0,-6.0
2026-04-30,116.20768737792969,0.5734257325519085,0.5758142900885715,99.20602634315571,99.0467010833588,XLC,通信サービス,growth,Lagging,3.0,-3.0,-3.0
2026-05-01,116.4171371459961,0.5762153424587596,0.5759479742119675,99.2444795995591,99.5750482158174,XLC,通信サービス,growth,Lagging,3.0,0.0,5.0
2026-05-04,115.79874420166016,0.5765086621928989,0.5761348702056114,99.28751872881463,99.86208487024892,XLC,通信サービス,growth,Lagging,4.0,1.0,6.0
2026-05-05,115.32996368408203,0.5696546512279932,0.573974797213072,99.01404242958836,99.52806960384332,XLC,通信サービス,growth,Lagging,4.0,1.0,5.0
2026-05-06,117.04550170898438,0.5735845371412112,0.5738447105224518,99.02238622333229,99.61037232662031,XLC,通信サービス,growth,Lagging,3.0,0.0,4.0
2026-05-07,117.07542419433594,0.5774237989075038,0.5750377399841359,99.21785480284096,100.02339236896864,XLC,通信サービス,growth,Improving,5.0,2.0,5.0
2026-05-08,116.6365737915039,0.5736809284332921,0.5745854694671879,99.1785913727327,99.88744475983945,XLC,通信サービス,growth,Lagging,6.0,3.0,3.0
2026-05-11,115.28009796142578,0.5673148050459879,0.5721619146601212,98.86582169440335,99.33926750109308,XLC,通信サービス,growth,Lagging,5.0,1.0,0.0
2026-05-12,115.55937194824219,0.5691914606162943,0.5711717633121789,98.7645953506405,99.5351917173864,XLC,通信サービス,growth,Lagging,4.0,0.0,-1.0
2026-05-13,116.45703887939453,0.5761287937181883,0.5728241067808487,99.02075986616235,99.87577122404646,XLC,通信サービス,growth,Lagging,4.0,1.0,1.0
2026-05-14,116.8061294555664,0.5757561296163963,0.5738014477260314,99.16903912817176,99.77272599774358,XLC,通信サービス,growth,Lagging,4.0,-1.0,-3.0
2026-05-15,115.77880096435547,0.5766381684322713,0.5747470212947781,99.29656713534679,100.01946252437708,XLC,通信サービス,growth,Improving,5.0,-1.0,-4.0
2026-05-18,116.67646789550781,0.5775558866709262,0.5756833097534941,99.41155348255212,100.68048417267205,XLC,通信サービス,growth,Improving,6.0,1.0,0.0
2026-05-19,115.54939270019531,0.5753243350202353,0.5755636515090745,99.36918246222471,100.74959919309994,XLC,通信サービス,growth,Improving,6.0,2.0,2.0
2026-05-20,115.79874420166016,0.5703145167284164,0.5738139399155218,99.0933547479299,99.88465555897659,XLC,通信サービス,growth,Lagging,5.0,1.0,0.0
2026-05-21,115.79874420166016,0.5678628348041498,0.5718302382117311,98.79604704145112,99.18353727626136,XLC,通信サービス,growth,Lagging,4.0,0.0,1.0
2026-05-22,115.16040802001953,0.5596204727232983,0.5677603163822535,98.23176438576633,98.1591844989047,XLC,通信サービス,growth,Lagging,4.0,-1.0,0.0
2026-05-26,115.25017547607422,0.5571976197231538,0.564239417495887,97.80477187475408,97.48778691362736,XLC,通信サービス,growth,Lagging,3.0,-3.0,-4.0
2026-05-27,115.95833587646484,0.5610266163064244,0.5631684837660662,97.75174981445704,97.62025471069242,XLC,通信サービス,growth,Lagging,1.0,-5.0,-7.0
2026-05-28,116.36726379394531,0.560950425153074,0.5624291308950689,97.75006487168439,98.10427714882479,XLC,通信サービス,growth,Lagging,2.0,-3.0,-4.0
2026-05-29,115.38981628417969,0.5546937468665383,0.5598506695522254,97.55781363433404,98.32260397418393,XLC,通信サービス,growth,Lagging,2.0,-2.0,-2.0
2026-06-01,115.31002044677734,0.5533033169904026,0.5576682186982844,97.45896105278078,99.00176830028657,XLC,通信サービス,growth,Lagging,3.0,-1.0,0.0
2026-06-02,113.27531433105469,0.5413921610854432,0.5522428661606706,97.09081335492243,99.1122943312142,XLC,通信サービス,growth,Lagging,1.0,-2.0,1.0
2026-06-03,111.78917694091797,0.536306383717614,0.5469307053463184,96.85527325249863,98.89154052645242,XLC,通信サービス,growth,Lagging,1.0,0.0,5.0
2026-06-04,112.8165054321289,0.537178870635415,0.5436800937760173,96.86803618948564,98.94013635620053,XLC,通信サービス,growth,Lagging,1.0,-1.0,2.0
2026-06-05,111.38024139404297,0.5379954321267365,0.5417852065595904,96.98793416208801,99.40876265251397,XLC,通信サービス,growth,Lagging,1.0,-1.0,1.0
2026-06-08,110.80174255371094,0.5357683020523426,0.5397795717238412,97.07997749989006,99.71493307970266,XLC,通信サービス,growth,Lagging,1.0,-2.0,-1.0
2026-06-09,111.19073486328125,0.5335883702128504,0.5377158378868443,97.15179509675615,100.41479351670132,XLC,通信サービス,growth,Improving,1.0,0.0,2.0
2026-06-10,110.72195434570312,0.5381821596235774,0.5378712784657553,97.35203772815414,101.12325160938524,XLC,通信サービス,growth,Improving,1.0,0.0,0.0
2026-06-11,111.8290786743164,0.5352189361903347,0.5369871643739484,97.45241051878212,101.27752665157921,XLC,通信サービス,growth,Improving,1.0,0.0,1.0
2026-06-12,111.36029815673828,0.5281907679734719,0.5340550322404563,97.41945129234307,101.03967083567309,XLC,通信サービス,growth,Improving,1.0,0.0,1.0
2026-06-15,111.89889526367188,0.5276787550435396,0.5319296065081507,97.44505540178959,100.93457328818197,XLC,通信サービス,growth,Improving,1.0,0.0,2.0
2026-06-16,112.02855682373047,0.5300580891234145,0.5313057673799053,97.5571661022346,100.98637649205287,XLC,通信サービス,growth,Improving,1.0,0.0,0.0
2026-06-17,108.9166488647461,0.5231755638020366,0.5285956995206158,97.54505542634288,100.63967192991824,XLC,通信サービス,growth,Improving,1.0,0.0,0.0
2026-06-18,109.16600036621094,0.5219507319512755,0.5263807103308358,97.56818539702202,100.50594647865947,XLC,通信サービス,growth,Improving,1.0,0.0,0.0
2026-06-22,106.86000061035156,0.5098039229960019,0.5208551145525578,97.42888371893795,100.33152456210787,XLC,通信サービス,growth,Improving,1.0,0.0,0.0
2026-06-23,107.2699966430664,0.5135238496648786,0.5184113595899982,97.4673869336898,100.34542511449688,XLC,通信サービス,growth,Improving,1.0,0.0,0.0
2026-06-24,106.54000091552734,0.5064169523851522,0.5144132238550496,97.44026438967448,100.11875229674104,XLC,通信サービス,growth,Improving,1.0,0.0,0.0
2026-06-25,105.58000183105469,0.4986068563450044,0.5091444346850346,97.37540704497441,100.02710075442633,XLC,通信サービス,growth,Improving,1.0,0.0,0.0
2026-06-26,106.18000030517578,0.5048737650980826,0.5077208781560506,97.49030114024004,100.1565560233113,XLC,通信サービス,growth,Improving,1.0,0.0,0.0
2026-06-29,107.87999725341797,0.5063599892425718,0.5072672485182244,97.62936659971427,100.57636084351311,XLC,通信サービス,growth,Improving,1.0,0.0,0.0
2026-06-30,107.12999725341797,0.5035014104536724,0.5060119691633738,97.7195146659099,100.63532144145157,XLC,通信サービス,growth,Improving,1.0,0.0,0.0
2026-07-01,109.73999786376953,0.5142214328317998,0.5087484570528491,97.94607486610283,101.01816474280788,XLC,通信サービス,growth,Improving,2.0,1.0,1.0
2026-07-02,109.5999984741211,0.5099809064562618,0.5091592735206534,98.06068841635187,101.26861208416088,XLC,通信サービス,growth,Improving,2.0,1.0,1.0
2026-07-06,110.20999908447266,0.512604646904524,0.510307731315277,98.18984314069874,101.25778506560776,XLC,通信サービス,growth,Improving,3.0,2.0,2.0
2026-07-07,111.0199966430664,0.5170213703349323,0.5125456109884954,98.34568412728129,101.26006457865284,XLC,通信サービス,growth,Improving,3.0,2.0,2.0
2026-07-08,109.45999908447266,0.5158341218599126,0.5136417812789678,98.44855343967255,101.25768033736675,XLC,通信サービス,growth,Improving,5.0,4.0,4.0
2026-07-09,110.51000213623047,0.5176112512235619,0.5149649379271658,98.55212587774038,101.04572377499265,XLC,通信サービス,growth,Improving,6.0,4.0,3.0
2026-07-10,111.63999938964844,0.5209519262707855,0.5169606007083725,98.67251105194494,101.03386233061485,XLC,通信サービス,growth,Improving,6.0,4.0,3.0
2026-07-13,111.58999633789062,0.5208887577060519,0.5182699863742657,98.76235475006774,100.95682673637675,XLC,通信サービス,growth,Improving,5.0,2.0,0.0
2026-07-14,111.44999694824219,0.5221363248614467,0.5195587658699927,98.84723359688601,100.8366826992798,XLC,通信サービス,growth,Improving,5.0,2.0,0.0
2026-07-15,113.37999725341797,0.5323754359935465,0.5238309892445107,99.03283589514633,100.95457587795212,XLC,通信サービス,growth,Improving,5.0,0.0,-4.0
2026-07-16,112.6500015258789,0.5238073226295238,0.5238231003728484,99.06263777750931,100.8559545367019,XLC,通信サービス,growth,Improving,5.0,-1.0,-5.0
2026-07-17,110.6500015258789,0.5185827626096513,0.5220763211184494,99.02941557688109,100.65839473352239,XLC,通信サービス,growth,Improving,3.0,-3.0,-7.0
2026-07-20,110.80000305175781,0.5216081536900992,0.5219202653089994,99.05307699691903,100.58891624755098,XLC,通信サービス,growth,Improving,3.0,-2.0,-4.0
2026-07-21,110.02999877929688,0.5171554879682121,0.5203320061954037,99.0243905533498,100.43490214740919,XLC,通信サービス,growth,Improving,3.0,-2.0,-4.0
2026-07-22,109.19999694824219,0.513399146756051,0.5180210530489529,98.96988517564105,100.05337404551933,XLC,通信サービス,growth,Improving,3.0,-2.0,-2.0
2026-07-23,105.37999725341797,0.4972631094938369,0.5111017385305809,98.74876493896979,99.6487819083059,XLC,通信サービス,growth,Lagging,3.0,-2.0,-1.0
2026-07-24,106.30000305175781,0.4977290790199052,0.5066441853603557,98.62444510005714,99.49591368900155,XLC,通信サービス,growth,Lagging,2.0,-1.0,2.0
2026-07-27,107.66000366210938,0.5003253430923024,0.504537904604338,98.5914353982514,99.3835240186818,XLC,通信サービス,growth,Lagging,2.0,-1.0,1.0
2026-07-28,109.66999816894531,0.5037897787633322,0.5042885293240028,98.62683908173068,99.46852318600178,XLC,通信サービス,growth,Lagging,3.0,0.0,2.0
2026-07-29,109.51000213623047,0.5076252922868386,0.5054007836449481,98.70910562112431,99.6869760999821,XLC,通信サービス,growth,Lagging,3.0,0.0,2.0
2026-07-30,106.58000183105469,0.49484631541839036,0.5018826275694288,98.62054325939461,99.89717732161485,XLC,通信サービス,growth,Lagging,4.0,1.0,3.0
2026-07-31,108.23999786376953,0.5034184485797389,0.5023945679061989,98.68107415207233,100.19703931172438,XLC,通信サービス,growth,Improving,3.0,1.0,2.0
2026-08-03,111.33999633789062,0.5128275806037746,0.5058722388053909,98.84673695753763,100.52780010958803,XLC,通信サービス,growth,Improving,5.0,3.0,4.0
2026-08-04,112.04000091552734,0.5087408758529849,0.5068284511545889,98.91465378134349,100.57287868980856,XLC,通信サービス,growth,Improving,6.0,3.0,3.0
2024-08-05,39.6202278137207,0.251424371076262,0.251424371076262,,,XLF,金融,value,,,,
2024-08-06,40.26051330566406,0.25289383983929126,0.2519141939972718,,,XLF,金融,value,,,,
2024-08-07,40.309024810791016,0.25499671274613744,0.25294170024689366,,,XLF,金融,value,,,,
2024-08-08,40.959014892578125,0.2544966327399765,0.2534600110779213,,,XLF,金融,value,,,,
2024-08-09,41.133636474609375,0.2550448950745271,0.2539883057434566,,,XLF,金融,value,,,,
2024-08-12,40.92021179199219,0.2549454044987754,0.2543073386618962,,,XLF,金融,value,,,,
2024-08-13,41.2597541809082,0.25416441076890395,0.2542596960308988,,,XLF,金融,value,,,,
2024-08-14,41.76422119140625,0.25673629567568756,0.25508522924582844,,,XLF,金融,value,,,,
2024-08-15,42.15227508544922,0.25565409103793846,0.2552748498431985,,,XLF,金融,value,,,,
2024-08-16,42.46271514892578,0.25691863066787907,0.2558227767847587,,,XLF,金融,value,,,,
2024-08-19,42.695552825927734,0.2563758247519548,0.25600712610715737,,,XLF,金融,value,,,,
2024-08-20,42.559730529785156,0.2565741506460821,0.25619613428679894,,,XLF,金融,value,,,,
2024-08-21,42.491817474365234,0.25438372726093494,0.25559199861151094,,,XLF,金融,value,,,,
2024-08-22,42.73435592651367,0.2565640452167948,0.2559160141466056,,,XLF,金融,value,,,,
2024-08-23,43.103004455566406,0.2555259506243419,0.2557859929725177,,,XLF,金融,value,,,,
2024-08-26,43.23882293701172,0.2563752048210888,0.2559823969220414,,,XLF,金融,value,,,,
2024-08-27,43.46195602416992,0.2575800017218285,0.2565149318553038,,,XLF,金融,value,,,,
2024-08-28,43.56866455078125,0.2589252445393903,0.25731836941666597,,,XLF,金融,value,,,,
2024-08-29,43.95672607421875,0.26025850148999957,0.2582984134411105,,,XLF,金融,value,,,,
2024-08-30,44.373878479003906,0.2607116535090987,0.25910282679710656,,,XLF,金融,value,,,,
2024-09-03,44.04404067993164,0.26214238515066374,0.26011601291495895,,,XLF,金融,value,,,,
2024-09-04,44.09253692626953,0.2628094730602074,0.2610138329633751,,,XLF,金融,value,,,,
2024-09-05,43.60747528076172,0.2615173013455168,0.26118165575742236,,,XLF,金融,value,,,,
2024-09-06,42.967185974121094,0.2604742246470312,0.260945845387292,,,XLF,金融,value,,,,
2024-09-09,43.60747528076172,0.26182126622732643,0.2612376523339701,,,XLF,金融,value,,,,
2024-09-10,43.16122055053711,0.2589914061527877,0.26048890360690935,,,XLF,金融,value,,,,
2024-09-11,42.95747756958008,0.25764913549119245,0.25954231423500373,,,XLF,金融,value,,,,
2024-09-12,43.05450439453125,0.2566371512386684,0.25857392656955863,,,XLF,金融,value,,,,
2024-09-13,43.18061447143555,0.2549475349758569,0.2573651293716581,,,XLF,金融,value,,,,
2024-09-16,43.74329376220703,0.25640901683478795,0.25704642519270143,,,XLF,金融,value,,,,
2024-09-17,43.97612762451172,0.25739415987141456,0.2571623367522725,,,XLF,金融,value,,,,
2024-09-18,43.840301513671875,0.25707966807036126,0.25713478052496874,,,XLF,金融,value,,,,
2024-09-19,44.32537078857422,0.257180249698545,0.25714993691616084,,,XLF,金融,value,,,,
2024-09-20,44.296268463134766,0.2579528876592612,0.257417587163861,,,XLF,金融,value,,,,
2024-09-23,44.24272155761719,0.2563286044780335,0.25705459293525185,,,XLF,金融,value,,,,
2024-09-24,43.87273406982422,0.25381354555704133,0.25597424380918166,,,XLF,金融,value,,,,
2024-09-25,43.60984802246094,0.25386227484275364,0.2552702541537057,,,XLF,金融,value,,,,
2024-09-26,43.83378219604492,0.2530476898698413,0.2545293993924176,,,XLF,金融,value,,,,
2024-09-27,43.960357666015625,0.2528707020439267,0.25397650027625396,,,XLF,金融,value,,,,
2024-09-30,44.12588119506836,0.25349698240601753,0.25381666098617517,,,XLF,金融,value,,,,
2024-10-01,43.89220428466797,0.2534987257732562,0.25371068258186885,,,XLF,金融,value,,,,
2024-10-02,43.940887451171875,0.2540507083347081,0.25382402449948194,,,XLF,金融,value,,,,
2024-10-03,43.70720672607422,0.25389773163417895,0.25384859354438094,,,XLF,金融,value,,,,
2024-10-04,44.447181701660156,0.2561864132720984,0.2546278667869534,,,XLF,金融,value,,,,
2024-10-07,43.90194320678711,0.255028967291248,0.25476156695505164,,,XLF,金融,value,,,,
2024-10-08,44.155086517333984,0.2558928578534519,0.25513866392118506,,,XLF,金融,value,,,,
2024-10-09,44.56402587890625,0.2565008120416128,0.255592713294661,,,XLF,金融,value,,,,
2024-10-10,44.427711486816406,0.25667792572897763,0.2559544507727666,,,XLF,金融,value,,,,
2024-10-11,45.28451919555664,0.2590830696393844,0.25699732372830586,,,XLF,金融,value,,,,
2024-10-14,45.56687927246094,0.25879962363931286,0.25759809036530823,,,XLF,金融,value,,,,
2024-10-15,45.66425323486328,0.2605314867489164,0.2585758891598443,,,XLF,金融,value,,,,
2024-10-16,46.228965759277344,0.2619816830995671,0.25971115380641857,,,XLF,金融,value,,,,
2024-10-17,46.35554122924805,0.26311913992940894,0.2608471491807487,,,XLF,金融,value,,,,
2024-10-18,46.36528015136719,0.26239300813794436,0.2613624354998139,,,XLF,金融,value,,,,
2024-10-21,45.99529266357422,0.262536616108501,0.26175382903604294,,,XLF,金融,value,,,,
2024-10-22,45.90766143798828,0.26321883981259925,0.2622421659615617,,,XLF,金融,value,,,,
2024-10-23,45.86871337890625,0.26386273616886363,0.26278235603066236,,,XLF,金融,value,,,,
2024-10-24,45.90766143798828,0.2640277591171099,0.26319749039281154,,,XLF,金融,value,,,,
2024-10-25,45.40135955810547,0.26236201722119606,0.26291899933560636,,,XLF,金融,value,,,,
2024-10-28,45.96608352661133,0.2641276112278072,0.26332186996634,,,XLF,金融,value,,,,
2024-10-29,45.68372344970703,0.2632989365599744,0.26331422549755146,,,XLF,金融,value,,,,
2024-10-30,45.88819122314453,0.26505622861691724,0.2638948932040067,,,XLF,金融,value,,,,
2024-10-31,45.255313873291016,0.2642179454080357,0.26400257727201637,101.98072435691324,,XLF,金融,value,,10.0,,
2024-11-01,45.41109848022461,0.2649621493041416,0.26432243461605814,102.00511672360442,,XLF,金融,value,,10.0,,
2024-11-04,45.06058120727539,0.26260433379058706,0.2637497343409011,101.77365734957509,,XLF,金融,value,,10.0,,
2024-11-05,45.479251861572266,0.26198843956751794,0.26316263608310675,101.54499663864691,,XLF,金融,value,,9.0,,
2024-11-06,48.244422912597656,0.2714899786663209,0.26593841694417814,102.26038151052474,,XLF,金融,value,,10.0,,
2024-11-07,47.46550369262695,0.26684411528677365,0.26624031639171,102.22571349860787,,XLF,金融,value,,10.0,0.0,
2024-11-08,47.8939094543457,0.2677607211340696,0.2667471179724965,102.24234929097112,,XLF,金融,value,,9.0,-1.0,
2024-11-11,48.575462341308594,0.2702207294472499,0.26790498846408095,102.40976907190404,,XLF,金融,value,,10.0,0.0,
2024-11-12,48.429420471191406,0.27147718955415107,0.26909572216077104,102.54338306149135,,XLF,金融,value,,10.0,1.0,
2024-11-13,48.45862579345703,0.27149304807531194,0.2698948307989514,102.55872186089702,,XLF,金融,value,,10.0,0.0,
2024-11-14,48.33205032348633,0.2729680679276125,0.2709192431751718,102.60618334609194,,XLF,金融,value,,10.0,0.0,0.0
2024-11-15,48.55599594116211,0.2762031963256299,0.2726805608919912,102.77230269922664,,XLF,金融,value,,11.0,2.0,3.0
2024-11-18,48.70204162597656,0.27592074958422613,0.27376062378940286,102.76772335299584,,XLF,金融,value,,11.0,1.0,1.0
2024-11-19,48.38072967529297,0.2748416618514672,0.274120969810091,102.6360073237101,,XLF,金融,value,,11.0,1.0,0.0
2024-11-20,48.23468780517578,0.273092594477205,0.27377817803246235,102.40786068473678,,XLF,金融,value,,11.0,1.0,1.0
2024-11-21,48.848087310791016,0.2731249550487802,0.27356043703790167,102.23407752730715,,XLF,金融,value,,11.0,1.0,1.0
2024-11-22,49.393333435058594,0.27401519380803013,0.2737120226279445,102.14011762271397,,XLF,金融,value,,11.0,0.0,-2.0
2024-11-25,49.714637756347656,0.2733226608171681,0.27358223535768567,102.01231092495776,,XLF,金融,value,,11.0,0.0,-1.0
2024-11-26,49.812007904052734,0.27382876557780367,0.273664412097725,101.92906688333538,,XLF,金融,value,,11.0,0.0,-1.0
2024-11-27,49.909366607666016,0.2746279643833201,0.2739855961929234,101.88811287831787,,XLF,金融,value,,11.0,0.0,-1.0
2024-11-29,49.98726272583008,0.27422097523086997,0.2740640558722389,101.8151716382832,,XLF,金融,value,,11.0,0.0,-1.0
2024-12-02,49.490699768066406,0.27217873309793456,0.2734356149474708,101.64954339290803,,XLF,金融,value,,10.0,-1.0,-1.0
2024-12-03,49.12071228027344,0.2713473149539729,0.2727395149496382,101.4896542825007,,XLF,金融,value,,9.0,-2.0,-2.0
2024-12-04,48.93571472167969,0.27031088038356393,0.2719299700942801,101.32594235726515,,XLF,金融,value,,9.0,-2.0,-2.0
2024-12-05,49.081764221191406,0.27247761537418314,0.27211251852091445,101.30875748545068,,XLF,金融,value,,9.0,-2.0,-2.0
2024-12-06,49.07202911376953,0.27273250367185714,0.27231918023789536,101.29566157057607,,XLF,金融,value,,9.0,-2.0,-2.0
2024-12-09,48.400211334228516,0.2701072132649336,0.2715818579135748,101.15482010310448,,XLF,金融,value,,8.0,-2.0,-1.0
2024-12-10,48.390472412109375,0.2717175996829851,0.2716271051700449,101.12506498463604,,XLF,金融,value,,8.0,-1.0,1.0
2024-12-11,48.48783493041992,0.27201206057284766,0.2717554236376458,101.10690827364955,,XLF,金融,value,,8.0,-1.0,1.0
2024-12-12,48.27363204956055,0.2718029720597993,0.271771273111697,101.07412845928665,,XLF,金融,value,,8.0,-1.0,1.0
2024-12-13,48.23468780517578,0.27253787594667234,0.27202680739002216,101.07441272896821,,XLF,金融,value,,8.0,-1.0,1.0
2024-12-16,48.14706039428711,0.2729417495640142,0.27233178811468617,101.08119322619662,,XLF,金融,value,,8.0,0.0,2.0
2024-12-17,47.8062858581543,0.27316141316700976,0.27260832979879407,101.08395533237184,,XLF,金融,value,,8.0,0.0,1.0
2024-12-18,46.37501907348633,0.2730631479473588,0.27275993584831565,101.070120277688,,XLF,金融,value,,8.0,0.0,1.0
2024-12-19,46.540531158447266,0.2749500212607398,0.2734899643191237,101.1331309052154,,XLF,金融,value,,8.0,0.0,1.0
2024-12-20,47.2318229675293,0.27518004494789566,0.2740533245287144,101.17200217206636,,XLF,金融,value,,8.0,0.0,1.0
2024-12-23,47.345252990722656,0.2754653443793437,0.2745239978122575,101.19858749861356,,XLF,金融,value,,8.0,0.0,0.0
2024-12-24,47.9025993347168,0.2766210358165958,0.2752230104803703,101.25611183288638,,XLF,金融,value,,8.0,0.0,0.0
2024-12-26,48.01993942260742,0.27684661116482695,0.27576421070852253,101.29349663487163,,XLF,金融,value,,8.0,0.0,0.0
2024-12-27,47.66792297363281,0.27669910566020756,0.2760758423590842,101.3021546754688,,XLF,金融,value,,8.0,0.0,0.0
2024-12-30,47.20835876464844,0.27682020747868474,0.27632396406561777,101.30447217639588,,XLF,金融,value,,8.0,0.0,0.0
2024-12-31,47.25725555419922,0.27660089146708033,0.2764162731994386,101.28796735662596,,XLF,金融,value,,8.0,0.0,0.0
2025-01-02,47.13990783691406,0.27671942800205945,0.2765173248003122,101.27512320864929,,XLF,金融,value,,8.0,0.0,0.0
2025-01-03,47.51148223876953,0.27636976540928115,0.2764681383366352,101.24361312669663,,XLF,金融,value,,8.0,0.0,0.0
2025-01-06,47.36480712890625,0.27570421550066815,0.27621349739131285,101.18163002496551,,XLF,金融,value,,8.0,0.0,0.0
2025-01-07,47.25725555419922,0.2760023388068877,0.2761431111965045,101.14971214928276,,XLF,金融,value,,8.0,0.0,0.0
2025-01-08,47.413700103759766,0.27658528064159366,0.2762905010115342,101.15345744744184,,XLF,金融,value,,9.0,1.0,1.0
2025-01-10,46.2696647644043,0.27391553133219626,0.2754988444517549,101.00620292310963,,XLF,金融,value,,8.0,0.0,0.0
2025-01-13,46.60211944580078,0.273640827947859,0.27487950561712293,100.88438939250467,,XLF,金融,value,,8.0,0.0,0.0
2025-01-14,47.17902374267578,0.2748099347817083,0.2748563153386514,100.86222495533379,,XLF,金融,value,,8.0,0.0,0.0
2025-01-15,48.38172149658203,0.27913633312425035,0.2762829879338511,101.106003653547,,XLF,金融,value,,10.0,2.0,2.0
2025-01-16,48.70439910888672,0.27880231990282117,0.27712276525684115,101.2457219946246,,XLF,金融,value,,10.0,1.0,0.0
2025-01-17,49.11507797241211,0.27979467186292695,0.2780134007922031,101.39405236976114,,XLF,金融,value,,10.0,2.0,2.0
2025-01-21,49.525753021240234,0.2788965800683605,0.2783077938842556,101.42266631006015,,XLF,金融,value,,11.0,3.0,3.0
2025-01-22,49.29108428955078,0.2785538714260153,0.27838981973150884,101.40932510488578,,XLF,金融,value,,10.0,2.0,2.0
2025-01-23,49.57463836669922,0.2788349984011024,0.27853821262137335,101.4103144524128,,XLF,金融,value,,10.0,0.0,-2.0
2025-01-24,49.721309661865234,0.27990558905671775,0.27899400476648817,101.47393563717193,,XLF,金融,value,,10.0,0.0,-1.0
2025-01-27,50.268882751464844,0.2828018714727792,0.28026329366858516,101.70121112256409,,XLF,金融,value,,11.0,1.0,-1.0
2025-01-28,50.180885314941406,0.28370740232331515,0.2814113298868285,101.8916635358434,,XLF,金融,value,,11.0,0.0,-3.0
2025-01-29,50.14177322387695,0.2844269777815554,0.2824165458517375,102.04633508465567,,XLF,金融,value,,11.0,1.0,-1.0
2025-01-30,50.62089538574219,0.28411210807302784,0.28298173325883424,102.10023717639662,,XLF,金融,value,,11.0,1.0,1.0
2025-01-31,50.32755661010742,0.28480348723940924,0.2835889845856926,102.16161994132473,,XLF,金融,value,,11.0,1.0,1.0
2025-02-03,50.12221145629883,0.28519933117958435,0.28412576678365653,102.19992539159914,,XLF,金融,value,,11.0,0.0,-1.0
2025-02-04,50.00487518310547,0.28418481172987486,0.284145448432396,102.13547843675246,,XLF,金融,value,,11.0,0.0,0.0
2025-02-05,50.53289031982422,0.28579198388385246,0.28469429358288145,102.18058938061401,,XLF,金融,value,,11.0,0.0,-1.0
2025-02-06,50.953346252441406,0.28855180848739914,0.28598013188438737,102.37654602281354,,XLF,金融,value,,11.0,0.0,-1.0
2025-02-07,50.66978454589844,0.28836306064239053,0.28677444147038844,102.47260563329037,,XLF,金融,value,,11.0,0.0,-1.0
2025-02-10,50.268882751464844,0.2852742256800201,0.28627436954026564,102.27295338871198,100.10887740051541,XLF,金融,value,Leading,11.0,0.0,0.0
2025-02-11,50.395999908447266,0.28596396479859804,0.2861709012930431,102.16976314748926,100.01990122777117,XLF,金融,value,Leading,11.0,0.0,0.0
2025-02-12,50.21999740600586,0.2866303204682486,0.28632404101811165,102.1229029136367,99.79944960523984,XLF,金融,value,Weakening,11.0,0.0,0.0
2025-02-13,50.552452087402344,0.2860446531107801,0.28623091171566784,102.02407577353755,99.08244963183164,XLF,金融,value,Weakening,11.0,0.0,0.0
2025-02-14,50.650230407714844,0.286882792685547,0.2864482053722942,101.98546241841679,98.74553452474562,XLF,金融,value,Weakening,11.0,0.0,0.0
2025-02-18,51.01201248168945,0.2867309078605371,0.2865424395350419,101.92265750058709,99.13883141672466,XLF,金融,value,Weakening,11.0,0.0,0.0
2025-02-19,51.03157424926758,0.2862604078870593,0.2864484289857144,101.82569014343915,99.182630062256,XLF,金融,value,Weakening,11.0,0.0,0.0
2025-02-20,50.24932861328125,0.28258335940518087,0.2851600724588699,101.51027153518348,98.50949199167516,XLF,金融,value,Weakening,10.0,-1.0,-1.0
2025-02-21,49.62353515625,0.28303702791486424,0.2844523909442014,101.32354980861159,98.34000387977693,XLF,金融,value,Weakening,9.0,-2.0,-2.0
2025-02-24,49.83864974975586,0.2840270398358218,0.2843106072414082,101.25281065941323,98.3265934204196,XLF,金融,value,Weakening,7.0,-4.0,-4.0
2025-02-25,49.82887268066406,0.28368760131979276,0.28410293860086977,101.17338002153276,98.34610200242713,XLF,金融,value,Weakening,7.0,-4.0,-4.0
2025-02-26,49.721309661865234,0.2836735579534324,0.2839598117183907,101.10941777862499,98.46773797897089,XLF,金融,value,Weakening,7.0,-4.0,-4.0
2025-02-27,49.99510192871094,0.28774866948869726,0.2852227643084929,101.30603525148717,99.72496686532918,XLF,金融,value,Weakening,7.0,-3.0,-2.0
2025-02-28,51.021793365478516,0.2904308155271231,0.28695878138136965,101.57399239908871,100.84998531706111,XLF,金融,value,Leading,8.0,-1.0,1.0
2025-03-03,50.59156036376953,0.2910835969902464,0.2883337199176619,101.75488900270699,101.45473557517704,XLF,金融,value,Leading,7.0,0.0,4.0
2025-03-04,48.811954498291016,0.2854563178980885,0.2873745859111374,101.51953468338465,101.01910123336688,XLF,金融,value,Leading,7.0,0.0,4.0
2025-03-05,49.095516204833984,0.2844707481795112,0.28640664000059535,101.29836655594387,100.5890755773368,XLF,金融,value,Leading,7.0,0.0,4.0
2025-03-06,48.2839469909668,0.2829008438827996,0.28523804129466346,101.0534078057452,99.42297848742098,XLF,金融,value,Weakening,7.0,0.0,3.0
2025-03-07,48.02971649169922,0.2787992169433866,0.2830917665109045,100.64188033262604,97.72368903440005,XLF,金融,value,Weakening,5.0,-3.0,-2.0
2025-03-10,46.954132080078125,0.2764516675891647,0.2808784002036579,100.2164686963266,96.54611537693128,XLF,金融,value,Weakening,5.0,-2.0,-2.0
2025-03-11,46.5532341003418,0.2777909271671635,0.27984924252482646,100.00349938647285,96.87549636290625,XLF,金融,value,Weakening,4.0,-3.0,-3.0
2025-03-12,46.621673583984375,0.27951655698023853,0.27973834734329717,99.9598530369943,97.41928916405995,XLF,金融,value,Lagging,3.0,-4.0,-4.0
2025-03-13,46.36745071411133,0.28068322763927855,0.28005330744195767,99.99422931117817,98.06234144639053,XLF,金融,value,Lagging,3.0,-4.0,-4.0
2025-03-14,47.44303512573242,0.2818215812454844,0.2806427320431333,100.08325927290892,99.07498971574002,XLF,金融,value,Weakening,3.0,-2.0,1.0
2025-03-17,48.00038146972656,0.28133576115526643,0.28087374174717766,100.10293027502651,99.95868101027628,XLF,金融,value,Weakening,4.0,-1.0,1.0
2025-03-18,47.941707611083984,0.2824607703332326,0.2814027512758627,100.1845861346985,100.53210999169218,XLF,金融,value,Leading,5.0,1.0,4.0
2025-03-19,48.4697265625,0.28347112991531415,0.2820922108223465,100.3035973432516,100.83375803360713,XLF,金融,value,Leading,5.0,2.0,6.0
2025-03-20,48.53816604614258,0.28505799694115747,0.2830808061952835,100.4921510047772,101.10975986782759,XLF,金融,value,Leading,5.0,2.0,6.0
2025-03-21,48.36216735839844,0.28533140871547963,0.28383100703534886,100.63403711963407,101.18124422452685,XLF,金融,value,Leading,5.0,2.0,4.0
2025-03-24,49.214969635009766,0.28593195970368807,0.28453132459146196,100.76916827296931,101.36218833830137,XLF,金融,value,Leading,6.0,2.0,3.0
2025-03-25,49.48974609375,0.2882173509447201,0.28576000004254803,101.02797852150292,101.63968044760931,XLF,金融,value,Leading,8.0,3.0,2.0
2025-03-26,49.34253692626953,0.2879021384020723,0.2864740461623895,101.16667443135175,101.61866007441007,XLF,金融,value,Leading,10.0,5.0,3.0
2025-03-27,49.24440383911133,0.288070532122644,0.287006208149141,101.26068624264147,101.40457481730438,XLF,金融,value,Leading,10.0,5.0,3.0
2025-03-28,48.2924919128418,0.2869253724009402,0.28697926289974074,101.21983778485038,101.05542429125664,XLF,金融,value,Leading,9.0,4.0,2.0
2025-03-31,48.88130569458008,0.2880263518127492,0.28732829253741027,101.2680311611863,100.888045301498,XLF,金融,value,Leading,8.0,2.0,0.0
2025-04-01,48.82242202758789,0.28738077244759896,0.2873457858408065,101.23590886586345,100.3707187265105,XLF,金融,value,Leading,8.0,0.0,-3.0
2025-04-02,49.22477722167969,0.28734645734938247,0.2873460096769985,101.20064099403073,100.06503620226741,XLF,金融,value,Leading,7.0,-3.0,-8.0
2025-04-03,46.80083084106445,0.28686236113948116,0.2871847934978261,101.12779964651378,99.77533912107214,XLF,金融,value,Weakening,6.0,-4.0,-9.0
2025-04-04,43.37590026855469,0.2816850229911527,0.2853515366622683,100.6418362768044,99.01067670353689,XLF,金融,value,Weakening,5.0,-4.0,-8.0
2025-04-07,43.2679557800293,0.2833455323953795,0.2846828685733054,100.44643256869335,98.62539134777265,XLF,金融,value,Weakening,5.0,-3.0,-5.0
2025-04-08,43.10111999511719,0.2876791823715986,0.28568163983940315,100.68331438905744,99.10885437471825,XLF,金融,value,Weakening,7.0,-1.0,-1.0
2025-04-09,46.349403381347656,0.28645194771098587,0.28593840912993074,100.72837468083972,99.2588762703192,XLF,金融,value,Weakening,7.0,0.0,3.0
2025-04-10,45.054019927978516,0.28814638876777043,0.286674402342544,100.90658470197434,99.69168488526658,XLF,金融,value,Weakening,7.0,1.0,5.0
2025-04-11,45.79985046386719,0.28854126812311703,0.28729669093606836,101.06342626401701,100.77117096931667,XLF,金融,value,Leading,7.0,2.0,6.0
2025-04-14,46.27090072631836,0.28783156667991094,0.28747498285068257,101.10663506930781,101.14139237957161,XLF,金融,value,Leading,7.0,2.0,5.0
2025-04-15,46.3886604309082,0.28949914839390883,0.28814970469842466,101.31234552437088,101.05570251326117,XLF,金融,value,Leading,8.0,1.0,2.0
2025-04-16,45.66245651245117,0.28867344876600165,0.2883242860542837,101.35740701463169,101.02876310519139,XLF,金融,value,Leading,8.0,1.0,1.0
2025-04-17,45.78022766113281,0.2872828408651425,0.28797713765790334,101.22766869173692,100.50855895548217,XLF,金融,value,Leading,7.0,0.0,-1.0
2025-04-21,44.798866271972656,0.28689202363859995,0.2876154329848022,101.0845477200804,100.01944867123918,XLF,金融,value,Leading,6.0,-1.0,-3.0
2025-04-22,46.28071212768555,0.2892498716851521,0.28816024588491884,101.25823030533982,100.24882430838217,XLF,金融,value,Leading,7.0,0.0,-2.0
2025-04-23,46.83026885986328,0.2898802138548504,0.28873356854156274,101.44807761606947,100.23466255748221,XLF,金融,value,Leading,8.0,0.0,-1.0
2025-04-24,47.35038757324219,0.28822319230947846,0.288563443130868,101.36911569878168,100.03310462249524,XLF,金融,value,Leading,9.0,1.0,0.0
2025-04-25,47.12467575073242,0.28726040454871044,0.28812909693681554,101.1856510681923,99.9493560123752,XLF,金融,value,Weakening,8.0,1.0,1.0
2025-04-28,47.27187728881836,0.2873511758868415,0.28786978992015755,101.057721215161,99.98405069132866,XLF,金融,value,Weakening,8.0,2.0,3.0
2025-04-29,47.76255798339844,0.28864927461604317,0.28812961815211946,101.13321975499167,99.83235344380847,XLF,金融,value,Weakening,9.0,2.0,2.0
2025-04-30,47.85087966918945,0.28877270952135703,0.28834398194186533,101.18489826785348,99.61714247972847,XLF,金融,value,Weakening,9.0,1.0,1.0
2025-05-01,47.84107208251953,0.28910662600459147,0.28859819662944075,101.2490759223446,99.88464313662647,XLF,金融,value,Weakening,10.0,1.0,0.0
2025-05-02,48.83223342895508,0.28998032377203664,0.28905890567697273,101.39008095980324,100.47060898214289,XLF,金融,value,Leading,10.0,2.0,1.0
2025-05-05,48.5181999206543,0.2890740977618838,0.2890639697052764,101.34414226740104,100.6246227560559,XLF,金融,value,Leading,10.0,2.0,0.0
2025-05-06,48.24342346191406,0.28958362795319004,0.28923718912124763,101.36529249365009,100.5284647059656,XLF,金融,value,Leading,10.0,1.0,-1.0
2025-05-07,48.52801513671875,0.28938595798408945,0.28928677874219494,101.33820786745223,100.3878491456518,XLF,金融,value,Leading,10.0,1.0,0.0
2025-05-08,48.93037033081055,0.28935103703723086,0.2893081981738736,101.30706424281325,100.22519732451147,XLF,金融,value,Leading,10.0,0.0,-1.0
2025-05-09,48.93037033081055,0.2894181268287752,0.28934484105884084,101.28860793289248,99.95256493316123,XLF,金融,value,Weakening,10.0,0.0,-2.0
2025-05-12,49.92154312133789,0.28740331737779623,0.28869766649849266,101.01530761475807,99.5578091687569,XLF,金融,value,Weakening,10.0,0.0,-2.0
2025-05-13,50.12763214111328,0.2879402295816118,0.2884451875261991,100.89883896269518,99.3284019809579,XLF,金融,value,Weakening,9.0,-1.0,-2.0
2025-05-14,49.990234375,0.2888904898385793,0.28859362163032587,100.93488393589587,99.45191881878024,XLF,金融,value,Weakening,9.0,-1.0,-2.0
2025-05-15,50.32389450073242,0.2881917868453663,0.288459676702006,100.86559980587879,99.38751662972321,XLF,金融,value,Weakening,8.0,-2.0,-2.0
2025-05-16,50.628116607666016,0.28711503736646043,0.2880114635901575,100.68550480538015,99.10641512378466,XLF,金融,value,Weakening,8.0,-2.0,-2.0
2025-05-19,50.657554626464844,0.28731388040574174,0.2877789358620189,100.58963917142889,99.4230788392449,XLF,金融,value,Weakening,8.0,-2.0,-2.0
2025-05-20,50.38277816772461,0.2865036949148954,0.2873538555463111,100.425192079575,99.34324639913368,XLF,金融,value,Weakening,7.0,-2.0,-1.0
2025-05-21,49.35235595703125,0.2868934886337842,0.28720039990880214,100.35607781820784,99.15612379672149,XLF,金融,value,Weakening,7.0,-2.0,-1.0
2025-05-22,49.29347229003906,0.28746797739016205,0.2872895924025888,100.37346109772703,99.29961010988475,XLF,金融,value,Weakening,7.0,-1.0,1.0
2025-05-23,49.11682891845703,0.2875879805089334,0.2873890551047037,100.39361693611474,99.63913047681119,XLF,金融,value,Weakening,7.0,-1.0,1.0
2025-05-27,49.98042297363281,0.2872886043099996,0.287355571506469,100.36344035170045,99.73907376547085,XLF,金融,value,Weakening,7.0,-1.0,1.0
2025-05-28,49.64676284790039,0.2878180647453262,0.2875097359194214,100.40248438487978,100.088629437556,XLF,金融,value,Leading,7.0,0.0,2.0
2025-05-29,49.901912689208984,0.28859247300489005,0.2878706482812443,100.52289632818476,100.42441889300723,XLF,金融,value,Leading,7.0,0.0,2.0
2025-05-30,50.00986099243164,0.2893315506156661,0.28835761572605156,100.69608036614011,100.70632293031291,XLF,金融,value,Leading,7.0,0.0,1.0
2025-06-02,50.02949142456055,0.28921559114654705,0.28864360753288343,100.80087010289458,100.86595766181402,XLF,金融,value,Leading,7.0,0.0,1.0
2025-06-03,50.12763214111328,0.2873903706564017,0.2882258619073895,100.63701287596079,100.62416732348102,XLF,金融,value,Leading,7.0,0.0,1.0
2025-06-04,49.84303283691406,0.28640212153291733,0.28761794844923216,100.40109013006209,100.12560019290818,XLF,金融,value,Leading,7.0,0.0,0.0
2025-06-05,49.70564270019531,0.28638650246340064,0.287207466453955,100.2358551559876,99.6019664092503,XLF,金融,value,Weakening,7.0,0.0,0.0
2025-06-06,50.32389450073242,0.2874660543520857,0.2872936624199986,100.24654293584454,99.27753502774145,XLF,金融,value,Weakening,7.0,0.0,0.0
2025-06-09,50.04911804199219,0.2858484071015488,0.28681191064718203,100.02846908571087,98.58318612060073,XLF,金融,value,Weakening,6.0,-1.0,-1.0
2025-06-10,50.108001708984375,0.2847666470022384,0.2861301560988675,99.69976087241182,98.16185155980699,XLF,金融,value,Lagging,6.0,-1.0,-1.0
2025-06-11,50.04911804199219,0.28524193724418057,0.2858340831473052,99.49574950778499,98.15337530228973,XLF,金融,value,Lagging,6.0,-1.0,-1.0
2025-06-12,50.04911804199219,0.2845745933795319,0.2854142532247141,99.20089429587216,97.87393850832648,XLF,金融,value,Lagging,4.0,-3.0,-3.0
2025-06-13,49.028507232666016,0.2821824486930783,0.28433698504750216,98.53419448069658,96.75873378337722,XLF,金融,value,Lagging,1.0,-6.0,-6.0
2025-06-16,49.58787536621094,0.28267630785342684,0.28378342598281037,98.0871834766211,96.7065591138228,XLF,金融,value,Lagging,1.0,-5.0,-4.0
2025-06-17,49.303287506103516,0.2837799900316834,0.28378228066576805,97.94371398256115,97.26802366477612,XLF,金融,value,Lagging,1.0,-5.0,-4.0
2025-06-18,49.283660888671875,0.2836349879484808,0.28373318309333895,97.80441625143317,97.54766709820854,XLF,金融,value,Lagging,1.0,-5.0,-4.0
2025-06-20,49.421051025390625,0.2839613956889281,0.28380925395853535,97.80603215693064,98.1068202294088,XLF,金融,value,Lagging,1.0,-3.0,0.0
2025-06-23,50.04338836669922,0.28502090568806265,0.2842131378683778,98.0472089452475,99.53671826856942,XLF,金融,value,Lagging,1.0,0.0,6.0
2025-06-24,50.79178237915039,0.2865700511164918,0.28499877561774917,98.54318105004191,101.02400667269133,XLF,金融,value,Improving,1.0,0.0,5.0
2025-06-25,50.62437438964844,0.28770124750473036,0.28589959958007627,99.13260521800981,102.13416869722317,XLF,金融,value,Improving,6.0,5.0,10.0
2025-06-26,50.99856948852539,0.287656914208972,0.2864853711230415,99.51796736534435,102.79390640698817,XLF,金融,value,Improving,6.0,5.0,10.0
2025-06-27,51.14627456665039,0.2874374528197608,0.2868027316886146,99.72908696318754,102.90305813153724,XLF,金融,value,Improving,7.0,6.0,9.0
2025-06-30,51.5697021484375,0.288461618889344,0.28735569408885775,100.08894413919818,102.8520395963179,XLF,金融,value,Leading,7.0,6.0,6.0
2025-07-01,51.85527420043945,0.28669888582341074,0.2871367580003754,99.94689350630684,101.94491728500685,XLF,金融,value,Improving,7.0,6.0,6.0
2025-07-02,51.81588363647461,0.28582818403539756,0.28670056667871613,99.66691660078958,100.82474919079586,XLF,金融,value,Improving,6.0,0.0,-5.0
2025-07-03,52.377174377441406,0.28753581642689646,0.2869789832614429,99.85379502807784,100.564956602015,XLF,金融,value,Improving,6.0,0.0,-5.0
2025-07-07,51.874969482421875,0.28707318729043785,0.2870103846044412,99.87627143476463,100.31974071544812,XLF,金融,value,Improving,6.0,-1.0,-7.0
2025-07-08,51.41215133666992,0.283801284917274,0.28594068470871886,99.16168439465623,98.97086203462037,XLF,金融,value,Lagging,5.0,-2.0,-8.0
2025-07-09,51.599246978759766,0.2839859594580295,0.28528910962515575,98.71197337311709,98.60485684714664,XLF,金融,value,Lagging,4.0,-3.0,-9.0
2025-07-10,51.904510498046875,0.2840207270152564,0.284866315421856,98.4556871259789,98.66416338261746,XLF,金融,value,Lagging,3.0,-3.0,-3.0
2025-07-11,51.362911224365234,0.2831297790118634,0.2842874699518585,98.13519696782338,98.11738938028006,XLF,金融,value,Lagging,1.0,-5.0,-5.0
2025-07-14,51.74695587158203,0.2849531808228287,0.28450937357551526,98.33797576057886,98.39346918968226,XLF,金融,value,Lagging,2.0,-4.0,-3.0
2025-07-15,50.86071014404297,0.2840112796497668,0.2843433422669325,98.30411932882127,99.21642897883132,XLF,金融,value,Lagging,1.0,-4.0,-2.0
2025-07-16,51.215206146240234,0.2848798161594643,0.28452216689777643,98.47248677046616,99.95679641652235,XLF,金融,value,Lagging,1.0,-3.0,0.0
2025-07-17,51.70756530761719,0.285292605955293,0.2847789799169486,98.6746084564849,100.50880473275528,XLF,金融,value,Improving,3.0,0.0,3.0
2025-07-18,51.73711013793945,0.28556411626840694,0.28504069203410143,98.86830828013882,101.11528535125318,XLF,金融,value,Improving,4.0,3.0,8.0
2025-07-21,51.58940124511719,0.28572617751995755,0.2852691871960535,99.0341274900101,101.05802076197106,XLF,金融,value,Improving,4.0,2.0,6.0
2025-07-22,51.874969482421875,0.28369111422811477,0.2847431628734073,98.76383374823654,100.76793370499477,XLF,金融,value,Improving,3.0,2.0,6.0
2025-07-23,52.28854751586914,0.28360336124856306,0.2843632289984592,98.59336017995123,100.37105906596688,XLF,金融,value,Improving,1.0,0.0,3.0
2025-07-24,52.259010314941406,0.2843534496608321,0.2843599692192502,98.63848512272024,100.19020788787864,XLF,金融,value,Improving,2.0,-1.0,-1.0
2025-07-25,52.62335205078125,0.2849631447641867,0.2845610277342291,98.7941196889478,100.14714587801038,XLF,金融,value,Improving,2.0,-2.0,-5.0
2025-07-28,52.259010314941406,0.2846734267098481,0.28459849405943544,98.8535767260429,100.02476568782924,XLF,金融,value,Improving,2.0,-2.0,-4.0
2025-07-29,51.99313735961914,0.2833617768797959,0.28418625499955563,98.66576015573543,100.12305568297272,XLF,金融,value,Improving,2.0,-1.0,-3.0
2025-07-30,51.89466094970703,0.2846716975035961,0.28434806916756916,98.79758671712668,100.47144902113979,XLF,金融,value,Improving,3.0,2.0,2.0
2025-07-31,51.5697021484375,0.2854926032077785,0.28472958051430564,99.04278856743122,100.69111416314371,XLF,金融,value,Improving,5.0,3.0,4.0
2025-08-01,50.614532470703125,0.28339944273139367,0.28428620125333504,98.83068515463732,100.2582200754601,XLF,金融,value,Improving,4.0,2.0,4.0
2025-08-04,51.11673355102539,0.2827540228255177,0.2837754751107293,98.5866041572444,99.91218052419654,XLF,金融,value,Lagging,2.0,0.0,2.0
2025-08-05,50.90994644165039,0.28239378242376595,0.28331491088174154,98.38017061534903,99.90077211377594,XLF,金融,value,Lagging,2.0,0.0,1.0
2025-08-06,51.156124114990234,0.28439555861581517,0.2836751267930994,98.6207166868981,100.03601079309088,XLF,金融,value,Improving,3.0,0.0,-2.0
2025-08-07,50.584983825683594,0.2813896438985627,0.2829132991615872,98.24178639065308,99.32162222723835,XLF,金融,value,Lagging,2.0,-3.0,-6.0
2025-08-08,51.057655334472656,0.283507062312398,0.2831112202118575,98.39702521132709,99.76154755783779,XLF,金融,value,Lagging,3.0,-1.0,-3.0
2025-08-11,51.037960052490234,0.28417375885349855,0.28346539975907115,98.6303732647699,100.31887115509507,XLF,金融,value,Improving,3.0,1.0,1.0
2025-08-12,51.658329010009766,0.2840189915895324,0.2836499303692249,98.77117964360733,100.70980706600511,XLF,金融,value,Improving,5.0,3.0,3.0
2025-08-13,51.9537467956543,0.28162221569714063,0.2829740254785302,98.42123805073308,100.01519912386667,XLF,金融,value,Improving,3.0,0.0,0.0
2025-08-14,52.199920654296875,0.28480936359734027,0.2835858048514669,98.81411278048455,100.89362852760001,XLF,金融,value,Improving,5.0,3.0,6.0
2025-08-15,51.658329010009766,0.2825519619469434,0.28324119054995905,98.64309801446481,100.501279493722,XLF,金融,value,Improving,3.0,0.0,1.0
2025-08-18,51.697715759277344,0.2828282697585101,0.28310355028614276,98.60196778199906,100.1726061793237,XLF,金融,value,Improving,3.0,0.0,-1.0
2025-08-19,51.79618835449219,0.28204644585243166,0.2827511821415724,98.44038452872807,99.81943537546816,XLF,金融,value,Lagging,3.0,-2.0,-5.0
2025-08-20,52.06206130981445,0.2837526077304003,0.2830849906711817,98.686455010339,100.49807294586235,XLF,金融,value,Improving,3.0,0.0,0.0
2025-08-21,51.89466094970703,0.283829354970327,0.2833331121042302,98.87291620685042,100.24698905857595,XLF,金融,value,Improving,3.0,-2.0,-5.0
2025-08-22,52.75136947631836,0.28300318881790254,0.2832231376754543,98.84258876951826,100.39780348238864,XLF,金融,value,Improving,2.0,-1.0,-1.0
2025-08-25,52.446102142333984,0.2835351467794898,0.2833271407101328,98.93824821182388,100.54407384648025,XLF,金融,value,Improving,2.0,-1.0,-1.0
2025-08-26,52.84983825683594,0.2855204330494946,0.28405823815658676,99.40999571172247,101.2410148372876,XLF,金融,value,Improving,3.0,0.0,2.0
2025-08-27,52.958152770996094,0.2850754179702054,0.2843972980944597,99.64437745192669,101.1956423900622,XLF,金融,value,Improving,5.0,2.0,2.0
2025-08-28,53.02708435058594,0.28558257832562917,0.28479239150484953,99.92308329336332,101.2681063415588,XLF,金融,value,Improving,7.0,4.0,6.0
2025-08-29,53.16495132446289,0.2865375861707399,0.2853741230601463,100.34690251254143,101.71496618996159,XLF,金融,value,Leading,8.0,6.0,7.0
2025-09-02,52.77106475830078,0.286679326165199,0.28580919076183053,100.7094567540746,101.92591286490804,XLF,金融,value,Leading,8.0,6.0,7.0
2025-09-03,52.682437896728516,0.2866420436738142,0.28608680839915845,100.97395311919504,101.64787451834988,XLF,金融,value,Leading,9.0,6.0,6.0
2025-09-04,53.23387908935547,0.2875187933613314,0.2865641367198828,101.3739358088732,101.74597093471986,XLF,金融,value,Leading,9.0,4.0,2.0
2025-09-05,52.259010314941406,0.2819239467631293,0.2850174067342983,100.22408000013074,100.2908385824198,XLF,金融,value,Leading,9.0,2.0,-2.0
2025-09-08,52.29839324951172,0.2823611925442546,0.2841320020042838,99.55212769571398,99.19036946195016,XLF,金融,value,Lagging,5.0,-3.0,-9.0
2025-09-09,52.52488327026367,0.28446024278366994,0.2842414155974125,99.66631312449887,98.94851120338407,XLF,金融,value,Lagging,7.0,-1.0,-7.0
2025-09-10,52.347633361816406,0.283787563244428,0.28409013147975104,99.56233514853018,98.59865519797997,XLF,金融,value,Lagging,6.0,-3.0,-9.0
2025-09-11,53.20433807373047,0.28417359530750014,0.2841179527556674,99.60578594322502,98.2884328959459,XLF,金融,value,Lagging,6.0,-3.0,-7.0
2025-09-12,52.977848052978516,0.2850153858530601,0.284417097121465,99.87276900759505,99.66050171993787,XLF,金融,value,Lagging,7.0,-2.0,-4.0
2025-09-15,52.85968780517578,0.28487722824223277,0.28457047416172093,100.00038247893438,100.42336673426146,XLF,金融,value,Leading,8.0,3.0,6.0
2025-09-16,52.741519927978516,0.28499581180522615,0.2847122533762227,100.10912324343532,100.39214495197524,XLF,金融,value,Leading,8.0,1.0,2.0
2025-09-17,53.25357437133789,0.28748770257948664,0.285637403110644,100.87371043906754,101.26578996483948,XLF,金融,value,Leading,8.0,2.0,5.0
2025-09-18,53.30281448364258,0.28588618086452816,0.2857203290286054,100.915519556065,101.23588251017159,XLF,金融,value,Leading,8.0,2.0,5.0
2025-09-19,53.42097473144531,0.2870196423753507,0.28615343347752054,101.2420578312236,101.26569615741481,XLF,金融,value,Leading,8.0,1.0,3.0
2025-09-22,53.3498420715332,0.28650059720141324,0.2862691547188181,101.29573156762606,101.147316416112,XLF,金融,value,Leading,8.0,0.0,-3.0
2025-09-23,53.11273193359375,0.28487960164606385,0.28580597036123334,100.89324201905868,100.58760887360452,XLF,金融,value,Leading,8.0,0.0,-1.0
2025-09-24,52.964542388916016,0.284748713104054,0.28545355127550687,100.60984870451749,99.47885150125917,XLF,金融,value,Weakening,7.0,-1.0,-3.0
2025-09-25,52.82622528076172,0.28636268663926245,0.28575659639675877,100.88205016881643,99.75377484041464,XLF,金融,value,Weakening,7.0,-1.0,-3.0
2025-09-26,53.21152877807617,0.2856214445982875,0.2857115457972683,100.8758834700043,99.40845692193608,XLF,金融,value,Weakening,7.0,-1.0,-2.0
2025-09-29,53.47827911376953,0.286097433790093,0.2858401751282099,101.04390315957166,99.56421582709325,XLF,金融,value,Weakening,7.0,-1.0,-1.0
2025-09-30,53.22140884399414,0.2839727687505394,0.2852177063356531,100.53699970607619,99.46445825882766,XLF,金融,value,Weakening,6.0,-2.0,-2.0
2025-10-01,52.747188568115234,0.28080597324819356,0.28374712863983326,99.19812307633333,98.26874736960667,XLF,金融,value,Lagging,4.0,-3.0,-2.0
2025-10-02,52.70766830444336,0.2799330437875525,0.2824757670224064,98.03572823389183,96.90895318448099,XLF,金融,value,Lagging,3.0,-4.0,-3.0
2025-10-03,53.07321548461914,0.280886972793777,0.2819461689461966,97.60419372389603,96.81067819066455,XLF,金融,value,Lagging,1.0,-6.0,-5.0
2025-10-06,53.0534553527832,0.280870535896405,0.2815876245962661,97.43061078130208,96.80072664294157,XLF,金融,value,Lagging,1.0,-6.0,-5.0
2025-10-07,53.122615814208984,0.2824777361106581,0.28188432843439676,97.83003930280809,97.72675672382219,XLF,金融,value,Lagging,1.0,-5.0,-3.0
2025-10-08,52.86574172973633,0.2801991725064253,0.2813226097917396,97.51070981765386,98.63782803902072,XLF,金融,value,Lagging,1.0,-3.0,0.0
2025-10-09,52.67803192138672,0.2815335574093,0.2813929256642598,97.71391140062683,99.80330992072572,XLF,金融,value,Lagging,1.0,-2.0,2.0
2025-10-10,51.53199768066406,0.28176129289116103,0.28151571473989356,97.92791110875437,100.35195923057002,XLF,金融,value,Improving,1.0,0.0,6.0
2025-10-13,52.02597427368164,0.2817228794648943,0.28158476964822715,98.0768863765292,100.61976714932129,XLF,金融,value,Improving,1.0,0.0,6.0
2025-10-14,52.59899139404297,0.2824833605672076,0.281884299954554,98.37097073527667,100.51335095990424,XLF,金融,value,Improving,2.0,1.0,6.0
2025-10-15,52.59899139404297,0.28191493059318123,0.2818945101674297,98.44101004128967,100.8466151575318,XLF,金融,value,Improving,2.0,1.0,4.0
2025-10-16,51.136810302734375,0.27670076580006003,0.2801632620449732,97.3844160601113,99.74095032704892,XLF,金融,value,Lagging,1.0,0.0,2.0
2025-10-17,51.551753997802734,0.27753655255876125,0.2792876922162359,97.05863758518856,99.28228429082401,XLF,金融,value,Lagging,1.0,0.0,0.0
2025-10-20,52.15441131591797,0.2780011860220526,0.2788588568181748,97.06636226119977,99.18029247818477,XLF,金融,value,Lagging,1.0,0.0,0.0
2025-10-21,52.09513473510742,0.27641876359987994,0.27804549241207654,96.91100144180601,98.81704080437258,XLF,金融,value,Lagging,1.0,-1.0,-2.0
2025-10-22,51.79874801635742,0.2761780889521369,0.27742302459209667,96.902260277049,98.78379624538,XLF,金融,value,Lagging,1.0,-1.0,-2.0
2025-10-23,51.90742492675781,0.2754516264804349,0.27676589188820944,96.90249804437843,99.70597460045978,XLF,金融,value,Lagging,1.0,0.0,0.0
2025-10-24,52.470558166503906,0.2776829569143346,0.27707158023025114,97.27555314827529,100.30581039856811,XLF,金融,value,Improving,1.0,0.0,0.0
2025-10-27,52.68790817260742,0.2775995046074243,0.2772475550226422,97.53077351231968,100.5112765567939,XLF,金融,value,Improving,1.0,0.0,0.0
2025-10-28,52.35200500488281,0.27821926552743204,0.2775714585242388,97.79840176540566,100.86263965217488,XLF,金融,value,Improving,1.0,0.0,1.0
2025-10-29,51.46283721923828,0.27658707534831417,0.2772433307989306,97.799896818078,100.8608534754562,XLF,金融,value,Improving,1.0,0.0,1.0
2025-10-30,51.60115432739258,0.27852839175217486,0.277671684450012,98.06282293304254,101.06053511230658,XLF,金融,value,Improving,1.0,0.0,0.0
2025-10-31,51.739463806152344,0.27866567302025635,0.2780030139734268,98.26325988257814,100.89163400990289,XLF,金融,value,Improving,3.0,2.0,2.0
2025-11-03,51.522117614746094,0.27817596078757356,0.27806066291147574,98.35195017288414,100.73351906679694,XLF,金融,value,Improving,3.0,2.0,2.0
2025-11-04,51.78886413574219,0.2814779780170786,0.27919976794667667,98.79531405182803,100.8601049484709,XLF,金融,value,Improving,4.0,3.0,3.0
2025-11-05,51.966697692871094,0.2808009923089297,0.279733509400761,99.00861186019942,101.00506551108143,XLF,金融,value,Improving,4.0,3.0,3.0
2025-11-06,51.778987884521484,0.281772276294599,0.2804130983653737,99.26352815706343,100.9703490104552,XLF,金融,value,Improving,4.0,3.0,3.0
2025-11-07,52.14453125,0.2814013579192592,0.28074251821666885,99.39419687916175,100.89275300522941,XLF,金融,value,Improving,4.0,1.0,-1.0
2025-11-10,52.332244873046875,0.28079749479856964,0.28076084374396915,99.41728626099687,100.82618956750467,XLF,金融,value,Improving,4.0,1.0,-1.0
2025-11-11,52.56935501098633,0.2804492718560804,0.28065698644800624,99.39573502657768,100.43660472430196,XLF,金融,value,Improving,4.0,0.0,-3.0
2025-11-12,53.0238151550293,0.282204445844155,0.2811728062467225,99.58689409720832,100.41850259095861,XLF,金融,value,Improving,5.0,1.0,-2.0
2025-11-13,52.342124938964844,0.28176163493847606,0.281369082477307,99.6649051831265,100.27245860435767,XLF,金融,value,Improving,5.0,1.0,-2.0
2025-11-14,51.81850814819336,0.2799703597164531,0.2809028415570224,99.51681545538635,100.04382319513518,XLF,金融,value,Improving,6.0,2.0,1.0
2025-11-17,50.83054733276367,0.2782867536744715,0.28003081226283877,99.2349106330095,99.79377009775473,XLF,金融,value,Lagging,5.0,1.0,0.0
2025-11-18,50.75150680541992,0.2776887854181382,0.2792501366479386,98.9958967942655,99.62577423168378,XLF,金融,value,Lagging,3.0,-1.0,-1.0
2025-11-19,50.9392204284668,0.2795621663225825,0.27935414653948654,99.05852677207105,99.52972589787949,XLF,金融,value,Lagging,3.0,-2.0,-3.0
2025-11-20,50.4946403503418,0.2805448291700715,0.27975104074968155,99.21448903654031,99.60181768487861,XLF,金融,value,Lagging,3.0,-2.0,-3.0
2025-11-21,51.04789733886719,0.27815272947979525,0.27921827032638613,99.06249841453115,99.60913310221574,XLF,金融,value,Lagging,2.0,-4.0,-6.0
2025-11-24,51.26524353027344,0.27818391979021856,0.2788734868143303,98.97949254828687,99.78500624313732,XLF,金融,value,Lagging,2.0,-3.0,-4.0
2025-11-25,51.90742492675781,0.27772305635986744,0.278490009996176,98.88818075913387,99.91850959437778,XLF,金融,value,Lagging,2.0,-1.0,0.0
2025-11-26,52.31248474121094,0.27795088475080665,0.2783103015810529,98.86582153320457,99.86435492611137,XLF,金融,value,Lagging,3.0,0.0,2.0
2025-11-28,52.68790817260742,0.2784401109646363,0.2783535713755807,98.91456592451976,99.7971529438553,XLF,金融,value,Lagging,4.0,1.0,3.0
2025-12-01,52.253204345703125,0.27804457981034486,0.27825057418716875,98.9134492215584,99.94719269913105,XLF,金融,value,Lagging,4.0,2.0,6.0
2025-12-02,52.20381164550781,0.27804487316240367,0.2781820071789137,98.92183737524357,100.0474280494767,XLF,金融,value,Improving,3.0,1.0,4.0
2025-12-03,52.9052619934082,0.2796471671764873,0.2786703938447716,99.11176413498906,100.31720186909473,XLF,金融,value,Improving,3.0,1.0,2.0
2025-12-04,53.01393508911133,0.28013381401592585,0.2791582005684897,99.30436936519031,100.50420178949531,XLF,金融,value,Improving,5.0,2.0,2.0
2025-12-05,53.033695220947266,0.27958142859521606,0.2792992765773985,99.37643687565914,100.50750902404712,XLF,金融,value,Improving,6.0,2.0,1.0
2025-12-08,52.83610153198242,0.28021813880994156,0.2796055639882462,99.50496085199147,100.60036306908904,XLF,金融,value,Improving,7.0,3.0,1.0
2025-12-09,52.638511657714844,0.2796978286374033,0.2796363188712986,99.53697197357201,100.59780170673149,XLF,金融,value,Improving,7.0,4.0,3.0
2025-12-10,53.24116897583008,0.2789752097423159,0.2794159491616377,99.48106423498923,100.3551712081838,XLF,金融,value,Improving,7.0,4.0,3.0
2025-12-11,54.20936584472656,0.2817728442919835,0.28020158087175295,99.7828430994853,100.4418504596623,XLF,金融,value,Improving,8.0,3.0,1.0
2025-12-12,54.28841018676758,0.28410954057057874,0.28150423410469494,100.27597689319977,100.81359594744029,XLF,金融,value,Leading,9.0,3.0,1.0
2025-12-15,54.32792282104492,0.28396398739481454,0.28232415186806814,100.59982676023463,100.97416042138894,XLF,金融,value,Leading,10.0,3.0,0.0
2025-12-16,53.98213577270508,0.2841522175212997,0.282933507085812,100.86194272716135,101.18000519364828,XLF,金融,value,Leading,11.0,4.0,0.0
2025-12-17,53.972259521484375,0.28487057696196716,0.2835791970445304,101.14416997433322,101.46819252257346,XLF,金融,value,Leading,11.0,4.0,0.0
2025-12-18,53.88334274291992,0.28379455221635164,0.28365098210180417,101.21990208518083,101.26444386879801,XLF,金融,value,Leading,11.0,3.0,0.0
2025-12-19,54.17972946166992,0.28431991747272306,0.2838739605587771,101.36250499719756,100.95866768897771,XLF,金融,value,Leading,11.0,2.0,-1.0
2025-12-22,54.844970703125,0.28569332447238277,0.2844804151966457,101.64812028447146,100.91801243279275,XLF,金融,value,Leading,11.0,1.0,-2.0
2025-12-23,54.95402526855469,0.28692853474058005,0.2852964550446238,101.99470319444049,100.96643337133277,XLF,金融,value,Leading,11.0,0.0,-4.0
2025-12-24,55.25144958496094,0.28743942945207124,0.2860107798471063,102.28360671593319,100.94884179362663,XLF,金融,value,Leading,11.0,0.0,-4.0
2025-12-26,55.142391204833984,0.28679805119540464,0.2862732036298724,102.36915397083506,100.9307396400727,XLF,金融,value,Leading,11.0,0.0,-3.0
2025-12-29,54.844970703125,0.2857228255201378,0.28608974425996087,102.28306455609308,100.712784633716,XLF,金融,value,Leading,11.0,0.0,-2.0
2025-12-30,54.70616912841797,0.28545700369884625,0.2858788307395893,102.1721883008511,100.35649928129904,XLF,金融,value,Leading,11.0,0.0,-1.0
2025-12-31,54.29969024658203,0.285776528783803,0.28584473008766054,102.09530720060872,99.96743396848079,XLF,金融,value,Weakening,11.0,0.0,0.0
2026-01-02,54.458316802978516,0.2846793901270663,0.2854562834341291,101.8738559339558,99.4529855146336,XLF,金融,value,Weakening,10.0,-1.0,-1.0
2026-01-05,55.648014068603516,0.2882234396395283,0.28637866883592883,102.1268341072131,99.5228153759634,XLF,金融,value,Weakening,10.0,-1.0,-1.0
2026-01-06,55.91569900512695,0.2861551379201559,0.2863041585306712,102.00324675663617,99.34351635698634,XLF,金融,value,Weakening,10.0,-1.0,-1.0
2026-01-07,55.13248062133789,0.2853480438267964,0.2859854536293796,101.81514524684154,99.11928184806291,XLF,金融,value,Weakening,10.0,-1.0,-1.0
2026-01-08,55.41999053955078,0.28439784546974056,0.28545625090949994,101.57220542418034,98.82156841840059,XLF,金融,value,Weakening,10.0,-1.0,-1.0
2026-01-09,55.25144958496094,0.2818971919187311,0.284269897912577,101.13326230570426,98.54726275276539,XLF,金融,value,Weakening,9.0,-1.0,0.0
2026-01-12,54.81522750854492,0.2794170206205902,0.2826522721485814,100.57077518834154,97.59963020225446,XLF,金融,value,Weakening,9.0,-1.0,0.0
2026-01-13,53.76432800292969,0.27406012943948754,0.27978822457888347,99.60073403825731,96.85161740888292,XLF,金融,value,Lagging,6.0,-4.0,-3.0
2026-01-14,53.68501663208008,0.2724162202148667,0.27733088979087794,98.79872073652606,96.57251654001004,XLF,金融,value,Lagging,5.0,-5.0,-4.0
2026-01-15,53.90312576293945,0.2723168112726947,0.2756595302848169,98.30665092916132,96.69980617745146,XLF,金融,value,Lagging,2.0,-8.0,-7.0
2026-01-16,53.9725227355957,0.2733660125288841,0.27489502436617264,98.13643806829687,97.19761984701572,XLF,金融,value,Lagging,2.0,-7.0,-6.0
2026-01-20,52.7431755065918,0.27118583996507184,0.2736586295658057,97.85078434397273,97.58501404195583,XLF,金融,value,Lagging,2.0,-7.0,-6.0
2026-01-21,53.000938415527344,0.26797384688070613,0.2717637020041059,97.44253513013928,98.13229413075352,XLF,金融,value,Lagging,2.0,-4.0,0.0
2026-01-22,53.34793472290039,0.2693770291149316,0.27096814437438116,97.38994083815393,98.76867544601329,XLF,金融,value,Lagging,2.0,-3.0,2.0
2026-01-23,52.614288330078125,0.2668620795310339,0.2695994560932654,97.22275115923745,99.03242222375626,XLF,金融,value,Lagging,1.0,-1.0,7.0
2026-01-26,52.95137023925781,0.26793820858193895,0.26904570692282326,97.27357559198994,99.22985232790364,XLF,金融,value,Lagging,1.0,-1.0,6.0
2026-01-27,52.544891357421875,0.2662957560960634,0.26812905664723663,97.25623929777858,99.47159276386981,XLF,金融,value,Lagging,1.0,-1.0,6.0
2026-01-28,52.534976959228516,0.2671452550794678,0.2678011227913137,97.36907839326412,99.92377561847893,XLF,金融,value,Lagging,1.0,-1.0,3.0
2026-01-29,53.09016799926758,0.2696148625066332,0.26840570269642017,97.64308949517192,100.21248386456823,XLF,金融,value,Improving,1.0,-1.0,2.0
2026-01-30,52.981109619140625,0.26965868566776785,0.26882336368686943,97.84079889501892,100.53088751465836,XLF,金融,value,Improving,1.0,0.0,1.0
2026-02-02,53.566043853759766,0.2712391049591689,0.26962861077763595,98.0860776122165,100.70589971007514,XLF,金融,value,Improving,1.0,0.0,1.0
2026-02-03,53.070335388183594,0.26944626437255786,0.2695678286426099,98.15301382432416,100.78078616181202,XLF,金融,value,Improving,1.0,0.0,1.0
2026-02-04,53.496646881103516,0.26926480880846376,0.26946682203122785,98.20798836060112,100.73035335122434,XLF,金融,value,Improving,3.0,2.0,3.0
2026-02-05,52.832401275634766,0.2682517859761793,0.2690618100128783,98.2117044872606,100.50451138733838,XLF,金融,value,Improving,3.0,2.0,3.0
2026-02-06,53.794071197509766,0.26813802994641117,0.268753883324056,98.23434212716103,100.36669208871186,XLF,金融,value,Improving,4.0,3.0,3.0
2026-02-09,53.4768180847168,0.2663986114902247,0.2679687927127789,98.18163881004689,100.1222683827292,XLF,金融,value,Improving,4.0,3.0,3.0
2026-02-10,53.09016799926758,0.26353490792002815,0.26649083111519534,98.03178781997734,99.94774945834652,XLF,金融,value,Lagging,4.0,3.0,3.0
2026-02-11,52.28712463378906,0.2590894240562811,0.2640236954288906,97.76320874471074,99.67816715411536,XLF,金融,value,Lagging,4.0,1.0,-1.0
2026-02-12,51.24613952636719,0.25730787202804956,0.2617850876286103,97.57830144080678,99.52566924119951,XLF,金融,value,Lagging,2.0,-1.0,-3.0
2026-02-13,51.206485748291016,0.2544726692372246,0.2593476148314817,97.41224468952834,99.37595255159329,XLF,金融,value,Lagging,3.0,-1.0,-4.0
2026-02-17,51.75175857543945,0.2576268989388131,0.25877404286725886,97.51179242302834,99.52819997032903,XLF,金融,value,Lagging,3.0,-1.0,-4.0
2026-02-18,52.13841247558594,0.25821294467190953,0.25858701013547575,97.644223858012,99.78941866192119,XLF,金融,value,Lagging,3.0,-1.0,-4.0
2026-02-19,51.70219039916992,0.2565945972348541,0.25792287250193524,97.70603217772997,100.08489461305253,XLF,金融,value,Improving,3.0,-1.0,-2.0
2026-02-20,52.03927230834961,0.25706533897587097,0.25763702799324717,97.8032314663193,100.32962727054785,XLF,金融,value,Improving,3.0,1.0,2.0
2026-02-23,50.29438018798828,0.2512029164937599,0.25549232416008477,97.69717271444827,100.37191983180327,XLF,金融,value,Improving,2.0,-1.0,0.0
2026-02-24,50.542236328125,0.2504432781967917,0.2538093088389871,97.66069471356086,100.24110954353047,XLF,金融,value,Improving,1.0,-2.0,-1.0
2026-02-25,51.42459487915039,0.25466530806369075,0.2540946419138883,97.82175095243363,100.25788465243322,XLF,金融,value,Improving,1.0,-2.0,-1.0
2026-02-26,52.0491828918457,0.2563105409669513,0.254833274931576,98.00456769336539,100.35849699825812,XLF,金融,value,Improving,2.0,-1.0,0.0
2026-02-27,50.988372802734375,0.25079268321513976,0.25348641102609726,97.97697765897841,100.24221791892138,XLF,金融,value,Improving,2.0,-1.0,-2.0
2026-03-02,50.85948944091797,0.25062339526895566,0.25253207244038345,97.99064727009807,100.34252495762568,XLF,金融,value,Improving,2.0,0.0,1.0
2026-03-03,50.770263671875,0.2532911952747316,0.2527851133851662,98.10810689381944,100.46932075376554,XLF,金融,value,Improving,2.0,1.0,3.0
2026-03-04,51.057769775390625,0.2537086092263314,0.25309294533222126,98.2184058505265,100.41550064472617,XLF,金融,value,Improving,2.0,1.0,3.0
2026-03-05,50.79008865356445,0.25533596111775037,0.253840617260731,98.35499084031566,100.3679246594469,XLF,金融,value,Improving,1.0,-1.0,0.0
2026-03-06,50.13575744628906,0.2550865382861122,0.2542559242691914,98.45313681255736,100.47609901507232,XLF,金融,value,Improving,1.0,-1.0,0.0
2026-03-09,49.89781951904297,0.25316041811177725,0.25389075555005336,98.48111083697783,100.48796297311534,XLF,金融,value,Improving,1.0,-1.0,-1.0
2026-03-10,49.63013458251953,0.25370470226776193,0.25382873778928955,98.53180147583409,100.42902612510156,XLF,金融,value,Improving,1.0,-1.0,-2.0
2026-03-11,49.213741302490234,0.2524080042516796,0.25335515994341956,98.54699043212493,100.3484688350744,XLF,金融,value,Improving,1.0,-1.0,-2.0
2026-03-12,48.41069793701172,0.252189538116973,0.25296661933460407,98.56831250020204,100.2517333902462,XLF,金融,value,Improving,1.0,0.0,1.0
2026-03-13,48.470184326171875,0.2525124517637243,0.25281523014431084,98.60695464325148,100.2016473980704,XLF,金融,value,Improving,1.0,0.0,1.0
2026-03-16,48.87665939331055,0.252749312316845,0.2527932575351556,98.65326113466125,100.22281160852468,XLF,金融,value,Improving,1.0,0.0,1.0
2026-03-17,49.13443374633789,0.2526696641595404,0.25275205974328385,98.69524771574699,100.22682686301498,XLF,金融,value,Improving,1.0,0.0,1.0
2026-03-18,48.54949951171875,0.25299103653140825,0.25283171867265863,98.74389975341971,100.27235841831776,XLF,金融,value,Improving,2.0,1.0,2.0
2026-03-19,48.56932830810547,0.25329072934808966,0.25298472223113566,98.79547708300613,100.32004927651569,XLF,金融,value,Improving,3.0,2.0,2.0
2026-03-20,48.65855407714844,0.257539495634353,0.2545029800322081,98.9486535307622,100.45474784740694,XLF,金融,value,Improving,3.0,2.0,2.0
2026-03-23,49.0980110168457,0.2571243061144238,0.2553767553929467,99.04806472084918,100.52898044667064,XLF,金融,value,Improving,3.0,2.0,2.0
2026-03-24,49.107975006103516,0.25686828535640016,0.2558739320474312,99.11603565277969,100.56921351283589,XLF,金融,value,Improving,3.0,2.0,2.0
2026-03-25,49.16776657104492,0.2559407928285144,0.2558962189744589,99.14523224158589,100.5653022815049,XLF,金融,value,Improving,3.0,1.0,0.0
2026-03-26,48.87877655029297,0.25679334222039873,0.2561952600564389,99.19560064302395,100.58173948948209,XLF,金融,value,Improving,4.0,1.0,-1.0
2026-03-27,47.64310836791992,0.25378127208000933,0.25539059739762904,99.1551608794325,100.4104829963698,XLF,金融,value,Improving,4.0,1.0,-1.0
2026-03-30,48.19118881225586,0.257233050657988,0.25600474848441535,99.23113642483696,100.40800350170774,XLF,金融,value,Improving,5.0,2.0,0.0
2026-03-31,49.197662353515625,0.2573374115043435,0.2564489694910581,99.29307803342078,100.41786445228513,XLF,金融,value,Improving,5.0,2.0,0.0
2026-04-01,49.267417907714844,0.25687246258260293,0.25659013385490637,99.32905342982605,100.43179696479835,XLF,金融,value,Improving,5.0,2.0,1.0
2026-04-02,49.35710144042969,0.2566070422918455,0.2565957700005528,99.35279264859808,100.40337535088318,XLF,金融,value,Improving,5.0,1.0,0.0
2026-04-06,49.70588302612305,0.25731426533919055,0.2568352684467654,99.39817387460575,100.48008716529671,XLF,金融,value,Improving,5.0,1.0,0.0
2026-04-07,49.70588302612305,0.25788610917615534,0.2571855486898954,99.45465704576858,100.45176394761019,XLF,金融,value,Improving,4.0,-1.0,-3.0
2026-04-08,51.02127456665039,0.25873342171525776,0.2577015063650162,99.53006511035788,100.45638540086239,XLF,金融,value,Improving,4.0,-1.0,-3.0
2026-04-09,51.150821685791016,0.25923322350413425,0.25821207874472224,99.60933156050635,100.48941356671556,XLF,金融,value,Improving,4.0,-1.0,-3.0
2026-04-10,50.5927734375,0.25826957372817355,0.25823124373920603,99.63862907462021,100.48149905085666,XLF,金融,value,Improving,5.0,0.0,-1.0
2026-04-13,51.47966766357422,0.2599156965584569,0.2587927280122897,99.73480136584043,100.51605452617984,XLF,金融,value,Improving,5.0,0.0,-1.0
2026-04-14,51.599246978759766,0.25943644444048913,0.2590073001550228,99.79507353271556,100.49643481809517,XLF,金融,value,Improving,5.0,1.0,2.0
2026-04-15,51.987884521484375,0.26129886568057936,0.25977115533020834,99.93297908723918,100.5385517451089,XLF,金融,value,Improving,4.0,0.0,1.0
2026-04-16,51.84837341308594,0.2594157186639972,0.25965267644147133,99.95319056404938,100.45518006856437,XLF,金融,value,Improving,4.0,0.0,1.0
2026-04-17,52.246978759765625,0.25816755861393814,0.25915763716562695,99.91577629058874,100.35465200952042,XLF,金融,value,Improving,3.0,-2.0,-2.0
2026-04-20,52.44628143310547,0.2583385313668219,0.2588846018993586,99.90888399371204,100.17264835425075,XLF,金融,value,Improving,4.0,-1.0,-1.0
2026-04-21,52.117431640625,0.25830298431374715,0.2586907293708215,99.91209039077881,100.01345762615718,XLF,金融,value,Improving,5.0,0.0,-1.0
2026-04-22,52.027748107910156,0.25797313370705255,0.25845153081623184,99.9040346326713,99.60218098372596,XLF,金融,value,Lagging,6.0,2.0,2.0
2026-04-23,51.619178771972656,0.2559599391007264,0.2576210002443967,99.79059023231537,99.15998958297291,XLF,金融,value,Lagging,4.0,0.0,0.0
2026-04-24,51.24050521850586,0.2546104531759758,0.2566174845549231,99.63809162355794,98.73407992823833,XLF,金融,value,Lagging,4.0,1.0,3.0
2026-04-27,51.629146575927734,0.25684670449161884,0.25669389120048836,99.67846179272568,98.76434402067608,XLF,金融,value,Lagging,4.0,0.0,1.0
2026-04-28,51.669002532958984,0.25836375838731584,0.2572505135960975,99.81091334517613,99.08932159852782,XLF,金融,value,Lagging,5.0,0.0,0.0
2026-04-29,51.7387580871582,0.2591643602454744,0.25788846247922315,99.96434474906467,99.57884568066504,XLF,金融,value,Lagging,7.0,1.0,-1.0
2026-04-30,51.948028564453125,0.2563370548569788,0.2573713266051417,99.89212289913353,99.7140207730471,XLF,金融,value,Lagging,7.0,3.0,3.0
2026-05-01,51.7387580871582,0.2560848595013584,0.256942504237214,99.83525996552598,100.03105372481394,XLF,金融,value,Improving,7.0,3.0,2.0
2026-05-04,51.39994812011719,0.25589668982859604,0.25659389943434135,99.79298612108404,99.80007416116534,XLF,金融,value,Lagging,6.0,2.0,2.0
2026-05-05,51.409912109375,0.25393136888995543,0.25570638925287936,99.61527306780808,98.80975140542,XLF,金融,value,Lagging,6.0,1.0,1.0
2026-05-06,51.65903854370117,0.25315646718249213,0.25485641522941693,99.42125313561245,97.7167980771403,XLF,金融,value,Lagging,6.0,-1.0,-2.0
2026-05-07,51.370052337646484,0.25336052356849953,0.25435778467577785,99.2925125074372,97.65941095992926,XLF,金融,value,Lagging,6.0,-1.0,-4.0
2026-05-08,51.061134338378906,0.2511459142006452,0.25328716118406697,98.95603225055837,97.03291887638514,XLF,金融,value,Lagging,4.0,-3.0,-6.0
2026-05-11,51.0013427734375,0.25098709442698364,0.2525204722650392,98.65372311688941,96.65839682021455,XLF,金融,value,Lagging,3.0,-3.0,-5.0
2026-05-12,51.39994812011719,0.25317212315064236,0.252737689226907,98.67596085794645,97.39419429295789,XLF,金融,value,Lagging,3.0,-3.0,-4.0
2026-05-13,50.812007904052734,0.25137390665134474,0.2522830950350529,98.47095792952712,97.48893970569726,XLF,金融,value,Lagging,3.0,-3.0,-2.0
2026-05-14,51.1109619140625,0.25193412152061767,0.25216677053024117,98.43661167222896,97.77229549595509,XLF,金融,value,Lagging,2.0,-4.0,-3.0
2026-05-15,50.92162322998047,0.25361595826142785,0.2526498331073034,98.68506258971335,99.15523062434367,XLF,金融,value,Lagging,3.0,-1.0,2.0
2026-05-18,51.559391021728516,0.2552222426242465,0.25350730294628443,99.08881648904902,100.91800793155996,XLF,金融,value,Improving,5.0,2.0,5.0
2026-05-19,50.92162322998047,0.2535404846216034,0.2535183635047241,99.12189150013445,100.91659344904866,XLF,金融,value,Improving,5.0,2.0,5.0
2026-05-20,51.47966766357422,0.2535398979263706,0.25352554164527297,99.15295671872948,101.47499183212922,XLF,金融,value,Improving,6.0,3.0,6.0
2026-05-21,51.54942321777344,0.25279204712259745,0.2532810434710478,99.07373759360314,101.3250395061284,XLF,金融,value,Improving,6.0,4.0,8.0
2026-05-22,51.758689880371094,0.2515206657947629,0.25269425091228614,98.84414997463487,100.12443503443009,XLF,金融,value,Improving,5.0,2.0,3.0
2026-05-26,51.669002532958984,0.2498030489403557,0.25173051692164267,98.45800079623646,98.20920628053878,XLF,金融,value,Lagging,5.0,0.0,-2.0
2026-05-27,51.24050521850586,0.24791048477270047,0.2504571728719953,97.99439055328669,97.23031932680323,XLF,金融,value,Lagging,4.0,-1.0,-3.0
2026-05-28,51.09103012084961,0.24628520198384418,0.24906651590927828,97.5729702026926,96.61953579246816,XLF,金融,value,Lagging,1.0,-5.0,-8.0
2026-05-29,51.39994812011719,0.24708618775574273,0.24840640652476642,97.47474227424557,96.9107959161625,XLF,金融,value,Lagging,1.0,-5.0,-9.0
2026-06-01,51.25047302246094,0.24592014302645365,0.24757765202532883,97.33771238719461,97.31073629161713,XLF,金融,value,Lagging,1.0,-4.0,-6.0
2026-06-02,51.280364990234375,0.24509124328867174,0.2467488491131098,97.24738140664198,97.95203704300589,XLF,金融,value,Lagging,3.0,-2.0,-2.0
2026-06-03,50.69242477416992,0.2431959135621936,0.24556453726280442,97.10036017939508,98.55813616185405,XLF,金融,value,Lagging,3.0,-1.0,0.0
2026-06-04,52.007816314697266,0.24763663725562352,0.2462552372604108,97.49434812129788,99.97369575605427,XLF,金融,value,Lagging,3.0,2.0,7.0
2026-06-05,52.117431640625,0.2517407019943245,0.24808372550504873,98.12671515977736,101.22538449731198,XLF,金融,value,Improving,5.0,4.0,9.0
2026-06-08,51.7885856628418,0.25041738484232673,0.24886161195080808,98.40939482823379,101.8879498347009,XLF,金融,value,Improving,7.0,6.0,10.0
2026-06-09,52.27687454223633,0.25086921424804015,0.24953081271655211,98.6398774777836,102.30642355764347,XLF,金融,value,Improving,7.0,4.0,6.0
2026-06-10,52.04767608642578,0.2529862382316963,0.2506826212216002,98.98248659645667,102.8539156752896,XLF,金融,value,Improving,7.0,4.0,5.0
2026-06-11,52.436317443847656,0.2509625436669224,0.2507759287033743,99.0246014832913,102.20123223786386,XLF,金融,value,Improving,8.0,5.0,3.0
2026-06-12,53.153804779052734,0.2521127316617287,0.2512215296894924,99.15836967761805,101.4350113288434,XLF,金融,value,Improving,8.0,3.0,-1.0
2026-06-15,53.3730354309082,0.25168985647903697,0.2513776386193406,99.21043179556514,101.08240268265722,XLF,金融,value,Improving,9.0,2.0,-4.0
2026-06-16,54.1602783203125,0.2562569263301983,0.25300406785629315,99.65459772459411,101.34467525688974,XLF,金融,value,Improving,10.0,3.0,-1.0
2026-06-17,53.861324310302734,0.25872012228506847,0.2549094193325516,100.16774781319012,101.53016625089383,XLF,金融,value,Leading,10.0,3.0,-1.0
2026-06-18,53.382999420166016,0.25523785361412227,0.2550188974264085,100.18906312270936,101.45616512817327,XLF,金融,value,Leading,9.0,1.0,-4.0
2026-06-22,53.70000076293945,0.2561900701616022,0.25540928833813975,100.29206494444263,101.37760457703295,XLF,金融,value,Leading,9.0,1.0,-2.0
2026-06-23,53.880001068115234,0.2579348040861034,0.2562511269207943,100.518353733805,101.55859011156534,XLF,金融,value,Leading,9.0,0.0,-2.0
2026-06-24,53.720001220703125,0.25534746636509803,0.2559499067355622,100.43547066585177,100.86438082169266,XLF,金融,value,Leading,9.0,-1.0,-4.0
2026-06-25,53.45000076293945,0.25242031056878134,0.25477337467996863,100.11835587597119,99.80316966970292,XLF,金融,value,Weakening,9.0,-1.0,-4.0
2026-06-26,53.56999969482422,0.25471922550852233,0.2547553249561532,100.11991366779213,99.78711237377792,XLF,金融,value,Weakening,8.0,-1.0,-2.0
2026-06-29,53.720001220703125,0.2521473853612315,0.253886011757846,99.88757815721173,99.36860629320199,XLF,金融,value,Lagging,8.0,-1.0,-2.0
2026-06-30,53.61000061035156,0.25196221052710843,0.2532447446809335,99.72300960846883,98.89651621659405,XLF,金融,value,Lagging,8.0,-1.0,-1.0
2026-07-01,54.779998779296875,0.2566889922650003,0.2543928272089558,100.04811690468922,99.42934687177866,XLF,金融,value,Weakening,8.0,-1.0,0.0
2026-07-02,55.619998931884766,0.2588060024387366,0.25586388561888274,100.45820766206077,100.35037822240233,XLF,金融,value,Leading,8.0,-1.0,0.0
2026-07-06,56.13999938964844,0.261116276230923,0.2576146824895628,100.93452328169914,100.93354188294846,XLF,金融,value,Leading,9.0,1.0,2.0
2026-07-07,56.04999923706055,0.26102547549146227,0.258751613490196,101.22920715994294,101.5456650315202,XLF,金融,value,Leading,10.0,2.0,3.0
2026-07-08,54.970001220703125,0.2590480773386198,0.25885043477300396,101.23969995524487,101.69574062191958,XLF,金融,value,Leading,10.0,2.0,3.0
2026-07-09,55.540000915527344,0.2601405195106667,0.2592804630188915,101.33905174222045,101.38108110839609,XLF,金融,value,Leading,10.0,2.0,3.0
2026-07-10,55.709999084472656,0.2599626611811926,0.25950786240632523,101.38521980182425,100.92985341317787,XLF,金融,value,Leading,10.0,2.0,3.0
2026-07-13,56.06999969482422,0.2617280530880227,0.26024792596689106,101.55686165339645,100.5625204720271,XLF,金融,value,Leading,10.0,1.0,0.0
2026-07-14,56.18000030517578,0.2631998177952583,0.26123188990968016,101.77935209519057,100.47282649689276,XLF,金融,value,Leading,11.0,1.0,-1.0
2026-07-15,56.560001373291016,0.265577316284453,0.2626803653679378,102.08810239364844,100.81009243750128,XLF,金融,value,Leading,11.0,1.0,-1.0
2026-07-16,56.75,0.26387985048004237,0.26308019373863933,102.12607703911571,100.72843826513643,XLF,金融,value,Leading,11.0,1.0,-1.0
2026-07-17,56.2599983215332,0.2636734292965324,0.2632779389246037,102.10893280651277,100.6456065646365,XLF,金融,value,Leading,11.0,1.0,-1.0
2026-07-20,56.040000915527344,0.2638169729714276,0.2634576169402117,102.07995948973826,100.40736204376414,XLF,金融,value,Leading,11.0,1.0,0.0
2026-07-21,56.11000061035156,0.26372439396048564,0.26354654261363636,102.02874474496042,100.08819170198316,XLF,金融,value,Leading,11.0,0.0,-1.0
2026-07-22,56.04999923706055,0.2635166903678875,0.2635365918650534,101.95812630134333,99.6526487750195,XLF,金融,value,Weakening,11.0,0.0,-1.0
2026-07-23,55.83000183105469,0.2634484820377655,0.2635072219226241,101.88678518702159,99.53037955809091,XLF,金融,value,Weakening,11.0,0.0,-1.0
2026-07-24,56.310001373291016,0.26366062388061495,0.2635583559086211,101.83053673219756,99.48771117291027,XLF,金融,value,Weakening,11.0,0.0,-1.0
2026-07-27,56.880001068115234,0.26433684823950243,0.2638178533522482,101.81249367781902,99.50012294576618,XLF,金融,value,Weakening,11.0,0.0,-1.0
2026-07-28,57.599998474121094,0.2645964345084005,0.26407738040429896,101.79439293573466,99.53853138245235,XLF,金融,value,Weakening,11.0,0.0,0.0
2026-07-29,56.68000030517578,0.2627358338094116,0.2636301982060032,101.64809805202083,99.45569877435216,XLF,金融,value,Weakening,10.0,-1.0,-1.0
2026-07-30,57.0,0.26464852218298307,0.2639696395316632,101.66091174260265,99.55882522549877,XLF,金融,value,Weakening,10.0,-1.0,-1.0
2026-07-31,56.939998626708984,0.2648248922442471,0.2642547237691912,101.65830809827223,99.62613718824869,XLF,金融,value,Weakening,11.0,0.0,0.0
2026-08-03,57.380001068115234,0.2642899954253854,0.2642664809879226,101.60456474357015,99.59295459998842,XLF,金融,value,Weakening,11.0,0.0,0.0
2026-08-04,57.880001068115234,0.2628161567042955,0.2637830395600469,101.46755870376074,99.46543788995281,XLF,金融,value,Weakening,11.0,0.0,0.0
2024-08-05,117.36717224121094,0.7447955020472308,0.7447955020472308,,,XLI,資本財・サービス,value,,,,
2024-08-06,118.7782974243164,0.74609827989905,0.7452297613311705,,,XLI,資本財・サービス,value,,,,
2024-08-07,118.20410919189453,0.7477645370609277,0.7460746865744229,,,XLI,資本財・サービス,value,,,,
2024-08-08,120.9290542602539,0.7513861646912126,0.7478451792800195,,,XLI,資本財・サービス,value,,,,
2024-08-09,120.9485092163086,0.7499288292085495,0.7485397292561962,,,XLI,資本財・サービス,value,,,,
2024-08-12,120.33540344238281,0.7497262785952952,0.7489352457025625,,,XLI,資本財・サービス,value,,,,
2024-08-13,121.60054779052734,0.7490721210514739,0.7489808708188663,,,XLI,資本財・サービス,value,,,,
2024-08-14,122.09687042236328,0.7505634567485272,0.7495083994620866,,,XLI,資本財・サービス,value,,,,
2024-08-15,123.74156951904297,0.7504942121123868,0.7498370036788533,,,XLI,資本財・サービス,value,,,,
2024-08-16,123.56639862060547,0.7476325952974389,0.7491022008850485,,,XLI,資本財・サービス,value,,,,
2024-08-19,124.31576538085938,0.7464842300820073,0.7482295439507015,,,XLI,資本財・サービス,value,,,,
2024-08-20,123.97514343261719,0.7473923526181341,0.7479504801731791,,,XLI,資本財・サービス,value,,,,
2024-08-21,124.72450256347656,0.7466822020970091,0.7475277208144558,,,XLI,資本財・サービス,value,,,,
2024-08-22,124.56879425048828,0.7478730653070408,0.7476428356453175,,,XLI,資本財・サービス,value,,,,
2024-08-23,125.81446838378906,0.7458612698148503,0.7470489803684952,,,XLI,資本財・サービス,value,,,,
2024-08-26,125.67822265625,0.7451817113982082,0.7464265573783996,,,XLI,資本財・サービス,value,,,,
2024-08-27,125.7560806274414,0.7453012801939445,0.7460514649835812,,,XLI,資本財・サービス,value,,,,
2024-08-28,125.69769287109375,0.7470117847369624,0.7463715715680417,,,XLI,資本財・サービス,value,,,,
2024-08-29,126.58331298828125,0.7494730907926291,0.7474054113095708,,,XLI,資本財・サービス,value,,,,
2024-08-30,127.93604278564453,0.7516678370550428,0.7488262198913949,,,XLI,資本財・サービス,value,,,,
2024-09-03,125.10405731201172,0.7445973500505582,0.747416596611116,,,XLI,資本財・サービス,value,,,,
2024-09-04,125.23056030273438,0.7464251290242252,0.7470861074154858,,,XLI,資本財・サービス,value,,,,
2024-09-05,123.7707748413086,0.7422626238630805,0.745478279564684,,,XLI,資本財・サービス,value,,,,
2024-09-06,122.51534271240234,0.7427083756334143,0.7445549782542609,,,XLI,資本財・サービス,value,,,,
2024-09-09,124.39362335205078,0.7468649759461644,0.7453249774848953,,,XLI,資本財・サービス,value,,,,
2024-09-10,124.60771942138672,0.7477158444268179,0.7461219331322029,,,XLI,資本財・サービス,value,,,,
2024-09-11,124.83155822753906,0.7487111645987247,0.7469850102877102,,,XLI,資本財・サービス,value,,,,
2024-09-12,125.79501342773438,0.7498326676877144,0.747934229421045,,,XLI,資本財・サービス,value,,,,
2024-09-13,127.06990814208984,0.7502477731497961,0.7487054106639621,,,XLI,資本財・サービス,value,,,,
2024-09-16,127.72195434570312,0.7486647192144839,0.7486918468474694,,,XLI,資本財・サービス,value,,,,
2024-09-17,128.42263793945312,0.7516632042533874,0.7496822993161087,,,XLI,資本財・サービス,value,,,,
2024-09-18,128.3155975341797,0.7524430736875674,0.7506025574399283,,,XLI,資本財・サービス,value,,,,
2024-09-19,130.5247039794922,0.7573174316215178,0.7528408488337915,,,XLI,資本財・サービス,value,,,,
2024-09-20,129.6099395751953,0.7547646639939563,0.7534821205538466,,,XLI,資本財・サービス,value,,,,
2024-09-23,130.47984313964844,0.7559597359068999,0.7543079923381977,,,XLI,資本財・サービス,value,,,,
2024-09-24,131.41717529296875,0.7602776511514833,0.7562978786092929,,,XLI,資本財・サービス,value,,,,
2024-09-25,130.8020782470703,0.7614269400998318,0.7580075657728059,,,XLI,資本財・サービス,value,,,,
2024-09-26,131.4562225341797,0.758882573320159,0.758299234955257,,,XLI,資本財・サービス,value,,,,
2024-09-27,131.6417236328125,0.7572353101903,0.757944593366938,,,XLI,資本財・サービス,value,,,,
2024-09-30,132.2373046875,0.7596847199854415,0.7585246355731059,,,XLI,資本財・サービス,value,,,,
2024-10-01,132.30564880371094,0.7641291644142901,0.7603928118535007,,,XLI,資本財・サービス,value,,,,
2024-10-02,132.06153869628906,0.7635332237394067,0.7614396158154695,,,XLI,資本財・サービス,value,,,,
2024-10-03,131.38787841796875,0.7632399046596742,0.7620397120968712,,,XLI,資本財・サービス,value,,,,
2024-10-04,132.30564880371094,0.7625884999901936,0.7622226413946454,,,XLI,資本財・サービス,value,,,,
2024-10-07,131.9834442138672,0.7666995813570484,0.7637149547154465,,,XLI,資本財・サービス,value,,,,
2024-10-08,132.2763671875,0.7665838818545625,0.7646712637618186,,,XLI,資本財・サービス,value,,,,
2024-10-09,133.45773315429688,0.7681536004024551,0.7658320426420309,,,XLI,資本財・サービス,value,,,,
2024-10-10,132.77430725097656,0.7670940643745666,0.7662527165528762,,,XLI,資本財・サービス,value,,,,
2024-10-11,135.14683532714844,0.7732058895756508,0.7685704408938012,,,XLI,資本財・サービス,value,,,,
2024-10-14,135.9571990966797,0.7721764693800491,0.7697724503892173,,,XLI,資本財・サービス,value,,,,
2024-10-15,134.91250610351562,0.7697258425620331,0.7697569144468226,,,XLI,資本財・サービス,value,,,,
2024-10-16,135.9571990966797,0.7704757236906846,0.76999651752811,,,XLI,資本財・サービス,value,,,,
2024-10-17,135.56666564941406,0.7694912738127078,0.7698281029563093,,,XLI,資本財・サービス,value,,,,
2024-10-18,135.9767303466797,0.7695271805960457,0.7697277955028882,,,XLI,資本財・サービス,value,,,,
2024-10-21,135.49832153320312,0.7734111202184151,0.770955570408064,,,XLI,資本財・サービス,value,,,,
2024-10-22,133.85804748535156,0.7674962926671361,0.7698024778277547,,,XLI,資本財・サービス,value,,,,
2024-10-23,133.46751403808594,0.7677804945787065,0.7691284834114054,,,XLI,資本財・サービス,value,,,,
2024-10-24,132.5497283935547,0.7623304403472004,0.7668624690566705,,,XLI,資本財・サービス,value,,,,
2024-10-25,132.19822692871094,0.7639373320019879,0.7658874233717764,,,XLI,資本財・サービス,value,,,,
2024-10-28,132.58877563476562,0.7618738403883345,0.7645495623772959,,,XLI,資本財・サービス,value,,,,
2024-10-29,132.41302490234375,0.7631647775352274,0.7640879674299398,,,XLI,資本財・サービス,value,,,,
2024-10-30,132.1884765625,0.7635380286377528,0.7639046544992109,,,XLI,資本財・サービス,value,,,,
2024-10-31,130.66539001464844,0.7628748522720045,0.7635613870901421,100.90046109670705,,XLI,資本財・サービス,value,,8.0,,
2024-11-01,130.8411102294922,0.7634244258337721,0.7635157333380188,100.86707319381617,,XLI,資本財・サービス,value,,8.0,,
2024-11-04,130.69467163085938,0.7616632154771222,0.7628982273843867,100.77183025788251,,XLI,資本財・サービス,value,,8.0,,
2024-11-05,132.88169860839844,0.765480245177718,0.7637588999821638,100.84082711501716,,XLI,資本財・サービス,value,,8.0,,
2024-11-06,138.0856475830078,0.7770612073514253,0.7681930024385843,101.29664743316233,,XLI,資本財・サービス,value,,8.0,,
2024-11-07,137.25575256347656,0.7716317538311617,0.7693392529027769,101.37582869204248,,XLI,資本財・サービス,value,,8.0,0.0,
2024-11-08,138.73004150390625,0.7755987427055785,0.7714257495037109,101.54719421265808,,XLI,資本財・サービス,value,,8.0,0.0,
2024-11-11,139.80404663085938,0.7777167656136084,0.7735227548736768,101.704442717374,,XLI,資本財・サービス,value,,8.0,0.0,
2024-11-12,138.60313415527344,0.7769572494936966,0.7746675864136834,101.75065729068835,,XLI,資本財・サービス,value,,8.0,0.0,
2024-11-13,138.89602661132812,0.7781752992952328,0.7758368240408665,101.79305081179778,,XLI,資本財・サービス,value,,8.0,0.0,
2024-11-14,136.5527801513672,0.7712180285873297,0.7742972255563543,101.57192311927955,,XLI,資本財・サービス,value,,8.0,0.0,0.0
2024-11-15,135.8205108642578,0.7725937549040439,0.7737294020055842,101.46088159758456,,XLI,資本財・サービス,value,,8.0,0.0,0.0
2024-11-18,135.635009765625,0.7684382895445947,0.771965697851921,101.24112726426945,,XLI,資本財・サービス,value,,7.0,-1.0,-1.0
2024-11-19,135.51783752441406,0.7698508874443002,0.7712607610493808,101.13383721603324,,XLI,資本財・サービス,value,,7.0,-1.0,-1.0
2024-11-20,135.664306640625,0.7680969684738769,0.7702061635242129,100.9955051501528,,XLI,資本財・サービス,value,,7.0,-1.0,-1.0
2024-11-21,137.36317443847656,0.7680405295127847,0.7694842855204035,100.89352873388118,,XLI,資本財・サービス,value,,7.0,-1.0,-1.0
2024-11-22,139.2768096923828,0.7726541082917526,0.7705408931108533,100.972965709117,,XLI,資本財・サービス,value,,7.0,-1.0,-1.0
2024-11-25,140.14578247070312,0.7704977828648818,0.7705265230288629,100.94359825197726,,XLI,資本財・サービス,value,,7.0,0.0,1.0
2024-11-26,140.31175231933594,0.7713279498322794,0.7707936652966685,100.94413617969725,,XLI,資本財・サービス,value,,7.0,0.0,1.0
2024-11-27,139.7942657470703,0.7692226378341163,0.7702699894758178,100.86145307700104,,XLI,資本財・サービス,value,,8.0,1.0,2.0
2024-11-29,140.5851287841797,0.7712242882672273,0.7705880890729544,100.86853416125997,,XLI,資本財・サービス,value,,8.0,1.0,2.0
2024-12-02,139.55018615722656,0.7674693033207606,0.7695484938222232,100.7298020248635,,XLI,資本財・サービス,value,,8.0,1.0,2.0
2024-12-03,138.67149353027344,0.7660340349992878,0.7683770075479115,100.5747051533679,,XLI,資本財・サービス,value,,8.0,1.0,1.0
2024-12-04,139.2768096923828,0.7693366135364345,0.7686968762107524,100.58806446696954,,XLI,資本財・サービス,value,,8.0,1.0,1.0
2024-12-05,137.5877227783203,0.7638188072957349,0.76707085323908,100.36893883169081,,XLI,資本財・サービス,value,,7.0,-1.0,-2.0
2024-12-06,137.2362060546875,0.7627313308146727,0.7656243457642776,100.15759966712048,,XLI,資本財・サービス,value,,7.0,-1.0,-2.0
2024-12-09,136.04507446289062,0.7592271795640808,0.7634919570308787,99.83879253383421,,XLI,資本財・サービス,value,,7.0,-1.0,-2.0
2024-12-10,135.713134765625,0.7620435467115058,0.7630091535910878,99.72574086659904,,XLI,資本財・サービス,value,,7.0,-1.0,-2.0
2024-12-11,135.4006805419922,0.7595847117126417,0.7618676729649392,99.50843409482114,,XLI,資本財・サービス,value,,7.0,-1.0,-2.0
2024-12-12,134.53172302246094,0.7574760920473039,0.7604038126590609,99.22616382922274,,XLI,資本財・サービス,value,,6.0,-1.0,0.0
2024-12-13,134.18023681640625,0.7581514134324058,0.7596530129168426,99.03276589253015,,XLI,資本財・サービス,value,,6.0,-1.0,0.0
2024-12-16,134.2974090576172,0.7613210337229532,0.7602090198522129,99.04888983750061,,XLI,資本財・サービス,value,,6.0,-1.0,0.0
2024-12-17,133.06719970703125,0.7603356685352991,0.7602512360799083,98.97877610755312,,XLI,資本財・サービス,value,,6.0,-1.0,0.0
2024-12-18,129.30824279785156,0.7613865511941081,0.7606296744513084,98.98554372338555,,XLI,資本財・サービス,value,,6.0,-1.0,0.0
2024-12-19,129.14227294921875,0.7629408132915817,0.7614000540647329,99.07058445547501,,XLI,資本財・サービス,value,,6.0,0.0,1.0
2024-12-20,130.65562438964844,0.7612202606906827,0.7613401229400495,98.99867249191148,,XLI,資本財・サービス,value,,6.0,0.0,1.0
2024-12-23,130.6261749267578,0.7600125036443809,0.7608975831748267,98.86471677350659,,XLI,資本財・サービス,value,,4.0,-2.0,-1.0
2024-12-24,131.6466827392578,0.7602143150248645,0.7606698271248393,98.7914415163058,,XLI,資本財・サービス,value,,4.0,-2.0,-1.0
2024-12-26,131.74481201171875,0.7595408320490356,0.7602934954329048,98.69039853135243,,XLI,資本財・サービス,value,,4.0,-2.0,-1.0
2024-12-27,130.7635498046875,0.7590462312344709,0.7598777407000936,98.57821828842985,,XLI,資本財・サービス,value,,4.0,-2.0,-2.0
2024-12-30,129.4486541748047,0.7590605613965957,0.7596053475989277,98.50569918508621,,XLI,資本財・サービス,value,,4.0,-2.0,-2.0
2024-12-31,129.29165649414062,0.7567554870916967,0.7586553940965174,98.31819660841313,,XLI,資本財・サービス,value,,2.0,-2.0,0.0
2025-01-02,128.8402862548828,0.7563148073903131,0.7578751985277827,98.19305640717432,,XLI,資本財・サービス,value,,1.0,-3.0,-1.0
2025-01-03,130.23367309570312,0.7575568680633238,0.7577690883729631,98.22034208829844,,XLI,資本財・サービス,value,,2.0,-2.0,0.0
2025-01-06,129.9490966796875,0.7564163337050424,0.7573181701503229,98.18232765678506,,XLI,資本財・サービス,value,,1.0,-3.0,-1.0
2025-01-07,129.82154846191406,0.7582126931159905,0.7576163444722122,98.30152821620929,,XLI,資本財・サービス,value,,1.0,-3.0,-1.0
2025-01-08,130.33180236816406,0.7602835900939292,0.758505426346118,98.52593325754147,,XLI,資本財・サービス,value,,3.0,1.0,3.0
2025-01-10,128.8697052001953,0.762906192475619,0.759972348389285,98.8468508293706,,XLI,資本財・サービス,value,,3.0,2.0,5.0
2025-01-13,130.38084411621094,0.7655772431980136,0.7618406466588612,99.22930044933241,,XLI,資本財・サービス,value,,4.0,2.0,4.0
2025-01-14,131.9214324951172,0.768420314460635,0.7640338692594525,99.66924628555164,,XLI,資本財・サービス,value,,5.0,4.0,7.0
2025-01-15,132.75550842285156,0.7659273931750905,0.7646650438979986,99.80701206724193,,XLI,資本財・サービス,value,,6.0,5.0,8.0
2025-01-16,134.36477661132812,0.769154575723476,0.7661615545064911,100.11155838189052,,XLI,資本財・サービス,value,,6.0,3.0,2.0
2025-01-17,135.16943359375,0.7700219337838424,0.7674483475989416,100.3744765142751,,XLI,資本財・サービス,value,,7.0,4.0,2.0
2025-01-21,137.94642639160156,0.7768238584231032,0.7705735178736622,100.98773883393773,,XLI,資本財・サービス,value,,9.0,5.0,3.0
2025-01-22,137.62261962890625,0.7777332157724205,0.7729600838399151,101.43173818916789,,XLI,資本財・サービス,value,,11.0,6.0,2.0
2025-01-23,139.01600646972656,0.7819023843399694,0.7759408506732666,101.95155437220957,,XLI,資本財・サービス,value,,11.0,5.0,0.0
2025-01-24,138.42724609375,0.7792747239135535,0.7770521417533622,102.07483596970222,,XLI,資本財・サービス,value,,11.0,5.0,2.0
2025-01-27,136.5726318359375,0.7683281139571478,0.7741441324879574,101.49965888358528,,XLI,資本財・サービス,value,,10.0,3.0,-1.0
2025-01-28,135.66989135742188,0.7670361375437899,0.7717748008399017,101.04574269314146,,XLI,資本財・サービス,value,,10.0,1.0,-4.0
2025-01-29,135.20867919921875,0.7669652172603432,0.7701716063133823,100.7413745579637,,XLI,資本財・サービス,value,,9.0,-2.0,-8.0
2025-01-30,136.71983337402344,0.7673463651578867,0.7692298592615505,100.55809310813318,,XLI,資本財・サービス,value,,7.0,-4.0,-9.0
2025-01-31,135.75820922851562,0.7682552862479622,0.7689050015903545,100.4858584429168,,XLI,資本財・サービス,value,,7.0,-4.0,-9.0
2025-02-03,134.41384887695312,0.7648253875311252,0.7675451302372781,100.23260486736618,,XLI,資本財・サービス,value,,7.0,-3.0,-6.0
2025-02-04,134.45310974121094,0.764116129445147,0.7664021299732344,100.02002297162126,,XLI,資本財・サービス,value,,7.0,-3.0,-4.0
2025-02-05,134.5512237548828,0.7609630268036063,0.7645890955833584,99.69150921804567,,XLI,資本財・サービス,value,,5.0,-4.0,-2.0
2025-02-06,135.1596221923828,0.7654169212923277,0.7648650374863483,99.73477957448155,,XLI,資本財・サービス,value,,5.0,-2.0,2.0
2025-02-07,134.75732421875,0.7669074341632109,0.7655458363786358,99.85196448309757,,XLI,資本財・サービス,value,,6.0,-1.0,3.0
2025-02-10,135.96424865722656,0.7715925565249558,0.7675614097607426,100.21720490247299,100.07381092244664,XLI,資本財・サービス,value,Leading,6.0,-1.0,2.0
2025-02-11,136.01332092285156,0.7717856295575408,0.768969483026342,100.4724647745894,100.59343216422032,XLI,資本財・サービス,value,Leading,7.0,0.0,3.0
2025-02-12,135.16943359375,0.7714786951353927,0.7698058870626923,100.6303290167228,101.1235199413673,XLI,資本財・サービス,value,Leading,7.0,2.0,6.0
2025-02-13,135.3068084716797,0.7656164536962856,0.76840940927389,100.3971779063122,100.82675506931014,XLI,資本財・サービス,value,Leading,6.0,1.0,3.0
2025-02-14,134.9731903076172,0.764487850527707,0.7671022230251624,100.18297653027102,100.47300162753116,XLI,資本財・サービス,value,Leading,3.0,-3.0,-2.0
2025-02-18,136.032958984375,0.7646209575155593,0.7662751345219614,100.05822622413046,99.93608261886752,XLI,資本財・サービス,value,Weakening,3.0,-3.0,-2.0
2025-02-19,136.1703338623047,0.7638442647906328,0.7654648446115185,99.92779345681275,99.51662662786549,XLI,資本財・サービス,value,Lagging,2.0,-5.0,-5.0
2025-02-20,135.27737426757812,0.7607491667448966,0.7638929519893113,99.64279846729542,99.04308328923597,XLI,資本財・サービス,value,Lagging,2.0,-5.0,-7.0
2025-02-21,132.31394958496094,0.7546771289930518,0.7608210109905582,99.0573730444043,98.68389254331652,XLI,資本財・サービス,value,Lagging,1.0,-5.0,-6.0
2025-02-24,131.71536254882812,0.7506367992208492,0.7574262737339886,98.43238686680266,98.29083021083761,XLI,資本財・サービス,value,Lagging,1.0,-2.0,1.0
2025-02-25,132.39244079589844,0.7537415948170829,0.7561980474283535,98.26209952018574,98.29437086706217,XLI,資本財・サービス,value,Lagging,1.0,-2.0,1.0
2025-02-26,132.470947265625,0.7557826853688643,0.7560595934085238,98.30719886749823,98.51880413771258,XLI,資本財・サービス,value,Lagging,1.0,-1.0,4.0
2025-02-27,132.009765625,0.7597871181915585,0.7573021016695354,98.59619744659922,99.1274506821846,XLI,資本財・サービス,value,Lagging,2.0,0.0,5.0
2025-02-28,133.7760467529297,0.7614919781070602,0.7586987271487103,98.89898892797632,100.04030481870528,XLI,資本財・サービス,value,Improving,3.0,2.0,7.0
2025-03-03,131.87237548828125,0.7587408873094739,0.7587127805356316,98.93534397643931,100.70748219736014,XLI,資本財・サービス,value,Improving,3.0,2.0,4.0
2025-03-04,129.3014678955078,0.7561656013090367,0.7578637207934333,98.81084225298756,100.74001738707048,XLI,資本財・サービス,value,Improving,3.0,2.0,4.0
2025-03-05,131.34249877929688,0.7610287411915289,0.7589187275927985,99.04370843825058,100.91335169000129,XLI,資本財・サービス,value,Improving,3.0,2.0,3.0
2025-03-06,130.2140350341797,0.762938050682676,0.7602585019560911,99.32664828645856,100.88581804469821,XLI,資本財・サービス,value,Improving,3.0,1.0,1.0
2025-03-07,131.73500061035156,0.7646852344121177,0.7617340794414333,99.63169554053827,100.86545477736229,XLI,資本財・サービス,value,Improving,3.0,0.0,-2.0
2025-03-10,129.67434692382812,0.7634831667102236,0.7623171085310301,99.76356312414234,100.93595875689135,XLI,資本財・サービス,value,Improving,3.0,0.0,-2.0
2025-03-11,127.68235778808594,0.761901965315477,0.7621787274591791,99.75073432371853,101.0169845821895,XLI,資本財・サービス,value,Improving,3.0,0.0,-2.0
2025-03-12,127.67255401611328,0.7654507008456402,0.7632693852546663,99.97352916042318,100.97661867359338,XLI,資本財・サービス,value,Improving,4.0,1.0,-1.0
2025-03-13,126.36747741699219,0.7649597052192567,0.7638328252428631,100.08392671285922,100.78150758684525,XLI,資本財・サービス,value,Leading,4.0,1.0,0.0
2025-03-14,128.67347717285156,0.764347447525322,0.7640043660036828,100.11473130835309,100.49244187716127,XLI,資本財・サービス,value,Leading,4.0,1.0,1.0
2025-03-17,130.44956970214844,0.7645799441755974,0.7641962253943211,100.14546128296863,100.37265164428229,XLI,資本財・サービス,value,Leading,5.0,2.0,2.0
2025-03-18,129.40940856933594,0.7624484619820194,0.7636136375902206,100.02011904469177,100.24085987759364,XLI,資本財・サービス,value,Leading,4.0,1.0,1.0
2025-03-19,131.12661743164062,0.766883022486007,0.7647034325554829,100.22154709553018,100.19961478935156,XLI,資本財・サービス,value,Leading,4.0,0.0,-1.0
2025-03-20,130.46917724609375,0.7662275969177864,0.7652114873429174,100.30794016124048,100.15978144147996,XLI,資本財・サービス,value,Leading,4.0,0.0,-1.0
2025-03-21,129.77249145507812,0.7656432666673029,0.7653554137843793,100.32148632727332,100.12736621983846,XLI,資本財・サービス,value,Leading,4.0,0.0,-1.0
2025-03-24,132.1790313720703,0.767941334765467,0.766217387444742,100.47726320643193,100.24264552286404,XLI,資本財・サービス,value,Leading,4.0,-1.0,-3.0
2025-03-25,132.3759002685547,0.7709280066228426,0.7677875938374422,100.77008348222589,100.65697288601311,XLI,資本財・サービス,value,Leading,5.0,1.0,0.0
2025-03-26,131.49989318847656,0.7672710567188258,0.7676154147979034,100.71423888621085,100.38353489216112,XLI,資本財・サービス,value,Leading,5.0,1.0,1.0
2025-03-27,130.80105590820312,0.7651616598057643,0.7667974964671904,100.53249903417772,100.10161455839649,XLI,資本財・サービス,value,Leading,4.0,0.0,0.0
2025-03-28,128.10411071777344,0.7611187209002624,0.7649045712782145,100.14082285514807,99.68509862720893,XLI,資本財・サービス,value,Weakening,4.0,0.0,0.0
2025-03-31,129.00967407226562,0.7601717107099812,0.7633269510888034,99.81338920513576,99.19759064407558,XLI,資本財・サービス,value,Lagging,4.0,0.0,1.0
2025-04-01,129.73800659179688,0.7636697853517844,0.7634412291764638,99.82395384071248,98.92288793974411,XLI,資本財・サービス,value,Lagging,4.0,-1.0,-2.0
2025-04-02,130.9585418701172,0.7644620288793436,0.7637814957440905,99.87869462752454,99.04512967140138,XLI,資本財・サービス,value,Lagging,4.0,-1.0,-2.0
2025-04-03,123.8717041015625,0.7592627925264664,0.7622752613382159,99.5544896099737,98.9144723315456,XLI,資本財・サービス,value,Lagging,4.0,0.0,0.0
2025-04-04,116.08605194091797,0.753867977551471,0.759472833409301,98.96374139280444,98.7350504594496,XLI,資本財・サービス,value,Lagging,3.0,-1.0,-1.0
2025-04-07,115.54469299316406,0.7566586394340301,0.7585347687508774,98.76201429002755,98.87845291363696,XLI,資本財・サービス,value,Lagging,2.0,-2.0,-2.0
2025-04-08,114.58993530273438,0.7648325356658838,0.760634024389213,99.1783221916692,99.28556781392341,XLI,資本財・サービス,value,Lagging,3.0,-1.0,0.0
2025-04-09,124.76739501953125,0.7710965127234721,0.7641215205006328,99.89163354587873,99.93227146163497,XLI,資本財・サービス,value,Lagging,4.0,0.0,1.0
2025-04-10,121.5488052368164,0.7773745682186268,0.7685392030732975,100.81487864726596,101.1359384524274,XLI,資本財・サービス,value,Leading,6.0,2.0,2.0
2025-04-11,123.69454193115234,0.779281583394697,0.7721199965137641,101.53377572333274,102.28722992501548,XLI,資本財・サービス,value,Leading,9.0,6.0,7.0
2025-04-14,124.98394775390625,0.7774719084166258,0.7739039671480514,101.83033713107042,102.5844836088435,XLI,資本財・サービス,value,Leading,9.0,7.0,9.0
2025-04-15,124.36384582519531,0.776121300398597,0.7746430782315668,101.89269395160174,102.18740019964572,XLI,資本財・サービス,value,Leading,9.0,6.0,7.0
2025-04-16,122.66104125976562,0.7754507425598116,0.7749122996743151,101.85961229624971,101.52355750164175,XLI,資本財・サービス,value,Leading,9.0,5.0,5.0
2025-04-17,123.33036041259766,0.7739301028931634,0.7745849007472645,101.72508639590077,100.63267473981617,XLI,資本財・サービス,value,Leading,9.0,3.0,1.0
2025-04-21,120.56451416015625,0.7720953748343325,0.7737550587762873,101.51792061667469,99.8526571394643,XLI,資本財・サービス,value,Weakening,8.0,-1.0,-7.0
2025-04-22,122.6708755493164,0.7666808348637975,0.7713969841387908,101.06655751413834,99.22586945827581,XLI,資本財・サービス,value,Weakening,6.0,-3.0,-10.0
2025-04-23,124.20637512207031,0.768839715404244,0.7705445612272752,100.92061927862056,99.07049550128029,XLI,資本財・サービス,value,Weakening,7.0,-2.0,-8.0
2025-04-24,126.99188232421875,0.7730032972646635,0.7713641399064047,101.11451931638521,99.296728648242,XLI,資本財・サービス,value,Weakening,7.0,-2.0,-7.0
2025-04-25,126.9820327758789,0.7740511637377081,0.7722598145168393,101.33957278981627,99.6510231928536,XLI,資本財・サービス,value,Weakening,10.0,1.0,-2.0
2025-04-28,127.40528106689453,0.7744574454931874,0.7729923581756221,101.49863816285462,100.01189264323398,XLI,資本財・サービス,value,Leading,11.0,3.0,4.0
2025-04-29,128.23207092285156,0.7749604673028538,0.773648394551366,101.61058120610345,100.53702490575657,XLI,資本財・サービス,value,Leading,11.0,5.0,8.0
2025-04-30,129.1573028564453,0.7794444858312882,0.7755804249780068,101.93067322900352,100.94806454601682,XLI,資本財・サービス,value,Leading,11.0,4.0,6.0
2025-05-01,130.13172912597656,0.7863942739172238,0.7791850412910792,102.47683345415545,101.24044407155422,XLI,資本財・サービス,value,Leading,11.0,4.0,6.0
2025-05-02,132.4644775390625,0.7866134597541173,0.7816611807787587,102.72350246957309,101.22538824146159,XLI,資本財・サービス,value,Leading,11.0,1.0,0.0
2025-05-05,132.5333709716797,0.7896410975599667,0.7843211530391614,102.9150627435136,101.21771819591852,XLI,資本財・サービス,value,Leading,11.0,0.0,-3.0
2025-05-06,131.37191772460938,0.7885666856933086,0.7857363305905438,102.87671339896599,101.04133244093909,XLI,資本財・サービス,value,Leading,11.0,0.0,-5.0
2025-05-07,132.04122924804688,0.7873983205719562,0.7862903272510147,102.72720991672212,100.57103394947009,XLI,資本財・サービス,value,Leading,11.0,0.0,-4.0
2025-05-08,133.86216735839844,0.7915974615220599,0.7880593720080298,102.74059697379221,100.04301777816463,XLI,資本財・サービス,value,Leading,11.0,0.0,-4.0
2025-05-09,133.97042846679688,0.7924213570256556,0.7895133670139052,102.70517539510207,99.75916600348982,XLI,資本財・サービス,value,Weakening,11.0,0.0,-1.0
2025-05-12,138.09457397460938,0.7950242759064889,0.7913503366447665,102.70716343914904,99.57804688200545,XLI,資本財・サービス,value,Weakening,11.0,0.0,0.0
2025-05-13,139.05914306640625,0.798775443197584,0.7938253721623725,102.75915684086317,99.6748416791852,XLI,資本財・サービス,value,Weakening,11.0,0.0,0.0
2025-05-14,138.3898468017578,0.7997464130962231,0.795799052473656,102.74290941050091,99.81790630204446,XLI,資本財・サービス,value,Weakening,11.0,0.0,0.0
2025-05-15,139.9253387451172,0.8013158321304322,0.7976379790259147,102.70466651601643,99.77807435491589,XLI,資本財・サービス,value,Weakening,11.0,0.0,0.0
2025-05-16,141.5198516845703,0.8025674314410276,0.7992811298309523,102.64737662550858,99.76281516618378,XLI,資本財・サービス,value,Weakening,11.0,0.0,0.0
2025-05-19,142.00216674804688,0.8053920852525709,0.8013181149714919,102.6214919632881,99.73436931108762,XLI,資本財・サービス,value,Weakening,11.0,0.0,0.0
2025-05-20,141.49032592773438,0.804590430445481,0.802408886796155,102.52486045843278,99.58322338727966,XLI,資本財・サービス,value,Weakening,11.0,0.0,0.0
2025-05-21,139.09852600097656,0.8086029656412344,0.8044735797445148,102.5061676269962,99.5650453281524,XLI,資本財・サービス,value,Weakening,11.0,0.0,0.0
2025-05-22,139.0690155029297,0.8110179045420338,0.8066550213436878,102.49406533677758,99.56546164919268,XLI,資本財・サービス,value,Weakening,11.0,0.0,0.0
2025-05-23,138.61624145507812,0.8116233442510467,0.8083111289794742,102.45052666172002,99.54015547629251,XLI,資本財・サービス,value,Weakening,11.0,0.0,0.0
2025-05-27,141.0572509765625,0.8108002763850256,0.8091408447813248,102.3623192616326,99.43008634717987,XLI,資本財・サービス,value,Weakening,11.0,0.0,0.0
2025-05-28,140.35842895507812,0.8137024264061035,0.8106613719895843,102.32511367564922,99.4521619384554,XLI,資本財・サービス,value,Weakening,11.0,0.0,0.0
2025-05-29,140.48635864257812,0.8124599535215972,0.811260899166922,102.23583780835328,99.3502070932906,XLI,資本財・サービス,value,Weakening,11.0,0.0,0.0
2025-05-30,140.57496643066406,0.8132950623734898,0.8119389535691113,102.15904736091414,99.2817435902243,XLI,資本財・サービス,value,Weakening,11.0,0.0,0.0
2025-06-02,140.3977813720703,0.8116258266669689,0.8118345779350639,102.04776053772018,99.22509491988669,XLI,資本財・サービス,value,Weakening,10.0,-1.0,-1.0
2025-06-03,141.48048400878906,0.8111320444075935,0.8116004000925737,101.94244934872879,99.226429748177,XLI,資本財・サービス,value,Weakening,11.0,0.0,0.0
2025-06-04,141.55923461914062,0.813410878309788,0.8122038928316452,101.89079278056283,99.23307190222248,XLI,資本財・サービス,value,Weakening,10.0,-1.0,-1.0
2025-06-05,141.46080017089844,0.8150475800297508,0.8131517885643471,101.86019279399139,99.3190525829805,XLI,資本財・サービス,value,Weakening,9.0,-2.0,-2.0
2025-06-06,142.65176391601562,0.8148721422724033,0.8137252398003658,101.8113059917198,99.36966799644713,XLI,資本財・サービス,value,Weakening,9.0,-2.0,-2.0
2025-06-09,142.52383422851562,0.8140045735480205,0.813818351049584,101.74165470754761,99.43533599139266,XLI,資本財・サービス,value,Weakening,9.0,-1.0,0.0
2025-06-10,141.90371704101562,0.8064469609786694,0.8113612210259458,101.54955664504453,99.3608565792253,XLI,資本財・サービス,value,Weakening,9.0,-2.0,-2.0
2025-06-11,141.97262573242188,0.80913607239955,0.8106195048171472,101.45645479730634,99.33734570267374,XLI,資本財・サービス,value,Weakening,9.0,-1.0,0.0
2025-06-12,141.59861755371094,0.8051164653819182,0.8087851583387375,101.31393582259165,99.23619174043452,XLI,資本財・サービス,value,Weakening,9.0,0.0,2.0
2025-06-13,140.40762329101562,0.8081128549848292,0.8085610572207682,101.25964329546966,99.2510460236818,XLI,資本財・サービス,value,Weakening,9.0,0.0,2.0
2025-06-16,141.37220764160156,0.8058940495854829,0.8076720546756733,101.17444797178396,99.25342864378432,XLI,資本財・サービス,value,Weakening,9.0,0.0,1.0
2025-06-17,140.30921936035156,0.8075921685040719,0.8076454259518062,101.13637345854318,99.43753192922263,XLI,資本財・サービス,value,Weakening,9.0,0.0,2.0
2025-06-18,139.9745330810547,0.8055747947219729,0.8069552155418618,101.06601400749426,99.47496691691423,XLI,資本財・サービス,value,Weakening,9.0,0.0,1.0
2025-06-20,140.1320037841797,0.8051645715668447,0.8063583342168562,101.002623290065,99.57226160301536,XLI,資本財・サービス,value,Weakening,9.0,0.0,0.0
2025-06-23,142.02957153320312,0.8089259827142102,0.8072142170493075,101.01515774213374,99.65411694337033,XLI,資本財・サービス,value,Weakening,9.0,0.0,0.0
2025-06-24,143.2142791748047,0.8080229001883239,0.8074837780956464,100.9974564668512,99.73733475767902,XLI,資本財・サービス,value,Weakening,9.0,0.0,0.0
2025-06-25,141.95059204101562,0.8067134242469965,0.8072269934794298,100.95321564499525,99.74579195845058,XLI,資本財・サービス,value,Weakening,9.0,0.0,0.0
2025-06-26,143.49073791503906,0.8093580525919564,0.8079373465169387,100.96000451272626,99.8413781114141,XLI,資本財・サービス,value,Weakening,9.0,0.0,0.0
2025-06-27,144.9222869873047,0.8144501898014449,0.8101082942784408,101.04231503593738,100.00612465747874,XLI,資本財・サービス,value,Leading,9.0,0.0,0.0
2025-06-30,145.64300537109375,0.814672479362537,0.811629689306473,101.09001132374831,100.04063239412004,XLI,資本財・サービス,value,Leading,9.0,0.0,0.0
2025-07-01,146.12677001953125,0.8079097603772453,0.8103897129967303,100.99401766864925,99.94186833880518,XLI,資本財・サービス,value,Weakening,9.0,0.0,0.0
2025-07-02,146.2748565673828,0.8068853349296634,0.8092215869743747,100.9033724631867,99.87300720157533,XLI,資本財・サービス,value,Weakening,9.0,0.0,0.0
2025-07-03,147.51882934570312,0.8098364896241049,0.8094265545242849,100.8877702727359,99.83277976496811,XLI,資本財・サービス,value,Weakening,9.0,0.0,0.0
2025-07-07,147.0054473876953,0.813519945200982,0.8107910180831841,100.93766386725535,99.77770522236693,XLI,資本財・サービス,value,Weakening,9.0,0.0,0.0
2025-07-08,146.96595764160156,0.8112698366705963,0.8109506242789881,100.92397206350687,99.68349955692395,XLI,資本財・サービス,value,Weakening,9.0,0.0,0.0
2025-07-09,147.99270629882812,0.8145051168743481,0.8121354551441082,100.9727269673591,99.83094868895161,XLI,資本財・サービス,value,Weakening,8.0,-1.0,-1.0
2025-07-10,148.82203674316406,0.8143520219360355,0.8128743107414174,100.99665828237461,99.95255053507616,XLI,資本財・サービス,value,Weakening,9.0,0.0,0.0
2025-07-11,148.2888946533203,0.8174186581774493,0.8143890932200948,101.06733879641433,100.0523855056026,XLI,資本財・サービス,value,Leading,9.0,0.0,0.0
2025-07-14,149.08859252929688,0.8209810210102113,0.816586402483467,101.17803966019795,100.14645537171776,XLI,資本財・サービス,value,Leading,10.0,1.0,1.0
2025-07-15,147.9729766845703,0.8262958645828541,0.8198228898499293,101.34954356844717,100.44478468584222,XLI,資本財・サービス,value,Leading,10.0,1.0,1.0
2025-07-16,148.49623107910156,0.8259964606877469,0.8218807467958686,101.44113269090052,100.63818936887738,XLI,資本財・サービス,value,Leading,10.0,2.0,3.0
2025-07-17,149.86854553222656,0.8268884379152897,0.823549977169009,101.50513453003215,100.8703781795601,XLI,資本財・サービス,value,Leading,10.0,1.0,1.0
2025-07-18,149.5328826904297,0.8253500318187775,0.8241499953855986,101.50072836446455,100.86407974376405,XLI,資本財・サービス,value,Leading,10.0,1.0,1.0
2025-07-21,148.74305725097656,0.8238084597846779,0.8240361501852917,101.4539507879257,100.59412360989818,XLI,資本財・サービス,value,Leading,10.0,0.0,-1.0
2025-07-22,149.0984649658203,0.8153818706377839,0.8211513903361225,101.23354801405236,99.82416993221851,XLI,資本財・サービス,value,Weakening,10.0,0.0,-1.0
2025-07-23,151.77398681640625,0.8231938896020115,0.8218322234247522,101.25723335356777,99.66656900015656,XLI,資本財・サービス,value,Weakening,10.0,0.0,-2.0
2025-07-24,151.51730346679688,0.8244409464404369,0.8227017977633138,101.3003251456294,99.58821132551424,XLI,資本財・サービス,value,Weakening,11.0,1.0,0.0
2025-07-25,153.01795959472656,0.8286146220680594,0.824672739198229,101.42527999334327,99.83023194954205,XLI,資本財・サービス,value,Weakening,11.0,1.0,0.0
2025-07-28,152.54405212402344,0.8309617380935301,0.8267690721633294,101.56447617516733,100.20636111002013,XLI,資本財・サービス,value,Leading,11.0,1.0,1.0
2025-07-29,150.80645751953125,0.8218928100474769,0.8251436514580452,101.43166214253941,100.38402218997916,XLI,資本財・サービス,value,Leading,11.0,1.0,1.0
2025-07-30,150.0659942626953,0.8231972334442539,0.8244948454534482,101.3773618426942,100.23566380079917,XLI,資本財・サービス,value,Leading,10.0,0.0,0.0
2025-07-31,150.07586669921875,0.8308279489243022,0.826605879943733,101.54991597353951,100.55776959113129,XLI,資本財・サービス,value,Leading,11.0,0.0,-1.0
2025-08-01,147.83474731445312,0.8277520893728092,0.8269879497534252,101.57277817170127,100.40546638291721,XLI,資本財・サービス,value,Leading,11.0,0.0,-1.0
2025-08-04,149.1971893310547,0.8252895391976759,0.8264218129015088,101.50979378847923,99.97273209246408,XLI,資本財・サービス,value,Weakening,10.0,-1.0,-2.0
2025-08-05,148.89112854003906,0.8258882968174994,0.826243974206839,101.4771833012479,100.34187978758958,XLI,資本財・サービス,value,Leading,10.0,-1.0,-2.0
2025-08-06,149.00962829589844,0.8283988908754939,0.8269622797630574,101.52900796224142,100.84020398581087,XLI,資本財・サービス,value,Leading,10.0,0.0,0.0
2025-08-07,148.7924346923828,0.8276893071107736,0.8272046222122962,101.53994832059067,100.3375248555017,XLI,資本財・サービス,value,Leading,9.0,-2.0,-2.0
2025-08-08,148.91090393066406,0.826855300015361,0.8270881814799844,101.5141057845604,100.17059243191238,XLI,資本財・サービス,value,Leading,9.0,-2.0,-2.0
2025-08-11,148.4271240234375,0.8264259328973054,0.8268674319524247,101.4773190338704,100.27519495377116,XLI,資本財・サービス,value,Leading,7.0,-3.0,-2.0
2025-08-12,149.96725463867188,0.8245243167984182,0.826086393567756,101.37773611466612,100.00336960812092,XLI,資本財・サービス,value,Leading,7.0,-3.0,-2.0
2025-08-13,150.53988647460938,0.8160215382833889,0.8227314418063004,100.98127197781663,98.29592797153879,XLI,資本財・サービス,value,Weakening,7.0,-3.0,-3.0
2025-08-14,149.2070770263672,0.8140926675642545,0.8198518503922851,100.62152177321771,97.12979219807876,XLI,資本財・サービス,value,Weakening,7.0,-2.0,0.0
2025-08-15,148.52586364746094,0.8123815651358474,0.8173617553068059,100.29061930862377,96.5073757522567,XLI,資本財・サービス,value,Weakening,7.0,-2.0,0.0
2025-08-18,149.10833740234375,0.8157430643636338,0.8168221916590819,100.19372129365829,96.71115318393285,XLI,資本財・サービス,value,Weakening,7.0,0.0,3.0
2025-08-19,149.43414306640625,0.813715647422313,0.8157866769134923,100.02945273704249,96.86643605113846,XLI,資本財・サービス,value,Weakening,7.0,0.0,3.0
2025-08-20,149.29592895507812,0.8137040312798743,0.8150924617022863,99.9068496889141,97.73782752909209,XLI,資本財・サービス,value,Lagging,7.0,0.0,3.0
2025-08-21,148.76278686523438,0.8136337162018991,0.8146062132021573,99.81402091375463,98.47633106080204,XLI,資本財・サービス,value,Lagging,7.0,0.0,2.0
2025-08-22,151.19149780273438,0.8111197192622153,0.8134440485555101,99.63075708337087,98.87799236052726,XLI,資本財・サービス,value,Lagging,6.0,-1.0,1.0
2025-08-25,149.68096923828125,0.8092081937356288,0.8120320969488831,99.41709724625083,98.63132505041791,XLI,資本財・サービス,value,Lagging,6.0,-1.0,-1.0
2025-08-26,151.2211151123047,0.8169697334411038,0.8136779757796234,99.64026354741556,99.58793449092542,XLI,資本財・サービス,value,Lagging,7.0,0.0,0.0
2025-08-27,151.20135498046875,0.8139216950241783,0.8137592155278084,99.64341214053282,99.89868514746543,XLI,資本財・サービス,value,Lagging,4.0,-3.0,-3.0
2025-08-28,151.46792602539062,0.8157454134565999,0.8144212815040723,99.73119239886506,100.3338383271151,XLI,資本財・サービス,value,Improving,5.0,-2.0,-2.0
2025-08-29,150.07586669921875,0.8088482264195942,0.812563596475913,99.45881832822359,100.10930394784425,XLI,資本財・サービス,value,Improving,4.0,-2.0,-1.0
2025-09-02,148.64431762695312,0.8075117114038854,0.8108796347852372,99.21690079313004,100.03222898349313,XLI,資本財・サービス,value,Improving,3.0,-3.0,-2.0
2025-09-03,147.89398193359375,0.8046824505654848,0.8088139067119864,98.92893363965025,98.80067224840202,XLI,資本財・サービス,value,Lagging,3.0,-4.0,-4.0
2025-09-04,149.5625,0.8077944021310804,0.8084740718516845,98.89643502622695,98.73990833904524,XLI,資本財・サービス,value,Lagging,3.0,-1.0,2.0
2025-09-05,149.00962829589844,0.803868696741768,0.8069389468150457,98.70626015289469,98.14855384257957,XLI,資本財・サービス,value,Lagging,2.0,-3.0,-1.0
2025-09-08,149.34530639648438,0.8063214985173973,0.8067331307158296,98.70960917386664,98.82120008554301,XLI,資本財・サービス,value,Lagging,3.0,-1.0,1.0
2025-09-09,148.3382568359375,0.8033589781920776,0.8056084132079123,98.59274406960161,99.12746280588418,XLI,資本財・サービス,value,Lagging,2.0,-1.0,2.0
2025-09-10,149.43414306640625,0.8101140128575083,0.8071102797577776,98.81906687890388,100.29959471519983,XLI,資本財・サービス,value,Improving,2.0,-1.0,3.0
2025-09-11,150.85581970214844,0.805747091494897,0.8066558836701507,98.77587410216043,100.26383044170537,XLI,資本財・サービス,value,Improving,2.0,-1.0,0.0
2025-09-12,149.65133666992188,0.8051088338233465,0.8061402003878827,98.71988073281526,100.55320595271971,XLI,資本財・サービス,value,Improving,2.0,0.0,3.0
2025-09-15,150.3424530029297,0.8102420403326543,0.8075074803694733,98.9088023656011,100.95095069963918,XLI,資本財・サービス,value,Improving,2.0,-1.0,0.0
2025-09-16,149.89816284179688,0.8099946430354472,0.8083365345914646,99.01731239802245,101.4168823108496,XLI,資本財・サービス,value,Improving,2.0,0.0,1.0
2025-09-17,149.21693420410156,0.8055428035902907,0.8074052909244067,98.89316244823215,100.60184611878542,XLI,資本財・サービス,value,Improving,2.0,0.0,1.0
2025-09-18,150.80645751953125,0.808840632668619,0.8078837381724775,98.95318173739665,100.81274205875062,XLI,資本財・サービス,value,Improving,3.0,1.0,2.0
2025-09-19,151.17173767089844,0.812213897288199,0.8093271245443847,99.13544264957649,101.30794946003316,XLI,資本財・サービス,value,Improving,4.0,2.0,2.0
2025-09-22,151.67735290527344,0.8145413463646921,0.8110651984844872,99.35813939202467,101.33895302643964,XLI,資本財・サービス,value,Improving,4.0,2.0,3.0
2025-09-23,151.7169952392578,0.8137611377388073,0.811963844902594,99.46689664687564,101.2992790535375,XLI,資本財・サービス,value,Improving,4.0,2.0,2.0
2025-09-24,150.93382263183594,0.8114525269132684,0.8117934055728189,99.42829624040395,101.43532392659097,XLI,資本財・サービス,value,Improving,4.0,2.0,2.0
2025-09-25,149.91273498535156,0.8126534372592978,0.8120800828016452,99.4548334662714,101.32397324452955,XLI,資本財・サービス,value,Improving,5.0,2.0,1.0
2025-09-26,151.260986328125,0.811917688112002,0.8120259512384309,99.44130554317711,100.89854393982516,XLI,資本財・サービス,value,Improving,5.0,1.0,-1.0
2025-09-29,151.72691345214844,0.8117067582373717,0.8119195535714112,99.42547385093769,100.40036084783203,XLI,資本財・サービス,value,Improving,5.0,1.0,-1.0
2025-09-30,152.89669799804688,0.8158088935712203,0.8132160002380143,99.59999736471323,100.53232126871096,XLI,資本財・サービス,value,Improving,4.0,0.0,-2.0
2025-10-01,152.47044372558594,0.8116946609705712,0.8127088871488666,99.51780471575998,100.43616270316176,XLI,資本財・サービス,value,Improving,5.0,1.0,-1.0
2025-10-02,152.86695861816406,0.811884008477776,0.8124339275918364,99.46927070037265,100.2767439855386,XLI,資本財・サービス,value,Improving,5.0,0.0,-2.0
2025-10-03,153.0751495361328,0.8101415181000245,0.8116697910945658,99.35728756486374,100.0710533690207,XLI,資本財・サービス,value,Improving,5.0,0.0,-1.0
2025-10-06,153.78892517089844,0.8141746383992378,0.8125047401961232,99.47191069671656,100.33537612813163,XLI,資本財・サービス,value,Improving,5.0,0.0,-1.0
2025-10-07,152.91653442382812,0.8131285667295163,0.8127126823739209,99.50003049940298,100.03340514723017,XLI,資本財・サービス,value,Improving,5.0,1.0,1.0
2025-10-08,154.2449493408203,0.8175295712210354,0.8143183119896258,99.7266149448442,100.67072506774011,XLI,資本財・サービス,value,Improving,5.0,0.0,-1.0
2025-10-09,151.96482849121094,0.8121639553670423,0.8136001931154313,99.6255385405233,100.56264225045844,XLI,資本財・サービス,value,Improving,5.0,0.0,0.0
2025-10-10,148.6041259765625,0.8125221716337244,0.8132408526215291,99.5821901914399,100.7060073210728,XLI,資本財・サービス,value,Improving,6.0,1.0,1.0
2025-10-13,150.15066528320312,0.813072284905816,0.813184663382958,99.58887520887922,100.49602035361572,XLI,資本財・サービス,value,Improving,6.0,1.0,1.0
2025-10-14,151.91526794433594,0.8158623249807013,0.8140772172488726,99.73325189558264,100.75345979157434,XLI,資本財・サービス,value,Improving,6.0,1.0,0.0
2025-10-15,151.2808074951172,0.8108200787647889,0.8129915044208448,99.59743991658837,100.00938876369324,XLI,資本財・サービス,value,Improving,6.0,1.0,1.0
2025-10-16,150.28944396972656,0.8132146684922372,0.8130658924446423,99.62970505996493,100.3134668443514,XLI,資本財・サービス,value,Improving,6.0,1.0,1.0
2025-10-17,150.41831970214844,0.8097994472427692,0.8119770773773514,99.49234924464282,100.12298203490565,XLI,資本財・サービス,value,Improving,5.0,-1.0,-2.0
2025-10-20,152.19285583496094,0.8112409546704844,0.811731703141729,99.47612444396245,100.07285272603029,XLI,資本財・サービス,value,Improving,5.0,-1.0,-2.0
2025-10-21,153.5410919189453,0.8146948655727065,0.812719423952055,99.64258535218227,100.11782853263986,XLI,資本財・サービス,value,Improving,5.0,-1.0,-2.0
2025-10-22,151.5484619140625,0.8080188459737363,0.8111525646259488,99.43013032874859,99.94920837691443,XLI,資本財・サービス,value,Lagging,5.0,-1.0,-2.0
2025-10-23,153.4419403076172,0.8142540703509125,0.8121863998676033,99.61015750353826,100.26976852640863,XLI,資本財・サービス,value,Improving,5.0,-1.0,-2.0
2025-10-24,153.57083129882812,0.8127224870665481,0.812365095600585,99.66356668719133,100.6830888978132,XLI,資本財・サービス,value,Improving,5.0,0.0,1.0
2025-10-27,154.44322204589844,0.8137229853472492,0.8128177255161398,99.76073395343961,100.92489295370582,XLI,資本財・サービス,value,Improving,5.0,0.0,1.0
2025-10-28,153.3428192138672,0.8149244051227608,0.8135199520516803,99.90064148781657,100.8594397841258,XLI,資本財・サービス,value,Improving,6.0,1.0,2.0
2025-10-29,153.73934936523438,0.8262723025886108,0.8177707355639905,100.65045450949104,102.74160220045536,XLI,資本財・サービス,value,Leading,7.0,2.0,3.0
2025-10-30,153.3527374267578,0.8277545702808837,0.8210986804696216,101.27381373896051,103.27410309164476,XLI,資本財・サービス,value,Leading,9.0,4.0,5.0
2025-10-31,153.7195281982422,0.8279242309547429,0.8233738639646621,101.71334998739792,103.51030839627435,XLI,資本財・サービス,value,Leading,9.0,4.0,4.0
2025-11-03,153.0652313232422,0.8264230927947842,0.8243902735747028,101.92267724293309,103.30061573849925,XLI,資本財・サービス,value,Leading,10.0,5.0,5.0
2025-11-04,151.29071044921875,0.8222810826357412,0.8236872099283823,101.84184269542365,102.7414295920653,XLI,資本財・サービス,value,Leading,9.0,3.0,2.0
2025-11-05,151.8756103515625,0.8206567664986242,0.8226770621184629,101.71692989775367,101.45831583698548,XLI,資本財・サービス,value,Leading,8.0,1.0,-1.0
2025-11-06,151.2708740234375,0.8231898739642856,0.8228479994004039,101.81433611181639,100.7139026322527,XLI,資本財・サービス,value,Leading,10.0,1.0,-3.0
2025-11-07,152.00450134277344,0.8203021882126192,0.8219993956711424,101.72034894158061,99.97728558935343,XLI,資本財・サービス,value,Weakening,10.0,1.0,-3.0
2025-11-10,152.86695861816406,0.8202334740576921,0.8214107551333257,101.66998496694482,99.62285059936258,XLI,資本財・サービス,value,Weakening,10.0,0.0,-5.0
2025-11-11,152.9066162109375,0.8157328384449961,0.8195181162372159,101.30613197435329,99.23248020261609,XLI,資本財・サービス,value,Weakening,9.0,0.0,-3.0
2025-11-12,153.05532836914062,0.8145942346778053,0.8178768223840791,100.96943022250429,98.93207930426946,XLI,資本財・サービス,value,Weakening,8.0,0.0,-1.0
2025-11-13,150.68597412109375,0.8111540461944406,0.815635896987533,100.49401259774989,98.14839911827325,XLI,資本財・サービス,value,Weakening,7.0,-3.0,-4.0
2025-11-14,150.69589233398438,0.814195249772131,0.8151556812490657,100.39707116620829,98.1481787289834,XLI,資本財・サービス,value,Weakening,7.0,-3.0,-4.0
2025-11-17,149.21878051757812,0.8169420200347571,0.8157511275109629,100.52661342395642,98.37844440003853,XLI,資本財・サービス,value,Weakening,7.0,-3.0,-3.0
2025-11-18,148.55458068847656,0.8128219963565383,0.8147747504594881,100.31566065056383,98.5848861779351,XLI,資本財・サービス,value,Weakening,7.0,-2.0,-2.0
2025-11-19,149.0502471923828,0.8180103591207066,0.8158532866798944,100.54483830190635,99.35898869026822,XLI,資本財・サービス,value,Weakening,7.0,-1.0,-1.0
2025-11-20,146.55203247070312,0.8142332459199678,0.8153132730932522,100.42060831694656,99.83726767025985,XLI,資本財・サービス,value,Weakening,8.0,1.0,4.0
2025-11-21,148.3364715576172,0.8082643281320476,0.8129636247728507,99.90821464706612,99.2388978269172,XLI,資本財・サービス,value,Lagging,6.0,-1.0,2.0
2025-11-24,148.70327758789062,0.8069182509710342,0.8109485001722453,99.48181704534319,98.48738676334487,XLI,資本財・サービス,value,Lagging,5.0,-2.0,1.0
2025-11-25,150.60667419433594,0.8057988991837723,0.8092319665094211,99.13135721432846,98.34835804796317,XLI,資本財・サービス,value,Lagging,3.0,-4.0,-2.0
2025-11-26,151.4790802001953,0.8048507841133767,0.8077715723774064,98.85205655461071,97.78163753511423,XLI,資本財・サービス,value,Lagging,2.0,-5.0,-4.0
2025-11-28,152.3613739013672,0.8051850856716535,0.8069094101421554,98.70565925079867,97.86795958488666,XLI,資本財・サービス,value,Lagging,3.0,-5.0,-6.0
2025-12-01,150.13084411621094,0.7988613902545645,0.8042267368462919,98.2104731072196,97.98911076793453,XLI,資本財・サービス,value,Lagging,1.0,-5.0,-4.0
2025-12-02,151.4394073486328,0.8065876701488623,0.8050137146138154,98.40831587900215,98.76809077808096,XLI,資本財・サービス,value,Lagging,2.0,-3.0,-1.0
2025-12-03,152.87689208984375,0.8080782173424835,0.8060352155233715,98.6342596365227,99.46089294967136,XLI,資本財・サービス,value,Lagging,2.0,-1.0,3.0
2025-12-04,153.66995239257812,0.8120157424839122,0.8080287245102185,99.02534776535626,100.25677245945754,XLI,資本財・サービス,value,Improving,2.0,0.0,5.0
2025-12-05,153.24368286132812,0.8078654070599209,0.8079742853601193,99.00603365411017,100.39471246970129,XLI,資本財・サービス,value,Improving,2.0,-1.0,4.0
2025-12-08,153.05532836914062,0.811734363569269,0.8092276447631692,99.23688402713208,101.25015236727958,XLI,資本財・サービス,value,Improving,5.0,4.0,9.0
2025-12-09,151.93508911132812,0.8073160349707672,0.8085904414990353,99.09740956435786,100.81633676149238,XLI,資本財・サービス,value,Improving,4.0,2.0,5.0
2025-12-10,154.71087646484375,0.8106602473508969,0.8092803767829891,99.22340435905063,100.67819163528256,XLI,資本財・サービス,value,Improving,6.0,4.0,5.0
2025-12-11,156.366455078125,0.8127713746997107,0.8104440427552297,99.44219967950899,100.46006532211275,XLI,資本財・サービス,value,Improving,7.0,5.0,5.0
2025-12-12,155.38502502441406,0.8131821860201486,0.8113567571768694,99.61717415275909,100.6855727565186,XLI,資本財・サービス,value,Improving,7.0,5.0,6.0
2025-12-15,155.6328582763672,0.8134698459093282,0.812061120087689,99.75207955839868,100.56724348249821,XLI,資本財・サービス,value,Improving,8.0,3.0,-1.0
2025-12-16,154.71087646484375,0.8143701243546829,0.8128307881766871,99.89701069414299,100.89123481481312,XLI,資本財・サービス,value,Improving,8.0,4.0,2.0
2025-12-17,152.2027587890625,0.803340236185296,0.8096672708462235,99.20046927478894,99.90732773943238,XLI,資本財・サービス,value,Lagging,4.0,-2.0,-6.0
2025-12-18,153.19410705566406,0.8068477344004156,0.8087274253642875,98.9996103440732,99.42041313786784,XLI,資本財・サービス,value,Lagging,4.0,-3.0,-8.0
2025-12-19,154.5126190185547,0.8108385834397581,0.8094311447227778,99.16158053263585,99.4224872266313,XLI,資本財・サービス,value,Lagging,5.0,-2.0,-7.0
2025-12-22,156.22557067871094,0.8137957242495714,0.8108860045650423,99.481447876671,99.65748235748377,XLI,資本財・サービス,value,Lagging,7.0,-1.0,-4.0
2025-12-23,156.1658935546875,0.8153806894968216,0.8123842328756355,99.80358932509661,99.88173088986817,XLI,資本財・サービス,value,Lagging,7.0,-1.0,-5.0
2025-12-24,156.6732177734375,0.815074729541122,0.8132810650974645,99.99367161392877,100.93925921824714,XLI,資本財・サービス,value,Improving,7.0,3.0,5.0
2025-12-26,156.38475036621094,0.8133641044891312,0.8133087448946867,99.99525424863111,101.15705476817763,XLI,資本財・サービス,value,Improving,7.0,3.0,6.0
2025-12-29,156.04652404785156,0.8129469884283814,0.8131881594059184,99.96471682321965,100.90861170092829,XLI,資本財・サービス,value,Improving,6.0,1.0,3.0
2025-12-30,155.598876953125,0.8119155463011856,0.8127639550376742,99.87424542534383,100.41964502553923,XLI,資本財・サービス,value,Improving,6.0,-1.0,0.0
2025-12-31,154.3057098388672,0.8121031617127489,0.8125436905960325,99.82704280034633,99.98621456548732,XLI,資本財・サービス,value,Lagging,6.0,-1.0,0.0
2026-01-02,157.15069580078125,0.8215010463959781,0.8155294758626811,100.46343023160334,100.50192383720541,XLI,資本財・サービス,value,Leading,7.0,0.0,-3.0
2026-01-05,159.01087951660156,0.8235812796101033,0.8182134104451553,101.01481613893628,101.11571960365082,XLI,資本財・サービス,value,Leading,9.0,2.0,-1.0
2026-01-06,161.16949462890625,0.8248037632477377,0.8204101947126827,101.43585699866514,101.58103390220202,XLI,資本財・サービス,value,Leading,9.0,3.0,2.0
2026-01-07,158.135498046875,0.8184586385142224,0.8197596759798627,101.25838746994421,101.43103719630626,XLI,資本財・サービス,value,Leading,9.0,3.0,4.0
2026-01-08,159.32920837402344,0.8176270537187087,0.8190488018928115,101.08386968854117,101.25353449768484,XLI,資本財・サービス,value,Leading,9.0,3.0,4.0
2026-01-09,161.0799560546875,0.8218424607373334,0.8199800215076521,101.23957268279328,100.70843319486009,XLI,資本財・サービス,value,Leading,10.0,3.0,3.0
2026-01-12,162.31346130371094,0.8273822042794305,0.8224474157649118,101.67387191008794,100.5704839304484,XLI,資本財・サービス,value,Leading,10.0,1.0,-1.0
2026-01-13,163.14903259277344,0.831641474024677,0.8255121018515003,102.15904821349562,100.62829510030986,XLI,資本財・サービス,value,Leading,10.0,1.0,-2.0
2026-01-14,163.40768432617188,0.8291867360920121,0.826736979931671,102.25506880981185,100.90819259826715,XLI,資本財・サービス,value,Leading,10.0,1.0,-2.0
2026-01-15,164.9097442626953,0.8331185820820909,0.8288641806484777,102.46759891854661,101.28608651516497,XLI,資本財・サービス,value,Leading,10.0,1.0,-2.0
2026-01-16,166.02386474609375,0.840896063217407,0.8328748081714541,102.89238535689275,101.5177391021163,XLI,資本財・サービス,value,Leading,11.0,1.0,-2.0
2026-01-20,162.67156982421875,0.8363968585036037,0.8340488249488374,102.82639027170012,100.96358334657953,XLI,資本財・サービス,value,Leading,11.0,1.0,0.0
2026-01-21,165.48670959472656,0.8367042453108215,0.8349339650694989,102.72840970202444,100.34245640937061,XLI,資本財・サービス,value,Leading,11.0,1.0,0.0
2026-01-22,164.6312255859375,0.831294982237672,0.8337209707922233,102.39176014558281,99.88607030173581,XLI,資本財・サービス,value,Weakening,10.0,0.0,-1.0
2026-01-23,163.35794067382812,0.8285589549864449,0.8320002988569639,102.0473433979678,99.3089283027008,XLI,資本財・サービス,value,Weakening,9.0,-1.0,-2.0
2026-01-26,163.51710510253906,0.8274097538121241,0.8304701171753507,101.76604648058851,98.61153579446163,XLI,資本財・サービス,value,Weakening,9.0,-2.0,-3.0
2026-01-27,164.19354248046875,0.832127394526463,0.8310225429590549,101.75721107976746,98.70854671537829,XLI,資本財・サービス,value,Weakening,9.0,-2.0,-3.0
2026-01-28,163.2783660888672,0.8302857121574666,0.8307769326918588,101.65604126923421,98.74365923953582,XLI,資本財・サービス,value,Weakening,9.0,-2.0,-3.0
2026-01-29,164.9893341064453,0.8378872832119105,0.8331470495318761,101.85696739378758,99.29719881221276,XLI,資本財・サービス,value,Weakening,9.0,-1.0,-1.0
2026-01-30,164.57154846191406,0.8376220840893166,0.8346387277176897,101.94022862211798,99.74240913894546,XLI,資本財・サービス,value,Weakening,9.0,0.0,1.0
2026-02-02,166.6505584716797,0.8438582555062322,0.8377119036472038,102.17764241999359,100.28932302769968,XLI,資本財・サービス,value,Leading,9.0,0.0,2.0
2026-02-03,168.05316162109375,0.8532317778583995,0.8428851950509357,102.57352808389913,100.74472953192729,XLI,資本財・サービス,value,Leading,9.0,0.0,2.0
2026-02-04,168.50079345703125,0.8481154722672603,0.8446286207897107,102.57881128868908,100.90716400246805,XLI,資本財・サービス,value,Leading,9.0,0.0,2.0
2026-02-05,167.4861602783203,0.8503959792884173,0.846551073622613,102.58524215269303,100.7380936491404,XLI,資本財・サービス,value,Leading,9.0,0.0,1.0
2026-02-06,172.27088928222656,0.8586889938047835,0.8505970470166698,102.7411815463623,100.82827547338916,XLI,資本財・サービス,value,Leading,9.0,0.0,0.0
2026-02-09,172.78817749023438,0.8607567206486442,0.8539836048939946,102.7994525172665,100.62426566008486,XLI,資本財・サービス,value,Leading,9.0,0.0,0.0
2026-02-10,172.9970703125,0.8587421873644905,0.8555697990508266,102.70792562761115,100.07280061930194,XLI,資本財・サービス,value,Leading,10.0,1.0,1.0
2026-02-11,173.9221954345703,0.8618068360298998,0.8576488113771844,102.65610055119748,100.00255604479105,XLI,資本財・サービス,value,Leading,10.0,1.0,1.0
2026-02-12,171.84315490722656,0.8628278524085625,0.8593751583876438,102.58219816075002,99.90203298687429,XLI,資本財・サービス,value,Weakening,9.0,0.0,0.0
2026-02-13,173.25570678710938,0.8610011314468908,0.8599171494073929,102.44564267079811,99.56021657871916,XLI,資本財・サービス,value,Weakening,9.0,0.0,0.0
2026-02-17,174.1609344482422,0.8669954933566338,0.8622765973904734,102.42881565793407,99.44706718822498,XLI,資本財・サービス,value,Weakening,10.0,1.0,1.0
2026-02-18,174.1211395263672,0.8623264505374917,0.8622932151061462,102.28387630841834,99.35596404025016,XLI,資本財・サービス,value,Weakening,11.0,1.0,0.0
2026-02-19,175.414306640625,0.8705697575707549,0.8650520625943492,102.29962473954303,99.411933939178,XLI,資本財・サービス,value,Weakening,11.0,1.0,0.0
2026-02-20,176.29965209960938,0.8708909217595383,0.8669983489827456,102.26755835403087,99.44235396004028,XLI,資本財・サービス,value,Weakening,11.0,2.0,2.0
2026-02-23,173.9122314453125,0.8686310396849077,0.8675425792167997,102.168888230578,99.48473515796806,XLI,資本財・サービス,value,Weakening,11.0,2.0,2.0
2026-02-24,176.05096435546875,0.8723551596856257,0.8691467727064084,102.1305848913949,99.46383938925965,XLI,資本財・サービス,value,Weakening,11.0,1.0,0.0
2026-02-25,174.67820739746094,0.8650428769235373,0.8677788074454514,101.96072495830711,99.42903995322686,XLI,資本財・サービス,value,Weakening,11.0,0.0,-1.0
2026-02-26,175.77243041992188,0.865572218907285,0.8670432779327294,101.83841349877318,99.23953675182179,XLI,資本財・サービス,value,Weakening,11.0,0.0,-1.0
2026-02-27,176.21011352539062,0.8667114628593755,0.8669326729082781,101.75618688351074,99.14999494027691,XLI,資本財・サービス,value,Weakening,10.0,-1.0,-3.0
2026-03-02,177.96087646484375,0.8769486201089421,0.8702713219751661,101.83201333141398,99.31349917769856,XLI,資本財・サービス,value,Weakening,10.0,-1.0,-3.0
2026-03-03,174.51904296875,0.8706698329842341,0.8704041589781888,101.76316141428981,99.20769147461664,XLI,資本財・サービス,value,Weakening,9.0,-2.0,-3.0
2026-03-04,175.0462646484375,0.8698136356050749,0.8702073178538176,101.68823376356275,99.26778823285706,XLI,資本財・サービス,value,Weakening,8.0,-3.0,-3.0
2026-03-05,171.1567840576172,0.8604529568212891,0.8669558641763081,101.48859847127437,99.11743765475292,XLI,資本財・サービス,value,Weakening,8.0,-3.0,-3.0
2026-03-06,169.04791259765625,0.8601016325568883,0.8646711203031682,101.3411889493788,99.016191974574,XLI,資本財・サービス,value,Weakening,8.0,-2.0,-1.0
2026-03-09,170.04266357421875,0.862724508249517,0.8640222496186178,101.27033640677521,98.82762189274445,XLI,資本財・サービス,value,Weakening,8.0,-2.0,-1.0
2026-03-10,169.12750244140625,0.8645643017720154,0.8642029336697504,101.23860170685235,98.9124656906523,XLI,資本財・サービス,value,Weakening,8.0,-1.0,1.0
2026-03-11,168.60028076171875,0.8647190653880429,0.864374977575848,101.20760423005652,99.00836700162851,XLI,資本財・サービス,value,Weakening,8.0,0.0,3.0
2026-03-12,164.3726043701172,0.8562787346945362,0.8616762299487442,101.05348130084772,99.10350949259774,XLI,資本財・サービス,value,Weakening,8.0,0.0,3.0
2026-03-13,163.78567504882812,0.8532652174797833,0.8588725591257572,100.89809823202152,99.11883618013631,XLI,資本財・サービス,value,Weakening,7.0,-1.0,1.0
2026-03-16,165.1882781982422,0.8542159843911843,0.8573203675475662,100.80063713400467,99.105404335253,XLI,資本財・サービス,value,Weakening,7.0,-1.0,1.0
2026-03-17,165.6259765625,0.8517175569823652,0.8554527640258326,100.68978103429865,99.02125557065472,XLI,資本財・サービス,value,Weakening,7.0,-1.0,0.0
2026-03-18,164.31289672851562,0.8562331327183182,0.8557128869233279,100.67697700563303,99.07574240365551,XLI,資本財・サービス,value,Weakening,7.0,-1.0,-1.0
2026-03-19,163.1987762451172,0.8510872705839532,0.8541710148102031,100.58077562836003,99.18611188244728,XLI,資本財・サービス,value,Weakening,7.0,-1.0,-1.0
2026-03-20,160.82131958007812,0.8511934297561776,0.8531784864588613,100.50966502560473,99.31868592004908,XLI,資本財・サービス,value,Weakening,7.0,0.0,1.0
2026-03-23,162.6498260498047,0.8517905877763307,0.8527158535646845,100.46305801102329,99.38846345729101,XLI,資本財・サービス,value,Weakening,8.0,1.0,2.0
2026-03-24,163.59750366210938,0.8557267989374535,0.8537195020222742,100.48830045459064,99.57736956741361,XLI,資本財・サービス,value,Weakening,8.0,1.0,2.0
2026-03-25,164.69480895996094,0.8573120749555595,0.8549170263333694,100.52444297655994,99.64505091296874,XLI,資本財・サービス,value,Weakening,9.0,2.0,3.0
2026-03-26,160.87420654296875,0.845181244107389,0.8516717655913759,100.33250610066334,99.51059158434958,XLI,資本財・サービス,value,Weakening,8.0,1.0,2.0
2026-03-27,158.8092803955078,0.8459318163216323,0.849758449168128,100.20602089669707,99.45234322138518,XLI,資本財・サービス,value,Weakening,6.0,-1.0,-1.0
2026-03-30,156.2256317138672,0.833895092177292,0.844470663504516,99.89134191456463,99.09094241666897,XLI,資本財・サービス,value,Lagging,6.0,-2.0,-3.0
2026-03-31,161.33306884765625,0.8438822566198846,0.8442745278763056,99.84894469460568,99.02304564656045,XLI,資本財・サービス,value,Lagging,6.0,-2.0,-3.0
2026-04-01,164.02642822265625,0.8552076470722546,0.847918900941622,100.02551553778123,99.25206706547647,XLI,資本財・サービス,value,Weakening,6.0,-3.0,-5.0
2026-04-02,163.36807250976562,0.849348861019456,0.8483955543009001,100.02081364093381,99.53549495093324,XLI,資本財・サービス,value,Weakening,6.0,-2.0,-3.0
2026-04-06,164.2060089111328,0.8500512610356965,0.8489474565458323,100.02287009165399,99.73815261792983,XLI,資本財・サービス,value,Weakening,6.0,0.0,1.0
2026-04-07,163.87681579589844,0.8502324440664518,0.8493757857193721,100.01927920840305,100.2202486826678,XLI,資本財・サービス,value,Leading,7.0,1.0,3.0
2026-04-08,170.02169799804688,0.8621951541294253,0.8536489085227232,100.27035277530499,100.71142561688484,XLI,資本財・サービス,value,Leading,7.0,1.0,3.0
2026-04-09,171.76739501953125,0.8705200432037297,0.8592726200830587,100.6233065335375,101.03878119776459,XLI,資本財・サービス,value,Leading,7.0,1.0,4.0
2026-04-10,171.0990447998047,0.8734385241863275,0.8639945881174816,100.9292563758158,101.5732604257702,XLI,資本財・サービス,value,Leading,8.0,2.0,4.0
2026-04-13,172.30606079101562,0.8699560786681122,0.8659817516343586,101.05231377561022,101.74640403800147,XLI,資本財・サービス,value,Leading,9.0,3.0,3.0
2026-04-14,172.924560546875,0.8694493771039458,0.8671376267908878,101.11717224887502,101.8150472510216,XLI,資本財・サービス,value,Leading,9.0,2.0,1.0
2026-04-15,170.75987243652344,0.8582646011107593,0.8641799515641784,100.8715027842112,101.03138753451928,XLI,資本財・サービス,value,Leading,8.0,1.0,0.0
2026-04-16,169.91195678710938,0.8501295118432641,0.859496471657207,100.48181397293904,99.87149442897545,XLI,資本財・サービス,value,Weakening,8.0,1.0,0.0
2026-04-17,173.0841522216797,0.8552592719149744,0.8580840717431295,100.34146772740321,99.15863368025978,XLI,資本財・サービス,value,Weakening,7.0,-1.0,-3.0
2026-04-20,173.4731903076172,0.85448973675565,0.8568859600806364,100.21537512372018,98.72095531010757,XLI,資本財・サービス,value,Weakening,7.0,-2.0,-5.0
2026-04-21,171.0192413330078,0.8476008702039544,0.8537909301217426,99.92216869057528,98.10617293648802,XLI,資本財・サービス,value,Lagging,6.0,-3.0,-5.0
2026-04-22,170.62020874023438,0.8459991355224101,0.8511936652552985,99.66386923903744,98.15902112144,XLI,資本財・サービス,value,Lagging,4.0,-4.0,-5.0
2026-04-23,173.64279174804688,0.8610287776457719,0.854472036052123,99.92644916950479,99.36987158746606,XLI,資本財・サービス,value,Lagging,7.0,-1.0,-2.0
2026-04-24,172.0467071533203,0.8548879424381797,0.8546106715141419,99.90227461669015,99.58254245402739,XLI,資本財・サービス,value,Lagging,6.0,-1.0,0.0
2026-04-27,172.08660888671875,0.8561032151614177,0.8551081860632339,99.90799420495061,99.7946576035266,XLI,資本財・サービス,value,Lagging,7.0,0.0,2.0
2026-04-28,170.56036376953125,0.8528636988355707,0.8543600236540129,99.78304547902383,100.0831050315103,XLI,資本財・サービス,value,Improving,4.0,-2.0,1.0
2026-04-29,169.512939453125,0.8491064364686216,0.8526088279255492,99.52937151715489,100.06506943651861,XLI,資本財・サービス,value,Improving,4.0,0.0,4.0
2026-04-30,174.1515350341797,0.8593490999200449,0.8548555852570479,99.73003885629576,99.93318943391475,XLI,資本財・サービス,value,Lagging,5.0,-2.0,-1.0
2026-05-01,172.53550720214844,0.8539774195280578,0.8545628633473845,99.63339920658136,99.79595151660818,XLI,資本財・サービス,value,Lagging,5.0,-1.0,0.0
2026-05-04,170.56036376953125,0.8491415672752772,0.8527557646566821,99.33437803145098,99.22387847967224,XLI,資本財・サービス,value,Lagging,5.0,-2.0,-2.0
2026-05-05,171.9868621826172,0.8495027039183753,0.8516714110772465,99.14345730362928,99.11623195937365,XLI,資本財・サービス,value,Lagging,5.0,1.0,3.0
2026-05-06,176.4359130859375,0.8646287987564436,0.8559905403036456,99.71667044856719,100.84872363044295,XLI,資本財・サービス,value,Improving,7.0,3.0,3.0
2026-05-07,173.5729522705078,0.856073374726891,0.8560181517780608,99.69228214413373,100.4130631504454,XLI,資本財・サービス,value,Improving,7.0,2.0,4.0
2026-05-08,172.77491760253906,0.8497992689444905,0.8539451908335375,99.37416416257949,99.96623608112088,XLI,資本財・サービス,value,Lagging,7.0,2.0,3.0
2026-05-11,174.6103973388672,0.8592902441707532,0.8557268752792762,99.63408605885213,101.27197543230119,XLI,資本財・サービス,value,Improving,8.0,3.0,5.0
2026-05-12,173.92210388183594,0.856659002839682,0.8560375844660781,99.67912422030737,101.76838584867141,XLI,資本財・サービス,value,Improving,8.0,3.0,2.0
2026-05-13,173.19387817382812,0.8568136462322287,0.8562962717214617,99.72102591414377,100.56553957131663,XLI,資本財・サービス,value,Improving,8.0,1.0,-2.0
2026-05-14,174.08169555664062,0.8580765730181877,0.8568897054870371,99.81526299580433,100.82818176280419,XLI,資本財・サービス,value,Improving,8.0,1.0,-1.0
2026-05-15,170.9793243408203,0.8515652572531955,0.8551148894090901,99.56278603798665,100.95254419568894,XLI,資本財・サービス,value,Improving,7.0,0.0,-2.0
2026-05-18,170.3309326171875,0.843148876458173,0.8511262184254511,99.00082550225372,99.1170771389805,XLI,資本財・サービス,value,Lagging,4.0,-4.0,-7.0
2026-05-19,168.32586669921875,0.8381001843661711,0.8467842070723578,98.42218424705318,97.8358301866097,XLI,資本財・サービス,value,Lagging,3.0,-5.0,-8.0
2026-05-20,170.31097412109375,0.8387899330779175,0.844119449074211,98.12114792273712,97.3132239407352,XLI,資本財・サービス,value,Lagging,3.0,-5.0,-6.0
2026-05-21,170.11146545410156,0.8342057564737339,0.840814884874052,97.76944940001725,96.78057380040413,XLI,資本財・サービス,value,Lagging,2.0,-6.0,-7.0
2026-05-22,171.3484344482422,0.8326654406230726,0.8380984034570589,97.54190999436243,97.10059448068587,XLI,資本財・サービス,value,Lagging,2.0,-5.0,-5.0
2026-05-26,173.87222290039062,0.8406164097874514,0.838937738900523,97.76043632049807,98.49099332943375,XLI,資本財・サービス,value,Lagging,2.0,-2.0,2.0
2026-05-27,173.87222290039062,0.8412240840313826,0.8396998539441429,97.95111958581991,99.78699115273521,XLI,資本財・サービス,value,Lagging,3.0,0.0,5.0
2026-05-28,173.37344360351562,0.835749709401561,0.8383831390966157,97.88094301836666,100.16867302441837,XLI,資本財・サービス,value,Improving,3.0,0.0,5.0
2026-05-29,172.70509338378906,0.8302156848578294,0.8356606543503536,97.66336521114681,100.38284444184312,XLI,資本財・サービス,value,Improving,3.0,1.0,7.0
2026-06-01,171.9768829345703,0.8252134498344657,0.8321782528450576,97.38042694631615,100.28502332758568,XLI,資本財・サービス,value,Improving,2.0,0.0,5.0
2026-06-02,173.7624969482422,0.8304868037132522,0.8316144364677892,97.44659235962123,100.02810541642822,XLI,資本財・サービス,value,Improving,4.0,2.0,4.0
2026-06-03,173.62283325195312,0.8329521370514588,0.8320603366623458,97.6083185129033,99.98141651273167,XLI,資本財・サービス,value,Lagging,4.0,1.0,1.0
2026-06-04,175.7276611328125,0.8367320560511161,0.8336175764586026,97.882688358547,100.54852778278317,XLI,資本財・サービス,value,Improving,6.0,3.0,3.0
2026-06-05,173.75250244140625,0.8392696178791524,0.8355015902654526,98.17110567996971,101.35013494266654,XLI,資本財・サービス,value,Improving,6.0,3.0,2.0
2026-06-08,173.20387268066406,0.8375061856994376,0.8361697887434476,98.3098027458328,101.94550165766958,XLI,資本財・サービス,value,Improving,6.0,4.0,4.0
2026-06-09,175.16903686523438,0.8406110545775456,0.8376502106881469,98.5236785709325,102.0670625192807,XLI,資本財・サービス,value,Improving,6.0,2.0,0.0
2026-06-10,169.2436065673828,0.8226362172088224,0.8326455461950388,98.04655940953728,101.05007282478506,XLI,資本財・サービス,value,Improving,4.0,0.0,-1.0
2026-06-11,174.72012329101562,0.8362182683379166,0.8338364535759981,98.24926639848736,100.91518334899918,XLI,資本財・サービス,value,Improving,4.0,-2.0,-5.0
2026-06-12,175.7476043701172,0.8335848920869037,0.8337525997463,98.3109343146349,100.55525586722838,XLI,資本財・サービス,value,Improving,3.0,-3.0,-6.0
2026-06-15,178.241455078125,0.840528665552508,0.8360112883483695,98.60392736762805,100.7682643614602,XLI,資本財・サービス,value,Improving,5.0,-1.0,-5.0
2026-06-16,179.40859985351562,0.8488637389151643,0.8402954385373012,99.0867520857112,101.13856791198735,XLI,資本財・サービス,value,Improving,7.0,1.0,-1.0
2026-06-17,179.15921020507812,0.8605821220754453,0.8470576663833493,99.81538847999012,102.71721759452254,XLI,資本財・サービス,value,Improving,9.0,5.0,5.0
2026-06-18,180.46600341796875,0.8628543892818593,0.8523232406828527,100.37789663771348,102.938193607728,XLI,資本財・サービス,value,Leading,10.0,6.0,8.0
2026-06-22,181.8000030517578,0.8673250442363657,0.857323841867357,100.89804264419375,103.17844441217679,XLI,資本財・サービス,value,Leading,10.0,7.0,10.0
2026-06-23,178.14999389648438,0.8528411815645427,0.855829621766419,100.7325398759634,102.45457909808012,XLI,資本財・サービス,value,Leading,10.0,5.0,6.0
2026-06-24,180.2100067138672,0.8565928440502184,0.8560840291943521,100.75349524717976,101.84317115971054,XLI,資本財・サービス,value,Leading,10.0,3.0,2.0
2026-06-25,184.1199951171875,0.8695159155475206,0.8605613246454082,101.2044244971909,101.48236304559131,XLI,資本財・サービス,value,Leading,11.0,2.0,-3.0
2026-06-26,181.1999969482422,0.8615852743650889,0.8609026412186352,101.21069945234412,100.85591710304415,XLI,資本財・サービス,value,Leading,11.0,1.0,-5.0
2026-06-29,182.75999450683594,0.8578267631492908,0.8598773485288539,101.07808037039244,100.14358733805808,XLI,資本財・サービス,value,Leading,11.0,1.0,-6.0
2026-06-30,185.22999572753906,0.8705644217139944,0.8634397062572341,101.39125786203422,100.6395750987649,XLI,資本財・サービス,value,Leading,11.0,1.0,-4.0
2026-07-01,183.36000061035156,0.8591912162686817,0.8620235429277167,101.20852186705972,100.40218700741023,XLI,資本財・サービス,value,Leading,11.0,1.0,-2.0
2026-07-02,183.91000366210938,0.8557535737203769,0.8599335531919368,100.97382660488898,99.65364175884434,XLI,資本財・サービス,value,Weakening,10.0,-1.0,-3.0
2026-07-06,185.55999755859375,0.8630697560864825,0.8609789541567854,101.04817353770603,99.72476572712974,XLI,資本財・サービス,value,Weakening,10.0,-1.0,-2.0
2026-07-07,182.3800048828125,0.8493457295748565,0.8571012126294758,100.65300256197509,99.44445340202505,XLI,資本財・サービス,value,Weakening,9.0,-2.0,-3.0
2026-07-08,180.4199981689453,0.8502356303659686,0.8548126852083068,100.42031892737009,98.88249577263883,XLI,資本財・サービス,value,Weakening,9.0,-2.0,-3.0
2026-07-09,181.11000061035156,0.8482904009852532,0.852638590467289,100.20976946461211,98.88698758133917,XLI,資本財・サービス,value,Weakening,8.0,-3.0,-4.0
2026-07-10,181.9199981689453,0.8489033858063358,0.8513935222469713,100.1010096229235,99.05029900175909,XLI,資本財・サービス,value,Weakening,8.0,-2.0,-1.0
2026-07-13,180.3699951171875,0.8419455665143399,0.8482442036694275,99.81350301786706,98.71135906571213,XLI,資本財・サービス,value,Lagging,8.0,-2.0,-1.0
2026-07-14,180.4499969482422,0.8453970462787034,0.8472951512058529,99.74328895966781,99.08312742516588,XLI,資本財・サービス,value,Lagging,8.0,-1.0,1.0
2026-07-15,180.05999755859375,0.8454711768160983,0.8466871597426013,99.70711391726654,99.31541996120153,XLI,資本財・サービス,value,Lagging,8.0,-1.0,1.0
2026-07-16,180.14999389648438,0.8376731886059003,0.8436825026970345,99.41781446745198,99.25539763244852,XLI,資本財・サービス,value,Lagging,8.0,0.0,3.0
2026-07-17,179.41000366210938,0.8408398920549885,0.8427349658163525,99.34131143458157,99.30294211192182,XLI,資本財・サービス,value,Lagging,7.0,-1.0,1.0
2026-07-20,178.1199951171875,0.8385274298680778,0.8413324538335943,99.2176572585307,99.47678587607528,XLI,資本財・サービス,value,Lagging,5.0,-3.0,-1.0
2026-07-21,178.66000366210938,0.8397255512072739,0.8407968196248209,99.1868350087286,99.51233549075512,XLI,資本財・サービス,value,Lagging,6.0,-2.0,-1.0
2026-07-22,178.85000610351562,0.8408557060160019,0.8408164484218812,99.21286293313834,99.56241100631948,XLI,資本財・サービス,value,Lagging,5.0,-3.0,-2.0
2026-07-23,181.94000244140625,0.8585315402671972,0.8467214790369866,99.85198075817776,100.53618739993003,XLI,資本財・サービス,value,Improving,8.0,0.0,0.0
2026-07-24,182.66000366210938,0.8552699227322441,0.8495709602687391,100.16590039013944,100.93113222629877,XLI,資本財・サービス,value,Leading,8.0,1.0,2.0
2026-07-27,183.1999969482422,0.8513802545958612,0.8501740583777798,100.2391216487218,101.10885687248259,XLI,資本財・サービス,value,Leading,9.0,4.0,7.0
2026-07-28,182.49000549316406,0.8383021886468274,0.8462167684674624,99.82688270691888,100.68281937053965,XLI,資本財・サービス,value,Improving,7.0,1.0,3.0
2026-07-29,176.66000366210938,0.8188940210485426,0.8371091859944891,98.877140193261,99.64614049583719,XLI,資本財・サービス,value,Lagging,4.0,-1.0,2.0
2026-07-30,178.38999938964844,0.8282570124683106,0.8341584614857631,98.61014793629357,98.71709725485599,XLI,資本財・サービス,value,Lagging,3.0,-5.0,-5.0
2026-07-31,179.83999633789062,0.8364262170713783,0.8349143800143016,98.73409921867017,98.5626252210307,XLI,資本財・サービス,value,Lagging,5.0,-3.0,-4.0
2026-08-03,183.16000366210938,0.843627668680392,0.8378188095696651,99.06973863885037,98.86034764276297,XLI,資本財・サービス,value,Lagging,6.0,-3.0,-7.0
2026-08-04,186.39999389648438,0.8463878559353559,0.8406751583582288,99.39004771637906,99.60688566726893,XLI,資本財・サービス,value,Lagging,8.0,1.0,0.0
2024-08-05,42.393131256103516,0.2690208247699195,0.2690208247699195,,,XLB,素材,value,,,,
2024-08-06,42.60984420776367,0.2676510116710148,0.26856422040361794,,,XLB,素材,value,,,,
2024-08-07,42.03194808959961,0.2658960032765393,0.26767481469459176,,,XLB,素材,value,,,,
2024-08-08,42.68207550048828,0.26520277701297984,0.26685080213405443,,,XLB,素材,value,,,,
2024-08-09,42.64836502075195,0.26443681410302805,0.2660461394570457,,,XLB,素材,value,,,,
2024-08-12,42.460548400878906,0.26454217153930537,0.26554481681779896,,,XLB,素材,value,,,,
2024-08-13,42.88434600830078,0.26417206672193616,0.2650872334525114,,,XLB,素材,value,,,,
2024-08-14,42.88434600830078,0.2636220147907631,0.2645988272319286,,,XLB,素材,value,,,,
2024-08-15,43.563358306884766,0.26421232894143704,0.26446999446843145,,,XLB,素材,value,,,,
2024-08-16,43.616336822509766,0.26389856352536334,0.26427951748740874,,,XLB,素材,value,,,,
2024-08-19,43.82341384887695,0.26314834040816604,0.2639024584609945,,,XLB,素材,value,,,,
2024-08-20,43.664485931396484,0.2632342416596219,0.2636797195272037,,,XLB,素材,value,,,,
2024-08-21,44.16533279418945,0.2644024812232005,0.26392064009253596,,,XLB,素材,value,,,,
2024-08-22,44.073829650878906,0.2646058371131255,0.26414903909939913,,,XLB,素材,value,,,,
2024-08-23,44.65654373168945,0.26473574018258067,0.26434460612712635,,,XLB,素材,value,,,,
2024-08-26,44.85398483276367,0.26595195630772955,0.2648803895206608,,,XLB,素材,value,,,,
2024-08-27,44.858802795410156,0.2658585015100363,0.26520642685045265,,,XLB,素材,value,,,,
2024-08-28,44.666168212890625,0.26544762494798263,0.26528682621629596,,,XLB,素材,value,,,,
2024-08-29,44.911773681640625,0.26591313688617413,0.2654955964395887,,,XLB,素材,value,,,,
2024-08-30,45.402984619140625,0.26675800268180755,0.26591639852032833,,,XLB,素材,value,,,,
2024-09-03,44.37240982055664,0.26409678053320484,0.2653098591912872,,,XLB,素材,value,,,,
2024-09-04,44.189414978027344,0.26338690569412787,0.2646688746922341,,,XLB,素材,value,,,,
2024-09-05,43.84267807006836,0.2629278301214294,0.2640885265019659,,,XLB,素材,value,,,,
2024-09-06,43.28886032104492,0.2624242680162732,0.2635337736734017,,,XLB,素材,value,,,,
2024-09-09,43.70783996582031,0.26242386036416565,0.263163802570323,,,XLB,素材,value,,,,
2024-09-10,43.72710037231445,0.2623870008298196,0.2629048686568219,,,XLB,素材,value,,,,
2024-09-11,43.83304214477539,0.2629005717632685,0.2629034363589708,,,XLB,素材,value,,,,
2024-09-12,44.237571716308594,0.2636891201662927,0.2631653309614114,,,XLB,素材,value,,,,
2024-09-13,44.63727569580078,0.2635479727647285,0.2632928782291838,,,XLB,素材,value,,,,
2024-09-16,45.051429748535156,0.2640768861992662,0.26355421421921127,,,XLB,素材,value,,,,
2024-09-17,45.13811492919922,0.2641953213703315,0.26376791660291804,,,XLB,素材,value,,,,
2024-09-18,44.94548797607422,0.26356048501505414,0.26369877274029674,,,XLB,素材,value,,,,
2024-09-19,45.624507904052734,0.2647179736206997,0.26403850636709775,,,XLB,素材,value,,,,
2024-09-20,45.30185317993164,0.26380876424849703,0.2639619256608975,,,XLB,素材,value,,,,
2024-09-23,45.697540283203125,0.2647573728848846,0.26422707473555984,,,XLB,素材,value,,,,
2024-09-24,46.32154846191406,0.26798048264097685,0.2654782107040322,,,XLB,素材,value,,,,
2024-09-25,46.011962890625,0.2678455004791203,0.2662673072957283,,,XLB,素材,value,,,,
2024-09-26,46.96489334106445,0.2711232563000727,0.2678859569638431,,,XLB,素材,value,,,,
2024-09-27,46.88266372680664,0.26968051944335875,0.26848414445701496,,,XLB,素材,value,,,,
2024-09-30,46.62145233154297,0.2678336876534262,0.2682673255224854,,,XLB,素材,value,,,,
2024-10-01,46.5053596496582,0.2685909629043945,0.2683752046497884,,,XLB,素材,value,,,,
2024-10-02,46.326377868652344,0.2678427722970032,0.26819772719886004,,,XLB,素材,value,,,,
2024-10-03,45.813636779785156,0.26613410756721734,0.2675098539883125,,,XLB,素材,value,,,,
2024-10-04,46.03614807128906,0.2653449601014019,0.26678822269267566,,,XLB,素材,value,,,,
2024-10-07,45.90070343017578,0.2666398828544305,0.2667387760799273,,,XLB,素材,value,,,,
2024-10-08,45.687862396240234,0.26477578462448603,0.26608444559478023,,,XLB,素材,value,,,,
2024-10-09,45.97810745239258,0.2646399571197061,0.2656029494364222,,,XLB,素材,value,,,,
2024-10-10,46.08451461791992,0.26624998732749416,0.2658186287334462,,,XLB,素材,value,,,,
2024-10-11,46.384429931640625,0.2653759099940174,0.26567105582030326,,,XLB,素材,value,,,,
2024-10-14,46.650482177734375,0.2649540065713193,0.2654320394039753,,,XLB,素材,value,,,,
2024-10-15,46.60210037231445,0.2658822522110531,0.26558211033966794,,,XLB,素材,value,,,,
2024-10-16,46.96489334106445,0.26615221867935757,0.2657721464528978,,,XLB,素材,value,,,,
2024-10-17,47.03745651245117,0.2669897659228321,0.26617801960954257,,,XLB,素材,value,,,,
2024-10-18,47.226112365722656,0.2672646783508573,0.2665402391899808,,,XLB,素材,value,,,,
2024-10-21,46.863319396972656,0.2674912275063456,0.26685723529543576,,,XLB,素材,value,,,,
2024-10-22,46.432804107666016,0.26622982839095194,0.2666480996606078,,,XLB,素材,value,,,,
2024-10-23,46.30703353881836,0.26638420119791256,0.2665601335063761,,,XLB,素材,value,,,,
2024-10-24,45.74106979370117,0.26306964412821693,0.2653966370469897,,,XLB,素材,value,,,,
2024-10-25,45.450843811035156,0.26264797316052646,0.26448041575150194,,,XLB,素材,value,,,,
2024-10-28,45.82814407348633,0.26333499163847707,0.264098607713827,,,XLB,素材,value,,,,
2024-10-29,45.5330696105957,0.2624306405317323,0.2635426186531288,,,XLB,素材,value,,,,
2024-10-30,45.77976989746094,0.26442997277807634,0.26383840336144465,,,XLB,素材,value,,,,
2024-10-31,45.175113677978516,0.2637497057912225,0.26380883750470396,99.03847169118181,,XLB,素材,value,,3.0,,
2024-11-01,45.049346923828125,0.2628514214621654,0.2634896988238578,98.85594628240426,,XLB,素材,value,,3.0,,
2024-11-04,45.24767303466797,0.26369466869914254,0.2635580221156194,98.9204538354704,,XLB,素材,value,,3.0,,
2024-11-05,45.315391540527344,0.2610445034194859,0.2627201825502416,98.41329536988827,,XLB,素材,value,,2.0,,
2024-11-06,45.93940734863281,0.2585187668970338,0.26131971066583903,97.62956387156565,,XLB,素材,value,,1.0,,
2024-11-07,46.11838150024414,0.25927079146959886,0.26063673760042566,97.39505953073837,,XLB,素材,value,,1.0,-2.0,
2024-11-08,45.697540283203125,0.2554814689318167,0.25891831471088933,96.73985132102199,,XLB,素材,value,,1.0,-2.0,
2024-11-11,45.499210357666016,0.25310782892264616,0.2569814861148083,96.26091416857943,,XLB,素材,value,,1.0,-2.0,
2024-11-12,44.72525405883789,0.25071302022313874,0.2548919974842518,95.98726025586862,,XLB,素材,value,,1.0,-1.0,
2024-11-13,44.831668853759766,0.25117275259286614,0.25365224918712326,96.12894750711519,,XLB,素材,value,,1.0,0.0,
2024-11-14,44.46403503417969,0.25112242609843843,0.25280897482422837,96.36284974372815,,XLB,素材,value,,1.0,0.0,2.0
2024-11-15,44.154457092285156,0.25116573029806866,0.2522612266488418,96.61689062455517,,XLB,素材,value,,1.0,0.0,2.0
2024-11-18,44.497894287109375,0.2521022104352628,0.2522082212443155,96.92417328425519,,XLB,素材,value,,1.0,0.0,2.0
2024-11-19,44.352783203125,0.25195966917195733,0.25212537055352946,97.16035127291781,,XLB,素材,value,,1.0,0.0,1.0
2024-11-20,44.715576171875,0.2531682750729878,0.25247300539334894,97.44095707654725,,XLB,素材,value,,1.0,0.0,0.0
2024-11-21,45.26218795776367,0.25307506868631696,0.25267369315767163,97.64497778887313,,XLB,素材,value,,1.0,0.0,0.0
2024-11-22,45.51372146606445,0.2524926005418439,0.25261332895239574,97.76931754294641,,XLB,素材,value,,1.0,0.0,0.0
2024-11-25,45.98293685913086,0.25280640112721636,0.2526776863440026,97.90181233748011,,XLB,素材,value,,1.0,0.0,0.0
2024-11-26,45.639495849609375,0.2508914483865854,0.25208227369153025,97.89842963596055,,XLB,素材,value,,1.0,0.0,0.0
2024-11-27,45.61531066894531,0.2509997775007032,0.2517214416279212,97.94020968078496,,XLB,素材,value,,1.0,0.0,0.0
2024-11-29,45.84749221801758,0.2515109518372958,0.2516512783643794,98.02872364921816,,XLB,素材,value,,1.0,0.0,0.0
2024-12-02,45.8184700012207,0.25198296196783004,0.2517618395655296,98.13938091429019,,XLB,素材,value,,1.0,0.0,0.0
2024-12-03,45.67335510253906,0.2523037980658599,0.25194249239897304,98.25101632065092,,XLB,素材,value,,1.0,0.0,0.0
2024-12-04,45.22832489013672,0.2498320171445342,0.25123900064749344,98.20891971789393,,XLB,素材,value,,1.0,0.0,0.0
2024-12-05,44.63334274291992,0.24778218529313925,0.2500867288627087,98.10327538055957,,XLB,素材,value,,1.0,0.0,0.0
2024-12-06,44.459205627441406,0.2470953551548091,0.24908960429340887,98.03695383983646,,XLB,素材,value,,1.0,0.0,0.0
2024-12-09,44.449527740478516,0.24805962077343865,0.24874627645341882,98.07737949896605,,XLB,素材,value,,1.0,0.0,0.0
2024-12-10,43.99482727050781,0.2470355892086408,0.24817604737182616,98.08319427536019,,XLB,素材,value,,1.0,0.0,0.0
2024-12-11,43.84003448486328,0.24593834995777336,0.2474301482338086,98.06698663888284,,XLB,素材,value,,2.0,1.0,1.0
2024-12-12,43.5352897644043,0.245123903983466,0.2466614001503611,98.05260788929445,,XLB,素材,value,,2.0,1.0,1.0
2024-12-13,43.16282272338867,0.24388058802016005,0.24573446277362743,98.0225143901696,,XLB,素材,value,,1.0,0.0,0.0
2024-12-16,42.78067398071289,0.24252014366403493,0.24466302307042995,97.98130674806862,,XLB,素材,value,,1.0,0.0,0.0
2024-12-17,42.54365158081055,0.24309112867668758,0.24413905827251584,98.01469413159104,,XLB,素材,value,,1.0,0.0,0.0
2024-12-18,41.33433532714844,0.24338283731716776,0.24388698462073316,98.07821960950335,,XLB,素材,value,,2.0,0.0,-1.0
2024-12-19,40.889305114746094,0.24156396652116333,0.2431126452542099,98.07626905379917,,XLB,素材,value,,2.0,0.0,-1.0
2024-12-20,41.397220611572266,0.24118673201417423,0.24247067417419801,98.09142596753917,,XLB,素材,value,,2.0,1.0,1.0
2024-12-23,41.36513137817383,0.24067165007267455,0.2418709994736902,98.11013413627981,,XLB,素材,value,,2.0,1.0,1.0
2024-12-24,41.588802337646484,0.24016102968913025,0.24130100954550357,98.13034054865145,,XLB,素材,value,,2.0,1.0,1.0
2024-12-26,41.52558898925781,0.23940510393245404,0.2406690410078204,98.13986891733785,,XLB,素材,value,,2.0,0.0,0.0
2024-12-27,41.30191421508789,0.23974618595592817,0.24036142265718968,98.18128430346337,,XLB,素材,value,,2.0,0.0,0.0
2024-12-30,40.74759292602539,0.23893559156066407,0.23988614562501448,98.20240437557776,,XLB,素材,value,,1.0,-1.0,-2.0
2024-12-31,40.91291809082031,0.23946692383483031,0.23974640502828645,98.2556458375398,,XLB,素材,value,,1.0,-1.0,-2.0
2025-01-02,40.4607048034668,0.23751134873895535,0.23900138626517609,98.24360968667101,,XLB,素材,value,,2.0,0.0,-1.0
2025-01-03,40.450984954833984,0.2352995254149191,0.23776743264842376,98.18557253911905,,XLB,素材,value,,1.0,-1.0,-1.0
2025-01-06,40.72327423095703,0.2370447396504336,0.23752653498242707,98.23208769616451,,XLB,素材,value,,2.0,0.0,0.0
2025-01-07,40.6989631652832,0.2376991403521186,0.2375840701056576,98.30388026171322,,XLB,素材,value,,2.0,1.0,2.0
2025-01-08,40.922645568847656,0.2387200615958396,0.2379627339357183,98.40251818645906,,XLB,素材,value,,2.0,1.0,2.0
2025-01-10,40.50446701049805,0.23978567078452936,0.23857037955198868,98.51735669835057,,XLB,素材,value,,2.0,0.0,0.0
2025-01-13,41.40889358520508,0.2431469654129933,0.24009590817232357,98.71513858271786,,XLB,素材,value,,2.0,1.0,2.0
2025-01-14,41.924312591552734,0.24420211982112386,0.24146464538859036,98.89000778171349,,XLB,素材,value,,3.0,1.0,1.0
2025-01-15,42.32303237915039,0.24418097784820575,0.2423700895417955,99.0140009869509,,XLB,素材,value,,3.0,1.0,0.0
2025-01-16,42.673133850097656,0.24427708651804333,0.2430057552005448,99.1081646332306,,XLB,素材,value,,3.0,1.0,0.0
2025-01-17,42.95029830932617,0.24467567024168888,0.24356239354759282,99.19298081499525,,XLB,素材,value,,3.0,1.0,1.0
2025-01-21,43.499755859375,0.24496211370648438,0.24402896693389003,99.26777057843768,,XLB,素材,value,,3.0,1.0,0.0
2025-01-22,43.149658203125,0.24384743237912102,0.24396845541563372,99.2856868316237,,XLB,素材,value,,3.0,0.0,-1.0
2025-01-23,43.38792037963867,0.24403749796812127,0.24399146959979626,99.3121018881453,,XLB,素材,value,,3.0,0.0,-1.0
2025-01-24,43.276084899902344,0.24362226414293695,0.2438684011141765,99.32168371251358,,XLB,素材,value,,3.0,0.0,-1.0
2025-01-27,43.30039596557617,0.24359867067506058,0.24377849096780452,99.33430635938967,,XLB,素材,value,,3.0,0.0,-1.0
2025-01-28,43.15938186645508,0.24400996591357688,0.24385564928306197,99.36703189581411,,XLB,素材,value,,4.0,1.0,0.0
2025-01-29,43.081581115722656,0.2443783521592913,0.24402988357513844,99.41230654856464,,XLB,素材,value,,4.0,1.0,1.0
2025-01-30,43.49003219604492,0.2440898098152243,0.2440498589885004,99.43870268865638,,XLB,素材,value,,5.0,2.0,2.0
2025-01-31,43.17396926879883,0.24432135859445908,0.2441403588571533,99.47465476065229,,XLB,素材,value,,6.0,3.0,3.0
2025-02-03,43.21772766113281,0.24591227453727085,0.24473099741719248,99.57970487138441,,XLB,素材,value,,5.0,2.0,2.0
2025-02-04,43.344154357910156,0.24633098874237327,0.24526432785891944,99.68217225410508,,XLB,素材,value,,6.0,2.0,1.0
2025-02-05,43.31011962890625,0.2449431436170254,0.24515726644495478,99.69522400376943,,XLB,素材,value,,6.0,2.0,1.0
2025-02-06,43.460853576660156,0.24612138005264875,0.24547863764751945,99.7763534233075,,XLB,素材,value,,6.0,1.0,-1.0
2025-02-07,42.930843353271484,0.24432054519778867,0.24509260683094253,99.74539262817429,,XLB,素材,value,,4.0,-2.0,-5.0
2025-02-10,43.149658203125,0.2448728648518712,0.24501935950458545,99.76461089050758,100.12289012310951,XLB,素材,value,Improving,2.0,-3.0,-5.0
2025-02-11,43.40250778198242,0.24628052286065072,0.24543974728994056,99.87667578848831,100.10143957088631,XLB,素材,value,Improving,1.0,-5.0,-7.0
2025-02-12,43.091312408447266,0.24594339551984037,0.24560763003324051,99.94614894703979,100.13897844937424,XLB,素材,value,Improving,2.0,-4.0,-6.0
2025-02-13,43.84013748168945,0.24806387030637808,0.24642637679095303,100.14997573509858,100.29981627217828,XLB,素材,value,Leading,3.0,-3.0,-4.0
2025-02-14,43.689395904541016,0.24745664149891286,0.24676979836027296,100.25642856762686,100.58113906258117,XLB,素材,value,Leading,5.0,1.0,3.0
2025-02-18,44.24371337890625,0.24868730887276366,0.2474089685311032,100.42560088923636,100.96968316752316,XLB,素材,value,Leading,5.0,3.0,6.0
2025-02-19,43.723426818847656,0.24526552785235614,0.2466944883048542,100.29551609928883,100.311792484126,XLB,素材,value,Leading,5.0,4.0,9.0
2025-02-20,43.62131881713867,0.24530992061401302,0.24623296574124048,100.2172772324112,99.86484435623619,XLB,素材,value,Weakening,4.0,2.0,6.0
2025-02-21,42.82387161254883,0.24425388692802466,0.24557327280350189,100.09171782212289,98.93450969761662,XLB,素材,value,Weakening,3.0,0.0,3.0
2025-02-24,42.775245666503906,0.24377318538744489,0.2449732436648162,99.97695261906192,98.3017810405206,XLB,素材,value,Lagging,3.0,-2.0,-3.0
2025-02-25,43.105892181396484,0.24541207733233047,0.24511952155398764,100.04119104781849,97.96482611885855,XLB,素材,value,Weakening,4.0,-1.0,-4.0
2025-02-26,43.08644104003906,0.24581983283422948,0.24535295864740161,100.13136165604108,98.63245025763413,XLB,素材,value,Weakening,4.0,-1.0,-5.0
2025-02-27,42.794700622558594,0.24630649184128714,0.24567080304536348,100.24815194217186,99.30864160659226,XLB,素材,value,Weakening,4.0,0.0,-2.0
2025-02-28,43.15938186645508,0.2456756935870891,0.2456724332259387,100.28808938129417,99.97458519621247,XLB,素材,value,Weakening,4.0,1.0,1.0
2025-03-03,42.293861389160156,0.24334195694387062,0.24489560779858272,100.11137731441801,99.7538739706315,XLB,素材,value,Weakening,4.0,1.0,3.0
2025-03-04,41.72008514404297,0.24398248359487862,0.2445912330640147,100.05949330121824,99.29196850544163,XLB,素材,value,Weakening,4.0,0.0,1.0
2025-03-05,42.80928421020508,0.2480468696468725,0.24574311192496734,100.4393720780596,100.52606933551662,XLB,素材,value,Leading,5.0,1.0,2.0
2025-03-06,42.585609436035156,0.24951367064029722,0.2469999648300773,100.8756040655515,101.82432650502385,XLB,素材,value,Leading,5.0,1.0,1.0
2025-03-07,42.70231246948242,0.24787511040630583,0.24729168002215351,101.03329153744025,102.20266401725527,XLB,素材,value,Leading,8.0,4.0,3.0
2025-03-10,41.81247329711914,0.24617914242994504,0.24692083415808402,100.97096931717994,102.49256692511892,XLB,素材,value,Leading,7.0,3.0,2.0
2025-03-11,41.49155807495117,0.24758706049095464,0.24714290960237426,101.09058681314369,102.87513630548402,XLB,素材,value,Leading,7.0,3.0,3.0
2025-03-12,41.29705047607422,0.24759320022515763,0.24729300647663538,101.17065781704507,101.73883191067347,XLB,素材,value,Leading,7.0,2.0,1.0
2025-03-13,41.26787567138672,0.24981318495769897,0.24813306597032325,101.48107251291248,101.26084403896056,XLB,素材,value,Leading,7.0,2.0,1.0
2025-03-14,41.807613372802734,0.24834599383445816,0.2482040419250349,101.5059270381868,100.77738746283289,XLB,素材,value,Leading,7.0,-1.0,-5.0
2025-03-17,42.332763671875,0.24811720083817093,0.24817509489608025,101.48271411806986,100.88534382151917,XLB,素材,value,Leading,7.0,0.0,-3.0
2025-03-18,42.25982666015625,0.24898452281697353,0.2484449042030447,101.54877293533806,100.6729142808928,XLB,素材,value,Leading,7.0,0.0,-3.0
2025-03-19,42.40083694458008,0.2479777380740224,0.24828918216003726,101.45815565579036,100.05308328396076,XLB,素材,value,Leading,7.0,0.0,-2.0
2025-03-20,42.13340377807617,0.24744370592563592,0.24800735674857016,101.32340072377356,98.47773507493957,XLB,素材,value,Weakening,7.0,0.0,-2.0
2025-03-21,41.71522521972656,0.24611518935081597,0.2473766342826521,101.08039149272805,97.6347468887988,XLB,素材,value,Weakening,7.0,0.0,1.0
2025-03-24,42.28049850463867,0.245643670702994,0.24679897975609943,100.86448753323002,97.19216275641392,XLB,素材,value,Weakening,7.0,0.0,0.0
2025-03-25,42.27072525024414,0.24617536794507933,0.2465911091524261,100.7732727214925,96.97009771705791,XLB,素材,value,Weakening,6.0,-1.0,-1.0
2025-03-26,42.34889602661133,0.2470958828737752,0.2467593670595425,100.80488065936153,97.50057222059112,XLB,素材,value,Weakening,6.0,-1.0,-1.0
2025-03-27,42.3293571472168,0.24761880512651238,0.24704584641519914,100.87245380003745,98.15070884055815,XLB,素材,value,Weakening,7.0,0.0,0.0
2025-03-28,41.55253601074219,0.2468805480281147,0.24699074695283768,100.82675291081623,98.72494069954412,XLB,素材,value,Weakening,5.0,-2.0,-2.0
2025-03-31,42.00689697265625,0.24751984657704706,0.2471671134942408,100.85782037419253,99.39824742875983,XLB,素材,value,Weakening,5.0,-2.0,-2.0
2025-04-01,42.163246154785156,0.24818322700200257,0.24750581799682808,100.94298259928918,99.87275587759319,XLB,素材,value,Weakening,6.0,0.0,1.0
2025-04-02,42.51012420654297,0.24815010410758212,0.2477205800337461,100.98823199511648,99.90653159295574,XLB,素材,value,Weakening,6.0,0.0,1.0
2025-04-03,40.59006118774414,0.2487938906609263,0.2480783502428062,101.08387495277357,99.97975281751944,XLB,素材,value,Weakening,5.0,-2.0,-2.0
2025-04-04,38.04951477050781,0.24709523898234076,0.24775064648931772,100.9482610850192,99.73565371309462,XLB,素材,value,Weakening,6.0,1.0,3.0
2025-04-07,37.438812255859375,0.2451726687717335,0.2468913205834563,100.6202031251461,98.7869749378559,XLB,素材,value,Weakening,7.0,2.0,4.0
2025-04-08,36.285797119140625,0.24219019014166343,0.2453242771028587,99.9689285030534,97.0785097286435,XLB,素材,value,Lagging,5.0,-1.0,-1.0
2025-04-09,39.45658874511719,0.24385247428273482,0.24483367616281743,99.68974801319685,96.67363059316207,XLB,素材,value,Lagging,3.0,-3.0,-3.0
2025-04-10,38.19608688354492,0.24428595979109766,0.24465110403891085,99.50869934779114,96.51858862792012,XLB,素材,value,Lagging,4.0,-1.0,1.0
2025-04-11,39.32955551147461,0.2477780976807409,0.2456934352528542,99.97719641618558,97.86220682860748,XLB,素材,value,Lagging,4.0,-2.0,-3.0
2025-04-14,39.803466796875,0.24760041467962848,0.24632909506177897,100.31039732841519,99.17373808252071,XLB,素材,value,Weakening,5.0,-2.0,-4.0
2025-04-15,39.49079132080078,0.246451403221724,0.24636986444842732,100.30630547012683,100.44392365985247,XLB,素材,value,Leading,5.0,0.0,1.0
2025-04-16,39.1829948425293,0.24771094500991414,0.24681689130225626,100.58284339834518,101.51399172441234,XLB,素材,value,Leading,5.0,2.0,5.0
2025-04-17,39.45170211791992,0.24756969636094084,0.24706782632181779,100.73607569317652,102.09143748969801,XLB,素材,value,Leading,5.0,1.0,2.0
2025-04-21,38.85076904296875,0.24880039782672786,0.24764535015678785,101.12347504125377,101.88412486425969,XLB,素材,value,Leading,7.0,3.0,5.0
2025-04-22,39.75949478149414,0.24849290849468134,0.24792786960275234,101.29202760669696,101.5434234992386,XLB,素材,value,Leading,8.0,3.0,5.0
2025-04-23,39.808349609375,0.24641440630003605,0.24742338183518026,100.89414421135866,100.81614103073288,XLB,素材,value,Leading,6.0,1.0,1.0
2025-04-24,40.66823196411133,0.24754871592439512,0.24746515986491857,100.89908309973052,100.32165428103549,XLB,素材,value,Leading,6.0,1.0,-1.0
2025-04-25,40.36532211303711,0.24605705132623285,0.24699579035202335,100.51806621804087,99.36473477074168,XLB,素材,value,Weakening,6.0,1.0,0.0
2025-04-28,40.438602447509766,0.24581380370229214,0.24660179480211294,100.18174553398897,98.13930877222839,XLB,素材,value,Weakening,6.0,-1.0,-4.0
2025-04-29,40.77571105957031,0.24642481299660243,0.24654280086694277,100.10332338185276,97.8295079531326,XLB,素材,value,Weakening,6.0,-2.0,-5.0
2025-04-30,40.98579788208008,0.24734299532478046,0.2468095323528887,100.29894559448873,98.86465995617682,XLB,素材,value,Weakening,6.0,0.0,-1.0
2025-05-01,40.80502700805664,0.24658736037472598,0.24673547502683446,100.20560086691295,98.7387183377351,XLB,素材,value,Weakening,6.0,0.0,-1.0
2025-05-02,41.49390411376953,0.2464031420349107,0.24662469736285988,100.0738778432263,99.17059190422437,XLB,素材,value,Weakening,4.0,-2.0,-3.0
2025-05-05,41.18611145019531,0.24538911227655136,0.24621283566742375,99.66123300787078,99.0711559015532,XLB,素材,value,Lagging,4.0,-2.0,-1.0
2025-05-06,40.888084411621094,0.24543282740539862,0.24595283291341538,99.3975027516472,98.80750690971945,XLB,素材,value,Lagging,3.0,-3.0,-1.0
2025-05-07,40.66334915161133,0.24248678244778948,0.24479748275820676,98.3070423353575,97.02649749318974,XLB,素材,value,Lagging,3.0,-3.0,-3.0
2025-05-08,41.205657958984375,0.2436707464428473,0.2444219039864203,98.01416126378501,97.02401065369706,XLB,素材,value,Lagging,2.0,-4.0,-4.0
2025-05-09,41.31313705444336,0.2443629725031634,0.24440226015866803,98.03985188151208,97.43852696410218,XLB,素材,value,Lagging,2.0,-2.0,0.0
2025-05-12,42.27072525024414,0.24335679358623075,0.24405377130118897,97.792072000856,97.78936570413163,XLB,素材,value,Lagging,2.0,-2.0,0.0
2025-05-13,42.06064224243164,0.24160229530775587,0.24323661263671126,97.25838299407724,97.61302477105306,XLB,素材,value,Lagging,2.0,-1.0,2.0
2025-05-14,41.67467498779297,0.24083538358259796,0.24243620295200685,96.89171561832936,98.53684033647659,XLB,素材,value,Lagging,2.0,-1.0,2.0
2025-05-15,42.0997314453125,0.2410941551981451,0.24198885370071962,96.88213931502669,98.9066887942113,XLB,素材,value,Lagging,2.0,0.0,4.0
2025-05-16,42.52967071533203,0.2411882727386873,0.2417219933800422,96.99724157573665,99.04229968669374,XLB,素材,value,Lagging,2.0,0.0,2.0
2025-05-19,42.63714599609375,0.24182461936613062,0.24175620204207168,97.25313965240805,99.65181310356905,XLB,素材,value,Lagging,2.0,0.0,2.0
2025-05-20,42.563873291015625,0.24204117778438383,0.24185119395617577,97.49666239815478,100.57409545811178,XLB,素材,value,Improving,2.0,0.0,1.0
2025-05-21,41.99713134765625,0.2441363394167159,0.24261290910968916,98.04073613389954,101.60536276750253,XLB,素材,value,Improving,3.0,1.0,2.0
2025-05-22,41.95315933227539,0.24466099258366633,0.24329560360101488,98.47681472212898,102.02194588191416,XLB,素材,value,Improving,4.0,2.0,2.0
2025-05-23,41.87010192871094,0.2451570739098815,0.24391609370397044,98.84080107605854,102.17415465443548,XLB,素材,value,Improving,4.0,2.0,2.0
2025-05-27,42.60295104980469,0.2448827284443449,0.2442383052840953,99.03176710741606,101.9991370835941,XLB,素材,value,Improving,4.0,2.0,2.0
2025-05-28,42.02156066894531,0.2436123439984898,0.2440296515222268,98.93771456459385,101.586802876748,XLB,素材,value,Improving,4.0,2.0,2.0
2025-05-29,42.17790222167969,0.243923017222247,0.24399410675556688,98.94243395440012,101.01357445521212,XLB,素材,value,Improving,4.0,1.0,0.0
2025-05-30,42.182777404785156,0.24404803679916282,0.24401208343676553,98.97506526729597,100.59890547010988,XLB,素材,value,Improving,4.0,0.0,-2.0
2025-06-02,42.43195343017578,0.2452949679353819,0.244439711602971,99.20952925209016,100.46368122531972,XLB,素材,value,Improving,4.0,0.0,-2.0
2025-06-03,42.86677932739258,0.24576264773618586,0.24488069031404264,99.44122279956113,100.49754516132681,XLB,素材,value,Improving,4.0,0.0,-2.0
2025-06-04,43.02800369262695,0.24724240965063904,0.24566793009290813,99.8621012172888,100.99923007145911,XLB,素材,value,Improving,5.0,1.0,-1.0
2025-06-05,42.77395248413086,0.24644853145451412,0.2459281305467768,100.01009456277043,101.12817775970126,XLB,素材,value,Leading,6.0,2.0,1.0
2025-06-06,42.88631820678711,0.24498025844191523,0.24561217317848963,99.85463234642273,100.93742210659589,XLB,素材,value,Improving,6.0,2.0,2.0
2025-06-09,43.17457580566406,0.24658543854817738,0.24593659496838555,100.03751127270624,100.88716959709281,XLB,素材,value,Leading,7.0,3.0,3.0
2025-06-10,43.44328308105469,0.24689066887181133,0.24625461960286082,100.21725236598992,100.84296742606817,XLB,素材,value,Leading,7.0,3.0,3.0
2025-06-11,43.01334762573242,0.2451433928131797,0.24588421067296712,100.02917727654747,100.24651456488257,XLB,素材,value,Leading,7.0,2.0,1.0
2025-06-12,43.194122314453125,0.245597730287836,0.24578871721125675,99.99746889952935,100.07678280015188,XLB,素材,value,Improving,7.0,1.0,-1.0
2025-06-13,42.690895080566406,0.2457064673326882,0.24576130058506723,100.00377708745073,100.24497719473376,XLB,素材,value,Leading,7.0,1.0,-1.0
2025-06-16,43.052433013916016,0.24542093644071114,0.24564784587028188,99.96222989683116,100.02850468892312,XLB,素材,value,Improving,7.0,0.0,-3.0
2025-06-17,42.632266998291016,0.2453829129001873,0.24555953488025037,99.93686160473685,99.83281587747769,XLB,素材,value,Lagging,6.0,-1.0,-4.0
2025-06-18,42.51012420654297,0.2446522508595275,0.24525710687334276,99.7856813402567,99.87854418203057,XLB,素材,value,Lagging,6.0,-1.0,-3.0
2025-06-20,42.221866607666016,0.24259662475298047,0.24437027949988868,99.28797173667006,99.41674571680662,XLB,素材,value,Lagging,6.0,-1.0,-2.0
2025-06-23,42.69230270385742,0.2431529754419977,0.24396451148059173,99.07557882430747,99.20730807199453,XLB,素材,value,Lagging,4.0,-3.0,-4.0
2025-06-24,43.04585647583008,0.2428671078827011,0.24359871028129487,98.89280167158671,99.0771539765382,XLB,素材,value,Lagging,4.0,-3.0,-3.0
2025-06-25,42.63337326049805,0.2422879259301654,0.24316178216425172,98.67928538379832,98.90383118661187,XLB,素材,value,Lagging,1.0,-5.0,-4.0
2025-06-26,43.10478591918945,0.24313210800828894,0.2431518907789308,98.71800232481876,99.10335239379506,XLB,素材,value,Lagging,3.0,-3.0,-2.0
2025-06-27,43.1588020324707,0.24254857715589306,0.24295078623791824,98.64805917615402,99.53025972123977,XLB,素材,value,Lagging,3.0,-3.0,-2.0
2025-06-30,43.11951446533203,0.24119443064824897,0.24236533437469518,98.3739648293767,99.47742767279739,XLB,素材,value,Lagging,2.0,-2.0,1.0
2025-07-01,44.23421096801758,0.2445633389342074,0.24309800256119926,98.83112892681503,100.10961621766894,XLB,素材,value,Improving,4.0,0.0,3.0
2025-07-02,44.897132873535156,0.24766278324365198,0.24461959612201686,99.7229760645129,101.1741392158163,XLB,素材,value,Improving,7.0,6.0,11.0
2025-07-03,44.867671966552734,0.2463107802858747,0.24518332417663616,100.07467496893467,101.43787409582336,XLB,素材,value,Leading,7.0,4.0,7.0
2025-07-07,44.435543060302734,0.24590381647598136,0.2454234882764179,100.24802767636876,101.61619686648048,XLB,素材,value,Leading,7.0,4.0,7.0
2025-07-08,44.79892349243164,0.24729546847409292,0.24604748167564292,100.65592314576912,102.14109897118833,XLB,素材,value,Leading,8.0,6.0,8.0
2025-07-09,45.06900405883789,0.2480455647877081,0.24671350937966466,101.07208652163665,101.99977501306607,XLB,素材,value,Leading,10.0,6.0,6.0
2025-07-10,45.30961608886719,0.24793356066476074,0.24712019314136338,101.28919764757129,101.36051698528429,XLB,素材,value,Leading,10.0,3.0,-3.0
2025-07-11,44.94132995605469,0.2477318461053461,0.24732407746269097,101.36841951177006,101.08946468634687,XLB,素材,value,Leading,11.0,4.0,0.0
2025-07-14,44.69089126586914,0.2460977927207924,0.24691531588205812,101.09021482828828,100.67317866193095,XLB,素材,value,Leading,9.0,2.0,-2.0
2025-07-15,43.77261734008789,0.2444306622768226,0.2460870980136463,100.59101699343469,99.86343907125827,XLB,素材,value,Weakening,8.0,0.0,-6.0
2025-07-16,43.89046859741211,0.2441366454619142,0.24543694716306896,100.21291556311651,99.17305279703125,XLB,素材,value,Weakening,7.0,-3.0,-9.0
2025-07-17,44.19983673095703,0.24386927771119812,0.24491439067911203,99.91367316264704,98.75822300841874,XLB,素材,value,Lagging,7.0,-3.0,-6.0
2025-07-18,44.302955627441406,0.2445311370909249,0.24478663948304968,99.85493233477791,98.68476686179967,XLB,素材,value,Lagging,7.0,-4.0,-8.0
2025-07-21,44.528846740722656,0.246621531972188,0.24539827031276246,100.24506128496549,99.28455329356535,XLB,素材,value,Weakening,7.0,-2.0,-4.0
2025-07-22,45.14266586303711,0.2468738450487582,0.2458901285580944,100.57530931783734,100.01753663510799,XLB,素材,value,Leading,7.0,-1.0,-1.0
2025-07-23,45.294891357421875,0.24567107037071062,0.24581710916229982,100.56522637645709,100.34890220672308,XLB,素材,value,Leading,8.0,1.0,4.0
2025-07-24,44.82838439941406,0.24392168297627873,0.24518530043362613,100.1857691136119,100.28352847044471,XLB,素材,value,Leading,7.0,0.0,3.0
2025-07-25,45.35873031616211,0.24562415600076382,0.24533158562267204,100.31111471812224,100.44287013645932,XLB,素材,value,Leading,8.0,1.0,5.0
2025-07-28,44.700714111328125,0.24350069750193482,0.2447212895824263,99.9240793534713,99.76253812082862,XLB,素材,value,Lagging,7.0,0.0,2.0
2025-07-29,44.528846740722656,0.24268151097684995,0.24404136338056753,99.48212485321406,99.08900980444666,XLB,素材,value,Lagging,5.0,-2.0,-1.0
2025-07-30,43.630218505859375,0.23933653553595322,0.2424730874323628,98.45646298795775,98.24410726899387,XLB,素材,value,Lagging,1.0,-7.0,-8.0
2025-07-31,43.080238342285156,0.23849448181315872,0.24114688555929475,97.67881968890241,97.99384698364452,XLB,素材,value,Lagging,1.0,-6.0,-6.0
2025-08-01,42.584266662597656,0.2384366080688523,0.2402434597291473,97.28123799587011,97.69225799932757,XLB,素材,value,Lagging,1.0,-7.0,-8.0
2025-08-04,43.148983001708984,0.2386801283455319,0.23972234926794217,97.1805016072253,98.01582172194524,XLB,素材,value,Lagging,1.0,-6.0,-6.0
2025-08-05,43.453433990478516,0.24103304838351872,0.24015924897313434,97.59843405344527,98.71283486109112,XLB,素材,value,Lagging,1.0,-4.0,-2.0
2025-08-06,42.98202133178711,0.23895273886687055,0.2397570789377131,97.53712258431831,99.45019757024232,XLB,素材,value,Lagging,1.0,0.0,7.0
2025-08-07,43.16862487792969,0.240134582702461,0.23988291352596242,97.747417645969,100.17917758328167,XLB,素材,value,Improving,1.0,0.0,6.0
2025-08-08,43.38468933105469,0.24090150127357757,0.2402224427751675,98.02746335733421,100.67753710439537,XLB,素材,value,Improving,1.0,0.0,7.0
2025-08-11,43.286476135253906,0.24101434732552915,0.2404864109586214,98.24004554370984,100.89589300549027,XLB,素材,value,Improving,2.0,1.0,7.0
2025-08-12,43.851192474365234,0.2410951284187764,0.24068931677867306,98.40209881944277,100.6677234086898,XLB,素材,value,Improving,3.0,2.0,6.0
2025-08-13,44.67616271972656,0.2421731003052084,0.2411839112875182,98.67686354446846,100.91229466831336,XLB,素材,value,Improving,5.0,4.0,4.0
2025-08-14,44.209659576416016,0.24121348942659054,0.24119377066720898,98.70368829141393,100.73628197173939,XLB,素材,value,Improving,4.0,3.0,3.0
2025-08-15,44.209659576416016,0.24181049386832376,0.2413993450675806,98.81163871346712,100.57217171852253,XLB,素材,value,Improving,4.0,3.0,3.0
2025-08-18,43.95431137084961,0.2404655921613581,0.2410880940988398,98.67654530174384,100.26593117770761,XLB,素材,value,Improving,4.0,2.0,1.0
2025-08-19,44.219482421875,0.2407889122876404,0.24098836682844002,98.64466751007787,100.09374506528312,XLB,素材,value,Improving,4.0,1.0,-1.0
2025-08-20,44.25385284423828,0.2411957158581195,0.24105748317166653,98.69174408455078,99.90600462580298,XLB,素材,value,Lagging,4.0,-1.0,-5.0
2025-08-21,44.386436462402344,0.24276434993504245,0.2416264387594585,98.9695033105989,100.12868550550837,XLB,素材,value,Improving,4.0,0.0,-3.0
2025-08-22,45.26542663574219,0.24284222776185488,0.2420317017602573,99.17018708150849,100.22616314427789,XLB,素材,value,Improving,4.0,0.0,-3.0
2025-08-25,45.01498794555664,0.24336091135584945,0.2424747716254547,99.38616828293175,100.54984037110016,XLB,素材,value,Improving,5.0,1.0,-1.0
2025-08-26,45.137752532958984,0.24385600931189957,0.242935184187603,99.60690839392386,100.79035305064713,XLB,素材,value,Improving,6.0,2.0,1.0
2025-08-27,45.25069808959961,0.24358594468198913,0.24315210435239837,99.71271294614834,100.85304099653855,XLB,素材,value,Improving,6.0,2.0,3.0
2025-08-28,45.25069808959961,0.2437020852593734,0.24333543132139007,99.80138531975263,100.68738537312967,XLB,素材,value,Improving,6.0,2.0,2.0
2025-08-29,45.31452941894531,0.24422698704123655,0.24363261656133892,99.94001551664755,100.62744704752062,XLB,素材,value,Improving,6.0,2.0,2.0
2025-09-02,44.97570037841797,0.2443309328198577,0.24386538864751187,100.05065932457558,100.52942160382156,XLB,素材,value,Leading,6.0,1.0,0.0
2025-09-03,44.67124938964844,0.24305363855051587,0.24359480528184654,99.93604172075271,100.23508167668544,XLB,素材,value,Improving,6.0,0.0,-2.0
2025-09-04,44.843116760253906,0.2421998742535297,0.2431298282724076,99.7397446850875,99.98123817060699,XLB,素材,value,Lagging,5.0,-1.0,-3.0
2025-09-05,45.15739440917969,0.2436125518001877,0.243290736115001,99.83185510154507,99.99885767223361,XLB,素材,value,Lagging,5.0,-1.0,-3.0
2025-09-08,45.196678161621094,0.2440187384700074,0.2435334035666698,99.95984131558278,100.00154243265912,XLB,素材,value,Improving,8.0,2.0,0.0
2025-09-09,44.46009826660156,0.24078359740521926,0.24261680151285298,99.55150269607807,99.55425177340977,XLB,素材,value,Lagging,5.0,-1.0,-2.0
2025-09-10,44.543575286865234,0.24148011814560438,0.24223790705710346,99.3964277064183,99.535619876623,XLB,素材,value,Lagging,5.0,-1.0,-1.0
2025-09-11,45.47658157348633,0.2428983078433081,0.24245804065250504,99.52324063374962,99.83201659320459,XLB,素材,value,Lagging,5.0,0.0,1.0
2025-09-12,45.0198974609375,0.24220242832556688,0.24237283654352565,99.50412857913355,99.73652756966885,XLB,素材,value,Lagging,5.0,0.0,1.0
2025-09-15,44.656524658203125,0.2406678415212695,0.24180450486944027,99.25393229361619,99.40998547529497,XLB,素材,value,Lagging,4.0,-4.0,-6.0
2025-09-16,44.51902389526367,0.24056446179656446,0.24139115717848167,99.08161340134129,99.62785475383801,XLB,素材,value,Lagging,3.0,-2.0,-1.0
2025-09-17,44.62214279174805,0.2408911977611384,0.24122450403936727,99.03097051759754,99.72276824765463,XLB,素材,value,Lagging,3.0,-2.0,-1.0
2025-09-18,44.62214279174805,0.23932796247821533,0.2405923235189833,98.76172294109284,99.3770282163126,XLB,素材,value,Lagging,2.0,-3.0,-3.0
2025-09-19,44.60250473022461,0.23963986095480966,0.2402748359975921,98.65430466876998,99.30101262370833,XLB,素材,value,Lagging,2.0,-3.0,-3.0
2025-09-22,44.58721160888672,0.23944330962336652,0.23999766053951693,98.5727857750852,99.44674258007954,XLB,素材,value,Lagging,2.0,-2.0,2.0
2025-09-23,44.44412612915039,0.23838398979382133,0.23945977029095175,98.38249248838422,99.42312846787415,XLB,素材,value,Lagging,2.0,-1.0,1.0
2025-09-24,43.901405334472656,0.2360233489918081,0.23831429652457053,97.95745469446332,99.08182959866473,XLB,素材,value,Lagging,2.0,-1.0,1.0
2025-09-25,43.32907485961914,0.23488012290200397,0.23716957198371502,97.60547518444571,99.00981057500286,XLB,素材,value,Lagging,1.0,-1.0,2.0
2025-09-26,43.83232879638672,0.23527707920485952,0.23653874105742986,97.5147474249832,99.03715251318958,XLB,素材,value,Lagging,1.0,-1.0,2.0
2025-09-29,44.00008010864258,0.23539108240302245,0.2361561881726274,97.53223880725723,99.13357921900722,XLB,素材,value,Lagging,1.0,-1.0,1.0
2025-09-30,44.217166900634766,0.2359289538517152,0.23608044339899,97.65803765939792,99.42627443246806,XLB,素材,value,Lagging,1.0,-1.0,0.0
2025-10-01,43.753387451171875,0.2329263962621587,0.2350290943533796,97.45908747234235,99.64648561019055,XLB,素材,value,Lagging,1.0,-1.0,0.0
2025-10-02,44.261573791503906,0.23507541640271204,0.23504453503649042,97.61874223496727,100.12546103474105,XLB,素材,value,Improving,1.0,0.0,1.0
2025-10-03,44.3355827331543,0.23464354867612608,0.23491087291636897,97.7108683075186,100.31794932083932,XLB,素材,value,Improving,2.0,1.0,2.0
2025-10-06,44.29611587524414,0.23450826569689942,0.23477667050987913,97.78650846617747,100.41878350312868,XLB,素材,value,Improving,3.0,2.0,3.0
2025-10-07,44.118492126464844,0.2345986090008443,0.2347173166735342,97.86762586136297,100.42567294534022,XLB,素材,value,Improving,2.0,1.0,2.0
2025-10-08,44.355316162109375,0.2350921878372727,0.23484227372811373,97.98647104761444,100.78062606334308,XLB,素材,value,Improving,4.0,3.0,4.0
2025-10-09,43.74845504760742,0.23381014308002898,0.23449823017875215,97.95866678914474,100.61326532214447,XLB,素材,value,Improving,3.0,2.0,2.0
2025-10-10,42.850494384765625,0.23429347283789237,0.2344299777317989,98.01395811248871,100.5881848838159,XLB,素材,value,Improving,2.0,0.0,-1.0
2025-10-13,43.53136444091797,0.23572420331463154,0.2348613862594098,98.21111537483704,100.70608537677617,XLB,素材,value,Improving,2.0,-1.0,-3.0
2025-10-14,43.96554183959961,0.23611734139477863,0.23528003797119942,98.3942150522137,100.78924123342799,XLB,素材,value,Improving,3.0,1.0,0.0
2025-10-15,43.7681884765625,0.23458445665094668,0.23504817753111518,98.38539826790924,100.63060523514778,XLB,素材,value,Improving,1.0,-3.0,-6.0
2025-10-16,43.44255828857422,0.23506724560251796,0.23505453355491612,98.4437662826006,100.69713115025807,XLB,素材,value,Improving,2.0,-1.0,-3.0
2025-10-17,43.35867691040039,0.23342790070216796,0.23451232260400007,98.34280553748141,100.5099422006251,XLB,素材,value,Improving,2.0,0.0,0.0
2025-10-20,43.87673568725586,0.23387829048528408,0.23430097856442808,98.33443496707761,100.28552581418803,XLB,素材,value,Improving,2.0,0.0,1.0
2025-10-21,43.708980560302734,0.231921511022562,0.2335078227171394,98.16660180129094,99.91659671473259,XLB,素材,value,Lagging,2.0,-1.0,-2.0
2025-10-22,43.575767517089844,0.2323351945435452,0.23311694665927468,98.1254072981486,99.89053755210986,XLB,素材,value,Lagging,2.0,1.0,4.0
2025-10-23,44.098758697509766,0.23401420560039346,0.23341603297298097,98.2702487763257,99.99501917444702,XLB,素材,value,Lagging,2.0,0.0,1.0
2025-10-24,43.91620635986328,0.23241189849304544,0.23308132147966915,98.23853412358292,100.0665770895859,XLB,素材,value,Improving,2.0,0.0,0.0
2025-10-27,43.89646911621094,0.23127959532488332,0.23248074609474054,98.14378229638723,99.95670447088838,XLB,素材,value,Lagging,2.0,0.0,0.0
2025-10-28,43.95567321777344,0.23359783674516624,0.23285310964488246,98.31925546981007,100.30533815297454,XLB,素材,value,Improving,2.0,0.0,1.0
2025-10-29,43.092254638671875,0.2315993700444387,0.23243519644473454,98.27909775372804,100.27554873515558,XLB,素材,value,Improving,2.0,0.0,-1.0
2025-10-30,42.51498794555664,0.22948384337892297,0.23145141208946401,98.10493830852911,99.81152947371413,XLB,素材,value,Lagging,2.0,0.0,0.0
2025-10-31,42.2682991027832,0.2276545435613496,0.23018578924675923,97.89010442879727,99.44312269762283,XLB,素材,value,Lagging,1.0,-1.0,-1.0
2025-11-03,42.00680160522461,0.22680128335412034,0.22905762061587961,97.74425410630876,99.27703047496261,XLB,素材,value,Lagging,1.0,-1.0,-1.0
2025-11-04,41.799583435058594,0.2271851762652653,0.2284334724990082,97.73484583423762,98.94730567450051,XLB,素材,value,Lagging,1.0,-1.0,-1.0
2025-11-05,42.0462760925293,0.22719619629201712,0.22802104709667786,97.7752091348685,99.10446708466367,XLB,素材,value,Lagging,1.0,-1.0,-1.0
2025-11-06,41.83905029296875,0.2276808589875542,0.22790765106030333,97.87240118761478,99.58109626056645,XLB,素材,value,Lagging,1.0,-1.0,-1.0
2025-11-07,42.342308044433594,0.22850302218680288,0.22810610810246987,98.01894085282208,100.2241690854593,XLB,素材,value,Improving,1.0,0.0,1.0
2025-11-10,42.74195098876953,0.2293391538919275,0.2285171233656224,98.18988803293699,100.79368126931602,XLB,素材,value,Improving,1.0,0.0,1.0
2025-11-11,43.18599319458008,0.23039050685081602,0.22914158452735364,98.38454722428965,101.19282568758254,XLB,素材,value,Improving,1.0,0.0,1.0
2025-11-12,43.49189376831055,0.23147345666685373,0.22991887524052035,98.59313142647902,101.5091722195809,XLB,素材,value,Improving,2.0,1.0,2.0
2025-11-13,43.20573043823242,0.23257972925598622,0.23080582657900897,98.81010281663346,101.70949563415577,XLB,素材,value,Improving,2.0,1.0,2.0
2025-11-14,42.81101989746094,0.2313037767556466,0.23097180997122152,98.87990368854216,101.53720284804231,XLB,素材,value,Improving,2.0,1.0,1.0
2025-11-17,42.15974807739258,0.2308159176682472,0.23091984587023007,98.90540798991206,101.25181903898235,XLB,素材,value,Improving,2.0,1.0,1.0
2025-11-18,42.19429016113281,0.23086765150338714,0.2309024477479491,98.93654073137994,100.9434575480809,XLB,素材,value,Improving,2.0,1.0,1.0
2025-11-19,42.302833557128906,0.23216436551913974,0.23132308700501267,99.04985139186584,100.76999718488676,XLB,素材,value,Improving,2.0,0.0,-1.0
2025-11-20,41.671302795410156,0.23152295853422258,0.23138971084808266,99.09231134025191,100.47013945249499,XLB,素材,value,Improving,2.0,0.0,-1.0
2025-11-21,42.60380172729492,0.23214205392237355,0.2316404918728463,99.16925347277139,100.49914249809544,XLB,素材,value,Improving,3.0,1.0,0.0
2025-11-24,42.68767166137695,0.23163888458790147,0.23163995611119803,99.19570097938296,100.53069405077895,XLB,素材,value,Improving,3.0,1.0,0.0
2025-11-25,43.32414245605469,0.2317994636421148,0.2316931252881703,99.23214304774858,100.57547709133463,XLB,素材,value,Improving,5.0,3.0,2.0
2025-11-26,43.856998443603516,0.23302451757393178,0.23213692271675745,99.34739767898236,100.60505299540789,XLB,素材,value,Improving,6.0,4.0,4.0
2025-11-28,44.10862350463867,0.2331011127428702,0.2324583193921284,99.43854063301913,100.71881269503332,XLB,素材,value,Improving,6.0,4.0,4.0
2025-12-01,44.00008010864258,0.23412887187721457,0.23301517022049048,99.58230407909225,100.86034690239256,XLB,素材,value,Improving,6.0,3.0,2.0
2025-12-02,43.600440979003906,0.23222210600545667,0.23275081548214588,99.54929176574255,100.74546872279207,XLB,素材,value,Improving,6.0,3.0,2.0
2025-12-03,43.90633773803711,0.23208056263034865,0.23252739786488014,99.5235743983139,100.61676075706028,XLB,素材,value,Improving,6.0,1.0,-2.0
2025-12-04,43.649776458740234,0.2306521547547028,0.23190231682815438,99.40186743789705,100.16438645717466,XLB,素材,value,Improving,6.0,0.0,-4.0
2025-12-05,43.50669479370117,0.2293572762222802,0.23105396995952965,99.21873149792383,99.64926130173272,XLB,素材,value,Lagging,4.0,-2.0,-6.0
2025-12-08,42.904762268066406,0.22754692871431995,0.22988495621112642,98.94986622763427,98.87230351045113,XLB,素材,value,Lagging,3.0,-3.0,-6.0
2025-12-09,42.81595230102539,0.22750508159332172,0.2290916646718582,98.77028721636904,98.61347315095607,XLB,素材,value,Lagging,3.0,-3.0,-6.0
2025-12-10,43.65471267700195,0.22874371204801822,0.22897568046391156,98.75777052599334,98.67305916045069,XLB,素材,value,Lagging,3.0,-3.0,-4.0
2025-12-11,44.523067474365234,0.23142479465245758,0.2297920518600936,98.99246059804935,99.33730732197408,XLB,素材,value,Lagging,4.0,-2.0,-2.0
2025-12-12,44.55267333984375,0.2331591496274713,0.23091441778255287,99.32711294452882,100.27532798305353,XLB,素材,value,Improving,5.0,1.0,3.0
2025-12-15,44.523067474365234,0.2327154640665122,0.23151476654387265,99.5273820278625,101.11742384774958,XLB,素材,value,Improving,6.0,3.0,6.0
2025-12-16,44.404659271240234,0.23373811020238508,0.23225588109671014,99.7883986434118,101.84997513277432,XLB,素材,value,Improving,7.0,4.0,7.0
2025-12-17,44.592140197753906,0.23536143972342846,0.23329106730561625,100.17202962781876,102.42180077975966,XLB,素材,value,Leading,8.0,5.0,8.0
2025-12-18,44.57240676879883,0.23475541004401457,0.23377918155174904,100.3966975081563,102.28459031868078,XLB,素材,value,Leading,8.0,4.0,6.0
2025-12-19,44.76976013183594,0.23493905621958547,0.23416580644102786,100.60508399875793,101.97651516135998,XLB,素材,value,Leading,8.0,3.0,2.0
2025-12-22,45.29841995239258,0.23596431949243,0.23476531079149524,100.91257367521118,102.05757631023013,XLB,素材,value,Leading,10.0,4.0,1.0
2025-12-23,45.377769470214844,0.23692853872407532,0.23548638676902195,101.26662576619721,102.13271487995794,XLB,素材,value,Leading,10.0,3.0,-1.0
2025-12-24,45.467041015625,0.23653714837488116,0.2358366406376417,101.44522566203747,101.75933234033212,XLB,素材,value,Leading,10.0,2.0,-3.0
2025-12-26,45.73484420776367,0.23786897709583196,0.23651408612370514,101.7353384855659,101.82983355343104,XLB,素材,value,Leading,10.0,2.0,-2.0
2025-12-29,45.367855072021484,0.23635041778274662,0.23645953001005232,101.70410964426462,101.40224331893,XLB,素材,value,Leading,10.0,2.0,-1.0
2025-12-30,45.35793685913086,0.23667789128818834,0.23653231710276434,101.72331844616534,100.87921275652356,XLB,素材,value,Leading,10.0,0.0,-4.0
2025-12-31,44.98102569580078,0.23673286764817483,0.23659916728456787,101.71525883750024,100.21899728504653,XLB,素材,value,Leading,10.0,0.0,-3.0
2026-01-02,45.7447624206543,0.23912951835314813,0.2374426176407613,102.0017157735536,100.39707873351374,XLB,素材,value,Leading,11.0,1.0,-1.0
2026-01-05,46.20102310180664,0.23929367500611307,0.23805963676254524,102.16220482558116,100.15831466627446,XLB,素材,value,Leading,11.0,1.0,-1.0
2026-01-06,47.11353302001953,0.2411090226738175,0.23907609873296934,102.42584658641036,100.67113525866846,XLB,素材,value,Leading,11.0,1.0,-1.0
2026-01-07,46.30020523071289,0.239635018095845,0.23926240518726125,102.36490753621985,100.51487605848916,XLB,素材,value,Leading,11.0,1.0,1.0
2026-01-08,47.11353302001953,0.24177173530549004,0.24009884856000419,102.5094100722128,100.77609685781883,XLB,素材,value,Leading,11.0,1.0,1.0
2026-01-09,47.867347717285156,0.24422293003101683,0.24147354238367508,102.76167969835848,100.70072673435544,XLB,素材,value,Leading,11.0,0.0,-1.0
2026-01-12,48.1252326965332,0.24531521162877087,0.24275409879870702,102.91209084068112,100.66797098213063,XLB,素材,value,Leading,11.0,0.0,-1.0
2026-01-13,48.333526611328125,0.2463769761736015,0.24396172459033855,102.99187000988051,100.33973847694905,XLB,素材,value,Leading,11.0,0.0,-1.0
2026-01-14,48.35336685180664,0.24536159730945814,0.2444283488300451,102.87309704564281,100.2384653634351,XLB,素材,value,Leading,11.0,0.0,-1.0
2026-01-15,48.5616569519043,0.24533188723450983,0.24472952829820002,102.73186056118377,99.740414424955,XLB,素材,value,Weakening,11.0,0.0,-1.0
2026-01-16,48.283935546875,0.24455382592197783,0.24467096083945933,102.53809682006023,98.98363562773235,XLB,素材,value,Weakening,10.0,-1.0,-1.0
2026-01-20,47.797916412353516,0.24575915246597896,0.24503369138163256,102.45324117344613,98.61698026594809,XLB,素材,value,Weakening,10.0,-1.0,-1.0
2026-01-21,48.839378356933594,0.246932912677176,0.24566676514681374,102.42617026119477,98.47996944044938,XLB,素材,value,Weakening,10.0,-1.0,-1.0
2026-01-22,49.11709976196289,0.24801369502575454,0.2464490751064607,102.42086042442546,98.68649941589403,XLB,素材,value,Weakening,11.0,0.0,0.0
2026-01-23,49.56344223022461,0.251388048419401,0.24809539954410748,102.55194911560156,99.13892839192542,XLB,素材,value,Weakening,11.0,0.0,0.0
2026-01-26,49.622947692871094,0.2510961217680757,0.24909564028543024,102.54600614534418,99.44751764692258,XLB,素材,value,Weakening,11.0,1.0,2.0
2026-01-27,49.57335662841797,0.2512361172428177,0.2498091326045594,102.4898279395827,99.49084461354292,XLB,素材,value,Weakening,11.0,1.0,2.0
2026-01-28,49.543601989746094,0.2519338345075903,0.2505173665722364,102.43620114357458,99.43838592831297,XLB,素材,value,Weakening,10.0,0.0,1.0
2026-01-29,49.593196868896484,0.25185572882829044,0.25096348732425444,102.35020430381383,99.30972315004985,XLB,素材,value,Weakening,10.0,-1.0,-1.0
2026-01-30,48.86913299560547,0.24872990143183926,0.2502189586934494,102.11575621199836,98.72404358144485,XLB,素材,value,Weakening,10.0,-1.0,-1.0
2026-02-02,49.24604415893555,0.24936418632887028,0.24993403457192304,101.97172053289641,98.52315347525555,XLB,素材,value,Weakening,8.0,-3.0,-4.0
2026-02-03,50.287498474121094,0.25531737286720757,0.25172848067035125,102.10998053202134,98.84549297481948,XLB,素材,value,Weakening,8.0,-3.0,-4.0
2026-02-04,51.46781539916992,0.2590530861503768,0.2541700158303598,102.30504021980578,99.24267088099322,XLB,素材,value,Weakening,8.0,-2.0,-2.0
2026-02-05,50.08912658691406,0.2543230544231058,0.2542210286946085,102.18942135158785,99.17142125713572,XLB,素材,value,Weakening,8.0,-2.0,-1.0
2026-02-06,51.09090805053711,0.2546640387663842,0.25436869871853374,102.09972527082253,99.39353678043776,XLB,素材,value,Weakening,8.0,-2.0,-1.0
2026-02-09,51.75545883178711,0.25782353669557506,0.2555203113775475,102.13264903674632,99.68202045075691,XLB,素材,value,Weakening,8.0,0.0,3.0
2026-02-10,52.479515075683594,0.26050368070692115,0.2571814344873387,102.21343031659453,99.58425589405223,XLB,素材,value,Weakening,8.0,0.0,3.0
2026-02-11,53.183738708496094,0.2635322620559534,0.2592983770102103,102.32524337141258,99.45431788087386,XLB,素材,value,Weakening,8.0,0.0,2.0
2026-02-12,52.400169372558594,0.2631022785282228,0.26056634418288116,102.3286854111657,99.6713798502365,XLB,素材,value,Weakening,8.0,0.0,2.0
2026-02-13,52.87626647949219,0.262770711047755,0.2613011331378391,102.27422034625282,99.7479201803823,XLB,素材,value,Weakening,8.0,0.0,2.0
2026-02-17,52.2712287902832,0.26021288836651896,0.2609383848807324,102.11934791088773,99.44676035478494,XLB,素材,value,Weakening,8.0,0.0,0.0
2026-02-18,52.588626861572266,0.2604426094587617,0.26077312640674216,102.00078574328481,99.12945849073114,XLB,素材,value,Weakening,8.0,0.0,0.0
2026-02-19,52.400169372558594,0.260058621334652,0.26053495804937876,101.88808361297359,98.78096317991785,XLB,素材,value,Weakening,8.0,0.0,0.0
2026-02-20,52.529109954833984,0.2594850553756417,0.26018499049146643,101.77606708687819,98.63109569592035,XLB,素材,value,Weakening,9.0,1.0,1.0
2026-02-23,52.529109954833984,0.26236461354438056,0.2609115315091045,101.76976847022425,98.75380317713926,XLB,素材,value,Weakening,8.0,0.0,0.0
2026-02-24,52.92585754394531,0.2622544277350497,0.2613591635844196,101.73863646891219,98.98782610255466,XLB,素材,value,Weakening,8.0,0.0,0.0
2026-02-25,52.628299713134766,0.2606263051913253,0.26111487745338813,101.6491376853102,99.05996331214942,XLB,素材,value,Weakening,8.0,0.0,0.0
2026-02-26,52.56878662109375,0.2588692730263719,0.26036634264438274,101.52265101804062,99.06112404351177,XLB,素材,value,Weakening,8.0,0.0,0.0
2026-02-27,52.97544860839844,0.2605663638733241,0.2604330163873632,101.47515041324903,99.18686407419611,XLB,素材,value,Weakening,7.0,-2.0,-3.0
2026-03-02,52.81675338745117,0.26026832370040426,0.2603781188250436,101.4197475252634,99.12874672622215,XLB,素材,value,Weakening,7.0,-1.0,-1.0
2026-03-03,51.51741027832031,0.25701868540980505,0.2592583076866307,101.27550746802844,98.97441292050105,XLB,素材,value,Weakening,6.0,-2.0,-2.0
2026-03-04,51.4975700378418,0.25589399870602714,0.2581368713597629,101.13731200494662,98.92856306322916,XLB,素材,value,Weakening,6.0,-2.0,-2.0
2026-03-05,50.41644287109375,0.25345753941158833,0.2565770940437047,100.96564116894214,98.88999629011913,XLB,素材,value,Weakening,6.0,-2.0,-2.0
2026-03-06,49.4543342590332,0.25161951413411443,0.2549245674071746,100.78938506639896,98.7275489367424,XLB,素材,value,Weakening,6.0,-1.0,1.0
2026-03-09,49.583274841308594,0.25156455154090074,0.2538045621184167,100.66258705359186,98.65637989819608,XLB,素材,value,Weakening,6.0,-1.0,0.0
2026-03-10,49.47417068481445,0.2529074291077225,0.25350551778151864,100.61072411744782,98.82039096160885,XLB,素材,value,Weakening,6.0,0.0,2.0
2026-03-11,49.43449401855469,0.2535402033290163,0.25351707963068454,100.58752057816625,98.99142044213927,XLB,素材,value,Weakening,6.0,0.0,2.0
2026-03-12,49.27579879760742,0.25669617395895344,0.2545767777401075,100.66418823036702,99.35140310852591,XLB,素材,value,Weakening,6.0,0.0,2.0
2026-03-13,48.7897834777832,0.2541774498749736,0.25444366845172955,100.62732300159388,99.545758294732,XLB,素材,value,Weakening,6.0,0.0,1.0
2026-03-16,48.998077392578125,0.2533771849292267,0.2540881739442286,100.56776035729952,99.64157290014948,XLB,素材,value,Weakening,6.0,0.0,1.0
2026-03-17,49.11709976196289,0.2525805256129727,0.2535856245004766,100.49184486554385,99.6098665250912,XLB,素材,value,Weakening,6.0,0.0,0.0
2026-03-18,48.0855598449707,0.2505734508022228,0.2525815666010587,100.36095874246989,99.45969663714605,XLB,素材,value,Weakening,6.0,0.0,0.0
2026-03-19,47.351585388183594,0.24694015784360354,0.2507010970152403,100.13019444709921,99.0057055847154,XLB,素材,value,Weakening,6.0,0.0,0.0
2026-03-20,46.5977668762207,0.24663218228724498,0.24934479210590854,99.95014517211611,98.80062064627795,XLB,素材,value,Lagging,5.0,-1.0,-1.0
2026-03-23,47.372867584228516,0.24808979944352508,0.24892646121844741,99.87151737863503,98.78939529617143,XLB,素材,value,Lagging,5.0,-1.0,-1.0
2026-03-24,48.26951599121094,0.2524825714378298,0.2501118312915749,99.98022414712871,99.11979323538318,XLB,素材,value,Lagging,6.0,0.0,0.0
2026-03-25,49.2259407043457,0.25624361589406075,0.25215575949240354,100.19931857702565,99.75640270998088,XLB,素材,value,Weakening,6.0,0.0,0.0
2026-03-26,48.90713119506836,0.2569423083875828,0.25375127579079665,100.371985198497,100.55983345461256,XLB,素材,value,Leading,9.0,3.0,3.0
2026-03-27,48.72780227661133,0.259559127669098,0.2556872264168971,100.595765582096,101.41664824572317,XLB,素材,value,Leading,9.0,4.0,5.0
2026-03-30,48.90713119506836,0.2610545800239408,0.2574763442859117,100.80799318310063,102.0825415622989,XLB,素材,value,Leading,9.0,4.0,5.0
2026-03-31,49.78385543823242,0.2604036021289879,0.2584520969002705,100.9178736275565,102.1163528242367,XLB,素材,value,Leading,9.0,3.0,3.0
2026-04-01,50.27202606201172,0.2621103293408767,0.25967150771380587,101.06663341816203,101.95900355403273,XLB,素材,value,Leading,9.0,3.0,3.0
2026-04-02,50.22221374511719,0.26110475190763544,0.26014925577841574,101.11684105459932,101.66884839032551,XLB,素材,value,Leading,9.0,0.0,-3.0
2026-04-06,50.03292465209961,0.25900727370359816,0.2597685950868099,101.04289903861465,101.0601201595582,XLB,素材,value,Leading,9.0,0.0,-4.0
2026-04-07,49.8934440612793,0.2588592210624099,0.2594654704120099,100.97960473061678,100.49848362476864,XLB,素材,value,Leading,9.0,0.0,-4.0
2026-04-08,51.55722427368164,0.26145127035281657,0.26012740372561216,101.06686358118822,100.48009853578885,XLB,素材,value,Leading,9.0,0.0,-3.0
2026-04-09,51.47751998901367,0.2608889359925471,0.2603812478145905,101.0937306064686,100.24490789923931,XLB,素材,value,Leading,10.0,1.0,-2.0
2026-04-10,51.76643753051758,0.26426097733007686,0.2616744909864193,101.29803755557094,100.61912344940939,XLB,素材,value,Leading,11.0,2.0,2.0
2026-04-13,51.995582580566406,0.2625204994078313,0.2619564937935567,101.32800032313341,100.89052051089064,XLB,素材,value,Leading,11.0,2.0,2.0
2026-04-14,51.816253662109375,0.260527534827355,0.26148017413815616,101.22041035684758,100.82923881722307,XLB,素材,value,Leading,10.0,1.0,1.0
2026-04-15,51.188602447509766,0.2572815547010938,0.2600806343258021,100.93873635236949,99.98427363698256,XLB,素材,value,Weakening,9.0,0.0,0.0
2026-04-16,51.55722427368164,0.25795899672143563,0.2593734217910133,100.78201136722018,99.56542297085547,XLB,素材,value,Weakening,9.0,-1.0,-2.0
2026-04-17,51.68674087524414,0.25539925984675027,0.25804870114292566,100.49693832770805,98.42718395359732,XLB,素材,value,Weakening,9.0,-2.0,-4.0
2026-04-20,52.03543472290039,0.2563147933089264,0.257470731864926,100.35192789231043,98.09194852735676,XLB,素材,value,Weakening,9.0,-2.0,-4.0
2026-04-21,51.5771484375,0.25562524753070515,0.2568555704201857,100.18951155199133,98.04125391512794,XLB,素材,value,Weakening,8.0,-2.0,-3.0
2026-04-22,51.636924743652344,0.25603528454636226,0.2565821417955779,100.09435141223533,98.49519518067939,XLB,素材,value,Weakening,8.0,-1.0,-1.0
2026-04-23,51.617000579833984,0.2559491382716464,0.2563711406209341,100.0090049801838,98.68235916712915,XLB,素材,value,Weakening,8.0,-1.0,0.0
2026-04-24,51.726585388183594,0.2570257512249265,0.25658934415559825,100.03028505690703,99.37681198835448,XLB,素材,value,Weakening,8.0,-1.0,1.0
2026-04-27,51.58710861206055,0.2566375723792577,0.2566054202301514,100.0044780044478,99.6537976988865,XLB,素材,value,Weakening,8.0,-1.0,1.0
2026-04-28,51.208526611328125,0.2560612117166399,0.2564240173923143,99.92850757125751,99.85603702390416,XLB,素材,value,Lagging,7.0,-1.0,1.0
2026-04-29,50.770164489746094,0.2543125827909731,0.2557202058585339,99.71338182379756,99.60267546668071,XLB,素材,value,Lagging,5.0,-3.0,-2.0
2026-04-30,51.27826690673828,0.2530321223015164,0.2548241780061947,99.44333549390899,99.21238910812687,XLB,素材,value,Lagging,4.0,-4.0,-3.0
2026-05-01,51.15871047973633,0.2532138704103466,0.2542874088075787,99.25967053266685,98.78236149560915,XLB,素材,value,Lagging,4.0,-4.0,-3.0
2026-05-04,50.46132278442383,0.25122370619382894,0.2532661746029955,98.93063089923398,98.17665594042832,XLB,素材,value,Lagging,3.0,-5.0,-4.0
2026-05-05,51.33803939819336,0.25357636466630773,0.25336957129076626,98.94260952138441,98.41789510579822,XLB,素材,value,Lagging,3.0,-4.0,-3.0
2026-05-06,52.21476364135742,0.2558798125333408,0.25420631837162444,99.18735161628204,99.39928240382295,XLB,素材,value,Lagging,4.0,-1.0,2.0
2026-05-07,51.208526611328125,0.2525638679154974,0.25365883488624874,99.03190672664005,99.6481752535974,XLB,素材,value,Lagging,3.0,-1.0,3.0
2026-05-08,51.39781951904297,0.2528019116357067,0.2533731938027347,98.95747565260238,99.88632921285947,XLB,素材,value,Lagging,5.0,1.0,5.0
2026-05-11,52.0653190612793,0.2562231196471608,0.2543231690842101,99.24190576827436,101.16277966803021,XLB,素材,value,Improving,6.0,3.0,8.0
2026-05-12,51.945770263671875,0.25586058794487604,0.25483564203776543,99.40304325561763,101.4434859687663,XLB,素材,value,Improving,6.0,3.0,7.0
2026-05-13,51.86606979370117,0.2565884940290676,0.2554199260348662,99.58873897335498,101.2942814272023,XLB,素材,value,Improving,6.0,2.0,3.0
2026-05-14,51.47751998901367,0.25374094501093636,0.25486026569355624,99.44881406324681,101.30461769632225,XLB,素材,value,Improving,6.0,3.0,4.0
2026-05-15,50.11262130737305,0.2495867112574435,0.253102414214852,98.96748827681279,100.4904081760758,XLB,素材,value,Improving,4.0,-1.0,-2.0
2026-05-18,50.03292465209961,0.24766613766592768,0.2512903220318773,98.48887674011222,98.97606385694917,XLB,素材,value,Lagging,2.0,-4.0,-7.0
2026-05-19,48.85731887817383,0.24326224342336533,0.24861429582904,97.82385121477208,97.4974069541618,XLB,素材,value,Lagging,1.0,-5.0,-8.0
2026-05-20,49.534786224365234,0.24396126107893717,0.24706328424567242,97.54377624672858,96.92566517472022,XLB,素材,value,Lagging,1.0,-5.0,-7.0
2026-05-21,49.83366775512695,0.24437819283111742,0.2461682537741541,97.47538562509222,97.26943294452667,XLB,素材,value,Lagging,1.0,-5.0,-8.0
2026-05-22,50.1026611328125,0.2434732160984141,0.2452699078822408,97.41946127456994,98.05786746420357,XLB,素材,value,Lagging,1.0,-3.0,-2.0
2026-05-26,50.80005645751953,0.2456019734721179,0.24538059641219984,97.5904695055758,99.1126894824068,XLB,素材,value,Lagging,1.0,-1.0,3.0
2026-05-27,50.98934555053711,0.24669533057435747,0.24581884113291907,97.80993109694849,100.5046250940274,XLB,素材,value,Improving,2.0,1.0,6.0
2026-05-28,51.16867446899414,0.2466594879185855,0.24609905672814125,97.97448854880558,101.1742300577328,XLB,素材,value,Improving,4.0,3.0,8.0
2026-05-29,50.95945739746094,0.2449686919725066,0.24572226847626305,97.98359730145876,101.25865030688128,XLB,素材,value,Improving,4.0,3.0,8.0
2026-06-01,50.73031234741211,0.24342420532947506,0.24495624742733374,97.91400079870881,101.20241158441554,XLB,素材,value,Improving,6.0,5.0,8.0
2026-06-02,51.32807922363281,0.24531929043280606,0.24507726176249117,98.03631360778805,101.09583455401028,XLB,素材,value,Improving,7.0,6.0,7.0
2026-06-03,51.43767166137695,0.24677122088614006,0.24564191480370748,98.23696462144186,101.03671892487401,XLB,素材,value,Improving,7.0,5.0,4.0
2026-06-04,51.427703857421875,0.24487441595256956,0.24538608185332816,98.26069289142063,100.80263949261025,XLB,素材,value,Improving,8.0,4.0,1.0
2026-06-05,50.4413948059082,0.24364500970754144,0.24480572447139926,98.22095196460837,100.70737341705681,XLB,素材,value,Improving,7.0,3.0,0.0
2026-06-08,49.773887634277344,0.24067555843207028,0.24342900245828963,98.04108094054553,100.52333969357963,XLB,素材,value,Improving,3.0,-3.0,-8.0
2026-06-09,50.580875396728516,0.24273035788517291,0.2431961209339174,98.08758547475597,100.39384934578158,XLB,素材,value,Improving,3.0,-4.0,-10.0
2026-06-10,49.41522979736328,0.24019080269849297,0.24219434818877594,98.000782571637,99.95528889783168,XLB,素材,value,Lagging,3.0,-4.0,-9.0
2026-06-11,51.029197692871094,0.24422800605704534,0.24287223414486575,98.20698568362063,100.2234998776734,XLB,素材,value,Improving,3.0,-5.0,-9.0
2026-06-12,51.98562240600586,0.24657194957901332,0.24410547262291493,98.48451349180331,100.68728636853533,XLB,素材,value,Improving,5.0,-2.0,-5.0
2026-06-15,52.30442810058594,0.2466506522548473,0.24495386583355908,98.6771369858885,101.21266775383276,XLB,素材,value,Improving,6.0,3.0,6.0
2026-06-16,52.52360916137695,0.24851309965324128,0.2461402771067865,98.91265934741845,101.44472961428518,XLB,素材,value,Improving,5.0,2.0,6.0
2026-06-17,51.82621765136719,0.24894459131910876,0.24707504851089393,99.09350321433887,101.75710889051659,XLB,素材,value,Improving,7.0,4.0,8.0
2026-06-18,51.617000579833984,0.246794158835123,0.2469814186189703,99.09317195595791,101.41258140969428,XLB,素材,value,Improving,7.0,4.0,9.0
2026-06-22,51.619998931884766,0.24626687076749867,0.24674323600181308,99.06473779659356,100.95505178095586,XLB,素材,value,Improving,7.0,2.0,4.0
2026-06-23,50.869998931884766,0.24352529599559966,0.24567058933307528,98.9014546172428,100.44091362376408,XLB,素材,value,Improving,5.0,-1.0,-4.0
2026-06-24,51.15999984741211,0.24317900304218382,0.2448400605694448,98.79048965268066,99.94777615812322,XLB,素材,value,Lagging,4.0,-1.0,-3.0
2026-06-25,51.84000015258789,0.2448170019012415,0.24483237434671037,98.82200645443424,99.74100763237395,XLB,素材,value,Lagging,5.0,-2.0,-6.0
2026-06-26,51.599998474121094,0.24535209487482873,0.24500561452274985,98.8837184679127,99.83773131175491,XLB,素材,value,Lagging,4.0,-3.0,-7.0
2026-06-29,50.65999984741211,0.23778455349331726,0.24259859417960566,98.55009690507669,99.43175869383616,XLB,素材,value,Lagging,4.0,-3.0,-5.0
2026-06-30,50.83000183105469,0.23889646477594997,0.24136455104505378,98.41694221199911,99.49807237714279,XLB,素材,value,Lagging,4.0,-1.0,0.0
2026-07-01,51.02000045776367,0.2390703321412397,0.24059981141044912,98.3621354023597,99.60250415236634,XLB,素材,value,Lagging,4.0,0.0,1.0
2026-07-02,52.0099983215332,0.24200827060291494,0.24106929780793773,98.48770810039522,99.76362946926992,XLB,素材,value,Lagging,6.0,1.0,3.0
2026-07-06,51.97999954223633,0.24176743973133175,0.24130201178240243,98.56975032014776,99.81612310887805,XLB,素材,value,Lagging,6.0,2.0,5.0
2026-07-07,51.5099983215332,0.23988264027579945,0.2408288879468681,98.54459028750533,100.29544369487104,XLB,素材,value,Improving,6.0,2.0,5.0
2026-07-08,50.15999984741211,0.23638077553623463,0.2393461838099903,98.37444444373095,100.24481608470097,XLB,素材,value,Improving,3.0,-1.0,0.0
2026-07-09,50.2599983215332,0.23540982820390258,0.23803406527462773,98.2376333692138,100.12659420017873,XLB,素材,value,Improving,2.0,-2.0,-2.0
2026-07-10,50.88999938964844,0.23747082904780673,0.2378463198656874,98.26816603769151,99.9872230809917,XLB,素材,value,Lagging,2.0,-4.0,-5.0
2026-07-13,50.58000183105469,0.23610139961624746,0.2372646797825408,98.23213391272208,99.81858055556039,XLB,素材,value,Lagging,1.0,-5.0,-7.0
2026-07-14,50.63999938964844,0.23724525703285784,0.23725820553264648,98.27589758800437,99.93756946212979,XLB,素材,value,Lagging,1.0,-5.0,-7.0
2026-07-15,50.5,0.2371225980680082,0.2372130030444337,98.3114686084759,100.26332866903678,XLB,素材,value,Improving,1.0,-2.0,-1.0
2026-07-16,50.88999938964844,0.23663163753074676,0.2370192145398714,98.3285585817583,100.49534987387928,XLB,素材,value,Improving,1.0,-1.0,1.0
2026-07-17,50.529998779296875,0.23681867148914112,0.23695236685629467,98.3647788954736,100.49320219222096,XLB,素材,value,Improving,1.0,-1.0,3.0
2026-07-20,50.029998779296875,0.2355239582457119,0.2364762306527671,98.34286302514631,100.49489662581605,XLB,素材,value,Improving,1.0,0.0,5.0
2026-07-21,50.099998474121094,0.2354765922524565,0.2361430178526636,98.34440275132826,100.4079704517949,XLB,素材,value,Improving,1.0,0.0,5.0
2026-07-22,50.81999969482422,0.2389280696942869,0.23707136846653803,98.53446915723313,100.62564878018918,XLB,素材,value,Improving,2.0,1.0,3.0
2026-07-23,50.290000915527344,0.23730653713688463,0.23714975802332022,98.58829588093562,100.6598780912075,XLB,素材,value,Improving,2.0,1.0,2.0
2026-07-24,51.2599983215332,0.24001496728759225,0.23810482777807757,98.77343726611937,100.8687315651293,XLB,素材,value,Improving,3.0,2.0,3.0
2026-07-27,51.38999938964844,0.23882331600912096,0.23834432385509205,98.84192983686609,100.98290671352318,XLB,素材,value,Improving,3.0,2.0,2.0
2026-07-28,52.34000015258789,0.2404336421773701,0.23904076329585142,98.98110150122696,101.16455365719276,XLB,素材,value,Improving,4.0,3.0,3.0
2026-07-29,51.7400016784668,0.23983684560867913,0.239306124066794,99.04961448306298,100.94774374875003,XLB,素材,value,Improving,5.0,3.0,2.0
2026-07-30,51.63999938964844,0.23976227235088782,0.2394581734948253,99.09993920733984,100.91536510329533,XLB,素材,value,Improving,6.0,4.0,3.0
2026-07-31,50.43000030517578,0.23454723777304423,0.2378211949208983,98.84730074398307,100.22142479914366,XLB,素材,value,Improving,6.0,3.0,1.0
2026-08-03,51.0099983215332,0.2349500169413251,0.23686413559437391,98.71364202408047,99.88950463454965,XLB,素材,value,Lagging,3.0,0.0,-2.0
2026-08-04,52.0,0.2361167915760785,0.2366150209216088,98.70602898435548,99.63120829558677,XLB,素材,value,Lagging,2.0,-2.0,-5.0
2024-08-05,73.73809814453125,0.46793155853405005,0.46793155853405005,,,XLP,生活必需品,defensive,,,,
2024-08-06,74.25056457519531,0.4664001733682485,0.46742109681211624,,,XLP,生活必需品,defensive,,,,
2024-08-07,74.32648468017578,0.4701927013214944,0.46834496498190903,,,XLP,生活必需品,defensive,,,,
2024-08-08,75.00028991699219,0.46601026143954444,0.4675667304677875,,,XLP,生活必需品,defensive,,,,
2024-08-09,75.11416625976562,0.4657376856081732,0.4669570488479161,,,XLP,生活必需品,defensive,,,,
2024-08-12,74.73455810546875,0.46561909901855775,0.4665110655714633,,,XLP,生活必需品,defensive,,,,
2024-08-13,75.07621765136719,0.46247737052556775,0.4651665005561648,,,XLP,生活必需品,defensive,,,,
2024-08-14,75.41786193847656,0.4636145952088073,0.46464919877371236,,,XLP,生活必需品,defensive,,,,
2024-08-15,76.196044921875,0.46212999335621224,0.46380946363454567,,,XLP,生活必需品,defensive,,,,
2024-08-16,76.40483093261719,0.46228378168406903,0.4633009029843868,,,XLP,生活必需品,defensive,,,,
2024-08-19,76.66106414794922,0.4603299933232784,0.46231059976401734,,,XLP,生活必需品,defensive,,,,
2024-08-20,77.04066467285156,0.46444474289640886,0.4630219808081479,,,XLP,生活必需品,defensive,,,,
2024-08-21,77.5626220703125,0.4643404323733765,0.46346146466322413,,,XLP,生活必需品,defensive,,,,
2024-08-22,77.44873809814453,0.46497861293535403,0.4639671807539341,,,XLP,生活必需品,defensive,,,,
2024-08-23,77.66699981689453,0.460430408762135,0.46278825675666774,,,XLP,生活必需品,defensive,,,,
2024-08-26,78.21744537353516,0.4637733457137509,0.4631166197423622,,,XLP,生活必需品,defensive,,,,
2024-08-27,78.40723419189453,0.46468537925261794,0.4636395395791141,,,XLP,生活必需品,defensive,,,,
2024-08-28,78.07508087158203,0.46399424025367697,0.46375777313730177,,,XLP,生活必需品,defensive,,,,
2024-08-29,77.68598937988281,0.4599623536256657,0.4624926333000897,,,XLP,生活必需品,defensive,,,,
2024-08-30,78.30284881591797,0.4600559132763281,0.4616803932921692,,,XLP,生活必需品,defensive,,,,
2024-09-03,78.853271484375,0.4693208058284575,0.464227197470932,,,XLP,生活必需品,defensive,,,,
2024-09-04,79.223388671875,0.4722036535506059,0.46688601616415665,,,XLP,生活必需品,defensive,,,,
2024-09-05,78.91970825195312,0.47328741212705644,0.46901981481845656,,,XLP,生活必需品,defensive,,,,
2024-09-06,78.75836181640625,0.4774462828669895,0.4718286375013009,,,XLP,生活必需品,defensive,,,,
2024-09-09,79.36573791503906,0.4765155024957154,0.4733909258327724,,,XLP,生活必需品,defensive,,,,
2024-09-10,79.34674835205078,0.4761247635545212,0.47430220507335535,,,XLP,生活必需品,defensive,,,,
2024-09-11,78.60653686523438,0.471464048010726,0.47335615271914555,,,XLP,生活必需品,defensive,,,,
2024-09-12,79.09053039550781,0.4714389050832187,0.4727170701738366,,,XLP,生活必需品,defensive,,,,
2024-09-13,79.65044403076172,0.47027316803952046,0.4719024361290646,,,XLP,生活必需品,defensive,,,,
2024-09-16,79.963623046875,0.46872085306276506,0.4708419084402981,,,XLP,生活必需品,defensive,,,,
2024-09-17,79.20440673828125,0.46358678746307797,0.4684235347812248,,,XLP,生活必需品,defensive,,,,
2024-09-18,78.90071105957031,0.46267402160507937,0.4665070303891763,,,XLP,生活必需品,defensive,,,,
2024-09-19,78.43569946289062,0.4550917998941145,0.46270195355748905,,,XLP,生活必需品,defensive,,,,
2024-09-20,78.81531524658203,0.4589695445012677,0.4614578172054153,,,XLP,生活必需品,defensive,,,,
2024-09-23,79.27229309082031,0.45927907566177323,0.4607315700242013,,,XLP,生活必需品,defensive,,,,
2024-09-24,79.08148956298828,0.4575040439004634,0.45965572798295534,,,XLP,生活必需品,defensive,,,,
2024-09-25,78.88113403320312,0.4591839925131452,0.459498482826352,,,XLP,生活必需品,defensive,,,,
2024-09-26,79.06241607666016,0.45641878800803604,0.4584719178869134,,,XLP,生活必需品,defensive,,,,
2024-09-27,79.20551300048828,0.4556094340803427,0.45751775661805655,,,XLP,生活必需品,defensive,,,,
2024-09-30,79.18643951416016,0.4549149596713256,0.4566501576358129,,,XLP,生活必需品,defensive,,,,
2024-10-01,78.91930389404297,0.4557971808911991,0.456365832054275,,,XLP,生活必需品,defensive,,,,
2024-10-02,78.25147247314453,0.4524224057178458,0.4550513566087986,,,XLP,生活必需品,defensive,,,,
2024-10-03,77.46914672851562,0.4500228245945421,0.45337517927071314,,,XLP,生活必需品,defensive,,,,
2024-10-04,77.72674560546875,0.44800447204134247,0.4515849435275896,,,XLP,生活必需品,defensive,,,,
2024-10-07,76.9539566040039,0.44703005489425784,0.45006664731647905,,,XLP,生活必需品,defensive,,,,
2024-10-08,77.3355712890625,0.4481843862568074,0.4494392269632552,,,XLP,生活必需品,defensive,,,,
2024-10-09,77.80307006835938,0.44781749983927793,0.44889865125526285,,,XLP,生活必需品,defensive,,,,
2024-10-10,77.45960998535156,0.4475173569252049,0.44843821981191023,,,XLP,生活必需品,defensive,,,,
2024-10-11,77.88893127441406,0.44562035247326404,0.44749893069902824,,,XLP,生活必需品,defensive,,,,
2024-10-14,78.2037582397461,0.44416259183801343,0.4463868177453567,,,XLP,生活必需品,defensive,,,,
2024-10-15,78.69986724853516,0.4490119068792565,0.44726184745665665,,,XLP,生活必需品,defensive,,,,
2024-10-16,78.64263153076172,0.44567142339050475,0.44673170610127266,,,XLP,生活必需品,defensive,,,,
2024-10-17,78.28961944580078,0.44438047292138116,0.4459479617079755,,,XLP,生活必需品,defensive,,,,
2024-10-18,78.46135711669922,0.4440329369136604,0.4453096201098705,,,XLP,生活必需品,defensive,,,,
2024-10-21,77.80307006835938,0.44409228761742564,0.4449038426123889,,,XLP,生活必需品,defensive,,,,
2024-10-22,78.24193572998047,0.4486125170056124,0.4461400674101301,,,XLP,生活必需品,defensive,,,,
2024-10-23,78.08927917480469,0.449213621893171,0.44716458557114375,,,XLP,生活必需品,defensive,,,,
2024-10-24,77.98432922363281,0.4485096179203023,0.44761292968752997,,,XLP,生活必需品,defensive,,,,
2024-10-25,77.3355712890625,0.44690107705661664,0.4473756454772256,,,XLP,生活必需品,defensive,,,,
2024-10-28,77.47867584228516,0.44520341959238136,0.4466515701822775,,,XLP,生活必需品,defensive,,,,
2024-10-29,76.71544647216797,0.44215081321211797,0.445151317858891,,,XLP,生活必需品,defensive,,,,
2024-10-30,76.59141540527344,0.44240209018119336,0.4442349086329918,,,XLP,生活必需品,defensive,,,,
2024-10-31,76.43876647949219,0.4462789471593018,0.4449162548084285,98.48039285125537,,XLP,生活必需品,defensive,,2.0,,
2024-11-01,76.4673843383789,0.44616763707633866,0.4453333822310652,98.57721004659508,,XLP,生活必需品,defensive,,2.0,,
2024-11-04,76.67729187011719,0.4468603956925313,0.4458423867182206,98.67781091371023,,XLP,生活必需品,defensive,,2.0,,
2024-11-05,77.1638412475586,0.44451114589607194,0.4453986397775044,98.67634314629537,,XLP,生活必需品,defensive,,3.0,,
2024-11-06,75.90448760986328,0.4271438329610279,0.43931370417201226,98.12267928703238,,XLP,生活必需品,defensive,,2.0,,
2024-11-07,76.18116760253906,0.42827937531337484,0.4356355945524665,97.86200669912341,,XLP,生活必需品,defensive,,2.0,0.0,
2024-11-08,77.10659790039062,0.43108024576035076,0.4341171449550946,97.83331886381426,,XLP,生活必需品,defensive,,2.0,0.0,
2024-11-11,76.83946990966797,0.42745074588148796,0.4318950119305591,97.7546924467475,,XLP,生活必需品,defensive,,2.0,0.0,
2024-11-12,76.92533111572266,0.43121459009078095,0.43166820465063305,97.85599265041539,,XLP,生活必需品,defensive,,3.0,0.0,
2024-11-13,77.15431213378906,0.4322627608681528,0.431866390056473,97.98085571677956,,XLP,生活必需品,defensive,,4.0,2.0,
2024-11-14,76.9634780883789,0.4346716469540107,0.4328014756889856,98.1507856280525,,XLP,生活必需品,defensive,,5.0,3.0,3.0
2024-11-15,76.28611755371094,0.43394166045198446,0.4331815372766519,98.26091029137652,,XLP,生活必需品,defensive,,4.0,2.0,2.0
2024-11-18,76.82038116455078,0.43522481700157667,0.4338626305182935,98.38448176832294,,XLP,生活必需品,defensive,,4.0,2.0,2.0
2024-11-19,76.92533111572266,0.43699807721412925,0.4349077794169054,98.52630276627866,,XLP,生活必需品,defensive,,4.0,1.0,1.0
2024-11-20,76.53417205810547,0.43331711190779343,0.43437755691386815,98.5381402838344,,XLP,生活必需品,defensive,,3.0,-1.0,-3.0
2024-11-21,77.36419677734375,0.4325674541309862,0.4337741893195742,98.54451791290437,,XLP,生活必需品,defensive,,3.0,-2.0,-5.0
2024-11-22,78.07972717285156,0.4331562598802289,0.4335682128397924,98.58043396214565,,XLP,生活必需品,defensive,,4.0,0.0,-2.0
2024-11-25,78.50906372070312,0.43162953936373283,0.43292198834777257,98.5815503464709,,XLP,生活必需品,defensive,,3.0,-1.0,-3.0
2024-11-26,78.83345031738281,0.4333667180858961,0.43307023159381375,98.6411137290262,,XLP,生活必需品,defensive,,3.0,-1.0,-2.0
2024-11-27,78.99563598632812,0.43467613758013124,0.4336055335892529,98.72622140123657,,XLP,生活必需品,defensive,,3.0,0.0,1.0
2024-11-29,79.39632415771484,0.43555370414440514,0.43425492377430364,98.81556590504213,,XLP,生活必需品,defensive,,3.0,0.0,2.0
2024-12-02,79.3009262084961,0.4361228620745475,0.4348775698743849,98.89852622148857,,XLP,生活必需品,defensive,,4.0,0.0,0.0
2024-12-03,78.89068603515625,0.4357993774270525,0.43518483905860744,98.95419416070172,,XLP,生活必需品,defensive,,5.0,2.0,3.0
2024-12-04,78.67124938964844,0.4345638927384375,0.4349778569518841,98.96826940213892,,XLP,生活必需品,defensive,,5.0,2.0,3.0
2024-12-05,78.986083984375,0.43849156918681426,0.43614909436352756,99.08375074353032,,XLP,生活必需品,defensive,,5.0,2.0,2.0
2024-12-06,78.59492492675781,0.43681484214724625,0.4363710102914338,99.12305640840253,,XLP,生活必需品,defensive,,5.0,2.0,2.0
2024-12-09,78.47090148925781,0.4379228094126339,0.4368882766651672,99.18446087136107,,XLP,生活必需品,defensive,,6.0,2.0,2.0
2024-12-10,78.84298706054688,0.44271167707318115,0.4388294101345052,99.36948357083259,,XLP,生活必需品,defensive,,6.0,1.0,-1.0
2024-12-11,78.24193572998047,0.43892968600600674,0.43886283542500576,99.39335362895945,,XLP,生活必需品,defensive,,6.0,1.0,-1.0
2024-12-12,78.47090148925781,0.4418276259614107,0.43985109893714075,99.50739537090357,,XLP,生活必需品,defensive,,7.0,2.0,0.0
2024-12-13,78.27054595947266,0.44224787835554513,0.44065002540994225,99.61072327898863,,XLP,生活必需品,defensive,,7.0,2.0,0.0
2024-12-16,77.86030578613281,0.4413837087627847,0.4408945865275564,99.66355480740096,,XLP,生活必需品,defensive,,7.0,1.0,-1.0
2024-12-17,77.72674560546875,0.44412460180361374,0.44197125828624223,99.81119502217149,,XLP,生活必需品,defensive,,7.0,1.0,0.0
2024-12-18,76.54370880126953,0.4507009700140555,0.4448811621955133,100.17648477773889,,XLP,生活必需品,defensive,,7.0,1.0,0.0
2024-12-19,75.9999008178711,0.4489887378927141,0.4462503540945803,100.37816982073755,,XLP,生活必需品,defensive,,7.0,0.0,-2.0
2024-12-20,76.26704406738281,0.4443438193976484,0.44561484252893635,100.34296419392837,,XLP,生活必需品,defensive,,7.0,0.0,-2.0
2024-12-23,75.8652114868164,0.4414008858020603,0.4442101902866443,100.2046574604759,,XLP,生活必需品,defensive,,7.0,0.0,-1.0
2024-12-24,76.3650894165039,0.4409821268156274,0.4431341691296387,100.1021964436012,,XLP,生活必需品,defensive,,7.0,0.0,-1.0
2024-12-26,76.60540771484375,0.44164877710715816,0.4426390384554786,100.07189482405023,,XLP,生活必需品,defensive,,7.0,0.0,-1.0
2024-12-27,76.23050689697266,0.4424970035737454,0.4425916934949009,100.10285343005606,,XLP,生活必需品,defensive,,7.0,0.0,0.0
2024-12-30,75.33650970458984,0.44175795966796755,0.4423137822192565,100.099353971615,,XLP,生活必需品,defensive,,7.0,0.0,0.0
2024-12-31,75.56720733642578,0.4423015401510285,0.44230970152984717,100.13893996790252,,XLP,生活必需品,defensive,,7.0,0.0,0.0
2025-01-02,75.33650970458984,0.4422383672290697,0.44228592342958806,100.17457913808997,,XLP,生活必需品,defensive,,7.0,0.0,0.0
2025-01-03,75.29804992675781,0.4380015822165464,0.4408578096919075,99.96794034380443,,XLP,生活必需品,defensive,,7.0,0.0,0.0
2025-01-06,74.50979614257812,0.4337115706329402,0.4384757300055851,99.58055566213783,,XLP,生活必需品,defensive,,6.0,-1.0,-1.0
2025-01-07,74.250244140625,0.43365279679204527,0.4368680856010718,99.31932158506751,,XLP,生活必需品,defensive,,4.0,-3.0,-3.0
2025-01-08,74.38481903076172,0.4339198586500097,0.43588534328405115,99.16735186396261,,XLP,生活必需品,defensive,,4.0,-3.0,-3.0
2025-01-10,73.38507843017578,0.43443826214017933,0.4354029829027606,99.1057475578687,,XLP,生活必需品,defensive,,4.0,-3.0,-3.0
2025-01-13,73.51004791259766,0.43164024753604974,0.43414873778052365,98.90335320562986,,XLP,生活必需品,defensive,,3.0,-4.0,-4.0
2025-01-14,73.52926635742188,0.428295697732976,0.43219772443134113,98.58151461576608,,XLP,生活必需品,defensive,,2.0,-4.0,-3.0
2025-01-15,73.27934265136719,0.42278212450342784,0.4290591911220367,98.077267333866,,XLP,生活必需品,defensive,,1.0,-3.0,0.0
2025-01-16,73.8272705078125,0.4226150956847673,0.4269111593096136,97.79357188159578,,XLP,生活必需品,defensive,,1.0,-3.0,0.0
2025-01-17,74.250244140625,0.42298258605509254,0.42560163489143993,97.68835559881893,,XLP,生活必需品,defensive,,1.0,-3.0,0.0
2025-01-21,74.59629821777344,0.4200774584845586,0.4237602427558128,97.5275929500485,,XLP,生活必需品,defensive,,1.0,-2.0,2.0
2025-01-22,74.23101043701172,0.41949443058768243,0.4223383053664361,97.46502612416454,,XLP,生活必需品,defensive,,1.0,-1.0,3.0
2025-01-23,74.50016784667969,0.4190298682312691,0.42123549298804713,97.46608194999943,,XLP,生活必需品,defensive,,1.0,0.0,3.0
2025-01-24,74.88470458984375,0.42156265577281654,0.421344547249637,97.6265419632055,,XLP,生活必需品,defensive,,1.0,0.0,3.0
2025-01-27,76.91301727294922,0.43269601460904555,0.42512836970277323,98.25463856544599,,XLP,生活必需品,defensive,,1.0,0.0,3.0
2025-01-28,75.71141052246094,0.4280491958392341,0.4261019784149269,98.4478448673934,,XLP,生活必需品,defensive,,1.0,0.0,2.0
2025-01-29,75.89404296875,0.43050558217885093,0.42756984633623496,98.70176167866256,,XLP,生活必需品,defensive,,1.0,0.0,1.0
2025-01-30,76.64385986328125,0.4301671953978081,0.4284356293567594,98.86319587211602,,XLP,生活必需品,defensive,,2.0,1.0,1.0
2025-01-31,75.92289733886719,0.42964744128043786,0.4288395666646523,98.95574759684767,,XLP,生活必需品,defensive,,2.0,1.0,1.0
2025-02-03,76.22089385986328,0.4337028897796423,0.43046067436964897,99.22692350672489,,XLP,生活必需品,defensive,,3.0,2.0,2.0
2025-02-04,75.57682037353516,0.4295138102104911,0.430145052983263,99.2052128199583,,XLP,生活必需品,defensive,,3.0,2.0,2.0
2025-02-05,76.04785919189453,0.43009351752921865,0.4301278744985816,99.22821052334602,,XLP,生活必需品,defensive,,1.0,0.0,0.0
2025-02-06,76.3939208984375,0.43262328490606733,0.43095967796774354,99.38269013963776,,XLP,生活必需品,defensive,,1.0,-1.0,-2.0
2025-02-07,76.27855682373047,0.4341032491888881,0.43200753504145845,99.57465703641283,,XLP,生活必需品,defensive,,2.0,0.0,-1.0
2025-02-10,76.74960327148438,0.43555142756546394,0.4331888325494603,99.7826521452852,100.67602444173515,XLP,生活必需品,defensive,Improving,3.0,0.0,-2.0
2025-02-11,77.48980712890625,0.4397033994427484,0.435360354847223,100.13990283049088,101.16871236205013,XLP,生活必需品,defensive,Leading,6.0,3.0,1.0
2025-02-12,77.43213653564453,0.44194343401337416,0.4375547145692734,100.49030019869201,101.56741715518609,XLP,生活必需品,defensive,Leading,6.0,5.0,5.0
2025-02-13,78.26844024658203,0.4428720648633882,0.4393271646673117,100.75902202403576,101.66582582045763,XLP,生活必需品,defensive,Leading,7.0,6.0,7.0
2025-02-14,77.48980712890625,0.4389020957033785,0.4391854750126673,100.71479758616708,101.29946396750255,XLP,生活必需品,defensive,Leading,7.0,5.0,5.0
2025-02-18,77.7685775756836,0.437125566439912,0.4384988388217489,100.58516868576942,100.81031618514547,XLP,生活必需品,defensive,Leading,6.0,3.0,3.0
2025-02-19,78.39341735839844,0.439746019181403,0.4389145656083003,100.63556603683337,100.38378070518485,XLP,生活必需品,defensive,Leading,6.0,0.0,-3.0
2025-02-20,78.08580780029297,0.4391252679193396,0.4389847997119801,100.63040188340453,99.90201420721581,XLP,生活必需品,defensive,Weakening,6.0,0.0,-5.0
2025-02-21,78.99903106689453,0.4505856120674162,0.44285173716379217,101.21918791565764,100.34583171981548,XLP,生活必需品,defensive,Leading,7.0,0.0,-6.0
2025-02-24,79.23934936523438,0.45157960642451545,0.44576102691736663,101.62136450365158,100.95079354512347,XLP,生活必需品,defensive,Leading,9.0,2.0,-3.0
2025-02-25,80.36406707763672,0.4575317119386587,0.4496845885911307,102.11612598168438,101.74315818069977,XLP,生活必需品,defensive,Leading,11.0,5.0,2.0
2025-02-26,78.82598876953125,0.44972364657160957,0.44969760791795704,102.01117153622106,101.48736670101843,XLP,生活必需品,defensive,Leading,10.0,4.0,4.0
2025-02-27,78.81637573242188,0.45363058331723255,0.45100859971771556,102.08547931160793,101.53754782488878,XLP,生活必需品,defensive,Leading,11.0,5.0,5.0
2025-02-28,79.86418914794922,0.4546100804317301,0.4522090932890538,102.13106841723268,100.81866002961964,XLP,生活必需品,defensive,Leading,11.0,4.0,4.0
2025-03-03,80.28715515136719,0.46194016839042307,0.45545278498951025,102.40436970513039,100.63802597421929,XLP,生活必需品,defensive,Leading,10.0,1.0,-1.0
2025-03-04,78.922119140625,0.46154303309829225,0.4574828676924376,102.48523706802987,100.10565212225914,XLP,生活必需品,defensive,Leading,9.0,-2.0,-7.0
2025-03-05,79.24897003173828,0.4591868166397759,0.45805085067488377,102.39078586858959,100.11685524823281,XLP,生活必需品,defensive,Leading,9.0,-1.0,-5.0
2025-03-06,79.39315795898438,0.4651730602992976,0.4604249205496884,102.48663702312987,100.14266630473772,XLP,生活必需品,defensive,Leading,9.0,-2.0,-7.0
2025-03-07,79.6527099609375,0.4623619456168564,0.4610705955720778,102.39371207420292,99.96799749994234,XLP,生活必需品,defensive,Weakening,9.0,-2.0,-6.0
2025-03-10,79.47967529296875,0.4679521865448137,0.46336445922965647,102.45948523857999,99.70865342608371,XLP,生活必需品,defensive,Weakening,10.0,0.0,-1.0
2025-03-11,78.31651306152344,0.46732772053961635,0.46468554633297643,102.4225535389662,99.56744762431182,XLP,生活必需品,defensive,Weakening,11.0,2.0,4.0
2025-03-12,76.61502075195312,0.45933929795501954,0.46290346354032413,102.12970807855379,99.32858612153998,XLP,生活必需品,defensive,Weakening,8.0,-1.0,0.0
2025-03-13,76.25935363769531,0.4616324854408964,0.46247980417384826,101.9869792353881,99.04860846469315,XLP,生活必需品,defensive,Weakening,9.0,0.0,2.0
2025-03-14,76.43238067626953,0.45402437519980543,0.45966132784916736,101.66762732827779,98.80007740602387,XLP,生活必需品,defensive,Weakening,8.0,-1.0,1.0
2025-03-17,77.54747772216797,0.45451469348002815,0.4579457830594543,101.46588580366306,98.52141109985887,XLP,生活必需品,defensive,Weakening,6.0,-4.0,-4.0
2025-03-18,76.6630859375,0.45168007960197576,0.4558572152402948,101.24958442986411,98.36879117804061,XLP,生活必需品,defensive,Weakening,6.0,-5.0,-7.0
2025-03-19,76.6630859375,0.4483576272186228,0.4533573525664042,101.01320269436552,98.49408004232592,XLP,生活必需品,defensive,Weakening,6.0,-2.0,-1.0
2025-03-20,76.28817749023438,0.44803001096053874,0.4515815720311157,100.84558410927266,98.52062688955394,XLP,生活必需品,defensive,Weakening,6.0,-3.0,-3.0
2025-03-21,76.25935363769531,0.44992170511971274,0.4510282830606481,100.7836964300021,98.85401656517192,XLP,生活必需品,defensive,Weakening,6.0,-2.0,-1.0
2025-03-24,76.73094177246094,0.4457958363810942,0.44928413416746354,100.63201639879097,98.94537848085908,XLP,生活必需品,defensive,Weakening,5.0,-1.0,3.0
2025-03-25,76.03514862060547,0.44281191244354706,0.44712672692615807,100.4527360945077,99.01915951139455,XLP,生活必需品,defensive,Weakening,4.0,-2.0,3.0
2025-03-26,77.2141342163086,0.45052637623714775,0.44825994336315467,100.5418528694369,99.41028244165032,XLP,生活必需品,defensive,Weakening,4.0,-2.0,0.0
2025-03-27,78.09353637695312,0.4568325500080603,0.45111747891145654,100.76458948947966,99.8663694470704,XLP,生活必需品,defensive,Weakening,5.0,-1.0,2.0
2025-03-28,77.70699310302734,0.4616889096235371,0.45464128914881674,101.02939130364624,100.2407213133849,XLP,生活必需品,defensive,Leading,7.0,1.0,3.0
2025-03-31,78.92463684082031,0.46505253684187337,0.4581117050465023,101.2740734786081,100.67797156972077,XLP,生活必需品,defensive,Leading,9.0,4.0,5.0
2025-04-01,79.04060363769531,0.46525241446010296,0.4604919415177025,101.41810623737138,101.01633359472379,XLP,生活必需品,defensive,Leading,9.0,5.0,7.0
2025-04-02,78.80866241455078,0.460040476187083,0.4603414530741627,101.36248501874763,100.82965900778515,XLP,生活必需品,defensive,Leading,9.0,5.0,7.0
2025-04-03,79.26286315917969,0.48583607743491786,0.46883966119441445,101.92777738518126,101.17989587034579,XLP,生活必需品,defensive,Leading,10.0,5.0,6.0
2025-04-04,75.82254028320312,0.4923949444434976,0.4766914222774422,102.36137321096717,101.32600074122205,XLP,生活必需品,defensive,Leading,10.0,3.0,2.0
2025-04-07,74.94313049316406,0.49077431152324236,0.48138571869270896,102.5118221169147,101.18597591933582,XLP,生活必需品,defensive,Leading,10.0,1.0,-3.0
2025-04-08,73.7834701538086,0.4924690673651065,0.48508016825017486,102.56539753038216,101.05394917595575,XLP,生活必需品,defensive,Leading,10.0,1.0,-4.0
2025-04-09,76.64395904541016,0.47368055998912867,0.48128029882982615,102.18987624084366,100.68440820012918,XLP,生活必需品,defensive,Leading,10.0,1.0,-4.0
2025-04-10,76.68262481689453,0.4904295212179387,0.4843300396258637,102.23987832723097,100.10474742510632,XLP,生活必需品,defensive,Leading,10.0,0.0,-5.0
2025-04-11,77.64900207519531,0.48919246024498053,0.48595084649890263,102.20354153885066,99.56581979693554,XLP,生活必需品,defensive,Weakening,10.0,0.0,-3.0
2025-04-14,78.97294616699219,0.49125706359211957,0.48771958552997496,102.1769485096598,99.3463019889692,XLP,生活必需品,defensive,Weakening,10.0,0.0,-1.0
2025-04-15,78.30613708496094,0.4886875324601617,0.4880422345067039,102.08168286053666,99.1597465337734,XLP,生活必需品,defensive,Weakening,10.0,0.0,-1.0
2025-04-16,77.46539306640625,0.4897284089478566,0.4886042926537548,102.01084998325001,99.47739984485376,XLP,生活必需品,defensive,Weakening,10.0,0.0,-1.0
2025-04-17,79.11791229248047,0.49648548659359254,0.4912313573003674,102.04627531842661,99.42227034107965,XLP,生活必需品,defensive,Weakening,10.0,0.0,0.0
2025-04-21,78.36412048339844,0.5018439745696553,0.49476889639013005,102.1189314456648,99.5117496928193,XLP,生活必需品,defensive,Weakening,10.0,0.0,0.0
2025-04-22,79.4754638671875,0.4967137856971335,0.4954171928257979,102.05487654947986,99.42069725268215,XLP,生活必需品,defensive,Weakening,10.0,0.0,0.0
2025-04-23,79.0212631225586,0.4891430523620224,0.49332581267120607,101.87768150181353,99.27877095440708,XLP,生活必需品,defensive,Weakening,10.0,0.0,0.0
2025-04-24,78.32547760009766,0.4767694701156365,0.4878070318193496,101.5617715995277,98.94754511644581,XLP,生活必需品,defensive,Weakening,10.0,0.0,0.0
2025-04-25,78.12252807617188,0.47621566964692236,0.48394324442854053,101.3374684305708,98.63086912798882,XLP,生活必需品,defensive,Weakening,9.0,-1.0,-1.0
2025-04-28,77.86161041259766,0.4732967377581874,0.4803944088717562,101.13169076604818,98.33617488651578,XLP,生活必需品,defensive,Weakening,9.0,-1.0,-1.0
2025-04-29,78.50908660888672,0.4744635098543109,0.47841744253260776,101.00499056168871,98.32715776447289,XLP,生活必需品,defensive,Weakening,8.0,-2.0,-2.0
2025-04-30,79.07925415039062,0.47723115323708604,0.47802201276743383,100.9567626968499,98.5408550893132,XLP,生活必需品,defensive,Weakening,7.0,-3.0,-3.0
2025-05-01,78.39311981201172,0.47373458378466204,0.4765928697731766,100.85799220220301,98.84688576147165,XLP,生活必需品,defensive,Weakening,7.0,-3.0,-3.0
2025-05-02,78.81832885742188,0.4680466756553004,0.47374413840055124,100.68765744618653,98.9466935244031,XLP,生活必需品,defensive,Weakening,7.0,-2.0,-1.0
2025-05-05,78.75068664550781,0.4692009127998994,0.4722297298670006,100.58469543456194,99.10604579187962,XLP,生活必需品,defensive,Weakening,7.0,-2.0,-1.0
2025-05-06,78.61538696289062,0.4718928993011922,0.4721174530117312,100.55452635082361,99.25281074932934,XLP,生活必需品,defensive,Weakening,6.0,-2.0,0.0
2025-05-07,78.74102783203125,0.4695544976984389,0.47126313457396707,100.48404275172088,99.24670472642683,XLP,生活必需品,defensive,Weakening,6.0,-1.0,2.0
2025-05-08,78.64437103271484,0.4650655648344414,0.4691972779941252,100.34485276441082,99.21857958370072,XLP,生活必需品,defensive,Weakening,5.0,-2.0,1.0
2025-05-09,78.190185546875,0.4624869357083418,0.46696049723219746,100.1918123219525,99.2635077950743,XLP,生活必需品,defensive,Weakening,5.0,-2.0,0.0
2025-05-12,78.30613708496094,0.45081626412383036,0.46157908619607513,99.84944113015497,98.9929148758999,XLP,生活必需品,defensive,Lagging,4.0,-3.0,-1.0
2025-05-13,77.25279235839844,0.4437509975511844,0.4556363899811116,99.46443127491357,98.59734227266384,XLP,生活必需品,defensive,Lagging,5.0,-1.0,1.0
2025-05-14,76.83724975585938,0.44403774051758427,0.4517701734932692,99.20154548842494,98.41045288419649,XLP,生活必需品,defensive,Lagging,5.0,-1.0,0.0
2025-05-15,78.41244506835938,0.44904757231846837,0.4508626397683356,99.12153013416413,98.52561684604466,XLP,生活必需品,defensive,Lagging,5.0,0.0,2.0
2025-05-16,79.3111801147461,0.4497783833968532,0.4505012209778415,99.07400703373821,98.6970626627167,XLP,生活必需品,defensive,Lagging,5.0,0.0,2.0
2025-05-19,79.5431137084961,0.45114377959341356,0.45071540718303227,99.05970877113239,99.13805055613433,XLP,生活必需品,defensive,Lagging,5.0,1.0,4.0
2025-05-20,79.8233642578125,0.45391877209048553,0.4517831954855167,99.09989127165487,99.69120969943899,XLP,生活必需品,defensive,Lagging,5.0,0.0,1.0
2025-05-21,78.89563751220703,0.45863351900708527,0.4540666366593729,99.21895420575596,100.17823918710982,XLP,生活必需品,defensive,Improving,5.0,0.0,1.0
2025-05-22,78.56707000732422,0.45818473836830337,0.4554393372290164,99.28700484348231,100.373350466865,XLP,生活必需品,defensive,Improving,5.0,0.0,0.0
2025-05-23,78.85697937011719,0.46172197891148076,0.45753355112317123,99.41002834034025,100.60895104323409,XLP,生活必需品,defensive,Improving,5.0,0.0,0.0
2025-05-27,79.57211303710938,0.4573823096392874,0.45748313729520995,99.39333569761219,100.6533253907203,XLP,生活必需品,defensive,Improving,5.0,0.0,-1.0
2025-05-28,79.03093719482422,0.4581674633673663,0.4577112459859287,99.39559050764309,100.6459482509268,XLP,生活必需品,defensive,Improving,5.0,0.0,0.0
2025-05-29,79.34983825683594,0.4588955577253909,0.4581060165657495,99.4115080972073,100.5533859778144,XLP,生活必需品,defensive,Improving,5.0,0.0,0.0
2025-05-30,80.0456314086914,0.46310319996673627,0.4597717443660784,99.51801613456266,100.63526951091495,XLP,生活必需品,defensive,Improving,5.0,0.0,0.0
2025-06-02,80.09394836425781,0.46301527286879296,0.46085292053364996,99.5875258753331,100.57950440589379,XLP,生活必需品,defensive,Improving,5.0,0.0,0.0
2025-06-03,80.01665496826172,0.4587492994937109,0.460151713520337,99.53344675786771,100.53149499048729,XLP,生活必需品,defensive,Improving,5.0,0.0,0.0
2025-06-04,79.45613861083984,0.45656143640811,0.458954954482928,99.44618742952484,100.40813443477005,XLP,生活必需品,defensive,Improving,4.0,-1.0,-1.0
2025-06-05,78.69270324707031,0.4533997918153909,0.45710323359374905,99.31847797553823,100.20641260978097,XLP,生活必需品,defensive,Improving,4.0,-1.0,-1.0
2025-06-06,78.94396209716797,0.45095296228838555,0.45505314315862794,99.18187894623897,99.85392102635694,XLP,生活必需品,defensive,Lagging,4.0,-1.0,-1.0
2025-06-09,78.8376693725586,0.4502701164651215,0.45345880092745916,99.0852880738256,99.61586653599333,XLP,生活必需品,defensive,Lagging,4.0,-1.0,-1.0
2025-06-10,79.01161193847656,0.44902752132555646,0.451981707726825,99.00297300384057,99.58468977892127,XLP,生活必需品,defensive,Lagging,4.0,-1.0,-1.0
2025-06-11,78.74102783203125,0.4487640181903295,0.45090914454799325,98.95009528714033,99.64269968695986,XLP,生活必需品,defensive,Lagging,3.0,-1.0,0.0
2025-06-12,79.20488739013672,0.4503515647130589,0.45072328460301514,98.95900737886251,99.84559453295057,XLP,生活必需品,defensive,Lagging,3.0,-1.0,0.0
2025-06-13,78.23849487304688,0.45029986249770454,0.45058214390124496,98.96683988988308,100.05192645617281,XLP,生活必需品,defensive,Improving,2.0,-2.0,-1.0
2025-06-16,78.48976135253906,0.4474318728031376,0.4495320535352092,98.91214227016263,100.09676953580404,XLP,生活必需品,defensive,Improving,2.0,-2.0,-1.0
2025-06-17,77.82295227050781,0.44793355041135774,0.4489992191605921,98.89065426082688,100.1670795670112,XLP,生活必需品,defensive,Improving,2.0,-2.0,-1.0
2025-06-18,77.72630310058594,0.44732673356012864,0.44844172396043763,98.86415946096841,100.1856788917007,XLP,生活必需品,defensive,Improving,2.0,-1.0,0.0
2025-06-20,78.29647827148438,0.449872610683168,0.4489186862013478,98.90231402494317,100.20849358557649,XLP,生活必需品,defensive,Improving,2.0,-1.0,0.0
2025-06-23,79.20333099365234,0.45110065225607704,0.4496460082195909,98.9541611952057,100.25981511360061,XLP,生活必需品,defensive,Improving,3.0,1.0,3.0
2025-06-24,79.13521575927734,0.44648527306967983,0.4485924298362872,98.88521043465941,100.2176826352485,XLP,生活必需品,defensive,Improving,2.0,0.0,2.0
2025-06-25,78.07463073730469,0.44370264190734854,0.446962500526641,98.77652212092366,100.05681123466965,XLP,生活必需品,defensive,Improving,2.0,0.0,2.0
2025-06-26,78.00652313232422,0.43999500294736593,0.4446400013335493,98.63160569360369,99.85347332229748,XLP,生活必需品,defensive,Lagging,2.0,0.0,1.0
2025-06-27,78.37626647949219,0.4404675529012519,0.4432491851894502,98.56173519280486,99.68072729142791,XLP,生活必需品,defensive,Lagging,2.0,0.0,1.0
2025-06-30,78.7849349975586,0.4406934488020127,0.4423972730603044,98.53885995045343,99.57300254922308,XLP,生活必需品,defensive,Lagging,3.0,0.0,-1.0
2025-07-01,79.7676773071289,0.4410217583707505,0.44193876816378647,98.5490967573124,99.72703500290909,XLP,生活必需品,defensive,Lagging,3.0,1.0,1.0
2025-07-02,80.0011978149414,0.44130477929367784,0.44172743854041696,98.57797836651699,99.99059670764498,XLP,生活必需品,defensive,Lagging,3.0,1.0,1.0
2025-07-03,79.9622802734375,0.43897021584428425,0.4408083643083727,98.56378863583917,100.2496621320725,XLP,生活必需品,defensive,Improving,3.0,1.0,1.0
2025-07-07,79.89417266845703,0.44212989468144864,0.44124887443273136,98.63834550950376,100.56638566326215,XLP,生活必需品,defensive,Improving,3.0,1.0,1.0
2025-07-08,79.15467071533203,0.436943342617765,0.43981369716107593,98.60193261333568,100.62233275616335,XLP,生活必需品,defensive,Improving,3.0,0.0,0.0
2025-07-09,78.63897705078125,0.43280409417131493,0.4374771628311556,98.51516151854405,100.50463911831446,XLP,生活必需品,defensive,Improving,3.0,0.0,-1.0
2025-07-10,78.92115020751953,0.4318553868196756,0.43560323749399565,98.45679204386508,100.38917177649684,XLP,生活必需品,defensive,Improving,4.0,1.0,0.0
2025-07-11,78.6292495727539,0.4334310794447691,0.43487918481092014,98.46987631625944,100.51822284806369,XLP,生活必需品,defensive,Improving,4.0,1.0,0.0
2025-07-14,78.69735717773438,0.43336002809125423,0.4343727992376982,98.49110488581599,100.40972866804417,XLP,生活必需品,defensive,Improving,3.0,0.0,-1.0
2025-07-15,77.90921783447266,0.43505284513359543,0.43459948120299735,98.5495250685378,100.64737500779664,XLP,生活必需品,defensive,Improving,3.0,0.0,0.0
2025-07-16,78.18165588378906,0.4348781823042875,0.4346923815700941,98.59430626815089,100.96013736952807,XLP,生活必需品,defensive,Improving,2.0,-1.0,-1.0
2025-07-17,78.92115020751953,0.435441515641726,0.4349420929273048,98.64442445026754,101.19668050638067,XLP,生活必需品,defensive,Improving,1.0,-3.0,-4.0
2025-07-18,78.70709228515625,0.4344255253635578,0.4347699037393892,98.66583289471998,101.1893588051839,XLP,生活必需品,defensive,Improving,1.0,-3.0,-4.0
2025-07-21,78.69735717773438,0.43586268699804054,0.4351341648256063,98.7115778193377,101.21936367802273,XLP,生活必需品,defensive,Improving,1.0,-2.0,-2.0
2025-07-22,79.41739654541016,0.43431369579307144,0.43486067514809473,98.70622500448354,101.04555504557005,XLP,生活必需品,defensive,Improving,1.0,-2.0,-2.0
2025-07-23,79.44658660888672,0.43090351659065085,0.4335416222956135,98.62382158898698,100.72684953430279,XLP,生活必需品,defensive,Improving,2.0,0.0,1.0
2025-07-24,79.16441345214844,0.4307520161563172,0.4326117535825148,98.56178737179751,100.44863474083618,XLP,生活必需品,defensive,Improving,1.0,0.0,3.0
2025-07-25,79.30062866210938,0.4294244977690698,0.43154933497803316,98.49847605283054,100.23220486636886,XLP,生活必需品,defensive,Improving,1.0,0.0,3.0
2025-07-28,78.48330688476562,0.42752650262148184,0.4302083908591827,98.4205564775452,99.91444787543081,XLP,生活必需品,defensive,Lagging,1.0,0.0,2.0
2025-07-29,78.9990005493164,0.4305433044470976,0.43032002872182107,98.45536332841613,99.98394483180078,XLP,生活必需品,defensive,Lagging,1.0,0.0,2.0
2025-07-30,78.29842376708984,0.42951133696074784,0.43005046480146336,98.4624484150537,100.18035511803826,XLP,生活必需品,defensive,Improving,2.0,0.0,0.0
2025-07-31,77.62704467773438,0.42974743194331966,0.42994945384874883,98.47859135623294,100.35922873792867,XLP,生活必需品,defensive,Improving,2.0,1.0,1.0
2025-08-01,77.99678802490234,0.43671738495046686,0.43220543088265484,98.68050271831882,101.03847397177952,XLP,生活必需品,defensive,Improving,2.0,1.0,1.0
2025-08-04,78.37626647949219,0.4335410950897241,0.43265065228501126,98.73976832034174,101.36231852541346,XLP,生活必需品,defensive,Improving,3.0,2.0,2.0
2025-08-05,78.29842376708984,0.4343156807432422,0.43320566177108827,98.8088887617458,101.40383960024383,XLP,生活必需品,defensive,Improving,4.0,3.0,3.0
2025-08-06,79.41739654541016,0.44151028337440623,0.43597386897219426,99.07012217040233,101.9786857824986,XLP,生活必需品,defensive,Improving,5.0,3.0,3.0
2025-08-07,80.0206527709961,0.4451317621323137,0.4390265000255674,99.36872190747714,102.52536017533828,XLP,生活必需品,defensive,Improving,6.0,4.0,3.0
2025-08-08,80.25418090820312,0.4456261635698435,0.4412263878736595,99.6032385795573,102.43943726706185,XLP,生活必需品,defensive,Improving,6.0,4.0,3.0
2025-08-11,80.18607330322266,0.4464672536841947,0.4429733431438379,99.8058941297963,102.58336833210757,XLP,生活必需品,defensive,Improving,6.0,3.0,1.0
2025-08-12,80.40013122558594,0.4420422540173968,0.4426629801016909,99.80003918103847,102.29046736021695,XLP,生活必需品,defensive,Improving,6.0,2.0,-1.0
2025-08-13,80.40013122558594,0.4358196375546935,0.44038186591935846,99.58152759985481,101.22663531750933,XLP,生活必需品,defensive,Improving,6.0,1.0,-2.0
2025-08-14,79.68009948730469,0.4347446919822849,0.43850280794033397,99.40300770549561,100.11532393939083,XLP,生活必需品,defensive,Improving,6.0,0.0,-4.0
2025-08-15,79.80660247802734,0.43651261158906296,0.437839409156577,99.35387229924018,99.35063481549894,XLP,生活必需品,defensive,Lagging,6.0,0.0,-4.0
2025-08-18,79.69956970214844,0.4360210324246541,0.4372332835792694,99.31162613625791,98.61407089949417,XLP,生活必需品,defensive,Lagging,6.0,0.0,-3.0
2025-08-19,80.51689147949219,0.4384396573248455,0.4376354081611281,99.37571463983285,98.75505594307099,XLP,生活必需品,defensive,Lagging,6.0,0.0,-2.0
2025-08-20,80.97421264648438,0.44133181474749766,0.438867543689918,99.52686359462308,99.78072003794142,XLP,生活必需品,defensive,Lagging,5.0,-1.0,-2.0
2025-08-21,80.24445343017578,0.4388839052076284,0.43887299752915476,99.54907786857683,100.34537320755443,XLP,生活必需品,defensive,Improving,5.0,-1.0,-1.0
2025-08-22,80.24445343017578,0.43049946249991405,0.4360818191860746,99.2726396259637,99.71059931549789,XLP,生活必需品,defensive,Lagging,5.0,-1.0,-1.0
2025-08-25,78.87250518798828,0.42640208560496684,0.4328552413257054,98.94926313459031,98.94568275018656,XLP,生活必需品,defensive,Lagging,3.0,-3.0,-3.0
2025-08-26,78.35680389404297,0.42332142004819995,0.42967730089987033,98.63514587793685,97.97846606173356,XLP,生活必需品,defensive,Lagging,1.0,-5.0,-5.0
2025-08-27,78.59032440185547,0.4230542117689423,0.42746960452289434,98.43333834732307,97.23936001720865,XLP,生活必需品,defensive,Lagging,1.0,-4.0,-3.0
2025-08-28,78.0940933227539,0.4205834206471495,0.4251742098976461,98.22854485578131,96.96299866078287,XLP,生活必需品,defensive,Lagging,1.0,-4.0,-3.0
2025-08-29,78.60005950927734,0.4236225325819457,0.42465698412574604,98.21244411958541,97.7295803124968,XLP,生活必需品,defensive,Lagging,1.0,-4.0,-3.0
2025-09-02,78.47357177734375,0.42630844728912903,0.42520747184687374,98.30153405549724,98.7232776155042,XLP,生活必需品,defensive,Lagging,1.0,-2.0,1.0
2025-09-03,78.4151840209961,0.4266524006899143,0.42568911479455396,98.37903026364147,99.62922157036806,XLP,生活必需品,defensive,Lagging,1.0,0.0,5.0
2025-09-04,78.46383666992188,0.42378703238907,0.42505508732605934,98.32710069251905,99.97663614700022,XLP,生活必需品,defensive,Lagging,1.0,0.0,4.0
2025-09-05,78.6876220703125,0.4244995234654377,0.42486989937251884,98.3335124266886,100.45073574696703,XLP,生活必需品,defensive,Improving,1.0,0.0,4.0
2025-09-08,78.3957290649414,0.4232617901575745,0.4243338629675374,98.30409731584179,100.4054043949977,XLP,生活必需品,defensive,Improving,1.0,0.0,4.0
2025-09-09,78.5514144897461,0.42541273860201184,0.4246934881790289,98.38815165132189,100.374945875683,XLP,生活必需品,defensive,Improving,1.0,0.0,2.0
2025-09-10,77.7827377319336,0.4216766295976809,0.42368786865191294,98.30603467300803,99.99180822634099,XLP,生活必需品,defensive,Lagging,1.0,0.0,0.0
2025-09-11,78.4151840209961,0.4188290950836608,0.42206827746249553,98.15671432304299,99.75239080960638,XLP,生活必需品,defensive,Lagging,1.0,0.0,0.0
2025-09-12,78.15247344970703,0.42045228702691634,0.42152961398396915,98.14651984170754,99.70630867897201,XLP,生活必需品,defensive,Lagging,1.0,0.0,0.0
2025-09-15,77.2573013305664,0.41636352347831523,0.41980758381541783,97.99405251819044,99.4227118858437,XLP,生活必需品,defensive,Lagging,1.0,0.0,0.0
2025-09-16,77.60758209228516,0.4193628831864284,0.4196593502724214,98.04450940067673,99.35239343062389,XLP,生活必需品,defensive,Lagging,1.0,0.0,0.0
2025-09-17,78.07463073730469,0.4214833743158112,0.4202673582868847,98.18157570683803,99.86366848538175,XLP,生活必需品,defensive,Lagging,1.0,0.0,0.0
2025-09-18,77.39352416992188,0.41509513639988754,0.41854328432455234,98.03242914089654,99.86550960031646,XLP,生活必需品,defensive,Lagging,1.0,0.0,0.0
2025-09-19,77.23783874511719,0.4149826349278363,0.41735640119231365,97.95477455354829,99.7135061989433,XLP,生活必需品,defensive,Lagging,1.0,0.0,0.0
2025-09-22,76.3766860961914,0.41015990543109127,0.4149575692719062,97.7382762116899,99.57396679563405,XLP,生活必需品,defensive,Lagging,1.0,0.0,0.0
2025-09-23,76.7587661743164,0.4117093196772987,0.4138748194070371,97.6999219120411,99.38106348789967,XLP,生活必需品,defensive,Lagging,1.0,0.0,0.0
2025-09-24,76.9253158569336,0.4135669583349159,0.4137721990496634,97.78431994750173,99.27251283609101,XLP,生活必需品,defensive,Lagging,1.0,0.0,0.0
2025-09-25,76.19054412841797,0.41301699671255504,0.413520464937294,97.85434450218747,99.77631814981768,XLP,生活必需品,defensive,Lagging,2.0,1.0,1.0
2025-09-26,76.3766860961914,0.4099641547117532,0.4123350281954471,97.82216986524323,99.87338303015474,XLP,生活必需品,defensive,Lagging,2.0,1.0,1.0
2025-09-29,76.52364349365234,0.409385238093139,0.4113517648280111,97.82015068318955,100.35330048701934,XLP,生活必需品,defensive,Improving,2.0,1.0,1.0
2025-09-30,76.77837371826172,0.40966535532437,0.41078962832679744,97.86465920091553,100.52796515088578,XLP,生活必需品,defensive,Improving,2.0,1.0,1.0
2025-10-01,76.66080474853516,0.4081129719284174,0.40989740952733744,97.8727565060229,100.33973014277775,XLP,生活必需品,defensive,Improving,2.0,1.0,1.0
2025-10-02,76.35710144042969,0.40553635758560863,0.4084437255467612,97.82982518714597,100.07525122136049,XLP,生活必需品,defensive,Improving,2.0,0.0,-1.0
2025-10-03,76.44527435302734,0.4045822643558205,0.40715657181644765,97.80931941555959,100.10578498071801,XLP,生活必需品,defensive,Improving,3.0,1.0,0.0
2025-10-06,75.8868408203125,0.40175286429422347,0.4053553359757063,97.75132904880398,99.98030305267191,XLP,生活必需品,defensive,Lagging,2.0,0.0,-1.0
2025-10-07,76.59222412109375,0.4072765947572129,0.40599575556954187,97.92612564029166,100.2802124568264,XLP,生活必需品,defensive,Improving,3.0,1.0,0.0
2025-10-08,76.21014404296875,0.40392924791640533,0.405306919685163,97.96696459929446,100.34821488135691,XLP,生活必需品,defensive,Improving,3.0,1.0,0.0
2025-10-09,76.45507049560547,0.4086080514687534,0.40640729694635985,98.15821398306682,100.87211584442154,XLP,生活必需品,defensive,Improving,4.0,2.0,2.0
2025-10-10,76.51384735107422,0.41835445012846617,0.41038968134039533,98.57913325543366,101.80947143080456,XLP,生活必需品,defensive,Improving,4.0,1.0,0.0
2025-10-13,76.25912475585938,0.412946427464817,0.41124193004853593,98.70236019996962,102.1011048240397,XLP,生活必需品,defensive,Improving,4.0,2.0,2.0
2025-10-14,77.48373413085938,0.41612709724050106,0.41287031911252436,98.88631694099132,102.02025143122627,XLP,生活必需品,defensive,Improving,4.0,1.0,0.0
2025-10-15,77.62090301513672,0.4160249256903164,0.4139218546384551,99.0128379129564,102.09446385694757,XLP,生活必需品,defensive,Improving,5.0,2.0,1.0
2025-10-16,77.08206176757812,0.41709026030894064,0.41497798986195034,99.13578789347615,101.87698263899956,XLP,生活必需品,defensive,Improving,4.0,0.0,-2.0
2025-10-17,78.11074829101562,0.42052085753275487,0.41682561241888516,99.32568373167535,101.38630519949491,XLP,生活必需品,defensive,Improving,4.0,0.0,-1.0
2025-10-20,78.04216766357422,0.41599194819372387,0.41654772434383147,99.32429989886343,101.11976341275258,XLP,生活必需品,defensive,Improving,4.0,0.0,-2.0
2025-10-21,77.6796875,0.41217137233171935,0.4150889403397941,99.2177337384941,100.55256394271667,XLP,生活必需品,defensive,Improving,4.0,0.0,-1.0
2025-10-22,78.12053680419922,0.41651934436109606,0.41556574168022814,99.28472354549329,100.42759312131368,XLP,生活必需品,defensive,Improving,4.0,-1.0,-3.0
2025-10-23,77.73845672607422,0.41252642325236494,0.41455263553760713,99.21763497418077,100.05729843983676,XLP,生活必需品,defensive,Improving,4.0,0.0,0.0
2025-10-24,77.48373413085938,0.41005686156310955,0.41305404421277464,99.10912418588153,99.48385339340868,XLP,生活必需品,defensive,Lagging,3.0,-1.0,-1.0
2025-10-27,77.61109924316406,0.40891360938753657,0.41167389927102865,99.01522942987172,99.3093122458007,XLP,生活必需品,defensive,Lagging,3.0,-1.0,-1.0
2025-10-28,76.83715057373047,0.40834301562757974,0.4105636047232124,98.94876301255408,99.39028598147215,XLP,生活必需品,defensive,Lagging,3.0,-1.0,-1.0
2025-10-29,75.02471923828125,0.4032204362255283,0.40811588189065107,98.77109691074574,98.9454668145247,XLP,生活必需品,defensive,Lagging,4.0,0.0,1.0
2025-10-30,74.94634246826172,0.4045390942797435,0.40692361935368193,98.70982861868876,98.98529934189033,XLP,生活必需品,defensive,Lagging,4.0,0.0,0.0
2025-10-31,74.7308120727539,0.4024957065582882,0.405447648421884,98.62831606867493,99.06437729423337,XLP,生活必需品,defensive,Lagging,4.0,1.0,2.0
2025-11-03,74.14299011230469,0.40030958479569406,0.4037349605464874,98.53212239849712,99.08824264102263,XLP,生活必需品,defensive,Lagging,4.0,1.0,2.0
2025-11-04,74.44670104980469,0.40462572854689693,0.4040318832132906,98.60401122988424,99.36948879019921,XLP,生活必需品,defensive,Lagging,3.0,0.0,1.0
2025-11-05,74.39772033691406,0.40200656619736636,0.4033567775413159,98.5863680837337,99.6945343892154,XLP,生活必需品,defensive,Lagging,3.0,-1.0,-1.0
2025-11-06,74.06462097167969,0.40304682838973466,0.40325346115745553,98.61055816424798,99.88650648782043,XLP,生活必需品,defensive,Lagging,3.0,-1.0,-1.0
2025-11-07,75.1520767211914,0.4055630750309144,0.40402333244860855,98.70206694717444,100.26949148743904,XLP,生活必需品,defensive,Improving,3.0,-1.0,-2.0
2025-11-10,74.87776184082031,0.40176927231064025,0.4032719790692858,98.6556157812314,100.41544703700687,XLP,生活必需品,defensive,Improving,3.0,-1.0,-2.0
2025-11-11,75.85745239257812,0.40468762235925826,0.4037438601659433,98.72301247751425,100.42393490941828,XLP,生活必需品,defensive,Improving,2.0,-1.0,-1.0
2025-11-12,75.74968719482422,0.40315655211120466,0.4035480908143638,98.7298786289656,100.47243323688453,XLP,生活必需品,defensive,Improving,3.0,0.0,1.0
2025-11-13,75.74968719482422,0.40776632081673986,0.4049541674818225,98.88896305529735,100.74250707718352,XLP,生活必需品,defensive,Improving,3.0,0.0,1.0
2025-11-14,75.69091033935547,0.4089506269530451,0.40628632063889675,99.0424652184019,100.84802992963635,XLP,生活必需品,defensive,Improving,4.0,1.0,2.0
2025-11-17,75.21085357666016,0.41176389752238357,0.408112179600059,99.24984041331442,101.34556070095711,XLP,生活必需品,defensive,Improving,6.0,3.0,4.0
2025-11-18,75.53414916992188,0.41328794869097535,0.4098374359636978,99.45579086972819,101.58049434424277,XLP,生活必需品,defensive,Improving,6.0,4.0,5.0
2025-11-19,74.95613861083984,0.41137065532144956,0.41034850908294845,99.53613250427152,101.67379840365089,XLP,生活必需品,defensive,Improving,6.0,3.0,3.0
2025-11-20,75.4949722290039,0.41944499337426866,0.41338067051338856,99.94213426358994,102.06454776793893,XLP,生活必需品,defensive,Improving,6.0,3.0,3.0
2025-11-21,76.31790924072266,0.4158454289034066,0.4142022566433946,100.08994914646841,101.95378057210044,XLP,生活必需品,defensive,Leading,7.0,3.0,2.0
2025-11-24,75.43618774414062,0.4093442838773139,0.4125829323880344,99.9042097473763,101.16765327778644,XLP,生活必需品,defensive,Improving,7.0,1.0,-2.0
2025-11-25,76.47466278076172,0.4091664556955308,0.41144410682386656,99.77244194878051,100.49370149625955,XLP,生活必需品,defensive,Improving,7.0,1.0,-3.0
2025-11-26,77.3073959350586,0.4107558492820513,0.4112146876432615,99.7653188183826,100.28817727166837,XLP,生活必需品,defensive,Improving,7.0,1.0,-2.0
2025-11-28,77.75806427001953,0.4109285184147043,0.41111929790040913,99.77743757117793,99.38507184292192,XLP,生活必需品,defensive,Lagging,7.0,1.0,-2.0
2025-12-01,77.6796875,0.41334146568013247,0.4118600204936503,99.92075005060957,99.34439290108239,XLP,生活必需品,defensive,Lagging,7.0,0.0,-3.0
2025-12-02,77.17023468017578,0.41101956805885415,0.4115798696820516,99.90849624056831,99.7317820241986,XLP,生活必需品,defensive,Lagging,7.0,0.0,-1.0
2025-12-03,77.2290267944336,0.40821796836676244,0.41045923591028854,99.75360025592286,99.67473676277248,XLP,生活必需品,defensive,Lagging,8.0,1.0,0.0
2025-12-04,76.85673522949219,0.4061228493312121,0.4090137737172631,99.53204072806994,99.19570601244423,XLP,生活必需品,defensive,Lagging,8.0,1.0,0.0
2025-12-05,76.86653900146484,0.40522269277421813,0.40775008006958147,99.32876736532879,98.73693759358025,XLP,生活必需品,defensive,Lagging,5.0,-2.0,-3.0
2025-12-08,76.229736328125,0.4042871108291306,0.4065957569894312,99.13012246310979,98.05567145513086,XLP,生活必需品,defensive,Lagging,4.0,-3.0,-3.0
2025-12-09,76.40607452392578,0.40598817227229717,0.4063932287503865,99.10532432296606,98.10936057839989,XLP,生活必需品,defensive,Lagging,5.0,-2.0,-2.0
2025-12-10,76.63141632080078,0.4015363646626773,0.4047742740544835,98.7963207969769,97.88395809962779,XLP,生活必需品,defensive,Lagging,4.0,-4.0,-5.0
2025-12-11,77.19963073730469,0.40127308615725615,0.40360721142207445,98.57346871311177,97.97354409662033,XLP,生活必需品,defensive,Lagging,3.0,-5.0,-6.0
2025-12-12,77.80703735351562,0.4071904400886895,0.40480162097761285,98.85242565653697,98.94546268050814,XLP,生活必需品,defensive,Lagging,3.0,-2.0,0.0
2025-12-15,78.02257537841797,0.4078124187491606,0.4058052202347955,99.09301624205249,99.8065766181082,XLP,生活必需品,defensive,Lagging,3.0,-1.0,2.0
2025-12-16,77.66988372802734,0.4088402465005793,0.40681689565672347,99.34162553348935,100.34045226581647,XLP,生活必需品,defensive,Improving,4.0,-1.0,1.0
2025-12-17,78.0323715209961,0.41186207310902245,0.4084986214741565,99.76879572276275,101.73195176516158,XLP,生活必需品,defensive,Improving,7.0,3.0,7.0
2025-12-18,77.58171081542969,0.4086098924131121,0.40853571178714176,99.8062702650939,102.11761226560776,XLP,生活必需品,defensive,Improving,7.0,4.0,9.0
2025-12-19,77.18003845214844,0.40501904275437267,0.40736348877621875,99.53235739274157,101.04553304055754,XLP,生活必需品,defensive,Improving,7.0,4.0,6.0
2025-12-22,76.91043090820312,0.40063466916057755,0.4051205489043384,98.98668326223536,99.56701518813982,XLP,生活必需品,defensive,Lagging,4.0,1.0,2.0
2025-12-23,76.54505157470703,0.39966061417051957,0.4033005706597321,98.56591079216139,98.3464250960322,XLP,生活必需品,defensive,Lagging,3.0,-1.0,0.0
2025-12-24,77.14745330810547,0.40135091710965864,0.402650686143041,98.45561132952318,97.51526920930874,XLP,生活必需品,defensive,Lagging,3.0,-4.0,-7.0
2025-12-26,77.2560806274414,0.40181234224392676,0.40237123817666964,98.4451743643689,97.58607406024694,XLP,生活必需品,defensive,Lagging,3.0,-4.0,-8.0
2025-12-29,77.30545806884766,0.40273399045322383,0.40249215560218776,98.53157292975156,98.26270984634702,XLP,生活必需品,defensive,Lagging,3.0,-4.0,-8.0
2025-12-30,77.17707824707031,0.4027102950478009,0.4025648687507255,98.60096398573845,99.28379220959481,XLP,生活必需品,defensive,Lagging,3.0,-1.0,-2.0
2025-12-31,76.71292877197266,0.40373627174923765,0.40295533641689624,98.73880160117515,100.18972547860129,XLP,生活必需品,defensive,Improving,3.0,0.0,1.0
2026-01-02,76.7228012084961,0.4010663850646267,0.40232568596613977,98.63125411988798,100.18900569021385,XLP,生活必需品,defensive,Improving,3.0,0.0,4.0
2026-01-05,76.38703155517578,0.39563914988131854,0.4000968406045327,98.17740498740474,99.47612844496575,XLP,生活必需品,defensive,Lagging,1.0,-2.0,2.0
2026-01-06,76.50554656982422,0.3915260940999347,0.39723992510300005,97.65110678663233,98.52973499221986,XLP,生活必需品,defensive,Lagging,1.0,-2.0,2.0
2026-01-07,75.66612243652344,0.39162359062915825,0.39536781361171947,97.42233642960464,98.14105575208232,XLP,生活必需品,defensive,Lagging,1.0,-2.0,-1.0
2026-01-08,77.46347045898438,0.39751800544646254,0.3960845442233005,97.70464460039783,98.42517501549257,XLP,生活必需品,defensive,Lagging,1.0,-2.0,-2.0
2026-01-09,78.26338195800781,0.39930586020372344,0.3971583162167749,98.01630177401049,99.08775668857426,XLP,生活必需品,defensive,Lagging,1.0,-2.0,-2.0
2026-01-12,79.18180847167969,0.40362406608743917,0.399313566173663,98.49392827315869,100.508342236431,XLP,生活必需品,defensive,Improving,4.0,3.0,5.0
2026-01-13,80.10022735595703,0.4083056460058379,0.4023109261177213,99.09608774503978,102.16657467241568,XLP,生活必需品,defensive,Improving,5.0,4.0,6.0
2026-01-14,81.20629119873047,0.4120686234975805,0.4055634919110077,99.73684351388488,103.18639237657418,XLP,生活必需品,defensive,Improving,7.0,6.0,8.0
2026-01-15,81.34454345703125,0.41094994724558104,0.4073589770225322,100.10471295289132,103.06435845799933,XLP,生活必需品,defensive,Leading,8.0,7.0,9.0
2026-01-16,81.08777618408203,0.41070235217406054,0.40847343540637504,100.35012074188708,102.790390354483,XLP,生活必需品,defensive,Leading,8.0,7.0,9.0
2026-01-20,81.33466339111328,0.4181926628069406,0.41171317787323025,101.03982895872382,102.82733352025745,XLP,生活必需品,defensive,Leading,8.0,4.0,1.0
2026-01-21,81.4136734008789,0.41162922586162043,0.41168519386936037,101.07691376730426,102.0823234374994,XLP,生活必需品,defensive,Leading,8.0,3.0,-1.0
2026-01-22,81.24578094482422,0.41024544272834784,0.4112052768223562,101.00760849857338,101.2613733509638,XLP,生活必需品,defensive,Leading,8.0,1.0,-5.0
2026-01-23,81.87782287597656,0.415288066676475,0.4125662067737291,101.33191733504766,101.1834529279464,XLP,生活必需品,defensive,Leading,8.0,0.0,-7.0
2026-01-26,81.74943542480469,0.4136587435100542,0.4129303856858375,101.4299034242535,100.99829105988617,XLP,生活必需品,defensive,Leading,8.0,0.0,-7.0
2026-01-27,82.12470245361328,0.41620525172063483,0.41402200769743663,101.65769320141071,100.48721491410825,XLP,生活必需品,defensive,Leading,8.0,0.0,-4.0
2026-01-28,81.295166015625,0.4133934974184244,0.4138125042710993,101.58806609441321,100.35898473016427,XLP,生活必需品,defensive,Leading,8.0,0.0,-3.0
2026-01-29,81.1075210571289,0.41189911356794634,0.41317470737004836,101.42598212054718,100.24782919107739,XLP,生活必需品,defensive,Leading,8.0,0.0,-1.0
2026-01-30,82.47035217285156,0.41975049094582967,0.41536663522864214,101.82108581194822,100.30812884911927,XLP,生活必需品,defensive,Leading,8.0,0.0,0.0
2026-02-02,83.4480209350586,0.4225506473995576,0.41776130595228067,102.1927594058454,100.58340742326666,XLP,生活必需品,defensive,Leading,10.0,2.0,2.0
2026-02-03,84.80096435546875,0.4305475534239607,0.4220233884428407,102.79643781969372,100.96006143477778,XLP,生活必需品,defensive,Leading,10.0,2.0,2.0
2026-02-04,85.90702056884766,0.4323960251225819,0.42548093400275444,103.10917597413479,101.32615011171421,XLP,生活必需品,defensive,Leading,11.0,3.0,3.0
2026-02-05,85.837890625,0.43583420228153424,0.42893202342901443,103.30321512588502,101.63840447552813,XLP,生活必需品,defensive,Leading,11.0,3.0,3.0
2026-02-06,86.84519958496094,0.43288228997422096,0.4302487789440833,103.16058237158342,101.04129851812637,XLP,生活必需品,defensive,Leading,11.0,3.0,3.0
2026-02-09,86.34154510498047,0.43011661040582677,0.4302047227646645,102.88610895261515,100.35437984507872,XLP,生活必需品,defensive,Leading,11.0,1.0,-1.0
2026-02-10,86.06503295898438,0.42721922703829146,0.42920955752254014,102.55844050586269,99.38875542140983,XLP,生活必需品,defensive,Weakening,9.0,-1.0,-3.0
2026-02-11,87.29946899414062,0.4325800911893057,0.4303330687447953,102.5166307323385,99.03828778629726,XLP,生活必需品,defensive,Weakening,9.0,-2.0,-5.0
2026-02-12,88.0993881225586,0.44234875630241927,0.43433829793067,102.76248374041627,99.10818416082164,XLP,生活必需品,defensive,Weakening,11.0,0.0,-3.0
2026-02-13,88.3956527709961,0.43928571509816955,0.4359874369865032,102.72180610266928,99.22605673605369,XLP,生活必需品,defensive,Weakening,11.0,0.0,-3.0
2026-02-17,87.10195922851562,0.4336047366356934,0.4351932035362333,102.46113005463347,99.25499218414144,XLP,生活必需品,defensive,Weakening,11.0,0.0,-1.0
2026-02-18,86.9439468383789,0.43058565592207326,0.4336573543315133,102.17550624773853,99.31217033990448,XLP,生活必需品,defensive,Weakening,9.0,0.0,1.0
2026-02-19,86.57855987548828,0.4296837431626744,0.4323328172752337,101.94669297018724,99.14574295304537,XLP,生活必需品,defensive,Weakening,9.0,0.0,2.0
2026-02-20,86.79581451416016,0.4287568693805399,0.43114083464366915,101.75605316156272,98.7474059133538,XLP,生活必需品,defensive,Weakening,8.0,-3.0,-3.0
2026-02-23,87.86237335205078,0.4388419611416151,0.43370787680965117,101.9004865514843,98.96442936872799,XLP,生活必需品,defensive,Weakening,9.0,-2.0,-2.0
2026-02-24,88.62278747558594,0.4391373043771033,0.4355176859988019,101.96590644884338,99.31092105730251,XLP,生活必需品,defensive,Weakening,9.0,-2.0,-2.0
2026-02-25,87.9018783569336,0.43530841582228147,0.4354479292732951,101.87440790692443,99.52304847427499,XLP,生活必需品,defensive,Weakening,9.0,0.0,0.0
2026-02-26,87.75374603271484,0.432133779395898,0.4343432126474961,101.7098316568962,99.60097575096046,XLP,生活必需品,defensive,Weakening,9.0,0.0,0.0
2026-02-27,88.8894271850586,0.4372137553682068,0.4353000602210664,101.71488395455272,99.80187616592198,XLP,生活必需品,defensive,Weakening,9.0,1.0,4.0
2026-03-02,87.6056137084961,0.43169950374255217,0.4340998747282283,101.55816978484582,99.51149635492597,XLP,生活必需品,defensive,Weakening,8.0,-1.0,1.0
2026-03-03,86.6476821899414,0.4322824701387808,0.4334940731984125,101.457337420175,99.35313980458572,XLP,生活必需品,defensive,Weakening,7.0,-2.0,0.0
2026-03-04,86.07491302490234,0.4277105437408099,0.43156623004587835,101.26766904876101,99.26525711788223,XLP,生活必需品,defensive,Weakening,7.0,-2.0,-2.0
2026-03-05,84.3467025756836,0.42403443152414644,0.42905563053863444,101.04609419226924,99.22312362093234,XLP,生活必需品,defensive,Weakening,7.0,-2.0,-2.0
2026-03-06,84.71208190917969,0.4310079836406597,0.42970641490597616,101.06335447625496,99.24840750813584,XLP,生活必需品,defensive,Weakening,7.0,-2.0,-3.0
2026-03-09,84.89972686767578,0.4307452822300946,0.4300527040140157,101.05656750826917,99.40071659413802,XLP,生活必需品,defensive,Weakening,7.0,-1.0,0.0
2026-03-10,84.65283203125,0.43273752383044306,0.4309476439528248,101.08835426548734,99.52889439656005,XLP,生活必需品,defensive,Weakening,7.0,0.0,2.0
2026-03-11,83.53689575195312,0.4284449948344848,0.43011342758004484,100.99506724513874,99.61316716139788,XLP,生活必需品,defensive,Weakening,7.0,0.0,2.0
2026-03-12,83.20113372802734,0.4334260066438306,0.43121762060130675,101.04284150015495,99.86477787491738,XLP,生活必需品,defensive,Weakening,7.0,0.0,2.0
2026-03-13,83.68502807617188,0.4359692852255181,0.4328015088093772,101.1221022623092,99.90934743274919,XLP,生活必需品,defensive,Weakening,8.0,1.0,3.0
2026-03-16,83.92205047607422,0.43397484217078813,0.43319261992984753,101.11431802950268,99.8911282034987,XLP,生活必需品,defensive,Weakening,8.0,1.0,2.0
2026-03-17,83.6455307006836,0.430140057371954,0.4321750990772164,101.00758235387775,99.74411957084874,XLP,生活必需品,defensive,Weakening,8.0,1.0,1.0
2026-03-18,81.61117553710938,0.4252751542103192,0.42987511745491735,100.81333280014503,99.64440394555722,XLP,生活必需品,defensive,Weakening,8.0,1.0,1.0
2026-03-19,80.94951629638672,0.4221545312098767,0.42730158870657053,100.60377323003394,99.39652686333129,XLP,生活必需品,defensive,Weakening,8.0,1.0,1.0
2026-03-20,80.27798461914062,0.4248944930952095,0.4264992235027836,100.52551129964704,99.26187409064937,XLP,生活必需品,defensive,Weakening,8.0,0.0,-1.0
2026-03-23,80.62060546875,0.4222068635848546,0.42506843686347395,100.40278095500501,99.17313796286918,XLP,生活必需品,defensive,Weakening,7.0,-1.0,-2.0
2026-03-24,80.55108642578125,0.42133725634612285,0.42382471002435695,100.2936475449977,99.19519189985078,XLP,生活必需品,defensive,Weakening,7.0,-1.0,-2.0
2026-03-25,80.94833374023438,0.42137323210901473,0.4230075507192429,100.21405659603025,99.32158381755956,XLP,生活必需品,defensive,Weakening,7.0,-1.0,-2.0
2026-03-26,80.58087921142578,0.4233459745145002,0.4231203586509954,100.2015318023827,99.51242025827446,XLP,生活必需品,defensive,Weakening,7.0,-1.0,-2.0
2026-03-27,81.21646881103516,0.43261700327238284,0.4262859068581246,100.41875336205116,99.7889961156756,XLP,生活必需品,defensive,Weakening,8.0,0.0,0.0
2026-03-30,81.31578063964844,0.43404420675451244,0.4288720068235873,100.59334733269306,100.07111819778187,XLP,生活必需品,defensive,Leading,8.0,1.0,2.0
2026-03-31,81.41510009765625,0.42585663859292566,0.4278668840800334,100.49136836395814,100.05934206908483,XLP,生活必需品,defensive,Leading,8.0,1.0,2.0
2026-04-01,80.89867401123047,0.4217927891381928,0.42584218576608657,100.30740383088626,99.94033790959735,XLP,生活必需品,defensive,Weakening,7.0,0.0,1.0
2026-04-02,81.32571411132812,0.4228115175192596,0.42483196301714427,100.2018341789703,99.84427423651512,XLP,生活必需品,defensive,Weakening,7.0,0.0,1.0
2026-04-06,82.09041595458984,0.42496046316373837,0.42487479639934234,100.17993549069503,99.59740763825467,XLP,生活必需品,defensive,Weakening,7.0,-1.0,-1.0
2026-04-07,80.70005798339844,0.4186913640120076,0.4228136522702308,99.97556642589913,99.2036059527146,XLP,生活必需品,defensive,Lagging,6.0,-2.0,-3.0
2026-04-08,82.20957946777344,0.4168920900963264,0.4208397982122627,99.76205514640375,99.0806345890019,XLP,生活必需品,defensive,Lagging,6.0,-2.0,-3.0
2026-04-09,82.87496185302734,0.4200116987545946,0.4205637650597067,99.68394205393953,99.17490276352386,XLP,生活必需品,defensive,Lagging,5.0,-2.0,-2.0
2026-04-10,81.80240631103516,0.4175907184449836,0.4195727495214657,99.52615276729739,99.10680305678753,XLP,生活必需品,defensive,Lagging,4.0,-3.0,-3.0
2026-04-13,80.9880599975586,0.4089006200418436,0.4160153730282584,99.08215134219452,98.67131769455267,XLP,生活必需品,defensive,Lagging,2.0,-5.0,-4.0
2026-04-14,80.90860748291016,0.40680131356641536,0.41294401987431073,98.66363953313478,98.49794733275591,XLP,生活必需品,defensive,Lagging,2.0,-4.0,-2.0
2026-04-15,80.50143432617188,0.4046122220340688,0.4101667539275634,98.2828627276236,98.3803947790334,XLP,生活必需品,defensive,Lagging,2.0,-4.0,-2.0
2026-04-16,80.86888122558594,0.4046155657294745,0.4083163578615338,98.04045998356983,98.23779019025747,XLP,生活必需品,defensive,Lagging,2.0,-3.0,-1.0
2026-04-17,81.89178466796875,0.40465118979374765,0.4070946351722718,97.89903391785712,98.27023212681495,XLP,生活必需品,defensive,Lagging,2.0,-2.0,1.0
2026-04-20,81.822265625,0.40303799158057624,0.4057424206417066,97.76894295806352,98.61962865739804,XLP,生活必需品,defensive,Lagging,2.0,0.0,5.0
2026-04-21,81.27605438232422,0.4028181500762264,0.4047676637865466,97.72489548578605,99.04432200249909,XLP,生活必需品,defensive,Lagging,2.0,0.0,4.0
2026-04-22,81.54419708251953,0.4043267837264855,0.40462070376652626,97.77461635899836,99.60413202915838,XLP,生活必需品,defensive,Lagging,2.0,0.0,4.0
2026-04-23,82.9047622680664,0.4110932875363048,0.40677823168978583,98.04873477441271,100.3213459651783,XLP,生活必需品,defensive,Improving,2.0,0.0,3.0
2026-04-24,82.65648651123047,0.4107142464504371,0.40809023661000293,98.22205864576586,100.79083048385216,XLP,生活必需品,defensive,Improving,2.0,0.0,2.0
2026-04-27,81.77261352539062,0.4068056068053639,0.40766202667512325,98.20985219229651,100.9902423387039,XLP,生活必需品,defensive,Improving,2.0,0.0,0.0
2026-04-28,82.50751495361328,0.4125675088272777,0.4092971873925081,98.40989460031025,101.33465160352239,XLP,生活必需品,defensive,Improving,2.0,0.0,0.0
2026-04-29,82.34861755371094,0.41249205768438957,0.4103621441564686,98.53917515414898,101.43180467475987,XLP,生活必需品,defensive,Improving,2.0,0.0,0.0
2026-04-30,83.72903442382812,0.4131601272143221,0.4112948051757531,98.64546340339197,101.18520394668299,XLP,生活必需品,defensive,Improving,2.0,0.0,0.0
2026-05-01,83.59000396728516,0.4137349873303842,0.4121081992272968,98.74329848752554,101.07730949834428,XLP,生活必需品,defensive,Improving,2.0,0.0,0.0
2026-05-04,82.96434783935547,0.41304131156447743,0.4124192366730237,98.79448600149847,101.17671029642516,XLP,生活必需品,defensive,Improving,2.0,0.0,0.0
2026-05-05,83.48075866699219,0.41234039224151187,0.4123929551958532,98.82072146581142,100.97084227315322,XLP,生活必需品,defensive,Improving,2.0,0.0,0.0
2026-05-06,83.65951538085938,0.40997563944403076,0.41158718327857907,98.77623891946914,100.78883952519332,XLP,生活必需品,defensive,Improving,2.0,0.0,0.0
2026-05-07,83.40131378173828,0.41134084090773626,0.4115050691549648,98.8072682677593,100.78513121096842,XLP,生活必需品,defensive,Improving,2.0,0.0,0.0
2026-05-08,83.59993743896484,0.41118911648315226,0.411399751597694,98.83535106017501,100.74628806069232,XLP,生活必需品,defensive,Improving,3.0,1.0,1.0
2026-05-11,82.79551696777344,0.40745213959630144,0.41008388093056314,98.7482704530681,100.53380637248468,XLP,生活必需品,defensive,Improving,4.0,2.0,2.0
2026-05-12,83.85814666748047,0.4130460401568901,0.4110712673393388,98.88122142522144,100.71778395559353,XLP,生活必需品,defensive,Improving,5.0,3.0,3.0
2026-05-13,84.13621520996094,0.4162332877717137,0.41279194081679715,99.07772860125512,101.12198405898,XLP,生活必需品,defensive,Improving,5.0,3.0,3.0
2026-05-14,84.39442443847656,0.4159936417924435,0.413859174475346,99.20792683873553,101.25936466292562,XLP,生活必需品,defensive,Improving,5.0,3.0,3.0
2026-05-15,84.0567626953125,0.41864604989209997,0.415454799614264,99.38784845935963,101.4763324929295,XLP,生活必需品,defensive,Improving,6.0,3.0,2.0
2026-05-18,85.3080825805664,0.4222803977845869,0.4177299990043717,99.63504920845024,101.96283494468113,XLP,生活必需品,defensive,Improving,7.0,3.0,1.0
2026-05-19,85.49677276611328,0.4256913237585293,0.42038377392242426,99.92103988071747,102.10461577718083,XLP,生活必需品,defensive,Improving,7.0,2.0,-1.0
2026-05-20,84.93069458007812,0.41828785250463507,0.41968513344982794,99.86916578786447,101.62943894870557,XLP,生活必需品,defensive,Improving,7.0,2.0,-1.0
2026-05-21,84.07662963867188,0.41230147681265034,0.4172239145707688,99.6366306723719,101.01488103846391,XLP,生活必需品,defensive,Improving,7.0,2.0,-1.0
2026-05-22,84.21566772460938,0.4092449183973126,0.41456424917961676,99.38597924124802,100.30131023461169,XLP,生活必需品,defensive,Improving,7.0,1.0,-2.0
2026-05-26,83.05371856689453,0.40153808099179383,0.41022219311700914,98.96167833065583,99.2163857017067,XLP,生活必需品,defensive,Lagging,6.0,-1.0,-4.0
2026-05-27,83.99717712402344,0.40639296610280856,0.4089457841122756,98.8580926915214,98.62582706631126,XLP,生活必需品,defensive,Lagging,6.0,-1.0,-3.0
2026-05-28,83.84821319580078,0.40419177444780047,0.40736111422411725,98.72505761850304,98.54513154864689,XLP,生活必需品,defensive,Lagging,6.0,-1.0,-3.0
2026-05-29,82.33869171142578,0.3958127232390908,0.40351165056244176,98.35979967009976,98.40129243310489,XLP,生活必需品,defensive,Lagging,6.0,-1.0,-3.0
2026-06-01,81.46475219726562,0.390900265509475,0.3993078555447862,97.98733000802959,98.28261019997493,XLP,生活必需品,defensive,Lagging,7.0,0.0,-1.0
2026-06-02,81.26612854003906,0.38840629322603715,0.39567400143853654,97.71410937429282,98.55048949082746,XLP,生活必需品,defensive,Lagging,6.0,0.0,1.0
2026-06-03,81.59385681152344,0.39144492765420663,0.3942643101770933,97.69324211882474,98.70112040723733,XLP,生活必需品,defensive,Lagging,5.0,-1.0,0.0
2026-06-04,81.47467803955078,0.3879439038377245,0.3921575080639704,97.62522285866058,98.81658716830277,XLP,生活必需品,defensive,Lagging,4.0,-2.0,-1.0
2026-06-05,82.86503601074219,0.4002595998968735,0.39485820534160476,97.98556395378095,99.85780084262508,XLP,生活必需品,defensive,Lagging,3.0,-3.0,-2.0
2026-06-08,82.4975814819336,0.3989069858948714,0.3962077988593603,98.18889785081991,100.6731035154251,XLP,生活必需品,defensive,Improving,5.0,-2.0,-2.0
2026-06-09,83.5204849243164,0.400802814055957,0.39773947059155923,98.38968406039642,101.3144960852989,XLP,生活必需品,defensive,Improving,5.0,-1.0,-1.0
2026-06-10,84.90090942382812,0.4126747496260643,0.40271789693639426,98.89426345255752,101.96372797951699,XLP,生活必需品,defensive,Improving,6.0,1.0,2.0
2026-06-11,84.68241882324219,0.4052938167236234,0.4035765368654707,99.0046236184394,102.10050485423389,XLP,生活必需品,defensive,Improving,7.0,3.0,5.0
2026-06-12,85.22863006591797,0.4042461839001481,0.4037997525436965,99.05116256996037,101.62782358160338,XLP,生活必需品,defensive,Improving,7.0,4.0,7.0
2026-06-15,84.89098358154297,0.4003182375051826,0.40263924753085856,98.96029817403142,101.21673719408096,XLP,生活必需品,defensive,Improving,7.0,2.0,4.0
2026-06-16,85.00021362304688,0.402174696216121,0.40248439709261274,98.9685226740486,100.9489108434272,XLP,生活必需品,defensive,Improving,6.0,1.0,2.0
2026-06-17,83.10337829589844,0.3991828361135278,0.4013838767662511,98.88242156151361,100.19201531526492,XLP,生活必需品,defensive,Improving,6.0,0.0,-1.0
2026-06-18,82.72599792480469,0.3955342782863027,0.3994340106062683,98.71329307624296,99.83251821833773,XLP,生活必需品,defensive,Lagging,5.0,-2.0,-5.0
2026-06-22,82.18000030517578,0.39206144776432644,0.3969764896589544,98.49863747091179,99.49807328439098,XLP,生活必需品,defensive,Lagging,5.0,-2.0,-6.0
2026-06-23,83.72000122070312,0.40078510922170973,0.3982460295132062,98.67395837343122,99.82864157736334,XLP,生活必需品,defensive,Lagging,4.0,-3.0,-5.0
2026-06-24,84.44000244140625,0.40136895371041403,0.3992870042456088,98.82096987184093,99.99497289845915,XLP,生活必需品,defensive,Lagging,5.0,-1.0,-2.0
2026-06-25,83.94000244140625,0.39641087339507086,0.3983282939620962,98.75665488978527,100.01337781568333,XLP,生活必需品,defensive,Improving,4.0,-2.0,-2.0
2026-06-26,84.70999908447266,0.40278636331053114,0.3998143170782412,98.94834422568708,100.46566799851489,XLP,生活必需品,defensive,Improving,5.0,0.0,2.0
2026-06-29,84.37000274658203,0.39601033343372166,0.39854632253006805,98.83917742042868,100.59086553536854,XLP,生活必需品,defensive,Improving,5.0,0.0,2.0
2026-06-30,83.06999969482422,0.3904215727159059,0.395838072592014,98.56461531106028,100.01845600031997,XLP,生活必需品,defensive,Improving,6.0,2.0,5.0
2026-07-01,83.30000305175781,0.3903284833059942,0.3940015428300074,98.38755357818876,99.6139821373152,XLP,生活必需品,defensive,Lagging,5.0,0.0,1.0
2026-07-02,84.98999786376953,0.3954678535923084,0.39449031308410776,98.47629073143139,99.81866227898566,XLP,生活必需品,defensive,Lagging,5.0,1.0,3.0
2026-07-06,84.0999984741211,0.3911627836005632,0.39338113658959295,98.38391351994082,99.46531416089229,XLP,生活必需品,defensive,Lagging,4.0,-1.0,-1.0
2026-07-07,84.86000061035156,0.3951939752191235,0.39398541613276983,98.48512305689069,99.73828488836845,XLP,生活必需品,defensive,Lagging,5.0,0.0,0.0
2026-07-08,84.38999938964844,0.397690860524527,0.3952205642633556,98.6635431528954,100.30651497671552,XLP,生活必需品,defensive,Improving,6.0,0.0,-2.0
2026-07-09,83.19999694824219,0.3896955360573405,0.3933788881946839,98.47762938168184,100.27950963946873,XLP,生活必需品,defensive,Improving,5.0,0.0,0.0
2026-07-10,84.12000274658203,0.3925338383045442,0.3930972048979707,98.48211677400815,100.15813089178673,XLP,生活必需品,defensive,Improving,3.0,-2.0,-3.0
2026-07-13,84.58999633789062,0.3948559866727228,0.3936834654895548,98.59199927686599,100.40357105321125,XLP,生活必需品,defensive,Improving,4.0,0.0,1.0
2026-07-14,83.41999816894531,0.3908175186770941,0.3927281498854013,98.51988490784571,100.1567533186086,XLP,生活必需品,defensive,Improving,4.0,-1.0,-1.0
2026-07-15,83.47000122070312,0.391933139607781,0.39246314645952785,98.53947526024112,99.92058969268045,XLP,生活必需品,defensive,Lagging,2.0,-4.0,-4.0
2026-07-16,85.80999755859375,0.3990049220344409,0.3946437383178322,98.85121581142425,100.56782407220723,XLP,生活必需品,defensive,Improving,3.0,-2.0,-2.0
2026-07-17,85.19000244140625,0.3992595228519269,0.3961823331625305,99.07144147442207,100.848380336636,XLP,生活必需品,defensive,Improving,4.0,1.0,3.0
2026-07-20,84.86000061035156,0.3994915796151139,0.3972854153133917,99.23037351526736,100.9028845894114,XLP,生活必需品,defensive,Improving,6.0,2.0,2.0
2026-07-21,84.05999755859375,0.39509306133156963,0.39655463065278435,99.16230567056733,100.8870563191935,XLP,生活必需品,defensive,Improving,5.0,1.0,2.0
2026-07-22,84.37999725341797,0.3967089725626595,0.3966060779560761,99.18880037463279,100.87079732867775,XLP,生活必需品,defensive,Improving,4.0,2.0,6.0
2026-07-23,83.20999908447266,0.3926481681928696,0.39528677470167395,99.05216966862004,100.15389445046466,XLP,生活必需品,defensive,Improving,4.0,1.0,3.0
2026-07-24,84.12999725341797,0.393922341004095,0.3948319634691477,99.02595189755368,99.7676008439605,XLP,生活必需品,defensive,Lagging,4.0,0.0,-1.0
2026-07-27,85.36000061035156,0.3966911586383697,0.3954516951922217,99.1277504228107,99.68830989105987,XLP,生活必需品,defensive,Lagging,5.0,-1.0,-3.0
2026-07-28,87.05999755859375,0.3999264852873845,0.39694329189060934,99.32850613921269,100.11831760498801,XLP,生活必需品,defensive,Improving,5.0,0.0,-1.0
2026-07-29,87.36000061035156,0.40495064358451477,0.39961240912191115,99.66689194903525,100.61778077942786,XLP,生活必需品,defensive,Improving,7.0,3.0,1.0
2026-07-30,85.47000122070312,0.39683350024626035,0.3986861061633609,99.57461384169177,100.69790193870348,XLP,生活必需品,defensive,Improving,7.0,3.0,2.0
2026-07-31,85.05000305175781,0.39556302136947297,0.3976450778987316,99.47010954261148,100.5787154719346,XLP,生活必需品,defensive,Improving,7.0,3.0,3.0
2026-08-03,84.86000061035156,0.39086177684947015,0.3953839775489778,99.21917927019673,100.02667127751103,XLP,生活必需品,defensive,Improving,7.0,2.0,3.0
2026-08-04,85.37000274658203,0.38764021433392226,0.39280272314395936,98.93297941268419,99.27033735856052,XLP,生活必需品,defensive,Lagging,7.0,2.0,2.0
2024-08-05,34.145225524902344,0.21668077965676627,0.21668077965676627,,,XLU,公益事業,defensive,,,,
2024-08-06,34.4334716796875,0.21629165048048635,0.21655106993133966,,,XLU,公益事業,defensive,,,,
2024-08-07,34.6272087097168,0.2190532872973001,0.21738514238665982,,,XLU,公益事業,defensive,,,,
2024-08-08,34.66501235961914,0.21538918703367868,0.21671982393566613,,,XLU,公益事業,defensive,,,,
2024-08-09,34.783145904541016,0.21566932948079146,0.2163696591173746,,,XLU,公益事業,defensive,,,,
2024-08-12,34.844581604003906,0.2170923747115551,0.21661056431543477,,,XLU,公益事業,defensive,,,,
2024-08-13,35.04776382446289,0.21589789900721698,0.2163730092126955,,,XLU,公益事業,defensive,,,,
2024-08-14,35.02414321899414,0.21530315980391293,0.2160163927431013,,,XLU,公益事業,defensive,,,,
2024-08-15,35.01941680908203,0.21239321376736453,0.21480866641785573,,,XLU,公益事業,defensive,,,,
2024-08-16,35.175350189208984,0.21282677690720667,0.21414803658097273,,,XLU,公益事業,defensive,,,,
2024-08-19,35.406890869140625,0.21260928241139693,0.21363511852444747,,,XLU,公益事業,defensive,,,,
2024-08-20,35.3312873840332,0.2129970030107875,0.21342241335322748,,,XLU,公益事業,defensive,,,,
2024-08-21,35.581729888916016,0.21301543707785314,0.21328675459476937,,,XLU,公益事業,defensive,,,,
2024-08-22,35.53919982910156,0.21336652148453675,0.21331334355802517,,,XLU,公益事業,defensive,,,,
2024-08-23,35.638431549072266,0.21127399853819684,0.21263356188474908,,,XLU,公益事業,defensive,,,,
2024-08-26,35.869972229003906,0.21268320579711875,0.212650109855539,,,XLU,公益事業,defensive,,,,
2024-08-27,35.58645248413086,0.21090533723421534,0.21206851898176446,,,XLU,公益事業,defensive,,,,
2024-08-28,35.58645248413086,0.21148756811224667,0.21187486869192523,,,XLU,公益事業,defensive,,,,
2024-08-29,35.78019332885742,0.2118469761161897,0.2118655711666801,,,XLU,公益事業,defensive,,,,
2024-08-30,36.049537658691406,0.21180331522481183,0.21184481918605735,,,XLU,公益事業,defensive,,,,
2024-09-03,35.99755859375,0.21425113871684498,0.2126469256963199,,,XLU,公益事業,defensive,,,,
2024-09-04,36.30470275878906,0.21639081048113445,0.2138948872912581,,,XLU,公益事業,defensive,,,,
2024-09-05,36.21492004394531,0.2171835928899668,0.2149911224908277,,,XLU,公益事業,defensive,,,,
2024-09-06,35.869972229003906,0.21744973501610493,0.21581065999925347,,,XLU,公益事業,defensive,,,,
2024-09-09,36.233821868896484,0.21754951555645663,0.2163902785183212,,,XLU,公益事業,defensive,,,,
2024-09-10,36.40393829345703,0.21844394222082358,0.217074833085822,,,XLU,公益事業,defensive,,,,
2024-09-11,36.51734161376953,0.21902267147750126,0.21772411254971513,,,XLU,公益事業,defensive,,,,
2024-09-12,36.59767150878906,0.21814958249007763,0.21786593586316932,,,XLU,公益事業,defensive,,,,
2024-09-13,37.112735748291016,0.219121487988464,0.21828445323826756,,,XLU,公益事業,defensive,,,,
2024-09-16,37.39624786376953,0.21920468998481274,0.2185911988204493,,,XLU,公益事業,defensive,,,,
2024-09-17,37.36790084838867,0.21871592531190076,0.2186327743175998,,,XLU,公益事業,defensive,,,,
2024-09-18,37.08438491821289,0.2174629515810824,0.21824283340542736,,,XLU,公益事業,defensive,,,,
2024-09-19,36.86701965332031,0.213906147910355,0.21679727157373657,,,XLU,公益事業,defensive,,,,
2024-09-20,37.84043502807617,0.22035827902520652,0.2179842740575599,,,XLU,公益事業,defensive,,,,
2024-09-23,38.215789794921875,0.2214104314175418,0.2191263265108872,,,XLU,公益事業,defensive,,,,
2024-09-24,37.94462203979492,0.2195180961235405,0.21925691638177164,,,XLU,公益事業,defensive,,,,
2024-09-25,38.144432067871094,0.22204691684197697,0.22018691653517344,,,XLU,公益事業,defensive,,,,
2024-09-26,37.882774353027344,0.21869316439590714,0.21968899915541804,,,XLU,公益事業,defensive,,,,
2024-09-27,38.25860595703125,0.220072835191136,0.21981694450065736,,,XLU,公益事業,defensive,,,,
2024-09-30,38.429874420166016,0.22077422446677544,0.22013603782269675,,,XLU,公益事業,defensive,,,,
2024-10-01,38.73909378051758,0.22373701824773068,0.22133636463104142,,,XLU,公益事業,defensive,,,,
2024-10-02,38.75813293457031,0.22408585026190148,0.22225285984132814,,,XLU,公益事業,defensive,,,,
2024-10-03,38.74386215209961,0.2250653714115527,0.22319036369806966,,,XLU,公益事業,defensive,,,,
2024-10-04,38.682010650634766,0.2229568937183949,0.22311254037151143,,,XLU,公益事業,defensive,,,,
2024-10-07,37.792388916015625,0.21953820748487152,0.2219210960759648,,,XLU,公益事業,defensive,,,,
2024-10-08,37.81141662597656,0.21912926059176183,0.22099048424789716,,,XLU,公益事業,defensive,,,,
2024-10-09,37.487918853759766,0.21577228354251793,0.21925108401277077,,,XLU,公益事業,defensive,,,,
2024-10-10,37.373741149902344,0.21592411659410646,0.218142094873216,,,XLU,公益事業,defensive,,,,
2024-10-11,37.70199203491211,0.21570170118717058,0.21732863031120087,,,XLU,公益事業,defensive,,,,
2024-10-14,38.177734375,0.2168325644723935,0.21716327503159844,,,XLU,公益事業,defensive,,,,
2024-10-15,38.349002838134766,0.21879527238452123,0.21770727414923938,,,XLU,公益事業,defensive,,,,
2024-10-16,39.110172271728516,0.2216391517693695,0.21901790002261612,,,XLU,公益事業,defensive,,,,
2024-10-17,38.76288604736328,0.2200223957589926,0.2193527319347416,,,XLU,公益事業,defensive,,,,
2024-10-18,38.986480712890625,0.2206344902386117,0.21977998470269833,,,XLU,公益事業,defensive,,,,
2024-10-21,38.83424377441406,0.22166205190257443,0.22040734043599036,,,XLU,公益事業,defensive,,,,
2024-10-22,38.69628143310547,0.2218712516568169,0.22089531084293254,,,XLU,公益事業,defensive,,,,
2024-10-23,39.06735610961914,0.224737489207797,0.222176036964554,,,XLU,公益事業,defensive,,,,
2024-10-24,38.81521224975586,0.2232371065949711,0.22252972684135972,,,XLU,公益事業,defensive,,,,
2024-10-25,38.23957824707031,0.22097604530430898,0.22201183299567617,,,XLU,公益事業,defensive,,,,
2024-10-28,38.53928756713867,0.22145219219376672,0.22182528606170637,,,XLU,公益事業,defensive,,,,
2024-10-29,37.716270446777344,0.21737838227169617,0.22034298479836967,,,XLU,公益事業,defensive,,,,
2024-10-30,37.62587356567383,0.2173319950058179,0.21933932153418575,,,XLU,公益事業,defensive,,,,
2024-10-31,38.01598358154297,0.22195194806745144,0.22021019704527434,100.81220494198384,,XLU,公益事業,defensive,,6.0,,
2024-11-01,37.16917419433594,0.21687262832190737,0.21909767413748535,100.44729729199041,,XLU,公益事業,defensive,,6.0,,
2024-11-04,36.726741790771484,0.21403633290702562,0.2174105603939988,99.90900546153695,,XLU,公益事業,defensive,,6.0,,
2024-11-05,37.27859115600586,0.2147475942648413,0.216522905017613,99.63254374492021,,XLU,公益事業,defensive,,6.0,,
2024-11-06,36.89324951171875,0.20761254707126667,0.21355278570216424,98.72494639731426,,XLU,公益事業,defensive,,5.0,,
2024-11-07,36.95985412597656,0.20778289090201774,0.21162948743544877,98.19536373492777,,XLU,公益事業,defensive,,5.0,-1.0,
2024-11-08,37.66869354248047,0.21059455496585403,0.21128450994558384,98.16742354417767,,XLU,公益事業,defensive,,5.0,-1.0,
2024-11-11,37.773353576660156,0.21012961411329345,0.21089954466815372,98.1332024888844,,XLU,公益事業,defensive,,5.0,-1.0,
2024-11-12,37.340431213378906,0.2093164696979663,0.21037185301142458,98.06667984480924,,XLU,公益事業,defensive,,5.0,-1.0,
2024-11-13,37.27383804321289,0.20882944446154214,0.20985771682813045,98.0053182890362,,XLU,公益事業,defensive,,5.0,0.0,
2024-11-14,37.1453857421875,0.2097884139118271,0.20983461585602936,98.06819791719343,,XLU,公益事業,defensive,,4.0,-1.0,0.0
2024-11-15,37.70199203491211,0.21446189097850346,0.21137704089685408,98.50243765797971,,XLU,公益事業,defensive,,5.0,0.0,1.0
2024-11-18,38.03025817871094,0.2154599066737001,0.21273799615580274,98.86392644694996,,XLU,公益事業,defensive,,5.0,0.0,1.0
2024-11-19,38.27287673950195,0.21742088466873422,0.2142989589934466,99.26322770438684,,XLU,公益事業,defensive,,5.0,0.0,1.0
2024-11-20,38.29190444946289,0.2167990715688834,0.21513232985192554,99.47024902390599,,XLU,公益事業,defensive,,5.0,0.0,0.0
2024-11-21,38.95793914794922,0.21782603914209311,0.2160302329486481,99.68860909544551,,XLU,公益事業,defensive,,5.0,1.0,2.0
2024-11-22,38.74861526489258,0.21496239640441145,0.21567428743390257,99.576841346168,,XLU,公益事業,defensive,,5.0,0.0,0.0
2024-11-25,38.819976806640625,0.21342565957441811,0.21492474481407442,99.35533882866464,,XLU,公益事業,defensive,,5.0,0.0,0.0
2024-11-26,39.43843078613281,0.21680268017490925,0.21555072326768604,99.50170394397577,,XLU,公益事業,defensive,,5.0,0.0,0.0
2024-11-27,39.43843078613281,0.21701128869073857,0.21603757840870358,99.61098485014791,,XLU,公益事業,defensive,,6.0,1.0,1.0
2024-11-29,39.45269775390625,0.21643027970752465,0.21616847884164395,99.62122401110648,,XLU,公益事業,defensive,,6.0,1.0,0.0
2024-12-02,38.605892181396484,0.21231671553021741,0.21488455773783513,99.23427738504887,,XLU,公益事業,defensive,,5.0,0.0,0.0
2024-12-03,38.27287673950195,0.21142287757498313,0.2137306643502178,98.9012847263788,,XLU,公益事業,defensive,,4.0,-1.0,-1.0
2024-12-04,38.26811981201172,0.21138526770971686,0.21294886547005085,98.69681001858295,,XLU,公益事業,defensive,,3.0,-2.0,-2.0
2024-12-05,38.387062072753906,0.21310593253468907,0.2130012211582636,98.73896117806065,,XLU,公益事業,defensive,,4.0,-2.0,-3.0
2024-12-06,37.91131591796875,0.21070349636104735,0.21223531289252484,98.56415406152344,,XLU,公益事業,defensive,,3.0,-3.0,-4.0
2024-12-09,37.43558883666992,0.20891690963452167,0.21112917847319046,98.3217616832338,,XLU,公益事業,defensive,,2.0,-3.0,-3.0
2024-12-10,37.16441345214844,0.20868209615405212,0.21031348436681102,98.18251484280833,,XLU,公益事業,defensive,,2.0,-2.0,-1.0
2024-12-11,36.931304931640625,0.20718104589564396,0.20926933820975535,98.00921614165397,,XLU,公益事業,defensive,,1.0,-2.0,0.0
2024-12-12,36.91227722167969,0.20783326690743797,0.20879064777564957,97.99304018906642,,XLU,公益事業,defensive,,1.0,-3.0,-1.0
2024-12-13,36.936065673828125,0.20869787579493232,0.20875972378207716,98.08175653522785,,XLU,公益事業,defensive,,2.0,-1.0,2.0
2024-12-16,36.64110565185547,0.20771543269054857,0.20841162675156766,98.09307899059743,,XLU,公益事業,defensive,,2.0,0.0,3.0
2024-12-17,36.48887252807617,0.2084945903183993,0.20843928127384487,98.18469104686683,,XLU,公益事業,defensive,,3.0,1.0,3.0
2024-12-18,35.62779235839844,0.20978184656664045,0.20888680303811008,98.35303891283375,,XLU,公益事業,defensive,,3.0,2.0,4.0
2024-12-19,35.78954315185547,0.21143582605478645,0.2097364773770022,98.59316422074413,,XLU,公益事業,defensive,,4.0,3.0,6.0
2024-12-20,36.36042404174805,0.21184156133485293,0.21043817202961912,98.78791164045707,,XLU,公益事業,defensive,,4.0,2.0,3.0
2024-12-23,36.48417282104492,0.2122731339615814,0.2110498260069399,98.95443797142586,,XLU,公益事業,defensive,,6.0,4.0,4.0
2024-12-24,36.685646057128906,0.21184698853219355,0.2113155468486911,99.04279555232739,,XLU,公益事業,defensive,,6.0,3.0,2.0
2024-12-26,36.59930419921875,0.21100387589772923,0.21121165653170382,99.05078357411045,,XLU,公益事業,defensive,,6.0,3.0,1.0
2024-12-27,36.4937744140625,0.21183626456982374,0.21141985921107714,99.12410962183024,,XLU,公益事業,defensive,,6.0,2.0,-1.0
2024-12-30,36.34028244018555,0.21309201989159815,0.21197724610458418,99.26963778327368,,XLU,公益事業,defensive,,6.0,2.0,0.0
2024-12-31,36.306697845458984,0.21250630982500038,0.21215360067805628,99.33263179319245,,XLU,公益事業,defensive,,6.0,0.0,-4.0
2025-01-02,36.58491134643555,0.21475976949967737,0.21302232361859663,99.54699492148136,,XLU,公益事業,defensive,,6.0,0.0,-3.0
2025-01-03,36.973453521728516,0.21507105639892804,0.21370523454537377,99.7257437196274,,XLU,公益事業,defensive,,6.0,0.0,-3.0
2025-01-06,36.56092834472656,0.21281628023577992,0.21340891644217586,99.68401310592172,,XLU,公益事業,defensive,,7.0,1.0,-1.0
2025-01-07,36.469791412353516,0.21299899047384455,0.21327227445273209,99.67673270252057,,XLU,公益事業,defensive,,7.0,1.0,-1.0
2025-01-08,36.460201263427734,0.21268863169559907,0.2130777268670211,99.65356862699085,,XLU,公益事業,defensive,,6.0,0.0,0.0
2025-01-10,36.25394058227539,0.21462263554413039,0.21359269642605755,99.80039578322264,,XLU,公益事業,defensive,,6.0,0.0,0.0
2025-01-13,35.83182144165039,0.21039921365757908,0.21252820216989807,99.5548778429995,,XLU,公益事業,defensive,,5.0,-1.0,-1.0
2025-01-14,36.301902770996094,0.21145252151382377,0.21216964195120666,99.48424256541223,,XLU,公益事業,defensive,,4.0,-3.0,-4.0
2025-01-15,36.83434295654297,0.21251421214222047,0.2122844986815446,99.53129105835522,,XLU,公益事業,defensive,,4.0,-3.0,-4.0
2025-01-16,37.764915466308594,0.21618059632357997,0.2135831978955564,99.87408439735947,,XLU,公益事業,defensive,,5.0,-1.0,-1.0
2025-01-17,37.81767654418945,0.21543657948060752,0.2142009917572401,100.05075287196571,,XLU,公益事業,defensive,,5.0,-1.0,-1.0
2025-01-21,38.39809036254883,0.21623287744212397,0.21487828698553474,100.24667885999082,,XLU,公益事業,defensive,,6.0,1.0,2.0
2025-01-22,37.5682487487793,0.21230576041287164,0.2140207781279804,100.0478147869587,,XLU,公益事業,defensive,,5.0,1.0,4.0
2025-01-23,37.745731353759766,0.21230272753222726,0.2134480945960627,99.92296851521915,,XLU,公益事業,defensive,,5.0,1.0,4.0
2025-01-24,38.12946701049805,0.21464943294077687,0.21384854071096743,100.06477262732939,,XLU,公益事業,defensive,,5.0,0.0,1.0
2025-01-27,37.24686813354492,0.20954283123309275,0.21241330421834254,99.68913383393182,,XLU,公益事業,defensive,,4.0,-1.0,0.0
2025-01-28,36.733612060546875,0.2076806256056051,0.21083574468076338,99.2340516979567,,XLU,公益事業,defensive,,3.0,-3.0,-4.0
2025-01-29,36.810359954833984,0.20880512913370589,0.21015887283174423,99.0261128876141,,XLU,公益事業,defensive,,3.0,-2.0,-3.0
2025-01-30,37.57783889770508,0.2109073524816136,0.21040836604836738,99.11097112659758,,XLU,公益事業,defensive,,3.0,-2.0,-3.0
2025-01-31,37.3571891784668,0.2114042180492608,0.2107403167153319,99.24185149186873,,XLU,公益事業,defensive,,3.0,-2.0,-2.0
2025-02-03,37.558658599853516,0.2137117258287779,0.2117307864198139,99.64164477228269,,XLU,公益事業,defensive,,6.0,2.0,3.0
2025-02-04,37.22767639160156,0.21157017526287872,0.21167724936750218,99.64736983874408,,XLU,公益事業,defensive,,5.0,2.0,5.0
2025-02-05,37.60182571411133,0.2126595233416705,0.2120046740255583,99.82405689224399,,XLU,公益事業,defensive,,7.0,4.0,6.0
2025-02-06,37.558658599853516,0.2126969013900487,0.21223541648038846,99.96636861591014,,XLU,公益事業,defensive,,7.0,4.0,6.0
2025-02-07,37.481910705566406,0.2133105278944159,0.21259378695173095,100.17475417674974,,XLU,公益事業,defensive,,7.0,4.0,6.0
2025-02-10,37.88963317871094,0.2150223990415181,0.21340332431499337,100.57960135360973,101.08868878879746,XLU,公益事業,defensive,Leading,8.0,2.0,0.0
2025-02-11,38.08150100708008,0.2160873290191644,0.21429799254971704,100.99700118844062,101.59615601652135,XLU,公益事業,defensive,Leading,8.0,3.0,1.0
2025-02-12,38.014347076416016,0.21696664770439195,0.21518754426794204,101.38690625506406,101.87251675686588,XLU,公益事業,defensive,Leading,8.0,1.0,-3.0
2025-02-13,38.10068893432617,0.21558792698439588,0.21532100517342667,101.40052345690239,101.68743041736246,XLU,公益事業,defensive,Leading,8.0,1.0,-3.0
2025-02-14,37.94239807128906,0.21490565851838958,0.21518255628841432,101.28948856312508,101.24139664621774,XLU,公益事業,defensive,Leading,8.0,1.0,-3.0
2025-02-18,38.297359466552734,0.21526374111289173,0.21520961789657347,101.26175615459903,100.61165972514223,XLU,公益事業,defensive,Leading,9.0,1.0,-1.0
2025-02-19,38.49882125854492,0.21595822662280953,0.21545915413865216,101.33782567757376,100.117978724694,XLU,公益事業,defensive,Leading,9.0,1.0,-2.0
2025-02-20,38.494022369384766,0.21647593029300408,0.21579807952343616,101.44571438384897,99.72403660718784,XLU,公益事業,defensive,Weakening,9.0,1.0,0.0
2025-02-21,38.50361633300781,0.2196125104056835,0.2170695564841853,101.94979382435804,100.42492014730873,XLU,公益事業,defensive,Leading,11.0,3.0,2.0
2025-02-24,38.31174850463867,0.2183360218092646,0.2174917115925451,102.05297035144798,100.74707096839434,XLU,公益事業,defensive,Leading,11.0,3.0,2.0
2025-02-25,38.11988067626953,0.21702553017708578,0.21733631778739199,101.92410905708311,100.6342298364202,XLU,公益事業,defensive,Leading,9.0,0.0,-1.0
2025-02-26,38.27817153930664,0.21838735114483682,0.21768666223987362,102.02466902036802,100.7139429159612,XLU,公益事業,defensive,Leading,11.0,2.0,1.0
2025-02-27,37.42914581298828,0.21542484148033653,0.2169327219866946,101.67561653333898,100.04197363983039,XLU,公益事業,defensive,Leading,8.0,-1.0,-2.0
2025-02-28,37.999961853027344,0.21630678153389898,0.2167240751690961,101.55354097356614,99.10519598040192,XLU,公益事業,defensive,Weakening,7.0,-4.0,-7.0
2025-03-03,38.05272674560547,0.2189401650542903,0.21746277179749418,101.8129212726317,99.35798703955757,XLU,公益事業,defensive,Weakening,8.0,-3.0,-6.0
2025-03-04,37.43394470214844,0.2189167823519559,0.21794744198231478,101.95814216742485,99.7786479252583,XLU,公益事業,defensive,Weakening,8.0,-1.0,-1.0
2025-03-05,37.17011642456055,0.2153722304313641,0.2170890381319979,101.59736211156596,99.08923238928793,XLU,公益事業,defensive,Weakening,8.0,-3.0,-5.0
2025-03-06,36.3978385925293,0.21325885506549164,0.2158123104431625,101.08204990541036,98.85006589117685,XLU,公益事業,defensive,Weakening,8.0,0.0,1.0
2025-03-07,37.07418441772461,0.21520538407222742,0.21561000165285082,100.98362736557615,98.89167694780902,XLU,公益事業,defensive,Weakening,7.0,0.0,4.0
2025-03-10,37.481910705566406,0.22068210527904522,0.21730070286158232,101.58188459467334,99.37814967282668,XLU,公益事業,defensive,Weakening,8.0,0.0,3.0
2025-03-11,37.131744384765625,0.22157132365380452,0.21872424312565641,102.01928648699794,99.79683119189698,XLU,公益事業,defensive,Weakening,8.0,0.0,1.0
2025-03-12,37.016624450683594,0.22193024449984444,0.21979291025038578,102.26930948885115,100.72502486458507,XLU,公益事業,defensive,Leading,11.0,3.0,6.0
2025-03-13,37.107765197753906,0.2246301477820136,0.2214053227609284,102.63182235159715,102.0511160372133,XLU,公益事業,defensive,Leading,11.0,3.0,3.0
2025-03-14,37.83207321166992,0.2247304512886211,0.22251369893682596,102.77250193384903,102.30787795714033,XLU,公益事業,defensive,Leading,11.0,4.0,4.0
2025-03-17,37.99036407470703,0.22266589694217856,0.22256443160527684,102.60820739718609,101.09574531889801,XLU,公益事業,defensive,Leading,11.0,3.0,3.0
2025-03-18,37.72654342651367,0.22227553104094075,0.22246813141716482,102.43676630840758,100.11815811148304,XLU,公益事業,defensive,Leading,11.0,3.0,3.0
2025-03-19,37.86565017700195,0.2214540786982134,0.22213011384418102,102.22710031732382,99.36453436626167,XLU,公益事業,defensive,Weakening,11.0,0.0,-3.0
2025-03-20,38.01914978027344,0.22328125606286445,0.22251382791707552,102.23204380482164,98.79623270591475,XLU,公益事業,defensive,Weakening,10.0,-1.0,-4.0
2025-03-21,37.774505615234375,0.22286538195964245,0.2226310125979312,102.16893410203257,98.5077412693917,XLU,公益事業,defensive,Weakening,10.0,-1.0,-5.0
2025-03-24,37.76243209838867,0.21939434877531208,0.22155212465705815,101.80522260328362,98.26506879428968,XLU,公益事業,defensive,Weakening,10.0,-1.0,-4.0
2025-03-25,37.1585807800293,0.21640336761877138,0.21983587231096258,101.29216104676543,97.86162459492627,XLU,公益事業,defensive,Weakening,10.0,-1.0,-4.0
2025-03-26,37.40495681762695,0.2182491563156468,0.21930696697919067,101.11113256547276,98.0088918360926,XLU,公益事業,defensive,Weakening,9.0,-2.0,-2.0
2025-03-27,37.395294189453125,0.21875546166085905,0.21912313187308013,101.02734973198066,97.98588469917806,XLU,公益事業,defensive,Weakening,9.0,-1.0,0.0
2025-03-28,37.670650482177734,0.22381668433453308,0.2206876493602311,101.41432583958061,98.66468669974827,XLU,公益事業,defensive,Weakening,10.0,0.0,1.0
2025-03-31,38.09092712402344,0.22444553435720196,0.22194027769255475,101.69440960922263,99.57732802450609,XLU,公益事業,defensive,Weakening,10.0,0.0,1.0
2025-04-01,38.18754959106445,0.22478130014033004,0.22288728517514655,101.87058559539226,100.5373177296414,XLU,公益事業,defensive,Leading,10.0,0.0,1.0
2025-04-02,38.36628341674805,0.22396070116919728,0.2232450905064968,101.8800359190112,100.79342952266677,XLU,公益事業,defensive,Leading,10.0,1.0,3.0
2025-04-03,38.12474060058594,0.23368288361492642,0.22672435487597337,102.60411702007511,101.8368376041762,XLU,公益事業,defensive,Leading,11.0,2.0,3.0
2025-04-04,36.00402069091797,0.23381170957384023,0.229086806441929,102.9224833988137,101.68422975830136,XLU,公益事業,defensive,Leading,11.0,1.0,1.0
2025-04-07,35.45330810546875,0.23217035053359447,0.23011465447248416,102.8926196232292,101.25122739938185,XLU,公益事業,defensive,Leading,11.0,1.0,1.0
2025-04-08,35.308380126953125,0.2356664032614046,0.23196523740212432,102.99876989646854,101.13731191655226,XLU,公益事業,defensive,Leading,11.0,1.0,1.0
2025-04-09,36.699649810791016,0.2268138401290147,0.23024810497775447,102.47515987406489,100.44267119798778,XLU,公益事業,defensive,Leading,11.0,1.0,0.0
2025-04-10,36.42429733276367,0.23295434584121688,0.2311501852655753,102.47473487761684,99.51590423718433,XLU,公益事業,defensive,Weakening,11.0,0.0,-2.0
2025-04-11,36.86873245239258,0.23227479365457787,0.23152505472857615,102.3838273485314,99.01185582797952,XLU,公益事業,defensive,Weakening,11.0,0.0,-1.0
2025-04-14,37.53055191040039,0.23346157920344834,0.2321705628868669,102.34771916843523,99.01716154644099,XLU,公益事業,defensive,Weakening,11.0,0.0,-1.0
2025-04-15,37.525718688964844,0.23418791364982772,0.23284301314118722,102.31833975394042,98.8637737251809,XLU,公益事業,defensive,Weakening,11.0,0.0,-1.0
2025-04-16,37.18756866455078,0.23509606178745873,0.23359402935661105,102.30034405739825,99.5028626507491,XLU,公益事業,defensive,Weakening,11.0,0.0,-1.0
2025-04-17,37.5692024230957,0.23575652093813684,0.23431485988378634,102.27327195346848,99.4788472085433,XLU,公益事業,defensive,Weakening,11.0,0.0,0.0
2025-04-21,36.680328369140625,0.23490089168025996,0.23451020381594423,102.17555067428322,99.4805767118156,XLU,公益事業,defensive,Weakening,11.0,0.0,0.0
2025-04-22,37.6803092956543,0.23549820492725201,0.2348395375197135,102.10516920022559,99.45579618484193,XLU,公益事業,defensive,Weakening,11.0,0.0,0.0
2025-04-23,37.8397216796875,0.23422856369968437,0.2346358795797038,101.97552211611878,99.34890212937923,XLU,公益事業,defensive,Weakening,11.0,0.0,0.0
2025-04-24,37.8976936340332,0.23068436817907398,0.2333187091128272,101.72040243413375,99.07656176869281,XLU,公益事業,defensive,Weakening,11.0,0.0,0.0
2025-04-25,37.78175735473633,0.23030827755062253,0.23231523192542564,101.52578468219549,98.89730559049809,XLU,公益事業,defensive,Weakening,11.0,0.0,0.0
2025-04-28,38.01363754272461,0.23107318926430445,0.2319012177050519,101.42036305711989,98.90292742225336,XLU,公益事業,defensive,Weakening,10.0,-1.0,-1.0
2025-04-29,38.30831527709961,0.2315133000276277,0.2317719118125772,101.35958391196759,98.90222306902393,XLU,公益事業,defensive,Weakening,10.0,-1.0,-1.0
2025-04-30,38.115081787109375,0.23001866459685383,0.23118749607400274,101.24534590386389,98.90750391190674,XLU,公益事業,defensive,Weakening,10.0,-1.0,-1.0
2025-05-01,38.22618865966797,0.23100327704507337,0.2311260897310263,101.20228263342334,99.1604248612852,XLU,公益事業,defensive,Weakening,9.0,-2.0,-2.0
2025-05-02,38.52570343017578,0.22877708369577823,0.23034308771927695,101.0661364094135,99.22065661979624,XLU,公益事業,defensive,Weakening,9.0,-2.0,-2.0
2025-05-05,38.42908477783203,0.228962596059498,0.229882923832684,100.9741432342744,99.2486450055491,XLU,公益事業,defensive,Weakening,8.0,-2.0,-1.0
2025-05-06,38.89767074584961,0.23348526711426904,0.2310837049265457,101.10699998966423,99.50556689716666,XLU,公益事業,defensive,Weakening,9.0,-1.0,0.0
2025-05-07,39.008785247802734,0.23262016088907556,0.23159585691405568,101.14502818056623,99.71298564148356,XLU,公益事業,defensive,Weakening,9.0,-1.0,0.0
2025-05-08,38.69478225708008,0.228822616675881,0.2306714435013308,100.98695926479122,99.58719272716563,XLU,公益事業,defensive,Weakening,9.0,0.0,2.0
2025-05-09,38.76240539550781,0.22927565610271647,0.23020618103512602,100.89401351312374,99.66145084236236,XLU,公益事業,defensive,Weakening,9.0,0.0,2.0
2025-05-12,38.53053283691406,0.22182413173301835,0.22741216460109015,100.46897942619839,99.26148588491607,XLU,公益事業,defensive,Weakening,8.0,0.0,2.0
2025-05-13,38.477386474609375,0.2210195658955251,0.2252812983659018,100.1344261123233,98.69759247138613,XLU,公益事業,defensive,Weakening,7.0,-2.0,-1.0
2025-05-14,38.30831527709961,0.2213813978601103,0.22398133153063798,99.91914544720869,98.40785184514128,XLU,公益事業,defensive,Lagging,6.0,-3.0,-2.0
2025-05-15,39.124717712402344,0.22405702935399163,0.22400656413842254,99.9005614173437,98.62325478421823,XLU,公益事業,defensive,Lagging,6.0,-3.0,-3.0
2025-05-16,39.699588775634766,0.22513871102650443,0.22438394643444987,99.93492136919284,98.82618768851464,XLU,公益事業,defensive,Lagging,6.0,-3.0,-3.0
2025-05-19,39.86866760253906,0.2261226717309382,0.22496352153327934,100.00127301329903,99.50652597823806,XLU,公益事業,defensive,Weakening,6.0,-2.0,-2.0
2025-05-20,39.9846076965332,0.2273740802192983,0.22576704109528567,100.10506246330065,100.10674999739345,XLU,公益事業,defensive,Leading,6.0,-1.0,1.0
2025-05-21,39.25515365600586,0.22819676509530973,0.22657694909529372,100.2125918254501,100.53785349080243,XLU,公益事業,defensive,Leading,6.0,0.0,3.0
2025-05-22,38.69478225708008,0.22565890115319215,0.2262709331145932,100.14001145012014,100.4736863277544,XLU,公益事業,defensive,Leading,6.0,0.0,3.0
2025-05-23,39.158538818359375,0.22928037795658288,0.22727408139525646,100.28624854665979,100.63976954044978,XLU,公益事業,defensive,Leading,6.0,0.0,3.0
2025-05-27,39.45321273803711,0.22677796122365101,0.22710870800472133,100.23545512625216,100.49230740154528,XLU,公益事業,defensive,Leading,6.0,0.0,2.0
2025-05-28,38.902503967285156,0.22553018088841845,0.22658253229928704,100.12202704447193,100.20941922157996,XLU,公益事業,defensive,Leading,6.0,0.0,1.0
2025-05-29,39.17302703857422,0.2265452392287603,0.22657010127577815,100.09490855460297,100.02957312762815,XLU,公益事業,defensive,Leading,6.0,0.0,0.0
2025-05-30,39.57398223876953,0.22895487845712734,0.22736502700289457,100.21200184547652,100.28412182038244,XLU,公益事業,defensive,Leading,6.0,0.0,0.0
2025-06-02,39.699588775634766,0.22949943541467627,0.2280764964734885,100.31817845062753,100.22209153616284,XLU,公益事業,defensive,Leading,6.0,0.0,0.0
2025-06-03,39.80586624145508,0.2282139044833977,0.22812229914345825,100.30252830411374,100.27038349908467,XLU,公益事業,defensive,Leading,6.0,0.0,0.0
2025-06-04,39.1102294921875,0.22473056037444922,0.22699171955378858,100.05792335588484,100.0793032058331,XLU,公益事業,defensive,Leading,6.0,0.0,0.0
2025-06-05,39.047428131103516,0.22497760345051923,0.22632034751936547,99.88900492699425,99.87200873628159,XLU,公益事業,defensive,Lagging,5.0,-1.0,-1.0
2025-06-06,39.22134017944336,0.22404474096537605,0.22556181200136902,99.68822015701562,99.42465394302579,XLU,公益事業,defensive,Lagging,5.0,-1.0,-1.0
2025-06-09,38.97013473510742,0.2225723723885982,0.2245653321304454,99.4317972988553,98.93989302905933,XLU,公益事業,defensive,Lagging,5.0,-1.0,-1.0
2025-06-10,39.061920166015625,0.22199113218979033,0.2237072654835604,99.20594003696698,98.6910772836688,XLU,公益事業,defensive,Lagging,5.0,-1.0,-1.0
2025-06-11,39.08607864379883,0.2227609442044783,0.2233918250571997,99.10648490321962,98.92477403204656,XLU,公益事業,defensive,Lagging,4.0,-2.0,-2.0
2025-06-12,39.55949401855469,0.22493157452214954,0.22390507487884964,99.2076118543868,99.31477742837872,XLU,公益事業,defensive,Lagging,5.0,0.0,1.0
2025-06-13,39.33244705200195,0.22637699674506764,0.22472904883425565,99.38661532313142,99.900511196598,XLU,公益事業,defensive,Lagging,5.0,0.0,1.0
2025-06-16,39.13920593261719,0.2231135361948974,0.22419054462113625,99.25014024240706,100.11877582276577,XLU,公益事業,defensive,Improving,5.0,0.0,1.0
2025-06-17,38.815547943115234,0.2234146314687019,0.22393190690365816,99.17923003843035,100.37984879972427,XLU,公益事業,defensive,Improving,5.0,0.0,1.0
2025-06-18,38.9169921875,0.22397322786201299,0.22394568055644312,99.1696787549,100.52087607164813,XLU,公益事業,defensive,Improving,5.0,1.0,3.0
2025-06-20,39.023277282714844,0.22421830478398175,0.224036555298956,99.1808119261621,100.36681744812405,XLU,公益事業,defensive,Improving,5.0,0.0,0.0
2025-06-23,39.517974853515625,0.22507366809722737,0.22438225956504648,99.25227476405104,100.18297522139585,XLU,公益事業,defensive,Improving,5.0,0.0,0.0
2025-06-24,39.688228607177734,0.2239231853645413,0.22422923483154478,99.19565587450502,100.2938583408492,XLU,公益事業,defensive,Improving,5.0,0.0,0.0
2025-06-25,39.15801239013672,0.2225372491072528,0.22366523959011414,99.02180224927969,100.10408678718652,XLU,公益事業,defensive,Improving,5.0,0.0,0.0
2025-06-26,39.483924865722656,0.22270867794219548,0.2233463857074746,98.89759135546889,99.89155559145793,XLU,公益事業,defensive,Lagging,4.0,-1.0,-2.0
2025-06-27,39.56175994873047,0.22233352487699373,0.22300876543064765,98.76096814503188,99.6148372949709,XLU,公益事業,defensive,Lagging,4.0,-1.0,-1.0
2025-06-30,39.72228240966797,0.22219158561146954,0.2227363721575883,98.66194005676553,99.31594443218863,XLU,公益事業,defensive,Lagging,4.0,-1.0,-1.0
2025-07-01,39.858482360839844,0.2203706886071776,0.2219478109741181,98.45093279077324,99.07435296613879,XLU,公益事業,defensive,Lagging,2.0,-3.0,-3.0
2025-07-02,39.51311492919922,0.21796331729147322,0.22061964641323648,98.13423952480397,98.86565048923714,XLU,公益事業,defensive,Lagging,1.0,-4.0,-4.0
2025-07-03,39.80983352661133,0.21854468326995286,0.21992799203214194,98.01041688991832,98.89569391442566,XLU,公益事業,defensive,Lagging,1.0,-3.0,-2.0
2025-07-07,39.89253616333008,0.22076306973803272,0.22020635126743887,98.16107686831126,99.40523034350063,XLU,公益事業,defensive,Lagging,2.0,-2.0,-1.0
2025-07-08,39.46933364868164,0.217875488830886,0.21942939712192128,98.06469774204204,99.41680853821502,XLU,公益事業,defensive,Lagging,1.0,-3.0,-2.0
2025-07-09,39.83902359008789,0.2192614040038093,0.21937339941588396,98.14067505257894,100.07723341676707,XLU,公益事業,defensive,Improving,2.0,0.0,3.0
2025-07-10,40.16493606567383,0.2197819463555722,0.2195095817291134,98.24695598666565,101.1941439888315,XLU,公益事業,defensive,Improving,2.0,1.0,5.0
2025-07-11,40.10655975341797,0.22108095373154465,0.2200333723965905,98.43208422468842,102.01321991565005,XLU,公益事業,defensive,Improving,3.0,2.0,5.0
2025-07-14,40.26708221435547,0.22173735567962694,0.2206013668242693,98.61210847926665,102.00187110608675,XLU,公益事業,defensive,Improving,4.0,2.0,4.0
2025-07-15,39.8828010559082,0.22270954007181212,0.2213040912401169,98.81110532535403,102.5440975006561,XLU,公益事業,defensive,Improving,4.0,3.0,6.0
2025-07-16,39.902259826660156,0.2219526054685345,0.22152026264958943,98.89478434045733,102.39725348116508,XLU,公益事業,defensive,Improving,4.0,2.0,2.0
2025-07-17,40.067649841308594,0.22107024706590037,0.22137025745502642,98.89319817080195,102.04543269953706,XLU,公益事業,defensive,Improving,4.0,2.0,1.0
2025-07-18,40.738929748535156,0.22485941793703149,0.22253331094902812,99.1857787570138,102.1611010854324,XLU,公益事業,defensive,Improving,5.0,2.0,0.0
2025-07-21,40.87026596069336,0.22635860439024216,0.22380840876276614,99.50915300889484,102.31656915260635,XLU,公益事業,defensive,Improving,6.0,2.0,0.0
2025-07-22,41.371299743652344,0.226249195680377,0.22462200440196978,99.73397893800242,102.23502395971187,XLU,公益事業,defensive,Improving,6.0,2.0,-1.0
2025-07-23,41.05997848510742,0.22270169022453842,0.22398189967615934,99.59962701051006,101.74250366939883,XLU,公益事業,defensive,Improving,6.0,2.0,0.0
2025-07-24,41.006465911865234,0.22312573411104927,0.223696511154456,99.549512765506,101.58871711236152,XLU,公益事業,defensive,Improving,6.0,2.0,0.0
2025-07-25,41.11347961425781,0.22263550280437247,0.22334284170442814,99.47600839703,100.88985414167252,XLU,公益事業,defensive,Improving,6.0,1.0,-1.0
2025-07-28,40.67569351196289,0.2215749779046116,0.22275355377115597,99.33042461157015,100.01618139370788,XLU,公益事業,defensive,Improving,6.0,0.0,-2.0
2025-07-29,41.142669677734375,0.2242268995006981,0.2232446690143367,99.49938685255022,99.89704447872217,XLU,公益事業,defensive,Lagging,6.0,0.0,-2.0
2025-07-30,41.44912338256836,0.2273719896693601,0.22462044256601119,99.950657614194,100.955546900671,XLU,公益事業,defensive,Improving,8.0,2.0,0.0
2025-07-31,41.67288589477539,0.2307033041035435,0.22664806307852198,100.63328589110579,102.19595029669382,XLU,公益事業,defensive,Leading,9.0,3.0,1.0
2025-08-01,41.736122131347656,0.23368770146478446,0.22899460920727616,101.43743685523539,103.36120540879173,XLU,公益事業,defensive,Leading,10.0,4.0,3.0
2025-08-04,42.47549819946289,0.23495472329873168,0.230981313904428,102.08042399433221,103.95163479490839,XLU,公益事業,defensive,Leading,11.0,5.0,5.0
2025-08-05,42.02311706542969,0.23309918408467867,0.23168727063117825,102.2608039625856,103.49370635023524,XLU,公益事業,defensive,Leading,11.0,5.0,5.0
2025-08-06,41.6485595703125,0.23153953841222008,0.2316380265581922,102.22814028568327,102.66175663655874,XLU,公益事業,defensive,Leading,11.0,3.0,1.0
2025-08-07,42.100948333740234,0.23419540668920746,0.23249048660186397,102.47115357879144,102.0285604216954,XLU,公益事業,defensive,Leading,11.0,2.0,-1.0
2025-08-08,41.920963287353516,0.23277389204511997,0.2325849550829493,102.43956176916049,101.03412915010972,XLU,公益事業,defensive,Leading,11.0,1.0,-3.0
2025-08-11,41.789634704589844,0.23268009855614283,0.2326166695740138,102.37861487908252,100.22013993080249,XLU,公益事業,defensive,Leading,11.0,0.0,-5.0
2025-08-12,41.969608306884766,0.23075012407813886,0.2319944877420555,102.09834793891675,99.68556671255267,XLU,公益事業,defensive,Weakening,10.0,-1.0,-6.0
2025-08-13,42.062034606933594,0.22800287011687248,0.23066394853366118,101.64363102453846,99.1877712302607,XLU,公益事業,defensive,Weakening,9.0,-2.0,-5.0
2025-08-14,41.77017593383789,0.22790335839497172,0.22974375182076473,101.33317305710248,98.54217700622767,XLU,公益事業,defensive,Weakening,8.0,-3.0,-5.0
2025-08-15,41.6485595703125,0.22780222365643485,0.22909657576598813,101.11562642333405,98.3421236814569,XLU,公益事業,defensive,Weakening,8.0,-3.0,-4.0
2025-08-18,41.46858215332031,0.22686664521841074,0.22835326558346236,100.88336904902727,98.18227207968708,XLU,公益事業,defensive,Weakening,8.0,-3.0,-3.0
2025-08-19,41.87232208251953,0.22800789011994296,0.2282381404289559,100.831905403417,98.48048917176202,XLU,公益事業,defensive,Weakening,8.0,-2.0,-1.0
2025-08-20,41.916099548339844,0.2284543149751608,0.2283101986110242,100.8360325482227,99.01459032872754,XLU,公益事業,defensive,Weakening,9.0,0.0,2.0
2025-08-21,41.62910461425781,0.22768357465728395,0.22810132395977747,100.76863646599168,99.30154437035792,XLU,公益事業,defensive,Weakening,9.0,1.0,4.0
2025-08-22,41.85286331176758,0.2245343371361642,0.2269123283519064,100.43784311656711,99.19661034163131,XLU,公益事業,defensive,Weakening,9.0,1.0,4.0
2025-08-25,41.38102340698242,0.22371490094234328,0.22584651921538537,100.15108816400286,99.15979016181215,XLU,公益事業,defensive,Weakening,8.0,0.0,3.0
2025-08-26,41.473445892333984,0.22405964941060771,0.22525089594712616,99.99493141274881,99.07021210177797,XLU,公益事業,defensive,Lagging,8.0,0.0,2.0
2025-08-27,41.48317337036133,0.22330523948643038,0.22460234379356092,99.8242283515262,98.90888539088937,XLU,公益事業,defensive,Lagging,8.0,-1.0,-1.0
2025-08-28,41.166988372802734,0.22170886492039035,0.2236378508358374,99.57049044189706,98.74335546993143,XLU,公益事業,defensive,Lagging,4.0,-5.0,-6.0
2025-08-29,41.01619338989258,0.22106069421800245,0.22277879862989244,99.35339829948823,98.89468983503623,XLU,公益事業,defensive,Lagging,3.0,-6.0,-7.0
2025-09-02,40.87999725341797,0.22208098547796695,0.2225461942459173,99.312264323401,99.17199097976719,XLU,公益事業,defensive,Lagging,4.0,-4.0,-4.0
2025-09-03,40.77784729003906,0.2218698668947009,0.22232075179551183,99.2741162517785,99.31099423185279,XLU,公益事業,defensive,Lagging,4.0,-4.0,-4.0
2025-09-04,40.72920227050781,0.2199804202081451,0.2215406412663896,99.08567685429006,99.30642504760785,XLU,公益事業,defensive,Lagging,4.0,-4.0,-3.0
2025-09-05,40.60272979736328,0.21904130531451693,0.22070752928243206,98.89010962215325,99.37644730631412,XLU,公益事業,defensive,Lagging,4.0,0.0,5.0
2025-09-08,40.18925857543945,0.21698347260288814,0.21946617705591742,98.59937398168265,99.30563490785552,XLU,公益事業,defensive,Lagging,2.0,-1.0,5.0
2025-09-09,40.46652603149414,0.21915551454537746,0.21936262288573743,98.61596743812866,99.36058156400287,XLU,公益事業,defensive,Lagging,3.0,-1.0,3.0
2025-09-10,41.16212844848633,0.22314858151487507,0.22062460909544998,98.97203704935029,99.7529916251904,XLU,公益事業,defensive,Lagging,4.0,0.0,4.0
2025-09-11,41.38102340698242,0.22102322150441692,0.22075747989843897,99.02492160065046,99.98985484825457,XLU,公益事業,defensive,Lagging,3.0,-1.0,3.0
2025-09-12,41.590187072753906,0.22375093839953472,0.22175529939880423,99.29702433218361,100.46375054125369,XLU,公益事業,defensive,Improving,4.0,0.0,0.0
2025-09-15,41.687477111816406,0.22466672477893354,0.222725774525514,99.55833266128465,101.01554142224137,XLU,公益事業,defensive,Improving,5.0,3.0,4.0
2025-09-16,40.92864227294922,0.22116335757091135,0.2222049688739798,99.43278641434554,100.84581796293539,XLU,公益事業,defensive,Improving,5.0,2.0,3.0
2025-09-17,41.030792236328125,0.22150340769214105,0.22197111514670023,99.38215917172735,100.41584427958978,XLU,公益事業,defensive,Improving,5.0,1.0,1.0
2025-09-18,41.05997848510742,0.220222525755921,0.22138825201644052,99.24563500205817,100.21682837977019,XLU,公益事業,defensive,Improving,5.0,2.0,3.0
2025-09-19,41.32265090942383,0.22201789738297054,0.22159813380528387,99.31216875966183,100.00311691317819,XLU,公益事業,defensive,Improving,5.0,1.0,1.0
2025-09-22,41.72323226928711,0.2240630993114484,0.22241978897400538,99.53132608427724,99.95766434967668,XLU,公益事業,defensive,Lagging,5.0,0.0,-3.0
2025-09-23,41.93870544433594,0.22494571952110906,0.22326176582303994,99.75053199735454,100.30862956029765,XLU,公益事業,defensive,Improving,5.0,0.0,-2.0
2025-09-24,42.2374267578125,0.2270774441096798,0.22453365858525323,100.0718683387353,100.67756280005928,XLU,公益事業,defensive,Leading,6.0,1.0,0.0
2025-09-25,41.83096694946289,0.22675911475221083,0.22527547730757244,100.2535136298667,100.97801011446887,XLU,公益事業,defensive,Leading,6.0,1.0,-1.0
2025-09-26,42.511661529541016,0.22818818510141559,0.22624637990552016,100.48784216215891,101.11465728034368,XLU,公益事業,defensive,Leading,6.0,1.0,0.0
2025-09-29,42.634090423583984,0.22808332774159062,0.22685869585087698,100.62620755218623,101.00088148100929,XLU,公益事業,defensive,Leading,6.0,1.0,1.0
2025-09-30,42.707550048828125,0.22787411113951628,0.22719716761375675,100.69068807670749,100.81776981631872,XLU,公益事業,defensive,Leading,7.0,2.0,2.0
2025-10-01,43.11890411376953,0.22954864825500282,0.22798099449417214,100.86202260022345,100.64243475343758,XLU,公益事業,defensive,Leading,6.0,0.0,-1.0
2025-10-02,43.040550231933594,0.22859049964273434,0.22818416287702623,100.88509041478072,100.45999764944312,XLU,公益事業,defensive,Leading,7.0,1.0,0.0
2025-10-03,43.54005813598633,0.23043328001535016,0.2289338685898009,101.0439649271305,100.36532862297591,XLU,公益事業,defensive,Leading,9.0,3.0,2.0
2025-10-06,43.96120071411133,0.23273518984045063,0.23020097567335082,101.32764390085127,100.4955240915994,XLU,公益事業,defensive,Leading,9.0,3.0,2.0
2025-10-07,44.161983489990234,0.23482987287444543,0.23174394140704904,101.66487741988904,100.75471069572332,XLU,公益事業,defensive,Leading,9.0,2.0,0.0
2025-10-08,44.465606689453125,0.23567675004118543,0.23305487761842786,101.9196982417466,100.82089490846838,XLU,公益事業,defensive,Leading,9.0,3.0,3.0
2025-10-09,44.35297393798828,0.23704094627298103,0.2343835671699456,102.14625901666653,101.00771163732216,XLU,公益事業,defensive,Leading,9.0,2.0,1.0
2025-10-10,44.171775817871094,0.2415178379240643,0.23676165742131852,102.55555617843827,101.23017559056356,XLU,公益事業,defensive,Leading,10.0,1.0,-2.0
2025-10-13,44.50967788696289,0.24102181253553995,0.23818170912605902,102.68205128091469,101.05461187118212,XLU,公益事業,defensive,Leading,10.0,1.0,-2.0
2025-10-14,44.90633773803711,0.2411698943041595,0.23917777085209252,102.69251589504773,100.72243107158276,XLU,公益事業,defensive,Leading,11.0,2.0,0.0
2025-10-15,45.493995666503906,0.24383426926664348,0.24072993699027617,102.78875417966823,100.5602187231964,XLU,公益事業,defensive,Leading,11.0,2.0,-1.0
2025-10-16,44.999385833740234,0.24349122377823595,0.2416503659195961,102.74309070682051,100.29253902974277,XLU,公益事業,defensive,Leading,11.0,2.0,0.0
2025-10-17,44.842681884765625,0.2414172627049222,0.24157266484803813,102.53812987201091,99.6955663407949,XLU,公益事業,defensive,Weakening,11.0,1.0,0.0
2025-10-20,44.8279914855957,0.23894881536470342,0.24069804835359324,102.24227122373614,99.2968279330644,XLU,公益事業,defensive,Weakening,11.0,1.0,0.0
2025-10-21,44.372562408447266,0.23544250151321183,0.23894619940679945,101.8525996450213,98.93131005501394,XLU,公益事業,defensive,Weakening,10.0,-1.0,-3.0
2025-10-22,44.269718170166016,0.23603516746824102,0.23797585542727998,101.62283283333988,98.65630757964728,XLU,公益事業,defensive,Weakening,10.0,-1.0,-3.0
2025-10-23,44.235443115234375,0.2347395343029808,0.23689708171918025,101.39461533611154,98.53041759306853,XLU,公益事業,defensive,Weakening,9.0,-2.0,-4.0
2025-10-24,44.75453186035156,0.2368484570501999,0.2368808734961868,101.34434024768082,98.71050833690657,XLU,公益事業,defensive,Weakening,9.0,-2.0,-3.0
2025-10-27,44.87696075439453,0.23644556228906422,0.2367357697604793,101.27678996019017,98.94565430091497,XLU,公益事業,defensive,Weakening,9.0,-2.0,-3.0
2025-10-28,44.13749694824219,0.23456411998000615,0.2360118865003216,101.12437842264754,99.18831582928408,XLU,公益事業,defensive,Weakening,9.0,-1.0,0.0
2025-10-29,44.122806549072266,0.23713807242258328,0.23638728180774218,101.14808367986672,99.44563882308933,XLU,公益事業,defensive,Weakening,9.0,-1.0,0.0
2025-10-30,43.93672180175781,0.23715795938715956,0.23664417433421467,101.1564979966839,99.6924694457421,XLU,公益事業,defensive,Weakening,8.0,-1.0,1.0
2025-10-31,43.63309860229492,0.23500527244586344,0.23609787370476426,101.04996656629196,99.66676688369262,XLU,公益事業,defensive,Weakening,8.0,-1.0,1.0
2025-11-03,43.65758514404297,0.23571412153357588,0.23596995631436815,101.01229903698903,99.72833811252923,XLU,公益事業,defensive,Weakening,7.0,-2.0,0.0
2025-11-04,43.500877380371094,0.23643188958348157,0.2361239340707393,101.01725647291268,99.93662948824225,XLU,公益事業,defensive,Weakening,7.0,-2.0,-1.0
2025-11-05,43.51066970825195,0.23510901736169598,0.23578562850105822,100.95246564720887,99.86720989103291,XLU,公益事業,defensive,Weakening,7.0,-2.0,-1.0
2025-11-06,43.31968307495117,0.2357382059226863,0.23576982097493426,100.93732427027324,99.86035030341777,XLU,公益事業,defensive,Weakening,7.0,-1.0,0.0
2025-11-07,43.922027587890625,0.23702808155552432,0.2361892411684643,100.98562062220982,100.05406110105949,XLU,公益事業,defensive,Leading,7.0,-1.0,0.0
2025-11-10,43.90734100341797,0.23559225076117893,0.23599024436603586,100.94055663656519,100.0433879787192,XLU,公益事業,defensive,Leading,6.0,-1.0,1.0
2025-11-11,43.93182373046875,0.23436939589509465,0.23544996154238879,100.84431711511633,99.91302122159588,XLU,公益事業,defensive,Weakening,6.0,-1.0,1.0
2025-11-12,44.03466033935547,0.23436218013868668,0.23508736774115477,100.77448476805594,99.8870002359235,XLU,公益事業,defensive,Weakening,7.0,0.0,2.0
2025-11-13,43.42742156982422,0.23377310945905408,0.23464928164712123,100.69454557465197,99.78236094647424,XLU,公益事業,defensive,Weakening,8.0,1.0,2.0
2025-11-14,43.46659851074219,0.23484580424238666,0.2347147891788764,100.68697600858485,99.68057406887631,XLU,公益事業,defensive,Weakening,8.0,1.0,2.0
2025-11-17,43.85836410522461,0.24011548977456826,0.23651502271077368,100.92410849378477,100.01760938612034,XLU,公益事業,defensive,Leading,9.0,3.0,4.0
2025-11-18,43.69186019897461,0.23906166250056354,0.23736390264070364,101.01801868853187,100.24824833351288,XLU,公益事業,defensive,Leading,9.0,3.0,4.0
2025-11-19,43.324581146240234,0.23777187122975346,0.23749989217038692,101.00842633785894,100.31215572994675,XLU,公益事業,defensive,Leading,9.0,2.0,2.0
2025-11-20,43.104209899902344,0.23948409413311433,0.23816129282462942,101.06929892668597,100.47886172229563,XLU,公益事業,defensive,Leading,9.0,1.0,0.0
2025-11-21,43.167877197265625,0.23521562090131137,0.23717940218352343,100.90223788432787,100.24840249010587,XLU,公益事業,defensive,Leading,9.0,1.0,0.0
2025-11-24,43.65758514404297,0.23690198909858387,0.23708693115521023,100.86173980496244,99.8578837250768,XLU,公益事業,defensive,Weakening,9.0,0.0,-3.0
2025-11-25,43.49108123779297,0.23269264508493856,0.23562216913178635,100.6328369083974,99.39809497522462,XLU,公益事業,defensive,Weakening,9.0,0.0,-3.0
2025-11-26,44.068939208984375,0.23415061822741431,0.23513165216366236,100.54143196836853,99.25461201028104,XLU,公益事業,defensive,Weakening,9.0,0.0,-2.0
2025-11-28,44.382354736328125,0.23454770185922696,0.2349370020621839,100.4912897637578,99.07397075721684,XLU,公益事業,defensive,Weakening,10.0,1.0,0.0
2025-12-01,43.34416580200195,0.2306386855802189,0.23350422990152891,100.26369088627408,98.97773722793269,XLU,公益事業,defensive,Weakening,9.0,0.0,-1.0
2025-12-02,43.0356559753418,0.22921398131575746,0.2320741470396051,100.03321851483776,98.71197523614602,XLU,公益事業,defensive,Weakening,8.0,-1.0,-1.0
2025-12-03,42.898529052734375,0.2267534773219745,0.23030059046706158,99.74533953030425,98.63703208521129,XLU,公益事業,defensive,Lagging,7.0,-2.0,-2.0
2025-12-04,42.810386657714844,0.2262166895131194,0.22893929014908088,99.50944274307234,98.45580430081672,XLU,公益事業,defensive,Lagging,7.0,-2.0,-2.0
2025-12-05,42.4088249206543,0.2235695590692643,0.22714937978914201,99.1931320888613,98.12848245215,XLU,公益事業,defensive,Lagging,3.0,-7.0,-8.0
2025-12-08,41.840763092041016,0.2219039713394146,0.22540091030589957,98.87324884291527,98.06105671946317,XLU,公益事業,defensive,Lagging,2.0,-7.0,-7.0
2025-12-09,41.87014389038086,0.22247947295749138,0.2244270978564302,98.68412868223265,98.18685489580858,XLU,公益事業,defensive,Lagging,2.0,-6.0,-5.0
2025-12-10,41.850555419921875,0.21929021658794434,0.22271480410026825,98.38137293391765,98.24068495001404,XLU,公益事業,defensive,Lagging,2.0,-5.0,-3.0
2025-12-11,42.1541748046875,0.21911161564812398,0.22151374128288684,98.18399688512037,98.3591637150988,XLU,公益事業,defensive,Lagging,2.0,-5.0,-3.0
2025-12-12,41.94850158691406,0.21953064148463994,0.22085270801680454,98.09577573611817,98.68893921444644,XLU,公益事業,defensive,Lagging,2.0,-1.0,6.0
2025-12-15,42.33047103881836,0.22125508799735083,0.22098683467698665,98.13184112271885,99.16282326817704,XLU,公益事業,defensive,Lagging,2.0,0.0,7.0
2025-12-16,42.1541748046875,0.2218919662417095,0.22128854519856095,98.18886190637653,99.49025771511674,XLU,公益事業,defensive,Lagging,2.0,0.0,6.0
2025-12-17,41.87993621826172,0.2210461763024311,0.22120775556651767,98.1776890663615,99.86597123578615,XLU,公益事業,defensive,Lagging,2.0,0.0,5.0
2025-12-18,42.29129409790039,0.22274117120806688,0.22171889411370077,98.25991343370399,100.21737782071965,XLU,公益事業,defensive,Improving,2.0,0.0,5.0
2025-12-19,41.75261688232422,0.21910594062030142,0.220847909615901,98.13510886499951,100.16988646049319,XLU,公益事業,defensive,Improving,2.0,0.0,1.0
2025-12-22,41.907535552978516,0.21830083960447477,0.21999888627875896,98.03461613409063,100.00602657804441,XLU,公益事業,defensive,Improving,2.0,0.0,0.0
2025-12-23,42.055545806884766,0.21958238868062732,0.21986005374604842,98.06149775885042,99.9841998544717,XLU,公益事業,defensive,Lagging,2.0,0.0,0.0
2025-12-24,42.24303436279297,0.21976461770281777,0.21982824173163823,98.10902265942389,100.08214708621644,XLU,公益事業,defensive,Improving,2.0,0.0,0.0
2025-12-26,42.21342849731445,0.21955393596070646,0.21973680647466098,98.15205686751523,100.05916855508563,XLU,公益事業,defensive,Improving,2.0,0.0,0.0
2025-12-29,42.2923698425293,0.22032823163968995,0.21993394819633733,98.23603874244907,100.36520566795936,XLU,公益事業,defensive,Improving,2.0,0.0,0.0
2025-12-30,42.39104461669922,0.22119663600537343,0.22035484413268272,98.34570134380989,100.67406750747887,XLU,公益事業,defensive,Improving,1.0,-1.0,-1.0
2025-12-31,42.1246223449707,0.22169976100060929,0.22080314975532492,98.45417427803073,100.80275155848116,XLU,公益事業,defensive,Improving,1.0,-1.0,-1.0
2026-01-02,42.608131408691406,0.22273286388492922,0.22144638779852635,98.58172542631206,100.92093684633014,XLU,公益事業,defensive,Improving,2.0,0.0,0.0
2026-01-05,42.134490966796875,0.2182314700204644,0.22037474853917238,98.47875404359306,100.72550883053378,XLU,公益事業,defensive,Improving,3.0,1.0,1.0
2026-01-06,42.341705322265625,0.21668863560404686,0.2191460442274639,98.37032902830283,100.47356537147003,XLU,公益事業,defensive,Improving,3.0,1.0,1.0
2026-01-07,41.31547927856445,0.21383567470646522,0.2173759210537977,98.21181404474835,100.12097934238639,XLU,公益事業,defensive,Improving,2.0,1.0,2.0
2026-01-08,41.433895111083984,0.2126256317312431,0.21579249127961286,98.09838259976988,99.82661300627534,XLU,公益事業,defensive,Lagging,2.0,1.0,2.0
2026-01-09,41.94700241088867,0.21401686793492516,0.21520061683138364,98.11586936032785,99.69039892642081,XLU,公益事業,defensive,Lagging,2.0,0.0,0.0
2026-01-12,42.016082763671875,0.214174221244329,0.2148584849690321,98.16040371562399,99.9630086303775,XLU,公益事業,defensive,Lagging,3.0,0.0,-1.0
2026-01-13,42.28250503540039,0.21553229126933707,0.21508308706913376,98.26247544798456,100.37602629555398,XLU,公益事業,defensive,Improving,2.0,-1.0,-2.0
2026-01-14,42.598262786865234,0.2161582218674972,0.2154414653352549,98.36917939742663,100.90999398937896,XLU,公益事業,defensive,Improving,2.0,0.0,-1.0
2026-01-15,43.03243637084961,0.217398447454448,0.2160937927083193,98.49756416704686,101.40855874156526,XLU,公益事業,defensive,Improving,4.0,2.0,1.0
2026-01-16,42.81535339355469,0.21685594519175458,0.21634784353613107,98.57227709108307,101.53272478655734,XLU,公益事業,defensive,Improving,4.0,2.0,2.0
2026-01-20,42.39104461669922,0.21795902372127124,0.21688490359784446,98.67461189206236,101.5980713268719,XLU,公益事業,defensive,Improving,5.0,2.0,2.0
2026-01-21,42.450252532958984,0.21462935963756133,0.21613305561108342,98.62904100845785,101.27886575742077,XLU,公益事業,defensive,Improving,5.0,3.0,4.0
2026-01-22,42.14435577392578,0.21280526437079705,0.2150237918643213,98.5481473602518,100.90106308552079,XLU,公益事業,defensive,Improving,5.0,3.0,3.0
2026-01-23,41.99634552001953,0.21300738742045036,0.21435165704969766,98.5215872150302,100.58856187261841,XLU,公益事業,defensive,Improving,4.0,0.0,-2.0
2026-01-26,42.30223846435547,0.2140527420146373,0.21425201870467758,98.56102297990796,100.49729665527508,XLU,公益事業,defensive,Improving,4.0,0.0,-2.0
2026-01-27,42.85482406616211,0.21718681839943474,0.21523028526959664,98.71675636098153,100.57772151871227,XLU,公益事業,defensive,Improving,3.0,-2.0,-4.0
2026-01-28,42.75614929199219,0.2174190048220551,0.2159598584537495,98.83820597715871,100.88513133975303,XLU,公益事業,defensive,Improving,5.0,0.0,-3.0
2026-01-29,42.75614929199219,0.21713424061556164,0.21635131917435355,98.91802194945598,101.17250338278481,XLU,公益事業,defensive,Improving,5.0,0.0,-3.0
2026-01-30,42.677207946777344,0.2172147749570796,0.21663913776859559,98.98339442763314,101.31263580626978,XLU,公益事業,defensive,Improving,5.0,1.0,1.0
2026-02-02,42.055545806884766,0.21295409895065634,0.2154107914959492,98.87560386184761,100.99270911317767,XLU,公益事業,defensive,Improving,5.0,1.0,1.0
2026-02-03,42.66733932495117,0.21662865153824146,0.21581674484337998,98.95553032700454,100.82132791796882,XLU,公益事業,defensive,Improving,6.0,3.0,5.0
2026-02-04,42.50946044921875,0.21396297539636988,0.21519882169437662,98.91664770541401,100.49340753475018,XLU,公益事業,defensive,Improving,7.0,2.0,2.0
2026-02-05,42.52919387817383,0.2159381731378677,0.21544527217554033,98.97696049858388,100.44912308665144,XLU,公益事業,defensive,Improving,7.0,2.0,2.0
2026-02-06,42.775882720947266,0.21321756592656796,0.21470270342588288,98.92163562090965,100.20753659444054,XLU,公益事業,defensive,Improving,6.0,1.0,0.0
2026-02-09,42.90415954589844,0.21373015335497111,0.2143785200689123,98.9153960169874,100.39859414951786,XLU,公益事業,defensive,Improving,6.0,1.0,0.0
2026-02-10,43.614627838134766,0.21649916292311808,0.21508540102031426,99.02912248058958,100.4599994877623,XLU,公益事業,defensive,Improving,6.0,0.0,-3.0
2026-02-11,43.99946212768555,0.21802299096174452,0.21606459766745767,99.17444201591113,100.8067491333575,XLU,公益事業,defensive,Improving,6.0,-1.0,-3.0
2026-02-12,44.650718688964844,0.2241921345991202,0.21877377664467854,99.53324704380962,101.34597299264925,XLU,公益事業,defensive,Improving,6.0,-1.0,-3.0
2026-02-13,45.8841667175293,0.2280231929551071,0.2218569154148214,99.94684304346724,102.12683045627125,XLU,公益事業,defensive,Improving,6.0,0.0,-1.0
2026-02-17,45.76575469970703,0.22782780306282205,0.2238472112974883,100.22959113282207,102.48097356731704,XLU,公益事業,defensive,Leading,6.0,0.0,-1.0
2026-02-18,45.005950927734375,0.22288977675051763,0.2235280664484981,100.21582946665943,102.1338577140136,XLU,公益事業,defensive,Leading,6.0,0.0,0.0
2026-02-19,45.49932861328125,0.22581019894601248,0.22428877728100288,100.3550790323793,102.0205089107392,XLU,公益事業,defensive,Leading,6.0,0.0,1.0
2026-02-20,45.71641540527344,0.22583147883550903,0.22480301113250495,100.47168982263814,101.57446618897066,XLU,公益事業,defensive,Leading,6.0,0.0,1.0
2026-02-23,46.0617790222168,0.2300625474659969,0.2265561899103356,100.78003628874373,101.37151092195036,XLU,公益事業,defensive,Leading,6.0,0.0,0.0
2026-02-24,46.574893951416016,0.23078458671939958,0.22796565551335693,101.06304291276726,101.34476018646733,XLU,公益事業,defensive,Leading,6.0,0.0,0.0
2026-02-25,46.73277282714844,0.23143042772946507,0.22912057958539297,101.31604214659399,101.69922096684463,XLU,公益事業,defensive,Leading,7.0,1.0,1.0
2026-02-26,46.55515670776367,0.22925580648140237,0.22916565521739612,101.40320186550795,101.56091986301688,XLU,公益事業,defensive,Leading,7.0,1.0,1.0
2026-02-27,47.09787368774414,0.2316567771553527,0.229996029196715,101.61157347617413,101.62970761501239,XLU,公益事業,defensive,Leading,8.0,2.0,2.0
2026-03-02,46.74264144897461,0.2303365533661164,0.23010953725318212,101.69678322901053,101.25957222445034,XLU,公益事業,defensive,Leading,9.0,3.0,3.0
2026-03-03,46.44661331176758,0.23172064415962473,0.230646572888663,101.85861906725442,101.04965943703787,XLU,公益事業,defensive,Leading,10.0,4.0,4.0
2026-03-04,46.64396667480469,0.2317762010742568,0.2310231156171943,101.96847829611959,100.81533883010145,XLU,公益事業,defensive,Leading,11.0,4.0,3.0
2026-03-05,46.27886962890625,0.23265680311645903,0.23156767811694923,102.08032466843747,100.82407407496366,XLU,公益事業,defensive,Leading,11.0,4.0,3.0
2026-03-06,46.12098693847656,0.23465972191761095,0.23259835938383647,102.23759641328763,100.72378047867095,XLU,公益事業,defensive,Leading,11.0,3.0,1.0
2026-03-09,46.229530334472656,0.23454907131001337,0.2332485966925621,102.289390546888,100.64991372393733,XLU,公益事業,defensive,Leading,11.0,2.0,-1.0
2026-03-10,45.9433708190918,0.23485830358679904,0.23378516565730775,102.29024746172854,100.37879297117055,XLU,公益事業,defensive,Leading,11.0,1.0,-3.0
2026-03-11,45.55853271484375,0.23366112827123536,0.2337438198619503,102.18116151911877,99.9913678674106,XLU,公益事業,defensive,Weakening,11.0,0.0,-4.0
2026-03-12,45.8841667175293,0.2390278864897146,0.2355051754045384,102.34588125346636,100.03918262528558,XLU,公益事業,defensive,Leading,11.0,0.0,-4.0
2026-03-13,46.338069915771484,0.24140489265918288,0.23747174782275324,102.49318815315235,99.97409253302817,XLU,公益事業,defensive,Weakening,11.0,0.0,-3.0
2026-03-16,46.63409423828125,0.24115263595240122,0.23869871053263592,102.50210681654968,99.83267313450341,XLU,公益事業,defensive,Weakening,11.0,0.0,-2.0
2026-03-17,46.505821228027344,0.23915224691126305,0.23884988932551163,102.3660090299672,99.47500743621814,XLU,公益事業,defensive,Weakening,11.0,0.0,-1.0
2026-03-18,46.11111831665039,0.2402846524861899,0.2393281437124044,102.28768822730136,99.49110771201865,XLU,公益事業,defensive,Weakening,11.0,0.0,0.0
2026-03-19,45.92363739013672,0.23949335957614476,0.23938321566698453,102.16820476342205,98.79716516536878,XLU,公益事業,defensive,Weakening,11.0,0.0,0.0
2026-03-20,44.05866622924805,0.23319325644186525,0.2373198959252781,101.81867239389796,97.71266856092605,XLU,公益事業,defensive,Weakening,10.0,-1.0,-1.0
2026-03-23,44.495872497558594,0.23302309205489377,0.23588762796848334,101.57812982708145,97.33899828324977,XLU,公益事業,defensive,Weakening,10.0,-1.0,-1.0
2026-03-24,44.80390548706055,0.23435505899604012,0.2353767716443356,101.46174627848427,97.53890352762649,XLU,公益事業,defensive,Weakening,10.0,-1.0,-1.0
2026-03-25,44.962890625,0.234052483506568,0.23493534226507973,101.36055283284146,97.62398402797527,XLU,公益事業,defensive,Weakening,10.0,-1.0,-1.0
2026-03-26,45.04238510131836,0.2366381777138918,0.2355029540813504,101.37866974055503,97.97620674146962,XLU,公益事業,defensive,Weakening,10.0,-1.0,-1.0
2026-03-27,45.30073165893555,0.24130409833420668,0.23743666883230252,101.54418249749628,98.97288215507278,XLU,公益事業,defensive,Weakening,10.0,0.0,1.0
2026-03-30,45.62863540649414,0.24355475289683248,0.23947603018714586,101.70424513639672,99.72692195404706,XLU,公益事業,defensive,Weakening,10.0,0.0,1.0
2026-03-31,45.59882736206055,0.23851304390578576,0.23915503476002586,101.60226407180774,99.75313176273255,XLU,公益事業,defensive,Weakening,10.0,0.0,1.0
2026-04-01,45.81743240356445,0.23888478817300857,0.23906495256435345,101.53205999677945,99.81658432491417,XLU,公益事業,defensive,Weakening,10.0,0.0,1.0
2026-04-02,46.04597473144531,0.23939252995927898,0.23917414502932863,101.48707213759383,99.70478842692326,XLU,公益事業,defensive,Weakening,10.0,0.0,1.0
2026-04-06,45.877052307128906,0.23749341710985075,0.2386139023895027,101.37818534544253,99.20348899096552,XLU,公益事業,defensive,Weakening,10.0,0.0,0.0
2026-04-07,45.976417541503906,0.23853674277158446,0.2385881825168633,101.32866145346478,98.83903754115615,XLU,公益事業,defensive,Weakening,10.0,0.0,0.0
2026-04-08,46.48318099975586,0.23572034557007462,0.23763223686793378,101.18963010980245,98.79970868282355,XLU,公益事業,defensive,Weakening,10.0,0.0,0.0
2026-04-09,46.85083770751953,0.23744083247372594,0.23756843540319783,101.14519099908534,98.86291693479622,XLU,公益事業,defensive,Weakening,11.0,1.0,1.0
2026-04-10,46.66204071044922,0.2382036908583818,0.2377801872215925,101.1302305327495,98.91841695445214,XLU,公益事業,defensive,Weakening,9.0,-1.0,-1.0
2026-04-13,46.09565734863281,0.23273236661874003,0.23609758035397502,100.9279818705464,98.74486915102449,XLU,公益事業,defensive,Weakening,8.0,-2.0,-2.0
2026-04-14,46.17515182495117,0.2321645743376124,0.23478657834852085,100.76680588630957,98.55861054071265,XLU,公益事業,defensive,Weakening,7.0,-3.0,-3.0
2026-04-15,45.728004455566406,0.2298357743165738,0.23313631033787183,100.57195619291733,98.4952689240543,XLU,公益事業,defensive,Weakening,7.0,-3.0,-3.0
2026-04-16,46.055908203125,0.23043397003118546,0.23223553023564306,100.45489167376893,98.42172600920301,XLU,公益事業,defensive,Weakening,7.0,-4.0,-5.0
2026-04-17,45.86711502075195,0.2266427913472205,0.2303712839395022,100.23580936818185,98.15000867223405,XLU,公益事業,defensive,Weakening,6.0,-3.0,-2.0
2026-04-20,45.459716796875,0.22392429268099096,0.22822228685333182,99.98416894701599,98.15378892751028,XLU,公益事業,defensive,Lagging,5.0,-3.0,-1.0
2026-04-21,44.664794921875,0.22136643074883988,0.22593700148516785,99.71587491537719,98.07217701446774,XLU,公益事業,defensive,Lagging,3.0,-4.0,-1.0
2026-04-22,44.58530044555664,0.22107068038683744,0.22431489445239106,99.51595674791989,98.15239213005285,XLU,公益事業,defensive,Lagging,3.0,-4.0,-1.0
2026-04-23,45.79756164550781,0.227092746700394,0.22524084520172538,99.59415697484462,98.51437665201533,XLU,公益事業,defensive,Lagging,3.0,-4.0,0.0
2026-04-24,45.88698959350586,0.22800921195961016,0.22616363412102033,99.67081656173667,98.99582032472266,XLU,公益事業,defensive,Lagging,5.0,-1.0,2.0
2026-04-27,45.89692306518555,0.22832981401816724,0.22688569408673598,99.7249895503709,99.4733565571632,XLU,公益事業,defensive,Lagging,5.0,0.0,3.0
2026-04-28,45.956546783447266,0.2297994071377707,0.22785693177041424,99.81267968289322,100.0184356911497,XLU,公益事業,defensive,Improving,6.0,3.0,7.0
2026-04-29,45.39016342163086,0.2273636457370679,0.22769250309263214,99.76474527204708,100.2507074098016,XLU,公益事業,defensive,Improving,6.0,3.0,7.0
2026-04-30,46.552738189697266,0.22971404561135964,0.22836635059887467,99.82103480671891,100.22082256569256,XLU,公益事業,defensive,Improving,6.0,3.0,7.0
2026-05-01,46.254642486572266,0.22894081845770925,0.22855783988515288,99.81712037562737,100.10500271712363,XLU,公益事業,defensive,Improving,6.0,1.0,2.0
2026-05-04,46.075782775878906,0.22939012051247906,0.2288352667609283,99.820168772688,100.03164093186932,XLU,公益事業,defensive,Improving,7.0,2.0,2.0
2026-05-05,46.075782775878906,0.2275842558933603,0.22841826313840563,99.72881828369718,99.7634003697616,XLU,公益事業,defensive,Lagging,7.0,1.0,-2.0
2026-05-06,45.41997146606445,0.22258175606871564,0.2264727607818423,99.41363969854608,99.36385447944339,XLU,公益事業,defensive,Lagging,5.0,-1.0,-4.0
2026-05-07,44.83371353149414,0.22112286472277895,0.22468946209548787,99.10649108645333,98.83714743398123,XLU,公益事業,defensive,Lagging,4.0,-2.0,-5.0
2026-05-08,44.43625259399414,0.21856120953782474,0.2226467112429335,98.73996321741458,98.34825425181822,XLU,公益事業,defensive,Lagging,2.0,-4.0,-5.0
2026-05-11,44.85358810424805,0.2207328501706263,0.22200875755216445,98.56887374491386,98.17212626272439,XLU,公益事業,defensive,Lagging,2.0,-5.0,-7.0
2026-05-12,44.90327072143555,0.22117252644666666,0.22173001385033186,98.45282338863082,98.21573171469461,XLU,公益事業,defensive,Lagging,2.0,-5.0,-6.0
2026-05-13,44.38656997680664,0.21958639223610074,0.22101547331225485,98.27276833748408,98.46573270905085,XLU,公益事業,defensive,Lagging,1.0,-4.0,-3.0
2026-05-14,44.6151123046875,0.21991503787238623,0.22064866149896534,98.18665156777911,98.81085346589973,XLU,公益事業,defensive,Lagging,1.0,-3.0,-1.0
2026-05-15,43.591644287109375,0.21710888099807302,0.2194687346653346,98.01332072049348,99.103728752351,XLU,公益事業,defensive,Lagging,1.0,-1.0,3.0
2026-05-18,43.66120147705078,0.2161257054402732,0.21835439159031414,97.8916706934486,99.19528266081431,XLU,公益事業,defensive,Lagging,1.0,-1.0,4.0
2026-05-19,44.05866241455078,0.21936957056365056,0.2186927845814263,98.00283584165125,99.5439310842502,XLU,公益事業,defensive,Lagging,2.0,0.0,5.0
2026-05-20,44.22758483886719,0.21782303294686295,0.2184028673699052,98.01800114792943,99.8588790534985,XLU,公益事業,defensive,Lagging,2.0,1.0,5.0
2026-05-21,44.7144775390625,0.21927431205902911,0.2186933489329465,98.12163042303547,100.17367929364194,XLU,公益事業,defensive,Improving,3.0,2.0,5.0
2026-05-22,45.062252044677734,0.21897941510275915,0.21878870432288405,98.19900186457936,100.58752579865674,XLU,公益事業,defensive,Improving,3.0,2.0,3.0
2026-05-26,45.04238510131836,0.2177654798479543,0.2184476294979075,98.21607397220214,100.83172175759404,XLU,公益事業,defensive,Improving,4.0,3.0,4.0
2026-05-27,44.85358810424805,0.21700946786729217,0.2179682422877024,98.2188600972533,100.70328486014435,XLU,公益事業,defensive,Improving,5.0,3.0,3.0
2026-05-28,44.346824645996094,0.21377464183921688,0.21657037547154057,98.10403623288661,100.53174859025441,XLU,公益事業,defensive,Improving,5.0,3.0,2.0
2026-05-29,44.138153076171875,0.2121778012826884,0.2151061840752565,98.00100627916957,100.2227220152641,XLU,公益事業,defensive,Improving,5.0,2.0,0.0
2026-06-01,42.82653045654297,0.20549871784762117,0.21190369533271142,97.71170684605445,99.5918156215462,XLU,公益事業,defensive,Lagging,5.0,2.0,0.0
2026-06-02,43.621456146240234,0.20848597553820622,0.2107644554012097,97.71000804370992,99.58237454354877,XLU,公益事業,defensive,Lagging,5.0,1.0,-2.0
2026-06-03,43.43265914916992,0.20836733037082672,0.20996541372441538,97.75103822310903,99.68132214835961,XLU,公益事業,defensive,Lagging,6.0,1.0,-2.0
2026-06-04,43.66120147705078,0.20789400283398643,0.20927494342760572,97.80188272402086,100.03879229471511,XLU,公益事業,defensive,Improving,5.0,0.0,-3.0
2026-06-05,44.068599700927734,0.21286275772597507,0.21047088152706217,98.03937460143057,100.7686536338961,XLU,公益事業,defensive,Improving,4.0,-1.0,-3.0
2026-06-08,43.243865966796875,0.20910043569015951,0.21001406624809463,98.08497633591502,101.49238917657249,XLU,公益事業,defensive,Improving,4.0,-1.0,-3.0
2026-06-09,43.70094680786133,0.20971456850822245,0.20991423366813725,98.16177047205622,101.65546648874898,XLU,公益事業,defensive,Improving,4.0,-1.0,-2.0
2026-06-10,43.720821380615234,0.2125121996823688,0.2107802223395478,98.32439465758205,101.86509230384826,XLU,公益事業,defensive,Improving,5.0,-1.0,-2.0
2026-06-11,43.770503997802734,0.20948757571763096,0.2103493401322422,98.34905435081423,101.7765468815306,XLU,公益事業,defensive,Improving,5.0,0.0,0.0
2026-06-12,44.24745559692383,0.20986920778280205,0.2101892960157622,98.39567208992337,101.37800400668496,XLU,公益事業,defensive,Improving,4.0,0.0,1.0
2026-06-15,44.45612716674805,0.20964062050952828,0.2100064041803509,98.4350721234201,101.35353844937424,XLU,公益事業,defensive,Improving,3.0,-1.0,0.0
2026-06-16,44.77409744262695,0.21184663272960402,0.21061981369676863,98.5456809342839,101.39655905244018,XLU,公益事業,defensive,Improving,4.0,0.0,1.0
2026-06-17,44.17790222167969,0.21220629851658626,0.21114864197004118,98.64136358473846,101.24725626722154,XLU,公益事業,defensive,Improving,4.0,-1.0,0.0
2026-06-18,44.47599792480469,0.2126511880369348,0.21164949065900573,98.72967240937639,101.33674765765993,XLU,公益事業,defensive,Improving,6.0,1.0,1.0
2026-06-22,44.720001220703125,0.21334860498299446,0.21221586210033533,98.82287841998024,101.37781147745467,XLU,公益事業,defensive,Improving,6.0,2.0,2.0
2026-06-23,45.06999969482422,0.2157594898104905,0.21339707133705374,98.9726002844928,101.53546441980389,XLU,公益事業,defensive,Improving,6.0,3.0,4.0
2026-06-24,45.540000915527344,0.21646544281094768,0.21441986182835174,99.10324495126933,101.5192349158035,XLU,公益事業,defensive,Improving,7.0,3.0,3.0
2026-06-25,45.849998474121094,0.216528918413795,0.21512288069016616,99.20020883680387,101.47119160531798,XLU,公益事業,defensive,Improving,7.0,3.0,4.0
2026-06-26,46.20000076293945,0.21967572297683008,0.21664049478572084,99.37648885053532,101.57766556741855,XLU,公益事業,defensive,Improving,6.0,0.0,-1.0
2026-06-29,46.02000045776367,0.2160056315351645,0.21642887370220207,99.3794762712252,101.36233129996813,XLU,公益事業,defensive,Improving,7.0,1.0,-1.0
2026-06-30,45.34000015258789,0.21309394765311052,0.21531723168583825,99.28941979776778,100.90897507126445,XLU,公益事業,defensive,Improving,7.0,1.0,-2.0
2026-07-01,44.77000045776367,0.20978398242590218,0.2134728152658596,99.12039646982304,100.36071493989752,XLU,公益事業,defensive,Improving,7.0,0.0,-3.0
2026-07-02,45.7599983215332,0.21292632982073284,0.21329065345081735,99.12479021044506,100.19760001517415,XLU,公益事業,defensive,Improving,7.0,0.0,-3.0
2026-07-06,45.29999923706055,0.21069767087004906,0.2124263259238946,99.05281839693218,99.74991737222697,XLU,公益事業,defensive,Lagging,7.0,1.0,1.0
2026-07-07,45.70000076293945,0.21282541644030983,0.21255935609603305,99.09001309100253,99.81709466303136,XLU,公益事業,defensive,Lagging,7.0,0.0,-1.0
2026-07-08,45.36000061035156,0.2137606091550291,0.21295977378236508,99.15709761553471,100.10161336430045,XLU,公益事業,defensive,Improving,7.0,0.0,-1.0
2026-07-09,45.130001068115234,0.21138173802395893,0.21243376186289636,99.11486741656526,100.32528528901669,XLU,公益事業,defensive,Improving,7.0,0.0,0.0
2026-07-10,45.40999984741211,0.21189920298995363,0.21225557557191546,99.11162647583178,100.30021445507514,XLU,公益事業,defensive,Improving,7.0,0.0,0.0
2026-07-13,45.720001220703125,0.21341549798120013,0.21264221637501035,99.17753202753494,100.54154761383627,XLU,公益事業,defensive,Improving,7.0,0.0,-1.0
2026-07-14,45.689998626708984,0.2140548104003393,0.21311308105012003,99.25915777715477,100.60533239440518,XLU,公益事業,defensive,Improving,7.0,0.0,0.0
2026-07-15,45.220001220703125,0.2123303796849827,0.21285218059507427,99.24209475835566,100.43152523859175,XLU,公益事業,defensive,Improving,7.0,0.0,0.0
2026-07-16,45.470001220703125,0.21142937662460767,0.21237791260491876,99.1936380864778,100.4013720189634,XLU,公益事業,defensive,Improving,6.0,-1.0,-1.0
2026-07-17,45.16999816894531,0.2116979856710263,0.2121512702936213,99.17978049795674,100.36181832716886,XLU,公益事業,defensive,Improving,5.0,-2.0,-2.0
2026-07-20,44.939998626708984,0.2115619951703727,0.21195484525253844,99.17161594419233,100.19902985459015,XLU,公益事業,defensive,Improving,4.0,-3.0,-3.0
2026-07-21,44.91999816894531,0.21112990848240523,0.2116798663291607,99.15278285471149,99.98047300141532,XLU,公益事業,defensive,Lagging,4.0,-3.0,-3.0
2026-07-22,45.93000030517578,0.21593794529462196,0.21309922598431447,99.40732982329179,100.48806446723758,XLU,公益事業,defensive,Improving,6.0,-1.0,-1.0
2026-07-23,46.189998626708984,0.21795960280202406,0.21471935159021768,99.69559634489843,101.1413798046043,XLU,公益事業,defensive,Improving,6.0,0.0,1.0
2026-07-24,46.290000915527344,0.21674392156223932,0.21539420824755826,99.83132344305736,101.40934270183145,XLU,公益事業,defensive,Improving,6.0,1.0,3.0
2026-07-27,45.68000030517578,0.21228739594764898,0.2143586041475885,99.68035559302099,101.07867273143859,XLU,公益事業,defensive,Improving,6.0,2.0,5.0
2026-07-28,45.52000045776367,0.20910468991342815,0.2126072994028684,99.40040204493236,100.52036841264596,XLU,公益事業,defensive,Improving,6.0,2.0,5.0
2026-07-29,44.90999984741211,0.20817689119195174,0.21113049666589617,99.15794693633282,99.50182544424888,XLU,公益事業,defensive,Lagging,6.0,0.0,1.0
2026-07-30,44.65999984741211,0.20735443790017302,0.20987181041065514,98.94495439272066,98.52056812533571,XLU,公益事業,defensive,Lagging,5.0,-1.0,-1.0
2026-07-31,44.349998474121094,0.2062694740114095,0.2086710316109066,98.72794429778996,97.91825459722219,XLU,公益事業,defensive,Lagging,4.0,-2.0,-3.0
2026-08-03,44.36000061035156,0.20432039282227576,0.207220818681363,98.44577239555504,97.7940541258416,XLU,公益事業,defensive,Lagging,2.0,-4.0,-6.0
2026-08-04,44.11000061035156,0.20029061193336684,0.2049107497653643,97.97128064061124,97.59315963073587,XLU,公益事業,defensive,Lagging,1.0,-5.0,-7.0
2024-08-05,141.89622497558594,0.9004534070404212,0.9004534070404212,,,XLV,ヘルスケア,defensive,,,,
2024-08-06,142.55337524414062,0.8954399109081964,0.898782241663013,,,XLV,ヘルスケア,defensive,,,,
2024-08-07,141.103759765625,0.892628761555221,0.8967310816270824,,,XLV,ヘルスケア,defensive,,,,
2024-08-08,144.22525024414062,0.8961358235660417,0.8965326622734022,,,XLV,ヘルスケア,defensive,,,,
2024-08-09,144.9403839111328,0.8986879881017764,0.8972511042161937,,,XLV,ヘルスケア,defensive,,,,
2024-08-12,144.38954162597656,0.899590898560088,0.8980310356641585,,,XLV,ヘルスケア,defensive,,,,
2024-08-13,146.1387176513672,0.9002298195845764,0.8987639636376312,,,XLV,ヘルスケア,defensive,,,,
2024-08-14,146.66053771972656,0.9015631586520486,0.8996970286424371,,,XLV,ヘルスケア,defensive,,,,
2024-08-15,147.57867431640625,0.8950665595738796,0.8981535389529179,,,XLV,ヘルスケア,defensive,,,,
2024-08-16,147.7332763671875,0.8938531352792531,0.8967200710616964,,,XLV,ヘルスケア,defensive,,,,
2024-08-19,148.63201904296875,0.8924970856343833,0.8953124092525921,,,XLV,ヘルスケア,defensive,,,,
2024-08-20,149.231201171875,0.899650167281304,0.8967583285954962,,,XLV,ヘルスケア,defensive,,,,
2024-08-21,149.48245239257812,0.8948994338185187,0.8961386970031704,,,XLV,ヘルスケア,defensive,,,,
2024-08-22,149.57908630371094,0.8980272342914182,0.8967682094325864,,,XLV,ヘルスケア,defensive,,,,
2024-08-23,150.22654724121094,0.8905824959927054,0.894706304952626,,,XLV,ヘルスケア,defensive,,,,
2024-08-26,150.14926147460938,0.8902774185218972,0.8932300094757165,,,XLV,ヘルスケア,defensive,,,,
2024-08-27,150.38119506835938,0.8912435616817923,0.8925678602110751,,,XLV,ヘルスケア,defensive,,,,
2024-08-28,150.5551300048828,0.8947376343779848,0.8932911182667117,,,XLV,ヘルスケア,defensive,,,,
2024-08-29,150.8740692138672,0.8932935337586431,0.8932919234306889,,,XLV,ヘルスケア,defensive,,,,
2024-08-30,151.91778564453125,0.892568746533324,0.8930508644649007,,,XLV,ヘルスケア,defensive,,,,
2024-09-03,151.62786865234375,0.9024624110373208,0.8961880466557074,,,XLV,ヘルスケア,defensive,,,,
2024-09-04,151.36692810058594,0.9022085229384181,0.8981948720832778,,,XLV,ヘルスケア,defensive,,,,
2024-09-05,149.28916931152344,0.8952983502736184,0.8972293648133913,,,XLV,ヘルスケア,defensive,,,,
2024-09-06,148.77696228027344,0.9019106794341917,0.8987898030203249,,,XLV,ヘルスケア,defensive,,,,
2024-09-09,149.8206787109375,0.8995301735443629,0.8990365931950043,,,XLV,ヘルスケア,defensive,,,,
2024-09-10,150.50685119628906,0.9031250861247992,0.9003994241716027,,,XLV,ヘルスケア,defensive,,,,
2024-09-11,150.0623016357422,0.9000393988134596,0.9002794157188884,,,XLV,ヘルスケア,defensive,,,,
2024-09-12,150.6034698486328,0.8977096824628915,0.8994228379668895,,,XLV,ヘルスケア,defensive,,,,
2024-09-13,150.9127197265625,0.8910208055571096,0.896622160496963,,,XLV,ヘルスケア,defensive,,,,
2024-09-16,151.95645141601562,0.8907194899654932,0.8946546036531398,,,XLV,ヘルスケア,defensive,,,,
2024-09-17,150.390869140625,0.8802442030663635,0.8898511367908811,,,XLV,ヘルスケア,defensive,,,,
2024-09-18,150.13961791992188,0.8804191989196833,0.8867071575004819,,,XLV,ヘルスケア,defensive,,,,
2024-09-19,150.68077087402344,0.8742649545559981,0.8825597565189873,,,XLV,ヘルスケア,defensive,,,,
2024-09-20,150.0623016357422,0.8738660248086146,0.8796618459488632,,,XLV,ヘルスケア,defensive,,,,
2024-09-23,149.76837158203125,0.8677114863418731,0.8756783927465333,,,XLV,ヘルスケア,defensive,,,,
2024-09-24,149.46768188476562,0.8647038551321431,0.8720202135417365,,,XLV,ヘルスケア,defensive,,,,
2024-09-25,148.0126953125,0.8616136318174276,0.868551352966967,,,XLV,ヘルスケア,defensive,,,,
2024-09-26,148.50738525390625,0.857317093903484,0.864806599945806,,,XLV,ヘルスケア,defensive,,,,
2024-09-27,148.42979431152344,0.8538043884207652,0.8611391961041257,,,XLV,ヘルスケア,defensive,,,,
2024-09-30,149.39981079101562,0.8582809041281009,0.8601864321121175,,,XLV,ヘルスケア,defensive,,,,
2024-10-01,148.61407470703125,0.858318218102427,0.8595636941088874,,,XLV,ヘルスケア,defensive,,,,
2024-10-02,148.3133544921875,0.8574954888224958,0.8588742923467569,,,XLV,ヘルスケア,defensive,,,,
2024-10-03,146.97479248046875,0.8537852041671061,0.8571779296202067,,,XLV,ヘルスケア,defensive,,,,
2024-10-04,147.09115600585938,0.8478097876739009,0.8540552156381048,,,XLV,ヘルスケア,defensive,,,,
2024-10-07,146.4412841796875,0.8506860231046944,0.8529321514603014,,,XLV,ヘルスケア,defensive,,,,
2024-10-08,147.23666381835938,0.8532835887547658,0.853049297225123,,,XLV,ヘルスケア,defensive,,,,
2024-10-09,148.74017333984375,0.856115992494719,0.8540715289816552,,,XLV,ヘルスケア,defensive,,,,
2024-10-10,148.18728637695312,0.8561414489677087,0.8547615023103398,,,XLV,ヘルスケア,defensive,,,,
2024-10-11,149.273681640625,0.854028801516349,0.8545172687123428,,,XLV,ヘルスケア,defensive,,,,
2024-10-14,150.0981903076172,0.8524910149822371,0.8538418508023076,,,XLV,ヘルスケア,defensive,,,,
2024-10-15,148.26490783691406,0.8459062425212557,0.851196648041957,,,XLV,ヘルスケア,defensive,,,,
2024-10-16,148.68199157714844,0.8425877101124641,0.8483270020654595,,,XLV,ヘルスケア,defensive,,,,
2024-10-17,147.8186798095703,0.8390350509477967,0.8452296850262386,,,XLV,ヘルスケア,defensive,,,,
2024-10-18,148.53648376464844,0.8406060454287965,0.8436884718270914,,,XLV,ヘルスケア,defensive,,,,
2024-10-21,146.79046630859375,0.8378655742779312,0.8417475059773714,,,XLV,ヘルスケア,defensive,,,,
2024-10-22,146.57708740234375,0.8404229202846881,0.8413059774131437,,,XLV,ヘルスケア,defensive,,,,
2024-10-23,145.88836669921875,0.8392322517196426,0.8406147355153101,,,XLV,ヘルスケア,defensive,,,,
2024-10-24,144.92808532714844,0.8335218219239596,0.83825043098486,,,XLV,ヘルスケア,defensive,,,,
2024-10-25,144.1326446533203,0.8329030620828597,0.8364679746841932,,,XLV,ヘルスケア,defensive,,,,
2024-10-28,144.34605407714844,0.8294328236923816,0.8341229243535895,,,XLV,ヘルスケア,defensive,,,,
2024-10-29,143.9483642578125,0.8296489070194851,0.8326315852422215,,,XLV,ヘルスケア,defensive,,,,
2024-10-30,143.6767578125,0.8298958523011013,0.8317196742618481,,,XLV,ヘルスケア,defensive,,,,
2024-10-31,142.46424865722656,0.8317611315149316,0.8317334933462093,98.2115525285426,,XLV,ヘルスケア,defensive,,1.0,,
2024-11-01,143.3081512451172,0.8361664226916854,0.833211136461368,98.34011968389254,,XLV,ヘルスケア,defensive,,1.0,,
2024-11-04,142.3672637939453,0.8296888202622975,0.8320370310616778,98.35854270186132,,XLV,ヘルスケア,defensive,,1.0,,
2024-11-05,143.4148712158203,0.8261577924582502,0.8300772848605353,98.34748837761157,,XLV,ヘルスケア,defensive,,1.0,,
2024-11-06,143.59918212890625,0.8080879931615448,0.8227475209608719,98.14257971631054,,XLV,ヘルスケア,defensive,,3.0,,
2024-11-07,144.63706970214844,0.8131284385450743,0.8195411601556061,98.10676054016837,,XLV,ヘルスケア,defensive,,4.0,3.0,
2024-11-08,145.6749725341797,0.8144258036425231,0.8178360413179118,98.12756930202507,,XLV,ヘルスケア,defensive,,4.0,3.0,
2024-11-11,144.8213653564453,0.8056276379048685,0.813766573513564,98.06656549049137,,XLV,ヘルスケア,defensive,,4.0,3.0,
2024-11-12,142.80377197265625,0.800504451543664,0.8093458661902639,98.00143879431883,,XLV,ヘルスケア,defensive,,4.0,3.0,
2024-11-13,142.4254608154297,0.7979492164124239,0.805546982930984,97.96673761384145,,XLV,ヘルスケア,defensive,,3.0,0.0,
2024-11-14,140.1847686767578,0.7917306466922018,0.8009415375180566,97.91401367033995,,XLV,ヘルスケア,defensive,,3.0,-1.0,-4.0
2024-11-15,137.58514404296875,0.7826315950276987,0.7948382233546041,97.82642084572461,,XLV,ヘルスケア,defensive,,2.0,-2.0,-5.0
2024-11-18,137.68215942382812,0.7800363878859427,0.7899042781983836,97.78701176981224,,XLV,ヘルスケア,defensive,,2.0,-2.0,-5.0
2024-11-19,136.9740447998047,0.7781233221565228,0.7859772928510966,97.78499731328115,,XLV,ヘルスケア,defensive,,2.0,-2.0,-5.0
2024-11-20,138.59396362304688,0.7846839448318331,0.7855461768446754,97.88152492851977,,XLV,ヘルスケア,defensive,,2.0,-1.0,-1.0
2024-11-21,139.70945739746094,0.7811593323765922,0.7840838953553144,97.9410088539862,,XLV,ヘルスケア,defensive,,2.0,-1.0,0.0
2024-11-22,139.83554077148438,0.775753733165783,0.7813071746254707,97.9608636215304,,XLV,ヘルスケア,defensive,,2.0,0.0,2.0
2024-11-25,141.02865600585938,0.7753516720750704,0.7793220071086706,98.00083416287137,,XLV,ヘルスケア,defensive,,2.0,0.0,2.0
2024-11-26,141.78526306152344,0.7794281980370101,0.7793574040847838,98.08866935359609,,XLV,ヘルスケア,defensive,,2.0,0.0,2.0
2024-11-27,142.5418701171875,0.7843414230719177,0.7810187437471618,98.20951019719183,,XLV,ヘルスケア,defensive,,2.0,0.0,1.0
2024-11-29,142.98809814453125,0.7844065384148236,0.7821480086363825,98.30660455817319,,XLV,ヘルスケア,defensive,,2.0,0.0,1.0
2024-12-02,142.73587036132812,0.7849892716135092,0.7830950962954248,98.38981855544361,,XLV,ヘルスケア,defensive,,2.0,0.0,0.0
2024-12-03,142.41575622558594,0.7867176851682489,0.7843026259196996,98.47256817150486,,XLV,ヘルスケア,defensive,,2.0,0.0,0.0
2024-12-04,142.33816528320312,0.7862469157488015,0.7849507225294003,98.53628921067613,,XLV,ヘルスケア,defensive,,2.0,0.0,0.0
2024-12-05,140.74737548828125,0.781359632273844,0.783753692444215,98.54773304685287,,XLV,ヘルスケア,defensive,,2.0,0.0,0.0
2024-12-06,139.9519500732422,0.7778248918287303,0.7817774255723868,98.53698805324045,,XLV,ヘルスケア,defensive,,2.0,0.0,0.0
2024-12-09,140.35935974121094,0.7833039251326052,0.7822862587591264,98.58857024045997,,XLV,ヘルスケア,defensive,,3.0,1.0,1.0
2024-12-10,139.77735900878906,0.7848645939317347,0.7831457038166625,98.64599725583479,,XLV,ヘルスケア,defensive,,3.0,1.0,1.0
2024-12-11,137.87615966796875,0.7734719099950198,0.779921105876115,98.59096191605889,,XLV,ヘルスケア,defensive,,3.0,1.0,1.0
2024-12-12,136.78005981445312,0.7701352725628176,0.7766591614383491,98.53587274094512,,XLV,ヘルスケア,defensive,,3.0,1.0,1.0
2024-12-13,136.7606658935547,0.7727314737938953,0.7753499322235312,98.53463203875336,,XLV,ヘルスケア,defensive,,3.0,1.0,1.0
2024-12-16,135.1310577392578,0.7660469199520474,0.7722489281330367,98.48544704120131,,XLV,ヘルスケア,defensive,,4.0,1.0,0.0
2024-12-17,135.0340576171875,0.7715741422337395,0.7720239994999377,98.51813567169356,,XLV,ヘルスケア,defensive,,4.0,1.0,0.0
2024-12-18,133.20074462890625,0.7843061925142415,0.7761180638380389,98.6726902641989,,XLV,ヘルスケア,defensive,,5.0,2.0,1.0
2024-12-19,132.1919403076172,0.7809574986228071,0.777731208766295,98.7528562671643,,XLV,ヘルスケア,defensive,,5.0,2.0,1.0
2024-12-20,133.86033630371094,0.7798914174055748,0.7784512783127215,98.80626849208973,,XLV,ヘルスケア,defensive,,5.0,2.0,1.0
2024-12-23,135.19720458984375,0.7866077836517957,0.7811701134257464,98.91860181481564,,XLV,ヘルスケア,defensive,,5.0,1.0,0.0
2024-12-24,135.7526397705078,0.783924804701354,0.7820883438509489,98.97589250800593,,XLV,ヘルスケア,defensive,,5.0,1.0,0.0
2024-12-26,136.0254669189453,0.7842198470349193,0.7827988449122725,99.02664157471281,,XLV,ヘルスケア,defensive,,5.0,0.0,-2.0
2024-12-27,135.39210510253906,0.7859137142612175,0.7838371346952542,99.0873603784785,,XLV,ヘルスケア,defensive,,5.0,0.0,-2.0
2024-12-30,133.7258758544922,0.7841413187833589,0.783938529391289,99.11781785616782,,XLV,ヘルスケア,defensive,,5.0,0.0,-2.0
2024-12-31,134.0474395751953,0.7845915055912284,0.7841561881246022,99.15132905102112,,XLV,ヘルスケア,defensive,,5.0,0.0,-1.0
2025-01-02,134.08639526367188,0.7871103763840177,0.7851409175444074,99.20923874377965,,XLV,ヘルスケア,defensive,,5.0,0.0,-1.0
2025-01-03,135.40185546875,0.7876196925160164,0.7859671758682771,99.26188650492243,,XLV,ヘルスケア,defensive,,5.0,0.0,0.0
2025-01-06,135.46031188964844,0.7884963812766985,0.7868102443377509,99.31533458200158,,XLV,ヘルスケア,defensive,,4.0,-1.0,-1.0
2025-01-07,136.1326446533203,0.7950721613359681,0.78956421667049,99.43478516369895,,XLV,ヘルスケア,defensive,,5.0,0.0,0.0
2025-01-08,136.83416748046875,0.798214788787243,0.7924477407094077,99.56078671282062,,XLV,ヘルスケア,defensive,,5.0,0.0,0.0
2025-01-10,136.06442260742188,0.8054987820571536,0.7967980878253231,99.7435915965643,,XLV,ヘルスケア,defensive,,5.0,0.0,0.0
2025-01-13,137.8378143310547,0.8093634814171904,0.8009865523559456,99.9278535307193,,XLV,ヘルスケア,defensive,,6.0,1.0,1.0
2025-01-14,136.4152069091797,0.7945957999981869,0.7988563015700261,99.87639157603826,,XLV,ヘルスケア,defensive,,6.0,2.0,3.0
2025-01-15,136.9706268310547,0.790246343798488,0.7959863156461802,99.79244356827238,,XLV,ヘルスケア,defensive,,5.0,0.0,0.0
2025-01-16,137.5162811279297,0.7871949742601333,0.793055868517498,99.700403706932,,XLV,ヘルスケア,defensive,,4.0,-1.0,-1.0
2025-01-17,136.590576171875,0.7781177800642914,0.7880765056997625,99.51483421171127,,XLV,ヘルスケア,defensive,,4.0,-1.0,-1.0
2025-01-21,138.85121154785156,0.7819190153945988,0.7860240089313747,99.44911873009738,,XLV,ヘルスケア,defensive,,4.0,-2.0,-3.0
2025-01-22,138.5393829345703,0.7829140303488239,0.7849873494038578,99.42586742866278,,XLV,ヘルスケア,defensive,,4.0,-2.0,-4.0
2025-01-23,140.39073181152344,0.7896345948232106,0.7865364312103089,99.52255980370039,,XLV,ヘルスケア,defensive,,4.0,-1.0,-1.0
2025-01-24,140.61483764648438,0.791589747519081,0.7882208699798996,99.63022745245641,,XLV,ヘルスケア,defensive,,4.0,0.0,1.0
2025-01-27,143.77188110351562,0.8088295346100826,0.7950904248566273,100.01067239820154,,XLV,ヘルスケア,defensive,,6.0,2.0,3.0
2025-01-28,142.7682647705078,0.8071681732603433,0.7991163409911993,100.2648302482716,,XLV,ヘルスケア,defensive,,7.0,3.0,5.0
2025-01-29,141.9302978515625,0.805093300017813,0.8011086606667372,100.42242979950765,,XLV,ヘルスケア,defensive,,7.0,3.0,5.0
2025-01-30,143.5672607421875,0.8057778668059983,0.8026650627131576,100.56340549069184,,XLV,ヘルスケア,defensive,,8.0,4.0,5.0
2025-01-31,143.10928344726562,0.8098549925217068,0.8050617059826741,100.76401686247624,,XLV,ヘルスケア,defensive,,9.0,5.0,5.0
2025-02-03,143.66470336914062,0.8174634782568682,0.8091956300740722,101.08646328539788,,XLV,ヘルスケア,defensive,,9.0,3.0,1.0
2025-02-04,143.27493286132812,0.8142518038833821,0.8108810213438422,101.27008859533171,,XLV,ヘルスケア,defensive,,9.0,2.0,-1.0
2025-02-05,144.6488494873047,0.8180707930984104,0.8132776119286983,101.52511735555198,,XLV,ヘルスケア,defensive,,9.0,2.0,-1.0
2025-02-06,143.35289001464844,0.8118158807605311,0.8127903682059759,101.5905892973622,,XLV,ヘルスケア,defensive,,9.0,1.0,-3.0
2025-02-07,142.68057250976562,0.8119988460944622,0.812526527502138,101.67255875639414,,XLV,ヘルスケア,defensive,,10.0,1.0,-4.0
2025-02-10,142.5538787841797,0.8089884867523789,0.8113471805855518,101.64321112469995,100.72239750780095,XLV,ヘルスケア,defensive,Leading,9.0,0.0,-3.0
2025-02-11,142.29078674316406,0.8074060958271931,0.8100334856660989,101.58766891374843,100.1271564083273,XLV,ヘルスケア,defensive,Leading,9.0,0.0,-2.0
2025-02-12,142.08619689941406,0.8109560783554169,0.8103410165625383,101.65519684257784,99.65294498203853,XLV,ヘルスケア,defensive,Weakening,9.0,0.0,-2.0
2025-02-13,142.64157104492188,0.8071192795589273,0.8092671042280013,101.58778020508642,99.30578862903707,XLV,ヘルスケア,defensive,Weakening,9.0,0.0,-1.0
2025-02-14,141.09228515625,0.7991463901780249,0.8058935328780092,101.31372768013408,98.41945648695211,XLV,ヘルスケア,defensive,Weakening,9.0,-1.0,-2.0
2025-02-18,140.8194580078125,0.7915251540703696,0.8011040732754628,100.91453785949514,97.61325608779461,XLV,ヘルスケア,defensive,Weakening,8.0,-1.0,-1.0
2025-02-19,142.6513214111328,0.8001992110475596,0.8008024525328286,100.88879561622826,97.77674326317256,XLV,ヘルスケア,defensive,Weakening,8.0,-1.0,-1.0
2025-02-20,143.45033264160156,0.806710816329998,0.8027719071318851,101.04012213133664,98.02114048402652,XLV,ヘルスケア,defensive,Weakening,8.0,-1.0,-1.0
2025-02-21,142.68057250976562,0.8138050837611286,0.8064496326749664,101.3142890967918,98.79883248831139,XLV,ヘルスケア,defensive,Weakening,8.0,-1.0,-1.0
2025-02-24,143.84007263183594,0.8197346887310104,0.8108779846936478,101.62178806383001,100.10616577323478,XLV,ヘルスケア,defensive,Leading,10.0,1.0,2.0
2025-02-25,145.07757568359375,0.8259610791263222,0.8159056828378726,101.93961781304212,101.68359906131518,XLV,ヘルスケア,defensive,Leading,10.0,2.0,3.0
2025-02-26,144.0349884033203,0.821758676672365,0.8178566807827035,101.99184325575304,101.77803514461917,XLV,ヘルスケア,defensive,Leading,9.0,1.0,2.0
2025-02-27,143.45033264160156,0.8256337273637433,0.8204490296430501,102.08076871544117,101.5772543965959,XLV,ヘルスケア,defensive,Leading,10.0,2.0,3.0
2025-02-28,145.1165313720703,0.8260452989363959,0.8223144527408321,102.10820396838638,101.01567313013241,XLV,ヘルスケア,defensive,Leading,10.0,2.0,3.0
2025-03-03,145.74989318847656,0.8385865718549442,0.8277384924455362,102.35755055979033,100.87083033061285,XLV,ヘルスケア,defensive,Leading,9.0,-1.0,-2.0
2025-03-04,144.3955078125,0.8444367861283664,0.833304590339813,102.56237542250555,100.61813167995982,XLV,ヘルスケア,defensive,Leading,10.0,0.0,-2.0
2025-03-05,145.8473358154297,0.8450731135263759,0.8372274314020007,102.62350663584391,100.62608336445281,XLV,ヘルスケア,defensive,Leading,10.0,1.0,0.0
2025-03-06,145.44784545898438,0.852194586100837,0.8422164829682794,102.7173170148967,100.62761379152198,XLV,ヘルスケア,defensive,Leading,11.0,1.0,-1.0
2025-03-07,145.45758056640625,0.8443410147424526,0.8429246602263373,102.56623972150358,100.25123826040519,XLV,ヘルスケア,defensive,Leading,11.0,1.0,-1.0
2025-03-10,143.8887939453125,0.8471735132008248,0.8443409445511665,102.47129262437106,99.53610450095515,XLV,ヘルスケア,defensive,Weakening,11.0,2.0,3.0
2025-03-11,142.32000732421875,0.8492472661258558,0.845976385076063,102.3988301380479,98.9770983006317,XLV,ヘルスケア,defensive,Weakening,10.0,0.0,0.0
2025-03-12,140.89743041992188,0.8447394014587308,0.8455640572036189,102.24316437063528,98.56835789187356,XLV,ヘルスケア,defensive,Weakening,10.0,0.0,-1.0
2025-03-13,140.14712524414062,0.8483741687769761,0.8465007610614048,102.16676580636556,98.28496715056603,XLV,ヘルスケア,defensive,Weakening,10.0,-1.0,-2.0
2025-03-14,141.21896362304688,0.8388702688312926,0.8439572636513675,101.94655202095959,98.21868019899904,XLV,ヘルスケア,defensive,Weakening,10.0,-1.0,-2.0
2025-03-17,143.01187133789062,0.8382090401189823,0.8420411891405725,101.77881587163944,98.15037227411153,XLV,ヘルスケア,defensive,Weakening,10.0,-1.0,-3.0
2025-03-18,143.08006286621094,0.842992600605106,0.8423583262954171,101.72483951014499,98.24688767177753,XLV,ヘルスケア,defensive,Weakening,9.0,-1.0,-1.0
2025-03-19,143.15802001953125,0.8372476712664699,0.8406547746191013,101.58950788021946,98.33920453450489,XLV,ヘルスケア,defensive,Weakening,9.0,-1.0,-1.0
2025-03-20,143.24569702148438,0.8412623465123559,0.8408572985835195,101.5487372053463,98.44502311761404,XLV,ヘルスケア,defensive,Weakening,9.0,-1.0,0.0
2025-03-21,142.84622192382812,0.8427768224107909,0.8414971398592768,101.53058107854541,98.82394687971784,XLV,ヘルスケア,defensive,Weakening,9.0,-1.0,0.0
2025-03-24,143.93685913085938,0.836252638376176,0.8397489726982432,101.40617437462046,98.92333413393258,XLV,ヘルスケア,defensive,Weakening,9.0,-1.0,0.0
2025-03-25,142.09791564941406,0.8275468769966589,0.8356816074643818,101.18370027246183,98.66768077202889,XLV,ヘルスケア,defensive,Weakening,9.0,0.0,1.0
2025-03-26,141.57948303222656,0.8260831010725175,0.8324821053337603,101.00556434926109,98.63810218033302,XLV,ヘルスケア,defensive,Weakening,8.0,-1.0,0.0
2025-03-27,141.8044891357422,0.8295296817111416,0.8314979641262208,100.93060168440623,98.62824366561276,XLV,ヘルスケア,defensive,Weakening,8.0,-1.0,0.0
2025-03-28,141.36428833007812,0.8399028392758439,0.8342995891760953,101.0312243333297,98.86418024238006,XLV,ヘルスケア,defensive,Weakening,8.0,-1.0,0.0
2025-03-31,142.82174682617188,0.8415574443713674,0.836718874241186,101.11252764570521,99.22780226792503,XLV,ヘルスケア,defensive,Weakening,6.0,-3.0,-2.0
2025-04-01,140.2100372314453,0.8253107308300023,0.8329161597707915,100.90257060970842,99.2676277510753,XLV,ヘルスケア,defensive,Weakening,5.0,-4.0,-4.0
2025-04-02,141.1490936279297,0.8239487165052916,0.8299270120156248,100.73286445498252,99.29940602546677,XLV,ヘルスケア,defensive,Weakening,5.0,-3.0,-2.0
2025-04-03,140.004638671875,0.8581484665578752,0.8393341635297084,101.15901756736557,100.1259411242903,XLV,ヘルスケア,defensive,Leading,7.0,-1.0,0.0
2025-04-04,132.32603454589844,0.8593311459269333,0.8459998243287834,101.44240039222524,100.42213581603863,XLV,ヘルスケア,defensive,Leading,8.0,0.0,1.0
2025-04-07,131.5337371826172,0.8613648627043446,0.8511215037873039,101.63895979778346,100.60263736618502,XLV,ヘルスケア,defensive,Leading,8.0,2.0,5.0
2025-04-08,130.07626342773438,0.8681963047151103,0.8568131040965727,101.8470633586121,101.25420321990639,XLV,ヘルスケア,defensive,Leading,9.0,4.0,8.0
2025-04-09,135.7300567626953,0.8388487507099873,0.8508249863010444,101.5049607601558,100.95619860826069,XLV,ヘルスケア,defensive,Leading,9.0,4.0,7.0
2025-04-10,131.94456481933594,0.8438614341406785,0.8485038022475893,101.34832428695398,100.02370416261991,XLV,ヘルスケア,defensive,Leading,9.0,2.0,3.0
2025-04-11,133.88133239746094,0.8434588549247005,0.8468221531399598,101.22642236403334,99.38993171454688,XLV,ヘルスケア,defensive,Weakening,8.0,0.0,0.0
2025-04-14,135.51486206054688,0.8429802412105061,0.845541515830142,101.1272926142125,98.94760881519336,XLV,ヘルスケア,defensive,Weakening,8.0,0.0,-2.0
2025-04-15,134.6834259033203,0.8405230230749732,0.8438686849117525,101.0137749625485,98.49025888569699,XLV,ヘルスケア,defensive,Weakening,6.0,-3.0,-7.0
2025-04-16,133.31398010253906,0.8427975484505145,0.8435116394246732,100.9661448008484,98.98569869515681,XLV,ヘルスケア,defensive,Weakening,6.0,-3.0,-7.0
2025-04-17,132.53147888183594,0.8316695154741908,0.8395642647745124,100.74752665001238,98.91741434211146,XLV,ヘルスケア,defensive,Weakening,6.0,-3.0,-5.0
2025-04-21,129.67523193359375,0.8304404285451427,0.8365229860313892,100.57251525445196,98.85544552224286,XLV,ヘルスケア,defensive,Weakening,5.0,-3.0,-3.0
2025-04-22,132.11085510253906,0.8256797730596229,0.8329085817074671,100.36249659263873,98.70166336792698,XLV,ヘルスケア,defensive,Weakening,5.0,-3.0,-3.0
2025-04-23,132.7662353515625,0.8218254055209945,0.8292141896453096,100.13676549807334,98.5576540973594,XLV,ヘルスケア,defensive,Weakening,5.0,-1.0,2.0
2025-04-24,134.3899688720703,0.818035666186783,0.8254880151591342,99.89506274663812,98.32006329995762,XLV,ヘルスケア,defensive,Lagging,5.0,-1.0,2.0
2025-04-25,135.0355682373047,0.8231435302705558,0.8247065201962748,99.80972155159209,98.56201020758682,XLV,ヘルスケア,defensive,Lagging,5.0,-1.0,2.0
2025-04-28,135.57354736328125,0.8241098193746617,0.8245076199224037,99.7627655473922,98.78892387903474,XLV,ヘルスケア,defensive,Lagging,5.0,0.0,3.0
2025-04-29,136.23870849609375,0.8233479537610378,0.8241210645352818,99.70709521418986,99.04211954588285,XLV,ヘルスケア,defensive,Lagging,5.0,0.0,3.0
2025-04-30,137.40272521972656,0.8292043434024301,0.8258154908243313,99.78371825658267,99.50273082531952,XLV,ヘルスケア,defensive,Lagging,5.0,0.0,1.0
2025-05-01,133.65634155273438,0.8076937298515763,0.819774903833413,99.36281759196565,99.26505126098935,XLV,ヘルスケア,defensive,Lagging,2.0,-3.0,-2.0
2025-05-02,135.50509643554688,0.8046695589770355,0.8147397888812873,99.00733992995822,98.8911667276328,XLV,ヘルスケア,defensive,Lagging,2.0,-3.0,-2.0
2025-05-05,135.1236114501953,0.8050738924810013,0.8115178234145254,98.78559766435966,98.66209080985163,XLV,ヘルスケア,defensive,Lagging,2.0,-3.0,-3.0
2025-05-06,131.3968048095703,0.788716071699421,0.8039172395094907,98.30224166963829,98.08005142208842,XLV,ヘルスケア,defensive,Lagging,2.0,-3.0,-3.0
2025-05-07,132.40431213378906,0.7895634841052702,0.7991326543747506,98.04482057190081,97.67890781853052,XLV,ヘルスケア,defensive,Lagging,1.0,-4.0,-4.0
2025-05-08,131.21095275878906,0.7759194339776379,0.7913949142423797,97.65539750577214,97.81912754776874,XLV,ヘルスケア,defensive,Lagging,1.0,-1.0,2.0
2025-05-09,129.78280639648438,0.7676520015668125,0.7834806100171907,97.33557843372749,97.95643877976174,XLV,ヘルスケア,defensive,Lagging,1.0,-1.0,2.0
2025-05-12,132.99119567871094,0.765643616568494,0.7775349455342918,97.19121869016405,98.15037596248608,XLV,ヘルスケア,defensive,Lagging,1.0,-1.0,2.0
2025-05-13,128.99050903320312,0.7409397810834758,0.7653365573840198,96.82323956617972,98.38175806499636,XLV,ヘルスケア,defensive,Lagging,1.0,-1.0,2.0
2025-05-14,125.95821380615234,0.7279047706135475,0.7528592951271957,96.58751025565051,98.47256448980836,XLV,ヘルスケア,defensive,Lagging,1.0,0.0,4.0
2025-05-15,127.6113052368164,0.7307965816781592,0.7455050573108503,96.6367950553671,99.108618633626,XLV,ヘルスケア,defensive,Lagging,1.0,0.0,1.0
2025-05-16,130.18386840820312,0.738280401228118,0.7430968386166062,96.85051853494063,99.84940394381846,XLV,ヘルスケア,defensive,Lagging,1.0,0.0,1.0
2025-05-19,131.4359130859375,0.7454635837013723,0.7438857536448616,97.11510965025136,100.40088328543716,XLV,ヘルスケア,defensive,Improving,1.0,0.0,1.0
2025-05-20,131.7587127685547,0.7492512207197757,0.7456742426698331,97.36107217748514,101.2106226119437,XLV,ヘルスケア,defensive,Improving,1.0,0.0,1.0
2025-05-21,128.70684814453125,0.7481944065120669,0.746514297283911,97.54227904949727,101.70713476107065,XLV,ヘルスケア,defensive,Improving,1.0,0.0,0.0
2025-05-22,127.69935607910156,0.7447127155110853,0.7459137700263025,97.66150646803749,101.72920421176792,XLV,ヘルスケア,defensive,Improving,1.0,0.0,0.0
2025-05-23,127.49391174316406,0.7465000777284009,0.746109205927002,97.7918860479161,101.58222907691147,XLV,ヘルスケア,defensive,Improving,1.0,0.0,0.0
2025-05-27,129.27418518066406,0.743070947067777,0.745096452973927,97.87792350233148,101.3696442336417,XLV,ヘルスケア,defensive,Improving,1.0,0.0,0.0
2025-05-28,128.60903930664062,0.7455874800013941,0.7452601286497494,97.98637968679519,101.21985390345793,XLV,ヘルスケア,defensive,Improving,1.0,0.0,0.0
2025-05-29,129.4698028564453,0.7487490673654458,0.7464231082216483,98.10946634214072,101.17059468511695,XLV,ヘルスケア,defensive,Improving,1.0,0.0,0.0
2025-05-30,129.7436981201172,0.7506308678879439,0.7478256947770802,98.22663320007673,101.18040804281098,XLV,ヘルスケア,defensive,Improving,1.0,0.0,0.0
2025-06-02,129.8219451904297,0.7504879532637495,0.7487131142726366,98.32170093358728,101.14387858739532,XLV,ヘルスケア,defensive,Improving,1.0,0.0,0.0
2025-06-03,130.1251678466797,0.746030056115737,0.7478187615536702,98.36705104288887,101.0955417300844,XLV,ヘルスケア,defensive,Improving,1.0,0.0,0.0
2025-06-04,130.37948608398438,0.749171133727032,0.7482695522781242,98.44101327904184,101.0573861235561,XLV,ヘルスケア,defensive,Improving,1.0,0.0,0.0
2025-06-05,130.20343017578125,0.7501865573228584,0.7489085539597022,98.51386679042743,100.99986470809738,XLV,ヘルスケア,defensive,Improving,1.0,0.0,0.0
2025-06-06,131.44570922851562,0.7508596019507787,0.7495589032900611,98.58215220694511,100.93725660432803,XLV,ヘルスケア,defensive,Improving,1.0,0.0,0.0
2025-06-09,131.22071838378906,0.7494484377777855,0.749522081452636,98.63043985251358,100.86601440923629,XLV,ヘルスケア,defensive,Improving,1.0,0.0,0.0
2025-06-10,132.71731567382812,0.7542401152428572,0.7510947593827098,98.71260950719676,100.89968397131314,XLV,ヘルスケア,defensive,Improving,1.0,0.0,0.0
2025-06-11,132.78578186035156,0.7567780440117063,0.7529891875923753,98.79802438226646,100.89349552184267,XLV,ヘルスケア,defensive,Improving,1.0,0.0,0.0
2025-06-12,133.8226318359375,0.7609029395430852,0.7556271049092786,98.89662870732602,100.90300706567955,XLV,ヘルスケア,defensive,Improving,1.0,0.0,0.0
2025-06-13,133.15748596191406,0.7663848559009843,0.7592130219065139,99.01355490406125,100.94058202533887,XLV,ヘルスケア,defensive,Improving,3.0,2.0,2.0
2025-06-16,132.74667358398438,0.756724084091607,0.7583833759682116,99.0253038694514,100.86559218206213,XLV,ヘルスケア,defensive,Improving,4.0,3.0,3.0
2025-06-17,130.55557250976562,0.751452102678052,0.7560729515381585,99.00261266675626,100.70454989597273,XLV,ヘルスケア,defensive,Improving,3.0,2.0,2.0
2025-06-18,130.3306121826172,0.7500725585146549,0.754072820530324,98.9877695262053,100.55347690299033,XLV,ヘルスケア,defensive,Improving,3.0,2.0,2.0
2025-06-20,129.70457458496094,0.7452510875873883,0.7511322428826789,98.95175448603538,100.36076525152907,XLV,ヘルスケア,defensive,Improving,3.0,2.0,2.0
2025-06-23,129.8913116455078,0.7397928176831591,0.7473524344828391,98.89758000341087,100.12680861212128,XLV,ヘルスケア,defensive,Improving,2.0,-1.0,-3.0
2025-06-24,131.48350524902344,0.741837223567393,0.7455140308443571,98.88982656953387,100.0958633863148,XLV,ヘルスケア,defensive,Improving,3.0,-1.0,-4.0
2025-06-25,131.6014404296875,0.747898597099157,0.7463088862626237,98.94286458960157,100.18678288429969,XLV,ヘルスケア,defensive,Improving,3.0,0.0,-2.0
2025-06-26,131.91595458984375,0.7440706045839824,0.7455627923697433,98.95884408486498,100.21651862995874,XLV,ヘルスケア,defensive,Improving,5.0,2.0,0.0
2025-06-27,131.63092041015625,0.7397539077007669,0.7436264974800846,98.94703665497819,100.2363721828404,XLV,ヘルスケア,defensive,Improving,5.0,2.0,0.0
2025-06-30,132.47616577148438,0.7410221050472624,0.7427583666691439,98.95988492043587,100.31437758574899,XLV,ヘルスケア,defensive,Improving,5.0,3.0,4.0
2025-07-01,134.3632049560547,0.7428710338636489,0.7427959224006456,98.99279511426941,100.36011444958798,XLV,ヘルスケア,defensive,Improving,5.0,2.0,3.0
2025-07-02,133.036376953125,0.7338588742775608,0.7398169063596174,98.95535474025452,100.23270890677021,XLV,ヘルスケア,defensive,Improving,4.0,1.0,1.0
2025-07-03,133.17398071289062,0.7310873434133375,0.7369070520441908,98.92076465962607,100.1600481890147,XLV,ヘルスケア,defensive,Improving,4.0,-1.0,-3.0
2025-07-07,132.05355834960938,0.7307770253496123,0.7348637098126647,98.90556535997493,100.1615612140115,XLV,ヘルスケア,defensive,Improving,4.0,-1.0,-3.0
2025-07-08,132.653076171875,0.7322610022536675,0.7339961406263323,98.91567132731002,100.16835406283347,XLV,ヘルスケア,defensive,Improving,4.0,-1.0,-4.0
2025-07-09,133.16415405273438,0.7328934484189169,0.7336285765571939,98.93456417245814,100.16311572806949,XLV,ヘルスケア,defensive,Improving,5.0,0.0,-2.0
2025-07-10,133.9799041748047,0.7331360882517969,0.7334644137887283,98.9541912108474,100.26584582864241,XLV,ヘルスケア,defensive,Improving,5.0,1.0,0.0
2025-07-11,132.86929321289062,0.7324205876979694,0.7331164717584754,98.96993710847428,100.35615969815295,XLV,ヘルスケア,defensive,Improving,5.0,1.0,2.0
2025-07-14,132.7120361328125,0.7308008015653531,0.7323445816941013,98.97394129983911,100.38625874450476,XLV,ヘルスケア,defensive,Improving,5.0,1.0,2.0
2025-07-15,130.3237762451172,0.7277409685263859,0.7308100439715296,98.95655187577057,100.34162711452511,XLV,ヘルスケア,defensive,Improving,5.0,1.0,2.0
2025-07-16,131.9454345703125,0.7339341959522829,0.731851427965114,99.00620361359589,100.37191899622525,XLV,ヘルスケア,defensive,Improving,5.0,0.0,0.0
2025-07-17,130.4416961669922,0.7197022563974338,0.7278017041092206,98.91419820422095,100.19894691573357,XLV,ヘルスケア,defensive,Improving,5.0,0.0,-1.0
2025-07-18,129.57679748535156,0.7152019810178842,0.7236017964121085,98.81259082168098,100.02482181785123,XLV,ヘルスケア,defensive,Improving,3.0,-2.0,-3.0
2025-07-21,128.83969116210938,0.7135743307756575,0.7202593078666248,98.73313313232305,99.89840271358764,XLV,ヘルスケア,defensive,Lagging,2.0,-3.0,-4.0
2025-07-22,131.23779296875,0.7177063637359684,0.7194083264897394,98.72547480483989,99.9023141713253,XLV,ヘルスケア,defensive,Lagging,2.0,-3.0,-4.0
2025-07-23,133.93077087402344,0.7264156033968358,0.7217440854587716,98.815532427303,99.94654880459778,XLV,ヘルスケア,defensive,Lagging,3.0,-2.0,-2.0
2025-07-24,133.42950439453125,0.72602101785828,0.723169729591941,98.87788052435091,100.1498405153387,XLV,ヘルスケア,defensive,Improving,3.0,-2.0,-2.0
2025-07-25,134.1371612548828,0.7263723387298882,0.7242372659712568,98.92947230229501,100.34883610787656,XLV,ヘルスケア,defensive,Improving,4.0,1.0,3.0
2025-07-28,132.9675750732422,0.7243217008756947,0.7242654109394028,98.94307683148645,100.46317886472826,XLV,ヘルスケア,defensive,Improving,3.0,1.0,4.0
2025-07-29,132.12234497070312,0.7200646919510696,0.7228651712766251,98.89970987162155,100.39022903845893,XLV,ヘルスケア,defensive,Improving,3.0,1.0,4.0
2025-07-30,131.886474609375,0.7234722400672638,0.7230675275401713,98.90871802103887,100.2529399938402,XLV,ヘルスケア,defensive,Improving,4.0,1.0,3.0
2025-07-31,128.19100952148438,0.7096722201493373,0.71860242507656,98.71260068583635,99.86058647107349,XLV,ヘルスケア,defensive,Lagging,3.0,0.0,2.0
2025-08-01,128.87901306152344,0.7216156842414544,0.7196068447981916,98.73834880103803,99.81295977360028,XLV,ヘルスケア,defensive,Lagging,3.0,-1.0,-2.0
2025-08-04,130.7267303466797,0.7231195408731058,0.7207777434898297,98.77242677433382,99.82699732685924,XLV,ヘルスケア,defensive,Lagging,4.0,1.0,0.0
2025-08-05,130.22547912597656,0.7223512926001722,0.7213022598599439,98.76940693696245,99.86580200312908,XLV,ヘルスケア,defensive,Lagging,3.0,0.0,-1.0
2025-08-06,128.26963806152344,0.713097718035794,0.7185674125852273,98.58812681883923,99.52809040507309,XLV,ヘルスケア,defensive,Lagging,2.0,-2.0,-3.0
2025-08-07,126.79537963867188,0.7053260478931622,0.714153624354539,98.28533205816281,99.28052806602169,XLV,ヘルスケア,defensive,Lagging,3.0,0.0,0.0
2025-08-08,127.9256591796875,0.7103308522654244,0.7128793669915008,98.174477869496,98.95022481963052,XLV,ヘルスケア,defensive,Lagging,2.0,-1.0,0.0
2025-08-11,128.0533905029297,0.7129872211923743,0.712915318391792,98.16822714656816,98.7610223097027,XLV,ヘルスケア,defensive,Lagging,1.0,-3.0,-4.0
2025-08-12,128.93797302246094,0.7089047163786835,0.7115784510540892,98.08457642586885,98.47073282314172,XLV,ヘルスケア,defensive,Lagging,1.0,-2.0,-2.0
2025-08-13,131.0019073486328,0.7101133158534669,0.7110900726538818,98.10498261524852,98.76714410937244,XLV,ヘルスケア,defensive,Lagging,2.0,0.0,2.0
2025-08-14,131.66043090820312,0.7183559489726971,0.7135120314268203,98.3472514562281,99.94435512343428,XLV,ヘルスケア,defensive,Lagging,2.0,-1.0,-1.0
2025-08-15,133.87179565429688,0.7322292307239056,0.7197510978591821,98.83637353584801,101.46667133779013,XLV,ヘルスケア,defensive,Improving,5.0,3.0,4.0
2025-08-18,133.5572967529297,0.7306663089360257,0.7233895015514633,99.12328707102387,102.14627783380044,XLV,ヘルスケア,defensive,Improving,5.0,4.0,7.0
2025-08-19,134.41233825683594,0.7319172218734797,0.7262320749921355,99.34663487441549,102.71858980663663,XLV,ヘルスケア,defensive,Improving,5.0,4.0,6.0
2025-08-20,135.13963317871094,0.7365483109474986,0.7296708203105899,99.6087988124323,103.03865605987791,XLV,ヘルスケア,defensive,Improving,6.0,4.0,4.0
2025-08-21,134.68753051757812,0.7366514051686129,0.731997681929931,99.79072299465855,102.76967780839888,XLV,ヘルスケア,defensive,Improving,6.0,4.0,5.0
2025-08-22,135.7981414794922,0.728536670341685,0.7308440114005157,99.72370237735227,101.57050045292894,XLV,ヘルスケア,defensive,Improving,7.0,2.0,-1.0
2025-08-25,133.86196899414062,0.7236872041308217,0.7284584089772844,99.56982213896629,100.6280591101615,XLV,ヘルスケア,defensive,Improving,7.0,2.0,-2.0
2025-08-26,134.69735717773438,0.7277003869928524,0.7282057349824738,99.56945944059103,100.1455300337226,XLV,ヘルスケア,defensive,Improving,5.0,0.0,-4.0
2025-08-27,134.61874389648438,0.7246569730040169,0.7270228143229882,99.502737558553,99.4162968030698,XLV,ヘルスケア,defensive,Lagging,3.0,-3.0,-7.0
2025-08-28,134.08799743652344,0.7221440986132511,0.7253965757530759,99.40590943195676,98.81423900287895,XLV,ヘルスケア,defensive,Lagging,3.0,-3.0,-7.0
2025-08-29,135.0708465576172,0.7279772363273018,0.7262567959444846,99.49055576919986,99.18877000588817,XLV,ヘルスケア,defensive,Lagging,5.0,-2.0,-4.0
2025-09-02,135.1986083984375,0.7344677643260935,0.7289937854050209,99.71289147083468,100.06813597804687,XLV,ヘルスケア,defensive,Improving,5.0,-2.0,-4.0
2025-09-03,134.55978393554688,0.7321318641176092,0.7300398116425504,99.81010639000424,100.30486290196939,XLV,ヘルスケア,defensive,Improving,5.0,0.0,0.0
2025-09-04,135.0708465576172,0.7295242707252773,0.729867964670126,99.81710525832433,100.48331381875512,XLV,ヘルスケア,defensive,Improving,6.0,3.0,6.0
2025-09-05,135.53277587890625,0.7311645372017173,0.7303001555139899,99.87087333940025,100.83141720554616,XLV,ヘルスケア,defensive,Improving,6.0,3.0,6.0
2025-09-08,135.48365783691406,0.7314818834792017,0.7306940648357272,99.92326842133694,100.75190127371528,XLV,ヘルスケア,defensive,Improving,7.0,2.0,4.0
2025-09-09,136.2109375,0.7376807703060088,0.7330229666591543,100.12855841338461,100.7066177948994,XLV,ヘルスケア,defensive,Leading,8.0,3.0,5.0
2025-09-10,134.97254943847656,0.731714663111644,0.732586865476651,100.11963742096589,100.4618092014332,XLV,ヘルスケア,defensive,Leading,8.0,3.0,3.0
2025-09-11,137.321533203125,0.7334581204523599,0.7328772838018873,100.17377501187285,100.5713573792278,XLV,ヘルスケア,defensive,Leading,8.0,2.0,-1.0
2025-09-12,135.7391815185547,0.7302628667967257,0.7320058114668335,100.13719674625187,100.36652064614972,XLV,ヘルスケア,defensive,Leading,8.0,2.0,-1.0
2025-09-15,134.57940673828125,0.7252901021926142,0.7297672417087604,99.98282928802097,99.89831706909226,XLV,ヘルスケア,defensive,Lagging,7.0,0.0,-2.0
2025-09-16,134.57940673828125,0.7272177087049726,0.7289173973741645,99.94474085169558,99.3502277447118,XLV,ヘルスケア,defensive,Lagging,6.0,-2.0,-5.0
2025-09-17,134.84478759765625,0.7279552339708071,0.728596676239712,99.95331656411648,99.40879940558409,XLV,ヘルスケア,defensive,Lagging,6.0,-2.0,-5.0
2025-09-18,135.1101531982422,0.7246545246821865,0.7272826257205369,99.8539165487015,99.07492520285373,XLV,ヘルスケア,defensive,Lagging,6.0,-2.0,-4.0
2025-09-19,134.93325805664062,0.724967967481901,0.7265110729743249,99.802632923956,99.06195596392418,XLV,ヘルスケア,defensive,Lagging,6.0,-2.0,-4.0
2025-09-22,134.89869689941406,0.7244362067942641,0.7258194509143048,99.75280373502208,99.30878282531614,XLV,ヘルスケア,defensive,Lagging,6.0,-1.0,-1.0
2025-09-23,135.20477294921875,0.7251948912471199,0.7256112643585766,99.75680216366175,99.40810821430969,XLV,ヘルスケア,defensive,Lagging,6.0,0.0,2.0
2025-09-24,134.6617431640625,0.7239703458353661,0.7250642915175065,99.71835728758538,99.30868670822016,XLV,ヘルスケア,defensive,Lagging,5.0,-1.0,1.0
2025-09-25,132.4303741455078,0.717884299538646,0.7226709608578864,99.43015657985578,98.901247691878,XLV,ヘルスケア,defensive,Lagging,4.0,-2.0,0.0
2025-09-26,133.78302001953125,0.7181018910406436,0.7211479375854721,99.24292061310963,98.63397844468277,XLV,ヘルスケア,defensive,Lagging,4.0,-2.0,0.0
2025-09-29,134.1779327392578,0.7178234390507392,0.7200397714072279,99.10394645160403,98.48913915801522,XLV,ヘルスケア,defensive,Lagging,4.0,-2.0,-1.0
2025-09-30,137.40650939941406,0.7331580987056465,0.7244125471733674,99.7758534498266,99.95582908816989,XLV,ヘルスケア,defensive,Lagging,5.0,-1.0,-1.0
2025-10-01,141.6520233154297,0.7541015047332662,0.7343088663600004,101.3460683133031,103.13727759343013,XLV,ヘルスケア,defensive,Leading,8.0,3.0,4.0
2025-10-02,141.3755645751953,0.7508526440616953,0.739823458927232,102.17730733229673,104.3843520418304,XLV,ヘルスケア,defensive,Leading,10.0,6.0,8.0
2025-10-03,142.98492431640625,0.7567395753140672,0.7454621643895104,102.8641248296426,104.62717290755799,XLV,ヘルスケア,defensive,Leading,11.0,7.0,9.0
2025-10-06,142.29379272460938,0.7533182061664976,0.7480808449818395,103.00352287386438,104.16271104661031,XLV,ヘルスケア,defensive,Leading,11.0,7.0,9.0
2025-10-07,142.4023895263672,0.7572199522486045,0.7511272140707612,103.12748887295571,103.1809570634659,XLV,ヘルスケア,defensive,Leading,11.0,6.0,7.0
2025-10-08,142.6788330078125,0.7562268046356397,0.7528270775923874,103.05991410716106,101.43089916630048,XLV,ヘルスケア,defensive,Leading,11.0,3.0,0.0
2025-10-09,142.36289978027344,0.760847210048711,0.7555004550778286,103.07696367773953,100.5852698747923,XLV,ヘルスケア,defensive,Leading,11.0,1.0,-5.0
2025-10-10,140.30926513671875,0.7671683949555966,0.7593897683704179,103.16477027096066,99.97181345901126,XLV,ヘルスケア,defensive,Weakening,11.0,0.0,-7.0
2025-10-13,140.15127563476562,0.7589251615894856,0.7592348994434406,102.88706463199503,99.55001600908852,XLV,ヘルスケア,defensive,Weakening,11.0,0.0,-7.0
2025-10-14,140.5363311767578,0.7547516418174637,0.7577404802347816,102.56324376273855,99.11004420845323,XLV,ヘルスケア,defensive,Weakening,10.0,-1.0,-7.0
2025-10-15,140.75355529785156,0.7543971418629005,0.7566260341108213,102.3166084360348,98.94876868837771,XLV,ヘルスケア,defensive,Weakening,10.0,-1.0,-4.0
2025-10-16,140.5166015625,0.760333916601103,0.7578619949409153,102.27517208857282,98.90921075236682,XLV,ヘルスケア,defensive,Weakening,10.0,-1.0,-2.0
2025-10-17,141.45455932617188,0.7615417070150091,0.75908856563228,102.2366823732032,98.80578045416296,XLV,ヘルスケア,defensive,Weakening,10.0,-1.0,-1.0
2025-10-20,142.95530700683594,0.7620016005034941,0.7600595772560181,102.18371844863165,99.03999482666536,XLV,ヘルスケア,defensive,Weakening,10.0,-1.0,-1.0
2025-10-21,143.29098510742188,0.7603074095076662,0.7601421880065675,102.07504788932246,99.25763581236234,XLV,ヘルスケア,defensive,Weakening,11.0,1.0,2.0
2025-10-22,144.1104736328125,0.7683613355544628,0.762881903855866,102.14720794451374,99.57166933665441,XLV,ヘルスケア,defensive,Weakening,11.0,1.0,2.0
2025-10-23,144.18943786621094,0.7651547969792188,0.7636395348969837,102.08318989958796,99.55504312283004,XLV,ヘルスケア,defensive,Weakening,11.0,1.0,2.0
2025-10-24,144.17958068847656,0.7630224204057225,0.7634338300665634,101.96734856856907,99.48810565929008,XLV,ヘルスケア,defensive,Weakening,11.0,1.0,2.0
2025-10-27,144.51527404785156,0.7614150926710519,0.762760917601393,101.83641329225505,99.42183142545368,XLV,ヘルスケア,defensive,Weakening,10.0,0.0,1.0
2025-10-28,143.60693359375,0.7631840573321566,0.7629019641783141,101.76529410243386,99.46564653477913,XLV,ヘルスケア,defensive,Weakening,10.0,-1.0,-2.0
2025-10-29,142.1555633544922,0.7640152319082136,0.763273053421614,101.71541823884806,99.35294164664994,XLV,ヘルスケア,defensive,Weakening,10.0,-1.0,-2.0
2025-10-30,142.4715118408203,0.7690208015842613,0.7651889694758298,101.75551204167598,99.45621723764121,XLV,ヘルスケア,defensive,Weakening,10.0,-1.0,-2.0
2025-10-31,142.42213439941406,0.7670771402674413,0.7658183597397004,101.71907852089488,99.53431916673749,XLV,ヘルスケア,defensive,Weakening,10.0,-1.0,-2.0
2025-11-03,142.61959838867188,0.7700254889669327,0.7672207361487778,101.72674428447296,99.66772115476013,XLV,ヘルスケア,defensive,Weakening,9.0,-1.0,-1.0
2025-11-04,143.26138305664062,0.77864083531585,0.7710274358711353,101.86193985508406,99.86014453828412,XLV,ヘルスケア,defensive,Weakening,10.0,0.0,1.0
2025-11-05,143.81427001953125,0.7770974782415044,0.7730507833279251,101.89516008470326,99.93096638871016,XLV,ヘルスケア,defensive,Weakening,10.0,0.0,1.0
2025-11-06,144.09072875976562,0.7841167681016755,0.7767394449191752,102.01125840035385,99.9920655393814,XLV,ヘルスケア,defensive,Weakening,11.0,1.0,2.0
2025-11-07,144.28819274902344,0.7786606264926584,0.777379838777003,101.96263871774434,99.96685431349019,XLV,ヘルスケア,defensive,Weakening,11.0,1.0,2.0
2025-11-10,145.4137420654297,0.7802419823631147,0.7783338866390402,101.93695405047316,99.9195988435319,XLV,ヘルスケア,defensive,Weakening,11.0,2.0,3.0
2025-11-11,148.77066040039062,0.7936681622614213,0.7834453118465007,102.11777940281591,99.95288409602504,XLV,ヘルスケア,defensive,Weakening,11.0,1.0,1.0
2025-11-12,150.88356018066406,0.8030356051009054,0.789975409597969,102.33684680108405,100.13154298150148,XLV,ヘルスケア,defensive,Leading,11.0,1.0,1.0
2025-11-13,150.8045654296875,0.8117924322178937,0.7972477504712773,102.53827240014306,100.2185888561467,XLV,ヘルスケア,defensive,Leading,11.0,0.0,-1.0
2025-11-14,149.9060821533203,0.8099279821820288,0.8014744943748611,102.5627905081227,100.29770515394053,XLV,ヘルスケア,defensive,Leading,11.0,0.0,-1.0
2025-11-17,149.77774047851562,0.8200022104345375,0.8076503997280866,102.64821224913968,100.41974831306172,XLV,ヘルスケア,defensive,Leading,11.0,0.0,-2.0
2025-11-18,150.65646362304688,0.8243225281817256,0.8132077758792997,102.68016452557062,100.2887283912308,XLV,ヘルスケア,defensive,Leading,11.0,0.0,-1.0
2025-11-19,150.39974975585938,0.8254166338326092,0.8172773951970695,102.64202679830848,100.0466120356632,XLV,ヘルスケア,defensive,Leading,11.0,0.0,-1.0
2025-11-20,149.50128173828125,0.8306190766974924,0.8217246223638772,102.61620388687766,99.82597527296268,XLV,ヘルスケア,defensive,Weakening,11.0,0.0,0.0
2025-11-21,152.65086364746094,0.8317728367757987,0.8250740271678512,102.55441572993433,99.74458327418199,XLV,ヘルスケア,defensive,Weakening,11.0,0.0,0.0
2025-11-24,153.29263305664062,0.8318217685531487,0.8273232742962837,102.46439667709778,99.57124480015631,XLV,ヘルスケア,defensive,Weakening,11.0,0.0,0.0
2025-11-25,156.75816345214844,0.8387115393360275,0.831119362642865,102.43116319456993,99.50705613352332,XLV,ヘルスケア,defensive,Weakening,11.0,0.0,0.0
2025-11-26,156.41258239746094,0.8310638632174127,0.831100862834381,102.29151134082801,99.40203244222835,XLV,ヘルスケア,defensive,Weakening,11.0,0.0,0.0
2025-11-28,155.65234375,0.82257689418363,0.8282595399507975,102.09002627724854,99.22868110870428,XLV,ヘルスケア,defensive,Weakening,11.0,0.0,0.0
2025-12-01,153.32225036621094,0.8158431853596972,0.8241207550870975,101.87437202629181,99.09063505599134,XLV,ヘルスケア,defensive,Weakening,11.0,0.0,0.0
2025-12-02,152.40402221679688,0.811725345161762,0.8199889517786524,101.67952877040125,99.0086280883191,XLV,ヘルスケア,defensive,Weakening,11.0,0.0,0.0
2025-12-03,153.11489868164062,0.8093362749847199,0.8164380595140083,101.51647895550698,98.90801651947551,XLV,ヘルスケア,defensive,Weakening,11.0,0.0,0.0
2025-12-04,151.94984436035156,0.8029264261979754,0.8119341817419974,101.33753136874968,98.90153222183136,XLV,ヘルスケア,defensive,Weakening,11.0,0.0,0.0
2025-12-05,151.31797790527344,0.7977135339833112,0.8071939658224354,101.16099839549081,98.95642657217732,XLV,ヘルスケア,defensive,Weakening,11.0,0.0,0.0
2025-12-08,149.51113891601562,0.7929376290762189,0.8024418535736967,100.9906449367646,99.02814907111133,XLV,ヘルスケア,defensive,Weakening,11.0,0.0,0.0
2025-12-09,148.05978393554688,0.7867243729188169,0.7972026933554035,100.81107113272532,99.06769109302954,XLV,ヘルスケア,defensive,Weakening,10.0,-1.0,-1.0
2025-12-10,150.21217346191406,0.7870877631633232,0.7938310499580434,100.68804169892678,99.1296381586849,XLV,ヘルスケア,defensive,Weakening,10.0,-1.0,-1.0
2025-12-11,151.6339111328125,0.7881722607379813,0.7919447868846894,100.60918379010646,99.24453036180256,XLV,ヘルスケア,defensive,Weakening,11.0,0.0,0.0
2025-12-12,152.1078338623047,0.7960315405651487,0.7933070381115092,100.62550337469435,99.43984704418604,XLV,ヘルスケア,defensive,Weakening,11.0,0.0,0.0
2025-12-15,154.1219940185547,0.8055727827273995,0.7973956196501394,100.72224647148803,99.69654590439568,XLV,ヘルスケア,defensive,Weakening,11.0,0.0,0.0
2025-12-16,152.1177215576172,0.8007202250552699,0.7985038214518496,100.73010699828967,99.87432623441758,XLV,ヘルスケア,defensive,Weakening,10.0,0.0,1.0
2025-12-17,151.8412628173828,0.8014322270166077,0.7994799566401024,100.73436223341898,99.99041425580586,XLV,ヘルスケア,defensive,Weakening,10.0,0.0,1.0
2025-12-18,151.95973205566406,0.8003464877709442,0.7997688003503831,100.71810294281596,100.04361920946091,XLV,ヘルスケア,defensive,Leading,10.0,-1.0,-1.0
2025-12-19,152.9766845703125,0.8027784332709265,0.8007720113238976,100.72460042574552,100.02922628300715,XLV,ヘルスケア,defensive,Leading,9.0,-2.0,-2.0
2025-12-22,153.98507690429688,0.8021247522959742,0.8012229249812566,100.71436487117809,99.9239208048254,XLV,ヘルスケア,defensive,Weakening,8.0,-3.0,-3.0
2025-12-23,153.67770385742188,0.8023892367232692,0.8016116955619275,100.702855499455,99.90212477061715,XLV,ヘルスケア,defensive,Weakening,8.0,-2.0,-2.0
2025-12-24,154.4808349609375,0.8036691054443915,0.8022974988560823,100.70250279529527,99.89154199339994,XLV,ヘルスケア,defensive,Weakening,8.0,-2.0,-2.0
2025-12-26,154.72872924804688,0.8047510643388838,0.8031153540170162,100.70855971149746,99.9043073669222,XLV,ヘルスケア,defensive,Weakening,8.0,-2.0,-1.0
2025-12-29,154.49075317382812,0.8048419745266676,0.8036908941869001,100.70856704520637,99.8879106569602,XLV,ヘルスケア,defensive,Weakening,9.0,0.0,2.0
2025-12-30,154.36184692382812,0.8054607187876803,0.8042808357204936,100.7096289825349,99.89921593582825,XLV,ヘルスケア,defensive,Weakening,9.0,1.0,4.0
2025-12-31,153.4893035888672,0.8078064568302181,0.8054560427570685,100.7315684727309,99.9553563084987,XLV,ヘルスケア,defensive,Weakening,8.0,0.0,2.0
2026-01-02,154.1932830810547,0.8060412507425117,0.8056511120855496,100.7154706264073,99.98153676015889,XLV,ヘルスケア,defensive,Weakening,9.0,1.0,3.0
2026-01-05,153.7272491455078,0.7962152334927503,0.8025058192212832,100.56494951375178,99.8632800783957,XLV,ヘルスケア,defensive,Weakening,8.0,0.0,2.0
2026-01-06,156.75144958496094,0.8021939003401541,0.8024018462609068,100.53644066819858,99.88294909037747,XLV,ヘルスケア,defensive,Weakening,8.0,-1.0,-1.0
2026-01-07,158.3081512451172,0.8193522361144686,0.8080519762120941,100.7480289601096,100.3667202768056,XLV,ヘルスケア,defensive,Leading,8.0,-1.0,-2.0
2026-01-08,156.78118896484375,0.8045514248142137,0.806885125746134,100.67364499567796,100.26239528397382,XLV,ヘルスケア,defensive,Leading,8.0,0.0,0.0
2026-01-09,155.97804260253906,0.7958121015996699,0.8031941176973127,100.48950819182203,99.92049681637651,XLV,ヘルスケア,defensive,Weakening,8.0,-1.0,-2.0
2026-01-12,156.04745483398438,0.7954416480044901,0.8006099611330386,100.35213577405297,99.97057796623218,XLV,ヘルスケア,defensive,Weakening,8.0,0.0,0.0
2026-01-13,155.41287231445312,0.7922069053060732,0.7978089425240502,100.20253846394894,99.6891347672606,XLV,ヘルスケア,defensive,Weakening,8.0,0.0,1.0
2026-01-14,156.5233917236328,0.7942534700284193,0.7966237850255067,100.12274289476694,98.9964966069048,XLV,ヘルスケア,defensive,Weakening,8.0,0.0,1.0
2026-01-15,155.6310272216797,0.7862428100086237,0.7931634600198791,99.93196380329432,98.718457228177,XLV,ヘルスケア,defensive,Lagging,7.0,-1.0,-1.0
2026-01-16,154.4213409423828,0.782130315263956,0.7894857451012381,99.72435647900187,98.65841343812335,XLV,ヘルスケア,defensive,Lagging,7.0,-1.0,0.0
2026-01-20,154.08421325683594,0.7922438570690534,0.7904051157571766,99.73847307690949,98.99208181773123,XLV,ヘルスケア,defensive,Lagging,7.0,-1.0,-1.0
2026-01-21,156.9199981689453,0.7933907741815829,0.7914003352319787,99.7572458821055,99.38598463976277,XLV,ヘルスケア,defensive,Lagging,7.0,-1.0,-1.0
2026-01-22,156.94973754882812,0.7925077932421405,0.7917694879020327,99.74305119968076,99.54168650506986,XLV,ヘルスケア,defensive,Lagging,7.0,-1.0,-1.0
2026-01-23,156.1466064453125,0.7919827375843964,0.7918405711294874,99.71479976467165,99.94367283172257,XLV,ヘルスケア,defensive,Lagging,7.0,0.0,1.0
2026-01-26,156.76136779785156,0.7932251776077839,0.792302106622253,99.70718960891513,100.4285612607123,XLV,ヘルスケア,defensive,Improving,7.0,0.0,1.0
2026-01-27,154.1337890625,0.7811448998752573,0.7885830377065879,99.45958060776941,99.78558786597465,XLV,ヘルスケア,defensive,Lagging,7.0,0.0,1.0
2026-01-28,153.00343322753906,0.7780367207418203,0.7850675987183321,99.21152637000012,99.14166949631091,XLV,ヘルスケア,defensive,Lagging,7.0,0.0,1.0
2026-01-29,152.51759338378906,0.7745503832381954,0.7815618602249532,98.954169958752,98.58820334362326,XLV,ヘルスケア,defensive,Lagging,6.0,-1.0,0.0
2026-01-30,153.42982482910156,0.780913899370356,0.7813458732734209,98.89035318806381,98.54006077922007,XLV,ヘルスケア,defensive,Lagging,3.0,-4.0,-4.0
2026-02-02,154.37176513671875,0.781682879567588,0.7814582087048099,98.84948526458658,98.50814324596169,XLV,ヘルスケア,defensive,Lagging,4.0,-3.0,-3.0
2026-02-03,152.7952423095703,0.7757649721463844,0.7795604631853348,98.6779013451496,98.72228657072144,XLV,ヘルスケア,defensive,Lagging,4.0,-3.0,-3.0
2026-02-04,154.70889282226562,0.7786966637243782,0.7792725300316826,98.6138520147244,99.1671085224042,XLV,ヘルスケア,defensive,Lagging,4.0,-3.0,-3.0
2026-02-05,153.52896118164062,0.7795295508371305,0.7793582036334986,98.58878472519567,99.71365741221516,XLV,ヘルスケア,defensive,Lagging,4.0,-2.0,-1.0
2026-02-06,156.37466430664062,0.7794538224624096,0.779390076576469,98.56724555929561,99.82771711838566,XLV,ヘルスケア,defensive,Lagging,5.0,2.0,6.0
2026-02-09,154.99644470214844,0.7721259254647819,0.7769686928725733,98.39575755164515,99.54744579531395,XLV,ヘルスケア,defensive,Lagging,5.0,1.0,4.0
2026-02-10,154.0148162841797,0.7645159538453766,0.7728177798635077,98.12513089892015,99.3405925255308,XLV,ヘルスケア,defensive,Lagging,5.0,1.0,4.0
2026-02-11,154.92701721191406,0.7676832861115692,0.7711062819461949,98.04113325830212,99.318238544522,XLV,ヘルスケア,defensive,Lagging,5.0,1.0,4.0
2026-02-12,154.67913818359375,0.7766469876755329,0.7729531838559743,98.21010789161268,99.79910385415633,XLV,ヘルスケア,defensive,Lagging,5.0,1.0,3.0
2026-02-13,156.3350067138672,0.7769130388922452,0.7742731355347314,98.3489277021651,100.21470527783028,XLV,ヘルスケア,defensive,Improving,5.0,0.0,-2.0
2026-02-17,156.03753662109375,0.7767748919902768,0.7751070543532466,98.45838651755086,100.95151637756575,XLV,ヘルスケア,defensive,Improving,5.0,0.0,-1.0
2026-02-18,156.3350067138672,0.7742414953234869,0.7748185346766601,98.49547354490097,101.77469599638914,XLV,ヘルスケア,defensive,Improving,5.0,0.0,-1.0
2026-02-19,155.928466796875,0.7738628059331667,0.774499958428829,98.53109529563501,102.14024578818398,XLV,ヘルスケア,defensive,Improving,5.0,0.0,-1.0
2026-02-20,155.49220275878906,0.7681055871313479,0.7723685013296687,98.45661040436265,101.55081293318851,XLV,ヘルスケア,defensive,Improving,5.0,0.0,-1.0
2026-02-23,157.1976318359375,0.7851474346736416,0.7766281457776597,98.7613947160118,101.979387774947,XLV,ヘルスケア,defensive,Improving,5.0,0.0,0.0
2026-02-24,156.53329467773438,0.7756425974412465,0.776299629665522,98.77593198298597,101.68944183721811,XLV,ヘルスケア,defensive,Improving,5.0,0.0,0.0
2026-02-25,156.49365234375,0.7749891715781204,0.7758628103030549,98.7781341291119,101.56142979734783,XLV,ヘルスケア,defensive,Improving,5.0,0.0,0.0
2026-02-26,156.08712768554688,0.7686340863062384,0.7734532356374495,98.65126209917321,101.11379857104976,XLV,ヘルスケア,defensive,Improving,5.0,0.0,0.0
2026-02-27,158.8435821533203,0.7812920081575804,0.7760661598108265,98.83414814496912,101.71204241318841,XLV,ヘルスケア,defensive,Improving,5.0,0.0,0.0
2026-03-02,157.18771362304688,0.7745834438337461,0.7755719211517997,98.80806499937879,100.85514599693937,XLV,ヘルスケア,defensive,Improving,5.0,0.0,0.0
2026-03-03,155.41287231445312,0.7753497685971993,0.7754978703002663,98.81099240150495,100.80161019914773,XLV,ヘルスケア,defensive,Improving,4.0,-1.0,-1.0
2026-03-04,155.7202606201172,0.7737817559225645,0.7749258321743657,98.78164114028361,100.69822260146717,XLV,ヘルスケア,defensive,Improving,4.0,-1.0,-1.0
2026-03-05,152.60684204101562,0.7671972173837267,0.7723496272441528,98.60531073734406,100.55044788523125,XLV,ヘルスケア,defensive,Improving,4.0,-1.0,-1.0
2026-03-06,151.40708923339844,0.7703465995482394,0.771681951345515,98.58063355017153,99.99561366773125,XLV,ヘルスケア,defensive,Lagging,3.0,-2.0,-2.0
2026-03-09,152.95387268066406,0.7760232157013328,0.773129039464121,98.7283373374085,100.42306811115515,XLV,ヘルスケア,defensive,Improving,3.0,-2.0,-2.0
2026-03-10,151.85325622558594,0.7762599372976884,0.7741726720753102,98.84707406605321,100.70903095204531,XLV,ヘルスケア,defensive,Improving,3.0,-1.0,0.0
2026-03-11,151.5558319091797,0.7773012994434423,0.7752155478646876,98.96571667568655,101.08742383206693,XLV,ヘルスケア,defensive,Improving,3.0,-1.0,0.0
2026-03-12,148.8885955810547,0.7756167076815486,0.7753492678036413,99.00844124126593,101.65207747081902,XLV,ヘルスケア,defensive,Improving,3.0,-1.0,0.0
2026-03-13,148.52171325683594,0.7737453957727598,0.7748146437933476,98.99542814512034,101.63751542878938,XLV,ヘルスケア,defensive,Improving,3.0,0.0,2.0
2026-03-16,149.73138427734375,0.7742858222738406,0.774638369953512,99.0102367890785,101.22791181910615,XLV,ヘルスケア,defensive,Improving,3.0,0.0,2.0
2026-03-17,148.37298583984375,0.7629955134121341,0.7707574177730527,98.73845274334042,100.09864403336196,XLV,ヘルスケア,defensive,Improving,2.0,-1.0,0.0
2026-03-18,145.8941650390625,0.7602532756945836,0.7672560370802297,98.5140986598217,99.12612236535062,XLV,ヘルスケア,defensive,Lagging,1.0,-2.0,-1.0
2026-03-19,145.36863708496094,0.7581024773085596,0.764204850489673,98.34052526994198,98.55928468218191,XLV,ヘルスケア,defensive,Lagging,1.0,-2.0,-1.0
2026-03-20,144.0994873046875,0.7626882875059925,0.7636993294951129,98.36589797388342,98.71173719285484,XLV,ヘルスケア,defensive,Lagging,1.0,-2.0,-2.0
2026-03-23,144.13433837890625,0.7548257246148374,0.7607414612016878,98.21431996439689,98.321241444628,XLV,ヘルスケア,defensive,Lagging,1.0,-2.0,-2.0
2026-03-24,144.15423583984375,0.7540252144878828,0.7585027122970862,98.12673633416165,98.86110360855974,XLV,ヘルスケア,defensive,Lagging,1.0,-1.0,0.0
2026-03-25,145.59788513183594,0.7579038210115124,0.7583030818685617,98.18698736314283,99.64593392684377,XLV,ヘルスケア,defensive,Lagging,1.0,0.0,2.0
2026-03-26,145.10008239746094,0.7623090786030713,0.7596384141133983,98.34626908874847,100.54726227726225,XLV,ヘルスケア,defensive,Improving,1.0,0.0,2.0
2026-03-27,142.63095092773438,0.759754461965265,0.7596770967306872,98.40401426191707,100.63098496606345,XLV,ヘルスケア,defensive,Improving,1.0,0.0,2.0
2026-03-30,143.18850708007812,0.764306036086086,0.7612200765158202,98.56013907998597,101.42720318569931,XLV,ヘルスケア,defensive,Improving,1.0,0.0,2.0
2026-03-31,145.96624755859375,0.7635032746844836,0.7619811425720415,98.65323174155147,101.83642747494027,XLV,ヘルスケア,defensive,Improving,1.0,0.0,1.0
2026-04-01,147.08132934570312,0.7668586029761757,0.763606962706753,98.80340941443072,101.98089845602199,XLV,ヘルスケア,defensive,Improving,1.0,0.0,0.0
2026-04-02,146.16537475585938,0.7599122194573856,0.7623753816236306,98.73946344618136,101.38528327883365,XLV,ヘルスケア,defensive,Improving,1.0,0.0,0.0
2026-04-06,145.6376953125,0.7539279918904954,0.7595595850459189,98.55526874042997,100.77688304473348,XLV,ヘルスケア,defensive,Improving,1.0,0.0,0.0
2026-04-07,145.9264373779297,0.7571015515719612,0.7587402405545998,98.5281505752178,100.31908365260139,XLV,ヘルスケア,defensive,Improving,1.0,0.0,0.0
2026-04-08,149.0128173828125,0.7556572517709464,0.7577125776267154,98.48343410175569,99.97847040062942,XLV,ヘルスケア,defensive,Lagging,1.0,0.0,0.0
2026-04-09,148.67431640625,0.753483932888062,0.7563030293804976,98.38653360277704,99.3864783282824,XLV,ヘルスケア,defensive,Lagging,1.0,0.0,0.0
2026-04-10,146.66317749023438,0.7486965777595852,0.7537675455068602,98.19726098479832,99.10156514994192,XLV,ヘルスケア,defensive,Lagging,1.0,0.0,0.0
2026-04-13,147.32028198242188,0.7438053788319843,0.7504468232819016,97.96132039351274,98.99718656312288,XLV,ヘルスケア,defensive,Lagging,1.0,0.0,0.0
2026-04-14,148.17649841308594,0.745018312258649,0.7486373196074841,97.86730892665022,98.86387346521767,XLV,ヘルスケア,defensive,Lagging,1.0,0.0,0.0
2026-04-15,147.12115478515625,0.7394528786238953,0.7455758392796212,97.69486318183125,98.59556771189723,XLV,ヘルスケア,defensive,Lagging,1.0,0.0,0.0
2026-04-16,145.96624755859375,0.7303206738891176,0.7404907841494534,97.39887290908301,98.17330773105557,XLV,ヘルスケア,defensive,Lagging,1.0,0.0,0.0
2026-04-17,148.14663696289062,0.732035736600867,0.7376724349665913,97.33317845202724,98.47485215268642,XLV,ヘルスケア,defensive,Lagging,1.0,0.0,0.0
2026-04-20,146.77268981933594,0.7229691047028379,0.7327713248786736,97.16317436488089,98.63062332636825,XLV,ヘルスケア,defensive,Lagging,1.0,0.0,0.0
2026-04-21,145.27928161621094,0.7200291882989376,0.7285239460187616,97.07916045836924,98.6698900876437,XLV,ヘルスケア,defensive,Lagging,1.0,0.0,0.0
2026-04-22,145.7372589111328,0.7226201161196321,0.7265560027190519,97.15490685313304,99.2432573006141,XLV,ヘルスケア,defensive,Lagging,1.0,0.0,0.0
2026-04-23,145.59788513183594,0.7219647173421139,0.7250255742600725,97.24611805759017,100.11960162464983,XLV,ヘルスケア,defensive,Improving,1.0,0.0,0.0
2026-04-24,143.5469207763672,0.713274515835316,0.7211085547851537,97.19556144686524,100.15130357536236,XLV,ヘルスケア,defensive,Improving,1.0,0.0,0.0
2026-04-27,142.83009338378906,0.7105567537109184,0.7175912877604087,97.18289522215899,100.5093709632422,XLV,ヘルスケア,defensive,Improving,1.0,0.0,0.0
2026-04-28,143.20840454101562,0.716093979291863,0.7170921849375602,97.34141781232809,101.03496631606448,XLV,ヘルスケア,defensive,Improving,1.0,0.0,0.0
2026-04-29,142.21279907226562,0.7123574367245947,0.7155139355332384,97.4310448948292,101.03311925835483,XLV,ヘルスケア,defensive,Improving,1.0,0.0,0.0
2026-04-30,145.34898376464844,0.7172231835219218,0.7160836848627996,97.6158699918217,101.20718964121248,XLV,ヘルスケア,defensive,Improving,1.0,0.0,0.0
2026-05-01,144.5226287841797,0.7153255790294993,0.7158309829183662,97.73703304641707,101.5451584233262,XLV,ヘルスケア,defensive,Improving,1.0,0.0,0.0
2026-05-04,144.09449768066406,0.717380198377371,0.7163473880713679,97.87776063497539,101.82530272058327,XLV,ヘルスケア,defensive,Improving,1.0,0.0,0.0
2026-05-05,144.66200256347656,0.7145357544893969,0.7157435102107109,97.95432735549126,101.5873731142618,XLV,ヘルスケア,defensive,Improving,1.0,0.0,0.0
2026-05-06,144.7615509033203,0.7094077598742207,0.7136315934318809,97.95841141408873,101.3491978717683,XLV,ヘルスケア,defensive,Improving,1.0,0.0,0.0
2026-05-07,144.0845489501953,0.7106346032160783,0.71263259669328,98.01073732809206,101.02106362874441,XLV,ヘルスケア,defensive,Improving,1.0,0.0,0.0
2026-05-08,142.85995483398438,0.7026615139741716,0.7093089024535773,97.96289885194521,100.62597554079942,XLV,ヘルスケア,defensive,Improving,1.0,0.0,0.0
2026-05-11,142.41192626953125,0.7008355788772568,0.7064844612614705,97.94508037308721,100.25712045353302,XLV,ヘルスケア,defensive,Improving,1.0,0.0,0.0
2026-05-12,145.2095947265625,0.7152346012656701,0.7094011745962037,98.15811862424006,100.53945599186052,XLV,ヘルスケア,defensive,Improving,1.0,0.0,0.0
2026-05-13,146.06581115722656,0.7226074129587996,0.7138032540504023,98.40923612508084,101.06204480771642,XLV,ヘルスケア,defensive,Improving,2.0,1.0,1.0
2026-05-14,145.9861602783203,0.7195891774787259,0.7157318951931769,98.54412826195642,101.20768460470303,XLV,ヘルスケア,defensive,Improving,3.0,2.0,2.0
2026-05-15,144.462890625,0.7194997353796899,0.7169878419220146,98.6439027123203,101.48214515360448,XLV,ヘルスケア,defensive,Improving,2.0,1.0,1.0
2026-05-18,145.0801544189453,0.7181559292558507,0.7173772043666267,98.7042383907124,101.59597050889306,XLV,ヘルスケア,defensive,Improving,3.0,2.0,2.0
2026-05-19,146.6731414794922,0.7302905330360521,0.7216816472564351,98.91448985059546,101.55255052629205,XLV,ヘルスケア,defensive,Improving,4.0,3.0,3.0
2026-05-20,146.48397827148438,0.7214408053585762,0.7216013666238156,98.9452340160376,101.08054139467596,XLV,ヘルスケア,defensive,Improving,4.0,2.0,1.0
2026-05-21,147.49948120117188,0.7233193598470651,0.7221740310315654,99.0007369003446,100.90045951475533,XLV,ヘルスケア,defensive,Improving,5.0,2.0,0.0
2026-05-22,149.23184204101562,0.7251901536667339,0.7231794052432883,99.07135768005568,100.83800451298154,XLV,ヘルスケア,defensive,Improving,6.0,4.0,3.0
2026-05-26,147.85791015625,0.7148455545163631,0.72040145500098,98.98970011226375,100.53951935945273,XLV,ヘルスケア,defensive,Improving,7.0,4.0,2.0
2026-05-27,148.1366729736328,0.7167110131506852,0.7191713077175484,98.97146459627245,100.06435754194452,XLV,ヘルスケア,defensive,Improving,7.0,3.0,0.0
2026-05-28,150.21751403808594,0.7241261469747348,0.7208229208032773,99.06937233956668,100.20648830610453,XLV,ヘルスケア,defensive,Improving,7.0,3.0,1.0
2026-05-29,148.81369018554688,0.7153666246487864,0.719004155418447,99.02426247411199,100.00529684265494,XLV,ヘルスケア,defensive,Improving,9.0,4.0,2.0
2026-06-01,147.1908416748047,0.7062801707408309,0.714762827192575,98.88122605038637,99.55935517580045,XLV,ヘルスケア,defensive,Lagging,9.0,3.0,-1.0
2026-06-02,145.75717163085938,0.6966371323614942,0.708720928915548,98.66897737803359,99.2967687509653,XLV,ヘルスケア,defensive,Lagging,8.0,1.0,-3.0
2026-06-03,146.90213012695312,0.7047600879147651,0.7074006485819537,98.65502578441759,99.31917804174383,XLV,ヘルスケア,defensive,Lagging,9.0,2.0,-1.0
2026-06-04,151.4122314453125,0.7209534737548925,0.7119182569729334,98.87958831401626,99.59148103026723,XLV,ヘルスケア,defensive,Lagging,9.0,2.0,-1.0
2026-06-05,152.33815002441406,0.7358327457903646,0.7198897532454105,99.24372773250506,100.43759698078384,XLV,ヘルスケア,defensive,Improving,10.0,1.0,-3.0
2026-06-08,151.97972106933594,0.7348793911272261,0.7248862992060158,99.48228593684085,101.20462755328144,XLV,ヘルスケア,defensive,Improving,10.0,1.0,-2.0
2026-06-09,153.8913116455078,0.7385023066158477,0.7294249683426265,99.70532695501088,102.00818301756816,XLV,ヘルスケア,defensive,Improving,10.0,2.0,1.0
2026-06-10,152.17886352539062,0.7396902439550801,0.7328467268801111,99.88526378246372,102.26494582134123,XLV,ヘルスケア,defensive,Improving,10.0,1.0,-1.0
2026-06-11,153.4134063720703,0.7342433750610251,0.7333122762737492,99.93536471506076,101.86066677286264,XLV,ヘルスケア,defensive,Improving,10.0,1.0,-1.0
2026-06-12,153.13462829589844,0.7263297446375285,0.7309847657283424,99.854138565085,101.01306740635891,XLV,ヘルスケア,defensive,Improving,10.0,0.0,-1.0
2026-06-15,152.2186737060547,0.7178137017914469,0.7265944110827105,99.6674347856865,100.22109475039795,XLV,ヘルスケア,defensive,Improving,10.0,0.0,-1.0
2026-06-16,152.26846313476562,0.7204513999940799,0.7245467407198337,99.58999052742872,99.65903990196472,XLV,ヘルスケア,defensive,Lagging,9.0,-1.0,-3.0
2026-06-17,150.04824829101562,0.7207491023217598,0.7232808612538091,99.54937139990447,99.2406257460105,XLV,ヘルスケア,defensive,Lagging,8.0,-2.0,-3.0
2026-06-18,148.74398803710938,0.7111832728952047,0.719248331800941,99.36016585274719,98.78430661232906,XLV,ヘルスケア,defensive,Lagging,8.0,-2.0,-3.0
2026-06-22,150.05999755859375,0.715900945191749,0.7181325362645438,99.323957321396,98.86191412273091,XLV,ヘルスケア,defensive,Lagging,8.0,-2.0,-2.0
2026-06-23,152.17999267578125,0.7285173685692612,0.7215941470327829,99.53976548116381,99.59435863829512,XLV,ヘルスケア,defensive,Lagging,8.0,-2.0,-2.0
2026-06-24,153.35000610351562,0.7289191108676694,0.7240358016444117,99.70241089762428,100.03635411495586,XLV,ヘルスケア,defensive,Improving,8.0,-1.0,0.0
2026-06-25,155.6300048828125,0.7349705071207202,0.7276807034698479,99.93957877446162,100.56025691657786,XLV,ヘルスケア,defensive,Improving,8.0,0.0,2.0
2026-06-26,160.33999633789062,0.7623983557568101,0.7392532542321687,100.65914940267376,102.21290722023554,XLV,ヘルスケア,defensive,Leading,9.0,1.0,3.0
2026-06-29,160.74000549316406,0.7544707964829942,0.7443257683157772,101.00329869860174,102.70371640640343,XLV,ヘルスケア,defensive,Leading,10.0,2.0,4.0
2026-06-30,158.66000366210938,0.7456878341692308,0.7447797902669284,101.07533028265226,102.3099833230543,XLV,ヘルスケア,defensive,Leading,10.0,2.0,4.0
2026-07-01,159.5399932861328,0.7475750459136462,0.7457115421491678,101.18431114905778,102.11764618613847,XLV,ヘルスケア,defensive,Leading,10.0,2.0,3.0
2026-07-02,163.74000549316406,0.7619003429482186,0.7511078090821848,101.5920338829784,102.27590227271972,XLV,ヘルスケア,defensive,Leading,11.0,3.0,3.0
2026-07-06,161.9600067138672,0.7533023568086846,0.7518393249910181,101.69153495958983,101.27060277741509,XLV,ヘルスケア,defensive,Leading,11.0,2.0,1.0
2026-07-07,164.44000244140625,0.765798936866075,0.7564925289493705,102.02967633873226,101.2245277051035,XLV,ヘルスケア,defensive,Leading,11.0,1.0,-1.0
2026-07-08,162.3000030517578,0.7648445117147881,0.7592765232045098,102.21907062692165,101.35644304659901,XLV,ヘルスケア,defensive,Leading,11.0,1.0,-1.0
2026-07-09,162.1699981689453,0.7595784457561842,0.7593771640550679,102.2153032442689,101.14861441056529,XLV,ヘルスケア,defensive,Leading,11.0,1.0,-1.0
2026-07-10,160.83999633789062,0.7505366031144876,0.756430310408208,102.01147975528608,100.21455140647865,XLV,ヘルスケア,defensive,Leading,11.0,0.0,-3.0
2026-07-13,161.41000366210938,0.7534425938531645,0.7554344048898602,101.93429194432237,99.92801138324916,XLV,ヘルスケア,defensive,Weakening,11.0,0.0,-2.0
2026-07-14,158.2899932861328,0.7415788032291015,0.7508158710029407,101.61569225236661,98.91336877346473,XLV,ヘルスケア,defensive,Weakening,10.0,-1.0,-2.0
2026-07-15,158.2899932861328,0.7432501872509977,0.7482939764189598,101.44380841197507,98.36780744927779,XLV,ヘルスケア,defensive,Weakening,10.0,-1.0,-2.0
2026-07-16,161.8000030517578,0.7523482046338018,0.7496453858239072,101.52262005387468,98.48622675721894,XLV,ヘルスケア,defensive,Weakening,10.0,-1.0,-2.0
2026-07-17,161.08999633789062,0.7549796129929911,0.7514234615469352,101.60781279361261,98.89136012954155,XLV,ヘルスケア,defensive,Weakening,10.0,-1.0,-1.0
2026-07-20,159.25,0.7496940089103226,0.750846977334731,101.53072886645248,98.86021854784168,XLV,ヘルスケア,defensive,Weakening,10.0,-1.0,-1.0
2026-07-21,160.25,0.7531961089369703,0.7516300212021442,101.5337229591571,99.34160731654092,XLV,ヘルスケア,defensive,Weakening,10.0,0.0,1.0
2026-07-22,159.42999267578125,0.7495533378619488,0.7509377934220791,101.44054065523132,99.43603262257602,XLV,ヘルスケア,defensive,Weakening,10.0,0.0,1.0
2026-07-23,161.44000244140625,0.761796922594838,0.7545575031463322,101.60817656291206,99.5613324969105,XLV,ヘルスケア,defensive,Weakening,10.0,0.0,1.0
2026-07-24,162.57000732421875,0.7612024242590517,0.756772476850572,101.67588850626895,99.52362187161965,XLV,ヘルスケア,defensive,Weakening,10.0,0.0,1.0
2026-07-27,163.39999389648438,0.7593642506656486,0.7576364014555976,101.65805908386008,99.61619656598226,XLV,ヘルスケア,defensive,Weakening,10.0,0.0,1.0
2026-07-28,167.25999450683594,0.768340266576348,0.7612043564958478,101.7892354340706,99.82985526651323,XLV,ヘルスケア,defensive,Weakening,10.0,0.0,0.0
2026-07-29,166.24000549316406,0.7705929114425076,0.7643338748114012,101.88116502430479,100.1441938489198,XLV,ヘルスケア,defensive,Leading,11.0,1.0,1.0
2026-07-30,163.52000427246094,0.7592162715449449,0.7626280070559158,101.7104605342449,99.56608355143277,XLV,ヘルスケア,defensive,Weakening,11.0,1.0,1.0
2026-07-31,162.5500030517578,0.7560113818178334,0.7604224653098883,101.5277294460011,99.15394949311332,XLV,ヘルスケア,defensive,Weakening,10.0,0.0,0.0
2026-08-03,162.24000549316406,0.747270991833937,0.7560386408179045,101.24313145045517,98.73882536567362,XLV,ヘルスケア,defensive,Weakening,10.0,0.0,0.0
2026-08-04,162.10000610351562,0.736048718377401,0.7493753333377366,100.8490940986894,97.96117316460887,XLV,ヘルスケア,defensive,Weakening,10.0,0.0,0.0
2024-08-05,40.58041000366211,0.2575175516697628,0.2575175516697628,,,XLE,エネルギー,rate_sensitive,,,,
2024-08-06,40.82919692993164,0.25646598966020573,0.25716703099991045,,,XLE,エネルギー,rate_sensitive,,,,
2024-08-07,40.99349594116211,0.25932670805199104,0.257886923350604,,,XLE,エネルギー,rate_sensitive,,,,
2024-08-08,41.87598419189453,0.26019417208788326,0.2586560062630304,,,XLE,エネルギー,rate_sensitive,,,,
2024-08-09,41.9698600769043,0.2602298137733103,0.2591806087664571,,,XLE,エネルギー,rate_sensitive,,,,
2024-08-12,42.1764030456543,0.2627718592815774,0.2603776922714972,,,XLE,エネルギー,rate_sensitive,,,,
2024-08-13,41.76802062988281,0.2572953853731349,0.2593502566387098,,,XLE,エネルギー,rate_sensitive,,,,
2024-08-14,42.01211166381836,0.25826014742737485,0.25898688690159816,,,XLE,エネルギー,rate_sensitive,,,,
2024-08-15,42.51437759399414,0.2578502474137675,0.2586080070723213,,,XLE,エネルギー,rate_sensitive,,,,
2024-08-16,42.46743392944336,0.2569471814241071,0.25805439852291656,,,XLE,エネルギー,rate_sensitive,,,,
2024-08-19,42.75377655029297,0.2567254432570747,0.2576114134343026,,,XLE,エネルギー,rate_sensitive,,,,
2024-08-20,41.627193450927734,0.2509522891827823,0.2553917053504625,,,XLE,エネルギー,rate_sensitive,,,,
2024-08-21,41.697608947753906,0.24962907713697427,0.25347082927929976,,,XLE,エネルギー,rate_sensitive,,,,
2024-08-22,41.805572509765625,0.2509879127265585,0.252643190428386,,,XLE,エネルギー,rate_sensitive,,,,
2024-08-23,42.42988586425781,0.2515355265205105,0.25227396912576083,,,XLE,エネルギー,rate_sensitive,,,,
2024-08-26,42.81010437011719,0.25383321123911023,0.2527937164968773,,,XLE,エネルギー,rate_sensitive,,,,
2024-08-27,42.41110610961914,0.2513520739532567,0.25231316898233713,,,XLE,エネルギー,rate_sensitive,,,,
2024-08-28,42.13884735107422,0.25042795016743946,0.2516847627107046,,,XLE,エネルギー,rate_sensitive,,,,
2024-08-29,42.68805694580078,0.25274697923306017,0.25203883488482315,,,XLE,エネルギー,rate_sensitive,,,,
2024-08-30,42.84766387939453,0.2517446227803748,0.2519407641833404,,,XLE,エネルギー,rate_sensitive,,,,
2024-09-03,41.78209686279297,0.24867969330523315,0.25085374055730464,,,XLE,エネルギー,rate_sensitive,,,,
2024-09-04,41.20472717285156,0.24559695111203758,0.2491014774088823,,,XLE,エネルギー,rate_sensitive,,,,
2024-09-05,40.88553237915039,0.2451936055235755,0.2477988534471134,,,XLE,エネルギー,rate_sensitive,,,,
2024-09-06,40.373870849609375,0.2447531172249753,0.24678360803973404,,,XLE,エネルギー,rate_sensitive,,,,
2024-09-09,40.6649055480957,0.24415394363163584,0.24590705323703466,,,XLE,エネルギー,rate_sensitive,,,,
2024-09-10,39.96548843383789,0.23981523031636884,0.24387644559681274,,,XLE,エネルギー,rate_sensitive,,,,
2024-09-11,39.59465026855469,0.23747966568207765,0.24174418562523436,,,XLE,エネルギー,rate_sensitive,,,,
2024-09-12,39.9514045715332,0.23814034794752217,0.24054290639933032,,,XLE,エネルギー,rate_sensitive,,,,
2024-09-13,40.176719665527344,0.23721190093110092,0.23943257124325384,,,XLE,エネルギー,rate_sensitive,,,,
2024-09-16,40.63673782348633,0.23819939233052068,0.23902151160567614,,,XLE,エネルギー,rate_sensitive,,,,
2024-09-17,41.18595504760742,0.24106316018766247,0.23970206113300493,,,XLE,エネルギー,rate_sensitive,,,,
2024-09-18,41.26575469970703,0.24198251733203244,0.24046221319934746,,,XLE,エネルギー,rate_sensitive,,,,
2024-09-19,41.75862503051758,0.24228773321812236,0.24107071987227244,,,XLE,エネルギー,rate_sensitive,,,,
2024-09-20,41.66474914550781,0.2426286170047718,0.24159001891643891,,,XLE,エネルギー,rate_sensitive,,,,
2024-09-23,42.17921447753906,0.24437328456223367,0.24251777413170383,,,XLE,エネルギー,rate_sensitive,,,,
2024-09-24,42.0750846862793,0.24341374318822137,0.24281643048387636,,,XLE,エネルギー,rate_sensitive,,,,
2024-09-25,41.25157165527344,0.24013424251909643,0.24192236782894974,,,XLE,エネルギー,rate_sensitive,,,,
2024-09-26,40.44224548339844,0.2334687147678163,0.2391044834752386,,,XLE,エネルギー,rate_sensitive,,,,
2024-09-27,41.26577377319336,0.23737079811068418,0.23852658835372048,,,XLE,エネルギー,rate_sensitive,,,,
2024-09-30,41.554473876953125,0.23872460895930175,0.23859259522224757,,,XLE,エネルギー,rate_sensitive,,,,
2024-10-01,42.50104522705078,0.2454641088247274,0.24088309975640754,,,XLE,エネルギー,rate_sensitive,,,,
2024-10-02,42.936466217041016,0.24824349913164134,0.24333656621481883,,,XLE,エネルギー,rate_sensitive,,,,
2024-10-03,43.6937255859375,0.25381941889911885,0.24683085044291886,,,XLE,エネルギー,rate_sensitive,,,,
2024-10-04,44.10074996948242,0.25418963643468334,0.24928377910684035,,,XLE,エネルギー,rate_sensitive,,,,
2024-10-07,44.256935119628906,0.25709113616842866,0.25188623146070316,,,XLE,エネルギー,rate_sensitive,,,,
2024-10-08,43.10211944580078,0.2497905766801507,0.2511876798671857,,,XLE,エネルギー,rate_sensitive,,,,
2024-10-09,43.3624267578125,0.24958466960990033,0.2506533431147573,,,XLE,エネルギー,rate_sensitive,,,,
2024-10-10,43.655860900878906,0.2522186141700214,0.2511751001331787,,,XLE,エネルギー,rate_sensitive,,,,
2024-10-11,43.925636291503906,0.25130859040637954,0.25121959689091233,,,XLE,エネルギー,rate_sensitive,,,,
2024-10-14,43.90669631958008,0.24937052227801693,0.2506032386866139,,,XLE,エネルギー,rate_sensitive,,,,
2024-10-15,42.4915771484375,0.24243019396048707,0.24787889044457162,,,XLE,エネルギー,rate_sensitive,,,,
2024-10-16,42.695091247558594,0.2419550531017514,0.24590427799696488,,,XLE,エネルギー,rate_sensitive,,,,
2024-10-17,42.89860153198242,0.24349717077939806,0.2451019089244426,,,XLE,エネルギー,rate_sensitive,,,,
2024-10-18,42.75661849975586,0.24197066661370326,0.2440581614875295,,,XLE,エネルギー,rate_sensitive,,,,
2024-10-21,42.62883377075195,0.2433211991645435,0.2438125073798675,,,XLE,エネルギー,rate_sensitive,,,,
2024-10-22,42.728214263916016,0.24498897642617487,0.24420466372863664,,,XLE,エネルギー,rate_sensitive,,,,
2024-10-23,42.505775451660156,0.24451721854513905,0.24430884866747077,,,XLE,エネルギー,rate_sensitive,,,,
2024-10-24,42.50104522705078,0.24443535958787652,0.2443510189742727,,,XLE,エネルギー,rate_sensitive,,,,
2024-10-25,42.48684310913086,0.2455198252203439,0.24474062105629646,,,XLE,エネルギー,rate_sensitive,,,,
2024-10-28,42.217071533203125,0.24258525855575416,0.24402216688944903,,,XLE,エネルギー,rate_sensitive,,,,
2024-10-29,41.57340621948242,0.2396090515436247,0.24255112844084092,,,XLE,エネルギー,rate_sensitive,,,,
2024-10-30,41.668060302734375,0.24068019730650497,0.24192748472939563,,,XLE,エネルギー,rate_sensitive,,,,
2024-10-31,41.92837142944336,0.2447939745686022,0.2428829813424645,99.19277147154176,,XLE,エネルギー,rate_sensitive,,4.0,,
2024-11-01,41.663326263427734,0.24309485661803135,0.24295360643432012,99.22962983108062,,XLE,エネルギー,rate_sensitive,,5.0,,
2024-11-04,42.392189025878906,0.24705346133591716,0.2443202247348525,99.46637130678435,,XLE,エネルギー,rate_sensitive,,5.0,,
2024-11-05,42.67615509033203,0.24584087954851747,0.24482710967274082,99.57073190193955,,XLE,エネルギー,rate_sensitive,,5.0,,
2024-11-06,44.28059387207031,0.24918398355473448,0.24627940096673873,99.83237814179537,,XLE,エネルギー,rate_sensitive,,6.0,,
2024-11-07,44.077083587646484,0.24779491334448223,0.24678457175931992,99.94708626233627,,XLE,エネルギー,rate_sensitive,,6.0,2.0,
2024-11-08,44.370521545410156,0.24806249858176466,0.2472105473668015,100.05846354132582,,XLE,エネルギー,rate_sensitive,,6.0,1.0,
2024-11-11,44.621360778808594,0.2482244342597798,0.24754850966446096,100.15920408125679,,XLE,エネルギー,rate_sensitive,,6.0,1.0,
2024-11-12,44.38471603393555,0.2488040916207037,0.24796703698320854,100.28247094835037,,XLE,エネルギー,rate_sensitive,,6.0,1.0,
2024-11-13,44.730220794677734,0.2506043823114038,0.248846152092607,100.50734920463444,,XLE,エネルギー,rate_sensitive,,6.0,0.0,
2024-11-14,44.90060043334961,0.2535880449318599,0.25042678303902466,100.89288780758775,,XLE,エネルギー,rate_sensitive,,7.0,1.0,-1.0
2024-11-15,44.83434295654297,0.25503315480877525,0.2519622402956082,101.2867277497362,,XLE,エネルギー,rate_sensitive,,7.0,1.0,0.0
2024-11-18,45.43067932128906,0.2573868912666826,0.25377045728596637,101.7118277677298,,XLE,エネルギー,rate_sensitive,,8.0,2.0,1.0
2024-11-19,45.14197540283203,0.2564429189522611,0.25466127784139797,101.89278877378814,,XLE,エネルギー,rate_sensitive,,8.0,2.0,1.0
2024-11-20,45.5963249206543,0.25815485157698,0.2558258024199253,102.09802122713833,,XLE,エネルギー,rate_sensitive,,8.0,2.0,2.0
2024-11-21,45.96549606323242,0.2570074845753862,0.25621969647174564,102.1194687454274,,XLE,エネルギー,rate_sensitive,,10.0,3.0,2.0
2024-11-22,46.03649139404297,0.2553927267971488,0.2559440399135467,102.01303726609957,,XLE,エネルギー,rate_sensitive,,10.0,3.0,2.0
2024-11-25,45.12778091430664,0.24810489853559523,0.2533309927875629,101.45673691757598,,XLE,エネルギー,rate_sensitive,,9.0,1.0,-1.0
2024-11-26,45.066253662109375,0.24774019616477977,0.25146739391330186,101.07060432908865,,XLE,エネルギー,rate_sensitive,,8.0,0.0,-2.0
2024-11-27,45.0189208984375,0.24771812277763083,0.2502176368680782,100.82147074902302,,XLE,エネルギー,rate_sensitive,,7.0,-1.0,-3.0
2024-11-29,45.21296691894531,0.24803006216996976,0.24948844530204206,100.68213860483552,,XLE,エネルギー,rate_sensitive,,7.0,-3.0,-6.0
2024-12-02,44.734947204589844,0.2460240269870802,0.2483336391970548,100.44951409558715,,XLE,エネルギー,rate_sensitive,,7.0,-3.0,-6.0
2024-12-03,44.730220794677734,0.24709383774160948,0.2479203720452397,100.36643496461193,,XLE,エネルギー,rate_sensitive,,7.0,-2.0,-3.0
2024-12-04,43.65113067626953,0.2411199188557679,0.24565355431541577,99.89110846906146,,XLE,エネルギー,rate_sensitive,,6.0,-2.0,-2.0
2024-12-05,43.82150650024414,0.24327527306232083,0.24486079389771748,99.72885560337885,,XLE,エネルギー,rate_sensitive,,6.0,-1.0,0.0
2024-12-06,43.07844924926758,0.23942138791153145,0.24304765856898883,99.35465197872774,,XLE,エネルギー,rate_sensitive,,6.0,-1.0,2.0
2024-12-09,43.00746154785156,0.2400118773876866,0.24203573150855476,99.14965337079515,,XLE,エネルギー,rate_sensitive,,5.0,-2.0,1.0
2024-12-10,42.714027404785156,0.239843763052768,0.24130507535662585,98.99815447888898,,XLE,エネルギー,rate_sensitive,,5.0,-2.0,0.0
2024-12-11,42.7850227355957,0.24001983616439304,0.24087666229254825,98.90522740003773,,XLE,エネルギー,rate_sensitive,,5.0,-1.0,1.0
2024-12-12,42.43951416015625,0.23895417833200755,0.24023583430570136,98.76266277738857,,XLE,エネルギー,rate_sensitive,,5.0,-1.0,0.0
2024-12-13,42.226539611816406,0.2385903576460502,0.23968734208581766,98.63968522758091,,XLE,エネルギー,rate_sensitive,,5.0,-1.0,0.0
2024-12-16,41.29889678955078,0.23412006989612894,0.23783158468925475,98.26836126837068,,XLE,エネルギー,rate_sensitive,,3.0,-2.0,0.0
2024-12-17,40.99126052856445,0.23422088648975908,0.2366280186227562,98.06689973611131,,XLE,エネルギー,rate_sensitive,,2.0,-3.0,-1.0
2024-12-18,39.77964782714844,0.2342286014525593,0.23582821289935724,97.97302013906612,,XLE,エネルギー,rate_sensitive,,1.0,-4.0,-3.0
2024-12-19,39.43415832519531,0.23296731687480737,0.23487458089117397,97.87255994011397,,XLE,エネルギー,rate_sensitive,,1.0,-4.0,-3.0
2024-12-20,39.82224655151367,0.2320106849042279,0.2339199488955253,97.79856680843066,,XLE,エネルギー,rate_sensitive,,1.0,-4.0,-3.0
2024-12-23,40.05609893798828,0.23305540453249118,0.2336317674411806,97.85269765030957,,XLE,エネルギー,rate_sensitive,,1.0,-2.0,0.0
2024-12-24,40.394954681396484,0.23326697007930547,0.2335101683205556,97.92475289215079,,XLE,エネルギー,rate_sensitive,,1.0,-1.0,2.0
2024-12-26,40.36154556274414,0.2326941109209284,0.23323814918734653,97.94716689427906,,XLE,エネルギー,rate_sensitive,,1.0,0.0,4.0
2024-12-27,40.35676956176758,0.23425988271511117,0.23357872702993476,98.05943756843932,,XLE,エネルギー,rate_sensitive,,1.0,0.0,4.0
2024-12-30,40.35200500488281,0.23661594450509318,0.2345911328549876,98.26543941606762,,XLE,エネルギー,rate_sensitive,,2.0,1.0,5.0
2024-12-31,40.88175964355469,0.2392845506904458,0.236155605466807,98.5542555188842,,XLE,エネルギー,rate_sensitive,,4.0,3.0,5.0
2025-01-02,41.35901641845703,0.24278459358974497,0.238365268174453,98.93456635499464,,XLE,エネルギー,rate_sensitive,,4.0,3.0,4.0
2025-01-03,41.7455940246582,0.24283014302701475,0.2398535597919736,99.1952322698885,,XLE,エネルギー,rate_sensitive,,4.0,3.0,3.0
2025-01-06,41.554691314697266,0.24188430743760106,0.24053047567384944,99.32549845265761,,XLE,エネルギー,rate_sensitive,,5.0,4.0,4.0
2025-01-07,41.96990203857422,0.24512196034865014,0.24206097056544967,99.59148149753274,,XLE,エネルギー,rate_sensitive,,6.0,4.0,3.0
2025-01-08,42.012855529785156,0.24507974302429342,0.24306722805173092,99.77279277043382,,XLE,エネルギー,rate_sensitive,,7.0,3.0,0.0
2025-01-10,42.184661865234375,0.24973239222113644,0.2452889494415328,100.1499635949726,,XLE,エネルギー,rate_sensitive,,7.0,3.0,0.0
2025-01-13,43.072364807128906,0.2529146250784313,0.24783084132049898,100.58072601811776,,XLE,エネルギー,rate_sensitive,,7.0,3.0,0.0
2025-01-14,43.535301208496094,0.2535858594926131,0.24974918071120372,100.90583272134722,,XLE,エネルギー,rate_sensitive,,11.0,6.0,2.0
2025-01-15,44.179595947265625,0.2548923442606715,0.2514635685610263,101.18548895826369,,XLE,エネルギー,rate_sensitive,,11.0,5.0,1.0
2025-01-16,44.49935531616211,0.25473106584456784,0.2525527343222068,101.33761303434135,,XLE,エネルギー,rate_sensitive,,11.0,4.0,1.0
2025-01-17,44.84298324584961,0.25545775962474826,0.25352107608972063,101.45146372645546,,XLE,エネルギー,rate_sensitive,,11.0,4.0,1.0
2025-01-21,44.61389923095703,0.25123623892587876,0.2527594637017734,101.2913130823814,,XLE,エネルギー,rate_sensitive,,10.0,3.0,0.0
2025-01-22,43.80256271362305,0.24753712761898192,0.25101868500750957,100.98928321590968,,XLE,エネルギー,rate_sensitive,,9.0,-2.0,-8.0
2025-01-23,44.00300216674805,0.2474970558141427,0.24984480860972064,100.78535641257467,,XLE,エネルギー,rate_sensitive,,9.0,-2.0,-7.0
2025-01-24,43.578243255615234,0.24532326142396982,0.2483376262144704,100.53749886943656,,XLE,エネルギー,rate_sensitive,,6.0,-5.0,-9.0
2025-01-27,43.12486267089844,0.24261115829118532,0.24642880357337538,100.23351498883063,,XLE,エネルギー,rate_sensitive,,7.0,-4.0,-8.0
2025-01-28,42.714420318603516,0.2414942891955908,0.24478396544744718,99.97520392674282,,XLE,エネルギー,rate_sensitive,,6.0,-4.0,-7.0
2025-01-29,42.809871673583984,0.24283709243723955,0.24413500777737798,99.87522593014486,,XLE,エネルギー,rate_sensitive,,6.0,-3.0,-1.0
2025-01-30,43.0294075012207,0.2415045324889393,0.24325818268123178,99.7401048447595,,XLE,エネルギー,rate_sensitive,,6.0,-3.0,-1.0
2025-01-31,41.826725006103516,0.2366973074776629,0.24107122428004218,99.40298983627417,,XLE,エネルギー,rate_sensitive,,5.0,-1.0,4.0
2025-02-03,42.089210510253906,0.23949092305847638,0.24054445720618692,99.32555541947613,,XLE,エネルギー,rate_sensitive,,4.0,-3.0,1.0
2025-02-04,42.972137451171875,0.2442167637950132,0.24176855940246234,99.51947103753774,,XLE,エネルギー,rate_sensitive,,4.0,-2.0,2.0
2025-02-05,43.06282043457031,0.24354452725222153,0.2423605486857154,99.61322026566995,,XLE,エネルギー,rate_sensitive,,4.0,-2.0,1.0
2025-02-06,42.27057647705078,0.23938077055485812,0.241367289308763,99.46729107907773,,XLE,エネルギー,rate_sensitive,,2.0,-4.0,-1.0
2025-02-07,42.26580047607422,0.2405357689007174,0.24109011583941448,99.43498004843477,,XLE,エネルギー,rate_sensitive,,1.0,-4.0,-3.0
2025-02-10,43.19645309448242,0.2451384242927637,0.2424395519905309,99.65337401766773,100.30827323399274,XLE,エネルギー,rate_sensitive,Improving,1.0,-3.0,0.0
2025-02-11,43.54484939575195,0.24708821736623277,0.24398910711576488,99.89977707732972,100.36543392516502,XLE,エネルギー,rate_sensitive,Improving,2.0,-2.0,0.0
2025-02-12,42.4948844909668,0.2425392869186083,0.2435058337167127,99.83390797811593,100.22226799336123,XLE,エネルギー,rate_sensitive,Improving,1.0,-3.0,-1.0
2025-02-13,42.81464385986328,0.24226124441564145,0.24309097061635565,99.78030174214697,100.31825957632198,XLE,エネルギー,rate_sensitive,Improving,1.0,-1.0,3.0
2025-02-14,42.98645782470703,0.2434752017738712,0.24321904766886085,99.81147175754009,100.38605445574956,XLE,エネルギー,rate_sensitive,Improving,1.0,0.0,4.0
2025-02-18,43.57347869873047,0.24492001977795685,0.24378603837189286,99.91176476113064,100.27854666158629,XLE,エネルギー,rate_sensitive,Improving,2.0,1.0,4.0
2025-02-19,43.91710662841797,0.24635197015994145,0.24464134896790907,100.06000825419756,100.19638005997591,XLE,エネルギー,rate_sensitive,Leading,4.0,2.0,4.0
2025-02-20,44.31800079345703,0.24922779849891374,0.24617016547824397,100.3183903993771,100.53200243114479,XLE,エネルギー,rate_sensitive,Leading,5.0,4.0,7.0
2025-02-21,43.39689636230469,0.24752223976870555,0.24662085690839783,100.41553150041364,100.70807218444158,XLE,エネルギー,rate_sensitive,Leading,4.0,3.0,4.0
2025-02-24,43.406436920166016,0.24737030096437299,0.2468706715937229,100.48698386780224,100.77841419122149,XLE,エネルギー,rate_sensitive,Leading,5.0,4.0,4.0
2025-02-25,42.78123092651367,0.24356370373517064,0.2457683489742055,100.34157163943483,100.55681900221698,XLE,エネルギー,rate_sensitive,Leading,5.0,3.0,2.0
2025-02-26,42.53783416748047,0.24268988182298806,0.24474219325713303,100.20493776016853,100.27943975741331,XLE,エネルギー,rate_sensitive,Leading,5.0,1.0,-1.0
2025-02-27,42.76691818237305,0.24614658897300334,0.24521032516242317,100.33145324143491,100.15158792704842,XLE,エネルギー,rate_sensitive,Leading,5.0,0.0,-4.0
2025-02-28,43.43030548095703,0.24721786921666225,0.24587950651383622,100.48985231086259,100.21181555375077,XLE,エネルギー,rate_sensitive,Leading,5.0,1.0,-2.0
2025-03-03,41.912628173828125,0.24114849355169435,0.24430250219312227,100.21618964152388,99.83047853750853,XLE,エネルギー,rate_sensitive,Weakening,5.0,0.0,-4.0
2025-03-04,41.5069580078125,0.24273609860214812,0.2437803676627976,100.13692449804263,99.88203401233919,XLE,エネルギー,rate_sensitive,Weakening,5.0,0.0,-3.0
2025-03-05,40.90084457397461,0.23698893008047964,0.2415165551353583,99.71301506171882,99.54386607008192,XLE,エネルギー,rate_sensitive,Lagging,4.0,-1.0,-2.0
2025-03-06,41.024932861328125,0.24036949855976417,0.2411342029434936,99.65671789201849,99.31196193577586,XLE,エネルギー,rate_sensitive,Lagging,4.0,-1.0,-1.0
2025-03-07,41.72650146484375,0.24221079747984875,0.24149306778894536,99.74725507892987,99.22400744800713,XLE,エネルギー,rate_sensitive,Lagging,4.0,-1.0,-2.0
2025-03-10,42.036720275878906,0.24749944052691,0.24349519203493358,100.15999985719728,99.9863625657322,XLE,エネルギー,rate_sensitive,Weakening,4.0,-1.0,-1.0
2025-03-11,41.70263671875,0.2488466020308545,0.24527899536690725,100.52044832542538,100.4724585366729,XLE,エネルギー,rate_sensitive,Leading,6.0,1.0,1.0
2025-03-12,41.89353942871094,0.25116940256841797,0.2472424644340775,100.8993046235102,101.36879909186625,XLE,エネルギー,rate_sensitive,Leading,6.0,2.0,3.0
2025-03-13,41.6071891784668,0.2518672036471469,0.2487840441717673,101.1750983944354,101.69854657425815,XLE,エネルギー,rate_sensitive,Leading,6.0,2.0,3.0
2025-03-14,42.83850860595703,0.254469727780569,0.25067927204136786,101.49615140436315,101.89672740310047,XLE,エネルギー,rate_sensitive,Leading,6.0,2.0,3.0
2025-03-17,43.52098083496094,0.2550814784076183,0.2521466741634514,101.70854939491235,101.60476052812965,XLE,エネルギー,rate_sensitive,Leading,8.0,4.0,5.0
2025-03-18,43.592567443847656,0.25683670429264877,0.25371001753985056,101.91196430767391,101.37827995904772,XLE,エネルギー,rate_sensitive,Leading,10.0,4.0,3.0
2025-03-19,44.30368423461914,0.2591063808293746,0.2555088053030252,102.12524603616083,101.15051871725456,XLE,エネルギー,rate_sensitive,Leading,10.0,4.0,2.0
2025-03-20,44.46595001220703,0.2611424302787952,0.2573866802949486,102.31940258858945,101.02484222354744,XLE,エネルギー,rate_sensitive,Leading,11.0,5.0,3.0
2025-03-21,44.155731201171875,0.2605139032153926,0.2584290879350966,102.35777150502328,100.67464560567464,XLE,エネルギー,rate_sensitive,Leading,11.0,5.0,3.0
2025-03-24,44.658836364746094,0.2594614747211892,0.2587732168637942,102.28935829813494,100.32479644883209,XLE,エネルギー,rate_sensitive,Leading,11.0,3.0,-1.0
2025-03-25,44.841609954833984,0.2611476326590169,0.25956468879553507,102.29875460676274,100.07250663187847,XLE,エネルギー,rate_sensitive,Leading,11.0,1.0,-3.0
2025-03-26,45.10614776611328,0.2631838005481667,0.26077105937974565,102.37042066771234,99.87948427463193,XLE,エネルギー,rate_sensitive,Weakening,11.0,1.0,-3.0
2025-03-27,44.66845703125,0.261302101008882,0.26094807325612446,102.29292782299731,99.53735106390307,XLE,エネルギー,rate_sensitive,Weakening,11.0,0.0,-5.0
2025-03-28,44.45682907104492,0.2641361365239992,0.26201076101208276,102.34668446941424,99.55309695477126,XLE,エネルギー,rate_sensitive,Weakening,11.0,0.0,-5.0
2025-03-31,44.94742202758789,0.264846484888999,0.2629560023043882,102.38060543492409,99.67646686912934,XLE,エネルギー,rate_sensitive,Weakening,11.0,0.0,-3.0
2025-04-01,45.21195983886719,0.26612870486067947,0.264013569823152,102.42230949458147,99.71759314216546,XLE,エネルギー,rate_sensitive,Weakening,11.0,0.0,-1.0
2025-04-02,45.27449035644531,0.26428691294297385,0.26410468419642597,102.32668144535664,99.52235959741137,XLE,エネルギー,rate_sensitive,Weakening,11.0,0.0,-1.0
2025-04-03,41.720054626464844,0.25572010500537595,0.261309824466076,101.85925603203437,99.07028632789489,XLE,エネルギー,rate_sensitive,Weakening,9.0,-2.0,-2.0
2025-04-04,37.88185501098633,0.24600644905698818,0.25620869932971335,101.10098569967843,98.16337881295328,XLE,エネルギー,rate_sensitive,Weakening,7.0,-4.0,-4.0
2025-04-07,37.63655471801758,0.2464676096166913,0.2529616694253727,100.61271066538806,97.6799081916863,XLE,エネルギー,rate_sensitive,Weakening,6.0,-5.0,-5.0
2025-04-08,36.765987396240234,0.24539522857951507,0.2504395224767535,100.2283189921304,97.38072032446928,XLE,エネルギー,rate_sensitive,Weakening,6.0,-5.0,-5.0
2025-04-09,39.61337661743164,0.24482146607390015,0.24856683700913573,99.93928343241049,97.36144796041559,XLE,エネルギー,rate_sensitive,Lagging,5.0,-6.0,-6.0
2025-04-10,37.02571105957031,0.236800732774319,0.24464480226419683,99.35636012346407,97.42536698537263,XLE,エネルギー,rate_sensitive,Lagging,3.0,-6.0,-4.0
2025-04-11,37.94437789916992,0.23905141187757512,0.2427803388019896,99.09092760185509,98.0149169914577,XLE,エネルギー,rate_sensitive,Lagging,2.0,-5.0,-1.0
2025-04-14,38.07905578613281,0.23687358820703075,0.24081142193700333,98.83092264150255,98.30328447467318,XLE,エネルギー,rate_sensitive,Lagging,1.0,-5.0,0.0
2025-04-15,38.02134323120117,0.23728097306494583,0.23963460564631753,98.7013257522141,98.59257729336316,XLE,エネルギー,rate_sensitive,Lagging,1.0,-5.0,0.0
2025-04-16,38.33397674560547,0.24234353815485546,0.24053758314916351,98.86630445998213,99.06161989116711,XLE,エネルギー,rate_sensitive,Lagging,1.0,-4.0,2.0
2025-04-17,39.199729919433594,0.24598850525075236,0.24235455718302648,99.15015339840949,99.94429472634127,XLE,エネルギー,rate_sensitive,Lagging,3.0,0.0,6.0
2025-04-21,38.17525100708008,0.24447437905777253,0.24306116447460852,99.27365872789275,100.36155732419823,XLE,エネルギー,rate_sensitive,Improving,4.0,2.0,7.0
2025-04-22,39.14682388305664,0.2446637759984192,0.24359536831587877,99.36978029882809,100.73227909370972,XLE,エネルギー,rate_sensitive,Improving,4.0,3.0,8.0
2025-04-23,39.074684143066406,0.24187300375315188,0.2430212467949698,99.30817463519514,100.79017171222473,XLE,エネルギー,rate_sensitive,Improving,4.0,3.0,8.0
2025-04-24,39.699951171875,0.24165476245762318,0.24256575201585429,99.26300577909569,100.56040393369867,XLE,エネルギー,rate_sensitive,Improving,4.0,3.0,7.0
2025-04-25,39.627803802490234,0.2415613215440182,0.2422309418585756,99.23321813262471,100.22565362810569,XLE,エネルギー,rate_sensitive,Improving,1.0,-2.0,-2.0
2025-04-28,39.90677261352539,0.24258097401724676,0.24234761924479933,99.26175478770162,100.10954348720881,XLE,エネルギー,rate_sensitive,Improving,1.0,-3.0,-5.0
2025-04-29,39.79133987426758,0.24047584291235083,0.24172369380064984,99.18492767685534,99.9103199798128,XLE,エネルギー,rate_sensitive,Lagging,1.0,-3.0,-6.0
2025-04-30,38.718753814697266,0.23366173256705566,0.2390363733894518,98.8339562127212,99.5922725939578,XLE,エネルギー,rate_sensitive,Lagging,1.0,-3.0,-6.0
2025-05-01,38.86305236816406,0.23485188473660862,0.2376415438385041,98.6702317711875,99.45578330488611,XLE,エネルギー,rate_sensitive,Lagging,1.0,-3.0,-6.0
2025-05-02,39.43061065673828,0.2341506919073301,0.23647792652811278,98.53907687437382,99.33579655552695,XLE,エネルギー,rate_sensitive,Lagging,1.0,0.0,2.0
2025-05-05,38.718753814697266,0.230688460077914,0.23454810437804655,98.32091527112955,99.07210210712978,XLE,エネルギー,rate_sensitive,Lagging,1.0,0.0,3.0
2025-05-06,38.72837448120117,0.23246905758771,0.2338550887812677,98.28149599812072,99.124202682905,XLE,エネルギー,rate_sensitive,Lagging,1.0,0.0,3.0
2025-05-07,38.742801666259766,0.23103402732610173,0.23291473496287907,98.22142990077116,99.44187179051387,XLE,エネルギー,rate_sensitive,Lagging,2.0,1.0,4.0
2025-05-08,39.25264358520508,0.23212154437098356,0.23265033809891392,98.24415430150381,99.64326038600862,XLE,エネルギー,rate_sensitive,Lagging,3.0,2.0,5.0
2025-05-09,39.64704132080078,0.23450818695610579,0.23326962105131122,98.36615131136399,99.91608489863368,XLE,エネルギー,rate_sensitive,Lagging,3.0,2.0,2.0
2025-05-12,40.68114471435547,0.23420541943613343,0.23358155384625195,98.44913086904855,100.24020056450593,XLE,エネルギー,rate_sensitive,Improving,3.0,2.0,2.0
2025-05-13,41.25350570678711,0.23696598855536533,0.23470969874928976,98.62220368824158,100.46741703088762,XLE,エネルギー,rate_sensitive,Improving,3.0,2.0,2.0
2025-05-14,41.00340270996094,0.23695614237514054,0.23545851329124,98.74071313091943,100.65102975412235,XLE,エネルギー,rate_sensitive,Improving,4.0,2.0,1.0
2025-05-15,41.17655563354492,0.2358073686843977,0.2355747984222926,98.78176113705747,100.66531334366678,XLE,エネルギー,rate_sensitive,Improving,4.0,1.0,-1.0
2025-05-16,41.11402893066406,0.23316008462629514,0.23476989382362679,98.72098658277359,100.47187459661762,XLE,エネルギー,rate_sensitive,Improving,4.0,1.0,-1.0
2025-05-19,40.580142974853516,0.2301579385640907,0.23323257540378145,98.58848860085885,100.24540900990904,XLE,エネルギー,rate_sensitive,Improving,4.0,1.0,-1.0
2025-05-20,40.20497512817383,0.22862720848455126,0.2316974530973714,98.47006731773133,99.94116793673473,XLE,エネルギー,rate_sensitive,Lagging,4.0,1.0,-1.0
2025-05-21,39.464271545410156,0.22941240231593538,0.2309357695035594,98.4448907986904,99.801133886257,XLE,エネルギー,rate_sensitive,Lagging,4.0,0.0,-2.0
2025-05-22,39.31036376953125,0.22924882825879137,0.2303734557553034,98.44385507178578,99.77167610134389,XLE,エネルギー,rate_sensitive,Lagging,3.0,-1.0,-2.0
2025-05-23,39.4354133605957,0.23090152883723672,0.23054948011594786,98.51669372218686,99.92921007910587,XLE,エネルギー,rate_sensitive,Lagging,3.0,-1.0,-2.0
2025-05-27,39.77690505981445,0.22863855202734099,0.22991250408641226,98.50497450735944,100.06824275556802,XLE,エネルギー,rate_sensitive,Improving,3.0,-1.0,-2.0
2025-05-28,39.271881103515625,0.22767157755584527,0.22916552857622327,98.48372859884009,100.17554661865736,XLE,エネルギー,rate_sensitive,Improving,3.0,-1.0,-2.0
2025-05-29,39.56527328491211,0.22881367561039856,0.22904824425428172,98.52454381099119,100.24565926184678,XLE,エネルギー,rate_sensitive,Improving,3.0,-1.0,-1.0
2025-05-30,39.21416091918945,0.22687313581132326,0.2283232081066289,98.5085652242349,100.22968884738725,XLE,エネルギー,rate_sensitive,Improving,2.0,-1.0,0.0
2025-06-02,39.72881317138672,0.2296683787849291,0.22877159833272898,98.59828872205136,100.24180754030986,XLE,エネルギー,rate_sensitive,Improving,2.0,-1.0,0.0
2025-06-03,40.200172424316406,0.23047452991500844,0.2293392421934888,98.69216081581864,100.3488017203971,XLE,エネルギー,rate_sensitive,Improving,2.0,-1.0,0.0
2025-06-04,39.41617202758789,0.2264885310720296,0.22838900515300242,98.64375580942504,100.30846192192463,XLE,エネルギー,rate_sensitive,Improving,2.0,-1.0,0.0
2025-06-05,39.37770080566406,0.22688051891420474,0.22788617640673653,98.63775851824444,100.24501195901881,XLE,エネルギー,rate_sensitive,Improving,2.0,-1.0,0.0
2025-06-06,40.11840057373047,0.22916903459605856,0.22831379580317723,98.71284869644091,100.32825421305941,XLE,エネルギー,rate_sensitive,Improving,2.0,0.0,1.0
2025-06-09,40.19535827636719,0.22957006208452,0.22873255123029151,98.78586190947142,100.30569067187288,XLE,エネルギー,rate_sensitive,Improving,2.0,0.0,1.0
2025-06-10,40.91201400756836,0.2325053215793065,0.22999014134662987,98.92749089192384,100.36044250401528,XLE,エネルギー,rate_sensitive,Improving,3.0,1.0,2.0
2025-06-11,41.503623962402344,0.23653911526986035,0.2321731326543734,99.14241090349394,100.66646495945817,XLE,エネルギー,rate_sensitive,Improving,5.0,3.0,4.0
2025-06-12,41.647911071777344,0.23680611811009208,0.23371746113961295,99.29796640208897,100.87688245881944,XLE,エネルギー,rate_sensitive,Improving,6.0,4.0,5.0
2025-06-13,42.37419128417969,0.24388368589757944,0.2371062027256018,99.6087358311763,101.18675807417681,XLE,エネルギー,rate_sensitive,Improving,6.0,4.0,4.0
2025-06-16,42.2491340637207,0.24084172066131374,0.2383513753708391,99.73432578866041,101.28129866601284,XLE,エネルギー,rate_sensitive,Improving,6.0,4.0,4.0
2025-06-17,42.6435432434082,0.24544781674106309,0.24071685582758046,99.95890316849875,101.40054187678967,XLE,エネルギー,rate_sensitive,Improving,7.0,4.0,3.0
2025-06-18,42.36457443237305,0.24381458970168768,0.2417494337856162,100.07031832049464,101.29423827572353,XLE,エネルギー,rate_sensitive,Leading,7.0,2.0,-1.0
2025-06-20,42.79745864868164,0.2459038372853538,0.2431342349521954,100.21832282196223,101.29744773136454,XLE,エネルギー,rate_sensitive,Leading,7.0,1.0,-3.0
2025-06-23,41.71517562866211,0.23758777186497892,0.24128541392312328,100.07633542037851,100.76620255792994,XLE,エネルギー,rate_sensitive,Leading,7.0,1.0,-3.0
2025-06-24,41.17210006713867,0.23229527037933817,0.23828869940852826,99.82342588902615,100.31875231943359,XLE,エネルギー,rate_sensitive,Improving,7.0,1.0,-3.0
2025-06-25,40.9926872253418,0.23296381230369534,0.23651373704025064,99.68018702580049,99.8827233588881,XLE,エネルギー,rate_sensitive,Lagging,7.0,0.0,-4.0
2025-06-26,41.579402923583984,0.23452820068493876,0.23585189158848002,99.64175619767688,99.71197340651369,XLE,エネルギー,rate_sensitive,Lagging,7.0,0.0,-2.0
2025-06-27,41.361209869384766,0.23244627123148282,0.23471668480281432,99.5514487448565,99.43362183038553,XLE,エネルギー,rate_sensitive,Lagging,6.0,-1.0,-2.0
2025-06-30,41.12360382080078,0.23003005327754503,0.23315447429439123,99.40687397017425,99.44439524523631,XLE,エネルギー,rate_sensitive,Lagging,6.0,-1.0,-2.0
2025-07-01,41.438785552978516,0.22910791295774321,0.23180562051550857,99.26977820314767,99.5983010838315,XLE,エネルギー,rate_sensitive,Lagging,6.0,-1.0,-2.0
2025-07-02,42.151580810546875,0.23251769441636877,0.23204297848246197,99.30437740658165,99.82475163425951,XLE,エネルギー,rate_sensitive,Lagging,5.0,-2.0,-2.0
2025-07-03,42.20006561279297,0.23166637878940435,0.23191744525144276,99.28540987686566,99.85455337302811,XLE,エネルギー,rate_sensitive,Lagging,5.0,-2.0,-2.0
2025-07-07,41.79275894165039,0.23127879659005815,0.23170456236431458,99.24869438212424,99.91746883989748,XLE,エネルギー,rate_sensitive,Lagging,5.0,-1.0,0.0
2025-07-08,42.91770553588867,0.2369109181412314,0.23344001428995353,99.53939361568631,100.4275960704039,XLE,エネルギー,rate_sensitive,Improving,6.0,0.0,1.0
2025-07-09,42.699501037597656,0.23500456848784732,0.23396153235591813,99.65541261769515,100.71734334939094,XLE,エネルギー,rate_sensitive,Improving,6.0,0.0,1.0
2025-07-10,43.024383544921875,0.23542880140005878,0.23445062203729836,99.77723709301148,100.81511088416781,XLE,エネルギー,rate_sensitive,Improving,6.0,1.0,3.0
2025-07-11,43.21833419799805,0.2382341093807669,0.2357117844851212,100.06334669049664,101.23662914685237,XLE,エネルギー,rate_sensitive,Leading,6.0,1.0,3.0
2025-07-14,42.743141174316406,0.23537218433112658,0.23559858443378967,100.07164807746626,101.34611128498449,XLE,エネルギー,rate_sensitive,Leading,6.0,1.0,2.0
2025-07-15,42.1273307800293,0.23524321798063766,0.23548012894940568,100.07260263305436,100.89580754114439,XLE,エネルギー,rate_sensitive,Leading,6.0,0.0,0.0
2025-07-16,41.76366424560547,0.23230649425604422,0.2344222507182852,99.8660076602033,100.31814365201754,XLE,エネルギー,rate_sensitive,Improving,6.0,0.0,0.0
2025-07-17,42.02065658569336,0.23184581501691573,0.23356343881782873,99.69837368950881,99.7221036008494,XLE,エネルギー,rate_sensitive,Lagging,6.0,0.0,-1.0
2025-07-18,41.68123245239258,0.23006047841696445,0.232395785350874,99.46608586959915,98.64080477792584,XLE,エネルギー,rate_sensitive,Lagging,6.0,0.0,-1.0
2025-07-21,41.24967956542969,0.22845997398097065,0.23108384822757289,99.20172922364117,98.15468122151168,XLE,エネルギー,rate_sensitive,Lagging,5.0,-1.0,-2.0
2025-07-22,41.443634033203125,0.22664477365187854,0.22960415670234147,98.89508097398544,97.69257456882828,XLE,エネルギー,rate_sensitive,Lagging,4.0,-2.0,-2.0
2025-07-23,42.09339141845703,0.22830672986284048,0.22917168108917446,98.81798109054726,98.03648548882028,XLE,エネルギー,rate_sensitive,Lagging,4.0,-2.0,-2.0
2025-07-24,42.39402389526367,0.23067576035161444,0.22967304084332113,98.95737603114917,98.65198377318436,XLE,エネルギー,rate_sensitive,Lagging,4.0,-2.0,-2.0
2025-07-25,42.234004974365234,0.22870331144750305,0.2293497977113818,98.9009686430064,99.00795116628169,XLE,エネルギー,rate_sensitive,Lagging,3.0,-3.0,-3.0
2025-07-28,42.71405029296875,0.2326786326850828,0.23045940936928214,99.1977186933577,100.04160889139048,XLE,エネルギー,rate_sensitive,Improving,5.0,0.0,1.0
2025-07-29,43.13105773925781,0.23506358301034622,0.23199413391630352,99.6181804578763,101.33672990224993,XLE,エネルギー,rate_sensitive,Improving,7.0,3.0,5.0
2025-07-30,42.5152473449707,0.23322028528536698,0.23240285103932468,99.75731288643918,101.65863997458585,XLE,エネルギー,rate_sensitive,Improving,7.0,3.0,5.0
2025-07-31,42.28734588623047,0.2341049871697478,0.23297022974946574,99.9413468070596,101.66738680425085,XLE,エネルギー,rate_sensitive,Improving,6.0,2.0,4.0
2025-08-01,41.5018196105957,0.2323758014911929,0.23277208699670815,99.90561043288064,101.63798741087669,XLE,エネルギー,rate_sensitive,Improving,6.0,3.0,6.0
2025-08-04,41.40969467163086,0.22905919332056293,0.23153445577132642,99.56769253597214,100.52436133053097,XLE,エネルギー,rate_sensitive,Improving,6.0,1.0,1.0
2025-08-05,41.46303176879883,0.22999243154513704,0.23102044769593,99.43497604670014,99.53092988334258,XLE,エネルギー,rate_sensitive,Lagging,6.0,-1.0,-4.0
2025-08-06,41.07996368408203,0.22837850642458005,0.23013980060548003,99.19989621029862,98.83812702206596,XLE,エネルギー,rate_sensitive,Lagging,6.0,-1.0,-4.0
2025-08-07,40.919952392578125,0.2276258676245231,0.22930182294516105,98.98276635994691,98.15238170567704,XLE,エネルギー,rate_sensitive,Lagging,4.0,-2.0,-4.0
2025-08-08,41.18179702758789,0.22866953485335706,0.22909106024789308,98.94815146145775,98.20633286432377,XLE,エネルギー,rate_sensitive,Lagging,5.0,-1.0,-4.0
2025-08-11,40.85206985473633,0.22745984039383035,0.22854732029653885,98.82812566418112,98.62159125554479,XLE,エネルギー,rate_sensitive,Lagging,5.0,-1.0,-2.0
2025-08-12,41.05087661743164,0.2256989105956187,0.22759785039623215,98.6098017331688,98.52726946481363,XLE,エネルギー,rate_sensitive,Lagging,4.0,-2.0,-1.0
2025-08-13,41.526065826416016,0.22509757983804932,0.2267644268768379,98.44166897190215,98.68597613454438,XLE,エネルギー,rate_sensitive,Lagging,4.0,-2.0,-1.0
2025-08-14,41.487274169921875,0.22635981062073096,0.22662955479146893,98.46526066093452,99.11542697044412,XLE,エネルギー,rate_sensitive,Lagging,3.0,-1.0,1.0
2025-08-15,41.487274169921875,0.22692005214242905,0.226726387241789,98.54568331110094,99.33006317024073,XLE,エネルギー,rate_sensitive,Lagging,2.0,-3.0,-2.0
2025-08-18,41.239986419677734,0.22561604188186574,0.22635627212181458,98.50539799160573,99.48075646263834,XLE,エネルギー,rate_sensitive,Lagging,2.0,-3.0,-2.0
2025-08-19,41.25452423095703,0.22464378758992815,0.2257854439445191,98.41942028016783,99.71060226625127,XLE,エネルギー,rate_sensitive,Lagging,2.0,-2.0,0.0
2025-08-20,41.59880065917969,0.2267249484275443,0.2260986121055275,98.54798797249414,100.19926316070767,XLE,エネルギー,rate_sensitive,Improving,2.0,-2.0,0.0
2025-08-21,41.8848876953125,0.22908253835758507,0.2270932541895467,98.8263264688876,100.60659449720684,XLE,エネルギー,rate_sensitive,Improving,2.0,-1.0,0.0
2025-08-22,42.7382926940918,0.22928453302981414,0.22782368046963586,99.02468917272304,100.77980553201871,XLE,エネルギー,rate_sensitive,Improving,3.0,1.0,4.0
2025-08-25,42.849822998046875,0.2316555541201884,0.22910097168648672,99.34764089169536,101.33798075809115,XLE,エネルギー,rate_sensitive,Improving,4.0,2.0,5.0
2025-08-26,42.78194046020508,0.2311287710576005,0.2297769048101913,99.51478226663885,101.68270565751328,XLE,エネルギー,rate_sensitive,Improving,4.0,2.0,4.0
2025-08-27,43.26197814941406,0.23288060209525574,0.23081147057187945,99.76242910119161,101.79383169618292,XLE,エネルギー,rate_sensitive,Improving,7.0,5.0,7.0
2025-08-28,43.59170150756836,0.23476739599383667,0.23213011237919853,100.07627056694886,101.77275498620152,XLE,エネルギー,rate_sensitive,Leading,8.0,6.0,7.0
2025-08-29,43.82930374145508,0.23622222130845888,0.233494148688952,100.39596171974672,101.8696521279969,XLE,エネルギー,rate_sensitive,Leading,9.0,6.0,5.0
2025-09-02,43.892337799072266,0.2384455549965769,0.23514461745816032,100.78185486102896,101.8744412901388,XLE,エネルギー,rate_sensitive,Leading,9.0,5.0,3.0
2025-09-03,42.90801239013672,0.23345996982144007,0.23458306824592023,100.62153329739995,101.36332658185636,XLE,エネルギー,rate_sensitive,Leading,8.0,4.0,2.0
2025-09-04,43.194095611572266,0.23329343010542578,0.23415318886575542,100.49408036048037,100.81696420200569,XLE,エネルギー,rate_sensitive,Leading,8.0,1.0,-4.0
2025-09-05,42.360076904296875,0.22852174187911514,0.23227603987020867,100.006572248021,99.69717522848691,XLE,エネルギー,rate_sensitive,Weakening,7.0,-1.0,-7.0
2025-09-08,42.26310729980469,0.2281802678117661,0.2309107825173945,99.64843024604438,98.7831965465725,XLE,エネルギー,rate_sensitive,Lagging,6.0,-3.0,-9.0
2025-09-09,42.466758728027344,0.22998822169394897,0.23060326224291267,99.56027555751378,98.20687256985835,XLE,エネルギー,rate_sensitive,Lagging,6.0,-3.0,-8.0
2025-09-10,43.208641052246094,0.2342431580539097,0.23181656084657834,99.86307445142822,98.86423690837589,XLE,エネルギー,rate_sensitive,Lagging,7.0,-1.0,-5.0
2025-09-11,43.21833419799805,0.23083661702973352,0.23148991290763007,99.78208684544518,98.95869631526989,XLE,エネルギー,rate_sensitive,Lagging,7.0,-1.0,-2.0
2025-09-12,42.96134567260742,0.23112763095624606,0.23136915225716875,99.76053031125949,99.59369331934201,XLE,エネルギー,rate_sensitive,Lagging,6.0,-1.0,0.0
2025-09-15,42.815879821777344,0.23074803644954883,0.2311621136546288,99.72835100727129,100.04485081459202,XLE,エネルギー,rate_sensitive,Improving,6.0,0.0,3.0
2025-09-16,43.533512115478516,0.23523911792882946,0.23252111507936235,100.10781426089197,100.6873245209463,XLE,エネルギー,rate_sensitive,Leading,7.0,1.0,4.0
2025-09-17,43.63534164428711,0.23556398361381845,0.23353540459084773,100.42527242602739,100.72496968833333,XLE,エネルギー,rate_sensitive,Leading,7.0,0.0,1.0
2025-09-18,43.49957275390625,0.23330713104594594,0.23345931340921383,100.46879433331492,100.90583884284297,XLE,エネルギー,rate_sensitive,Leading,7.0,0.0,1.0
2025-09-19,42.922550201416016,0.23061381920829568,0.23251081534224113,100.26374526676446,100.66815337516014,XLE,エネルギー,rate_sensitive,Leading,7.0,1.0,2.0
2025-09-22,42.8731575012207,0.23023845528052897,0.2317533619883371,100.07242288445738,100.45045162273134,XLE,エネルギー,rate_sensitive,Leading,7.0,1.0,1.0
2025-09-23,43.61159133911133,0.23391854110179489,0.2324750883594897,100.37932232928402,100.34515175219695,XLE,エネルギー,rate_sensitive,Leading,7.0,0.0,-1.0
2025-09-24,44.17886734008789,0.23751504410462648,0.23415507360786864,101.04094962104602,100.80075898988505,XLE,エネルギー,rate_sensitive,Leading,8.0,1.0,1.0
2025-09-25,44.57498550415039,0.24163400920722813,0.23664805214098847,101.96728068700746,101.92627873991036,XLE,エネルギー,rate_sensitive,Leading,9.0,2.0,2.0
2025-09-26,44.98576354980469,0.2414683258780212,0.2382548100533327,102.45398397745275,102.65196680243444,XLE,エネルギー,rate_sensitive,Leading,11.0,4.0,3.0
2025-09-29,44.15930938720703,0.23624292522101262,0.2375841817758927,102.1103235280151,102.31377563980135,XLE,エネルギー,rate_sensitive,Leading,10.0,3.0,2.0
2025-09-30,43.68983840942383,0.23311529418086427,0.23609455257754988,101.53436096916013,101.18830958790005,XLE,エネルギー,rate_sensitive,Leading,9.0,2.0,2.0
2025-10-01,43.68983840942383,0.23258808533030673,0.23492573016180218,101.10615416643182,99.84626723670102,XLE,エネルギー,rate_sensitive,Weakening,7.0,-1.0,-2.0
2025-10-02,43.249717712402344,0.2297013985186016,0.23318428628073534,100.50612957078266,98.05042052362403,XLE,エネルギー,rate_sensitive,Weakening,6.0,-3.0,-5.0
2025-10-03,43.479557037353516,0.23011308139368206,0.23216055131838426,100.15624939498659,97.26680672379898,XLE,エネルギー,rate_sensitive,Weakening,6.0,-5.0,-9.0
2025-10-06,43.69472885131836,0.23132445995667036,0.231881854197813,100.07028485484757,97.70080820545631,XLE,エネルギー,rate_sensitive,Weakening,6.0,-4.0,-7.0
2025-10-07,43.7631950378418,0.23270932859357,0.23215767899639866,100.17469525236048,98.48721608302584,XLE,エネルギー,rate_sensitive,Weakening,6.0,-3.0,-5.0
2025-10-08,43.50890350341797,0.23060602877084474,0.23164046225454737,100.01323596750785,98.80631761625048,XLE,エネルギー,rate_sensitive,Weakening,6.0,-1.0,0.0
2025-10-09,42.917171478271484,0.2293674140722273,0.23088277952710737,99.7750233651867,99.20813499811103,XLE,エネルギー,rate_sensitive,Lagging,6.0,0.0,3.0
2025-10-10,41.6750373840332,0.22786643140401047,0.22987733015274175,99.44688168082122,99.25527099659233,XLE,エネルギー,rate_sensitive,Lagging,5.0,-1.0,4.0
2025-10-13,42.242313385009766,0.2287439366244327,0.2294995323099721,99.33745792105378,99.25334887784743,XLE,エネルギー,rate_sensitive,Lagging,5.0,-1.0,3.0
2025-10-14,42.237422943115234,0.22683646318018444,0.22861184260004289,99.04845989519431,98.87791265430752,XLE,エネルギー,rate_sensitive,Lagging,5.0,-1.0,2.0
2025-10-15,42.21297073364258,0.22624895267202041,0.2278242126240354,98.80429325174347,98.82479887459571,XLE,エネルギー,rate_sensitive,Lagging,4.0,-2.0,-1.0
2025-10-16,41.704383850097656,0.22566200121255184,0.2271034754868742,98.59669953099748,98.87433425816249,XLE,エネルギー,rate_sensitive,Lagging,3.0,-3.0,-3.0
2025-10-17,42.04670333862305,0.22636469540027254,0.226857215458007,98.55853691716305,99.16738595510283,XLE,エネルギー,rate_sensitive,Lagging,3.0,-2.0,-1.0
2025-10-20,42.49171829223633,0.2264956651471454,0.2267366986877198,98.55499254474593,99.26344621073116,XLE,エネルギー,rate_sensitive,Lagging,3.0,-2.0,-1.0
2025-10-21,42.39391326904297,0.22494371402579763,0.22613903713374578,98.39679918326817,99.38656445244146,XLE,エネルギー,rate_sensitive,Lagging,3.0,-2.0,-1.0
2025-10-22,42.936737060546875,0.22892804249781395,0.2270687055884352,98.73796854263395,99.97260287903971,XLE,エネルギー,rate_sensitive,Lagging,3.0,-1.0,1.0
2025-10-23,43.50890350341797,0.2308840836028223,0.22834049825989758,99.16850116058343,100.60730643776527,XLE,エネルギー,rate_sensitive,Improving,3.0,0.0,3.0
2025-10-24,43.06877517700195,0.2279271511440346,0.22820271588794327,99.13991437117508,100.60576884209227,XLE,エネルギー,rate_sensitive,Improving,4.0,1.0,3.0
2025-10-27,43.17146682739258,0.22745973829894314,0.22795505669160993,99.0847785398614,100.55741227932491,XLE,エネルギー,rate_sensitive,Improving,4.0,1.0,3.0
2025-10-28,42.721561431884766,0.22703927848905608,0.22764979729075865,99.01519435431649,100.65606916352995,XLE,エネルギー,rate_sensitive,Improving,4.0,1.0,3.0
2025-10-29,43.039432525634766,0.23131547753970927,0.22887169070707553,99.43252011729017,100.74215973748521,XLE,エネルギー,rate_sensitive,Improving,5.0,2.0,3.0
2025-10-30,42.785133361816406,0.23094201169532652,0.2295617977031592,99.67287856418267,100.55796412408202,XLE,エネルギー,rate_sensitive,Improving,5.0,2.0,2.0
2025-10-31,43.09811019897461,0.23212385674299021,0.23041581738310288,99.9577306820137,100.87184606742028,XLE,エネルギー,rate_sensitive,Improving,5.0,1.0,0.0
2025-11-03,43.103004455566406,0.232719853770656,0.23118382951228728,100.20803148847398,101.15352832520813,XLE,エネルギー,rate_sensitive,Leading,6.0,2.0,1.0
2025-11-04,42.638427734375,0.2317443841409943,0.23137068105518963,100.26263331004427,101.2386089300293,XLE,エネルギー,rate_sensitive,Leading,6.0,2.0,1.0
2025-11-05,42.75090408325195,0.2310036392850844,0.23124833379848792,100.21276263083195,100.74055351020816,XLE,エネルギー,rate_sensitive,Leading,6.0,1.0,-1.0
2025-11-06,43.16657638549805,0.2349050258593882,0.23246723115212137,100.59352165336303,100.85514352801921,XLE,エネルギー,rate_sensitive,Leading,6.0,1.0,-1.0
2025-11-07,43.78764724731445,0.23630288929836338,0.2337457838675354,100.98054020090615,100.92942502685172,XLE,エネルギー,rate_sensitive,Leading,6.0,1.0,0.0
2025-11-10,44.18375778198242,0.2370754116523175,0.2348556597957961,101.29741035689997,100.96597508392814,XLE,エネルギー,rate_sensitive,Leading,8.0,2.0,0.0
2025-11-11,44.76081466674805,0.23879193264499832,0.23616775074553017,101.65973891356957,101.23685245129218,XLE,エネルギー,rate_sensitive,Leading,10.0,4.0,2.0
2025-11-12,44.134857177734375,0.23489544982453223,0.23574365043853088,101.47453229182578,101.06574724199025,XLE,エネルギー,rate_sensitive,Leading,10.0,4.0,3.0
2025-11-13,44.24733352661133,0.23818675781053636,0.23655801956253272,101.67410024838635,100.85730421300292,XLE,エネルギー,rate_sensitive,Leading,10.0,4.0,3.0
2025-11-14,45.00043869018555,0.24313299355239537,0.23874967755915363,102.25697584186334,101.02188160049549,XLE,エネルギー,rate_sensitive,Leading,10.0,4.0,3.0
2025-11-17,44.17886734008789,0.24187017882381992,0.23978984464737574,102.44903742760611,100.87221948212128,XLE,エネルギー,rate_sensitive,Leading,10.0,2.0,0.0
2025-11-18,44.53096389770508,0.2436528500653719,0.24107751312004116,102.66573927932642,100.71085202874616,XLE,エネルギー,rate_sensitive,Leading,10.0,0.0,-4.0
2025-11-19,43.953914642333984,0.24122574889076714,0.24112692504361652,102.51755356015211,100.73350345129404,XLE,エネルギー,rate_sensitive,Leading,10.0,0.0,-4.0
2025-11-20,43.45510482788086,0.24143364277715593,0.24122916428812968,102.39623379865847,100.41368132340868,XLE,エネルギー,rate_sensitive,Leading,10.0,0.0,-4.0
2025-11-21,43.72895812988281,0.2382728710722741,0.2402437332161778,102.02330025369304,99.49150541590659,XLE,エネルギー,rate_sensitive,Weakening,10.0,0.0,-4.0
2025-11-24,43.60670471191406,0.23662589330588799,0.23903778657941455,101.6369168530138,98.9568882405589,XLE,エネルギー,rate_sensitive,Weakening,10.0,0.0,-2.0
2025-11-25,43.332847595214844,0.23184603921115926,0.2366405374566628,100.98630204249682,98.19005245796859,XLE,エネルギー,rate_sensitive,Weakening,10.0,0.0,0.0
2025-11-26,43.66049575805664,0.2319804437629886,0.23508717289210473,100.57305038413969,98.03322290807273,XLE,エネルギー,rate_sensitive,Weakening,10.0,0.0,0.0
2025-11-28,44.23265838623047,0.23375660064117057,0.23464364880846003,100.45383428102558,98.12068867593273,XLE,エネルギー,rate_sensitive,Weakening,9.0,-1.0,-1.0
2025-12-01,44.65811538696289,0.23763034407881362,0.23563921389857792,100.70610369990206,98.73597172861594,XLE,エネルギー,rate_sensitive,Weakening,10.0,0.0,0.0
2025-12-02,44.0810661315918,0.23478198344309317,0.23535347041341637,100.62875460336151,99.05011425926754,XLE,エネルギー,rate_sensitive,Weakening,10.0,0.0,0.0
2025-12-03,44.90752029418945,0.23737262347846244,0.23602652143509842,100.78977920167114,99.80770416814562,XLE,エネルギー,rate_sensitive,Weakening,10.0,0.0,0.0
2025-12-04,45.098243713378906,0.23830607925280045,0.23678637404099911,100.9578619520331,100.33581314043326,XLE,エネルギー,rate_sensitive,Leading,10.0,0.0,0.0
2025-12-05,44.91240692138672,0.2367678668517771,0.23678020497792512,100.92826864743252,100.40150238566927,XLE,エネルギー,rate_sensitive,Leading,10.0,1.0,2.0
2025-12-08,44.42338180541992,0.23560098130296575,0.23638713041960535,100.80465506646854,100.03597203802043,XLE,エネルギー,rate_sensitive,Leading,10.0,0.0,0.0
2025-12-09,44.697242736816406,0.23750142900809407,0.23675856328243494,100.87348625900604,100.15815946830723,XLE,エネルギー,rate_sensitive,Leading,11.0,1.0,1.0
2025-12-10,45.16670608520508,0.23666631567030072,0.23672781407839022,100.84149223453802,99.96583483234501,XLE,エネルギー,rate_sensitive,Weakening,11.0,1.0,1.0
2025-12-11,44.951534271240234,0.23365190626239515,0.23570251147305854,100.56924163072884,99.55398564511107,XLE,エネルギー,rate_sensitive,Weakening,10.0,0.0,0.0
2025-12-12,44.51140594482422,0.23294318344612233,0.23478273546407982,100.32713409004215,99.36643619689428,XLE,エネルギー,rate_sensitive,Weakening,10.0,0.0,-1.0
2025-12-15,44.198429107666016,0.23101862751759963,0.2335280328152531,100.01108763029933,99.20886396120696,XLE,エネルギー,rate_sensitive,Weakening,9.0,-1.0,-1.0
2025-12-16,42.84871292114258,0.2255478895044487,0.230867985044985,99.36184211182933,98.58996542915219,XLE,エネルギー,rate_sensitive,Lagging,5.0,-6.0,-7.0
2025-12-17,43.79742431640625,0.23116685580851515,0.23096760863282842,99.39815260217739,98.69831725351274,XLE,エネルギー,rate_sensitive,Lagging,6.0,-5.0,-6.0
2025-12-18,43.16168975830078,0.22732539954506703,0.22975353893690798,99.11416965963303,98.73069700181941,XLE,エネルギー,rate_sensitive,Lagging,5.0,-5.0,-5.0
2025-12-19,43.16168975830078,0.2265003570891791,0.22866914498766502,98.870237490148,98.76909961762775,XLE,エネルギー,rate_sensitive,Lagging,3.0,-7.0,-7.0
2025-12-22,43.608524322509766,0.22716147222452066,0.22816658739995024,98.77928570042182,98.99806059512036,XLE,エネルギー,rate_sensitive,Lagging,3.0,-6.0,-5.0
2025-12-23,43.89457702636719,0.2291844247565945,0.22850586651883167,98.89331889449188,99.68616191596094,XLE,エネルギー,rate_sensitive,Lagging,4.0,-1.0,5.0
2025-12-24,43.76634979248047,0.22768949426757842,0.2282337424350806,98.86591047332756,99.65280388989278,XLE,エネルギー,rate_sensitive,Lagging,4.0,-2.0,3.0
2025-12-26,43.598663330078125,0.2267586044889328,0.22774202978636468,98.78814900552287,99.8693109881485,XLE,エネルギー,rate_sensitive,Lagging,4.0,-1.0,4.0
2025-12-29,44.01294708251953,0.22929182819618588,0.22825862925630508,98.94452091045586,100.28194217281629,XLE,エネルギー,rate_sensitive,Improving,4.0,1.0,8.0
2025-12-30,44.348323822021484,0.2314097265261483,0.22930899501291951,99.21933134122051,100.65401005435373,XLE,エネルギー,rate_sensitive,Improving,4.0,1.0,7.0
2025-12-31,44.101722717285156,0.2321051404584185,0.23024104349475252,99.45839383797491,100.76537820182064,XLE,エネルギー,rate_sensitive,Improving,5.0,1.0,2.0
2026-01-02,45.028934478759766,0.23538754699050582,0.23195654466000362,99.87066369839374,101.1567720141373,XLE,エネルギー,rate_sensitive,Improving,6.0,2.0,4.0
2026-01-05,46.2520637512207,0.23955803505169207,0.23449037479056645,100.46322778122338,101.76644544411106,XLE,エネルギー,rate_sensitive,Leading,7.0,3.0,4.0
2026-01-06,45.01906967163086,0.23039036120681308,0.233123703595982,100.1343340660254,101.25932413758495,XLE,エネルギー,rate_sensitive,Leading,7.0,3.0,2.0
2026-01-07,44.51601028442383,0.23040059707956667,0.23221600142384358,99.91876196892002,100.74219873562917,XLE,エネルギー,rate_sensitive,Improving,7.0,3.0,2.0
2026-01-08,45.916690826416016,0.23562992008837622,0.23335397431202115,100.18231775846478,100.74146897706048,XLE,エネルギー,rate_sensitive,Leading,7.0,2.0,1.0
2026-01-09,46.035057067871094,0.23487444066596377,0.23386079643000204,100.29154783961428,100.41614103775221,XLE,エネルギー,rate_sensitive,Leading,7.0,1.0,-1.0
2026-01-12,45.70954513549805,0.2330014030078098,0.23357433195593796,100.21026137524235,99.72068769148471,XLE,エネルギー,rate_sensitive,Weakening,7.0,0.0,-3.0
2026-01-13,46.360565185546875,0.23631993493802125,0.23448953294996572,100.4107659259683,100.24717138873747,XLE,エネルギー,rate_sensitive,Leading,9.0,2.0,-1.0
2026-01-14,47.40614700317383,0.24055507833889578,0.23651138141294242,100.86571366136258,100.90715040963599,XLE,エネルギー,rate_sensitive,Leading,9.0,2.0,-1.0
2026-01-15,46.9622688293457,0.23725183125708765,0.23675819802765752,100.89587619482958,100.64158618030974,XLE,エネルギー,rate_sensitive,Leading,9.0,2.0,0.0
2026-01-16,47.04117965698242,0.23825937821140855,0.2372585914222412,100.9863831556656,100.59802783402375,XLE,エネルギー,rate_sensitive,Leading,9.0,2.0,1.0
2026-01-20,46.9524040222168,0.24141184145336378,0.23864300809928207,101.28517000506186,100.96863865959416,XLE,エネルギー,rate_sensitive,Leading,9.0,2.0,2.0
2026-01-21,48.08675765991211,0.24312764678090648,0.24013788765982355,101.59977512372862,101.05530888453187,XLE,エネルギー,rate_sensitive,Leading,9.0,0.0,-2.0
2026-01-22,48.24458312988281,0.2436079773644445,0.24129458422803055,101.82397515818171,100.78529871984975,XLE,エネルギー,rate_sensitive,Leading,9.0,0.0,-2.0
2026-01-23,48.52077102661133,0.24609957233249175,0.2428962469295176,102.12164424197628,101.0384928825131,XLE,エネルギー,rate_sensitive,Leading,10.0,1.0,-1.0
2026-01-26,48.55036544799805,0.24566876901120574,0.243820420956747,102.22568327165845,101.03346802657859,XLE,エネルギー,rate_sensitive,Leading,10.0,1.0,-1.0
2026-01-27,48.994239807128906,0.24830117251633405,0.2453140048099427,102.42945372934169,100.91954551437588,XLE,エネルギー,rate_sensitive,Leading,10.0,1.0,-1.0
2026-01-28,49.36907196044922,0.2510463330391548,0.24722478088634675,102.67515201440705,100.8348814689924,XLE,エネルギー,rate_sensitive,Leading,11.0,2.0,2.0
2026-01-29,49.822811126708984,0.2530218094583335,0.24915712374367568,102.86892839387816,100.79326440261484,XLE,エネルギー,rate_sensitive,Leading,11.0,2.0,2.0
2026-01-30,50.355464935302734,0.2562949056419434,0.2515363843764316,103.0659400246227,100.68422634246616,XLE,エネルギー,rate_sensitive,Leading,11.0,1.0,0.0
2026-02-02,49.36907196044922,0.2499871546940302,0.25101997448229785,102.74643745323357,100.24993213790901,XLE,エネルギー,rate_sensitive,Leading,11.0,1.0,0.0
2026-02-03,50.9670295715332,0.2587674568808738,0.25360246861515656,102.94276802581969,100.24776158368928,XLE,エネルギー,rate_sensitive,Leading,11.0,1.0,0.0
2026-02-04,52.11125183105469,0.2622916963794798,0.256498877869931,103.10897650013622,100.17845743043698,XLE,エネルギー,rate_sensitive,Leading,10.0,-1.0,-3.0
2026-02-05,51.49968719482422,0.2614850495844737,0.2581609351081119,103.05765141989629,99.94214730297462,XLE,エネルギー,rate_sensitive,Weakening,10.0,-1.0,-3.0
2026-02-06,52.525535583496094,0.26181497922936053,0.2593789498151948,102.95264768319417,99.64173880204618,XLE,エネルギー,rate_sensitive,Weakening,10.0,-1.0,-2.0
2026-02-09,52.91022872924805,0.263576105907658,0.2607780018460159,102.87629676320927,99.90815214125293,XLE,エネルギー,rate_sensitive,Weakening,10.0,-1.0,-2.0
2026-02-10,52.85104751586914,0.2623479349465188,0.26130131287951686,102.71390487324358,99.55121774112457,XLE,エネルギー,rate_sensitive,Weakening,11.0,0.0,-1.0
2026-02-11,54.231998443603516,0.2687265237969187,0.2637763831853175,102.7664685328856,99.45293030324052,XLE,エネルギー,rate_sensitive,Weakening,11.0,1.0,2.0
2026-02-12,53.24560546875,0.2673472297549349,0.26496666537519,102.6776723071595,99.43682604710604,XLE,エネルギー,rate_sensitive,Weakening,10.0,0.0,1.0
2026-02-13,53.61056900024414,0.2664198566540732,0.2654510624681511,102.53684939886013,99.42179509452063,XLE,エネルギー,rate_sensitive,Weakening,10.0,0.0,1.0
2026-02-17,53.018733978271484,0.26393406516945545,0.2649453967019192,102.33264834776656,99.30825500916454,XLE,エネルギー,rate_sensitive,Weakening,9.0,-1.0,0.0
2026-02-18,54.03471755981445,0.2676043031070027,0.265831698836947,102.27344630691536,99.44355083219253,XLE,エネルギー,rate_sensitive,Weakening,10.0,-1.0,-1.0
2026-02-19,54.42927932739258,0.27012896163524824,0.2672641197697141,102.26257200461758,99.397564651323,XLE,エネルギー,rate_sensitive,Weakening,10.0,-1.0,-2.0
2026-02-20,54.13336181640625,0.26740979241182,0.26731267731708275,102.14490926361908,99.38877851426138,XLE,エネルギー,rate_sensitive,Weakening,10.0,0.0,0.0
2026-02-23,54.399688720703125,0.2717075031428063,0.2687776192589906,102.144812798115,99.5667764729417,XLE,エネルギー,rate_sensitive,Weakening,10.0,0.0,0.0
2026-02-24,54.35036849975586,0.2693130626415925,0.26895610038652457,102.04948795061652,99.70561184392331,XLE,エネルギー,rate_sensitive,Weakening,10.0,1.0,2.0
2026-02-25,54.12349319458008,0.26803081483232344,0.2686476718684575,101.92949155090122,99.63917436569045,XLE,エネルギー,rate_sensitive,Weakening,10.0,0.0,1.0
2026-02-26,54.301048278808594,0.26739960718181466,0.26823165030624324,101.81383551293854,99.51222806192693,XLE,エネルギー,rate_sensitive,Weakening,10.0,0.0,1.0
2026-02-27,55.15920639038086,0.27130744940971024,0.2692569166740656,101.80444954545526,99.59956612681734,XLE,エネルギー,rate_sensitive,Weakening,11.0,1.0,1.0
2026-03-02,56.26397705078125,0.27725541712687096,0.2719230834916674,101.9001712596548,99.66569836633475,XLE,エネルギー,rate_sensitive,Weakening,11.0,1.0,1.0
2026-03-03,55.75104522705078,0.2781401525633203,0.273995439848885,101.94493282141538,99.79070334919517,XLE,エネルギー,rate_sensitive,Weakening,11.0,1.0,0.0
2026-03-04,55.425537109375,0.2754122633538858,0.27446771435055195,101.88438912268742,99.83676596932818,XLE,エネルギー,rate_sensitive,Weakening,10.0,0.0,0.0
2026-03-05,55.71158981323242,0.2800777220017955,0.2763377169009665,101.91192084468368,100.001728706452,XLE,エネルギー,rate_sensitive,Leading,9.0,-1.0,-1.0
2026-03-06,55.80036544799805,0.2839075897572456,0.27886100785305956,101.97102405197312,100.08559276724846,XLE,エネルギー,rate_sensitive,Leading,9.0,-2.0,-3.0
2026-03-09,55.553768157958984,0.2818563077528118,0.279859441152977,101.93495944285378,99.91673487062687,XLE,エネルギー,rate_sensitive,Weakening,9.0,-2.0,-3.0
2026-03-10,54.843563079833984,0.28035527123823767,0.28002471784806393,101.85571793378047,99.7623501242198,XLE,エネルギー,rate_sensitive,Weakening,9.0,-2.0,-3.0
2026-03-11,56.20479202270508,0.2882637858527099,0.2827710738496126,101.92111428335934,99.93250809807613,XLE,エネルギー,rate_sensitive,Weakening,9.0,-1.0,-1.0
2026-03-12,56.727577209472656,0.2955152911359764,0.2870191462784005,102.05249324750184,100.07396478781577,XLE,エネルギー,rate_sensitive,Leading,9.0,0.0,1.0
2026-03-13,56.91499328613281,0.2965069082486893,0.29018173360183014,102.10905558755674,100.06871854604921,XLE,エネルギー,rate_sensitive,Leading,9.0,0.0,2.0
2026-03-16,57.112274169921875,0.2953370422708248,0.29190016982482836,102.08636658435577,100.0754083840963,XLE,エネルギー,rate_sensitive,Leading,9.0,0.0,2.0
2026-03-17,57.71397399902344,0.2967892232752672,0.293529854308308,102.06048215060835,100.130912419764,XLE,エネルギー,rate_sensitive,Leading,10.0,1.0,3.0
2026-03-18,57.63506317138672,0.30033583289077487,0.295798513835797,102.06517439000224,100.02884579055082,XLE,エネルギー,rate_sensitive,Leading,10.0,1.0,2.0
2026-03-19,58.55241012573242,0.3053528467957051,0.2989832914890997,102.10928056058899,99.86948571820417,XLE,エネルギー,rate_sensitive,Weakening,10.0,1.0,1.0
2026-03-20,58.50309371948242,0.30964457401829476,0.30253705233216477,102.16050708804453,99.8200888519646,XLE,エネルギー,rate_sensitive,Weakening,11.0,2.0,2.0
2026-03-23,59.203041076660156,0.3100439415249848,0.30503934872977145,102.16036562093997,99.80799949127517,XLE,エネルギー,rate_sensitive,Weakening,11.0,2.0,2.0
2026-03-24,60.40437698364258,0.3159561912679444,0.30867829624249576,102.20453954997087,99.87094621416595,XLE,エネルギー,rate_sensitive,Weakening,11.0,1.0,0.0
2026-03-25,60.13631057739258,0.3130370989034032,0.3101312304627983,102.15628270941563,99.73446848962392,XLE,エネルギー,rate_sensitive,Weakening,11.0,1.0,0.0
2026-03-26,61.07950973510742,0.32089206303932344,0.3137181746549733,102.19304456123518,99.70257245780743,XLE,エネルギー,rate_sensitive,Weakening,11.0,1.0,0.0
2026-03-27,62.112064361572266,0.33085328067740055,0.31942987666244904,102.30041989232109,99.77996964163805,XLE,エネルギー,rate_sensitive,Weakening,11.0,0.0,-2.0
2026-03-30,61.516357421875,0.3283596166644418,0.3224064566631133,102.29302197625132,99.7515423174986,XLE,エネルギー,rate_sensitive,Weakening,11.0,0.0,-2.0
2026-03-31,60.82136917114258,0.3181373455142114,0.32098341961347937,102.1312537003362,99.38197515027905,XLE,エネルギー,rate_sensitive,Weakening,11.0,0.0,-1.0
2026-04-01,58.547767639160156,0.30525872657576547,0.31574185526757476,101.8533754669208,98.99365225880364,XLE,エネルギー,rate_sensitive,Weakening,11.0,0.0,-1.0
2026-04-02,58.82576370239258,0.3058345160817156,0.3124394088722884,101.66666220673982,98.63932230847178,XLE,エネルギー,rate_sensitive,Weakening,11.0,0.0,-1.0
2026-04-06,59.252685546875,0.3067355476384022,0.3105381217943264,101.54136609386414,98.29026158998647,XLE,エネルギー,rate_sensitive,Weakening,11.0,0.0,0.0
2026-04-07,59.729248046875,0.30988974433329763,0.31032199597398347,101.48198751303472,98.21327062956959,XLE,エネルギー,rate_sensitive,Weakening,11.0,0.0,0.0
2026-04-08,57.63435363769531,0.29226893392379455,0.3043043086239205,101.22045701310684,98.09530397515559,XLE,エネルギー,rate_sensitive,Weakening,11.0,0.0,0.0
2026-04-09,56.91950988769531,0.2884690322103184,0.29902588315271983,100.99338271429413,98.26201158070752,XLE,エネルギー,rate_sensitive,Weakening,9.0,-2.0,-2.0
2026-04-10,56.53230285644531,0.28859010424963205,0.2955472901850239,100.83530885736177,98.37720244372973,XLE,エネルギー,rate_sensitive,Weakening,7.0,-4.0,-4.0
2026-04-13,56.70108413696289,0.28627810644368795,0.29245756227124525,100.69221893852253,98.41071047125865,XLE,エネルギー,rate_sensitive,Weakening,7.0,-4.0,-4.0
2026-04-14,55.54939270019531,0.2792974273229118,0.28807085062180077,100.49777940696846,98.23858588680348,XLE,エネルギー,rate_sensitive,Weakening,6.0,-5.0,-5.0
2026-04-15,55.360748291015625,0.2782513823137466,0.2847976945191161,100.34378296105486,98.47962027094408,XLE,エネルギー,rate_sensitive,Weakening,6.0,-5.0,-5.0
2026-04-16,56.17488098144531,0.2810627636196621,0.28355271755263145,100.26886845132876,98.76883960666584,XLE,エネルギー,rate_sensitive,Weakening,5.0,-4.0,-2.0
2026-04-17,54.62604904174805,0.2699232386752579,0.2790095579268403,100.05485144542102,98.7176737639381,XLE,エネルギー,rate_sensitive,Weakening,4.0,-3.0,1.0
2026-04-20,54.675689697265625,0.2693200927100183,0.27577973618789964,99.88987191923627,98.7232925583,XLE,エネルギー,rate_sensitive,Lagging,3.0,-4.0,0.0
2026-04-21,55.46996307373047,0.2749187085909537,0.2754927269889177,99.84843078532681,99.00357268428472,XLE,エネルギー,rate_sensitive,Lagging,4.0,-2.0,3.0
2026-04-22,56.13516616821289,0.2783392565356541,0.27644157017116316,99.8615883873107,99.30968752796149,XLE,エネルギー,rate_sensitive,Lagging,5.0,-1.0,4.0
2026-04-23,56.57201385498047,0.2805191706960758,0.27780077034613404,99.89442513078744,99.52427687550816,XLE,エネルギー,rate_sensitive,Lagging,5.0,0.0,4.0
2026-04-24,56.46280288696289,0.28055968162943523,0.2787204074405678,99.90852501404441,99.97567397051816,XLE,エネルギー,rate_sensitive,Lagging,7.0,3.0,6.0
2026-04-27,56.363521575927734,0.28039945903481467,0.2792800913053168,99.9059581440504,100.34146918856516,XLE,エネルギー,rate_sensitive,Improving,6.0,3.0,7.0
2026-04-28,57.29678726196289,0.2865047238153342,0.28168830214198926,99.99575828660981,100.67524827052475,XLE,エネルギー,rate_sensitive,Improving,8.0,4.0,6.0
2026-04-29,58.607337951660156,0.2935697300724789,0.28564877811881917,100.16886391331428,101.09809195975359,XLE,エネルギー,rate_sensitive,Leading,8.0,3.0,4.0
2026-04-30,59.222900390625,0.2922348409696738,0.2878441324024374,100.25675992731463,101.31306519983065,XLE,エネルギー,rate_sensitive,Leading,8.0,3.0,3.0
2026-05-01,58.42862319946289,0.2891968480899056,0.2882950376315935,100.2554855541643,101.36266154327991,XLE,エネルギー,rate_sensitive,Leading,8.0,1.0,-2.0
2026-05-04,58.964759826660156,0.293558406341561,0.2900494938682493,100.32510734195073,101.55671454954829,XLE,エネルギー,rate_sensitive,Leading,8.0,2.0,-1.0
2026-05-05,59.024330139160156,0.29154161785303634,0.290546868529845,100.32773612206586,101.36149975661064,XLE,エネルギー,rate_sensitive,Leading,8.0,0.0,-4.0
2026-05-06,56.59187316894531,0.27732995205805494,0.286141229705915,100.05144156473452,100.25122569392992,XLE,エネルギー,rate_sensitive,Leading,8.0,0.0,-3.0
2026-05-07,55.54939270019531,0.27397330892185096,0.28208525611122703,99.78932117666079,99.36920989023437,XLE,エネルギー,rate_sensitive,Lagging,8.0,0.0,-3.0
2026-05-08,55.30118179321289,0.27200073084536697,0.2787237476892737,99.56355875703181,98.82191417652238,XLE,エネルギー,rate_sensitive,Lagging,8.0,0.0,-1.0
2026-05-11,56.76065444946289,0.27932973846062004,0.27892574461305586,99.55047988249949,98.65651350768829,XLE,エネルギー,rate_sensitive,Lagging,7.0,-1.0,-3.0
2026-05-12,57.15779113769531,0.28153256698069795,0.2797946854022699,99.57827708168301,98.75786687376181,XLE,エネルギー,rate_sensitive,Lagging,7.0,-1.0,-1.0
2026-05-13,57.21736145019531,0.2830620609045145,0.2808838105696848,99.62361861150163,99.5726416006787,XLE,エネルギー,rate_sensitive,Lagging,7.0,-1.0,-1.0
2026-05-14,57.654212951660156,0.2841868544043727,0.28198482518124746,99.67155834941106,100.3429213767692,XLE,エネルギー,rate_sensitive,Improving,7.0,-1.0,-1.0
2026-05-15,59.014400482177734,0.2939221646944525,0.2859639383523158,99.9061907104073,101.44825762246569,XLE,エネルギー,rate_sensitive,Improving,8.0,0.0,0.0
2026-05-18,60.146240234375,0.2977276886680972,0.28988518845757627,100.14026433940701,101.96048472997742,XLE,エネルギー,rate_sensitive,Leading,8.0,1.0,2.0
2026-05-19,60.851158142089844,0.3029799748419607,0.2942501172523711,100.40875675090129,102.37874725097711,XLE,エネルギー,rate_sensitive,Leading,9.0,2.0,3.0
2026-05-20,59.371822357177734,0.2924091483751493,0.2936364609599639,100.34401759218802,102.01811348862084,XLE,エネルギー,rate_sensitive,Leading,9.0,2.0,3.0
2026-05-21,58.70662307739258,0.2878900771536081,0.29172099969117865,100.18822906949865,101.5053663786529,XLE,エネルギー,rate_sensitive,Leading,9.0,2.0,3.0
2026-05-22,59.06404495239258,0.2870209417064765,0.290154313696278,100.05508319194051,100.67626837061862,XLE,エネルギー,rate_sensitive,Leading,8.0,0.0,0.0
2026-05-26,57.43578338623047,0.27768358406001803,0.2859974038175247,99.73379437948512,99.4620133386423,XLE,エネルギー,rate_sensitive,Lagging,8.0,0.0,-1.0
2026-05-27,56.581947326660156,0.2737533115904892,0.2819160397418462,99.41166783547216,98.23460787906802,XLE,エネルギー,rate_sensitive,Lagging,8.0,-1.0,-3.0
2026-05-28,56.542232513427734,0.2725628182138415,0.2787982992325113,99.15545486917,97.9218067305209,XLE,エネルギー,rate_sensitive,Lagging,8.0,-1.0,-3.0
2026-05-29,55.886959075927734,0.2686558288164418,0.27541747576048814,98.88277459246802,97.80237070943272,XLE,エネルギー,rate_sensitive,Lagging,8.0,-1.0,-3.0
2026-06-01,56.88972473144531,0.27297951448294405,0.27460482200130676,98.8128253192876,98.0254102947734,XLE,エネルギー,rate_sensitive,Lagging,8.0,0.0,0.0
2026-06-02,57.54499816894531,0.2750326591660767,0.2747474343895634,98.82147522449301,98.70164988984588,XLE,エネルギー,rate_sensitive,Lagging,9.0,1.0,1.0
2026-06-03,58.28962707519531,0.2796433425882383,0.27637940378912174,98.94092580785939,99.55148007214449,XLE,エネルギー,rate_sensitive,Lagging,10.0,2.0,3.0
2026-06-04,58.329341888427734,0.27773675385985885,0.2768318538127008,98.97430386964358,100.10857749671179,XLE,エネルギー,rate_sensitive,Improving,10.0,2.0,3.0
2026-06-05,57.25707244873047,0.2765664991278617,0.2767434022510878,98.9726539012107,100.62675474128767,XLE,エネルギー,rate_sensitive,Improving,9.0,1.0,2.0
2026-06-08,57.912349700927734,0.2800280984036598,0.27783830096861184,99.06077890648773,100.91676401847117,XLE,エネルギー,rate_sensitive,Improving,9.0,1.0,1.0
2026-06-09,56.97908020019531,0.2734344239889513,0.2763703419753917,98.95753992175621,100.69576846723189,XLE,エネルギー,rate_sensitive,Improving,9.0,0.0,-1.0
2026-06-10,57.832923889160156,0.2811063809335847,0.27794902162812274,99.08717928675345,100.71027451479304,XLE,エネルギー,rate_sensitive,Improving,8.0,-2.0,-4.0
2026-06-11,56.71101379394531,0.27142143021197834,0.27577315782274125,98.94547277045103,100.3866310561341,XLE,エネルギー,rate_sensitive,Improving,6.0,-4.0,-6.0
2026-06-12,57.137935638427734,0.2710097818057414,0.27418536581707464,98.85791337393584,100.23277532418628,XLE,エネルギー,rate_sensitive,Improving,6.0,-3.0,-4.0
2026-06-15,55.15225601196289,0.26008008141330924,0.26948360434915286,98.56046421627615,99.52021035784277,XLE,エネルギー,rate_sensitive,Lagging,4.0,-5.0,-6.0
2026-06-16,54.96361541748047,0.260057879754215,0.26634169615084025,98.3965046987408,99.42596171054706,XLE,エネルギー,rate_sensitive,Lagging,3.0,-6.0,-6.0
2026-06-17,54.2785530090332,0.2607242590443969,0.26446921711535915,98.3340767705678,99.08862281713995,XLE,エネルギー,rate_sensitive,Lagging,3.0,-5.0,-3.0
2026-06-18,53.38500213623047,0.255247429114848,0.26139528778185545,98.20209893489448,99.13384827916084,XLE,エネルギー,rate_sensitive,Lagging,2.0,-4.0,0.0
2026-06-22,54.060001373291016,0.25790754837973734,0.2602327079811494,98.20251496550192,99.32236105094445,XLE,エネルギー,rate_sensitive,Lagging,3.0,-3.0,0.0
2026-06-23,54.459999084472656,0.2607113755737386,0.2603922638453458,98.28266190731104,100.04947704679225,XLE,エネルギー,rate_sensitive,Improving,3.0,-1.0,4.0
2026-06-24,53.56999969482422,0.2546344635967862,0.25847299709582594,98.22314502195829,100.25942745322527,XLE,エネルギー,rate_sensitive,Improving,3.0,0.0,6.0
2026-06-25,54.09000015258789,0.25544273979970666,0.25746291133045285,98.2202823091184,100.3811214329812,XLE,エネルギー,rate_sensitive,Improving,3.0,0.0,5.0
2026-06-26,53.84000015258789,0.2560030468241897,0.2569762898283651,98.23974926048876,100.67432771803952,XLE,エネルギー,rate_sensitive,Improving,3.0,1.0,5.0
2026-06-29,53.58000183105469,0.2514902654943314,0.2551476150503539,98.15338197331707,100.51521160694482,XLE,エネルギー,rate_sensitive,Improving,3.0,0.0,3.0
2026-06-30,53.11000061035156,0.24961225522344763,0.2533024951080518,98.0478840979353,100.16880957781281,XLE,エネルギー,rate_sensitive,Improving,2.0,-1.0,0.0
2026-07-01,52.810001373291016,0.24745794698970502,0.25135431240193623,97.93375063973293,100.06945495906713,XLE,エネルギー,rate_sensitive,Improving,1.0,-2.0,-2.0
2026-07-02,53.220001220703125,0.24763854782850345,0.250115724210792,97.88741604610541,99.98573126016372,XLE,エネルギー,rate_sensitive,Lagging,1.0,-2.0,-2.0
2026-07-06,53.130001068115234,0.24711628403774527,0.2491159108197764,97.86807093066696,99.9052608812862,XLE,エネルギー,rate_sensitive,Lagging,2.0,-1.0,-2.0
2026-07-07,54.63999938964844,0.25445909037775327,0.2508969706724354,98.03921452682393,100.38916528215219,XLE,エネルギー,rate_sensitive,Improving,1.0,-2.0,-2.0
2026-07-08,55.599998474121094,0.2620169617046815,0.2546036343498508,98.33293635469853,101.13390148570717,XLE,エネルギー,rate_sensitive,Improving,2.0,0.0,1.0
2026-07-09,54.81999969482422,0.2567681484535092,0.25532513905107024,98.42093049005362,101.4761917899056,XLE,エネルギー,rate_sensitive,Improving,3.0,2.0,4.0
2026-07-10,55.08000183105469,0.2570228700265195,0.25589104937622,98.50526927889463,101.66346587815522,XLE,エネルギー,rate_sensitive,Improving,4.0,3.0,5.0
2026-07-13,56.7400016784668,0.26485554222121904,0.25887921365788635,98.77127060835247,102.0998217779486,XLE,エネルギー,rate_sensitive,Improving,6.0,4.0,5.0
2026-07-14,56.95000076293945,0.2668072221933496,0.2615218831697075,99.00760621316344,102.11078152967305,XLE,エネルギー,rate_sensitive,Improving,6.0,5.0,7.0
2026-07-15,56.5,0.2652955800166824,0.2627797821186991,99.1347050357374,101.74203623231442,XLE,エネルギー,rate_sensitive,Improving,6.0,4.0,4.0
2026-07-16,57.02000045776367,0.2651353162143899,0.26356496015059605,99.2221707557993,101.67638370432373,XLE,エネルギー,rate_sensitive,Improving,7.0,4.0,2.0
2026-07-17,57.68000030517578,0.2703285448991863,0.26581948840012615,99.42084113146346,101.80071759453794,XLE,エネルギー,rate_sensitive,Improving,8.0,4.0,1.0
2026-07-20,57.939998626708984,0.2727615061018276,0.26813349430069333,99.61734242402113,101.61662107597905,XLE,エネルギー,rate_sensitive,Improving,9.0,3.0,-1.0
2026-07-21,58.5,0.27495770591458824,0.270408231505325,99.80413062928224,101.4786373616265,XLE,エネルギー,rate_sensitive,Improving,9.0,3.0,-2.0
2026-07-22,59.20000076293945,0.27832628872742776,0.27304758391269257,100.01614624594738,101.56430031572995,XLE,エネルギー,rate_sensitive,Leading,9.0,3.0,-1.0
2026-07-23,59.380001068115234,0.28020008296138593,0.275431750262257,100.20628300154922,101.66821557463369,XLE,エネルギー,rate_sensitive,Leading,9.0,2.0,-2.0
2026-07-24,59.619998931884766,0.2791590433453335,0.2766741812899492,100.30627316849748,101.44861789668161,XLE,エネルギー,rate_sensitive,Leading,9.0,1.0,-3.0
2026-07-27,58.36000061035156,0.27121480898219236,0.27485439052069693,100.16717179511761,100.87233184533744,XLE,エネルギー,rate_sensitive,Leading,8.0,-1.0,-4.0
2026-07-28,57.56999969482422,0.2644586294693062,0.2713891368369,99.90183469648491,100.12940843764652,XLE,エネルギー,rate_sensitive,Improving,8.0,-1.0,-4.0
2026-07-29,58.650001525878906,0.2718676247504877,0.27154863280809594,99.92701709499936,99.82946154569322,XLE,エネルギー,rate_sensitive,Lagging,8.0,-1.0,-4.0
2026-07-30,58.959999084472656,0.2737487127301004,0.2722819927820974,100.00257587447739,99.65471044170808,XLE,エネルギー,rate_sensitive,Weakening,9.0,0.0,-2.0
2026-07-31,59.54999923706055,0.2769638656735431,0.27384261707924595,100.14822257834416,99.74255047773094,XLE,エネルギー,rate_sensitive,Weakening,9.0,0.0,-1.0
2026-08-03,58.790000915527344,0.2707843984627777,0.27282321087375655,100.08627383155263,99.88021300463417,XLE,エネルギー,rate_sensitive,Weakening,9.0,1.0,2.0
2026-08-04,58.52000045776367,0.26572220675226543,0.2704562094999262,99.91426028157876,100.04481576005075,XLE,エネルギー,rate_sensitive,Improving,9.0,1.0,2.0
2024-08-05,38.01704788208008,0.2412508176093321,0.2412508176093321,,,XLRE,不動産,rate_sensitive,,,,
2024-08-06,38.85875701904297,0.24408879736129077,0.24219681085998498,,,XLRE,不動産,rate_sensitive,,,,
2024-08-07,38.578189849853516,0.2440473725570144,0.2428136647589948,,,XLRE,不動産,rate_sensitive,,,,
2024-08-08,38.905517578125,0.241737337790146,0.24245488910271187,,,XLRE,不動産,rate_sensitive,,,,
2024-08-09,39.10192108154297,0.24244745211404925,0.24245241010649102,,,XLRE,不動産,rate_sensitive,,,,
2024-08-12,38.868106842041016,0.24216016454941564,0.24235499492079923,,,XLRE,不動産,rate_sensitive,,,,
2024-08-13,39.13932800292969,0.24110236324089793,0.2419374510274988,,,XLRE,不動産,rate_sensitive,,,,
2024-08-14,39.27960968017578,0.24146269694956693,0.24177919966818817,,,XLRE,不動産,rate_sensitive,,,,
2024-08-15,39.167381286621094,0.23755067172220137,0.24036969035285924,,,XLRE,不動産,rate_sensitive,,,,
2024-08-16,39.148681640625,0.23686722915118533,0.2392022032856346,,,XLRE,不動産,rate_sensitive,,,,
2024-08-19,39.38248825073242,0.23648172321905758,0.2382953765967756,,,XLRE,不動産,rate_sensitive,,,,
2024-08-20,39.419898986816406,0.23764546850263685,0.23807874056539602,,,XLRE,不動産,rate_sensitive,,,,
2024-08-21,39.55083084106445,0.2367770635296181,0.23764484822013673,,,XLRE,不動産,rate_sensitive,,,,
2024-08-22,39.79398727416992,0.23891096821310187,0.2380668882177918,,,XLRE,不動産,rate_sensitive,,,,
2024-08-23,40.560874938964844,0.24045553802678285,0.23886310482078882,,,XLRE,不動産,rate_sensitive,,,,
2024-08-26,40.53281784057617,0.24033053561591175,0.23935224841916314,,,XLRE,不動産,rate_sensitive,,,,
2024-08-27,40.63568878173828,0.2408299520745682,0.2398448163042982,,,XLRE,不動産,rate_sensitive,,,,
2024-08-28,40.49541091918945,0.240661133020342,0.2401169218763128,,,XLRE,不動産,rate_sensitive,,,,
2024-08-29,40.336421966552734,0.2388234446477688,0.23968576280013149,,,XLRE,不動産,rate_sensitive,,,,
2024-08-30,40.729217529296875,0.23929802875399045,0.23955651811808448,,,XLRE,不動産,rate_sensitive,,,,
2024-09-03,40.82273864746094,0.24296976190705397,0.24069426604774097,,,XLRE,不動産,rate_sensitive,,,,
2024-09-04,40.916255950927734,0.24387754517371274,0.2417553590897316,,,XLRE,不動産,rate_sensitive,,,,
2024-09-05,40.80403137207031,0.24470483786868844,0.24273851868271723,,,XLRE,不動産,rate_sensitive,,,,
2024-09-06,40.80403137207031,0.24736082182609254,0.24427928639717567,,,XLRE,不動産,rate_sensitive,,,,
2024-09-09,41.29035568237305,0.2479091747030111,0.2454892491657875,,,XLRE,不動産,rate_sensitive,,,,
2024-09-10,42.019832611083984,0.25214244165099214,0.24770697999418906,,,XLRE,不動産,rate_sensitive,,,,
2024-09-11,41.90760803222656,0.2513522578814787,0.2489220726232856,,,XLRE,不動産,rate_sensitive,,,,
2024-09-12,41.982421875,0.2502467350075569,0.24936362675137608,,,XLRE,不動産,rate_sensitive,,,,
2024-09-13,42.28169250488281,0.24964010843008896,0.24945578731094703,,,XLRE,不動産,rate_sensitive,,,,
2024-09-16,42.42198181152344,0.24866391423578005,0.2491918296192247,,,XLRE,不動産,rate_sensitive,,,,
2024-09-17,42.085296630859375,0.24632704502161354,0.24823690142002097,,,XLRE,不動産,rate_sensitive,,,,
2024-09-18,41.963714599609375,0.2460753564138385,0.24751638641796017,,,XLRE,不動産,rate_sensitive,,,,
2024-09-19,41.86083984375,0.24288079382251962,0.24597118888614666,,,XLRE,不動産,rate_sensitive,,,,
2024-09-20,41.78602600097656,0.2433348551634202,0.24509241097857118,,,XLRE,不動産,rate_sensitive,,,,
2024-09-23,42.24843978881836,0.2447743545418838,0.24498639216634205,,,XLRE,不動産,rate_sensitive,,,,
2024-09-24,42.24843978881836,0.24441664109619804,0.2447964751429607,,,XLRE,不動産,rate_sensitive,,,,
2024-09-25,42.06950378417969,0.24489560079771672,0.2448295170278794,,,XLRE,不動産,rate_sensitive,,,,
2024-09-26,41.655113220214844,0.2404704692033883,0.24337650108638237,,,XLRE,不動産,rate_sensitive,,,,
2024-09-27,41.71162414550781,0.23993543822372082,0.2422294801321619,,,XLRE,不動産,rate_sensitive,,,,
2024-09-30,42.06950378417969,0.24168338335189965,0.2420474478720745,,,XLRE,不動産,rate_sensitive,,,,
2024-10-01,41.815223693847656,0.24150315749844412,0.24186601774753105,,,XLRE,不動産,rate_sensitive,,,,
2024-10-02,41.6645393371582,0.2408896666642553,0.24154056738643914,,,XLRE,不動産,rate_sensitive,,,,
2024-10-03,41.25957107543945,0.23967927234306208,0.24092013570531348,,,XLRE,不動産,rate_sensitive,,,,
2024-10-04,40.986446380615234,0.23623929097459068,0.2393598541284059,,,XLRE,不動産,rate_sensitive,,,,
2024-10-07,40.685081481933594,0.23634202854359587,0.23835391226680258,,,XLRE,不動産,rate_sensitive,,,,
2024-10-08,40.80751037597656,0.2364925827490718,0.23773346909422569,,,XLRE,不動産,rate_sensitive,,,,
2024-10-09,40.82634353637695,0.23498752779262042,0.23681815532702394,,,XLRE,不動産,rate_sensitive,,,,
2024-10-10,40.4873046875,0.23391250725638704,0.23584960597014498,,,XLRE,不動産,rate_sensitive,,,,
2024-10-11,40.90168380737305,0.23400786808560156,0.23523569334196387,,,XLRE,不動産,rate_sensitive,,,,
2024-10-14,41.18422317504883,0.23390808472639277,0.2347931571367735,,,XLRE,不動産,rate_sensitive,,,,
2024-10-15,41.70220184326172,0.23792651532147424,0.2358376098650071,,,XLRE,不動産,rate_sensitive,,,,
2024-10-16,42.11659240722656,0.23867667346742183,0.23678396439914537,,,XLRE,不動産,rate_sensitive,,,,
2024-10-17,41.84347152709961,0.2375081370622529,0.2370253552868479,,,XLRE,不動産,rate_sensitive,,,,
2024-10-18,42.13542938232422,0.23845519812923996,0.23750196956764527,,,XLRE,不動産,rate_sensitive,,,,
2024-10-21,41.268985748291016,0.23555932012074596,0.23685441975201219,,,XLRE,不動産,rate_sensitive,,,,
2024-10-22,41.33491134643555,0.23700025371717534,0.23690303107373326,,,XLRE,不動産,rate_sensitive,,,,
2024-10-23,41.7398796081543,0.24011135323955687,0.23797247179567446,,,XLRE,不動産,rate_sensitive,,,,
2024-10-24,41.834049224853516,0.24059927963337704,0.23884807440824202,,,XLRE,不動産,rate_sensitive,,,,
2024-10-25,41.504425048828125,0.23984270042575073,0.23917961641407826,,,XLRE,不動産,rate_sensitive,,,,
2024-10-28,41.63628387451172,0.23924797060012615,0.2392024011427609,,,XLRE,不動産,rate_sensitive,,,,
2024-10-29,41.25957107543945,0.23780025721947923,0.23873501983500034,,,XLRE,不動産,rate_sensitive,,,,
2024-10-30,41.410255432128906,0.23919108246235105,0.23888704071078393,,,XLRE,不動産,rate_sensitive,,,,
2024-10-31,40.685081481933594,0.23753516919610493,0.23843641687255762,99.29347493340273,,XLRE,不動産,rate_sensitive,,5.0,,
2024-11-01,40.25186538696289,0.2348593432743122,0.23724405900647583,99.00287667477149,,XLRE,不動産,rate_sensitive,,4.0,,
2024-11-04,40.703914642333984,0.2372145254440972,0.23723421448568296,99.02785287316622,,XLRE,不動産,rate_sensitive,,4.0,,
2024-11-05,41.25957107543945,0.23768048507440384,0.23738297134858993,99.09353375393994,,XLRE,不動産,rate_sensitive,,4.0,,
2024-11-06,40.157684326171875,0.22598278107197337,0.2335829079230511,98.19204653209177,,XLRE,不動産,rate_sensitive,,4.0,,
2024-11-07,40.65682601928711,0.22856672584241808,0.23191084722950675,97.88982267422854,,XLRE,不動産,rate_sensitive,,3.0,-2.0,
2024-11-08,41.3537483215332,0.2311966093042722,0.23167276792109523,97.94485958879915,,XLRE,不動産,rate_sensitive,,3.0,-1.0,
2024-11-11,40.99586486816406,0.22805614141474675,0.23046722575231243,97.79484313942956,,XLRE,不動産,rate_sensitive,,3.0,-1.0,
2024-11-12,40.47789001464844,0.22690388844928622,0.2292794466513037,97.67844964866907,,XLRE,不動産,rate_sensitive,,2.0,-2.0,
2024-11-13,40.798091888427734,0.22857433823353407,0.22904441051204716,97.7640400071041,,XLRE,不動産,rate_sensitive,,2.0,-2.0,
2024-11-14,40.4307975769043,0.22834364827219028,0.22881082309876155,97.83746402237857,,XLRE,不動産,rate_sensitive,,2.0,-1.0,1.0
2024-11-15,40.47789001464844,0.23025215291867862,0.22929126637206726,98.0264734364913,,XLRE,不動産,rate_sensitive,,3.0,0.0,1.0
2024-11-18,40.83576202392578,0.231354450271647,0.22997899433859387,98.22991053607818,,XLRE,不動産,rate_sensitive,,3.0,0.0,1.0
2024-11-19,41.00529098510742,0.2329432068240435,0.2309670651670771,98.4645726946875,,XLRE,不動産,rate_sensitive,,3.0,1.0,3.0
2024-11-20,40.939361572265625,0.2317883037445662,0.23124081135957347,98.55952749532769,,XLRE,不動産,rate_sensitive,,4.0,2.0,4.0
2024-11-21,41.21247863769531,0.23043187553594865,0.23097116608503188,98.5585071637726,,XLRE,不動産,rate_sensitive,,4.0,2.0,3.0
2024-11-22,41.52326965332031,0.23035511050407736,0.23076581422471373,98.57071745700728,,XLRE,不動産,rate_sensitive,,3.0,0.0,0.0
2024-11-25,42.078922271728516,0.2313427899443791,0.2309581394646022,98.64946650480307,,XLRE,不動産,rate_sensitive,,4.0,1.0,1.0
2024-11-26,42.286109924316406,0.23245706745984812,0.2314577821296842,98.77423128804492,,XLRE,不動産,rate_sensitive,,4.0,1.0,0.0
2024-11-27,42.578067779541016,0.23428724659219238,0.23240093695052028,98.96370531754292,,XLRE,不動産,rate_sensitive,,4.0,0.0,-2.0
2024-11-29,42.38029098510742,0.23249052040008897,0.23243079810037653,98.99601746429275,,XLRE,不動産,rate_sensitive,,4.0,0.0,-2.0
2024-12-02,41.7398796081543,0.22955237255986796,0.23147132292020703,98.87034119830933,,XLRE,不動産,rate_sensitive,,3.0,0.0,0.0
2024-12-03,41.49501419067383,0.22922226005949256,0.23072163529996886,98.78645742162502,,XLRE,不動産,rate_sensitive,,3.0,-1.0,-2.0
2024-12-04,41.38200378417969,0.22858572595818077,0.23000966551937285,98.7141051939145,,XLRE,不動産,rate_sensitive,,4.0,0.0,-1.0
2024-12-05,41.27840042114258,0.2291572092340854,0.22972551342427705,98.71167869850012,,XLRE,不動産,rate_sensitive,,3.0,-1.0,-1.0
2024-12-06,41.22189712524414,0.22910304326333475,0.22951802337062963,98.71944410589025,,XLRE,不動産,rate_sensitive,,4.0,0.0,0.0
2024-12-09,41.3066520690918,0.2305201645224269,0.22985207042122874,98.80587109938024,,XLRE,不動産,rate_sensitive,,4.0,1.0,1.0
2024-12-10,40.63799285888672,0.22818661040365854,0.22929691708203867,98.74275482492882,,XLRE,不動産,rate_sensitive,,4.0,1.0,2.0
2024-12-11,40.534393310546875,0.22739402293986113,0.22866261903464616,98.6618118421435,,XLRE,不動産,rate_sensitive,,4.0,0.0,0.0
2024-12-12,40.50613784790039,0.22806837161993643,0.22846453656307625,98.64914299583226,,XLRE,不動産,rate_sensitive,,4.0,1.0,2.0
2024-12-13,40.33662033081055,0.22791184784338636,0.2282803069898463,98.63549236740722,,XLRE,不動産,rate_sensitive,,4.0,0.0,0.0
2024-12-16,40.12942886352539,0.22749045182236916,0.2280170219340206,98.60882545492282,,XLRE,不動産,rate_sensitive,,5.0,1.0,0.0
2024-12-17,39.95048141479492,0.22827395527750094,0.2281026663818474,98.64544988257099,,XLRE,不動産,rate_sensitive,,5.0,1.0,0.0
2024-12-18,38.38712692260742,0.22602922710461712,0.22741151995610398,98.54327442911784,,XLRE,不動産,rate_sensitive,,4.0,0.0,0.0
2024-12-19,37.727882385253906,0.2228870579201687,0.22590336594412558,98.29402246651753,,XLRE,不動産,rate_sensitive,,3.0,-1.0,-2.0
2024-12-20,38.41537857055664,0.22381405030679427,0.2252069273983485,98.20432698136602,,XLRE,不動産,rate_sensitive,,3.0,-1.0,-1.0
2024-12-23,38.59053039550781,0.22452839669614014,0.22498075049761238,98.20452138640273,,XLRE,不動産,rate_sensitive,,3.0,-2.0,-3.0
2024-12-24,38.84754943847656,0.22433123700700183,0.2247642460007422,98.20173541995753,,XLRE,不動産,rate_sensitive,,3.0,-2.0,-3.0
2024-12-26,38.904659271240234,0.22429480768345988,0.22460776656164813,98.21942397175889,,XLRE,不動産,rate_sensitive,,3.0,-1.0,-1.0
2024-12-27,38.59053039550781,0.22400735298025282,0.22440762870118305,98.23394552707971,,XLRE,不動産,rate_sensitive,,3.0,0.0,1.0
2024-12-30,38.40966796875,0.22522647544906546,0.22468057761714386,98.33738356317369,,XLRE,不動産,rate_sensitive,,3.0,0.0,1.0
2024-12-31,38.71427917480469,0.2265980960315175,0.22531975042193508,98.50654006458389,,XLRE,不動産,rate_sensitive,,3.0,0.0,2.0
2025-01-02,38.35255813598633,0.22513616247453028,0.22525855443946685,98.53073814094213,,XLRE,不動産,rate_sensitive,,3.0,0.0,2.0
2025-01-03,38.876102447509766,0.22613858392062894,0.22555189759985422,98.62696814427476,,XLRE,不動産,rate_sensitive,,3.0,0.0,1.0
2025-01-06,38.3430290222168,0.2231896502337504,0.22476448181115297,98.5066898871986,,XLRE,不動産,rate_sensitive,,3.0,0.0,0.0
2025-01-07,38.05746078491211,0.22227165040594038,0.22393353800941546,98.38783664640822,,XLRE,不動産,rate_sensitive,,3.0,0.0,0.0
2025-01-08,38.21928787231445,0.2229501692327891,0.2236057484172067,98.37882746924166,,XLRE,不動産,rate_sensitive,,1.0,-2.0,-2.0
2025-01-10,37.29592514038086,0.2207911642189475,0.22266755368445365,98.25507108242356,,XLRE,不動産,rate_sensitive,,1.0,-2.0,-2.0
2025-01-13,37.77188491821289,0.22179098257949237,0.22237536331613322,98.26907059106938,,XLRE,不動産,rate_sensitive,,1.0,-2.0,-2.0
2025-01-14,38.09553527832031,0.22190013134671355,0.22221695265966002,98.3089234089542,,XLRE,不動産,rate_sensitive,,1.0,-2.0,-2.0
2025-01-15,38.25735855102539,0.22072424152388498,0.22171938228106836,98.28436398819757,,XLRE,不動産,rate_sensitive,,2.0,-1.0,-1.0
2025-01-16,39.11408233642578,0.22390373551032472,0.22244750002415384,98.48386135491089,,XLRE,不動産,rate_sensitive,,2.0,1.0,3.0
2025-01-17,39.10456466674805,0.22276761619763824,0.22255420541531531,98.55440422326227,,XLRE,不動産,rate_sensitive,,2.0,1.0,3.0
2025-01-21,39.81849670410156,0.22423167497270513,0.22311336193444525,98.70342369934662,,XLRE,不動産,rate_sensitive,,2.0,1.0,3.0
2025-01-22,39.12359619140625,0.22109534290635582,0.22244068892508212,98.61642342277597,,XLRE,不動産,rate_sensitive,,2.0,1.0,3.0
2025-01-23,39.43773651123047,0.2218194939862397,0.222233623945468,98.62040888397324,,XLRE,不動産,rate_sensitive,,2.0,0.0,1.0
2025-01-24,39.55195999145508,0.22265734219480854,0.22237486336191487,98.6878373937523,,XLRE,不動産,rate_sensitive,,2.0,0.0,-1.0
2025-01-27,39.9422492980957,0.224706463204707,0.22315206330951226,98.86861224484444,,XLRE,不動産,rate_sensitive,,2.0,0.0,-1.0
2025-01-28,39.45676803588867,0.22307651794661565,0.22312688152188007,98.88824644320265,,XLRE,不動産,rate_sensitive,,2.0,0.0,-1.0
2025-01-29,38.99985885620117,0.22122496423988353,0.22249290909454789,98.78247261893875,,XLRE,不動産,rate_sensitive,,2.0,0.0,-1.0
2025-01-30,39.51388168334961,0.22177348183309029,0.22225310000739537,98.75167911523793,,XLRE,不動産,rate_sensitive,,1.0,-1.0,-1.0
2025-01-31,39.4282112121582,0.22312412533413994,0.22254344178297691,98.83086574292963,,XLRE,不動産,rate_sensitive,,1.0,-1.0,-1.0
2025-02-03,39.36157989501953,0.22397049000958622,0.22301912452518002,98.94808023808358,,XLRE,不動産,rate_sensitive,,1.0,-1.0,-1.0
2025-02-04,39.36157989501953,0.2236974521163452,0.2232452337222351,99.01146355544101,,XLRE,不動産,rate_sensitive,,1.0,-1.0,-1.0
2025-02-05,39.98031997680664,0.22611124933022697,0.22420057225823242,99.25890428873322,,XLRE,不動産,rate_sensitive,,2.0,0.0,0.0
2025-02-06,40.09455490112305,0.22705783188208228,0.22515299213284906,99.52125554042347,,XLRE,不動産,rate_sensitive,,3.0,2.0,3.0
2025-02-07,39.95176696777344,0.22736654406854517,0.2258908427780811,99.74901329915065,,XLRE,不動産,rate_sensitive,,5.0,4.0,5.0
2025-02-10,40.00887680053711,0.22704903560379908,0.22627690705332046,99.88769423603416,101.83715415704962,XLRE,不動産,rate_sensitive,Improving,5.0,4.0,5.0
2025-02-11,40.227813720703125,0.22826623397988144,0.22694001602884079,100.1065193785039,102.1565697868398,XLRE,不動産,rate_sensitive,Leading,5.0,4.0,5.0
2025-02-12,39.8851318359375,0.22764413999523447,0.2271747240176387,100.20147459701408,101.80584952586598,XLRE,不動産,rate_sensitive,Leading,5.0,3.0,3.0
2025-02-13,40.19926071166992,0.22746242982830356,0.227270625954527,100.24882494531224,101.34874048766568,XLRE,不動産,rate_sensitive,Leading,4.0,1.0,-1.0
2025-02-14,40.03744125366211,0.2267719784564811,0.227104410121845,100.20960243322715,100.74097935104591,XLRE,不動産,rate_sensitive,Leading,4.0,-1.0,-5.0
2025-02-18,40.18022918701172,0.2258470707653752,0.22668529700302176,100.09220890116922,100.04650026843966,XLRE,不動産,rate_sensitive,Leading,4.0,-1.0,-5.0
2025-02-19,40.256378173828125,0.22581720053954918,0.2263959315151976,100.01432682651374,99.25730013736366,XLRE,不動産,rate_sensitive,Weakening,3.0,-2.0,-6.0
2025-02-20,40.53243637084961,0.2279392053712754,0.2269103561338902,100.18784271163555,99.47159601930944,XLRE,不動産,rate_sensitive,Weakening,3.0,-2.0,-5.0
2025-02-21,40.19926071166992,0.22928393231921526,0.22770154819566524,100.45185145428823,100.05812460892103,XLRE,不動産,rate_sensitive,Leading,5.0,1.0,0.0
2025-02-24,40.380123138427734,0.2301235467012183,0.2285088810308496,100.73032906280926,100.93140741156408,XLRE,不動産,rate_sensitive,Leading,6.0,2.0,3.0
2025-02-25,40.8084831237793,0.23233238217280716,0.22978338141150212,101.15961985298223,102.34513535533448,XLRE,不動産,rate_sensitive,Leading,6.0,2.0,3.0
2025-02-26,40.608585357666016,0.23168299407648055,0.23041658563316159,101.37401905374054,102.91735363957956,XLRE,不動産,rate_sensitive,Leading,8.0,5.0,7.0
2025-02-27,40.78944396972656,0.23476516255949975,0.23186611127527432,101.82374392349541,103.25954354736739,XLRE,不動産,rate_sensitive,Leading,9.0,6.0,8.0
2025-02-28,41.07502746582031,0.233810945045469,0.23251438919867257,101.99666787599826,102.81391212128774,XLRE,不動産,rate_sensitive,Leading,9.0,4.0,3.0
2025-03-03,41.42722702026367,0.23835568951981986,0.23446148930572167,102.52024110464812,103.03033222560148,XLRE,不動産,rate_sensitive,Leading,11.0,5.0,3.0
2025-03-04,40.951271057128906,0.23948639568661112,0.2361364580993515,102.88998387037185,102.69711990804385,XLRE,不動産,rate_sensitive,Leading,11.0,5.0,3.0
2025-03-05,41.33203125,0.23948732516450774,0.2372534137877369,103.02834988285515,102.40072169659916,XLRE,不動産,rate_sensitive,Leading,11.0,3.0,-2.0
2025-03-06,40.19926071166992,0.2355317965394109,0.23667954137162825,102.71223423937577,101.02712823622325,XLRE,不動産,rate_sensitive,Leading,10.0,1.0,-5.0
2025-03-07,40.42772674560547,0.23467176953717747,0.23601028409347802,102.41346887406033,100.19631696279518,XLRE,不動産,rate_sensitive,Leading,10.0,1.0,-3.0
2025-03-10,40.03744125366211,0.23572829291576353,0.23591628703423986,102.27693637296106,99.0529338051051,XLRE,不動産,rate_sensitive,Weakening,9.0,-2.0,-7.0
2025-03-11,39.618595123291016,0.23641077757643203,0.2360811172149706,102.2092842853735,98.33077820499685,XLRE,不動産,rate_sensitive,Weakening,9.0,-2.0,-7.0
2025-03-12,39.47581100463867,0.23667410300366598,0.23627877914453574,102.15187916620627,98.05910924143159,XLRE,不動産,rate_sensitive,Weakening,9.0,-2.0,-5.0
2025-03-13,38.70476150512695,0.23429749138572517,0.2356183498915989,101.92553422588341,98.26753864254324,XLRE,不動産,rate_sensitive,Weakening,8.0,-2.0,-3.0
2025-03-14,39.45676803588867,0.23438147937291703,0.23520605971870498,101.76931682280876,98.53898207980151,XLRE,不動産,rate_sensitive,Weakening,9.0,-1.0,-2.0
2025-03-17,40.15166473388672,0.23533352889462852,0.23524854944401286,101.71463734587216,98.69928528139549,XLRE,不動産,rate_sensitive,Weakening,9.0,0.0,2.0
2025-03-18,39.9041633605957,0.23510553303134976,0.2352008773064585,101.6450226539386,98.72349709951126,XLRE,不動産,rate_sensitive,Weakening,8.0,-1.0,1.0
2025-03-19,39.95176696777344,0.2336545577550278,0.2346854374559816,101.48929039137303,98.6031307392382,XLRE,不動産,rate_sensitive,Weakening,8.0,-1.0,1.0
2025-03-20,39.9041633605957,0.234351682475406,0.23457418579578976,101.42134362830384,98.86403905268718,XLRE,不動産,rate_sensitive,Weakening,8.0,0.0,2.0
2025-03-21,39.51388168334961,0.23312750731319373,0.23409195963492443,101.28761967627413,98.9162918825453,XLRE,不動産,rate_sensitive,Weakening,8.0,-1.0,0.0
2025-03-24,40.063785552978516,0.23276488436888942,0.23364960121291278,101.16705796118124,98.83649884698069,XLRE,不動産,rate_sensitive,Weakening,8.0,-1.0,-1.0
2025-03-25,39.58477783203125,0.23053300339975194,0.23261073527519252,100.93669094690213,98.61515050714553,XLRE,不動産,rate_sensitive,Weakening,7.0,-1.0,0.0
2025-03-26,39.78595733642578,0.2321417363003957,0.2324544022835936,100.88004399149038,98.77372163536346,XLRE,不動産,rate_sensitive,Weakening,7.0,-1.0,0.0
2025-03-27,39.690162658691406,0.23218001205738342,0.23236293887485687,100.83696815212082,98.82046252239697,XLRE,不動産,rate_sensitive,Weakening,6.0,-2.0,-2.0
2025-03-28,39.670997619628906,0.23570156176807278,0.23347581317259553,101.01999672867744,99.28422224022869,XLRE,不動産,rate_sensitive,Weakening,6.0,-2.0,-1.0
2025-03-31,40.09252166748047,0.23623965413301962,0.2343970934927369,101.15887173397654,99.66199863186739,XLRE,不動産,rate_sensitive,Weakening,7.0,-1.0,0.0
2025-04-01,40.12126541137695,0.23616362660134696,0.2349859378622736,101.22946591374134,100.10429884588329,XLRE,不動産,rate_sensitive,Leading,7.0,0.0,1.0
2025-04-02,40.3128662109375,0.2353237524904586,0.23509854273833528,101.20994453857926,100.15525952488812,XLRE,不動産,rate_sensitive,Leading,8.0,1.0,2.0
2025-04-03,39.105777740478516,0.23969608092911127,0.23663105546859395,101.44370993150909,100.56158104999088,XLRE,不動産,rate_sensitive,Leading,8.0,2.0,4.0
2025-04-04,37.32388687133789,0.2423829791745857,0.2385483633705912,101.72284520291723,100.6937785902909,XLRE,不動産,rate_sensitive,Leading,9.0,3.0,5.0
2025-04-07,36.423362731933594,0.2385228726168112,0.23853986645266456,101.65131025001364,100.37810638477569,XLRE,不動産,rate_sensitive,Leading,9.0,2.0,3.0
2025-04-08,35.5228385925293,0.23709781005632338,0.2380591809872175,101.5074352653908,100.05872057197297,XLRE,不動産,rate_sensitive,Leading,8.0,1.0,1.0
2025-04-09,37.563385009765625,0.23215195911227612,0.2360901070289037,101.12499473469555,99.52226538040651,XLRE,不動産,rate_sensitive,Weakening,8.0,0.0,-1.0
2025-04-10,36.768245697021484,0.23515409359384581,0.2357781025505511,101.03698989645348,99.05515121811192,XLRE,不動産,rate_sensitive,Weakening,8.0,0.0,-2.0
2025-04-11,37.28556442260742,0.23490085518233186,0.23548568676114467,100.95551474197039,98.55192249239279,XLRE,不動産,rate_sensitive,Weakening,6.0,-3.0,-6.0
2025-04-14,38.10944747924805,0.23706264198610355,0.23601133850279765,101.01673188965147,98.76066997200286,XLRE,不動産,rate_sensitive,Weakening,6.0,-3.0,-5.0
2025-04-15,38.16693115234375,0.23818954810884027,0.23673740837147855,101.11207744608998,99.11529404384756,XLRE,不動産,rate_sensitive,Weakening,7.0,-1.0,-2.0
2025-04-16,38.14777374267578,0.2411663815336027,0.2382137327588533,101.33642821926632,99.98526099773562,XLRE,不動産,rate_sensitive,Weakening,7.0,-1.0,-1.0
2025-04-17,38.751312255859375,0.24317456773084173,0.2398673444161828,101.58000046595077,100.45471996718511,XLRE,不動産,rate_sensitive,Leading,8.0,0.0,0.0
2025-04-21,37.94658660888672,0.24301001182281778,0.24091490021839446,101.706596900702,100.7419354458165,XLRE,不動産,rate_sensitive,Leading,9.0,3.0,6.0
2025-04-22,38.72256851196289,0.24201222190581928,0.24128067411420273,101.70902484112966,100.64958263081557,XLRE,不動産,rate_sensitive,Leading,9.0,3.0,6.0
2025-04-23,38.770477294921875,0.2399899578441025,0.24085043535750267,101.58300007485663,100.32778412484015,XLRE,不動産,rate_sensitive,Leading,9.0,2.0,3.0
2025-04-24,38.88543701171875,0.23669679097199647,0.23946588722900064,101.30296822802154,99.61307976974413,XLRE,不動産,rate_sensitive,Weakening,8.0,1.0,2.0
2025-04-25,38.82795333862305,0.23668563032347137,0.23853913492715756,101.1084478083395,99.00874155222084,XLRE,不動産,rate_sensitive,Weakening,7.0,-1.0,-1.0
2025-04-28,39.06745147705078,0.23747899945340376,0.23818575643590628,101.0163357768911,98.73720102547873,XLRE,不動産,rate_sensitive,Weakening,7.0,-2.0,-5.0
2025-04-29,39.38359832763672,0.23801168884198615,0.23812773390459957,100.97939091236765,98.71986087991421,XLRE,不動産,rate_sensitive,Weakening,7.0,-2.0,-5.0
2025-04-30,39.565616607666016,0.23877241945534444,0.2383426290881812,100.9965105698057,98.94425507964452,XLRE,不動産,rate_sensitive,Weakening,8.0,-1.0,-3.0
2025-05-01,39.68057632446289,0.23979223373789782,0.23882583063808677,101.06876223030784,99.43672212531106,XLRE,不動産,rate_sensitive,Weakening,8.0,0.0,-1.0
2025-05-02,40.16916275024414,0.238536433868302,0.2387293650481585,101.03014756423022,99.65509428976792,XLRE,不動産,rate_sensitive,Weakening,8.0,1.0,2.0
2025-05-05,40.12126541137695,0.23904470113949072,0.2388344770786026,101.03270728763302,99.78587528240634,XLRE,不動産,rate_sensitive,Weakening,9.0,2.0,4.0
2025-05-06,39.843441009521484,0.23916230171320377,0.23894375195680298,101.03868228669941,99.84591811001751,XLRE,不動産,rate_sensitive,Weakening,8.0,1.0,3.0
2025-05-07,39.814701080322266,0.23742605959709304,0.23843785450356636,100.90895266898697,99.65741139457317,XLRE,不動産,rate_sensitive,Weakening,8.0,0.0,1.0
2025-05-08,39.62309646606445,0.23431222726435608,0.2370626454238296,100.5745931456199,99.12969826488879,XLRE,不動産,rate_sensitive,Weakening,8.0,0.0,0.0
2025-05-09,39.86259841918945,0.23578318510589522,0.2366361586511848,100.44965161880769,99.04266330031217,XLRE,不動産,rate_sensitive,Weakening,8.0,0.0,-1.0
2025-05-12,39.90092468261719,0.22971361466837686,0.23432864399024886,99.8544346346496,98.2948905453447,XLRE,不動産,rate_sensitive,Lagging,5.0,-4.0,-6.0
2025-05-13,39.364437103271484,0.22611491053395644,0.2315907328381514,99.12439394603044,97.46968375986559,XLRE,不動産,rate_sensitive,Lagging,4.0,-4.0,-5.0
2025-05-14,39.029136657714844,0.22554698028506878,0.22957614865379056,98.56972350092872,97.16042112705513,XLRE,不動産,rate_sensitive,Lagging,3.0,-5.0,-5.0
2025-05-15,39.74763870239258,0.22762433500371945,0.22892554410376686,98.37094231312417,97.50327141204117,XLRE,不動産,rate_sensitive,Lagging,3.0,-5.0,-5.0
2025-05-16,40.24579620361328,0.22823628558787265,0.22869579126513548,98.28054336078563,97.6926115311431,XLRE,不動産,rate_sensitive,Lagging,3.0,-5.0,-5.0
2025-05-19,40.3320198059082,0.22875066118929607,0.2287140812398557,98.24567005270185,98.3844704514146,XLRE,不動産,rate_sensitive,Lagging,3.0,-2.0,2.0
2025-05-20,40.12126541137695,0.22815118981240212,0.22852645076403785,98.14775017631834,99.0970577272979,XLRE,不動産,rate_sensitive,Lagging,3.0,-1.0,3.0
2025-05-21,39.0578727722168,0.22704993836549206,0.2280342799645226,97.9827125526852,99.53088457714544,XLRE,不動産,rate_sensitive,Lagging,2.0,-1.0,4.0
2025-05-22,38.92375564575195,0.22699422029099564,0.22768759340668032,97.88485224179796,99.65209050141557,XLRE,不動産,rate_sensitive,Lagging,2.0,-1.0,4.0
2025-05-23,38.93333435058594,0.22796176477420346,0.22777898386252138,97.92768511591859,99.810822638115,XLRE,不動産,rate_sensitive,Lagging,2.0,-1.0,4.0
2025-05-27,39.575199127197266,0.22747914175397838,0.22767903649300705,97.94399974394477,99.88856083530882,XLRE,不動産,rate_sensitive,Lagging,2.0,-1.0,1.0
2025-05-28,39.575199127197266,0.22943000855054846,0.22826269384552086,98.14313340224469,100.24701206618253,XLRE,不動産,rate_sensitive,Improving,2.0,-1.0,0.0
2025-05-29,39.93923568725586,0.23097637296381224,0.229167253551618,98.42427868178241,100.79974870080689,XLRE,不動産,rate_sensitive,Improving,2.0,0.0,1.0
2025-05-30,39.977561950683594,0.2312897848441455,0.2298747639824605,98.64142357512506,101.21313809825037,XLRE,不動産,rate_sensitive,Improving,3.0,1.0,2.0
2025-06-02,40.0350456237793,0.23143867860659584,0.2303960688571723,98.81080511983919,101.43136553798372,XLRE,不動産,rate_sensitive,Improving,3.0,1.0,2.0
2025-06-03,39.89133834838867,0.22870393083100735,0.22983202284845064,98.70606868927437,101.35056123737806,XLRE,不動産,rate_sensitive,Improving,3.0,1.0,2.0
2025-06-04,40.0158805847168,0.22993450522904274,0.22986618364198136,98.75724505006563,101.2309614686785,XLRE,不動産,rate_sensitive,Improving,3.0,1.0,2.0
2025-06-05,40.00629806518555,0.23050227614000415,0.23007821447465565,98.84880560652769,100.998756592646,XLRE,不動産,rate_sensitive,Improving,3.0,1.0,1.0
2025-06-06,40.12126541137695,0.22918539945777613,0.22978060946902917,98.81102423357007,100.65933019919441,XLRE,不動産,rate_sensitive,Improving,3.0,0.0,-1.0
2025-06-09,40.10209655761719,0.229037411065058,0.22953287666770547,98.78778396634686,100.39014954670931,XLRE,不動産,rate_sensitive,Improving,3.0,0.0,-1.0
2025-06-10,40.45656204223633,0.22991696194382483,0.2296609050930786,98.85582371595302,100.60801884207675,XLRE,不動産,rate_sensitive,Improving,2.0,-1.0,-2.0
2025-06-11,40.23622131347656,0.2293158833530726,0.22954589784640994,98.86379698613511,100.52914658929004,XLRE,不動産,rate_sensitive,Improving,2.0,-1.0,-2.0
2025-06-12,40.45656204223633,0.23003221921000988,0.22970800496760993,98.93529735934374,100.48362700708581,XLRE,不動産,rate_sensitive,Improving,2.0,-1.0,-2.0
2025-06-13,40.13084030151367,0.23097213077797038,0.2301293802377301,99.06318400657551,100.69055766972276,XLRE,不動産,rate_sensitive,Improving,4.0,1.0,1.0
2025-06-16,40.16916275024414,0.2289848180012891,0.22974785949224977,98.9999443249262,100.61780528400757,XLRE,不動産,rate_sensitive,Improving,3.0,0.0,0.0
2025-06-17,40.00629806518555,0.23026835410797838,0.22992135769749267,99.06742434333461,100.59937834649737,XLRE,不動産,rate_sensitive,Improving,4.0,2.0,3.0
2025-06-18,40.08293914794922,0.23068343051563922,0.2301753819702082,99.14952301543454,100.6795804600393,XLRE,不動産,rate_sensitive,Improving,4.0,2.0,3.0
2025-06-20,40.073360443115234,0.23025182842684278,0.23020086412241975,99.17630083356384,100.60130071495209,XLRE,不動産,rate_sensitive,Improving,4.0,2.0,3.0
2025-06-23,40.658199310302734,0.23156778885859053,0.23065650570114338,99.29887343523077,100.57763220180222,XLRE,不動産,rate_sensitive,Improving,6.0,2.0,1.0
2025-06-24,40.85152816772461,0.23048658595641647,0.23059986578623443,99.29977901623374,100.64574398523409,XLRE,不動産,rate_sensitive,Improving,6.0,3.0,3.0
2025-06-25,39.855857849121094,0.2265031452103831,0.22923429226095066,99.0020152487259,100.13561203392139,XLRE,不動産,rate_sensitive,Improving,4.0,0.0,-2.0
2025-06-26,39.60452651977539,0.22338893034929708,0.22728583829039947,98.59331515937082,99.4637051546887,XLRE,不動産,rate_sensitive,Lagging,1.0,-3.0,-5.0
2025-06-27,39.74953079223633,0.2233887800921279,0.2259868188909756,98.35756769467548,99.1133069197938,XLRE,不動産,rate_sensitive,Lagging,1.0,-3.0,-5.0
2025-06-30,40.03952407836914,0.22396611680944484,0.22531325153046536,98.27982605685044,98.86866187087966,XLRE,不動産,rate_sensitive,Lagging,1.0,-5.0,-7.0
2025-07-01,40.31019592285156,0.2228681351434643,0.22449821273479836,98.18698896402638,98.78056349036355,XLRE,不動産,rate_sensitive,Lagging,1.0,-5.0,-8.0
2025-07-02,40.38752746582031,0.2227867754649098,0.2239277336448355,98.15480385242402,99.16025187603356,XLRE,不動産,rate_sensitive,Lagging,2.0,-2.0,-2.0
2025-07-03,40.406856536865234,0.22182217008972557,0.22322587912646552,98.10446096766118,99.65245353133761,XLRE,不動産,rate_sensitive,Lagging,2.0,1.0,4.0
2025-07-07,40.0975227355957,0.22189745399385336,0.22278307074892817,98.10820550278177,99.98969428972234,XLRE,不動産,rate_sensitive,Lagging,1.0,0.0,3.0
2025-07-08,40.03952407836914,0.2210230088701306,0.22219638345599566,98.08242218212754,100.0799733566067,XLRE,不動産,rate_sensitive,Improving,2.0,1.0,6.0
2025-07-09,40.020198822021484,0.2202585352621758,0.22155043405805572,98.05028645593019,100.17793300230788,XLRE,不動産,rate_sensitive,Improving,1.0,0.0,5.0
2025-07-10,40.22319412231445,0.22010073359473106,0.22106720057028084,98.0523390654435,100.23433926801432,XLRE,不動産,rate_sensitive,Improving,1.0,-1.0,1.0
2025-07-11,40.18452835083008,0.2215107430723148,0.22121504807095882,98.16543425170295,100.4564863150528,XLRE,不動産,rate_sensitive,Improving,2.0,0.0,-1.0
2025-07-14,40.455196380615234,0.22277323748427996,0.22173444454206587,98.32949455454944,100.66183831318489,XLRE,不動産,rate_sensitive,Improving,1.0,0.0,0.0
2025-07-15,39.93319320678711,0.22299093486977875,0.22215327465130352,98.46372218085355,100.85518290645766,XLRE,不動産,rate_sensitive,Improving,2.0,0.0,-1.0
2025-07-16,40.368194580078125,0.22454432415686706,0.22295029115315806,98.64980818085611,101.11896896543524,XLRE,不動産,rate_sensitive,Improving,3.0,2.0,2.0
2025-07-17,40.32952880859375,0.2225151445886746,0.22280524229833026,98.67109498951469,101.11230495999837,XLRE,不動産,rate_sensitive,Improving,2.0,1.0,2.0
2025-07-18,40.445526123046875,0.2232399701789499,0.22295015159187015,98.73617379647737,101.03338692246386,XLRE,不動産,rate_sensitive,Improving,2.0,0.0,0.0
2025-07-21,40.600196838378906,0.2248628355671376,0.22358771291695934,98.87607774981979,101.00085048294082,XLRE,不動産,rate_sensitive,Improving,3.0,2.0,2.0
2025-07-22,41.30586242675781,0.225891335511453,0.2243555871151239,99.03322963801297,101.04017097888602,XLRE,不動産,rate_sensitive,Improving,5.0,3.0,3.0
2025-07-23,41.4218635559082,0.2246644875738744,0.22445855393470743,99.07338546344482,100.85454701271014,XLRE,不動産,rate_sensitive,Improving,5.0,2.0,0.0
2025-07-24,41.36386489868164,0.22507042525988788,0.22466251104310092,99.13188653019076,100.90536304236967,XLRE,不動産,rate_sensitive,Improving,5.0,3.0,2.0
2025-07-25,41.36386489868164,0.22399137572526198,0.22443879927048796,99.1137647106735,100.78022022592567,XLRE,不動産,rate_sensitive,Improving,5.0,3.0,3.0
2025-07-28,40.64853286743164,0.22142702420813395,0.22343487424970332,98.94849020383863,100.3569529192579,XLRE,不動産,rate_sensitive,Improving,4.0,1.0,-1.0
2025-07-29,41.325199127197266,0.22522168211546806,0.22403047687162492,99.0892080512534,100.31972450993649,XLRE,不動産,rate_sensitive,Improving,4.0,-1.0,-4.0
2025-07-30,40.74519729614258,0.2235105551735438,0.2238571696389312,99.07861938061625,100.23626172934459,XLRE,不動産,rate_sensitive,Improving,5.0,0.0,-2.0
2025-07-31,40.02986145019531,0.22160743373246763,0.22310725767011003,98.94851329619901,99.97130329543512,XLRE,不動産,rate_sensitive,Lagging,4.0,-1.0,-4.0
2025-08-01,39.91386413574219,0.22348456660887453,0.22323302731636488,98.992628522466,100.05362395983258,XLRE,不動産,rate_sensitive,Improving,5.0,0.0,-3.0
2025-08-04,40.252193450927734,0.22265643430520932,0.2230408296459797,98.96612542076751,100.24046692776716,XLRE,不動産,rate_sensitive,Improving,5.0,1.0,0.0
2025-08-05,40.38752746582031,0.2240266871403725,0.2233694488107773,99.05132185567142,100.1660875969108,XLRE,不動産,rate_sensitive,Improving,5.0,1.0,2.0
2025-08-06,40.049198150634766,0.2226481047423157,0.22312900078795678,98.99911562154524,100.11248264098785,XLRE,不動産,rate_sensitive,Improving,4.0,-1.0,-1.0
2025-08-07,40.203861236572266,0.22364245950321637,0.22330015369304332,99.04429295413372,100.34705750707155,XLRE,不動産,rate_sensitive,Improving,5.0,1.0,2.0
2025-08-08,39.87519073486328,0.22141436206442677,0.22267155648350448,98.88085916761017,100.05632221682542,XLRE,不動産,rate_sensitive,Improving,4.0,-1.0,-1.0
2025-08-11,39.6431884765625,0.22072892158574425,0.2220240115175844,98.69686445436061,99.83438362056312,XLRE,不動産,rate_sensitive,Lagging,4.0,-1.0,-2.0
2025-08-12,39.71086120605469,0.21833146698783246,0.22079316334100044,98.35926773571417,99.2368718572034,XLRE,不動産,rate_sensitive,Lagging,2.0,-3.0,-4.0
2025-08-13,39.971858978271484,0.21667279426969174,0.21941970698389754,98.02547111821356,98.77928638534597,XLRE,不動産,rate_sensitive,Lagging,1.0,-3.0,-2.0
2025-08-14,39.6915283203125,0.21656199433673798,0.21846713610151103,97.85886411700042,98.33916309958722,XLRE,不動産,rate_sensitive,Lagging,1.0,-4.0,-5.0
2025-08-15,39.9525260925293,0.2185255475451637,0.21848660658272862,97.97101711578318,98.62906355923211,XLRE,不動産,rate_sensitive,Lagging,1.0,-3.0,-2.0
2025-08-18,39.575523376464844,0.21651008438113406,0.21782776584886376,97.90154275376378,98.66236970906661,XLRE,不動産,rate_sensitive,Lagging,1.0,-3.0,-2.0
2025-08-19,40.281192779541016,0.21934369340868387,0.2183330750354705,98.12838982823229,99.63127092579673,XLRE,不動産,rate_sensitive,Lagging,1.0,-1.0,2.0
2025-08-20,40.43585968017578,0.22038659902057034,0.21901758303050378,98.37737130747483,100.75091088918884,XLRE,不動産,rate_sensitive,Improving,1.0,0.0,3.0
2025-08-21,40.29086685180664,0.2203643022319075,0.21946648943097172,98.54965938533746,101.3837155801212,XLRE,不動産,rate_sensitive,Improving,1.0,0.0,4.0
2025-08-22,40.928863525390625,0.21957721680720038,0.2195033985563813,98.61004794375513,101.23838416021538,XLRE,不動産,rate_sensitive,Improving,1.0,0.0,3.0
2025-08-25,40.72586441040039,0.22017296751599155,0.21972658820958474,98.71196968533908,101.51974720875764,XLRE,不動産,rate_sensitive,Improving,1.0,0.0,3.0
2025-08-26,40.609859466552734,0.21939413711392938,0.21961577117769962,98.72796844686115,101.07223198998197,XLRE,不動産,rate_sensitive,Improving,2.0,1.0,2.0
2025-08-27,40.78386306762695,0.21954082992129814,0.21959079075889915,98.76373245729692,100.64274622547556,XLRE,不動産,rate_sensitive,Improving,2.0,1.0,1.0
2025-08-28,40.67753601074219,0.21907287108371853,0.21941815086717228,98.76145754037698,100.31215735292709,XLRE,不動産,rate_sensitive,Improving,2.0,1.0,1.0
2025-08-29,40.899864196777344,0.22043372691405438,0.21975667621613298,98.87997344281457,100.44672137930036,XLRE,不動産,rate_sensitive,Improving,2.0,1.0,1.0
2025-09-02,40.203861236572266,0.21840786994404437,0.2193070741254368,98.80208464986592,100.1189427380837,XLRE,不動産,rate_sensitive,Improving,2.0,1.0,1.0
2025-09-03,40.0975227355957,0.2181682610383168,0.21892746976306346,98.74430644374308,99.99357517673229,XLRE,不動産,rate_sensitive,Lagging,2.0,0.0,-1.0
2025-09-04,40.368194580078125,0.21803059995604065,0.21862851316072252,98.70698978537867,99.86333751884656,XLRE,不動産,rate_sensitive,Lagging,2.0,0.0,-1.0
2025-09-05,40.77419662475586,0.21996632483605286,0.21907445038583262,98.85228307395057,100.18311014687535,XLRE,不動産,rate_sensitive,Improving,3.0,1.0,0.0
2025-09-08,40.5035285949707,0.21868022946255664,0.2189430434114073,98.85049798220578,99.93738525501966,XLRE,不動産,rate_sensitive,Lagging,4.0,2.0,1.0
2025-09-09,40.48419952392578,0.21925122929303473,0.21904577203861644,98.9078138621691,100.21683620223747,XLRE,不動産,rate_sensitive,Improving,4.0,2.0,1.0
2025-09-10,40.46485900878906,0.2193685367925318,0.21915336028992158,98.9641560323396,100.45356379571408,XLRE,不動産,rate_sensitive,Improving,3.0,1.0,1.0
2025-09-11,41.122196197509766,0.2196407804978711,0.21931583369257146,99.03394508145529,100.66857321702771,XLRE,不動産,rate_sensitive,Improving,4.0,2.0,2.0
2025-09-12,40.938533782958984,0.22024511057414659,0.2196255926530965,99.14213520223078,100.58279928060344,XLRE,不動産,rate_sensitive,Improving,3.0,0.0,-1.0
2025-09-15,40.89019775390625,0.22036993940151492,0.21987370823590263,99.23280994903371,100.76906245688136,XLRE,不動産,rate_sensitive,Improving,3.0,-1.0,-3.0
2025-09-16,40.64853286743164,0.21964974917417243,0.21979905521532592,99.23288384072558,100.64506570536047,XLRE,不動産,rate_sensitive,Improving,4.0,0.0,-2.0
2025-09-17,40.62919616699219,0.2193354042726282,0.21964450490109336,99.20617500211968,100.47157811324537,XLRE,不動産,rate_sensitive,Improving,4.0,1.0,0.0
2025-09-18,40.658199310302734,0.2180676092670166,0.2191188730230678,99.05736309104353,100.02703526476705,XLRE,不動産,rate_sensitive,Improving,4.0,0.0,-2.0
2025-09-19,40.455196380615234,0.217357246957044,0.21853166433439322,98.87357790534969,99.43730147723006,XLRE,不動産,rate_sensitive,Lagging,3.0,0.0,0.0
2025-09-22,40.58863830566406,0.2179700756859376,0.21834446811824137,98.7991705311129,99.12037290078786,XLRE,不動産,rate_sensitive,Lagging,3.0,0.0,1.0
2025-09-23,40.91007995605469,0.21942850342853584,0.21870581322167287,98.9103356648791,99.37049578916249,XLRE,不動産,rate_sensitive,Lagging,3.0,-1.0,-1.0
2025-09-24,40.491233825683594,0.21768953726052792,0.2183670545679579,98.76120215984204,99.13503875942419,XLRE,不動産,rate_sensitive,Lagging,3.0,-1.0,-2.0
2025-09-25,40.39383316040039,0.21896863775506153,0.21856758229699247,98.85460670897518,99.61811369186266,XLRE,不動産,rate_sensitive,Lagging,3.0,-1.0,-1.0
2025-09-26,40.79319381713867,0.2189640330843042,0.21869973255942973,98.93332100589696,100.13662378183423,XLRE,不動産,rate_sensitive,Improving,3.0,0.0,0.0
2025-09-29,40.87111282348633,0.2186517720599964,0.2186837457262853,98.95042828087844,100.30288483434401,XLRE,不動産,rate_sensitive,Improving,3.0,0.0,0.0
2025-09-30,41.036705017089844,0.21895900535555232,0.21877549893604098,99.02071380575809,100.17916706259864,XLRE,不動産,rate_sensitive,Improving,3.0,0.0,1.0
2025-10-01,41.036705017089844,0.2184638120824625,0.21867160331818147,99.00188174291152,100.45729380818288,XLRE,不動産,rate_sensitive,Improving,3.0,0.0,1.0
2025-10-02,40.822410583496094,0.21680984981875767,0.21805101881837355,98.74801748325692,99.60216957323112,XLRE,不動産,rate_sensitive,Lagging,4.0,1.0,2.0
2025-10-03,40.98800277709961,0.21692667225446238,0.2176762366304032,98.61928023765043,99.10105690250525,XLRE,不動産,rate_sensitive,Lagging,4.0,1.0,1.0
2025-10-06,40.57889938354492,0.2148289331986865,0.21672713548649764,98.2504750682855,98.22415427533592,XLRE,不動産,rate_sensitive,Lagging,4.0,1.0,1.0
2025-10-07,40.4522705078125,0.21510359793928696,0.2161859563040941,98.0957719105518,97.80767062643554,XLRE,不動産,rate_sensitive,Lagging,4.0,1.0,1.0
2025-10-08,40.24772262573242,0.21332110750760486,0.21523100670526435,97.80061030521497,97.37612913247065,XLRE,不動産,rate_sensitive,Lagging,2.0,-1.0,-1.0
2025-10-09,40.062652587890625,0.21411166459585593,0.2148578926687949,97.77674038649846,97.97769359422485,XLRE,不動産,rate_sensitive,Lagging,2.0,-2.0,-3.0
2025-10-10,39.624332427978516,0.2166538003056223,0.2154565285477374,98.11631201798133,98.9823159601563,XLRE,不動産,rate_sensitive,Lagging,3.0,-1.0,-2.0
2025-10-13,39.848365783691406,0.215780607807491,0.21556455496765528,98.23863485381885,100.0094673366836,XLRE,不動産,rate_sensitive,Improving,3.0,-1.0,-2.0
2025-10-14,40.228240966796875,0.21604613314496343,0.21572508102675803,98.36587018659971,100.61208490866663,XLRE,不動産,rate_sensitive,Improving,1.0,-3.0,-4.0
2025-10-15,40.81267166137695,0.21874376663508496,0.216731309562867,98.7969836029775,102.07780703677008,XLRE,不動産,rate_sensitive,Improving,3.0,1.0,2.0
2025-10-16,40.6860466003418,0.2201517886048033,0.21787146924351247,99.26573275059772,102.87841260043243,XLRE,不動産,rate_sensitive,Improving,5.0,3.0,5.0
2025-10-17,40.949039459228516,0.22045525827484672,0.21873273225395723,99.6266830915341,102.73270449780223,XLRE,不動産,rate_sensitive,Improving,6.0,3.0,4.0
2025-10-20,41.377620697021484,0.22055713674658584,0.21934086708483344,99.89792649843851,102.79933364706815,XLRE,不動産,rate_sensitive,Improving,6.0,3.0,4.0
2025-10-21,41.25099182128906,0.21887932941317823,0.21918702119428174,99.86462643713558,102.38382810359852,XLRE,不動産,rate_sensitive,Improving,6.0,5.0,8.0
2025-10-22,41.43606185913086,0.22092681418368446,0.21976695219074932,100.14988753910605,102.05390655569293,XLRE,不動産,rate_sensitive,Leading,6.0,3.0,2.0
2025-10-23,41.39710235595703,0.21967761243434977,0.2197371722719495,100.17695451473645,101.32073076636408,XLRE,不動産,rate_sensitive,Leading,6.0,1.0,-2.0
2025-10-24,41.543212890625,0.21985362074068213,0.21977598842819374,100.22826995903056,100.81618611762006,XLRE,不動産,rate_sensitive,Leading,8.0,2.0,-1.0
2025-10-27,41.63087844848633,0.2193427606921025,0.21963157918283002,100.20130468819177,100.34340372018454,XLRE,不動産,rate_sensitive,Leading,6.0,0.0,-3.0
2025-10-28,40.705528259277344,0.21632528064867804,0.21852947967144604,99.68305538991089,99.59095020759025,XLRE,不動産,rate_sensitive,Lagging,5.0,-1.0,-6.0
2025-10-29,39.595115661621094,0.21280399275833214,0.21662098403374141,98.71905816046375,97.76670894557861,XLRE,不動産,rate_sensitive,Lagging,3.0,-3.0,-6.0
2025-10-30,39.81914520263672,0.2149324490663415,0.21605813904460813,98.44722241892293,97.49541445697174,XLRE,不動産,rate_sensitive,Lagging,3.0,-3.0,-4.0
2025-10-31,39.838626861572266,0.2145684734611185,0.2155615838501116,98.21470813325935,97.31301960716368,XLRE,不動産,rate_sensitive,Lagging,2.0,-6.0,-8.0
2025-11-03,39.77043914794922,0.2147268131261383,0.21528332694212052,98.08747384373582,97.38364748848933,XLRE,不動産,rate_sensitive,Lagging,2.0,-4.0,-4.0
2025-11-04,39.87758255004883,0.21673889728448703,0.21576851705624273,98.37506316588251,98.45119003427384,XLRE,不動産,rate_sensitive,Lagging,2.0,-3.0,-2.0
2025-11-05,39.86784362792969,0.2154250808489538,0.21565403832047977,98.30851753579752,99.56605951655233,XLRE,不動産,rate_sensitive,Lagging,2.0,-1.0,2.0
2025-11-06,39.673030853271484,0.21589375667139832,0.21573394443745264,98.36779309224647,99.9723771801956,XLRE,不動産,rate_sensitive,Lagging,2.0,-1.0,2.0
2025-11-07,40.19902038574219,0.21693663079139933,0.21613483988876822,98.63729702234095,100.57465962041071,XLRE,不動産,rate_sensitive,Improving,2.0,0.0,6.0
2025-11-10,40.1697998046875,0.21553784247321178,0.21593584075024944,98.55016953858295,100.60268438024622,XLRE,不動産,rate_sensitive,Improving,2.0,0.0,4.0
2025-11-11,40.61786651611328,0.21668995342268912,0.2161872116410627,98.7566807920911,100.48104380413454,XLRE,不動産,rate_sensitive,Improving,3.0,1.0,4.0
2025-11-12,40.296424865722656,0.21446646597351218,0.2156136297518792,98.44553818934111,100.15425396811015,XLRE,不動産,rate_sensitive,Improving,1.0,-1.0,0.0
2025-11-13,39.77043914794922,0.2140872952638854,0.2151048515892146,98.20481845818013,99.7578723506203,XLRE,不動産,rate_sensitive,Lagging,1.0,-1.0,0.0
2025-11-14,39.887325286865234,0.21550733912975803,0.21523901410272908,98.35103730051728,99.58702196003482,XLRE,不動産,rate_sensitive,Lagging,1.0,-1.0,-1.0
2025-11-17,39.624332427978516,0.2169350403746812,0.2158043561933798,98.73351925628252,100.1827559196839,XLRE,不動産,rate_sensitive,Improving,1.0,-1.0,-1.0
2025-11-18,39.77043914794922,0.21760545918137325,0.21640472385604428,99.11910664719333,100.41301049633574,XLRE,不動産,rate_sensitive,Improving,4.0,1.0,0.0
2025-11-19,39.458740234375,0.21655555007507102,0.21645499926238654,99.17605293240791,100.88533179500718,XLRE,不動産,rate_sensitive,Improving,4.0,3.0,4.0
2025-11-20,39.32237243652344,0.21847245927936831,0.21712748593471382,99.59661449722785,101.68800329345682,XLRE,不動産,rate_sensitive,Improving,5.0,4.0,5.0
2025-11-21,39.838626861572266,0.21707500950947725,0.2171099937929683,99.60720593368896,101.49136293666501,XLRE,不動産,rate_sensitive,Improving,5.0,4.0,5.0
2025-11-24,39.897064208984375,0.21649603016560778,0.2169053392505148,99.50507291252721,100.88077634711756,XLRE,不動産,rate_sensitive,Improving,6.0,5.0,6.0
2025-11-25,40.218502044677734,0.21518319057098217,0.21633128969067061,99.18146435020284,100.00446110850324,XLRE,不動産,rate_sensitive,Improving,4.0,0.0,-1.0
2025-11-26,40.39383316040039,0.21462375035236883,0.2157621099112367,98.86849272252427,99.55429133907263,XLRE,不動産,rate_sensitive,Lagging,4.0,0.0,-3.0
2025-11-28,40.58863830566406,0.21449902540652144,0.2153410817429983,98.65383651854057,98.80124477869984,XLRE,不動産,rate_sensitive,Lagging,2.0,-3.0,-7.0
2025-12-01,40.02369689941406,0.2129701350606126,0.2145507661822031,98.2438846745695,98.3500962111783,XLRE,不動産,rate_sensitive,Lagging,2.0,-3.0,-7.0
2025-12-02,39.92628860473633,0.2126530515881346,0.21391819465084694,97.96880001715749,98.21980081586177,XLRE,不動産,rate_sensitive,Lagging,1.0,-5.0,-10.0
2025-12-03,40.00421142578125,0.21145466403214974,0.21309701777794787,97.64288694856685,98.2873329678941,XLRE,不動産,rate_sensitive,Lagging,1.0,-3.0,-3.0
2025-12-04,39.93602752685547,0.21102813230027212,0.21240738928538933,97.44186554337288,98.47258034358516,XLRE,不動産,rate_sensitive,Lagging,1.0,-3.0,-3.0
2025-12-05,39.92628860473633,0.21048219929068893,0.21176565928715588,97.31315689210574,98.61455772327837,XLRE,不動産,rate_sensitive,Lagging,1.0,-1.0,2.0
2025-12-08,39.68277359008789,0.21045899746217542,0.21133010534549573,97.30698453457111,99.08429231567386,XLRE,不動産,rate_sensitive,Lagging,1.0,-1.0,2.0
2025-12-09,39.449005126953125,0.20961460969228288,0.21075827346109147,97.25660236536493,99.34839521664259,XLRE,不動産,rate_sensitive,Lagging,1.0,0.0,5.0
2025-12-10,39.52692794799805,0.2071147802890675,0.2095437757370835,96.99350251271868,99.43440818651064,XLRE,不動産,rate_sensitive,Lagging,1.0,0.0,3.0
2025-12-11,39.741214752197266,0.20656938043547488,0.2085523106365473,96.88644496602777,99.55168344830076,XLRE,不動産,rate_sensitive,Lagging,1.0,0.0,3.0
2025-12-12,39.69251251220703,0.20772429060160216,0.20827630395823227,97.04180885256069,99.87307541010031,XLRE,不動産,rate_sensitive,Lagging,1.0,0.0,1.0
2025-12-15,39.848365783691406,0.2082814923069512,0.20827803340780526,97.25638243669829,100.12168914870087,XLRE,不動産,rate_sensitive,Improving,1.0,0.0,1.0
2025-12-16,39.497703552246094,0.20790878113134048,0.20815494931565034,97.39978876306753,100.33638726687911,XLRE,不動産,rate_sensitive,Improving,1.0,0.0,0.0
2025-12-17,39.673030853271484,0.20939792569741475,0.2085692747762385,97.6810604893465,100.91677766129838,XLRE,不動産,rate_sensitive,Improving,1.0,0.0,0.0
2025-12-18,39.42951965332031,0.20766868394760427,0.20826907783336043,97.72452378018885,101.05233757447469,XLRE,不動産,rate_sensitive,Improving,1.0,0.0,0.0
2025-12-19,39.283416748046875,0.20614827572649572,0.20756214379773888,97.65691367709182,100.78978623186099,XLRE,不動産,rate_sensitive,Improving,1.0,0.0,0.0
2025-12-22,39.57487869262695,0.20614978026861525,0.2070913559546977,97.66454548477975,100.55326011126404,XLRE,不動産,rate_sensitive,Improving,1.0,0.0,0.0
2025-12-23,39.56503677368164,0.20657882608147315,0.20692051266362285,97.75165004771945,100.47878076055834,XLRE,不動産,rate_sensitive,Improving,1.0,0.0,0.0
2025-12-24,39.8210563659668,0.20716455057729063,0.20700185863484546,97.88947604338408,100.31751387227432,XLRE,不動産,rate_sensitive,Improving,1.0,0.0,0.0
2025-12-26,39.89983367919922,0.20752082548810388,0.20717484758593163,98.03283211896718,100.41994596318018,XLRE,不動産,rate_sensitive,Improving,1.0,0.0,0.0
2025-12-29,40.00815200805664,0.20842826769765743,0.20759265428984025,98.21984088417832,100.68354114313348,XLRE,不動産,rate_sensitive,Improving,1.0,0.0,0.0
2025-12-30,40.09677505493164,0.20922512849143507,0.20813681235703851,98.42041381718403,100.87346127642537,XLRE,不動産,rate_sensitive,Improving,2.0,1.0,1.0
2025-12-31,39.7324333190918,0.20910979091227322,0.20846113854211676,98.55477617339277,100.90874622037825,XLRE,不動産,rate_sensitive,Improving,2.0,1.0,1.0
2026-01-02,39.76197814941406,0.20785467407618874,0.2082589837201408,98.55687416996788,100.74906587971003,XLRE,不動産,rate_sensitive,Improving,1.0,0.0,0.0
2026-01-05,39.81121063232422,0.2061982670309909,0.20757207815709083,98.44637917656623,100.46967614025415,XLRE,不動産,rate_sensitive,Improving,2.0,1.0,1.0
2026-01-06,40.07707977294922,0.2050991491461788,0.20674776848678683,98.31595780453432,100.12377113077237,XLRE,不動産,rate_sensitive,Improving,2.0,1.0,1.0
2026-01-07,39.5256462097168,0.2045720725754462,0.20602253651633998,98.2223765094405,99.80028896823795,XLRE,不動産,rate_sensitive,Lagging,3.0,1.0,0.0
2026-01-08,39.8210563659668,0.2043490539163461,0.20546470898300873,98.17678411149475,99.59063076340293,XLRE,不動産,rate_sensitive,Lagging,3.0,1.0,0.0
2026-01-09,39.88014221191406,0.20347158648880498,0.20480033481827414,98.11639614954532,99.51103066515678,XLRE,不動産,rate_sensitive,Lagging,3.0,2.0,2.0
2026-01-12,39.99829864501953,0.20388869927688863,0.204496456304479,98.13879374200732,99.65085369654702,XLRE,不動産,rate_sensitive,Lagging,2.0,0.0,-1.0
2026-01-13,40.30355453491211,0.20544472111894657,0.2048125445759682,98.28324321030739,99.94893023003947,XLRE,不動産,rate_sensitive,Lagging,3.0,1.0,0.0
2026-01-14,40.75651550292969,0.2068125633363809,0.20547921749610576,98.48408625719739,100.26797611420496,XLRE,不動産,rate_sensitive,Improving,3.0,0.0,-1.0
2026-01-15,41.06177520751953,0.20744273233586485,0.20613372244269212,98.66797155753486,100.52894070347644,XLRE,不動産,rate_sensitive,Improving,5.0,2.0,1.0
2026-01-16,41.563968658447266,0.21051779314998947,0.20759507934512458,99.00243043140821,100.9836812214475,XLRE,不動産,rate_sensitive,Improving,6.0,3.0,1.0
2026-01-20,40.76636505126953,0.209605524175722,0.2082652276219904,99.16868951619769,101.16544285870897,XLRE,不動産,rate_sensitive,Improving,6.0,4.0,4.0
2026-01-21,40.91407012939453,0.20686238945740665,0.2077976149004625,99.09874197650153,100.96117911156286,XLRE,不動産,rate_sensitive,Improving,6.0,3.0,2.0
2026-01-22,40.51034164428711,0.20455441316052633,0.2067165476538171,98.90203969036924,100.53813470669004,XLRE,不動産,rate_sensitive,Improving,6.0,3.0,3.0
2026-01-23,40.61865997314453,0.20601970324476732,0.20648426618413385,98.88239426819497,100.32786143215209,XLRE,不動産,rate_sensitive,Improving,6.0,1.0,-1.0
2026-01-26,40.58911895751953,0.20538421899673645,0.20611758378833472,98.83305862827191,99.88783922697678,XLRE,不動産,rate_sensitive,Lagging,6.0,0.0,-3.0
2026-01-27,40.61865997314453,0.20585401339172446,0.20602972698946465,98.84195942636579,99.71385739420985,XLRE,不動産,rate_sensitive,Lagging,5.0,-1.0,-5.0
2026-01-28,40.22478103637695,0.20454676127141608,0.20553540508344847,98.76052488074772,99.711924102941,XLRE,不動産,rate_sensitive,Lagging,3.0,-3.0,-6.0
2026-01-29,40.736820220947266,0.20687921317144176,0.20598334111277958,98.89162425373475,100.10771272510274,XLRE,不動産,rate_sensitive,Improving,3.0,-3.0,-6.0
2026-01-30,40.79590606689453,0.20763948678511912,0.2065353896702261,99.04863181780514,100.29820426405927,XLRE,不動産,rate_sensitive,Improving,6.0,0.0,-1.0
2026-02-02,40.33309555053711,0.20423223277842384,0.20576767070629204,98.90468639290233,100.15027058413742,XLRE,不動産,rate_sensitive,Improving,6.0,0.0,0.0
2026-02-03,40.18539810180664,0.20402745378667322,0.20518759839975245,98.80800608976696,99.97215171936915,XLRE,不動産,rate_sensitive,Lagging,5.0,0.0,1.0
2026-02-04,40.825443267822266,0.20548680743416697,0.2052873347445573,98.86760721036829,100.1250182960419,XLRE,不動産,rate_sensitive,Improving,5.0,2.0,5.0
2026-02-05,40.59896469116211,0.2061376073059672,0.20557075893169396,98.96580131811216,100.04614176971755,XLRE,不動産,rate_sensitive,Improving,6.0,3.0,6.0
2026-02-06,41.34733581542969,0.20609693451859865,0.20574615079399555,99.03702419916011,99.90645980135331,XLRE,不動産,rate_sensitive,Lagging,7.0,1.0,1.0
2026-02-09,41.60335159301758,0.20725008507727494,0.20624746222175538,99.18221237917908,100.33663301255666,XLRE,不動産,rate_sensitive,Improving,7.0,1.0,1.0
2026-02-10,42.184326171875,0.20939927169804548,0.20729806538051876,99.4569613314866,100.89118838311033,XLRE,不動産,rate_sensitive,Improving,7.0,2.0,2.0
2026-02-11,42.144935607910156,0.20883357365737043,0.20780990147280265,99.6051468913586,101.01296094497438,XLRE,不動産,rate_sensitive,Improving,7.0,2.0,0.0
2026-02-12,42.2138671875,0.21195665539843503,0.20919215278134679,99.97401742116146,101.38519403487517,XLRE,不動産,rate_sensitive,Improving,7.0,1.0,-2.0
2026-02-13,42.834224700927734,0.21286638469846422,0.21041689675371927,100.31155906281188,101.71069752068347,XLRE,不動産,rate_sensitive,Leading,7.0,0.0,-1.0
2026-02-17,43.267486572265625,0.2153911035552645,0.21207496568756767,100.7638878626743,102.04345235015941,XLRE,不動産,rate_sensitive,Leading,7.0,0.0,-1.0
2026-02-18,42.686519622802734,0.21140290634587977,0.21185094590700504,100.73144743900596,101.5521690794763,XLRE,不動産,rate_sensitive,Leading,7.0,0.0,-2.0
2026-02-19,42.538814544677734,0.21111736080556814,0.21160641753985943,100.69976760055178,101.26830427231481,XLRE,不動産,rate_sensitive,Leading,7.0,0.0,-2.0
2026-02-20,42.89330291748047,0.2118857732856435,0.21169953612178746,100.76783276898391,100.84696490984264,XLRE,不動産,rate_sensitive,Leading,7.0,0.0,-1.0
2026-02-23,42.942543029785156,0.214483049804382,0.21262737401598564,101.07566504750392,100.80574323845656,XLRE,不動産,rate_sensitive,Leading,7.0,0.0,0.0
2026-02-24,43.060699462890625,0.21337130127999673,0.212875349770656,101.21022307615965,100.40656421477269,XLRE,不動産,rate_sensitive,Leading,7.0,0.0,0.0
2026-02-25,42.775142669677734,0.21183141862452293,0.212527372721945,101.1756668045776,100.42896633747874,XLRE,不動産,rate_sensitive,Leading,6.0,-1.0,-1.0
2026-02-26,42.96223449707031,0.21156285177376444,0.21220586573921818,101.14919252651292,100.4455870974546,XLRE,不動産,rate_sensitive,Leading,6.0,-1.0,-1.0
2026-02-27,43.16902160644531,0.21233222723813158,0.212247986238856,101.23416592421255,100.45960365953961,XLRE,不動産,rate_sensitive,Leading,6.0,-1.0,-1.0
2026-03-02,43.24779510498047,0.21311478676359072,0.21253691974710093,101.39785554118663,100.24362466366513,XLRE,不動産,rate_sensitive,Leading,6.0,-1.0,-1.0
2026-03-03,43.031166076660156,0.2146810889158458,0.21325164280334924,101.70343478926048,100.46078852331118,XLRE,不動産,rate_sensitive,Leading,8.0,1.0,1.0
2026-03-04,43.090240478515625,0.2141175580352448,0.2135402812139811,101.83539589887918,100.67877160505667,XLRE,不動産,rate_sensitive,Leading,9.0,3.0,4.0
2026-03-05,42.67667007446289,0.2145475398772192,0.21387603410172715,101.95955232535795,100.8928381758791,XLRE,不動産,rate_sensitive,Leading,10.0,4.0,5.0
2026-03-06,42.233558654785156,0.2148808121288298,0.21421096011076138,102.05062831425333,100.89752902547153,XLRE,不動産,rate_sensitive,Leading,10.0,4.0,5.0
2026-03-09,42.322181701660156,0.2147248380443938,0.21438225275530554,102.06013740335926,100.62594949615404,XLRE,不動産,rate_sensitive,Leading,10.0,4.0,5.0
2026-03-10,42.263099670410156,0.2160450945577473,0.21493653335611948,102.17347452206066,100.24942112580564,XLRE,不動産,rate_sensitive,Leading,10.0,2.0,1.0
2026-03-11,41.76090621948242,0.2141838176823948,0.2146856281315446,102.01316824660064,99.63298514077543,XLRE,不動産,rate_sensitive,Weakening,10.0,1.0,-2.0
2026-03-12,41.49503707885742,0.2161632589697317,0.21517817174427367,102.08489883143727,99.48005024023927,XLRE,不動産,rate_sensitive,Weakening,10.0,0.0,-4.0
2026-03-13,41.60335159301758,0.21673869118481268,0.21569834489112003,102.1382265608692,99.35274943954737,XLRE,不動産,rate_sensitive,Weakening,10.0,0.0,-4.0
2026-03-16,41.928306579589844,0.21681822747590593,0.21607163908604868,102.13333636040984,99.27698296021045,XLRE,不動産,rate_sensitive,Weakening,10.0,0.0,-4.0
2026-03-17,42.066162109375,0.21632167590511328,0.21615498469240357,102.04738708614798,98.81339788697599,XLRE,不動産,rate_sensitive,Weakening,9.0,-1.0,-3.0
2026-03-18,41.37687301635742,0.21561453976080613,0.2159748363818711,101.90165313870816,98.85150867101626,XLRE,不動産,rate_sensitive,Weakening,9.0,-1.0,-2.0
2026-03-19,41.278404235839844,0.21526830778667153,0.2157393268501379,101.75667106106869,98.40674514642137,XLRE,不動産,rate_sensitive,Weakening,9.0,-1.0,-1.0
2026-03-20,39.9687614440918,0.21154625036988794,0.2143416346900546,101.32898413910792,97.51510784439903,XLRE,不動産,rate_sensitive,Weakening,9.0,-1.0,-1.0
2026-03-23,40.26714324951172,0.21087740730858578,0.213186892229565,100.98843269538163,97.07408698080022,XLRE,不動産,rate_sensitive,Weakening,9.0,-1.0,-1.0
2026-03-24,39.94001388549805,0.20891358038289282,0.21176245494734094,100.58780962208687,96.81124488256455,XLRE,不動産,rate_sensitive,Weakening,9.0,0.0,1.0
2026-03-25,39.92018508911133,0.20780288660874704,0.21044259883447633,100.22017039355062,96.78164081049908,XLRE,不動産,rate_sensitive,Weakening,8.0,-1.0,0.0
2026-03-26,39.94001388549805,0.20983196343781446,0.2102390537022557,100.15184205446113,97.16629405327843,XLRE,不動産,rate_sensitive,Weakening,6.0,-3.0,-2.0
2026-03-27,39.66244125366211,0.21127053082729977,0.21058287941060372,100.23029405124076,98.04235833267771,XLRE,不動産,rate_sensitive,Weakening,7.0,-2.0,-1.0
2026-03-30,39.8607063293457,0.2127669257221587,0.2113108948477887,100.41106349169776,98.85306895975607,XLRE,不動産,rate_sensitive,Weakening,7.0,-2.0,-1.0
2026-03-31,40.47532272338867,0.2117136116060903,0.21144513376722257,100.43156316673127,99.4910459469469,XLRE,不動産,rate_sensitive,Weakening,7.0,-2.0,-2.0
2026-04-01,40.59428024291992,0.211652105501033,0.21151412434515937,100.4358630920479,100.05281939474932,XLRE,不動産,rate_sensitive,Leading,8.0,0.0,1.0
2026-04-02,41.2485466003418,0.21445075243581646,0.2124930003753784,100.6833972675564,100.53048930135908,XLRE,不動産,rate_sensitive,Leading,8.0,2.0,5.0
2026-04-06,41.397239685058594,0.2143026070180264,0.21309620258959444,100.82333939337137,100.62469710746122,XLRE,不動産,rate_sensitive,Leading,8.0,1.0,3.0
2026-04-07,41.35758972167969,0.21457315007606692,0.2135885184184186,100.92763412436365,100.5075394832338,XLRE,不動産,rate_sensitive,Leading,8.0,1.0,3.0
2026-04-08,42.07133483886719,0.21334748125056632,0.2135081726958012,100.877530924885,100.39351069678835,XLRE,不動産,rate_sensitive,Leading,8.0,1.0,3.0
2026-04-09,42.35881423950195,0.2146751820835213,0.21389717582504122,100.95199856252195,100.48149741347105,XLRE,不動産,rate_sensitive,Leading,8.0,0.0,0.0
2026-04-10,42.448036193847656,0.21669174209092038,0.2148286979136676,101.16811830242972,100.4161452287983,XLRE,不動産,rate_sensitive,Leading,10.0,2.0,0.0
2026-04-13,42.646297454833984,0.21531689328397527,0.21499142970377016,101.17868810369396,100.20500681852103,XLRE,不動産,rate_sensitive,Leading,10.0,2.0,1.0
2026-04-14,43.052734375,0.2164653359047778,0.2154827317707727,101.27915776580181,100.18435902415636,XLRE,不動産,rate_sensitive,Leading,11.0,3.0,2.0
2026-04-15,43.03290939331055,0.21628982434860075,0.21575176263004875,101.31766643894451,100.30748665670592,XLRE,不動産,rate_sensitive,Leading,10.0,2.0,1.0
2026-04-16,43.42943572998047,0.21729280090050584,0.21626544205353446,101.41839813478963,100.3420736083269,XLRE,不動産,rate_sensitive,Leading,10.0,2.0,2.0
2026-04-17,44.09361267089844,0.21787939903772388,0.21680342771493094,101.5183570565777,100.16958657772554,XLRE,不動産,rate_sensitive,Leading,10.0,0.0,-2.0
2026-04-20,44.25222396850586,0.2179764558583798,0.21719443709608055,101.56746500833646,100.24182295017391,XLRE,不動産,rate_sensitive,Leading,10.0,0.0,-2.0
2026-04-21,43.39969253540039,0.21509636502222965,0.21649507973813026,101.32710805588893,99.74171633999744,XLRE,不動産,rate_sensitive,Weakening,10.0,-1.0,-4.0
2026-04-22,43.08247375488281,0.21361910070271148,0.21553642005965734,101.03053047527273,99.24871611680672,XLRE,不動産,rate_sensitive,Weakening,10.0,0.0,-2.0
2026-04-23,43.57813262939453,0.21608743957777876,0.21572009323236452,101.04914363088706,99.14511923748437,XLRE,不動産,rate_sensitive,Weakening,10.0,0.0,-2.0
2026-04-24,43.44926452636719,0.21589632818893154,0.21577883821788688,101.03499734815169,98.99461230521545,XLRE,不動産,rate_sensitive,Weakening,10.0,0.0,0.0
2026-04-27,43.11221694946289,0.21447634875220242,0.21534467506265875,100.88739962535244,98.72069027278592,XLRE,不動産,rate_sensitive,Weakening,10.0,0.0,0.0
2026-04-28,43.528564453125,0.21765861460437688,0.21611598824323147,101.07888869237576,99.37112773951222,XLRE,不動産,rate_sensitive,Weakening,10.0,0.0,1.0
2026-04-29,43.26091003417969,0.21669801300135952,0.21630999649594082,101.11080371109489,99.85789393957388,XLRE,不動産,rate_sensitive,Weakening,10.0,0.0,0.0
2026-04-30,44.014312744140625,0.21718820929630728,0.21660273409606298,101.17145689686954,99.91860517195815,XLRE,不動産,rate_sensitive,Weakening,10.0,0.0,0.0
2026-05-01,43.93500518798828,0.21745959985750032,0.2168883560165421,101.22876256303675,100.02671939271606,XLRE,不動産,rate_sensitive,Leading,10.0,0.0,0.0
2026-05-04,43.69709014892578,0.21754770448640615,0.21710813883983013,101.27537595259072,100.31455358071221,XLRE,不動産,rate_sensitive,Leading,10.0,0.0,0.0
2026-05-05,43.78630447387695,0.21627572928015898,0.2168306689866064,101.17786837115253,99.87154201947106,XLRE,不動産,rate_sensitive,Weakening,10.0,0.0,0.0
2026-05-06,44.351356506347656,0.21734498055746776,0.21700210617689356,101.22988345272135,99.90185377255852,XLRE,不動産,rate_sensitive,Weakening,10.0,0.0,0.0
2026-05-07,44.014312744140625,0.21708152540056486,0.2170285792514507,101.23867264876205,99.8230554373889,XLRE,不動産,rate_sensitive,Weakening,10.0,0.0,0.0
2026-05-08,44.02422332763672,0.21653462967199166,0.21686392939163102,101.18418742184704,99.65372665938823,XLRE,不動産,rate_sensitive,Weakening,9.0,-1.0,-1.0
2026-05-11,44.182830810546875,0.2174319287623483,0.21705326251520346,101.2668999938651,99.71572846035397,XLRE,不動産,rate_sensitive,Weakening,10.0,0.0,0.0
2026-05-12,44.1927490234375,0.21767282861805423,0.21725978454948708,101.35336613091502,100.0071049262157,XLRE,不動産,rate_sensitive,Leading,10.0,0.0,0.0
2026-05-13,43.825958251953125,0.2168129698659972,0.21711084632165714,101.28972370912997,99.84590663623007,XLRE,不動産,rate_sensitive,Weakening,10.0,0.0,0.0
2026-05-14,43.528564453125,0.21455926939880957,0.21626032068070797,100.8860525508899,99.23803487294626,XLRE,不動産,rate_sensitive,Weakening,9.0,-1.0,-1.0
2026-05-15,42.85447311401367,0.21343738818993932,0.2153193431837851,100.41569886574214,98.62882712438612,XLRE,不動産,rate_sensitive,Weakening,9.0,0.0,1.0
2026-05-18,43.369956970214844,0.21468402673318113,0.21510757103358377,100.29225825211012,98.33199897823833,XLRE,不動産,rate_sensitive,Weakening,9.0,-1.0,-1.0
2026-05-19,43.55830383300781,0.2168782682601864,0.21569780344245135,100.55902250934213,98.65150910193948,XLRE,不動産,rate_sensitive,Weakening,10.0,0.0,0.0
2026-05-20,44.04404830932617,0.21691910650216067,0.21610490446235447,100.73612069988145,99.0700778706775,XLRE,不動産,rate_sensitive,Weakening,10.0,0.0,0.0
2026-05-21,44.113441467285156,0.21632690490110124,0.2161789046086034,100.74786058908462,99.7813557724229,XLRE,不動産,rate_sensitive,Weakening,10.0,1.0,2.0
2026-05-22,44.17292022705078,0.21465771895088592,0.21567184272269757,100.4673227985086,100.12161369137684,XLRE,不動産,rate_sensitive,Leading,10.0,1.0,1.0
2026-05-26,44.321617126464844,0.21428079795222538,0.21520816113254018,100.21078935563843,99.90825200077224,XLRE,不動産,rate_sensitive,Weakening,10.0,1.0,2.0
2026-05-27,44.242313385009766,0.21405201435801396,0.2148227788743648,99.99162610369598,99.10313923848597,XLRE,不動産,rate_sensitive,Lagging,9.0,-1.0,-1.0
2026-05-28,44.02422332763672,0.21221953655626488,0.21395503143499817,99.51438919536774,98.07668139130524,XLRE,不動産,rate_sensitive,Lagging,9.0,-1.0,-1.0
2026-05-29,43.607872009277344,0.20962867172030394,0.2125129115301001,98.73999473759767,97.04496587560307,XLRE,不動産,rate_sensitive,Lagging,7.0,-3.0,-4.0
2026-06-01,42.894126892089844,0.2058230724168069,0.21028296515900236,97.64997258237764,96.33293927418934,XLRE,不動産,rate_sensitive,Lagging,4.0,-6.0,-7.0
2026-06-02,43.11221694946289,0.2060520991823485,0.20887267650011776,97.15160709129336,96.47556087513682,XLRE,不動産,rate_sensitive,Lagging,2.0,-8.0,-9.0
2026-06-03,43.13203811645508,0.20692510686282145,0.208223486621019,97.09424516022716,96.97128265203986,XLRE,不動産,rate_sensitive,Lagging,2.0,-7.0,-6.0
2026-06-04,44.014312744140625,0.20957535177257836,0.2086741083382055,97.47461833678743,98.05080688267968,XLRE,不動産,rate_sensitive,Lagging,2.0,-7.0,-6.0
2026-06-05,44.311702728271484,0.21403700835256884,0.2104617416763266,98.30313062314839,99.88618371574431,XLRE,不動産,rate_sensitive,Lagging,8.0,1.0,4.0
2026-06-08,43.64752197265625,0.21105226503767788,0.21065858279677707,98.44157081777988,101.28963564258412,XLRE,不動産,rate_sensitive,Improving,8.0,4.0,10.0
2026-06-09,44.57936096191406,0.2139299518979376,0.2117490391638306,98.91717536854809,102.29167854592401,XLRE,不動産,rate_sensitive,Improving,8.0,6.0,14.0
2026-06-10,44.599185943603516,0.21678163423344163,0.21342657085370095,99.603467473751,102.86324680559576,XLRE,不動産,rate_sensitive,Improving,9.0,7.0,14.0
2026-06-11,44.529788970947266,0.2131215473143679,0.21332489634058993,99.5746057416672,102.30642536136861,XLRE,不動産,rate_sensitive,Improving,9.0,7.0,14.0
2026-06-12,44.96596908569336,0.21327717451523948,0.21330898906547313,99.5831115536641,101.45716397860063,XLRE,不動産,rate_sensitive,Improving,9.0,1.0,0.0
2026-06-15,44.599185943603516,0.21031523912029532,0.21231107241708055,99.20538515912253,100.94146770346778,XLRE,不動産,rate_sensitive,Improving,8.0,0.0,-4.0
2026-06-16,44.708229064941406,0.21153497945654975,0.2120523747635703,99.12871588866034,100.4055814498869,XLRE,不動産,rate_sensitive,Improving,8.0,0.0,-6.0
2026-06-17,43.58804702758789,0.20937295919750973,0.21115923624155014,98.80913147163984,99.45281612695847,XLRE,不動産,rate_sensitive,Lagging,5.0,-4.0,-11.0
2026-06-18,43.479000091552734,0.20788428490707753,0.21006758579672596,98.43603246852732,99.14100987282784,XLRE,不動産,rate_sensitive,Lagging,4.0,-5.0,-12.0
2026-06-22,44.02000045776367,0.21000906602540104,0.21004807920628432,98.48433227306163,99.18567661778826,XLRE,不動産,rate_sensitive,Lagging,4.0,-5.0,-6.0
2026-06-23,44.63999938964844,0.21370098865470424,0.21126571568909097,98.97334381497899,99.9935353240338,XLRE,不動産,rate_sensitive,Lagging,7.0,-1.0,-1.0
2026-06-24,44.5099983215332,0.21156952794219444,0.21136698644012547,99.0166293228115,100.08854661595215,XLRE,不動産,rate_sensitive,Improving,6.0,-2.0,-2.0
2026-06-25,44.59000015258789,0.2105785131172982,0.21110416199918305,98.90699624912801,100.26818566529987,XLRE,不動産,rate_sensitive,Improving,6.0,1.0,5.0
2026-06-26,45.2400016784668,0.21511103705786805,0.21243978701874472,99.39713225423452,101.08191976671237,XLRE,不動産,rate_sensitive,Improving,7.0,3.0,8.0
2026-06-29,44.91999816894531,0.21084251361419865,0.21190736255056272,99.17468422664588,100.78847062323545,XLRE,不動産,rate_sensitive,Improving,6.0,2.0,7.0
2026-06-30,44.029998779296875,0.20693705830317422,0.2102505944680999,98.54393095278176,99.67786581817884,XLRE,不動産,rate_sensitive,Lagging,5.0,-2.0,-1.0
2026-07-01,44.18000030517578,0.20701935029777555,0.2091735130779918,98.17584305696354,99.28421230455315,XLRE,不動産,rate_sensitive,Lagging,3.0,-3.0,-1.0
2026-07-02,44.68000030517578,0.20790097968367993,0.20874933527988787,98.07771422044888,99.3139777352999,XLRE,不動産,rate_sensitive,Lagging,3.0,-3.0,-4.0
2026-07-06,44.290000915527344,0.20600000425826673,0.20783289160601418,97.8459677848577,98.65239615290994,XLRE,不動産,rate_sensitive,Lagging,1.0,-6.0,-9.0
2026-07-07,44.88999938964844,0.20905323095431566,0.20823967138878136,98.07912704703386,99.1229243288522,XLRE,不動産,rate_sensitive,Lagging,2.0,-4.0,-6.0
2026-07-08,44.150001525878906,0.20805844562122006,0.20817926279959426,98.1427516464933,99.81000884252335,XLRE,不動産,rate_sensitive,Lagging,1.0,-4.0,-2.0
2026-07-09,44.22999954223633,0.20716627420251207,0.20784159993390022,98.11631891886614,100.15093011670419,XLRE,不動産,rate_sensitive,Improving,1.0,-2.0,1.0
2026-07-10,44.45000076293945,0.20741950597268013,0.2077009019468269,98.1559217390082,100.29325435808377,XLRE,不動産,rate_sensitive,Improving,1.0,-2.0,1.0
2026-07-13,44.70000076293945,0.2086542578275994,0.20801868724041772,98.32865292659028,100.68971422411467,XLRE,不動産,rate_sensitive,Improving,2.0,1.0,7.0
2026-07-14,44.47999954223633,0.20838603971974726,0.2081411380668609,98.43008977152984,100.56070542312429,XLRE,不動産,rate_sensitive,Improving,2.0,0.0,4.0
2026-07-15,44.560001373291016,0.20923135238710452,0.20850454284027548,98.59316000204804,100.65601164300872,XLRE,不動産,rate_sensitive,Improving,3.0,2.0,6.0
2026-07-16,45.459999084472656,0.21138286803935696,0.20946398457330268,98.91811985081584,100.98984378115877,XLRE,不動産,rate_sensitive,Improving,4.0,3.0,5.0
2026-07-17,45.41999816894531,0.21286965931643598,0.21059920948768046,99.28397871638722,101.28455677718505,XLRE,不動産,rate_sensitive,Improving,6.0,5.0,7.0
2026-07-20,45.22999954223633,0.21292721933959943,0.21137521277165344,99.53978726718934,101.33477459540359,XLRE,不動産,rate_sensitive,Improving,8.0,6.0,5.0
2026-07-21,45.20000076293945,0.21244595755752937,0.21173212770027877,99.67047290600131,101.33328044451488,XLRE,不動産,rate_sensitive,Improving,8.0,6.0,6.0
2026-07-22,45.0099983215332,0.21161259505088667,0.21169228348381475,99.67852875779924,101.1593180925824,XLRE,不動産,rate_sensitive,Improving,8.0,5.0,3.0
2026-07-23,44.95000076293945,0.21210834820366856,0.21183097172376603,99.7385798230612,100.89053323935875,XLRE,不動産,rate_sensitive,Improving,7.0,3.0,0.0
2026-07-24,45.95000076293945,0.21515193700950322,0.21293796015234512,100.10018882300248,100.86416930265422,XLRE,不動産,rate_sensitive,Leading,7.0,1.0,-4.0
2026-07-27,45.7599983215332,0.21265916850588099,0.21284502960352375,100.08624678941436,100.59976753802081,XLRE,不動産,rate_sensitive,Leading,7.0,-1.0,-7.0
2026-07-28,46.0099983215332,0.21135558732844115,0.21234854884516288,99.94293538891004,100.33482233723468,XLRE,不動産,rate_sensitive,Improving,9.0,1.0,-5.0
2026-07-29,45.959999084472656,0.2130440828567894,0.21258039351570507,100.03560614674018,100.4032991163989,XLRE,不動産,rate_sensitive,Leading,9.0,1.0,-4.0
2026-07-30,45.29999923706055,0.2103259272452339,0.21182890475888136,99.81283762309825,100.14372169633823,XLRE,不動産,rate_sensitive,Improving,8.0,1.0,-2.0
2026-07-31,45.06999969482422,0.20961816123106447,0.21109199024960906,99.59392544115808,99.62021757066228,XLRE,不動産,rate_sensitive,Lagging,8.0,1.0,0.0
2026-08-03,45.18000030517578,0.20809727869818656,0.21009375306580158,99.28677849422466,99.36744102719138,XLRE,不動産,rate_sensitive,Lagging,8.0,1.0,2.0
2026-08-04,45.16999816894531,0.20510375082978285,0.2084304189871287,98.75851929030497,99.04373203559153,XLRE,不動産,rate_sensitive,Lagging,4.0,-5.0,-6.0
