Date,Close,RS_raw,RS_smooth,RS_Ratio,RS_Momentum,Symbol,Label,Group,Quadrant,Rank,RankVelocity,RankAccel
2024-08-01,104.05577850341797,0.6336285602468433,0.6336285602468433,,,XLK,情報技術,growth,,,,
2024-08-02,101.13130187988281,0.6266030030281008,0.6312867078405959,,,XLK,情報技術,growth,,,,
2024-08-05,97.76223754882812,0.6203852346876023,0.6276528834562648,,,XLK,情報技術,growth,,,,
2024-08-06,99.09109497070312,0.6224343766003472,0.625913381170959,,,XLK,情報技術,growth,,,,
2024-08-07,97.485595703125,0.6166982843440324,0.6228416822286502,,,XLK,情報技術,growth,,,,
2024-08-08,101.12638092041016,0.6283432610103163,0.6246755418225389,,,XLK,情報技術,growth,,,,
2024-08-09,101.58085632324219,0.6298415642452392,0.6263975492967724,,,XLK,情報技術,growth,,,,
2024-08-12,102.41075897216797,0.6380502139575706,0.6302817708503718,,,XLK,情報技術,growth,,,,
2024-08-13,105.55753326416016,0.6502455921159366,0.6369363779388935,,,XLK,情報技術,growth,,,,
2024-08-14,106.135498046875,0.6524445179836708,0.6421057579538192,,,XLK,情報技術,growth,,,,
2024-08-15,109.18842315673828,0.6622291307901544,0.6488135488992643,,,XLK,情報技術,growth,,,,
2024-08-16,109.3711929321289,0.6617450588274721,0.653124052208667,,,XLK,情報技術,growth,,,,
2024-08-19,111.17428588867188,0.6675729610666628,0.6579403551613323,,,XLK,情報技術,growth,,,,
2024-08-20,110.78404235839844,0.6678689272563199,0.6612498791929948,,,XLK,情報技術,growth,,,,
2024-08-21,111.43611145019531,0.6671291669213022,0.6632096417690974,,,XLK,情報技術,growth,,,,
2024-08-22,108.87226104736328,0.6536359249952112,0.6600184028444687,,,XLK,情報技術,growth,,,,
2024-08-23,110.63583374023438,0.6558782115565288,0.658638339081822,,,XLK,情報技術,growth,,,,
2024-08-26,109.24769592285156,0.6477605320865819,0.655012403416742,,,XLK,情報技術,growth,,,,
2024-08-27,109.90966033935547,0.6513864199653229,0.653803742266269,,,XLK,情報技術,growth,,,,
2024-08-28,108.39307403564453,0.6441717571660627,0.6505930805662004,,,XLK,情報技術,growth,,,,
2024-08-29,107.41496276855469,0.6359813905652233,0.6457225172325414,,,XLK,情報技術,growth,,,,
2024-08-30,108.84261322021484,0.6394874908735697,0.6436441751128842,,,XLK,情報技術,growth,,,,
2024-09-03,103.8433609008789,0.6180573113627365,0.6351152205295016,,,XLK,情報技術,growth,,,,
2024-09-04,103.57660675048828,0.6173586368044889,0.6291963592878308,,,XLK,情報技術,growth,,,,
2024-09-05,103.41851806640625,0.6202086696065783,0.6262004627274134,,,XLK,情報技術,growth,,,,
2024-09-06,100.7361068725586,0.6106789706972509,0.6210266320506925,,,XLK,情報技術,growth,,,,
2024-09-09,102.38605499267578,0.6147304776008153,0.6189279139007335,,,XLK,情報技術,growth,,,,
2024-09-10,103.91744995117188,0.62356274006217,0.6204728559545457,,,XLK,情報技術,growth,,,,
2024-09-11,107.46437072753906,0.6445466830595001,0.6284974649895305,,,XLK,情報技術,growth,,,,
2024-09-12,108.35355377197266,0.6458684813047582,0.6342878037612731,,,XLK,情報技術,growth,,,,
2024-09-13,108.89696502685547,0.6429507925857163,0.6371754667027543,,,XLK,情報技術,growth,,,,
2024-09-16,108.48200225830078,0.6358862962315999,0.6367457432123695,,,XLK,情報技術,growth,,,,
2024-09-17,108.26958465576172,0.6337064629962261,0.6357326498069884,,,XLK,情報技術,growth,,,,
2024-09-18,107.28157806396484,0.6290995726371069,0.6335216240836946,,,XLK,情報技術,growth,,,,
2024-09-19,110.4678726196289,0.6409456832182109,0.6359963104618667,,,XLK,情報技術,growth,,,,
2024-09-20,109.92941284179688,0.6401579741378928,0.6373835316872087,,,XLK,情報技術,growth,,,,
2024-09-23,109.90911865234375,0.6367793393287626,0.6371821342343934,,,XLK,情報技術,growth,,,,
2024-09-24,110.6613540649414,0.6402005990022044,0.6381882891569971,,,XLK,情報技術,growth,,,,
2024-09-25,110.97808074951172,0.6460272579880266,0.6408012787673403,,,XLK,情報技術,growth,,,,
2024-09-26,112.44789123535156,0.6491494727532665,0.6435840100959824,,,XLK,情報技術,growth,,,,
2024-09-27,111.39873504638672,0.6407926450348983,0.6426535550756212,,,XLK,情報技術,growth,,,,
2024-09-30,111.72534942626953,0.6418463089092115,0.6423844730201513,,,XLK,情報技術,growth,,,,
2024-10-01,109.00348663330078,0.6295477875042433,0.6381055778481821,,,XLK,情報技術,growth,,,,
2024-10-02,109.81014251708984,0.6348835576189061,0.6370315711050901,,,XLK,情報技術,growth,,,,
2024-10-03,110.26543426513672,0.6405383288728613,0.6382004903610139,,,XLK,情報技術,growth,,,,
2024-10-04,111.49274444580078,0.6426263766582057,0.6396757857934112,,,XLK,情報技術,growth,,,,
2024-10-07,110.7256851196289,0.6432119528889774,0.6408545081586,,,XLK,情報技術,growth,,,,
2024-10-08,112.7943115234375,0.6536791342038045,0.6451293835070016,,,XLK,情報技術,growth,,,,
2024-10-09,114.05625915527344,0.6564828905236088,0.6489138858458706,,,XLK,情報技術,growth,,,,
2024-10-10,114.02658081054688,0.658780415667008,0.6522027291195831,,,XLK,情報技術,growth,,,,
2024-10-11,114.22451782226562,0.6535045930634641,0.6526366837675435,,,XLK,情報技術,growth,,,,
2024-10-14,115.71414184570312,0.6572048435678449,0.6541594037009772,,,XLK,情報技術,growth,,,,
2024-10-15,113.17042541503906,0.6456792713672833,0.6513326929230793,,,XLK,情報技術,growth,,,,
2024-10-16,113.52178955078125,0.643333166441882,0.6486661840960135,,,XLK,情報技術,growth,,,,
2024-10-17,113.86820220947266,0.6463283577590975,0.6478869086503749,,,XLK,情報技術,growth,,,,
2024-10-18,114.27401733398438,0.6467059632203601,0.6474932601737033,,,XLK,情報技術,growth,,,,
2024-10-21,114.8084945678711,0.6553156185965631,0.6501007129813232,,,XLK,情報技術,growth,,,,
2024-10-22,114.6897201538086,0.6575915977977701,0.6525976745868056,,,XLK,情報技術,growth,,,,
2024-10-23,113.04668426513672,0.6503084095012475,0.6518345862249529,,,XLK,情報技術,growth,,,,
2024-10-24,113.3782730102539,0.6520700557988829,0.6519130760829296,,,XLK,情報技術,growth,,,,
2024-10-25,113.9671859741211,0.6585851995788344,0.6541371172482313,,,XLK,情報技術,growth,,,,
2024-10-28,113.93254852294922,0.6546725231668064,0.6543155858877563,,,XLK,情報技術,growth,,,,
2024-10-29,115.46669006347656,0.6654942227197914,0.6580417981651014,101.41729928892117,,XLK,情報技術,growth,,9.0,,
2024-10-30,113.63066864013672,0.656345688992475,0.6574764284408927,101.32073693138378,,XLK,情報技術,growth,,8.0,,
2024-10-31,109.98336029052734,0.6421252574939503,0.6523593714585786,100.84645749205205,,XLK,情報技術,growth,,7.0,,
2024-11-01,110.809814453125,0.6465469939748175,0.6504219122973249,100.65250110923454,,XLK,情報技術,growth,,7.0,,
2024-11-04,110.7256851196289,0.6452878897917077,0.6487105714621193,100.47743402880397,,XLK,情報技術,growth,,7.0,,
2024-11-05,112.2845687866211,0.646828062776418,0.6480830685668856,100.39572719090104,,XLK,情報技術,growth,,7.0,-2.0,
2024-11-06,115.48153686523438,0.6498592123033128,0.6486751164790281,100.42566962231977,,XLK,情報技術,growth,,7.0,-1.0,
2024-11-07,117.49571990966797,0.6605437420892286,0.6526313250157616,100.7755947128385,,XLK,情報技術,growth,,7.0,0.0,
2024-11-08,117.36705017089844,0.6561646152939271,0.6538090884418168,100.86165790797324,,XLK,情報技術,growth,,7.0,0.0,
2024-11-11,116.71875762939453,0.6492954736113807,0.6523045501650049,100.69193268830618,,XLK,情報技術,growth,,7.0,0.0,
2024-11-12,116.86721801757812,0.6551137898407287,0.6532409633902462,100.76300597267783,,XLK,情報技術,growth,,7.0,0.0,2.0
2024-11-13,116.46141815185547,0.6524837400876086,0.6529885556227004,100.72948353233241,,XLK,情報技術,growth,,7.0,0.0,1.0
2024-11-14,116.06549835205078,0.6555108425380858,0.653829317927829,100.80916972752111,,XLK,情報技術,growth,,6.0,-1.0,-1.0
2024-11-15,113.18527221679688,0.6438367364794207,0.6504984574450263,100.50315863966938,,XLK,情報技術,growth,,6.0,-1.0,-1.0
2024-11-18,113.55148315429688,0.6433244277003367,0.6481071141967965,100.29542753986496,,XLK,情報技術,growth,,6.0,-1.0,-1.0
2024-11-19,114.48186492919922,0.6503496676254882,0.6488546320063604,100.40301763359436,,XLK,情報技術,growth,,6.0,-1.0,-1.0
2024-11-20,114.38289642333984,0.6476068981103439,0.6484387207076883,100.38644000464156,,XLK,情報技術,growth,,6.0,-1.0,-1.0
2024-11-21,115.54586791992188,0.6460531357331035,0.6476435257161601,100.3271264793412,,XLK,情報技術,growth,,6.0,0.0,1.0
2024-11-22,115.60525512695312,0.6413334388635245,0.6455401634319483,100.12128381382605,,XLK,情報技術,growth,,6.0,0.0,1.0
2024-11-25,115.60031127929688,0.6355509382368184,0.6422104217002385,99.78268340818944,,XLK,情報技術,growth,,6.0,0.0,1.0
2024-11-26,116.1793212890625,0.6386660862081548,0.6410289765362106,99.67055070604009,,XLK,情報技術,growth,,6.0,0.0,1.0
2024-11-27,114.6055908203125,0.6306211088861181,0.6375596873195131,99.31146378112281,,XLK,情報技術,growth,,5.0,-1.0,0.0
2024-11-29,115.66959381103516,0.6345422231537873,0.6365538659309378,99.21902482265905,,XLK,情報技術,growth,,5.0,-1.0,-1.0
2024-12-02,116.76824188232422,0.6421779773700617,0.6384285697439791,99.41203757076403,,XLK,情報技術,growth,,6.0,0.0,0.0
2024-12-03,117.18889617919922,0.6473622536164824,0.641406464368147,99.70629640995287,,XLK,情報技術,growth,,6.0,0.0,0.0
2024-12-04,119.33175659179688,0.6591642746878136,0.6473257344747025,100.33100237098378,,XLK,情報技術,growth,,7.0,1.0,1.0
2024-12-05,118.72799682617188,0.6591190729894664,0.6512568473129572,100.76509672820656,,XLK,情報技術,growth,,8.0,3.0,4.0
2024-12-06,119.18822479248047,0.6624242116373543,0.6549793020877563,101.23199633292877,,XLK,情報技術,growth,,8.0,3.0,4.0
2024-12-09,118.41126251220703,0.6608180528783844,0.6569255523512991,101.51857317747809,,XLK,情報技術,growth,,9.0,3.0,3.0
2024-12-10,116.76824188232422,0.6556659776590161,0.6565056941205382,101.44665288206038,,XLK,情報技術,growth,,9.0,3.0,3.0
2024-12-11,118.46073913574219,0.6645533370135771,0.6591882417515511,101.77611918879549,,XLK,情報技術,growth,,9.0,2.0,1.0
2024-12-12,117.797607421875,0.6632551910565523,0.6605438915198849,101.89180448228154,,XLK,情報技術,growth,,9.0,1.0,-2.0
2024-12-13,118.30238342285156,0.6684377431289349,0.6631751753895683,102.16050551696758,,XLK,情報技術,growth,,9.0,1.0,-2.0
2024-12-16,119.48516845703125,0.6773517697769689,0.6679007068520352,102.64616283019946,,XLK,情報技術,growth,,10.0,1.0,-2.0
2024-12-17,118.76261901855469,0.6786004620242437,0.6714672919094381,102.9177280395272,,XLK,情報技術,growth,,11.0,2.0,-1.0
2024-12-18,114.93222045898438,0.6767384114513492,0.6732243317567418,102.91191806692338,,XLK,情報技術,growth,,11.0,2.0,0.0
2024-12-19,115.05594635009766,0.6797221960300429,0.6753902865145089,102.92835759271637,,XLK,情報技術,growth,,11.0,2.0,1.0
2024-12-20,116.773193359375,0.6803389084953108,0.6770398271747763,102.88244377254867,,XLK,情報技術,growth,,11.0,2.0,1.0
2024-12-23,118.01044464111328,0.6866112827358369,0.6802303123617965,102.96610783967058,,XLK,情報技術,growth,,11.0,1.0,0.0
2024-12-24,119.22985076904297,0.6885114416375155,0.6829906887870363,102.96968538486603,,XLK,情報技術,growth,,11.0,0.0,-2.0
2024-12-26,119.30916595458984,0.6878463733667153,0.684609250313596,102.86403920969167,,XLK,情報技術,growth,,11.0,0.0,-2.0
2024-12-27,117.72294616699219,0.6833491952916334,0.6841892319729419,102.62376157685787,,XLK,情報技術,growth,,11.0,0.0,-2.0
2024-12-30,116.22594451904297,0.6815252831932924,0.6833012490463921,102.39044701137007,,XLK,情報技術,growth,,11.0,0.0,-2.0
2024-12-31,115.25933074951172,0.6746230448920159,0.6804085143282668,102.05460943168362,,XLK,情報技術,growth,,11.0,0.0,-1.0
2025-01-02,114.98668670654297,0.6749917168544523,0.6786029151703287,101.83597611894471,,XLK,情報技術,growth,,11.0,0.0,0.0
2025-01-03,116.86042022705078,0.6797658699607348,0.6789905667671308,101.79360164236303,,XLK,情報技術,growth,,11.0,0.0,0.0
2025-01-06,118.34751892089844,0.6888850992623107,0.6822887442655241,101.95892281078936,,XLK,情報技術,growth,,11.0,0.0,0.0
2025-01-07,115.97313690185547,0.677332118598648,0.6806365357098987,101.75988819424674,,XLK,情報技術,growth,,11.0,0.0,0.0
2025-01-08,115.93348693847656,0.6762918482349586,0.6791883065515854,101.58766425960422,,XLK,情報技術,growth,,11.0,0.0,0.0
2025-01-10,113.40542602539062,0.671357955236287,0.676578189446486,101.34631886291498,,XLK,情報技術,growth,,11.0,0.0,0.0
2025-01-13,112.6023941040039,0.661184785541062,0.6714470548113447,100.94312089028337,,XLK,情報技術,growth,,9.0,-2.0,-2.0
2025-01-14,112.8998031616211,0.6576225000528836,0.6668388698918577,100.59071714946602,,XLK,情報技術,growth,,7.0,-4.0,-4.0
2025-01-15,115.14531707763672,0.6643261254718124,0.6660012884185094,100.5155599947571,,XLK,情報技術,growth,,7.0,-4.0,-4.0
2025-01-16,114.25802612304688,0.6540560790896269,0.6620195519755486,100.21485506876546,,XLK,情報技術,growth,,7.0,-4.0,-4.0
2025-01-17,116.0474853515625,0.6610895020441713,0.6617095353317562,100.17805718403118,,XLK,情報技術,growth,,6.0,-5.0,-5.0
2025-01-21,117.01409149169922,0.6589465548234534,0.6607885418289887,100.0963936416792,,XLK,情報技術,growth,,5.0,-4.0,-2.0
2025-01-22,119.65616607666016,0.6762011585067464,0.6659260807215747,100.45428746913493,,XLK,情報技術,growth,,6.0,-1.0,3.0
2025-01-23,119.86930084228516,0.6742107942667634,0.6686876519033043,100.63680092954493,,XLK,情報技術,growth,,7.0,0.0,4.0
2025-01-24,118.62015533447266,0.6677709151004166,0.6683820729690084,100.59548849091472,,XLK,情報技術,growth,,8.0,1.0,5.0
2025-01-27,112.80562591552734,0.6346200745955459,0.6571280735111876,99.75799082909154,,XLK,情報技術,growth,,5.0,-1.0,4.0
2025-01-28,115.81451416015625,0.6547798414263707,0.6563453294829154,99.69409671579729,,XLK,情報技術,growth,,5.0,0.0,4.0
2025-01-29,114.87268829345703,0.6516101572051457,0.6547669387236588,99.5761054920876,,XLK,情報技術,growth,,5.0,-1.0,0.0
2025-01-30,115.08583068847656,0.6459245281435324,0.6518194685302834,99.36133452260655,,XLK,情報技術,growth,,4.0,-3.0,-3.0
2025-01-31,114.41168212890625,0.6474553553965939,0.650364764152387,99.2656501862702,,XLK,情報技術,growth,,4.0,-4.0,-5.0
2025-02-03,112.87007904052734,0.6422395844548062,0.6476563709198602,99.08334931518453,,XLK,情報技術,growth,,2.0,-3.0,-2.0
2025-02-04,114.49595642089844,0.6506967346390152,0.648669825492912,99.16449901748723,,XLK,情報技術,growth,,2.0,-3.0,-3.0
2025-02-05,116.08715057373047,0.6565383967160858,0.6512926825673033,99.35472056382179,,XLK,情報技術,growth,,3.0,-2.0,-1.0
2025-02-06,116.40438842773438,0.6592049819992027,0.6539301157112698,99.5397052461637,100.3493264772177,XLK,情報技術,growth,Improving,4.0,0.0,3.0
2025-02-07,115.40803527832031,0.6567901279595098,0.6548834531273497,99.59969621850362,100.50351413279566,XLK,情報技術,growth,Improving,3.0,-1.0,3.0
2025-02-10,117.09341430664062,0.6645012612721517,0.6580893891756171,99.82426931153324,100.93446838631287,XLK,情報技術,growth,Improving,4.0,2.0,5.0
2025-02-11,117.14794158935547,0.6647370228825544,0.6603052670779296,99.97967427502836,100.99446614587727,XLK,情報技術,growth,Improving,3.0,1.0,4.0
2025-02-12,116.89512634277344,0.6671782591289122,0.6625962644282571,100.14011281130173,100.94453128229745,XLK,情報技術,growth,Leading,4.0,1.0,3.0
2025-02-13,118.55076599121094,0.670804449752239,0.6653323262029178,100.32953883277548,100.93329247214257,XLK,情報技術,growth,Leading,5.0,1.0,1.0
2025-02-14,118.9522705078125,0.6737453380875557,0.6681366634977972,100.5217715533785,101.06207914669889,XLK,情報技術,growth,Leading,6.0,3.0,4.0
2025-02-18,120.037841796875,0.6747147913129656,0.6703293727695201,100.66482059133719,100.95689750682027,XLK,情報技術,growth,Leading,7.0,3.0,1.0
2025-02-19,120.0477523803711,0.6734050255724364,0.6713545903704923,100.71951223332826,100.82984739572844,XLK,情報技術,growth,Leading,7.0,4.0,3.0
2025-02-20,119.66606903076172,0.6729570469243487,0.6718887425551111,100.73501458993574,100.65423461663165,XLK,情報技術,growth,Leading,7.0,3.0,2.0
2025-02-21,116.4242172241211,0.6640471539272804,0.6692748796791675,100.51805323949094,100.20365856787761,XLK,情報技術,growth,Leading,6.0,1.0,0.0
2025-02-24,114.75867462158203,0.6540018000469577,0.6641838531350976,100.11766331777551,99.56113677233407,XLK,情報技術,growth,Weakening,4.0,-2.0,-5.0
2025-02-25,113.27157592773438,0.6448820279380082,0.6577499114027345,99.6150014731556,98.88279641066549,XLK,情報技術,growth,Lagging,3.0,-4.0,-7.0
2025-02-26,114.50587463378906,0.6532871300574915,0.656262317620987,99.48611947804272,98.71327483806543,XLK,情報技術,growth,Lagging,3.0,-4.0,-8.0
2025-02-27,110.3370590209961,0.6350489931104111,0.649191209450795,98.92981029890359,98.17883768272407,XLK,情報技術,growth,Lagging,3.0,-4.0,-7.0
2025-02-28,111.7944107055664,0.6363661986584519,0.6449162058533473,98.58733963951231,98.1250029017429,XLK,情報技術,growth,Lagging,2.0,-4.0,-5.0
2025-03-03,108.39393615722656,0.6236552862116328,0.6378292326394425,98.05263001195172,98.06591606312959,XLK,情報技術,growth,Lagging,1.0,-3.0,-1.0
2025-03-04,108.30966186523438,0.6334037959885276,0.6363540870891375,97.94606281156645,98.48058418582264,XLK,情報技術,growth,Lagging,1.0,-2.0,2.0
2025-03-05,109.8314437866211,0.6363886692809783,0.6363656144864178,97.94816788891377,98.62478054875133,XLK,情報技術,growth,Lagging,1.0,-2.0,2.0
2025-03-06,106.78291320800781,0.6256524733349229,0.6327945674359196,97.71295805314847,98.94752360744044,XLK,情報技術,growth,Lagging,1.0,-2.0,2.0
2025-03-07,108.3294906616211,0.6288227799273967,0.6314706382664119,97.68023148267535,99.25890540028847,XLK,情報技術,growth,Lagging,1.0,-1.0,3.0
2025-03-10,103.7244644165039,0.6106981406627198,0.6245464723985146,97.33279719887075,99.45636199220702,XLK,情報技術,growth,Lagging,1.0,0.0,3.0
2025-03-11,103.3031234741211,0.616427000265689,0.6218399816875728,97.3313236141725,99.58013609506692,XLK,情報技術,growth,Lagging,2.0,1.0,3.0
2025-03-12,104.92901611328125,0.629093617981652,0.624257860452266,97.63690698086337,99.9063922774582,XLK,情報技術,growth,Lagging,2.0,1.0,3.0
2025-03-13,102.93631744384766,0.6231203149022997,0.6238786786022772,97.74489882626372,100.29861060635788,XLK,情報技術,growth,Improving,2.0,1.0,3.0
2025-03-14,106.04928588867188,0.6299550622944389,0.6259041398329979,97.96914959002108,100.61470007288693,XLK,情報技術,growth,Improving,2.0,1.0,2.0
2025-03-17,106.78787231445312,0.6258960680460357,0.6259014492373438,98.0625383425438,101.12968428887153,XLK,情報技術,growth,Improving,2.0,1.0,1.0
2025-03-18,105.16199493408203,0.6195887099028969,0.6237972027925283,98.04042709072239,101.12548036489504,XLK,情報技術,growth,Improving,2.0,0.0,-1.0
2025-03-19,106.53011322021484,0.6230323752852325,0.6235422602900964,98.11752568579905,100.88477613408098,XLK,情報技術,growth,Improving,2.0,0.0,-1.0
2025-03-20,105.7717056274414,0.6211826752709263,0.622755731950373,98.16295203493766,100.84001980270898,XLK,情報技術,growth,Improving,2.0,0.0,-1.0
2025-03-21,106.05919647216797,0.6257374635915753,0.6237496424974405,98.2897680358542,100.77225476878716,XLK,情報技術,growth,Improving,2.0,0.0,-1.0
2025-03-24,108.06781768798828,0.6278586751332298,0.6251193200427037,98.42316865427252,100.85091069979214,XLK,情報技術,growth,Improving,2.0,0.0,-1.0
2025-03-25,108.42534637451172,0.631445326575891,0.6272279888870995,98.58114467877287,101.09347372381558,XLK,情報技術,growth,Improving,2.0,0.0,0.0
2025-03-26,106.00706481933594,0.6185263780177769,0.6243274519306588,98.49245526186651,100.90339966697407,XLK,情報技術,growth,Improving,1.0,-1.0,-1.0
2025-03-27,105.02882385253906,0.6143989878509444,0.6210179639040874,98.3890718879448,100.72201112581557,XLK,情報技術,growth,Improving,1.0,-1.0,-1.0
2025-03-28,102.48143768310547,0.6088839798219156,0.6169733025433635,98.25693516507312,100.40283403705615,XLK,情報技術,growth,Improving,1.0,-1.0,-1.0
2025-03-31,102.53109741210938,0.6041502954991982,0.6126989668619751,98.12288799520904,100.07594663549354,XLK,情報技術,growth,Improving,1.0,-1.0,-1.0
2025-04-01,103.28091430664062,0.6079367846583268,0.6111115727940923,98.11987151186479,99.8789947343033,XLK,情報技術,growth,Lagging,1.0,-1.0,-1.0
2025-04-02,104.04562377929688,0.6073596079683273,0.6098609178521708,98.1325711478654,100.00236727231757,XLK,情報技術,growth,Improving,1.0,0.0,1.0
2025-04-03,96.9447250366211,0.5942158467111416,0.6046458941384945,97.97683028796169,99.92717414786068,XLK,情報技術,growth,Lagging,1.0,0.0,1.0
2025-04-04,90.55888366699219,0.5880934712036329,0.5991284198268739,97.83022991192281,99.89431764728724,XLK,情報技術,growth,Lagging,1.0,0.0,1.0
2025-04-07,91.10014343261719,0.5965805584336463,0.5982791326957981,97.89247690830437,100.12517678065008,XLK,情報技術,growth,Improving,1.0,0.0,1.0
2025-04-08,89.24794006347656,0.5956869433722141,0.5974150695879368,97.94212840722413,100.1822739229908,XLK,情報技術,growth,Improving,1.0,0.0,1.0
2025-04-09,101.23009490966797,0.625629640792368,0.6068199266560805,98.40664305543748,100.73430396917992,XLK,情報技術,growth,Improving,1.0,0.0,0.0
2025-04-10,96.5176773071289,0.6172860981719287,0.6103086504946966,98.60134097982682,101.14305185748763,XLK,情報技術,growth,Improving,1.0,0.0,0.0
2025-04-11,98.49401092529297,0.6205170219351961,0.6137114409748632,98.7868591621362,101.50175445471588,XLK,情報技術,growth,Improving,1.0,0.0,0.0
2025-04-14,99.39279174804688,0.6182801674702618,0.6152343498066628,98.88869137484785,101.49274157108425,XLK,情報技術,growth,Improving,2.0,1.0,1.0
2025-04-15,99.75528717041016,0.6225459070247646,0.61767153554603,99.0286084025133,101.54789239009685,XLK,情報技術,growth,Improving,2.0,1.0,1.0
2025-04-16,96.28926086425781,0.6087310043259517,0.6146913584726706,98.92880163207857,100.8405734994628,XLK,情報技術,growth,Improving,2.0,1.0,1.0
2025-04-17,95.76786041259766,0.6009682434643159,0.610116986803219,98.7642403864228,100.38135561681239,XLK,情報技術,growth,Improving,1.0,0.0,0.0
2025-04-21,93.29496002197266,0.5974610989816781,0.605898357529372,98.62328494685016,99.9584042992509,XLK,情報技術,growth,Lagging,1.0,0.0,0.0
2025-04-22,95.56922912597656,0.5972982831748272,0.6030316660778572,98.54819336068621,99.72557191635315,XLK,情報技術,growth,Lagging,1.0,-1.0,-2.0
2025-04-23,98.34007263183594,0.6087268337135349,0.6049300552897497,98.67482092074,99.71339153159994,XLK,情報技術,growth,Lagging,1.0,-1.0,-2.0
2025-04-24,102.00969696044922,0.6209359475283567,0.6102653527026187,98.94185916788868,100.17663395341565,XLK,情報技術,growth,Improving,1.0,-1.0,-2.0
2025-04-25,103.51927185058594,0.6310279579997974,0.6171862211350116,99.27596027466404,100.7994605958876,XLK,情報技術,growth,Improving,2.0,1.0,1.0
2025-04-28,103.35043334960938,0.6282353801055683,0.6208692741251973,99.46502755882916,101.1762417218905,XLK,情報技術,growth,Improving,2.0,1.0,1.0
2025-04-29,103.83210754394531,0.6275012015652993,0.6230799166052313,99.5866481226109,101.37203969003866,XLK,情報技術,growth,Improving,3.0,2.0,3.0
2025-04-30,104.26412200927734,0.6292179626923541,0.6251259319676056,99.70003843229306,101.3103918796191,XLK,情報技術,growth,Improving,3.0,2.0,3.0
2025-05-01,105.79354095458984,0.6393171216146312,0.6298563285166141,99.93538102054517,101.2351997066238,XLK,情報技術,growth,Improving,4.0,3.0,4.0
2025-05-02,107.56131744384766,0.638731031560703,0.6328145628646438,100.08732245777004,100.98410492617366,XLK,情報技術,growth,Leading,5.0,3.0,2.0
2025-05-05,106.99027252197266,0.6374537993093363,0.6343609750128747,100.1708768481477,100.82646139146175,XLK,情報技術,growth,Leading,5.0,3.0,2.0
2025-05-06,106.1014175415039,0.6368792100108958,0.6352003866788818,100.22191691971925,100.71587833655829,XLK,情報技術,growth,Leading,5.0,2.0,0.0
2025-05-07,107.1640625,0.6390489040332552,0.6364832257970063,100.29627828671221,100.6497481352648,XLK,情報技術,growth,Leading,5.0,2.0,0.0
2025-05-08,108.1869888305664,0.6397666730311193,0.6375777082083773,100.36461191327886,100.4375400541241,XLK,情報技術,growth,Leading,6.0,2.0,-1.0
2025-05-09,108.05291748046875,0.6391219928773205,0.6380924697646918,100.40670016545639,100.30211724668825,XLK,情報技術,growth,Leading,7.0,2.0,-1.0
2025-05-12,113.0682373046875,0.6509452095083519,0.6423767163459119,100.63632699593545,100.48979463075882,XLK,情報技術,growth,Leading,9.0,4.0,1.0
2025-05-13,115.5113525390625,0.6635134778618397,0.6494223035178879,101.00475606521734,100.88457904141747,XLK,情報技術,growth,Leading,10.0,5.0,3.0
2025-05-14,116.26117706298828,0.6718661916842931,0.6569035995733563,101.39359141120137,101.2602237427464,XLK,情報技術,growth,Leading,10.0,5.0,3.0
2025-05-15,116.4200668334961,0.6667072852422797,0.6601714947963309,101.5736747234483,101.3768021751165,XLK,情報技術,growth,Leading,10.0,4.0,2.0
2025-05-16,116.63855743408203,0.6614641432461603,0.6606023776129407,101.61961279114631,101.36649604038244,XLK,情報技術,growth,Leading,10.0,3.0,1.0
2025-05-19,116.4697265625,0.660580146974444,0.6605949674001086,101.65230801487886,101.12035681862622,XLK,情報技術,growth,Leading,10.0,1.0,-3.0
2025-05-20,116.0327377319336,0.6598247165233809,0.6603382171078661,101.67833126944902,100.70847044541748,XLK,情報技術,growth,Leading,10.0,0.0,-5.0
2025-05-21,113.85282135009766,0.6618454676483364,0.6608406339546896,101.74776369721802,100.32740392629837,XLK,情報技術,growth,Leading,10.0,0.0,-5.0
2025-05-22,113.88261413574219,0.6641367147536391,0.6619393275543395,101.83733877393877,100.21616400060749,XLK,情報技術,growth,Leading,10.0,0.0,-4.0
2025-05-23,112.62629699707031,0.6594474261671834,0.6611086937586208,101.80369565465837,100.10868408389302,XLK,情報技術,growth,Leading,9.0,-1.0,-4.0
2025-05-27,115.30278778076172,0.6627630962107129,0.6616601612426516,101.8197955575759,100.0660779413505,XLK,情報技術,growth,Leading,8.0,-2.0,-3.0
2025-05-28,114.82609558105469,0.6656834920071023,0.6630012714974686,101.86853704327942,100.06778201174225,XLK,情報技術,growth,Leading,8.0,-2.0,-2.0
2025-05-29,115.0197525024414,0.6651816725943476,0.6637280718630949,101.86011829597186,99.92719099078128,XLK,情報技術,growth,Weakening,8.0,-2.0,-2.0
2025-05-30,114.66222381591797,0.6633770905704184,0.6636110780988694,101.79955209696699,99.66539653953063,XLK,情報技術,growth,Weakening,8.0,-2.0,-2.0
2025-06-02,115.67521667480469,0.6687071009317664,0.6653097523765018,101.81726850261302,99.6617173477601,XLK,情報技術,growth,Weakening,9.0,0.0,1.0
2025-06-03,117.41319274902344,0.6731500490026304,0.6679231845852114,101.87039099978885,99.6510862409338,XLK,情報技術,growth,Weakening,10.0,2.0,4.0
2025-06-04,117.58700561523438,0.6756645594952608,0.6705036428885612,101.9125407261414,99.5640973236349,XLK,情報技術,growth,Weakening,11.0,3.0,5.0
2025-06-05,117.25430297851562,0.6755782222019039,0.6721951693263422,101.90451366892974,99.4972359396843,XLK,情報技術,growth,Weakening,10.0,2.0,4.0
2025-06-06,118.36164093017578,0.6761191930132201,0.6735031772219682,101.8775712190902,99.5103866991165,XLK,情報技術,growth,Weakening,10.0,2.0,4.0
2025-06-09,118.94261932373047,0.6793238834829279,0.6754434126422881,101.87396885432315,99.42167940746549,XLK,情報技術,growth,Weakening,10.0,1.0,1.0
2025-06-10,119.60802459716797,0.6797392623420013,0.6768753625421926,101.84794828348267,99.21235766949692,XLK,情報技術,growth,Weakening,10.0,0.0,-2.0
2025-06-11,119.3448486328125,0.680174880107779,0.6779752017307215,101.8102195088234,99.02292108065137,XLK,情報技術,growth,Weakening,10.0,-1.0,-4.0
2025-06-12,120.45219421386719,0.6848798846230228,0.680276762694822,101.82004596657002,99.06922341109517,XLK,情報技術,growth,Weakening,10.0,0.0,-2.0
2025-06-13,118.76385498046875,0.6835426429685321,0.6813653894527254,101.78234271716828,99.06568461259012,XLK,情報技術,growth,Weakening,10.0,0.0,-2.0
2025-06-16,120.6855697631836,0.6879696099077024,0.6835667962710511,101.78685498138563,99.11184999017179,XLK,情報技術,growth,Weakening,10.0,0.0,-1.0
2025-06-17,119.83148193359375,0.689726293764419,0.6856199621021737,101.78358101734634,99.1875369939993,XLK,情報技術,growth,Weakening,10.0,0.0,0.0
2025-06-18,119.9754867553711,0.6904771710954654,0.6872390317666043,101.76401300833315,99.24776305977556,XLK,情報技術,growth,Weakening,10.0,0.0,1.0
2025-06-20,119.44415283203125,0.6862971879663124,0.6869250838331737,101.6799954483191,99.07014184364782,XLK,情報技術,growth,Weakening,10.0,0.0,0.0
2025-06-23,120.80601501464844,0.6880477308957226,0.6872992995206901,101.6255376676663,99.05733964414303,XLK,情報技術,growth,Weakening,10.0,0.0,0.0
2025-06-24,122.9746322631836,0.6938297503431585,0.689476116461513,101.63358463469737,99.08835368265211,XLK,情報技術,growth,Weakening,10.0,0.0,0.0
2025-06-25,124.02412414550781,0.7048363315449193,0.6945961881559818,101.73289542558337,99.32636858604398,XLK,情報技術,growth,Weakening,10.0,0.0,0.0
2025-06-26,124.87964630126953,0.7043824396360121,0.6978582719826586,101.76284474085782,99.44495943031426,XLK,情報技術,growth,Weakening,10.0,0.0,0.0
2025-06-27,124.73042297363281,0.7009737341075002,0.6988967593576059,101.72151288648578,99.54205430892094,XLK,情報技術,growth,Weakening,10.0,0.0,0.0
2025-06-30,125.9540023803711,0.7045395633206111,0.700777694011941,101.70916590572784,99.62620188015748,XLK,情報技術,growth,Weakening,10.0,0.0,0.0
2025-07-01,124.82990264892578,0.6901630462613301,0.6972394780950708,101.53877359806341,99.23719205217972,XLK,情報技術,growth,Weakening,10.0,0.0,0.0
2025-07-02,126.1479721069336,0.6958608684556248,0.6967799415485889,101.47160669306221,98.8659573040993,XLK,情報技術,growth,Weakening,10.0,0.0,0.0
2025-07-03,127.80926513671875,0.7016365192743583,0.6983988007905121,101.47052028342408,98.79343471389598,XLK,情報技術,growth,Weakening,10.0,0.0,0.0
2025-07-07,126.79459381103516,0.7016742089624631,0.6994906035144958,101.45707243240922,98.84060622299046,XLK,情報技術,growth,Weakening,11.0,1.0,1.0
2025-07-08,127.47601318359375,0.7036830485462555,0.700888085191749,101.4580301899745,98.85405449389185,XLK,情報技術,growth,Weakening,11.0,1.0,1.0
2025-07-09,128.24197387695312,0.705803263965946,0.7025264781164814,101.46856851018701,99.23990503580585,XLK,情報技術,growth,Weakening,11.0,1.0,1.0
2025-07-10,127.81922149658203,0.6994249221818474,0.7014926261382701,101.40092682044342,99.2325603085616,XLK,情報技術,growth,Weakening,11.0,1.0,1.0
2025-07-11,127.25716400146484,0.7014846879412443,0.7014899800725949,101.36159892856855,99.16645125336002,XLK,情報技術,growth,Weakening,10.0,0.0,0.0
2025-07-14,127.15270233154297,0.7001873506349856,0.7010557702600585,101.30946369149383,99.10994732909101,XLK,情報技術,growth,Weakening,11.0,0.0,-1.0
2025-07-15,128.2817840576172,0.71633834146531,0.706149960661809,101.42896609503126,99.39369838209936,XLK,情報技術,growth,Weakening,11.0,0.0,-1.0
2025-07-16,128.67970275878906,0.7157689275348247,0.7093562829528143,101.48498673922394,99.51918502832595,XLK,情報技術,growth,Weakening,11.0,0.0,-1.0
2025-07-17,129.84854125976562,0.7164295687701765,0.711714044891935,101.51153025264038,99.76101905379613,XLK,情報技術,growth,Weakening,11.0,0.0,-1.0
2025-07-18,129.76400756835938,0.7162352911847669,0.7132211269895457,101.51391815867538,99.87214087605606,XLK,情報技術,growth,Weakening,11.0,1.0,1.0
2025-07-21,129.93312072753906,0.7196301931254431,0.7153574823681781,101.5414166534253,100.0572077649158,XLK,情報技術,growth,Leading,11.0,0.0,0.0
2025-07-22,128.7294464111328,0.7039888495494433,0.7115679380952665,101.38905006343542,99.40988872109607,XLK,情報技術,growth,Weakening,11.0,0.0,0.0
2025-07-23,129.46559143066406,0.7021973582904721,0.7084444114936684,101.26548049787226,98.97517818233997,XLK,情報技術,growth,Weakening,11.0,0.0,0.0
2025-07-24,130.0126953125,0.707429304909447,0.7081060426322614,101.23638730759481,98.83553388908217,XLK,情報技術,growth,Weakening,10.0,-1.0,-1.0
2025-07-25,130.31112670898438,0.7056538606138477,0.7072886486261236,101.1886382254669,98.7429286480542,XLK,情報技術,growth,Weakening,10.0,-1.0,-2.0
2025-07-28,131.3506622314453,0.7155138012122395,0.710030366154829,101.26458587756937,98.89333514435769,XLK,情報技術,growth,Weakening,10.0,-1.0,-1.0
2025-07-29,131.35565185546875,0.7158862265903112,0.711982319633323,101.31154726460106,99.38532718030099,XLK,情報技術,growth,Weakening,10.0,-1.0,-1.0
2025-07-30,131.64910888671875,0.7221700937793013,0.7153782443486492,101.41294008603737,99.95373986895642,XLK,情報技術,growth,Weakening,11.0,0.0,0.0
2025-07-31,130.68417358398438,0.723474569599214,0.7180770194321708,101.48813551505151,100.25099231186297,XLK,情報技術,growth,Leading,10.0,0.0,1.0
2025-08-01,127.86398315429688,0.7159322966460167,0.7173621118367861,101.4289723464567,100.26241194383611,XLK,情報技術,growth,Leading,9.0,-1.0,0.0
2025-08-04,130.46035766601562,0.7216460300415962,0.7187900845717229,101.45375104028618,100.15637988010334,XLK,情報技術,growth,Leading,9.0,-1.0,0.0
2025-08-05,129.3810272216797,0.7176672398447104,0.7184158029960521,101.4080833726512,99.92765560599703,XLK,情報技術,growth,Weakening,9.0,-1.0,0.0
2025-08-06,130.83836364746094,0.7273782007850601,0.7214032689257215,101.50076431327886,99.9263443998296,XLK,情報技術,growth,Weakening,9.0,-2.0,-2.0
2025-08-07,130.95773315429688,0.7284800792441923,0.7237622056985451,101.56789708535352,99.92557486665973,XLK,情報技術,growth,Weakening,10.0,0.0,0.0
2025-08-08,132.26588439941406,0.7344308167249561,0.7273184093740155,101.68504414233627,100.44544420039334,XLK,情報技術,growth,Leading,10.0,1.0,2.0
2025-08-11,131.3705596923828,0.7314569172393063,0.728697911995779,101.71171744459036,100.45449070180186,XLK,情報技術,growth,Leading,9.0,0.0,1.0
2025-08-12,133.40487670898438,0.7334638209066865,0.730286548299415,101.74266907326026,100.6872007055876,XLK,情報技術,growth,Leading,8.0,-1.0,0.0
2025-08-13,133.45465087890625,0.7234086795470113,0.7279939253819472,101.59771073011055,100.02456201194501,XLK,情報技術,growth,Leading,8.0,-1.0,1.0
2025-08-14,133.16615295410156,0.7265713587333155,0.72751973649907,101.52947892465528,99.64124816994615,XLK,情報技術,growth,Weakening,9.0,-1.0,-1.0
2025-08-15,132.1564483642578,0.7228469151997818,0.7259621293993073,101.41532114738783,98.8273554940229,XLK,情報技術,growth,Weakening,9.0,-1.0,-2.0
2025-08-18,132.43995666503906,0.7245534955158596,0.7254925847714915,101.35409381758893,98.35243676310404,XLK,情報技術,growth,Weakening,9.0,0.0,0.0
2025-08-19,130.12710571289062,0.7085827903821299,0.7198559866417044,101.065434843576,96.80873500547574,XLK,情報技術,growth,Weakening,9.0,1.0,2.0
2025-08-20,129.2467041015625,0.7044302205234464,0.7147140646022851,100.8011111279882,96.4384134411489,XLK,情報技術,growth,Weakening,8.0,0.0,1.0
2025-08-21,128.77919006347656,0.7043366452347527,0.7112549248131077,100.61286086398877,96.34783187978383,XLK,情報技術,growth,Weakening,8.0,-1.0,0.0
2025-08-22,130.52500915527344,0.7002471059639752,0.707585651863397,100.40984937619268,96.44128403575733,XLK,情報技術,growth,Weakening,8.0,-1.0,0.0
2025-08-25,130.23153686523438,0.7040602906997943,0.7064105314755293,100.32508809630971,96.72892572170826,XLK,情報技術,growth,Weakening,9.0,0.0,0.0
2025-08-26,130.8284149169922,0.7067984863217048,0.7065398497575879,100.30481399168593,97.79153556743779,XLK,情報技術,growth,Weakening,9.0,0.0,-1.0
2025-08-27,131.53472900390625,0.7080555647505087,0.7070450880885615,100.304480952401,98.72071218240252,XLK,情報技術,growth,Weakening,9.0,1.0,1.0
2025-08-28,132.5742645263672,0.7139916824660147,0.7093606195477127,100.40550499315962,99.70114871080419,XLK,情報技術,growth,Weakening,9.0,1.0,2.0
2025-08-29,130.53994750976562,0.7035574650284061,0.7074262347079439,100.26696491872876,99.92253714091173,XLK,情報技術,growth,Weakening,7.0,-1.0,0.0
2025-09-02,129.22183227539062,0.7019988113070069,0.7056170935742982,100.1276831383861,99.75084419985208,XLK,情報技術,growth,Weakening,7.0,-2.0,-2.0
2025-09-03,129.99281311035156,0.7072833033927678,0.7061724968471215,100.12969399460934,99.83717426996077,XLK,情報技術,growth,Weakening,7.0,-2.0,-2.0
2025-09-04,130.6344451904297,0.7055630492291085,0.7059693476411172,100.08383558276346,99.69764334770385,XLK,情報技術,growth,Weakening,7.0,-2.0,-3.0
2025-09-05,130.74383544921875,0.7053294908735268,0.7057560620519204,100.03547315220175,99.21825507775067,XLK,情報技術,growth,Weakening,8.0,-1.0,-2.0
2025-09-08,131.72372436523438,0.7111819054327365,0.7075646765121925,100.1287162548311,100.00896070499128,XLK,情報技術,growth,Leading,9.0,2.0,3.0
2025-09-09,131.97738647460938,0.7147530286807082,0.7099607939016978,100.27330583782174,100.95876881063357,XLK,情報技術,growth,Leading,9.0,2.0,4.0
2025-09-10,134.3698272705078,0.7284471188362331,0.7161229022132096,100.71733728799336,102.30783931714387,XLK,情報技術,growth,Leading,9.0,2.0,4.0
2025-09-11,134.82244873046875,0.7201100182527023,0.7174519408930405,100.80280409712759,102.54215206795392,XLK,情報技術,growth,Leading,9.0,2.0,4.0
2025-09-12,134.73291015625,0.7248492896361115,0.7199177238073976,100.985280746706,102.95690058337608,XLK,情報技術,growth,Leading,9.0,1.0,2.0
2025-09-15,135.9465789794922,0.7326582168141266,0.7241645548096407,101.3235816126122,103.2614211768222,XLK,情報技術,growth,Leading,9.0,0.0,-2.0
2025-09-16,135.4740447998047,0.7320520647195908,0.7267937247796241,101.524693651267,103.08011336594454,XLK,情報技術,growth,Leading,9.0,0.0,-2.0
2025-09-17,135.00648498535156,0.7288281520997854,0.7274718672196779,101.5538469396955,102.00186718626965,XLK,情報技術,growth,Leading,9.0,0.0,-2.0
2025-09-18,137.33924865722656,0.7366101332879397,0.7305179559090985,101.78398094546402,102.20068161241878,XLK,情報技術,growth,Leading,9.0,0.0,-2.0
2025-09-19,138.73194885253906,0.7453775939188835,0.7354711685790268,102.16654109717878,102.46054119251353,XLK,情報技術,growth,Leading,9.0,0.0,-1.0
2025-09-22,140.77285766601562,0.755981765362777,0.7423080341736102,102.65832675004961,102.57838398937164,XLK,情報技術,growth,Leading,11.0,2.0,2.0
2025-09-23,139.5576629638672,0.7485423924626965,0.7443861536033057,102.6924474090036,102.12894855963364,XLK,情報技術,growth,Leading,11.0,2.0,2.0
2025-09-24,138.69607543945312,0.745659779404267,0.7448106955369596,102.56929588140069,101.76381285197677,XLK,情報技術,growth,Leading,11.0,2.0,2.0
2025-09-25,138.45204162597656,0.75052681504284,0.7467160687055865,102.55746537637891,101.27969609110735,XLK,情報技術,growth,Leading,11.0,2.0,2.0
2025-09-26,138.87039184570312,0.7454091780810137,0.7462804384973956,102.37798889276482,100.25689692763093,XLK,情報技術,growth,Leading,10.0,1.0,1.0
2025-09-29,139.61245727539062,0.7468969909567235,0.7464859559838383,102.26270086815667,99.17651475106456,XLK,情報技術,growth,Weakening,11.0,0.0,-2.0
2025-09-30,140.3744354248047,0.7489940224285125,0.747321978132063,102.21166578578472,99.0409546798732,XLK,情報技術,growth,Weakening,11.0,0.0,-2.0
2025-10-01,141.74900817871094,0.7546178152639946,0.7497539238427069,102.27109491707925,99.36874938240024,XLK,情報技術,growth,Weakening,11.0,0.0,-2.0
2025-10-02,142.51596069335938,0.7569093444764671,0.7521390640539602,102.3127430527523,99.46249973261175,XLK,情報技術,growth,Weakening,11.0,0.0,-2.0
2025-10-03,141.79881286621094,0.7504621479601894,0.7515800920227034,102.16247912495398,99.51296997182605,XLK,情報技術,growth,Weakening,10.0,0.0,-1.0
2025-10-06,143.23312377929688,0.7582911229154605,0.7538171023202891,102.19653182894679,99.77442360344088,XLK,情報技術,growth,Weakening,10.0,-1.0,-1.0
2025-10-07,142.2769012451172,0.7565526725024435,0.754728959047674,102.14300584051361,99.76991171647995,XLK,情報技術,growth,Weakening,10.0,-1.0,-1.0
2025-10-08,144.77203369140625,0.7673211935582669,0.758926370551205,102.28320208940593,99.91231783906781,XLK,情報技術,growth,Weakening,10.0,-1.0,-1.0
2025-10-09,144.5279998779297,0.7724184155476188,0.763423718883343,102.41426606717087,100.06673782991533,XLK,情報技術,growth,Leading,10.0,-1.0,-1.0
2025-10-10,138.64630126953125,0.7580758142224836,0.7616410839963899,102.19128136951785,99.93111785803974,XLK,情報技術,growth,Weakening,9.0,-1.0,-1.0
2025-10-13,142.02291870117188,0.7690601889745511,0.7641141189891103,102.21000470290595,99.90234444990784,XLK,情報技術,growth,Weakening,9.0,-1.0,0.0
2025-10-14,140.20013427734375,0.7529460933184954,0.7603914437655721,101.90601700844128,99.46071836399678,XLK,情報技術,growth,Weakening,9.0,-1.0,0.0
2025-10-15,141.58963012695312,0.7588782539749394,0.7598870471686946,101.79575630712509,99.03605163811662,XLK,情報技術,growth,Weakening,9.0,-1.0,0.0
2025-10-16,141.6942138671875,0.7667059649278087,0.762160019755066,101.83285745705444,98.90036644722652,XLK,情報技術,growth,Weakening,9.0,-1.0,0.0
2025-10-17,141.9432373046875,0.7641725777604428,0.762830872423525,101.78621411745777,99.23194401277262,XLK,情報技術,growth,Weakening,9.0,0.0,1.0
2025-10-20,143.52696228027344,0.7650487223097158,0.763570155718922,101.74746952417728,99.14785714807499,XLK,情報技術,growth,Weakening,9.0,0.0,1.0
2025-10-21,143.60166931152344,0.7619559116951438,0.7630320743776626,101.65324038386679,99.51498981889827,XLK,情報技術,growth,Weakening,9.0,0.0,1.0
2025-10-22,142.18228149414062,0.7580806928674472,0.7613816138742575,101.51421940087991,99.4650559355465,XLK,情報技術,growth,Weakening,9.0,0.0,1.0
2025-10-23,143.9751739501953,0.7640177853812471,0.7622603377099209,101.50325447424278,99.3813960668909,XLK,情報技術,growth,Weakening,10.0,1.0,2.0
2025-10-24,146.21133422851562,0.7737747994623528,0.7660984916273982,101.62781594962493,99.67621292608555,XLK,情報技術,growth,Weakening,10.0,1.0,1.0
2025-10-27,148.91064453125,0.7845732082819477,0.7722567305122481,101.84328423524461,100.11536295658269,XLK,情報技術,growth,Leading,11.0,2.0,2.0
2025-10-28,150.3848114013672,0.7992043813922198,0.7812392808055721,102.14951968517539,100.80117496905987,XLK,情報技術,growth,Leading,11.0,2.0,2.0
2025-10-29,151.46554565429688,0.8140517420383806,0.792176767883175,102.47767249642177,101.56306934806274,XLK,情報技術,growth,Leading,11.0,2.0,2.0
2025-10-30,149.60292053222656,0.8075141225115886,0.7972892194259796,102.51898659266962,101.59813692125847,XLK,情報技術,growth,Leading,11.0,1.0,0.0
2025-10-31,149.74734497070312,0.8065302884776985,0.8003695757765527,102.4723156875124,101.27781616637512,XLK,情報技術,growth,Leading,11.0,1.0,0.0
2025-11-03,150.35992431640625,0.8118167176943059,0.8041852897491371,102.45302539659572,100.87194568091772,XLK,情報技術,growth,Leading,11.0,0.0,-2.0
2025-11-04,146.39064025878906,0.7956486806249775,0.8013397533744172,102.21129697586439,99.97499618927573,XLK,情報技術,growth,Weakening,11.0,0.0,-2.0
2025-11-05,146.96336364746094,0.7941135415061458,0.7989310160849934,102.015456048268,99.13606284989123,XLK,情報技術,growth,Weakening,11.0,0.0,-2.0
2025-11-06,144.01004028320312,0.7836776753993913,0.7938465691897927,101.7552862729219,98.68941138885786,XLK,情報技術,growth,Weakening,9.0,-2.0,-3.0
2025-11-07,143.51202392578125,0.774471980903195,0.7873883730942601,101.47489981359216,98.38051064275395,XLK,情報技術,growth,Weakening,9.0,-2.0,-3.0
2025-11-10,147.1824951171875,0.7897325254700609,0.7881697572195271,101.44743232331066,98.43079301061223,XLK,情報技術,growth,Weakening,9.0,-2.0,-2.0
2025-11-11,145.92745971679688,0.7785001321174727,0.7849465488521756,101.2940703217445,98.61417130038534,XLK,情報技術,growth,Weakening,8.0,-3.0,-3.0
2025-11-12,146.38067626953125,0.7790702632045053,0.7829877869696189,101.18935822263785,98.78650164232907,XLK,情報技術,growth,Weakening,9.0,-2.0,-2.0
2025-11-13,142.73011779785156,0.7683270672059819,0.77810088038174,100.99666004592363,98.90892035326205,XLK,情報技術,growth,Weakening,9.0,0.0,2.0
2025-11-14,143.5070343017578,0.7753545490040377,0.7771854365891726,100.93698707402814,99.24361821734547,XLK,情報技術,growth,Weakening,9.0,0.0,2.0
2025-11-17,141.2609405517578,0.7733744889623213,0.7759151207135555,100.86721267467857,99.17684886290462,XLK,情報技術,growth,Weakening,8.0,-1.0,1.0
2025-11-18,138.96502685546875,0.7603523905416936,0.7707275439896015,100.67275700029927,99.10778670013917,XLK,情報技術,growth,Weakening,8.0,0.0,3.0
2025-11-19,139.9311981201172,0.7679636349658971,0.7698062409817001,100.61824696517502,99.16704985464148,XLK,情報技術,growth,Weakening,8.0,-1.0,1.0
2025-11-20,135.53857421875,0.7530432118405392,0.7642185646013132,100.4084789010788,99.12077643396515,XLK,情報技術,growth,Weakening,7.0,-2.0,-2.0
2025-11-21,136.06150817871094,0.7413797991681546,0.7566056427902603,100.1258030489044,98.76615241439146,XLK,情報技術,growth,Weakening,8.0,-1.0,-1.0
2025-11-24,139.3036651611328,0.7559125237117806,0.7563746030974339,100.09241357945926,98.82289492953177,XLK,情報技術,growth,Weakening,8.0,0.0,1.0
2025-11-25,139.6772003173828,0.747322353799452,0.7533571866647732,99.95884155522589,98.92698383593282,XLK,情報技術,growth,Lagging,8.0,0.0,0.0
2025-11-26,141.33065795898438,0.7509293740575629,0.7525479157957032,99.90264188385906,98.94569156173998,XLK,情報技術,growth,Lagging,8.0,0.0,1.0
2025-11-28,142.5458526611328,0.7533129404660953,0.7528029240191674,99.88240644718962,99.24551885568252,XLK,情報技術,growth,Lagging,8.0,1.0,3.0
2025-12-01,142.610595703125,0.7588453886280951,0.75481707888881,99.92700476716358,99.73943311623154,XLK,情報技術,growth,Lagging,8.0,0.0,1.0
2025-12-02,144.07977294921875,0.7673892179936387,0.759007791923753,100.06016449168759,99.9873373158799,XLK,情報技術,growth,Weakening,9.0,1.0,1.0
2025-12-03,144.4234161376953,0.7633947489361195,0.7604701109278752,100.08749769155261,100.22195287428987,XLK,情報技術,growth,Leading,9.0,1.0,1.0
2025-12-04,144.96128845214844,0.7659978183189768,0.7623126800582425,100.13255491657192,100.36093618599804,XLK,情報技術,growth,Leading,9.0,1.0,1.0
2025-12-05,146.02210998535156,0.7697949378429745,0.7648067659864866,100.2109067680304,100.49794429485043,XLK,情報技術,growth,Leading,9.0,1.0,0.0
2025-12-08,147.04803466796875,0.7798744683192739,0.769829333430749,100.41478225701826,100.72728834450297,XLK,情報技術,growth,Leading,9.0,1.0,1.0
2025-12-09,147.43649291992188,0.7834124794364722,0.7743570487659901,100.60854717403319,100.8200075194677,XLK,情報技術,growth,Leading,9.0,0.0,-1.0
2025-12-10,148.14370727539062,0.776249331188018,0.7749878095733328,100.6179211063263,100.80092907871885,XLK,情報技術,growth,Leading,9.0,0.0,-1.0
2025-12-11,147.38668823242188,0.7660957789652005,0.7720237993706222,100.44024683793087,100.48709169076254,XLK,情報技術,growth,Leading,9.0,0.0,-1.0
2025-12-12,143.12356567382812,0.7490138382856094,0.7643538123422846,99.99492248360148,99.70989740253849,XLK,情報技術,growth,Lagging,8.0,-1.0,-2.0
2025-12-15,141.73904418945312,0.7408489422675999,0.7565188556507232,99.51555152738342,98.65916421740039,XLK,情報技術,growth,Lagging,5.0,-4.0,-5.0
2025-12-16,141.9980010986328,0.7474518434331772,0.7534965182448745,99.29259402925821,98.07029106177629,XLK,情報技術,growth,Lagging,3.0,-6.0,-6.0
2025-12-17,138.84051513671875,0.7328130784843234,0.7466020383246909,98.83577401699613,97.47741178687845,XLK,情報技術,growth,Lagging,3.0,-6.0,-6.0
2025-12-18,140.98202514648438,0.7425287419136245,0.7452442728543354,98.72369472220173,97.67500657869167,XLK,情報技術,growth,Lagging,3.0,-6.0,-6.0
2025-12-19,144.0299835205078,0.7558286731040142,0.748772406270895,98.9281927084313,98.68164478060734,XLK,情報技術,growth,Lagging,4.0,-4.0,-3.0
2025-12-22,144.8070831298828,0.7543156000659087,0.7506201375358996,99.03090328037462,99.6235563418426,XLK,情報技術,growth,Lagging,5.0,0.0,4.0
2025-12-23,145.5951385498047,0.7601881675690744,0.7538094808802913,99.21595218257774,100.33143873421601,XLK,情報技術,growth,Improving,5.0,2.0,8.0
2025-12-24,145.94430541992188,0.7592587741462571,0.7556259119689466,99.31691075841009,101.30164290736602,XLK,情報技術,growth,Improving,5.0,2.0,8.0
2025-12-26,146.17373657226562,0.7602561635230857,0.7571693291536596,99.39880126100746,101.59714019176656,XLK,情報技術,growth,Improving,5.0,2.0,8.0
2025-12-29,145.51535034179688,0.7580833123472147,0.757473990218178,99.40071219247808,101.2166511947243,XLK,情報技術,growth,Improving,5.0,1.0,5.0
2025-12-30,145.0564727783203,0.7569052402339185,0.7572844068900915,99.3714941338912,100.96800129234602,XLK,情報技術,growth,Improving,5.0,0.0,0.0
2025-12-31,143.61996459960938,0.7558646239222803,0.7568111459008211,99.32796822514517,100.5761725524844,XLK,情報技術,growth,Improving,4.0,-1.0,-3.0
2026-01-02,143.94915771484375,0.7524903602111569,0.7553708840042664,99.22567595855713,100.2354857404283,XLK,情報技術,growth,Improving,4.0,-1.0,-3.0
2026-01-05,144.26837158203125,0.7472239033958056,0.7526552238014461,99.04094704301879,99.79801846643532,XLK,情報技術,growth,Lagging,4.0,-1.0,-3.0
2026-01-06,146.29344177246094,0.7486738206272704,0.7513280894100542,98.95703783854647,99.66603093507561,XLK,情報技術,growth,Lagging,4.0,-1.0,-2.0
2026-01-07,146.17373657226562,0.7565483961482824,0.7530681916561304,99.07700172077546,99.91866882997891,XLK,情報技術,growth,Lagging,5.0,0.0,0.0
2026-01-08,143.88931274414062,0.7383943976199563,0.7481769269774057,98.77330391696397,99.503214041879,XLK,情報技術,growth,Lagging,5.0,1.0,2.0
2026-01-09,145.79466247558594,0.7438557043722119,0.7467365194423412,98.71269871129279,99.58770992917407,XLK,情報技術,growth,Lagging,5.0,1.0,2.0
2026-01-12,146.43310546875,0.7464331338207174,0.7466353909018,98.73746675985116,99.94339667507904,XLK,情報技術,growth,Lagging,5.0,1.0,2.0
2026-01-13,146.1238555908203,0.7448567528870631,0.7460425115635544,98.73444863836019,100.08402457930099,XLK,情報技術,growth,Improving,4.0,0.0,1.0
2026-01-14,144.3481903076172,0.7324723147232773,0.7415191126167955,98.49240221388534,99.49234732372109,XLK,情報技術,growth,Lagging,4.0,-1.0,-1.0
2026-01-15,145.10635375976562,0.7330725072428923,0.7387035774921611,98.37191444684903,99.79393670211441,XLK,情報技術,growth,Lagging,3.0,-2.0,-3.0
2026-01-16,145.2659454345703,0.7357590538101173,0.7377220695981466,98.37159957384814,99.8874789749243,XLK,情報技術,growth,Lagging,3.0,-2.0,-3.0
2026-01-20,141.49513244628906,0.7275154742743988,0.7343198711568973,98.2407871272312,99.63134219767356,XLK,情報技術,growth,Lagging,3.0,-2.0,-3.0
2026-01-21,143.46035766601562,0.7253385518808404,0.7313260980648784,98.1498292386965,99.48906171989626,XLK,情報技術,growth,Lagging,3.0,-1.0,-1.0
2026-01-22,144.5277557373047,0.7297837801479373,0.7308119920925646,98.19946841663685,99.97436254914311,XLK,情報技術,growth,Lagging,3.0,-1.0,0.0
2026-01-23,144.73724365234375,0.734113927082686,0.7319126370892718,98.32582063624528,100.37751205632017,XLK,情報技術,growth,Improving,3.0,0.0,2.0
2026-01-26,145.72483825683594,0.7373794470663484,0.7337349070816307,98.47836754292719,100.61760975043939,XLK,情報技術,growth,Improving,3.0,0.0,2.0
2026-01-27,147.6900634765625,0.7484883136181729,0.7386527092604782,98.77680083343601,101.2913254703391,XLK,情報技術,growth,Improving,4.0,1.0,3.0
2026-01-28,148.86717224121094,0.7570034480495064,0.7447696221901543,99.12319873677474,101.9258796126711,XLK,情報技術,growth,Improving,6.0,3.0,4.0
2026-01-29,146.51292419433594,0.7440560729181648,0.7445317724328245,99.13897385666503,101.82991169671241,XLK,情報技術,growth,Improving,7.0,4.0,5.0
2026-01-30,143.5301971435547,0.7305276275562151,0.7398637241406214,98.92493843131086,101.32796858664753,XLK,情報技術,growth,Improving,4.0,1.0,1.0
2026-02-02,144.9068145751953,0.7337557874381175,0.7378277452397868,98.84248484136982,100.99753764325749,XLK,情報技術,growth,Improving,3.0,0.0,0.0
2026-02-03,141.7345733642578,0.7196082528233031,0.7317545811009589,98.53772284466272,100.04844347674923,XLK,情報技術,growth,Improving,2.0,-2.0,-3.0
2026-02-04,137.78419494628906,0.6935095388594442,0.7190062336871208,97.8689288534926,98.41220488318228,XLK,情報技術,growth,Lagging,1.0,-5.0,-8.0
2026-02-05,135.3002471923828,0.6869748880619881,0.7083291184787432,97.36539208478852,97.69840472760889,XLK,情報技術,growth,Lagging,1.0,-6.0,-10.0
2026-02-06,140.78688049316406,0.7017560845903288,0.7061381071826052,97.350538346884,98.10133433349571,XLK,情報技術,growth,Lagging,2.0,-2.0,-3.0
2026-02-09,143.00148010253906,0.7123721474978844,0.7082161206210316,97.56348537087634,98.5886859273985,XLK,情報技術,growth,Lagging,2.0,-1.0,-1.0
2026-02-10,142.20343017578125,0.7058852757407674,0.7074391723276102,97.63128542309377,99.15240068307006,XLK,情報技術,growth,Lagging,2.0,0.0,2.0
2026-02-11,142.62240600585938,0.7067123558310958,0.7071969001621055,97.71287009366868,100.27957868007918,XLK,情報技術,growth,Improving,2.0,1.0,6.0
2026-02-12,138.87155151367188,0.6972767848557909,0.7038901950600006,97.64728692498574,100.92360274450304,XLK,情報技術,growth,Improving,4.0,3.0,9.0
2026-02-13,139.22068786621094,0.6918627501310138,0.6998810467503384,97.56429350000779,100.79331010962103,XLK,情報技術,growth,Improving,4.0,2.0,4.0
2026-02-17,139.140869140625,0.6926611117977071,0.697474401766128,97.5791864185662,100.47097373951897,XLK,情報技術,growth,Improving,4.0,2.0,3.0
2026-02-18,140.56741333007812,0.6961532581734979,0.6970340205685847,97.68164249967926,100.50950898786944,XLK,情報技術,growth,Improving,4.0,2.0,2.0
2026-02-19,139.86911010742188,0.6941612666024994,0.696076435913223,97.75162488759656,100.47646781520459,XLK,情報技術,growth,Improving,4.0,2.0,1.0
2026-02-20,140.5374755859375,0.6942317253447768,0.6954615323904076,97.83628810734415,100.68690706494355,XLK,情報技術,growth,Improving,4.0,0.0,-3.0
2026-02-23,138.18321228027344,0.6901770298298903,0.693700031536902,97.86565273428337,100.83509069025524,XLK,情報技術,growth,Improving,3.0,-1.0,-3.0
2026-02-24,139.97885131835938,0.6936132025262869,0.6936710885333637,97.968418082773,100.94112491227574,XLK,情報技術,growth,Improving,3.0,-1.0,-3.0
2026-02-25,142.66229248046875,0.706493395796124,0.6979451909542839,98.23564705518675,101.1538754658358,XLK,情報技術,growth,Improving,4.0,0.0,-2.0
2026-02-26,140.6671600341797,0.6927001324797701,0.696196838129446,98.23986808364147,101.0211886668641,XLK,情報技術,growth,Improving,3.0,-1.0,-3.0
2026-02-27,138.42263793945312,0.6808490422093164,0.6910809061560694,98.11715300313361,100.6845568722011,XLK,情報技術,growth,Improving,3.0,-1.0,-1.0
2026-03-02,139.2007293701172,0.6859478890204158,0.6893699004441849,98.13724398711807,100.6481673060924,XLK,情報技術,growth,Improving,3.0,0.0,1.0
2026-03-03,137.1656951904297,0.6843151950128595,0.6876849986337432,98.15786338308209,100.50647907019119,XLK,情報技術,growth,Improving,3.0,0.0,1.0
2026-03-04,139.5,0.6931824704206336,0.6895174892293734,98.3025330684398,100.31370070638383,XLK,情報技術,growth,Improving,3.0,-1.0,-1.0
2026-03-05,139.83917236328125,0.7030105759577824,0.6940151848055098,98.52898850282672,100.64119570746072,XLK,情報技術,growth,Improving,3.0,0.0,1.0
2026-03-06,136.95619201660156,0.6968216438295545,0.694950671146858,98.61344204169204,100.94012706099421,XLK,情報技術,growth,Improving,4.0,1.0,2.0
2026-03-09,139.42019653320312,0.7073590707526136,0.6990868043487766,98.80727590741397,101.18004490070679,XLK,情報技術,growth,Improving,4.0,1.0,1.0
2026-03-10,139.42019653320312,0.7127032749177259,0.7036256278717598,99.00831243429556,101.41791514398801,XLK,情報技術,growth,Improving,4.0,1.0,1.0
2026-03-11,140.08856201171875,0.7184878332766865,0.7085796963400688,99.22058054460388,101.48922361261506,XLK,情報技術,growth,Improving,4.0,1.0,2.0
2026-03-12,137.50486755371094,0.7163145857208117,0.7111579928003164,99.34314014446903,101.32274121944626,XLK,情報技術,growth,Improving,4.0,1.0,1.0
2026-03-13,136.4674072265625,0.7109467410465586,0.7110875755490639,99.36427756140908,101.21965832637899,XLK,情報技術,growth,Improving,4.0,0.0,-1.0
2026-03-16,138.4425811767578,0.7159095491003129,0.7126949000661469,99.45271418359471,101.05396069757143,XLK,情報技術,growth,Improving,4.0,0.0,-1.0
2026-03-17,139.2007293701172,0.7158279613496518,0.7137392538273153,99.51949082852066,100.84134567651962,XLK,情報技術,growth,Improving,4.0,0.0,-1.0
2026-03-18,137.6245880126953,0.7171605788672566,0.7148796955072958,99.58944401670249,100.61591428441254,XLK,情報技術,growth,Improving,4.0,0.0,-1.0
2026-03-19,138.0934295654297,0.7201620181140014,0.716640469709531,99.68495026829227,100.55303366132057,XLK,情報技術,growth,Improving,4.0,0.0,-1.0
2026-03-20,134.96107482910156,0.7143205917431963,0.7158671770540861,99.67051129675244,100.47786864895046,XLK,情報技術,growth,Improving,4.0,0.0,0.0
2026-03-23,136.78689575195312,0.7163474635194406,0.7160272725425376,99.6954033367241,100.3519857545858,XLK,情報技術,growth,Improving,4.0,0.0,0.0
2026-03-24,135.9878387451172,0.7113093741584622,0.7144546397478458,99.64762874290955,100.13618803004462,XLK,情報技術,growth,Improving,4.0,0.0,0.0
2026-03-25,136.5971221923828,0.7110507185941702,0.7133199993632874,99.61961544018685,99.95665885102332,XLK,情報技術,growth,Lagging,5.0,1.0,1.0
2026-03-26,132.34219360351562,0.6952832417410856,0.7073077468225535,99.37811686007775,99.39155581804872,XLK,情報技術,growth,Lagging,5.0,1.0,1.0
2026-03-27,129.76527404785156,0.6912226646792271,0.7019460527747781,99.16425629795502,99.08237929638281,XLK,情報技術,growth,Lagging,5.0,1.0,1.0
2026-03-30,127.34815216064453,0.6797540065583373,0.6945487040359645,98.8587417649917,98.57459774101888,XLK,情報技術,growth,Lagging,3.0,-1.0,-1.0
2026-03-31,132.74171447753906,0.6943299248009401,0.6944757776242897,98.88413558022066,98.74081034231544,XLK,情報技術,growth,Lagging,3.0,-1.0,-1.0
2026-04-01,134.74932861328125,0.7025615171690539,0.6971710241392111,99.03544422907146,99.06796614626066,XLK,情報技術,growth,Lagging,3.0,-2.0,-3.0
2026-04-02,135.8280487060547,0.7061685719288056,0.7001702067357426,99.2020501284749,99.75212128554266,XLK,情報技術,growth,Lagging,4.0,-1.0,-2.0
2026-04-06,136.61709594726562,0.7072307247407583,0.7025237127374145,99.34063760692771,100.329043985727,XLK,情報技術,growth,Improving,4.0,-1.0,-2.0
2026-04-07,137.2663116455078,0.7121707306279524,0.705739385367594,99.52688339354741,101.10809234187388,XLK,情報技術,growth,Improving,5.0,2.0,3.0
2026-04-08,141.52125549316406,0.7176668750474428,0.7097152152608769,99.75934029316748,101.3971707434616,XLK,情報技術,growth,Improving,5.0,2.0,3.0
2026-04-09,141.9008026123047,0.7191556512029619,0.712862027241572,99.9591845921694,101.4233563711733,XLK,情報技術,growth,Improving,6.0,3.0,5.0
2026-04-10,142.45013427734375,0.727189536323404,0.7176378636021827,100.2569063958568,101.57122358921063,XLK,情報技術,growth,Leading,6.0,2.0,3.0
2026-04-13,145.43658447265625,0.7342947783837496,0.7231901685293718,100.61042589023057,101.82649091388964,XLK,情報技術,growth,Leading,6.0,2.0,3.0
2026-04-14,147.76380920410156,0.7429433474615477,0.7297745615067638,101.03573069109825,102.08010337190365,XLK,情報技術,growth,Leading,8.0,3.0,1.0
2026-04-15,150.12100219726562,0.7545305593799774,0.738026560797835,101.55898243779926,102.35672035810443,XLK,情報技術,growth,Leading,11.0,6.0,4.0
2026-04-16,151.83895874023438,0.7597039214512655,0.7452523476823119,101.98050316573989,102.49930601595013,XLK,情報技術,growth,Leading,11.0,5.0,2.0
2026-04-17,154.1661834716797,0.761780071355279,0.7507615889066342,102.25045010410712,102.31377411394193,XLK,情報技術,growth,Leading,11.0,5.0,3.0
2026-04-20,154.37591552734375,0.7604208764850285,0.7539813514327658,102.35500681722183,101.89465858284117,XLK,情報技術,growth,Leading,11.0,5.0,3.0
2026-04-21,154.50576782226562,0.7657572460088238,0.7579066496247853,102.45891876634109,101.4317172893104,XLK,情報技術,growth,Leading,11.0,3.0,0.0
2026-04-22,157.90171813964844,0.7829360779122344,0.7662497923872684,102.72805199812599,101.07553527527632,XLK,情報技術,growth,Leading,11.0,0.0,-6.0
2026-04-23,155.65440368652344,0.7718311805067848,0.768110255093774,102.6458890685065,100.41987831109778,XLK,情報技術,growth,Leading,11.0,0.0,-5.0
2026-04-24,160.02919006347656,0.795173748379256,0.777131419522268,102.86015116984714,100.33621763442805,XLK,情報技術,growth,Leading,11.0,0.0,-5.0
2026-04-27,160.37876892089844,0.797858593443454,0.7840404774959967,102.93022399514228,100.28291880984699,XLK,情報技術,growth,Leading,11.0,0.0,-5.0
2026-04-28,157.66201782226562,0.7883672895273087,0.7854827481731007,102.78735209313737,99.97312790083608,XLK,情報技術,growth,Weakening,11.0,0.0,-3.0
2026-04-29,158.92050170898438,0.7960479083382066,0.7890044682281361,102.74569828194493,99.59530895188888,XLK,情報技術,growth,Weakening,11.0,0.0,0.0
2026-04-30,159.31004333496094,0.7861138997210269,0.7880409453924331,102.55734347453996,99.47907405091114,XLK,情報技術,growth,Weakening,11.0,0.0,0.0
2026-05-01,161.67721557617188,0.8002334916050342,0.7921051274633002,102.54304079428645,99.20813134626269,XLK,情報技術,growth,Weakening,11.0,0.0,0.0
2026-05-04,161.8570098876953,0.8058115731755945,0.7966739427007317,102.53391382977637,99.12792253083191,XLK,情報技術,growth,Weakening,11.0,0.0,0.0
2026-05-05,165.4327392578125,0.8171296198596458,0.8034925017537031,102.5725863224428,99.35742284352827,XLK,情報技術,growth,Weakening,11.0,0.0,0.0
2026-05-06,169.82749938964844,0.8322440948944528,0.8130763661339531,102.65641625451036,99.47753489189022,XLK,情報技術,growth,Weakening,11.0,0.0,0.0
2026-05-07,169.4879150390625,0.8359256987044295,0.8206928103241119,102.66184231206694,99.67156398630384,XLK,情報技術,growth,Weakening,11.0,0.0,0.0
2026-05-08,175.31097412109375,0.8622729486045642,0.8345528564175961,102.79574873542926,99.82737392357704,XLK,情報技術,growth,Weakening,11.0,0.0,0.0
2026-05-11,177.66815185546875,0.8743380229126203,0.8478145785826043,102.87042739641916,99.9090528844511,XLK,情報技術,growth,Weakening,11.0,0.0,0.0
2026-05-12,174.99134826660156,0.8619256009775907,0.8525182527142665,102.74690189459868,99.61634000401624,XLK,情報技術,growth,Weakening,11.0,0.0,0.0
2026-05-13,176.63938903808594,0.873859056600455,0.8596318540096627,102.68518053751441,99.37426904184872,XLK,情報技術,growth,Weakening,11.0,0.0,0.0
2026-05-14,179.28622436523438,0.8837305295124218,0.8676647458439157,102.64368685383963,99.30841009757044,XLK,情報技術,growth,Weakening,11.0,0.0,0.0
2026-05-15,176.05007934570312,0.876820233589361,0.8707165750923975,102.51955744350724,98.91401572224179,XLK,情報技術,growth,Weakening,11.0,0.0,0.0
2026-05-18,174.15234375,0.8620651029685802,0.8678327510511251,102.31617996514676,98.50673540725285,XLK,情報技術,growth,Weakening,11.0,0.0,0.0
2026-05-19,173.03367614746094,0.8615405268631623,0.8657353429884709,102.153973587639,98.48735856940334,XLK,情報技術,growth,Weakening,11.0,0.0,0.0
2026-05-20,176.9290313720703,0.8713841908895457,0.8676182922888291,102.07448365792223,98.50063679632417,XLK,情報技術,growth,Weakening,11.0,0.0,0.0
2026-05-21,178.38729858398438,0.8747894268226735,0.8700086704667773,102.01096619965648,98.51363401837784,XLK,情報技術,growth,Weakening,11.0,0.0,0.0
2026-05-22,180.17515563964844,0.8755587749786856,0.8718587053040802,101.94558255711465,98.64327948906715,XLK,情報技術,growth,Weakening,11.0,0.0,0.0
2026-05-26,184.9195098876953,0.8940264977833923,0.879247969463851,101.96743565568293,99.00101516489329,XLK,情報技術,growth,Weakening,11.0,0.0,0.0
2026-05-27,184.21034240722656,0.8912417059819989,0.8832458816365669,101.93540378460597,99.21275298949134,XLK,情報技術,growth,Weakening,11.0,0.0,0.0
2026-05-28,186.62747192382812,0.8996409841369993,0.8887109158033778,101.92625197626917,99.33206740191683,XLK,情報技術,growth,Weakening,11.0,0.0,0.0
2026-05-29,190.79251098632812,0.9171642368546811,0.8981953561538123,101.97253775284788,99.4998931107227,XLK,情報技術,growth,Weakening,11.0,0.0,0.0
2026-06-01,195.52685546875,0.9382155798116152,0.9115354307064133,102.06290077375503,99.72929965291212,XLK,情報技術,growth,Weakening,11.0,0.0,0.0
2026-06-02,197.9739532470703,0.9462039193624715,0.9230915935917661,102.11704002681242,99.77701644927981,XLK,情報技術,growth,Weakening,11.0,0.0,0.0
2026-06-03,195.9962921142578,0.9402883671056353,0.9288238514297226,102.08872942865757,99.78029348407165,XLK,情報技術,growth,Weakening,11.0,0.0,0.0
2026-06-04,192.93994140625,0.9186887984881337,0.925445500449193,101.94939582701015,99.59832369409119,XLK,情報技術,growth,Weakening,11.0,0.0,0.0
2026-06-05,180.08526611328125,0.8698585076639532,0.9069165028541132,101.63777885305737,99.10488284021392,XLK,情報技術,growth,Weakening,11.0,0.0,0.0
2026-06-08,183.9606475830078,0.8895192578060815,0.901117421171436,101.50567699194865,98.82353408879945,XLK,情報技術,growth,Weakening,11.0,0.0,0.0
2026-06-09,180.55471801757812,0.8664561650725763,0.8895636691384828,101.31012672424521,98.52368132897602,XLK,情報技術,growth,Weakening,11.0,0.0,0.0
2026-06-10,176.41964721679688,0.8575165359050586,0.8788812913940081,101.13434201766842,98.38147963939488,XLK,情報技術,growth,Weakening,11.0,0.0,0.0
2026-06-11,182.99180603027344,0.8758069092235568,0.8778564973371911,101.08586900030932,98.56115905621787,XLK,情報技術,growth,Weakening,11.0,0.0,0.0
2026-06-12,184.5799102783203,0.8754772228174151,0.8770634058305992,101.042063415093,98.96195075226704,XLK,情報技術,growth,Weakening,11.0,0.0,0.0
2026-06-15,191.56158447265625,0.903342058654942,0.8858229567720468,101.119350372769,99.27100895383376,XLK,情報技術,growth,Weakening,11.0,0.0,0.0
2026-06-16,186.21795654296875,0.881081904508874,0.8842426060176559,101.06469159573665,99.47985058548143,XLK,情報技術,growth,Weakening,11.0,0.0,0.0
2026-06-17,185.57872009277344,0.8914179101742731,0.8866343740698617,101.06170676842005,99.72521335508014,XLK,情報技術,growth,Weakening,11.0,0.0,0.0
2026-06-18,191.21200561523438,0.9142337903187857,0.8958341794861697,101.14423633977371,99.91014333534261,XLK,情報技術,growth,Weakening,11.0,0.0,0.0
2026-06-22,192.14999389648438,0.9167024156145872,0.9027902581956422,101.1959344629152,100.0439319350669,XLK,情報技術,growth,Leading,11.0,0.0,0.0
2026-06-23,184.19000244140625,0.8817559623705653,0.8957788262539499,101.07111957222038,99.77406924636935,XLK,情報技術,growth,Weakening,11.0,0.0,0.0
2026-06-24,183.0500030517578,0.8700922084003265,0.8872166203027421,100.93012043545968,99.66210264678264,XLK,情報技術,growth,Weakening,11.0,0.0,0.0
2026-06-25,184.57000732421875,0.8716411207755312,0.8820247871270052,100.83477614178331,99.54232594546482,XLK,情報技術,growth,Weakening,10.0,-1.0,-1.0
2026-06-26,181.11000061035156,0.8611573520649827,0.8750689754396643,100.71745391424217,99.27376479055393,XLK,情報技術,growth,Weakening,10.0,-1.0,-1.0
2026-06-29,185.41000366210938,0.870265200686556,0.8734677171886283,100.67132996954945,99.14135107901167,XLK,情報技術,growth,Weakening,9.0,-2.0,-2.0
2026-06-30,190.52000427246094,0.8954269889870945,0.8807874744547838,100.74708135510846,99.39668102244329,XLK,情報技術,growth,Weakening,9.0,-2.0,-2.0
2026-07-01,185.6199951171875,0.8697811345857919,0.8771186944984533,100.67216136480178,99.47134107302335,XLK,情報技術,growth,Weakening,9.0,-2.0,-2.0
2026-07-02,180.58999633789062,0.8403052126964824,0.8648475338977963,100.47173311553144,99.31776385986512,XLK,情報技術,growth,Weakening,9.0,-1.0,0.0
2026-07-06,183.57000732421875,0.8538139875545058,0.8611696851166994,100.3918612672581,99.37438335597369,XLK,情報技術,growth,Weakening,8.0,-2.0,-1.0
2026-07-07,179.17999267578125,0.8344432368132416,0.8522608690155469,100.22793916543687,99.22790694321945,XLK,情報技術,growth,Weakening,8.0,-1.0,1.0
2026-07-08,181.39999389648438,0.8548538949353979,0.8531252109888305,100.21230043436495,99.12901248792372,XLK,情報技術,growth,Weakening,8.0,-1.0,1.0
2026-07-09,185.35000610351562,0.8681499114918765,0.858133444489846,100.26545785951888,99.33030707626601,XLK,情報技術,growth,Weakening,9.0,0.0,2.0
2026-07-10,185.77999877929688,0.8669155209224483,0.8610608033007134,100.28657588717554,99.65940851476051,XLK,情報技術,growth,Weakening,9.0,0.0,1.0
2026-07-13,181.27999877929688,0.8461933547804926,0.8561049871273065,100.16736436150578,99.62700242722075,XLK,情報技術,growth,Weakening,9.0,1.0,3.0
2026-07-14,183.6199951171875,0.8602482911335533,0.8574860884627221,100.16050124006522,99.87841474012974,XLK,情報技術,growth,Weakening,9.0,1.0,2.0
2026-07-15,181.5800018310547,0.8526083523044232,0.8558601764099558,100.09485777690674,99.83646011408906,XLK,情報技術,growth,Weakening,9.0,1.0,2.0
2026-07-16,177.52000427246094,0.8254440913591803,0.8457214813930307,99.84968683863538,99.39767716832769,XLK,情報技術,growth,Lagging,9.0,0.0,0.0
2026-07-17,175.58999633789062,0.8229366844267524,0.838126549070938,99.6437742367793,99.00796854484253,XLK,情報技術,growth,Lagging,9.0,0.0,0.0
2026-07-20,175.7100067138672,0.827182036665487,0.8344783782691211,99.51420374166403,98.94591348865805,XLK,情報技術,growth,Lagging,7.0,-2.0,-3.0
2026-07-21,180.77999877929688,0.8496898075144876,0.8395488546842433,99.58079521624806,99.05679348284818,XLK,情報技術,growth,Lagging,7.0,-2.0,-3.0
2026-07-22,180.27000427246094,0.8475317670847327,0.8422098254844065,99.59377550948714,99.22020608507218,XLK,情報技術,growth,Lagging,7.0,-2.0,-3.0
2026-07-23,178.4499969482422,0.842063035532775,0.8421608955005293,99.54239648413487,99.75122773671934,XLK,情報技術,growth,Lagging,5.0,-4.0,-4.0
2026-07-24,175.8800048828125,0.8235238977906228,0.8359485629305605,99.32019246900475,99.735250565709,XLK,情報技術,growth,Lagging,5.0,-4.0,-4.0
2026-07-27,174.3000030517578,0.8100195602961161,0.8273055620524123,99.02446751524285,99.24566618483702,XLK,情報技術,growth,Lagging,4.0,-3.0,-1.0
2026-07-28,171.08999633789062,0.7859341008732886,0.8135150749927045,98.58188310448686,97.66473989677237,XLK,情報技術,growth,Lagging,2.0,-5.0,-3.0
2026-07-29,166.57000732421875,0.772122609850658,0.7997175866120224,98.14535661129366,96.56483534478204,XLK,情報技術,growth,Lagging,2.0,-5.0,-3.0
2026-07-30,175.72999572753906,0.8159067310967568,0.8051139681069339,98.27206826385634,97.31423480423531,XLK,情報技術,growth,Lagging,2.0,-3.0,1.0
2026-07-31,175.35000610351562,0.8155435123177058,0.8085904828438579,98.33451925114329,98.20770450376428,XLK,情報技術,growth,Lagging,1.0,-4.0,0.0
2024-08-01,89.9425277709961,0.5476885108752129,0.5476885108752129,,,XLY,一般消費財・サービス,growth,,,,
2024-08-02,86.63282775878906,0.5367713954572533,0.5440494724025597,,,XLY,一般消費財・サービス,growth,,,,
2024-08-05,84.18372344970703,0.5342179182748129,0.5407722876933108,,,XLY,一般消費財・サービス,growth,,,,
2024-08-06,85.11321258544922,0.5346332022240746,0.538725925870232,,,XLY,一般消費財・サービス,growth,,,,
2024-08-07,83.62802124023438,0.5290346419895304,0.5354954979099982,,,XLY,一般消費財・サービス,growth,,,,
2024-08-08,85.4525375366211,0.5309546886645292,0.5339818948281753,,,XLY,一般消費財・サービス,growth,,,,
2024-08-09,85.73777770996094,0.5316081984573373,0.5331906627045626,,,XLY,一般消費財・サービス,growth,,,,
2024-08-12,85.3984375,0.5320582706874135,0.5328131986988462,,,XLY,一般消費財・サービス,growth,,,,
2024-08-13,87.53770446777344,0.5392415369509543,0.5349559781162156,,,XLY,一般消費財・サービス,growth,,,,
2024-08-14,87.07051086425781,0.5352467226971787,0.5350528929765367,,,XLY,一般消費財・サービス,growth,,,,
2024-08-15,89.8490982055664,0.5449358868525754,0.5383472242685496,,,XLY,一般消費財・サービス,growth,,,,
2024-08-16,90.06056213378906,0.5449070307228238,0.5405338264199744,,,XLY,一般消費財・サービス,growth,,,,
2024-08-19,91.16707611083984,0.5474348179042774,0.5428341569147421,,,XLY,一般消費財・サービス,growth,,,,
2024-08-20,91.0834732055664,0.5491027430086349,0.5449236856127064,,,XLY,一般消費財・サービス,growth,,,,
2024-08-21,92.23424530029297,0.552174285588746,0.5473405522713863,,,XLY,一般消費財・サービス,growth,,,,
2024-08-22,90.640869140625,0.5441801958841302,0.546287100142301,,,XLY,一般消費財・サービス,growth,,,,
2024-08-23,92.39161682128906,0.5477217132546988,0.5467653045131002,,,XLY,一般消費財・サービス,growth,,,,
2024-08-26,91.6736068725586,0.543558780479905,0.5456964631687019,,,XLY,一般消費財・サービス,growth,,,,
2024-08-27,91.43263244628906,0.5418811679819874,0.5444246981064638,,,XLY,一般消費財・サービス,growth,,,,
2024-08-28,90.54742431640625,0.5381164243905434,0.542321940201157,,,XLY,一般消費財・サービス,growth,,,,
2024-08-29,90.6556167602539,0.5367528296217275,0.5404655700080139,,,XLY,一般消費財・サービス,growth,,,,
2024-08-30,92.02278900146484,0.5406652844936033,0.5405321415032104,,,XLY,一般消費財・サービス,growth,,,,
2024-09-03,90.75889587402344,0.5401808905211841,0.5404150578425351,,,XLY,一般消費財・サービス,growth,,,,
2024-09-04,90.99494934082031,0.5423668494611842,0.5410656550487515,,,XLY,一般消費財・サービス,growth,,,,
2024-09-05,92.02769470214844,0.5518970409296565,0.5446761170090532,,,XLY,一般消費財・サービス,growth,,,,
2024-09-06,89.70155334472656,0.5437856789105714,0.5443793043095593,,,XLY,一般消費財・サービス,growth,,,,
2024-09-09,91.00969696044922,0.5464263124778522,0.545061640365657,,,XLY,一般消費財・サービス,growth,,,,
2024-09-10,92.05228424072266,0.5523651188236209,0.5474961331849784,,,XLY,一般消費財・サービス,growth,,,,
2024-09-11,92.97193145751953,0.557624351521215,0.5508722059637239,,,XLY,一般消費財・サービス,growth,,,,
2024-09-12,94.0194320678711,0.5604263606397656,0.5540569241890712,,,XLY,一般消費財・サービス,growth,,,,
2024-09-13,94.65873718261719,0.5588852736319843,0.5556663740033756,,,XLY,一般消費財・サービス,growth,,,,
2024-09-16,94.49645233154297,0.553907540690999,0.5550800962325835,,,XLY,一般消費財・サービス,growth,,,,
2024-09-17,94.97840118408203,0.5559126034035098,0.5553575986228922,,,XLY,一般消費財・サービス,growth,,,,
2024-09-18,94.79151916503906,0.5558578208161037,0.5555243393539627,,,XLY,一般消費財・サービス,growth,,,,
2024-09-19,96.9504623413086,0.5625163122099437,0.5578549969726231,,,XLY,一般消費財・サービス,growth,,,,
2024-09-20,96.72915649414062,0.56328819794999,0.5596660639650788,,,XLY,一般消費財・サービス,growth,,,,
2024-09-23,97.90449523925781,0.56722827514404,0.5621868010247326,,,XLY,一般消費財・サービス,growth,,,,
2024-09-24,98.761962890625,0.5713599687575365,0.565244523602334,,,XLY,一般消費財・サービス,growth,,,,
2024-09-25,98.40715026855469,0.5728491700798294,0.5677794057614992,,,XLY,一般消費財・サービス,growth,,,,
2024-09-26,98.8260269165039,0.5705119283462396,0.5686902466230794,,,XLY,一般消費財・サービス,growth,,,,
2024-09-27,98.97386169433594,0.5693217485640457,0.5689007472700682,,,XLY,一般消費財・サービス,growth,,,,
2024-09-30,98.74224090576172,0.5672601892430121,0.5683538945943829,,,XLY,一般消費財・サービス,growth,,,,
2024-10-01,98.34307861328125,0.5679787818680008,0.5682288570189222,,,XLY,一般消費財・サービス,growth,,,,
2024-10-02,97.51024627685547,0.5637698908451099,0.5667425349609848,,,XLY,一般消費財・サービス,growth,,,,
2024-10-03,96.3817367553711,0.5598871215316924,0.5644573971512207,,,XLY,一般消費財・サービス,growth,,,,
2024-10-04,97.6580810546875,0.5628855858873861,0.5639334600632759,,,XLY,一般消費財・サービス,growth,,,,
2024-10-07,96.1402587890625,0.5584843619631135,0.5621170940298885,,,XLY,一般消費財・サービス,growth,,,,
2024-10-08,97.07659912109375,0.5625899605029343,0.5622747161875705,,,XLY,一般消費財・サービス,growth,,,,
2024-10-09,97.77143096923828,0.5627509799872951,0.5624334707874787,,,XLY,一般消費財・サービス,growth,,,,
2024-10-10,97.28849029541016,0.5620772947924596,0.5623147454558057,,,XLY,一般消費財・サービス,growth,,,,
2024-10-11,96.87454223632812,0.5542414142720982,0.5596236350612366,,,XLY,一般消費財・サービス,growth,,,,
2024-10-14,97.29835510253906,0.5526113681924809,0.5572862127716514,,,XLY,一般消費財・サービス,growth,,,,
2024-10-15,97.51024627685547,0.556332138330176,0.5569681879578263,,,XLY,一般消費財・サービス,growth,,,,
2024-10-16,98.02276611328125,0.5554994927105187,0.5564786228753904,,,XLY,一般消費財・サービス,growth,,,,
2024-10-17,97.93405151367188,0.5558843773355078,0.5562805410287629,,,XLY,一般消費財・サービス,growth,,,,
2024-10-18,98.31844329833984,0.5564092788454896,0.5563234536343384,,,XLY,一般消費財・サービス,growth,,,,
2024-10-21,97.55459594726562,0.5568320587317459,0.5564929886668076,,,XLY,一般消費財・サービス,growth,,,,
2024-10-22,97.16036224365234,0.5570842597290249,0.5566900790208801,,,XLY,一般消費財・サービス,growth,,,,
2024-10-23,95.63268280029297,0.5501332325885411,0.5545044635434337,,,XLY,一般消費財・サービス,growth,,,,
2024-10-24,98.64860534667969,0.5673556307130714,0.558788185933313,,,XLY,一般消費財・サービス,growth,,,,
2024-10-25,98.95909118652344,0.5718575242703251,0.5631446320456504,,,XLY,一般消費財・サービス,growth,,,,
2024-10-28,99.1906967163086,0.5699637595735777,0.5654176745549595,,,XLY,一般消費財・サービス,growth,,,,
2024-10-29,98.67325592041016,0.5687049807687826,0.5665134432929005,101.33838775547615,,XLY,一般消費財・サービス,growth,,8.0,,
2024-10-30,98.5352783203125,0.5691527288643171,0.5673932051500394,101.37133736845827,,XLY,一般消費財・サービス,growth,,9.0,,
2024-10-31,97.02730560302734,0.5664828154887194,0.5670897419295995,101.29810575650323,,XLY,一般消費財・サービス,growth,,9.0,,
2024-11-01,98.6042709350586,0.5753307618172147,0.5698367485588045,101.49234449527056,,XLY,一般消費財・サービス,growth,,9.0,,
2024-11-04,98.26422882080078,0.5726649312603193,0.5707794761259761,101.52340017257708,,XLY,一般消費財・サービス,growth,,9.0,,
2024-11-05,100.0038070678711,0.5760833344687083,0.5725474289068869,101.6291540046024,,XLY,一般消費財・サービス,growth,,10.0,2.0,
2024-11-06,103.20208740234375,0.5807580072787824,0.5752842883641854,101.81572798908661,,XLY,一般消費財・サービス,growth,,9.0,0.0,
2024-11-07,104.52771759033203,0.5876395308888415,0.5794027025390708,102.10695305742482,,XLY,一般消費財・サービス,growth,,9.0,0.0,
2024-11-08,106.01103210449219,0.5926764624012343,0.583827289159792,102.39480589550831,,XLY,一般消費財・サービス,growth,,10.0,1.0,
2024-11-11,108.14979553222656,0.6016271432055278,0.589760573841704,102.74049781613412,,XLY,一般消費財・サービス,growth,,11.0,2.0,
2024-11-12,106.70588684082031,0.5981531785593742,0.5925581087475941,102.79188427686293,,XLY,一般消費財・サービス,growth,,11.0,1.0,-1.0
2024-11-13,107.61756896972656,0.6029354185687857,0.5960172120213247,102.85461923650129,,XLY,一般消費財・サービス,growth,,11.0,2.0,2.0
2024-11-14,106.08988952636719,0.5991709324097572,0.5970684521508023,102.7329912363695,,XLY,一般消費財・サービス,growth,,11.0,2.0,2.0
2024-11-15,105.18314361572266,0.5983178782172264,0.597484927506277,102.58270800667295,,XLY,一般消費財・サービス,growth,,10.0,0.0,-1.0
2024-11-18,106.1539535522461,0.6014138214674887,0.598794558826681,102.5036550301105,,XLY,一般消費財・サービス,growth,,10.0,-1.0,-3.0
2024-11-19,106.23280334472656,0.6034883200836588,0.6003591459123403,102.44397057180304,,XLY,一般消費財・サービス,growth,,10.0,-1.0,-2.0
2024-11-20,105.76463317871094,0.5988124812746669,0.5998435910331159,102.27452301506553,,XLY,一般消費財・サービス,growth,,9.0,-2.0,-4.0
2024-11-21,105.951904296875,0.5924102803514262,0.5973658208058861,102.01710999988607,,XLY,一般消費財・サービス,growth,,8.0,-3.0,-5.0
2024-11-22,107.47959899902344,0.5962554276448752,0.5969956897522157,101.90634553450685,,XLY,一般消費財・サービス,growth,,9.0,-1.0,-1.0
2024-11-25,108.57853698730469,0.5969464120899928,0.5969792638648082,101.8271800876618,,XLY,一般消費財・サービス,growth,,10.0,0.0,1.0
2024-11-26,108.9727783203125,0.5990499605338541,0.5976694960878235,101.79634581187804,,XLY,一般消費財・サービス,growth,,10.0,0.0,1.0
2024-11-27,108.43561553955078,0.5966706128806102,0.5973365350187524,101.71586241633311,,XLY,一般消費財・サービス,growth,,10.0,1.0,3.0
2024-11-29,109.54935455322266,0.6009677106398951,0.5985469268924666,101.72562633446744,,XLY,一般消費財・サービス,growth,,10.0,2.0,5.0
2024-12-02,110.50536346435547,0.6077346858540438,0.6016095132129924,101.83553215379902,,XLY,一般消費財・サービス,growth,,11.0,2.0,3.0
2024-12-03,110.4216079711914,0.609979130402239,0.604399385609408,101.92160203469125,,XLY,一般消費財・サービス,growth,,11.0,1.0,1.0
2024-12-04,111.4466323852539,0.6156084574696958,0.6081357428961707,102.0419768534457,,XLY,一般消費財・サービス,growth,,11.0,1.0,1.0
2024-12-05,112.3582992553711,0.6237576648100942,0.6133430502008119,102.22156379778919,,XLY,一般消費財・サービス,growth,,11.0,1.0,0.0
2024-12-06,114.72373962402344,0.6376114998679582,0.621432533423194,102.50845184436555,,XLY,一般消費財・サービス,growth,,11.0,1.0,-1.0
2024-12-09,114.35906982421875,0.6382039701876573,0.6270230123446818,102.62111703257678,,XLY,一般消費財・サービス,growth,,11.0,0.0,-2.0
2024-12-10,114.54634094238281,0.6431897698428848,0.6324119315107495,102.689326564363,,XLY,一般消費財・サービス,growth,,11.0,0.0,-1.0
2024-12-11,116.55695343017578,0.6538732825683388,0.6395657151966125,102.79838308783143,,XLY,一般消費財・サービス,growth,,11.0,0.0,-1.0
2024-12-12,115.591064453125,0.6508313302469565,0.6433209202133939,102.74355063462264,,XLY,一般消費財・サービス,growth,,11.0,0.0,-1.0
2024-12-13,116.04937744140625,0.6557077017728755,0.6474498473998879,102.70484490113051,,XLY,一般消費財・サービス,growth,,11.0,0.0,-1.0
2024-12-16,117.62139129638672,0.6667861675810238,0.6538952874602666,102.74207431490055,,XLY,一般消費財・サービス,growth,,11.0,0.0,0.0
2024-12-17,117.99099731445312,0.6741914750110031,0.6606606833105121,102.77044603519099,,XLY,一般消費財・サービス,growth,,10.0,-1.0,-1.0
2024-12-18,112.67369079589844,0.6634398449544288,0.661587070525151,102.60628405076481,,XLY,一般消費財・サービス,growth,,10.0,-1.0,-1.0
2024-12-19,112.52091217041016,0.6647458384032479,0.6626399931511833,102.469782570434,,XLY,一般消費財・サービス,growth,,10.0,-1.0,-1.0
2024-12-20,112.80674743652344,0.6572297734950059,0.6608365865991241,102.27014105839929,,XLY,一般消費財・サービス,growth,,10.0,-1.0,-1.0
2024-12-23,113.1489028930664,0.6583257405039472,0.6599996379007319,102.12328227568429,,XLY,一般消費財・サービス,growth,,10.0,-1.0,-1.0
2024-12-24,115.76569366455078,0.668507124038453,0.6628354666133056,102.09276809536436,,XLY,一般消費財・サービス,growth,,10.0,0.0,1.0
2024-12-26,115.33615112304688,0.6649409761045373,0.6635373031103828,102.00727991926173,,XLY,一般消費財・サービス,growth,,10.0,0.0,1.0
2024-12-27,113.43032836914062,0.6584317343091722,0.6618354468433127,101.86829214885877,,XLY,一般消費財・サービス,growth,,10.0,0.0,1.0
2024-12-30,111.60845184326172,0.654449245940791,0.6593733798758055,101.72369786038564,,XLY,一般消費財・サービス,growth,,10.0,0.0,1.0
2024-12-31,110.76911163330078,0.6483413957386488,0.6556960518300866,101.56085771302064,,XLY,一般消費財・サービス,growth,,10.0,0.0,1.0
2025-01-02,109.31259155273438,0.6416837980060796,0.6510253005554176,101.38493711126895,,XLY,一般消費財・サービス,growth,,9.0,-1.0,-1.0
2025-01-03,111.52452087402344,0.6487274545700811,0.6502593518936388,101.31840065460926,,XLY,一般消費財・サービス,growth,,9.0,-1.0,-1.0
2025-01-06,111.96394348144531,0.6517271593210825,0.6507486210361201,101.28703263959666,,XLY,一般消費財・サービス,growth,,9.0,-1.0,-1.0
2025-01-07,109.79644775390625,0.6412576442999469,0.6475849621240624,101.16561747554675,,XLY,一般消費財・サービス,growth,,9.0,-1.0,-1.0
2025-01-08,110.10749053955078,0.6423062071877723,0.6458253771452991,101.08446924613004,,XLY,一般消費財・サービス,growth,,8.0,-2.0,-2.0
2025-01-10,109.02623748779297,0.6454332427667311,0.6456946656857765,101.0474135459862,,XLY,一般消費財・サービス,growth,,9.0,0.0,1.0
2025-01-13,109.6434097290039,0.6438100621617643,0.6450664645111058,100.99899083719372,,XLY,一般消費財・サービス,growth,,10.0,1.0,2.0
2025-01-14,109.43109130859375,0.6374178327561176,0.6425169205927764,100.90294227839647,,XLY,一般消費財・サービス,growth,,10.0,1.0,2.0
2025-01-15,112.21574401855469,0.6474240753579171,0.6441526388478234,100.91728089200733,,XLY,一般消費財・サービス,growth,,9.0,0.0,1.0
2025-01-16,111.60845184326172,0.6388889155782712,0.6423980644246393,100.84325272562668,,XLY,一般消費財・サービス,growth,,9.0,1.0,3.0
2025-01-17,113.17359161376953,0.6447177472035582,0.6431712920176123,100.83725751358035,,XLY,一般消費財・サービス,growth,,9.0,0.0,0.0
2025-01-21,114.00305938720703,0.6419903984629292,0.6427776608327179,100.80048029927256,,XLY,一般消費財・サービス,growth,,8.0,-2.0,-3.0
2025-01-22,113.5735092163086,0.64182683622457,0.6424607192966687,100.7663219788398,,XLY,一般消費財・サービス,growth,,8.0,-2.0,-3.0
2025-01-23,114.25980377197266,0.642659901347245,0.6425271133135275,100.74328293558736,,XLY,一般消費財・サービス,growth,,8.0,-1.0,-1.0
2025-01-24,113.56363677978516,0.6393052971540825,0.6414531745937125,100.68814372354835,,XLY,一般消費財・サービス,growth,,9.0,0.0,-1.0
2025-01-27,114.21044158935547,0.6425232640019448,0.6418098710631234,100.67490966316824,,XLY,一般消費財・サービス,growth,,8.0,-1.0,-1.0
2025-01-28,114.34868621826172,0.6464924985634134,0.6433707468965535,100.6978987389408,,XLY,一般消費財・サービス,growth,,8.0,0.0,2.0
2025-01-29,114.02281951904297,0.6467893148106073,0.6445102695345715,100.70877913203691,,XLY,一般消費財・サービス,growth,,8.0,0.0,2.0
2025-01-30,115.13863372802734,0.6462208876362896,0.6450804755684776,100.70260592335407,,XLY,一般消費財・サービス,growth,,9.0,1.0,2.0
2025-01-31,114.6301040649414,0.6486914044572372,0.6462841185313974,100.71746086877296,,XLY,一般消費財・サービス,growth,,8.0,-1.0,-1.0
2025-02-03,113.11434173583984,0.643629458310383,0.6453992317910593,100.6647483442113,,XLY,一般消費財・サービス,growth,,8.0,0.0,1.0
2025-02-04,114.44742584228516,0.6504209284881175,0.6470731306900788,100.69856830291906,,XLY,一般消費財・サービス,growth,,8.0,0.0,0.0
2025-02-05,113.1489028930664,0.639920946706468,0.6446890693622085,100.59211055853572,,XLY,一般消費財・サービス,growth,,8.0,0.0,0.0
2025-02-06,113.59819793701172,0.643313358178924,0.6442304989677803,100.55202583487171,99.82615633071302,XLY,一般消費財・サービス,growth,Weakening,8.0,-1.0,-2.0
2025-02-07,111.37640380859375,0.6338460084924252,0.640769002142662,100.39761786013074,99.51800781747893,XLY,一般消費財・サービス,growth,Weakening,8.0,0.0,1.0
2025-02-10,111.75657653808594,0.634214883089324,0.6385842957915494,100.28539402931683,99.42532180338026,XLY,一般消費財・サービス,growth,Weakening,7.0,-1.0,-1.0
2025-02-11,110.4876708984375,0.6269443954525985,0.6347043290118991,100.09874995567246,99.02436566850375,XLY,一般消費財・サービス,growth,Weakening,4.0,-4.0,-4.0
2025-02-12,110.46793365478516,0.6304950939464384,0.6333012506567456,100.0082714141761,99.07834679596465,XLY,一般消費財・サービス,growth,Weakening,3.0,-5.0,-5.0
2025-02-13,112.12686920166016,0.6344556458018769,0.633686049038456,99.99470977120973,99.13995270474247,XLY,一般消費財・サービス,growth,Lagging,2.0,-6.0,-5.0
2025-02-14,112.07749938964844,0.6348066530880305,0.6340595837216476,99.98159758780524,99.46196856878281,XLY,一般消費財・サービス,growth,Lagging,2.0,-6.0,-6.0
2025-02-18,111.76644897460938,0.6282225268870002,0.6321138981100985,99.86370221041837,99.467789711177,XLY,一般消費財・サービス,growth,Lagging,1.0,-6.0,-5.0
2025-02-19,111.7022705078125,0.6265912425371821,0.6302730129191264,99.74685237349672,99.66639055614151,XLY,一般消費財・サービス,growth,Lagging,1.0,-3.0,1.0
2025-02-20,110.73948669433594,0.6227572991018985,0.6277677749800505,99.59332808011585,99.52679027876799,XLY,一般消費財・サービス,growth,Lagging,1.0,-2.0,3.0
2025-02-21,107.82646179199219,0.6150082584037025,0.6235146027879346,99.34918392612353,98.96110841823447,XLY,一般消費財・サービス,growth,Lagging,2.0,0.0,6.0
2025-02-24,107.42160034179688,0.6121883179561206,0.6197391745106633,99.12494622973452,98.47372501792104,XLY,一般消費財・サービス,growth,Lagging,2.0,0.0,6.0
2025-02-25,106.85872650146484,0.6083721506011537,0.6159501665408268,98.89457029410565,98.24418381514232,XLY,一般消費財・サービス,growth,Lagging,2.0,1.0,7.0
2025-02-26,106.4193115234375,0.6071510901094462,0.6130171410637,98.69823628205802,98.10063273985406,XLY,一般消費財・サービス,growth,Lagging,2.0,1.0,4.0
2025-02-27,104.88379669189453,0.6036625416136036,0.6098989412470012,98.48862630033736,98.03116479895455,XLY,一般消費財・サービス,growth,Lagging,1.0,0.0,2.0
2025-02-28,106.6266860961914,0.6069500118864423,0.6089159647934816,98.39175818268993,98.40786841273274,XLY,一般消費財・サービス,growth,Lagging,1.0,-1.0,-1.0
2025-03-03,104.66162872314453,0.6021810843922993,0.6066710046597542,98.22920581295006,98.5745514193454,XLY,一般消費財・サービス,growth,Lagging,2.0,0.0,0.0
2025-03-04,102.8150634765625,0.6012709334453169,0.6048709809216084,98.09216708950795,98.80652374846426,XLY,一般消費財・サービス,growth,Lagging,2.0,0.0,-1.0
2025-03-05,104.38019561767578,0.6048028824739213,0.6048482814390461,98.06110076888449,99.19762750814482,XLY,一般消費財・サービス,growth,Lagging,2.0,0.0,-1.0
2025-03-06,101.73377990722656,0.5960690630033662,0.6019218752938196,97.88837076279982,99.30119790422154,XLY,一般消費財・サービス,growth,Lagging,2.0,1.0,1.0
2025-03-07,101.5461654663086,0.5894474502695499,0.5977637336190631,97.68234276231574,99.08512324360628,XLY,一般消費財・サービス,growth,Lagging,2.0,1.0,2.0
2025-03-10,97.92215728759766,0.5765359187114124,0.5906877953165129,97.38234450873519,98.81416690204972,XLY,一般消費財・サービス,growth,Lagging,2.0,0.0,0.0
2025-03-11,96.96431732177734,0.5786022847067852,0.586659291779937,97.31267544251065,98.9909426625295,XLY,一般消費財・サービス,growth,Lagging,1.0,-1.0,-1.0
2025-03-12,97.52717590332031,0.5847164703642638,0.5860116846413793,97.44180604895475,99.37680517486714,XLY,一般消費財・サービス,growth,Lagging,1.0,-1.0,-1.0
2025-03-13,95.09307098388672,0.5756415792592332,0.5825549828473306,97.44610065222993,99.84296801752446,XLY,一般消費財・サービス,growth,Lagging,1.0,-1.0,-2.0
2025-03-14,97.11737060546875,0.5768976069661148,0.5806691908869254,97.5284282819552,100.67792515296478,XLY,一般消費財・サービス,growth,Improving,1.0,-1.0,-2.0
2025-03-17,97.27042388916016,0.570113202275654,0.5771505280165016,97.54401674908628,101.70020052760708,XLY,一般消費財・サービス,growth,Improving,1.0,-1.0,-1.0
2025-03-18,95.53742980957031,0.562883130167456,0.5723947287334864,97.51955825313352,101.91954617906435,XLY,一般消費財・サービス,growth,Improving,1.0,0.0,1.0
2025-03-19,97.36918640136719,0.5694554680312017,0.5714149751660582,97.63777980455613,101.88574047461933,XLY,一般消費財・サービス,growth,Improving,1.0,0.0,1.0
2025-03-20,97.13713836669922,0.5704730496766592,0.5711010000029253,97.76065687994881,102.20343341454087,XLY,一般消費財・サービス,growth,Improving,1.0,0.0,1.0
2025-03-21,97.48767852783203,0.5751664610191964,0.5724561536750157,97.91949550351147,102.35264648985172,XLY,一般消費財・サービス,growth,Improving,1.0,0.0,1.0
2025-03-24,101.14244079589844,0.5876232187939545,0.5775118420479953,98.183530457935,102.84883929515097,XLY,一般消費財・サービス,growth,Improving,1.0,0.0,1.0
2025-03-25,101.9494400024414,0.593731074782197,0.5829182529593959,98.43614526383955,103.24435104098738,XLY,一般消費財・サービス,growth,Improving,1.0,0.0,0.0
2025-03-26,100.6176528930664,0.5870804225611056,0.5843056428266324,98.53722532970149,102.92016553319235,XLY,一般消費財・サービス,growth,Improving,2.0,1.0,1.0
2025-03-27,100.6820068359375,0.5889709207983902,0.5858607354838851,98.6384117635792,102.65501732628913,XLY,一般消費財・サービス,growth,Improving,2.0,1.0,1.0
2025-03-28,97.55302429199219,0.5796022676637792,0.5837745795438498,98.60915074729647,102.12037759677301,XLY,一般消費財・サービス,growth,Improving,2.0,1.0,1.0
2025-03-31,97.76097106933594,0.5760429864749731,0.5811973818542242,98.56345977085817,101.40757998819709,XLY,一般消費財・サービス,growth,Improving,2.0,1.0,1.0
2025-04-01,98.78085327148438,0.5814483220527705,0.581281028587073,98.61044486828463,100.94506959247555,XLY,一般消費財・サービス,growth,Improving,2.0,1.0,1.0
2025-04-02,100.6572494506836,0.5875801916976163,0.5833807496239208,98.72488904330864,100.94419293948548,XLY,一般消費財・サービス,growth,Improving,2.0,0.0,-1.0
2025-04-03,94.57752227783203,0.5797062445525978,0.5821559146001465,98.72192075642882,100.70469680498464,XLY,一般消費財・サービス,growth,Improving,2.0,0.0,-1.0
2025-04-04,90.49796295166016,0.5876978493331207,0.5840032261778046,98.8258109208873,100.95173692450922,XLY,一般消費財・サービス,growth,Improving,2.0,0.0,-1.0
2025-04-07,89.4285659790039,0.5856340267031083,0.5845468263529059,98.88090432705705,101.1249812353257,XLY,一般消費財・サービス,growth,Improving,3.0,1.0,0.0
2025-04-08,87.30460357666016,0.5827161098610762,0.583936587522296,98.89381252109438,101.02143483375488,XLY,一般消費財・サービス,growth,Improving,2.0,0.0,-1.0
2025-04-09,96.81038665771484,0.5983146364100851,0.5887292704848924,99.09534495760363,101.1631389351032,XLY,一般消費財・サービス,growth,Improving,2.0,0.0,0.0
2025-04-10,93.02787780761719,0.5949668217807135,0.5908084542501661,99.1973610473057,101.33185512657543,XLY,一般消費財・サービス,growth,Improving,2.0,0.0,0.0
2025-04-11,93.92894744873047,0.5917569017328593,0.591124603411064,99.2350194660341,101.1611536111044,XLY,一般消費財・サービス,growth,Improving,3.0,1.0,1.0
2025-04-14,94.20125579833984,0.5859858364633473,0.5894116810951585,99.19921201232032,100.95160486717019,XLY,一般消費財・サービス,growth,Improving,3.0,0.0,-1.0
2025-04-15,93.5229721069336,0.5836517055833097,0.5874916892578756,99.15628064715725,100.81645344294647,XLY,一般消費財・サービス,growth,Improving,3.0,1.0,1.0
2025-04-16,91.21585083007812,0.5766574173262831,0.5838802652806782,99.05262276598356,100.20272739916238,XLY,一般消費財・サービス,growth,Improving,3.0,1.0,1.0
2025-04-17,91.79015350341797,0.576007097585869,0.5812558760490751,98.98686887971861,99.8679308963334,XLY,一般消費財・サービス,growth,Lagging,2.0,0.0,0.0
2025-04-21,89.33943176269531,0.572129888589559,0.5782138802292365,98.90707615189484,99.63826360147714,XLY,一般消費財・サービス,growth,Lagging,2.0,-1.0,-2.0
2025-04-22,92.16642761230469,0.5760311083666916,0.5774862896083882,98.91327794104227,99.72468858747798,XLY,一般消費財・サービス,growth,Lagging,2.0,-1.0,-1.0
2025-04-23,94.22601318359375,0.5832607310901067,0.5794111034356277,99.01632022239862,100.01485320982303,XLY,一般消費財・サービス,growth,Improving,3.0,0.0,-1.0
2025-04-24,96.10240936279297,0.5849781187035602,0.5812667751916053,99.11483174608519,100.40857702197737,XLY,一般消費財・サービス,growth,Improving,3.0,0.0,-1.0
2025-04-25,97.83028411865234,0.5963492914347018,0.5862942806059708,99.33279584665837,100.94873164949817,XLY,一般消費財・サービス,growth,Improving,4.0,2.0,2.0
2025-04-28,97.86494445800781,0.5948907865011797,0.5891597825710404,99.46829247192198,101.33046808186327,XLY,一般消費財・サービス,growth,Improving,3.0,1.0,2.0
2025-04-29,98.55806732177734,0.5956279529642976,0.5913158393687928,99.57781368830793,101.48008853717695,XLY,一般消費財・サービス,growth,Improving,2.0,0.0,1.0
2025-04-30,97.66194152832031,0.5893748175001338,0.5906688320792398,99.57633336046105,101.2461482130505,XLY,一般消費財・サービス,growth,Improving,2.0,-1.0,-1.0
2025-05-01,98.20159912109375,0.5934385324620118,0.5915920655401639,99.64001197456506,101.15112757226211,XLY,一般消費財・サービス,growth,Improving,3.0,0.0,0.0
2025-05-02,99.72648620605469,0.5922054779737266,0.5917965363513514,99.67528775316856,100.79799045296221,XLY,一般消費財・サービス,growth,Improving,3.0,-1.0,-3.0
2025-05-05,98.66697692871094,0.5878631564066397,0.5904854097031143,99.64419429511788,100.48309976363656,XLY,一般消費財・サービス,growth,Improving,3.0,0.0,-1.0
2025-05-06,97.8055191040039,0.5870826534178712,0.5893511576080332,99.61916207769353,100.23304995630855,XLY,一般消費財・サービス,growth,Improving,4.0,2.0,2.0
2025-05-07,98.56796264648438,0.5877879863132911,0.5888301005097859,99.62104137499219,100.23442640599184,XLY,一般消費財・サービス,growth,Improving,4.0,2.0,3.0
2025-05-08,99.73143005371094,0.5897644984095486,0.5891415664763735,99.66418811589857,100.19132816729531,XLY,一般消費財・サービス,growth,Improving,4.0,1.0,1.0
2025-05-09,100.21167755126953,0.5927418579671744,0.5903416636399739,99.75643237661764,100.28509259482855,XLY,一般消費財・サービス,growth,Improving,4.0,1.0,2.0
2025-05-12,105.19230651855469,0.605602684163792,0.5954286704812466,100.07152704770922,100.89801008296956,XLY,一般消費財・サービス,growth,Leading,7.0,4.0,4.0
2025-05-13,106.5835189819336,0.612230744493628,0.601029361818707,100.43785134898836,101.55833615907494,XLY,一般消費財・サービス,growth,Leading,8.0,4.0,2.0
2025-05-14,106.99445343017578,0.6183143657536521,0.606791029797022,100.83789295398306,102.16131647117885,XLY,一般消費財・サービス,growth,Leading,8.0,4.0,2.0
2025-05-15,106.75679779052734,0.6113682698522815,0.6083167764821086,101.0015446515499,102.24044713898783,XLY,一般消費財・サービス,growth,Leading,9.0,5.0,4.0
2025-05-16,107.76678466796875,0.611151796275235,0.6092617830798174,101.14488476412023,102.19668218001624,XLY,一般消費財・サービス,growth,Leading,9.0,5.0,4.0
2025-05-19,107.51428985595703,0.6097876889647315,0.6094370850414554,101.24268599875279,101.76102456082357,XLY,一般消費財・サービス,growth,Leading,9.0,2.0,-2.0
2025-05-20,106.954833984375,0.6082028606235618,0.6090256769021576,101.3023348150549,101.22675282032863,XLY,一般消費財・サービス,growth,Leading,9.0,1.0,-3.0
2025-05-21,104.78632354736328,0.6091404015197472,0.6090639184413542,101.39295891523666,100.7103555294703,XLY,一般消費財・サービス,growth,Leading,9.0,1.0,-3.0
2025-05-22,105.23685455322266,0.6137166711915886,0.6106148360247656,101.58542404211899,100.73073787720854,XLY,一般消費財・サービス,growth,Leading,9.0,0.0,-5.0
2025-05-23,104.2912368774414,0.6106441352005897,0.610624602416707,101.6371563890315,100.55934742717956,XLY,一般消費財・サービス,growth,Leading,8.0,-1.0,-6.0
2025-05-27,107.37071228027344,0.6171693424146065,0.6128061824160069,101.83931172246183,100.70635382245084,XLY,一般消費財・サービス,growth,Leading,9.0,0.0,-2.0
2025-05-28,106.38548278808594,0.6167505680905435,0.6141209776408525,101.94329018652901,100.75889889177112,XLY,一般消費財・サービス,growth,Leading,9.0,0.0,-1.0
2025-05-29,106.4300308227539,0.6155056360032135,0.6145825304283061,101.95387139755988,100.59865036216098,XLY,一般消費財・サービス,growth,Leading,9.0,0.0,-1.0
2025-05-30,105.85077667236328,0.6123985557463375,0.61385453886765,101.866010350358,100.0605138791039,XLY,一般消費財・サービス,growth,Leading,9.0,0.0,0.0
2025-06-02,106.09832000732422,0.6133439990459253,0.6136843589270751,101.81664792619063,99.83282003174637,XLY,一般消費財・サービス,growth,Weakening,8.0,0.0,1.0
2025-06-03,106.66273498535156,0.6115158237423978,0.612961513865516,101.72176960316698,99.20864218884175,XLY,一般消費財・サービス,growth,Weakening,8.0,-1.0,-1.0
2025-06-04,106.38052368164062,0.6112711969843592,0.6123980749051304,101.64532169396048,98.81550890986526,XLY,一般消費財・サービス,growth,Weakening,8.0,-1.0,-1.0
2025-06-05,103.6971206665039,0.5974664864978918,0.6074208787693842,101.23671170420631,97.97748818298619,XLY,一般消費財・サービス,growth,Weakening,8.0,-1.0,-1.0
2025-06-06,105.04376983642578,0.6000432938807276,0.6049616838064987,101.027997320356,97.75651067758345,XLY,一般消費財・サービス,growth,Weakening,8.0,-1.0,-1.0
2025-06-09,105.88542938232422,0.6047495969168288,0.6048909881766088,100.99679009066719,97.78782191572975,XLY,一般消費財・サービス,growth,Weakening,8.0,0.0,0.0
2025-06-10,107.15286254882812,0.608955862218118,0.6062459461904453,101.06872998734518,98.1041875097776,XLY,一般消費財・サービス,growth,Weakening,8.0,0.0,1.0
2025-06-11,106.30625915527344,0.6058648354241967,0.6061189092683624,101.02752045456789,98.17556541467718,XLY,一般消費財・サービス,growth,Weakening,8.0,0.0,1.0
2025-06-12,105.80622100830078,0.6016042539490786,0.6046140241619344,100.88498395357901,98.70794873266118,XLY,一般消費財・サービス,growth,Weakening,8.0,0.0,1.0
2025-06-13,104.83088684082031,0.6033517644547125,0.6041932709261939,100.8259771029184,99.0163825364257,XLY,一般消費財・サービス,growth,Weakening,8.0,0.0,1.0
2025-06-16,105.9596939086914,0.6040245691953471,0.6041370370159117,100.79495445012985,99.03548106955662,XLY,一般消費財・サービス,growth,Weakening,8.0,0.0,0.0
2025-06-17,104.13280487060547,0.5993678155670136,0.6025472965329457,100.64870548516339,98.63542103068764,XLY,一般消費財・サービス,growth,Weakening,8.0,0.0,0.0
2025-06-18,104.18230438232422,0.5995850048501137,0.6015598659720017,100.54737291029491,98.56183580221531,XLY,一般消費財・サービス,growth,Weakening,8.0,0.0,0.0
2025-06-20,104.30609130859375,0.5993175509688777,0.6008124276376271,100.46280567654502,98.7157993821823,XLY,一般消費財・サービス,growth,Weakening,8.0,0.0,0.0
2025-06-23,106.37352752685547,0.6058478481667644,0.6024909011473396,100.57696021858655,99.07579855129522,XLY,一般消費財・サービス,growth,Weakening,8.0,0.0,0.0
2025-06-24,106.96394348144531,0.6034965491307226,0.6028261171418007,100.58107082284725,99.16977027984115,XLY,一般消費財・サービス,growth,Weakening,8.0,0.0,0.0
2025-06-25,105.70372772216797,0.6007204500868423,0.6021242281234812,100.49876028943451,99.3173668552941,XLY,一般消費財・サービス,growth,Weakening,8.0,0.0,0.0
2025-06-26,106.6761703491211,0.6017059092261126,0.601984788491025,100.4657111908923,99.47321833369185,XLY,一般消費財・サービス,growth,Weakening,8.0,0.0,0.0
2025-06-27,108.4523696899414,0.6094925419312969,0.6044873729711157,100.66093759367658,100.04476451491439,XLY,一般消費財・サービス,growth,Leading,8.0,0.0,0.0
2025-06-30,107.82722473144531,0.6031451513302999,0.6040399657575104,100.59834524211726,99.71102707415312,XLY,一般消費財・サービス,growth,Weakening,8.0,0.0,0.0
2025-07-01,108.28864288330078,0.598709268067248,0.6022630665274229,100.41812528882909,99.35886279466114,XLY,一般消費財・サービス,growth,Weakening,8.0,0.0,0.0
2025-07-02,109.15689849853516,0.6021342469360093,0.6022201266636183,100.39089573719252,99.47956658899064,XLY,一般消費財・サービス,growth,Weakening,8.0,0.0,0.0
2025-07-03,109.75227355957031,0.6025087705528223,0.602316341293353,100.37730817156314,99.52816366312113,XLY,一般消費財・サービス,growth,Weakening,8.0,0.0,0.0
2025-07-07,108.35810089111328,0.5996476856163049,0.6014267894010037,100.27153616728904,98.95085940015001,XLY,一般消費財・サービス,growth,Weakening,8.0,0.0,0.0
2025-07-08,107.990966796875,0.5961232300357397,0.599658936279249,100.08293700625234,98.74066852991821,XLY,一般消費財・サービス,growth,Weakening,7.0,-1.0,-1.0
2025-07-09,108.63098907470703,0.5978706061585058,0.5990628262390013,100.0039449183349,98.96929259866104,XLY,一般消費財・サービス,growth,Weakening,7.0,-1.0,-1.0
2025-07-10,109.83164978027344,0.6009971911988671,0.5997076145589566,100.04302288283152,99.12227358072816,XLY,一般消費財・サービス,growth,Weakening,7.0,-1.0,-1.0
2025-07-11,109.86141967773438,0.6055934398988373,0.6016695563389169,100.2185942597332,99.50356073449608,XLY,一般消費財・サービス,growth,Weakening,7.0,-1.0,-1.0
2025-07-14,110.26826477050781,0.6072104072744176,0.6035165066507505,100.38459208750699,100.03947476061738,XLY,一般消費財・サービス,growth,Leading,7.0,-1.0,-1.0
2025-07-15,108.69052124023438,0.6069387660157535,0.6046572597724182,100.47940371192722,100.5895022437999,XLY,一般消費財・サービス,growth,Leading,7.0,0.0,1.0
2025-07-16,108.88898468017578,0.6056848913537141,0.6049998036328502,100.49251865188256,100.76045865521,XLY,一般消費財・サービス,growth,Leading,8.0,1.0,2.0
2025-07-17,109.26109313964844,0.6028398708368956,0.6042798260341987,100.39739176139842,100.49761466288854,XLY,一般消費財・サービス,growth,Leading,8.0,1.0,2.0
2025-07-18,110.22856140136719,0.6084089667976362,0.6056562062886779,100.51437968371118,100.37391511228263,XLY,一般消費財・サービス,growth,Leading,9.0,2.0,3.0
2025-07-21,110.74952697753906,0.6133825081791169,0.6082316402521576,100.76278119990101,100.51532306294476,XLY,一般消費財・サービス,growth,Leading,9.0,2.0,3.0
2025-07-22,111.87081146240234,0.6117932303386984,0.6094188369476712,100.87796137132285,100.53430476113058,XLY,一般消費財・サービス,growth,Leading,9.0,2.0,2.0
2025-07-23,112.40168762207031,0.6096459085646629,0.6094945274866685,100.879698957539,100.49310584082346,XLY,一般消費財・サービス,growth,Leading,9.0,1.0,0.0
2025-07-24,110.54114532470703,0.6014800740265337,0.6068230429999569,100.53885407453052,100.00663952010598,XLY,一般消費財・サービス,growth,Leading,8.0,0.0,-1.0
2025-07-25,111.56816101074219,0.604157952794292,0.6059346795980687,100.39959841922168,99.51355214863227,XLY,一般消費財・サービス,growth,Weakening,9.0,0.0,-2.0
2025-07-28,112.2181167602539,0.6112920172912987,0.6077204588291454,100.62263239270558,99.4796486302597,XLY,一般消費財・サービス,growth,Weakening,9.0,0.0,-2.0
2025-07-29,111.44412231445312,0.6073687052853022,0.6076032076478644,100.58249354046616,99.20364767902926,XLY,一般消費財・サービス,growth,Weakening,9.0,0.0,-2.0
2025-07-30,110.7396011352539,0.6074695743344807,0.6075586632100698,100.55174329218116,99.16795496283574,XLY,一般消費財・サービス,growth,Weakening,9.0,0.0,-1.0
2025-07-31,109.86141967773438,0.60819869106666,0.6077720058289332,100.56019440153275,99.86578693322164,XLY,一般消費財・サービス,growth,Weakening,8.0,0.0,0.0
2025-08-01,107.2120132446289,0.6002983872139049,0.6052807996239238,100.14299366267595,99.34227327902006,XLY,一般消費財・サービス,growth,Weakening,7.0,-2.0,-2.0
2025-08-04,108.47222137451172,0.6000178853188963,0.6035264948555813,99.82496055859052,98.34642991497488,XLY,一般消費財・サービス,growth,Lagging,7.0,-2.0,-2.0
2025-08-05,108.61113739013672,0.6024581568178563,0.6031703821763397,99.71936743319131,98.2934533211363,XLY,一般消費財・サービス,growth,Lagging,7.0,-2.0,-2.0
2025-08-06,110.86859893798828,0.6163589926603252,0.6075665856710015,100.46336529837491,99.75716508742096,XLY,一般消費財・サービス,growth,Weakening,7.0,-2.0,-2.0
2025-08-07,110.83386993408203,0.6165368352657027,0.6105566688692352,101.02500441599533,100.78241909169134,XLY,一般消費財・サービス,growth,Leading,7.0,-1.0,-1.0
2025-08-08,111.0273666381836,0.6165000138105421,0.6125377838496708,101.45345432554527,102.23166135487564,XLY,一般消費財・サービス,growth,Leading,8.0,1.0,3.0
2025-08-11,111.31513214111328,0.6197904887417923,0.6149553521470448,102.01731381958942,103.38433732903317,XLY,一般消費財・サービス,growth,Leading,10.0,3.0,5.0
2025-08-12,112.49595642089844,0.6185059802050502,0.6161388948330466,102.23573927278836,103.46334044251148,XLY,一般消費財・サービス,growth,Leading,11.0,4.0,6.0
2025-08-13,114.0389633178711,0.6181633635649528,0.6168137177436821,102.264130034228,102.31155607626522,XLY,一般消費財・サービス,growth,Leading,11.0,4.0,6.0
2025-08-14,113.90995788574219,0.6215071250336762,0.6183781868403468,102.44543311478927,101.76129263566561,XLY,一般消費財・サービス,growth,Leading,11.0,4.0,5.0
2025-08-15,113.6370849609375,0.6215528438680775,0.6194364058495905,102.49744125353035,101.25657899694575,XLY,一般消費財・サービス,growth,Leading,11.0,3.0,2.0
2025-08-18,114.09355163574219,0.6241838470437847,0.6210188862476552,102.62299894269752,100.67344659173524,XLY,一般消費財・サービス,growth,Leading,11.0,1.0,-2.0
2025-08-19,114.0389633178711,0.6209778231627698,0.6210051985526934,102.45736729931065,100.14696622691818,XLY,一般消費財・サービス,growth,Leading,11.0,0.0,-4.0
2025-08-20,112.91271209716797,0.615405454517481,0.6191386172076226,102.01922090296965,99.48748290638447,XLY,一般消費財・サービス,growth,Weakening,11.0,0.0,-4.0
2025-08-21,112.242919921875,0.6138942295735711,0.6173904879962722,101.65152567939371,98.72382099199706,XLY,一般消費財・サービス,growth,Weakening,11.0,0.0,-4.0
2025-08-22,115.65144348144531,0.6204526559511557,0.6184112106479001,101.76250368968245,98.8478671087089,XLY,一般消費財・サービス,growth,Weakening,11.0,0.0,-3.0
2025-08-25,115.41825866699219,0.6239764553591742,0.6202662922183249,101.9841669174523,99.0176575484285,XLY,一般消費財・サービス,growth,Weakening,11.0,0.0,-1.0
2025-08-26,115.94912719726562,0.6264133647522013,0.6223153163962837,102.20974458698603,99.59895612096116,XLY,一般消費財・サービス,growth,Weakening,11.0,0.0,0.0
2025-08-27,115.97393035888672,0.6242912984156379,0.6229739770694018,102.21267526711851,100.24859544848462,XLY,一般消費財・サービス,growth,Leading,11.0,0.0,0.0
2025-08-28,116.17239379882812,0.6256578016922197,0.6238685852770078,102.2440849712947,100.82800097780806,XLY,一般消費財・サービス,growth,Leading,11.0,0.0,0.0
2025-08-29,114.9766845703125,0.619677778923637,0.6224716498258842,101.96513701092893,100.26301463789324,XLY,一般消費財・サービス,growth,Leading,11.0,0.0,0.0
2025-09-02,114.11833953857422,0.6199489458846271,0.6216307485121318,101.78692592826222,99.69008260225823,XLY,一般消費財・サービス,growth,Weakening,11.0,0.0,0.0
2025-09-03,114.57976531982422,0.6234218106240828,0.6222277692161156,101.80440182758393,99.39571445822966,XLY,一般消費財・サービス,growth,Weakening,10.0,-1.0,-1.0
2025-09-04,116.67350006103516,0.6301592994657382,0.6248716126326564,102.06354772264879,99.76361615099671,XLY,一般消費財・サービス,growth,Weakening,10.0,-1.0,-1.0
2025-09-05,116.64868927001953,0.6292897889311442,0.6263443380654857,102.13350287051722,99.80384991880933,XLY,一般消費財・サービス,growth,Weakening,10.0,-1.0,-1.0
2025-09-08,117.10018920898438,0.6322288265799999,0.6283058342369905,102.2414477375766,100.34906645416088,XLY,一般消費財・サービス,growth,Leading,10.0,-1.0,-1.0
2025-09-09,116.93645477294922,0.6332955019398713,0.6299690568046175,102.29531375639066,100.66858954023361,XLY,一般消費財・サービス,growth,Leading,10.0,-1.0,-1.0
2025-09-10,115.53732299804688,0.6263521488834346,0.6287634208308899,102.043916564204,100.24681275092215,XLY,一般消費財・サービス,growth,Leading,10.0,0.0,1.0
2025-09-11,117.78485107421875,0.6291092622602642,0.628878701307348,101.95602255911696,99.7075727848404,XLY,一般消費財・サービス,growth,Weakening,10.0,0.0,1.0
2025-09-12,118.3951187133789,0.6369536410684797,0.6315703478943919,102.12707605391194,99.85280986891043,XLY,一般消費財・サービス,growth,Weakening,10.0,0.0,1.0
2025-09-15,119.4221420288086,0.6436029084641339,0.6355812014176393,102.38751550528394,100.07772666429874,XLY,一般消費財・サービス,growth,Leading,10.0,0.0,1.0
2025-09-16,120.15643310546875,0.6492813075315118,0.6401479034555968,102.63791469341378,100.36578831575048,XLY,一般消費財・サービス,growth,Leading,10.0,0.0,1.0
2025-09-17,119.85379791259766,0.6470268599634869,0.6424408889582268,102.64900703892356,100.74377648100078,XLY,一般消費財・サービス,growth,Leading,10.0,0.0,0.0
2025-09-18,119.31298828125,0.6399274574465168,0.6416030784543235,102.41429178181316,100.49816143564163,XLY,一般消費財・サービス,growth,Leading,10.0,0.0,0.0
2025-09-19,119.76448059082031,0.6434693747048639,0.6422251772045037,102.32549028963304,100.08286030197988,XLY,一般消費財・サービス,growth,Leading,10.0,0.0,0.0
2025-09-22,119.37432861328125,0.6410668731196104,0.6418390758428727,102.17035795000831,99.43725976514298,XLY,一般消費財・サービス,growth,Weakening,9.0,-1.0,-1.0
2025-09-23,118.25105285644531,0.634260592621947,0.6393129147692309,101.87825321874524,98.62703765475324,XLY,一般消費財・サービス,growth,Weakening,9.0,-1.0,-1.0
2025-09-24,119.08605194091797,0.6402320969720158,0.6396193088368259,101.82108475861878,98.56168507176442,XLY,一般消費財・サービス,growth,Weakening,9.0,-1.0,-1.0
2025-09-25,117.4061279296875,0.6364402158808473,0.6385596111848331,101.67127327291603,98.72193671455875,XLY,一般消費財・サービス,growth,Weakening,8.0,-2.0,-2.0
2025-09-26,119.1407241821289,0.6395070115971977,0.638875411322288,101.6289893782134,98.8256720783472,XLY,一般消費財・サービス,growth,Weakening,8.0,-2.0,-2.0
2025-09-29,119.66259002685547,0.6401694387833151,0.6393067538092971,101.59805200934866,99.02979515319124,XLY,一般消費財・サービス,growth,Weakening,8.0,-1.0,0.0
2025-09-30,119.10592651367188,0.6355119201340435,0.6380418092508793,101.45232641940038,99.25228757624127,XLY,一般消費財・サービス,growth,Weakening,8.0,-1.0,0.0
2025-10-01,119.8514633178711,0.6380436136180883,0.6380424107066156,101.40387085959546,99.27477849853783,XLY,一般消費財・サービス,growth,Weakening,9.0,0.0,1.0
2025-10-02,118.98664855957031,0.631943999286198,0.6360096068998098,101.21536370075411,99.2304915537423,XLY,一般消費財・サービス,growth,Weakening,9.0,1.0,3.0
2025-10-03,118.22123718261719,0.6256791703488163,0.6325661280494786,100.93292510512325,98.89775744625308,XLY,一般消費財・サービス,growth,Weakening,7.0,-1.0,1.0
2025-10-06,119.23515319824219,0.6312433592456548,0.6321252051148707,100.87305000863282,98.86644708254532,XLY,一般消費財・サービス,growth,Weakening,8.0,0.0,1.0
2025-10-07,117.14767456054688,0.6229288485383702,0.6290597529227039,100.61885621868521,98.73305089841743,XLY,一般消費財・サービス,growth,Weakening,7.0,-1.0,0.0
2025-10-08,117.49559020996094,0.6227505010388757,0.6269566689614279,100.43404655526994,98.57448041115688,XLY,一般消費財・サービス,growth,Weakening,7.0,-2.0,-2.0
2025-10-09,116.90910339355469,0.6248114170445394,0.6262415849891317,100.35448225953013,98.75710671497568,XLY,一般消費財・サービス,growth,Weakening,7.0,-2.0,-3.0
2025-10-10,113.6933822631836,0.621640841058712,0.6247080036789918,100.20955100148574,98.973756080105,XLY,一般消費財・サービス,growth,Weakening,7.0,0.0,1.0
2025-10-13,116.23316192626953,0.6294075512151044,0.6262745195243626,100.31328861191588,99.22027383063491,XLY,一般消費財・サービス,growth,Weakening,7.0,-1.0,-1.0
2025-10-14,116.4767074584961,0.6255392143204834,0.6260294177897363,100.27020118484732,99.52514852796263,XLY,一般消費財・サービス,growth,Weakening,7.0,0.0,1.0
2025-10-15,116.64568328857422,0.6251861268962822,0.6257483208252517,100.22261949287758,99.72425130751242,XLY,一般消費財・サービス,growth,Weakening,7.0,0.0,2.0
2025-10-16,115.51744079589844,0.6250637093369713,0.6255201169958249,100.1796123809868,99.78416781509759,XLY,一般消費財・サービス,growth,Weakening,7.0,0.0,2.0
2025-10-17,116.51148986816406,0.6272569742801292,0.6260990694239263,100.20811621875522,100.02963866209865,XLY,一般消費財・サービス,growth,Leading,7.0,0.0,0.0
2025-10-20,117.43594360351562,0.6259745010952119,0.6260575466476883,100.18360357057148,99.86498871722571,XLY,一般消費財・サービス,growth,Weakening,7.0,0.0,1.0
2025-10-21,118.87232971191406,0.6307410965012988,0.6276187299322252,100.30088037920906,100.09339536121996,XLY,一般消費財・サービス,growth,Leading,7.0,0.0,0.0
2025-10-22,117.94290161132812,0.628842325729577,0.6280265951980092,100.31349944386108,100.17749512345654,XLY,一般消費財・サービス,growth,Leading,7.0,0.0,0.0
2025-10-23,118.47471618652344,0.6286972107830999,0.6282501337263728,100.30881221511295,100.22489892831625,XLY,一般消費財・サービス,growth,Leading,8.0,1.0,1.0
2025-10-24,118.12183380126953,0.6251204719796408,0.6272069131441289,100.18535342246788,100.01296094244955,XLY,一般消費財・サービス,growth,Leading,7.0,0.0,0.0
2025-10-27,119.82164764404297,0.6313105071141333,0.6285747778007971,100.29187309727955,100.18484437457822,XLY,一般消費財・サービス,growth,Leading,8.0,1.0,1.0
2025-10-28,119.8514633178711,0.6369380904050572,0.6313625486688839,100.54258469825317,100.3565349460542,XLY,一般消費財・サービス,growth,Leading,8.0,1.0,1.0
2025-10-29,118.86238861083984,0.6388260385787095,0.6338503786388258,100.77020622485337,100.6414721404266,XLY,一般消費財・サービス,growth,Leading,8.0,1.0,1.0
2025-10-30,116.17848205566406,0.6270984861669107,0.6315997478148541,100.51353335859966,100.28499382352211,XLY,一般消費財・サービス,growth,Leading,7.0,-1.0,-2.0
2025-10-31,119.25006103515625,0.6422737321084679,0.6351577425793921,100.88350483218993,100.93353298030229,XLY,一般消費財・サービス,growth,Leading,7.0,0.0,0.0
2025-11-03,120.36836242675781,0.6498875903522048,0.6400676918369963,101.43835738348284,101.49823751227343,XLY,一般消費財・サービス,growth,Leading,8.0,0.0,-1.0
2025-11-04,118.37034606933594,0.6433554051590715,0.641163596277688,101.55048408669391,101.26784088468202,XLY,一般消費財・サービス,growth,Leading,8.0,0.0,-1.0
2025-11-05,119.81169891357422,0.6474000742549706,0.6432424222701156,101.76584750739592,101.22732696100584,XLY,一般消費財・サービス,growth,Leading,9.0,1.0,0.0
2025-11-06,117.04329681396484,0.6369293320651016,0.6411380588684443,101.47412358306435,101.20076980962574,XLY,一般消費財・サービス,growth,Leading,8.0,1.0,2.0
2025-11-07,117.2271957397461,0.6326241942434059,0.6383001039934315,101.09003533658684,100.23943100514605,XLY,一般消費財・サービス,growth,Leading,8.0,1.0,1.0
2025-11-10,118.76795959472656,0.6372695380723743,0.6379565820197458,101.01897446268589,99.32297964998877,XLY,一般消費財・サービス,growth,Weakening,7.0,-1.0,-1.0
2025-11-11,119.06120300292969,0.6351728622407937,0.6370286754267618,100.87272793172465,98.89405592185976,XLY,一般消費財・サービス,growth,Weakening,7.0,-1.0,-1.0
2025-11-12,118.26100158691406,0.6294111489381262,0.6344894999305499,100.51139765032997,97.92083416872718,XLY,一般消費財・サービス,growth,Weakening,6.0,-3.0,-4.0
2025-11-13,115.30870056152344,0.6207154950382983,0.6298981649664661,99.86467570866786,97.42434036385073,XLY,一般消費財・サービス,growth,Lagging,6.0,-2.0,-3.0
2025-11-14,114.75700378417969,0.6200209303123158,0.6266057534150827,99.39046912130546,97.44378511191906,XLY,一般消費財・サービス,growth,Lagging,5.0,-3.0,-4.0
2025-11-17,113.678466796875,0.6223661390166173,0.6251925486155943,99.17503426828796,97.40480096385153,XLY,一般消費財・サービス,growth,Lagging,4.0,-3.0,-2.0
2025-11-18,111.58104705810547,0.6105199113012435,0.6203016695108108,98.47519168535057,96.87147311196907,XLY,一般消費財・サービス,growth,Lagging,1.0,-6.0,-5.0
2025-11-19,111.58601379394531,0.6124009650156292,0.6176681013457503,98.09871206080412,97.09438636609778,XLY,一般消費財・サービス,growth,Lagging,1.0,-5.0,-2.0
2025-11-20,109.92100524902344,0.6107137198291002,0.6153499741735337,97.80710142272666,97.7000441466268,XLY,一般消費財・サービス,growth,Lagging,1.0,-5.0,-3.0
2025-11-21,112.07807159423828,0.6106974655943995,0.613799137980489,97.66974601138747,98.20397328285934,XLY,一般消費財・サービス,growth,Lagging,1.0,-4.0,-1.0
2025-11-24,113.5740966796875,0.616294495554895,0.6146309238386244,97.8597254653384,98.7525925040313,XLY,一般消費財・サービス,growth,Lagging,1.0,-3.0,0.0
2025-11-25,116.00453186035156,0.6206652166874264,0.6166423547882252,98.17497410108332,100.02569736981592,XLY,一般消費財・サービス,growth,Improving,1.0,0.0,6.0
2025-11-26,116.79975891113281,0.6205898360330644,0.6179581818698383,98.38332566762524,100.76652750037852,XLY,一般消費財・サービス,growth,Improving,1.0,0.0,5.0
2025-11-28,117.5254135131836,0.6210872724833054,0.6190012120743273,98.53700092979787,101.3016034421053,XLY,一般消費財・サービス,growth,Improving,1.0,0.0,5.0
2025-12-01,117.5949935913086,0.6257348422993756,0.6212457554826768,98.82358006884154,101.75606041119315,XLY,一般消費財・サービス,growth,Improving,3.0,2.0,6.0
2025-12-02,117.51546478271484,0.6259039612281365,0.6227984907311634,99.01806309165681,101.69065236937394,XLY,一般消費財・サービス,growth,Improving,4.0,3.0,6.0
2025-12-03,118.78286743164062,0.6278636781062966,0.6244868865228745,99.23353047903095,101.52056835400413,XLY,一般消費財・サービス,growth,Improving,5.0,4.0,4.0
2025-12-04,118.36040496826172,0.6254346449946675,0.6248028060134723,99.27812384453179,101.29418590475979,XLY,一般消費財・サービス,growth,Improving,4.0,3.0,3.0
2025-12-05,119.0164794921875,0.6274274727448396,0.625677694923928,99.39556902003872,101.2301106902808,XLY,一般消費財・サービス,growth,Improving,7.0,6.0,6.0
2025-12-08,117.28683471679688,0.6220348886141017,0.6244634261539859,99.25664459145501,100.74998305368234,XLY,一般消費財・サービス,growth,Improving,6.0,3.0,1.0
2025-12-09,117.27690124511719,0.6231577146572853,0.624028188988419,99.2151098473664,100.48312455498363,XLY,一般消費財・サービス,growth,Improving,6.0,2.0,-1.0
2025-12-10,118.99658966064453,0.6235230968401372,0.6238598249389918,99.20791022772042,100.22882202279438,XLY,一般消費財・サービス,growth,Improving,5.0,0.0,-4.0
2025-12-11,119.46378326416016,0.6209563509125249,0.6228920002635029,99.11019491787246,100.07026503203647,XLY,一般消費財・サービス,growth,Improving,5.0,1.0,-2.0
2025-12-12,119.9806900024414,0.6278993729354647,0.6245611244874902,99.33819126005744,100.1996835780394,XLY,一般消費財・サービス,growth,Improving,6.0,-1.0,-7.0
2025-12-15,121.00454711914062,0.6324728041975599,0.6271983510575134,99.68603999955059,100.75060284396943,XLY,一般消費財・サービス,growth,Improving,7.0,1.0,-2.0
2025-12-16,121.20335388183594,0.6379925744612067,0.6307964255254113,100.16343219782944,101.32416189317851,XLY,一般消費財・サービス,growth,Leading,9.0,3.0,1.0
2025-12-17,119.8017578125,0.6323247566746697,0.6313058692418307,100.25444303322034,101.4079157020455,XLY,一般消費財・サービス,growth,Leading,9.0,4.0,4.0
2025-12-18,121.61090850830078,0.6405043111263127,0.6343720165366581,100.68420084830642,101.91461310707578,XLY,一般消費財・サービス,growth,Leading,9.0,4.0,3.0
2025-12-19,121.12383270263672,0.6356236633177929,0.6347892321303698,100.76890783714775,101.69021775914022,XLY,一般消費財・サービス,growth,Leading,10.0,4.0,5.0
2025-12-22,121.85191345214844,0.6347396634762317,0.6347727092456571,100.78489927476252,101.29444047766691,XLY,一般消費財・サービス,growth,Leading,9.0,2.0,1.0
2025-12-23,121.68260192871094,0.6353349095758526,0.6349601093557222,100.8304964897348,100.81723015494569,XLY,一般消費財・サービス,growth,Leading,9.0,0.0,-3.0
2025-12-24,122.10092163085938,0.6352162615241019,0.6350454934118488,100.85745871649387,100.72744851765525,XLY,一般消費財・サービス,growth,Leading,9.0,0.0,-4.0
2025-12-26,121.56307983398438,0.6322550334132373,0.6341153400789783,100.74647473618347,100.15123171105193,XLY,一般消費財・サービス,growth,Leading,9.0,0.0,-4.0
2025-12-29,120.36786651611328,0.6270738498335101,0.6317681766638222,100.43843881514155,99.73582317590252,XLY,一般消費財・サービス,growth,Weakening,8.0,-2.0,-6.0
2025-12-30,119.87981414794922,0.6255333373886668,0.6296898969054371,100.16072170280432,99.4321785600437,XLY,一般消費財・サービス,growth,Weakening,7.0,-2.0,-4.0
2025-12-31,118.9336166381836,0.6259416207388607,0.6284404715165783,100.00047412799947,99.22666225947108,XLY,一般消費財・サービス,growth,Weakening,7.0,-2.0,-2.0
2026-01-02,117.87783813476562,0.6162032365250545,0.6243613931860704,99.41804651660415,98.6277317552234,XLY,一般消費財・サービス,growth,Lagging,5.0,-4.0,-4.0
2026-01-05,119.82006072998047,0.6205962713932083,0.6231063525884497,99.25366337899531,98.60437572002687,XLY,一般消費財・サービス,growth,Lagging,5.0,-4.0,-4.0
2026-01-06,120.58698272705078,0.6171180059909604,0.6211102370559534,98.98717716867071,98.67353526034739,XLY,一般消費財・サービス,growth,Lagging,5.0,-3.0,-1.0
2026-01-07,120.41767120361328,0.6232432593796751,0.621821244497194,99.1154026106727,99.08633555887432,XLY,一般消費財・サービス,growth,Lagging,6.0,-1.0,1.0
2026-01-08,122.42960357666016,0.6282699643203299,0.6239708177715726,99.44114362754291,99.56375980319594,XLY,一般消費財・サービス,growth,Lagging,6.0,-1.0,1.0
2026-01-09,123.91366577148438,0.6322171578073055,0.6267195977834836,99.84485821816253,100.53428232010906,XLY,一般消費財・サービス,growth,Improving,6.0,1.0,5.0
2026-01-12,124.02322387695312,0.632200234835413,0.6285464768007935,100.10518608765008,100.93264897952069,XLY,一般消費財・サービス,growth,Leading,6.0,1.0,5.0
2026-01-13,123.71446228027344,0.6306263428833483,0.6292397654949784,100.2005596823459,101.2529914063688,XLY,一般消費財・サービス,growth,Leading,7.0,2.0,5.0
2026-01-14,121.76228332519531,0.6178636623232466,0.6254477311044012,99.64248918376862,100.55815895094922,XLY,一般消費財・サービス,growth,Improving,6.0,0.0,1.0
2026-01-15,122.21048736572266,0.617403346326844,0.6227662695118822,99.25672917464948,99.8540239676074,XLY,一般消費財・サービス,growth,Lagging,6.0,0.0,1.0
2026-01-16,121.81208801269531,0.6169673583904317,0.6208332991380654,98.99116797824253,99.20669874461723,XLY,一般消費財・サービス,growth,Lagging,5.0,-1.0,-2.0
2026-01-20,118.644775390625,0.6100274161109762,0.6172313381290357,98.51327897438316,98.53165970722111,XLY,一般消費財・サービス,growth,Lagging,4.0,-2.0,-3.0
2026-01-21,120.9156723022461,0.6113521538235077,0.6152716100271931,98.29822830718709,98.30046794219388,XLY,一般消費財・サービス,growth,Lagging,4.0,-3.0,-5.0
2026-01-22,122.13080596923828,0.6166917959671845,0.6157450053405236,98.42389776583839,98.97313088852837,XLY,一般消費財・サービス,growth,Lagging,4.0,-2.0,-2.0
2026-01-23,122.63876342773438,0.6220294235307602,0.6178398114039358,98.74927185985898,99.64746352359691,XLY,一般消費財・サービス,growth,Lagging,5.0,-1.0,-1.0
2026-01-26,121.83200073242188,0.6164797601403135,0.6173864609827284,98.72821763797074,99.88179339446017,XLY,一般消費財・サービス,growth,Lagging,5.0,0.0,1.0
2026-01-27,122.20052337646484,0.6193081749187773,0.6180270322947448,98.84595246624885,100.4328608076123,XLY,一般消費財・サービス,growth,Improving,6.0,2.0,4.0
2026-01-28,121.28419494628906,0.6167414372557878,0.6175985006150925,98.82534120332302,100.60662219646514,XLY,一般消費財・サービス,growth,Improving,4.0,0.0,3.0
2026-01-29,120.70651245117188,0.6129999392472611,0.6160656468258154,98.67222930821927,100.3468798067588,XLY,一般消費財・サービス,growth,Improving,2.0,-2.0,0.0
2026-01-30,120.68658447265625,0.6142601765152763,0.6154638233889691,98.64257115040355,100.02463259887875,XLY,一般消費財・サービス,growth,Improving,2.0,-3.0,-2.0
2026-02-02,121.4833984375,0.6151480656205449,0.6153585707994944,98.67599672818972,100.07935832359878,XLY,一般消費財・サービス,growth,Improving,2.0,-3.0,-3.0
2026-02-03,120.5073013305664,0.6118341241982987,0.6141837552657625,98.57672172902853,99.89042903561447,XLY,一般消費財・サービス,growth,Lagging,3.0,-3.0,-5.0
2026-02-04,119.62085723876953,0.6020879649800849,0.6101518251705367,98.12990122265077,99.5127008455606,XLY,一般消費財・サービス,growth,Lagging,2.0,-2.0,-2.0
2026-02-05,117.04119110107422,0.5942661659810247,0.6048566054406994,97.57333792122107,99.15774477735482,XLY,一般消費財・サービス,growth,Lagging,2.0,0.0,2.0
2026-02-06,117.51927185058594,0.5857780482733118,0.5984970863849036,96.97790440809422,98.66385063378902,XLY,一般消費財・サービス,growth,Lagging,1.0,-1.0,2.0
2026-02-09,117.0810317993164,0.5832475719436013,0.5934139149044695,96.67502279589459,98.40551182023512,XLY,一般消費財・サービス,growth,Lagging,1.0,-1.0,2.0
2026-02-10,117.85792541503906,0.5850363389757282,0.5906213895948891,96.69735502319669,98.57262076307836,XLY,一般消費財・サービス,growth,Lagging,1.0,-2.0,1.0
2026-02-11,117.29019165039062,0.5811879772503831,0.587476918813387,96.70844243140806,99.01904694501793,XLY,一般消費財・サービス,growth,Lagging,1.0,-1.0,1.0
2026-02-12,115.66669464111328,0.5807647432117288,0.5852395269461677,96.80938578710526,99.62437745449373,XLY,一般消費財・サービス,growth,Lagging,1.0,-1.0,-1.0
2026-02-13,115.71649932861328,0.5750577495922476,0.5818456011615277,96.83124807312883,100.17591084817944,XLY,一般消費財・サービス,growth,Improving,1.0,0.0,1.0
2026-02-17,115.57705688476562,0.5753574288744664,0.5796828770658407,96.95813261535065,100.54976843571235,XLY,一般消費財・サービス,growth,Improving,1.0,0.0,1.0
2026-02-18,116.55313873291016,0.5772237345559899,0.5788631628958905,97.15444114469486,100.6868130736235,XLY,一般消費財・サービス,growth,Improving,1.0,0.0,2.0
2026-02-19,115.77625274658203,0.5745899876487022,0.5774387711468277,97.28138510627605,100.769924571033,XLY,一般消費財・サービス,growth,Improving,1.0,0.0,1.0
2026-02-20,116.98143005371094,0.57786878326149,0.5775821085183819,97.4789412522509,100.84070943824184,XLY,一般消費財・サービス,growth,Improving,1.0,0.0,1.0
2026-02-23,114.53124237060547,0.5720436757668009,0.5757359642678549,97.5355178829697,100.85549085108141,XLY,一般消費財・サービス,growth,Improving,1.0,0.0,0.0
2026-02-24,116.27426147460938,0.5761539126318351,0.5758752803891817,97.69036995140189,100.86118077679455,XLY,一般消費財・サービス,growth,Improving,2.0,1.0,1.0
2026-02-25,116.62286376953125,0.5775407195512786,0.5764304267765473,97.84430895622772,100.79195720734829,XLY,一般消費財・サービス,growth,Improving,2.0,1.0,1.0
2026-02-26,116.5830307006836,0.5741004566498255,0.5756537700676401,97.9140514673239,100.70578189053963,XLY,一般消費財・サービス,growth,Improving,1.0,0.0,0.0
2026-02-27,116.39378356933594,0.5724973692306295,0.5746016364553033,97.96566865712089,100.53437141245409,XLY,一般消費財・サービス,growth,Improving,1.0,0.0,0.0
2026-03-02,114.95952606201172,0.5664930390943255,0.5718987706683107,97.93768957151846,100.44114949397822,XLY,一般消費財・サービス,growth,Improving,1.0,0.0,0.0
2026-03-03,113.90375518798828,0.5682621324227696,0.570686557919797,97.98427716371555,100.33373621835678,XLY,一般消費財・サービス,growth,Improving,1.0,-1.0,-2.0
2026-03-04,115.9256591796875,0.5760403929413347,0.572471169593643,98.1591508977714,100.37517170457727,XLY,一般消費財・サービス,growth,Improving,1.0,-1.0,-2.0
2026-03-05,116.08502960205078,0.5835918658657816,0.5761780683510226,98.40060787419374,100.58071025782021,XLY,一般消費財・サービス,growth,Improving,2.0,1.0,1.0
2026-03-06,113.98344421386719,0.5799382254789427,0.5774314540603294,98.51597933664918,100.66565355530471,XLY,一般消費財・サービス,growth,Improving,2.0,1.0,1.0
2026-03-09,114.13284301757812,0.5790617413169499,0.5779748831458695,98.5928107433621,100.78970351469465,XLY,一般消費財・サービス,growth,Improving,2.0,1.0,1.0
2026-03-10,113.98344421386719,0.5826729268616294,0.5795408977177895,98.70875758442038,100.87159895368414,XLY,一般消費財・サービス,growth,Improving,2.0,1.0,2.0
2026-03-11,113.68463897705078,0.5830670881512136,0.5807162945289309,98.80174390879444,100.77419958769684,XLY,一般消費財・サービス,growth,Improving,2.0,1.0,2.0
2026-03-12,111.07508850097656,0.5786319235019128,0.5800215041865916,98.81068615198944,100.50981141095617,XLY,一般消費財・サービス,growth,Improving,2.0,0.0,-1.0
2026-03-13,110.417724609375,0.5752371431405917,0.5784267171712583,98.78153875005407,100.34306514752053,XLY,一般消費財・サービス,growth,Improving,2.0,0.0,-1.0
2026-03-16,111.75236511230469,0.577890015040221,0.5782478164609126,98.81342797915424,100.28594435136611,XLY,一般消費財・サービス,growth,Improving,2.0,0.0,-1.0
2026-03-17,112.72846221923828,0.5796965695626702,0.5787307341614985,98.87162254991797,100.21761839466407,XLY,一般消費財・サービス,growth,Improving,3.0,1.0,0.0
2026-03-18,110.12887573242188,0.5738806517842454,0.5771140400357475,98.8399591088961,100.08588435088373,XLY,一般消費財・サービス,growth,Improving,3.0,1.0,0.0
2026-03-19,109.26234436035156,0.5698069101914474,0.5746783300876475,98.77495444268922,100.02099392636072,XLY,一般消費財・サービス,growth,Improving,2.0,0.0,0.0
2026-03-20,107.31016540527344,0.5679701421274276,0.5724422674342409,98.72056721478593,100.01251667214342,XLY,一般消費財・サービス,growth,Improving,2.0,0.0,0.0
2026-03-23,109.90100860595703,0.575547155451705,0.573477230106729,98.80182308281502,100.10057449052702,XLY,一般消費財・サービス,growth,Improving,2.0,0.0,0.0
2026-03-24,109.46187591552734,0.5725604522447101,0.573171637486056,98.8237278072358,100.08784522189033,XLY,一般消費財・サービス,growth,Improving,2.0,-1.0,-2.0
2026-03-25,110.50979614257812,0.5752542125170573,0.5738658291630565,98.88643853355313,100.22607577882722,XLY,一般消費財・サービス,growth,Improving,2.0,-1.0,-2.0
2026-03-26,108.61357116699219,0.5706207053232367,0.57278412121645,98.87110062506783,100.30053115847596,XLY,一般消費財・サービス,growth,Improving,2.0,0.0,0.0
2026-03-27,105.46983337402344,0.5618077702450902,0.56912533755933,98.74395868498361,100.223255938423,XLY,一般消費財・サービス,growth,Improving,2.0,0.0,0.0
2026-03-30,105.44987487792969,0.5628662349880561,0.567038970035572,98.68721108268731,100.05459996021,XLY,一般消費財・サービス,growth,Improving,2.0,0.0,0.0
2026-03-31,108.76327514648438,0.568906292575727,0.5676614108822904,98.75042627094345,100.10110777701694,XLY,一般消費財・サービス,growth,Improving,2.0,0.0,1.0
2026-04-01,109.5816421508789,0.5713412122768061,0.568888011347129,98.83913753549362,100.12247375718245,XLY,一般消費財・サービス,growth,Improving,2.0,0.0,1.0
2026-04-02,107.93492126464844,0.5611525008038141,0.5663095078326907,98.75630556478535,100.02388537109294,XLY,一般消費財・サービス,growth,Improving,2.0,0.0,0.0
2026-04-06,108.82315063476562,0.5633487899765184,0.5653226018806333,98.74857977832656,100.14876091671387,XLY,一般消費財・サービス,growth,Improving,2.0,0.0,0.0
2026-04-07,107.55567169189453,0.5580247649533422,0.5628899895715362,98.67655280146357,100.10142264085758,XLY,一般消費財・サービス,growth,Improving,2.0,0.0,0.0
2026-04-08,110.599609375,0.5608604570742952,0.5622134787391226,98.68633220293124,100.00162443265295,XLY,一般消費財・サービス,growth,Improving,2.0,0.0,0.0
2026-04-09,112.51579284667969,0.5702319281191646,0.5648862951991367,98.84526644132393,100.07553470883434,XLY,一般消費財・サービス,growth,Improving,2.0,0.0,0.0
2026-04-10,112.66549682617188,0.5751428091823179,0.5683051331935305,99.03371307584761,100.43272252836388,XLY,一般消費財・サービス,growth,Improving,2.0,0.0,0.0
2026-04-13,113.69344329833984,0.5740268313722391,0.5702123659197667,99.14896833224303,100.6036950904305,XLY,一般消費財・サービス,growth,Improving,3.0,1.0,1.0
2026-04-14,116.20843505859375,0.5842857206425011,0.5749034841606782,99.40096071378173,101.0584381458763,XLY,一般消費財・サービス,growth,Improving,3.0,1.0,1.0
2026-04-15,117.94497680664062,0.5928090541857172,0.5808720075023579,99.72930709974047,101.51399513401302,XLY,一般消費財・サービス,growth,Improving,3.0,1.0,1.0
2026-04-16,117.39606475830078,0.587373961859205,0.5830393256213069,99.87310446649815,101.46307288715352,XLY,一般消費財・サービス,growth,Improving,3.0,1.0,1.0
2026-04-17,120.17053985595703,0.5937976822465083,0.5866254444963741,100.10157932219104,101.46495080214783,XLY,一般消費財・サービス,growth,Leading,5.0,3.0,3.0
2026-04-20,119.6316146850586,0.589278301497868,0.5875097301635388,100.18700964615843,101.37688524435495,XLY,一般消費財・サービス,growth,Leading,6.0,3.0,2.0
2026-04-21,118.73340606689453,0.5884632484634663,0.587827569596848,100.23963321839253,101.08846719939615,XLY,一般消費財・サービス,growth,Leading,9.0,6.0,5.0
2026-04-22,118.6934814453125,0.5885269009825129,0.5880606800587364,100.28761252001365,100.68473890067958,XLY,一般消費財・サービス,growth,Leading,9.0,6.0,5.0
2026-04-23,117.50584411621094,0.582666935420046,0.586262765179173,100.21276898359297,100.33524106972484,XLY,一般消費財・サービス,growth,Leading,9.0,6.0,5.0
2026-04-24,118.45396423339844,0.5885893861769351,0.5870383055117604,100.30553122234211,100.11195827773794,XLY,一般消費財・サービス,growth,Leading,9.0,4.0,1.0
2026-04-27,117.60564422607422,0.5850691741467771,0.5863819283900993,100.30828552415088,99.97553322890691,XLY,一般消費財・サービス,growth,Weakening,9.0,3.0,0.0
2026-04-28,116.77730560302734,0.5839288952926196,0.5855642506909394,100.30307431281153,99.8929499210115,XLY,一般消費財・サービス,growth,Weakening,9.0,0.0,-6.0
2026-04-29,116.60763549804688,0.5840987370179971,0.585075746133292,100.32398698225467,99.86283857789377,XLY,一般消費財・サービス,growth,Weakening,9.0,0.0,-6.0
2026-04-30,118.11463165283203,0.5828355310122746,0.5843290077596196,100.32537912091557,99.98402471479635,XLY,一般消費財・サービス,growth,Weakening,9.0,0.0,-6.0
2026-05-01,118.39407348632812,0.5860003369904068,0.5848861175032154,100.4427648348097,100.01613264845078,XLY,一般消費財・サービス,growth,Leading,9.0,0.0,-4.0
2026-05-04,117.48589324951172,0.584908200954762,0.584893478653731,100.53061160048615,100.14117993586946,XLY,一般消費財・サービス,growth,Leading,9.0,0.0,-3.0
2026-05-05,117.83518981933594,0.5820288311439302,0.5839385961504641,100.53598368671102,100.14566110815164,XLY,一般消費財・サービス,growth,Leading,9.0,0.0,0.0
2026-05-06,119.6316146850586,0.586257851302951,0.5847116812012931,100.73022973219844,100.39271063912292,XLY,一般消費財・サービス,growth,Leading,9.0,0.0,0.0
2026-05-07,119.64159393310547,0.5900803191755164,0.5865012271927009,101.05538571725505,100.87954451985436,XLY,一般消費財・サービス,growth,Leading,9.0,0.0,0.0
2026-05-08,119.96095275878906,0.5900319986887113,0.5876781510247044,101.28397482228942,101.06686835161887,XLY,一般消費財・サービス,growth,Leading,10.0,1.0,1.0
2026-05-11,119.13261413574219,0.5862737537372021,0.587210018595537,101.26259723514582,100.91647169739352,XLY,一般消費財・サービス,growth,Leading,9.0,0.0,0.0
2026-05-12,118.05475616455078,0.5814825570711599,0.585300864754078,101.0295678707618,100.44057164834203,XLY,一般消費財・サービス,growth,Leading,9.0,0.0,0.0
2026-05-13,118.48390197753906,0.5861559608435283,0.5855858967838948,101.07892143758873,100.03893265562495,XLY,一般消費財・サービス,growth,Leading,9.0,0.0,0.0
2026-05-14,118.43399810791016,0.583780155060659,0.5849839828761496,100.99589596216285,98.80154169179644,XLY,一般消費財・サービス,growth,Weakening,10.0,1.0,1.0
2026-05-15,116.29825592041016,0.579225322142169,0.5830644292981562,100.72331949409859,97.4408655071805,XLY,一般消費財・サービス,growth,Weakening,10.0,0.0,-1.0
2026-05-18,116.08867645263672,0.5746462818972452,0.5802583801645191,100.32996966457445,96.75840248296187,XLY,一般消費財・サービス,growth,Weakening,10.0,1.0,1.0
2026-05-19,114.80123901367188,0.571599252506744,0.5773720042785941,99.93024902529692,96.7209378881757,XLY,一般消費財・サービス,growth,Lagging,8.0,-1.0,-1.0
2026-05-20,117.70545196533203,0.5797051463442879,0.5781497183004921,100.03727616460067,97.12342050610324,XLY,一般消費財・サービス,growth,Weakening,8.0,-1.0,-1.0
2026-05-21,118.46393585205078,0.5809326076788152,0.5790773480932665,100.16346776522495,97.72302212711556,XLY,一般消費財・サービス,growth,Weakening,8.0,-2.0,-3.0
2026-05-22,118.94298553466797,0.5780018578994613,0.5787188513619982,100.10687548619563,98.25488159094687,XLY,一般消費財・サービス,growth,Weakening,9.0,-1.0,-1.0
2026-05-26,119.21244812011719,0.5763539366383783,0.5779305464541249,99.9921789362151,98.86979895113569,XLY,一般消費財・サービス,growth,Lagging,9.0,-1.0,-2.0
2026-05-27,121.30827331542969,0.5869105450136376,0.5809238793072958,100.40032103958008,100.55378627915817,XLY,一般消費財・サービス,growth,Leading,10.0,2.0,3.0
2026-05-28,121.81725311279297,0.5872221937399914,0.5830233174515278,100.67531223306628,100.90341993863795,XLY,一般消費財・サービス,growth,Leading,10.0,2.0,3.0
2026-05-29,120.62963104248047,0.5798822130134155,0.5819762826388237,100.51310927585726,100.30780778792892,XLY,一般消費財・サービス,growth,Leading,10.0,2.0,4.0
2026-06-01,117.9549560546875,0.5659947694713965,0.5766491115830147,99.75926983230632,98.88701497734046,XLY,一般消費財・サービス,growth,Lagging,10.0,1.0,2.0
2026-06-02,117.35614776611328,0.5608962449671191,0.5713981560443828,99.02035122014324,97.73742148430995,XLY,一般消費財・サービス,growth,Lagging,10.0,1.0,2.0
2026-06-03,116.49786376953125,0.5588962164207119,0.5672308428364925,98.4686542832773,96.37224744603785,XLY,一般消費財・サービス,growth,Lagging,8.0,-2.0,-4.0
2026-06-04,117.02680969238281,0.557226349316762,0.563896011663249,98.09227924501262,95.97243066131547,XLY,一般消費財・サービス,growth,Lagging,7.0,-3.0,-5.0
2026-06-05,114.63157653808594,0.5537002235144646,0.5604974156136542,97.76877921236118,96.2946470583379,XLY,一般消費財・サービス,growth,Lagging,2.0,-8.0,-10.0
2026-06-08,115.1605224609375,0.5568446502765829,0.5592798271679638,97.749848062811,97.46182556836517,XLY,一般消費財・サービス,growth,Lagging,2.0,-8.0,-9.0
2026-06-09,115.63957214355469,0.5549377014915953,0.5578324519425076,97.71696119710386,98.42024218761281,XLY,一般消費財・サービス,growth,Lagging,2.0,-8.0,-9.0
2026-06-10,113.26429748535156,0.550539634069234,0.5554015126514165,97.59660361821861,98.99246852355017,XLY,一般消費財・サービス,growth,Lagging,2.0,-6.0,-4.0
2026-06-11,116.06871795654297,0.5555100380518866,0.5554376877849065,97.7425841048718,99.6589846428984,XLY,一般消費財・サービス,growth,Lagging,2.0,-5.0,-2.0
2026-06-12,116.36811828613281,0.5519432578985166,0.5542728778227766,97.75623179068131,100.08634997992937,XLY,一般消費財・サービス,growth,Improving,2.0,0.0,8.0
2026-06-15,118.33419799804688,0.5580255473617451,0.5555237676690994,97.99152154900499,100.40431464798723,XLY,一般消費財・サービス,growth,Improving,2.0,0.0,8.0
2026-06-16,118.22441864013672,0.5593735312570166,0.5568070221984052,98.20242604997387,100.70093620993104,XLY,一般消費財・サービス,growth,Improving,2.0,0.0,8.0
2026-06-17,115.26032257080078,0.5536470766729724,0.555753707023261,98.18373179560746,100.81267264585631,XLY,一般消費財・サービス,growth,Improving,2.0,0.0,6.0
2026-06-18,116.92700958251953,0.5590581136227092,0.5568551758897438,98.35250202227103,100.8236394676871,XLY,一般消費財・サービス,growth,Improving,3.0,1.0,6.0
2026-06-22,114.94000244140625,0.548351710828295,0.5540206875359276,98.16937946324553,100.56983755045049,XLY,一般消費財・サービス,growth,Improving,2.0,0.0,0.0
2026-06-23,113.76000213623047,0.5445928597281994,0.5508780782666849,97.98922129600585,100.0579962681098,XLY,一般消費財・サービス,growth,Improving,2.0,0.0,0.0
2026-06-24,115.06999969482422,0.5469626248888121,0.5495729271407273,97.97950087119264,99.7897786644652,XLY,一般消費財・サービス,growth,Lagging,2.0,0.0,0.0
2026-06-25,113.3499984741211,0.5353010553677502,0.544815636549735,97.72254061107623,99.50728747064672,XLY,一般消費財・サービス,growth,Lagging,2.0,0.0,0.0
2026-06-26,114.37000274658203,0.5438162905913105,0.5444825212302602,97.82180701360383,99.43541545431883,XLY,一般消費財・サービス,growth,Lagging,2.0,-1.0,-2.0
2026-06-29,117.12000274658203,0.5497301153200603,0.5462317192601935,98.04734517944647,99.93925041048506,XLY,一般消費財・サービス,growth,Lagging,2.0,0.0,0.0
2026-06-30,117.27999877929688,0.551205510289481,0.5478896496032895,98.23807079354668,100.38644279118913,XLY,一般消費財・サービス,growth,Improving,3.0,1.0,1.0
2026-07-01,118.08999633789062,0.553347988901503,0.5497090960360274,98.42312204756803,100.61301603677609,XLY,一般消費財・サービス,growth,Improving,6.0,4.0,4.0
2026-07-02,117.12000274658203,0.5449723174856163,0.548130169852557,98.37002011746969,100.84346808969583,XLY,一般消費財・サービス,growth,Improving,4.0,2.0,2.0
2026-07-06,118.01000213623047,0.5488837308661882,0.5483813568571008,98.43794803549768,100.78736416230842,XLY,一般消費財・サービス,growth,Improving,5.0,3.0,4.0
2026-07-07,117.38999938964844,0.5466865446157749,0.5478164194433255,98.4477747037446,100.5181565893353,XLY,一般消費財・サービス,growth,Improving,4.0,2.0,2.0
2026-07-08,115.30000305175781,0.5433553473607292,0.5463293954157934,98.39646437973722,100.22319528999185,XLY,一般消費財・サービス,growth,Improving,4.0,1.0,0.0
2026-07-09,116.8499984741211,0.5473067844221129,0.5466551917512332,98.46102966108951,100.07612361113728,XLY,一般消費財・サービス,growth,Improving,4.0,-2.0,-6.0
2026-07-10,117.23999786376953,0.5470835100056144,0.5467979645026937,98.51490828477168,100.20225403419839,XLY,一般消費財・サービス,growth,Improving,5.0,1.0,-1.0
2026-07-13,116.04000091552734,0.5416608468923687,0.5450855919659188,98.45995362329002,100.05924368904903,XLY,一般消費財・サービス,growth,Improving,3.0,-2.0,-5.0
2026-07-14,115.9000015258789,0.5429843203698081,0.5443851681005486,98.47190411262633,100.06914979857557,XLY,一般消費財・サービス,growth,Improving,3.0,-1.0,-3.0
2026-07-15,117.0,0.5493731479991477,0.5460478280667483,98.62242077790029,100.32444133920882,XLY,一般消費財・サービス,growth,Improving,4.0,0.0,-1.0
2026-07-16,117.33999633789062,0.5456151663254855,0.5459036074863274,98.66145988089194,100.31391955965871,XLY,一般消費財・サービス,growth,Improving,2.0,-2.0,0.0
2026-07-17,115.44000244140625,0.5410320339464978,0.5442797496397176,98.61458871630057,100.21097907042655,XLY,一般消費財・サービス,growth,Improving,2.0,-3.0,-4.0
2026-07-20,114.61000061035156,0.5395443065544049,0.54270126861128,98.57194304447718,100.24935938364791,XLY,一般消費財・サービス,growth,Improving,2.0,-1.0,1.0
2026-07-21,114.87000274658203,0.5399041441641478,0.5417688937955693,98.56710287663302,100.25113202529755,XLY,一般消費財・サービス,growth,Improving,2.0,-1.0,0.0
2026-07-22,114.0199966430664,0.5360601705641383,0.539865986051759,98.50841849621973,100.00051822821689,XLY,一般消費財・サービス,growth,Improving,1.0,-3.0,-3.0
2026-07-23,108.76000213623047,0.5132125475460113,0.5309815065498431,98.0773419962862,99.40765005650837,XLY,一般消費財・サービス,growth,Lagging,1.0,-1.0,1.0
2026-07-24,109.41000366210938,0.5122910516925488,0.524751354930745,97.8365800310718,99.17857112405179,XLY,一般消費財・サービス,growth,Lagging,1.0,-1.0,2.0
2026-07-27,110.83999633789062,0.5151036346808362,0.5215354481807755,97.7787233246792,99.18244503196087,XLY,一般消費財・サービス,growth,Lagging,1.0,-1.0,0.0
2026-07-28,112.4800033569336,0.5166980664957679,0.5199229876191063,97.80899779811593,99.24904637694384,XLY,一般消費財・サービス,growth,Lagging,1.0,-1.0,0.0
2026-07-29,111.61000061035156,0.517359675616514,0.5190685502849088,97.87384584187285,99.42501546002886,XLY,一般消費財・サービス,growth,Lagging,1.0,0.0,3.0
2026-07-30,112.38999938964844,0.5218218815195934,0.5199863273631371,98.01444234179343,100.16840835376559,XLY,一般消費財・サービス,growth,Improving,1.0,0.0,1.0
2026-07-31,116.08999633789062,0.5399283721864367,0.5266336756375704,98.40808333935085,100.97553032910764,XLY,一般消費財・サービス,growth,Improving,2.0,1.0,2.0
2024-08-01,84.13897705078125,0.512348854202052,0.512348854202052,,,XLC,通信サービス,growth,,,,
2024-08-02,82.77149200439453,0.5128468089600168,0.5125148391213736,,,XLC,通信サービス,growth,,,,
2024-08-05,80.39793395996094,0.5101938374030864,0.5117411718819446,,,XLC,通信サービス,growth,,,,
2024-08-06,81.34540557861328,0.5109659634460217,0.5114827690699704,,,XLC,通信サービス,growth,,,,
2024-08-07,80.9156265258789,0.5118759104380421,0.511613816192661,,,XLC,通信サービス,growth,,,,
2024-08-08,82.52729797363281,0.5127788719338676,0.5120021681063965,,,XLC,通信サービス,growth,,,,
2024-08-09,83.2305908203125,0.516062646179196,0.5133556607973297,,,XLC,通信サービス,growth,,,,
2024-08-12,82.65428161621094,0.5149613438961534,0.5138908884969376,,,XLC,通信サービス,growth,,,,
2024-08-13,83.7287368774414,0.515777892912137,0.5145198899686708,,,XLC,通信サービス,growth,,,,
2024-08-14,83.25010681152344,0.5117616331036077,0.5136004710136498,,,XLC,通信サービス,growth,,,,
2024-08-15,84.0022201538086,0.5094744994810091,0.5122251471694363,,,XLC,通信サービス,growth,,,,
2024-08-16,84.25619506835938,0.5097879914018155,0.5114127619135628,,,XLC,通信サービス,growth,,,,
2024-08-19,85.21342468261719,0.5116846740528713,0.5115033992933323,,,XLC,通信サービス,growth,,,,
2024-08-20,85.15481567382812,0.5133614389227765,0.5121227458364804,,,XLC,通信サービス,growth,,,,
2024-08-21,85.51622009277344,0.5119558097129804,0.5120671004619805,,,XLC,通信サービス,growth,,,,
2024-08-22,84.8715591430664,0.5095430142865348,0.5112257384034986,,,XLC,通信サービス,growth,,,,
2024-08-23,85.46739196777344,0.5066730940161787,0.509708190274392,,,XLC,通信サービス,growth,,,,
2024-08-26,85.66273498535156,0.5079186185609654,0.5091116663699164,,,XLC,通信サービス,growth,,,,
2024-08-27,85.46739196777344,0.5065278002476575,0.5082503776624968,,,XLC,通信サービス,growth,,,,
2024-08-28,84.90084838867188,0.5045592550815143,0.507020003468836,,,XLC,通信サービス,growth,,,,
2024-08-29,84.72504425048828,0.5016391577980401,0.5052263882452375,,,XLC,通信サービス,growth,,,,
2024-08-30,85.29156494140625,0.5011170463787615,0.5038566076230788,,,XLC,通信サービス,growth,,,,
2024-09-03,83.7287368774414,0.4983386280001598,0.5020172810821059,,,XLC,通信サービス,growth,,,,
2024-09-04,83.3282470703125,0.496670190620946,0.5002349175950526,,,XLC,通信サービス,growth,,,,
2024-09-05,83.57244873046875,0.5011902917580566,0.5005533756493873,,,XLC,通信サービス,growth,,,,
2024-09-06,81.82402038574219,0.4960307688949183,0.4990458400645643,,,XLC,通信サービス,growth,,,,
2024-09-09,82.17566680908203,0.4933863982582993,0.497159359462476,,,XLC,通信サービス,growth,,,,
2024-09-10,82.1561279296875,0.49298265371990496,0.4957671242149524,,,XLC,通信サービス,growth,,,,
2024-09-11,82.49800109863281,0.49480411607282915,0.4954461215009114,,,XLC,通信サービス,growth,,,,
2024-09-12,84.04129791259766,0.5009491941899784,0.49728047906393374,,,XLC,通信サービス,growth,,,,
2024-09-13,84.85202026367188,0.5009843356752222,0.49851509793436327,,,XLC,通信サービス,growth,,,,
2024-09-16,85.7408676147461,0.5025851441551262,0.49987178000795096,,,XLC,通信サービス,growth,,,,
2024-09-17,85.7408676147461,0.50184492831595,0.5005294961106173,,,XLC,通信サービス,growth,,,,
2024-09-18,85.67250061035156,0.5023838621071508,0.5011476181094618,,,XLC,通信サービス,growth,,,,
2024-09-19,86.83485412597656,0.5038245381674726,0.5020399247954654,,,XLC,通信サービス,growth,,,,
2024-09-20,86.83485412597656,0.5056701647432903,0.5032500047780737,,,XLC,通信サービス,growth,,,,
2024-09-23,87.02982330322266,0.5042237993029643,0.5035746029530372,,,XLC,通信サービス,growth,,,,
2024-09-24,87.44132232666016,0.5058675397937108,0.5043389152332618,,,XLC,通信サービス,growth,,,,
2024-09-25,87.16699981689453,0.5074178387158579,0.5053652230607939,,,XLC,通信サービス,growth,,,,
2024-09-26,87.65685272216797,0.5060334978511095,0.5055879813242325,,,XLC,通信サービス,growth,,,,
2024-09-27,88.18592071533203,0.5072668856292218,0.5061476160925623,,,XLC,通信サービス,growth,,,,
2024-09-30,88.5680160522461,0.5088107084244189,0.5070353135365145,,,XLC,通信サービス,growth,,,,
2024-10-01,88.63658905029297,0.5119191160944706,0.5086632477224999,,,XLC,通信サービス,growth,,,,
2024-10-02,88.36227416992188,0.5108795389785268,0.5094020114745089,,,XLC,通信サービス,growth,,,,
2024-10-03,88.05854034423828,0.5115371888841841,0.510113737277734,,,XLC,通信サービス,growth,,,,
2024-10-04,89.03827667236328,0.513202409773551,0.5111432947763397,,,XLC,通信サービス,growth,,,,
2024-10-07,87.84302520751953,0.510285248904619,0.5108572794857662,,,XLC,通信サービス,growth,,,,
2024-10-08,88.61699676513672,0.5135638574214735,0.511759472131002,,,XLC,通信サービス,growth,,,,
2024-10-09,88.64639282226562,0.510229255504752,0.511249399922252,,,XLC,通信サービス,growth,,,,
2024-10-10,87.9899673461914,0.5083557434661662,0.5102848477702234,,,XLC,通信サービス,growth,,,,
2024-10-11,88.59739685058594,0.5068859722867507,0.5091518892757325,,,XLC,通信サービス,growth,,,,
2024-10-14,89.00888061523438,0.5055308411558366,0.5079448732357672,,,XLC,通信サービス,growth,,,,
2024-10-15,89.20484161376953,0.5089467228242701,0.5082788230986015,,,XLC,通信サービス,growth,,,,
2024-10-16,89.14605712890625,0.5051947774563028,0.5072508078845019,,,XLC,通信サービス,growth,,,,
2024-10-17,88.72476959228516,0.5036114868806231,0.506037700883209,,,XLC,通信サービス,growth,,,,
2024-10-18,89.38119506835938,0.5058310996587314,0.5059688338083832,,,XLC,通信サービス,growth,,,,
2024-10-21,89.02849578857422,0.5081659158584406,0.5067011944917357,,,XLC,通信サービス,growth,,,,
2024-10-22,89.15585327148438,0.5111891451752928,0.5081971780529214,,,XLC,通信サービス,growth,,,,
2024-10-23,88.4798355102539,0.5089860129701312,0.5084601230253247,,,XLC,通信サービス,growth,,,,
2024-10-24,88.78355407714844,0.5106189706723923,0.5091797389076806,,,XLC,通信サービス,growth,,,,
2024-10-25,89.00888061523438,0.5143579785990662,0.5109058188048092,,,XLC,通信サービス,growth,,,,
2024-10-28,89.57713317871094,0.5147228650322277,0.5121781675472821,,,XLC,通信サービス,growth,,,,
2024-10-29,90.41971588134766,0.5211355630435232,0.5151639660460291,101.53019046880009,,XLC,通信サービス,growth,,10.0,,
2024-10-30,90.96835327148438,0.5254451744323684,0.5185910355081422,102.11873282840011,,XLC,通信サービス,growth,,11.0,,
2024-10-31,90.1747817993164,0.5264751397792485,0.5212190702651777,102.47810568908316,,XLC,通信サービス,growth,,11.0,,
2024-11-01,90.52747344970703,0.5282047093021962,0.5235476166108506,102.70336531317862,,XLC,通信サービス,growth,,11.0,,
2024-11-04,90.2237548828125,0.5258066033595791,0.5243006121937601,102.64154089976665,,XLC,通信サービス,growth,,11.0,,
2024-11-05,91.22309875488281,0.5255010629306825,0.5247007624394009,102.53517290903717,,XLC,通信サービス,growth,,11.0,1.0,
2024-11-06,93.4666748046875,0.5259730803207721,0.525124868399858,102.4460030156724,,XLC,通信サービス,growth,,11.0,0.0,
2024-11-07,94.69136047363281,0.5323409707082175,0.5275302358359778,102.61669618977697,,XLC,通信サービス,growth,,11.0,0.0,
2024-11-08,94.23088073730469,0.5268171051225129,0.5272925255981562,102.43733909224318,,XLC,通信サービス,growth,,11.0,0.0,
2024-11-11,94.75993347167969,0.5271405996132891,0.5272418836032005,102.30730516036809,,XLC,通信サービス,growth,,9.0,-2.0,
2024-11-12,95.1910171508789,0.533605138056134,0.529362968420845,102.4255241929585,,XLC,通信サービス,growth,,9.0,-2.0,-3.0
2024-11-13,95.23020935058594,0.5335343167930187,0.5307534178782363,102.4333190253864,,XLC,通信サービス,growth,,9.0,-2.0,-2.0
2024-11-14,95.12244415283203,0.5372293609748947,0.5329120655771225,102.50386249866892,,XLC,通信サービス,growth,,9.0,-2.0,-2.0
2024-11-15,93.22176361083984,0.5302774369539586,0.5320338560360678,102.2706794013313,,XLC,通信サービス,growth,,9.0,-2.0,-2.0
2024-11-18,94.14270782470703,0.5333642674767465,0.5324773265162941,102.1921541587426,,XLC,通信サービス,growth,,9.0,0.0,2.0
2024-11-19,94.75993347167969,0.5383131317404136,0.534422594924334,102.25202244193602,,XLC,通信サービス,growth,,9.0,0.0,2.0
2024-11-20,95.36737060546875,0.53994582223348,0.5362636706940493,102.28588047070376,,XLC,通信サービス,growth,,10.0,1.0,3.0
2024-11-21,95.12244415283203,0.5318593769716149,0.5347955727865712,102.04154990355588,,XLC,通信サービス,growth,,9.0,0.0,2.0
2024-11-22,94.91668701171875,0.5265612295903834,0.5320507917211753,101.72345968388284,,XLC,通信サービス,growth,,8.0,-1.0,1.0
2024-11-25,95.40655517578125,0.5245290863396659,0.5295435565940055,101.45311250316196,,XLC,通信サービス,growth,,8.0,-1.0,-1.0
2024-11-26,95.7592544555664,0.5264119946886369,0.5284997026255494,101.31855815182038,,XLC,通信サービス,growth,,9.0,0.0,0.0
2024-11-27,95.88662719726562,0.5276193834670428,0.5282062629060472,101.25114844526294,,XLC,通信サービス,growth,,9.0,-1.0,-2.0
2024-11-29,96.40589141845703,0.5288650772451683,0.5284258676857543,101.22763347178375,,XLC,通信サービス,growth,,9.0,0.0,0.0
2024-12-02,97.19947052001953,0.5345576705941293,0.530469801988546,101.34857564967751,,XLC,通信サービス,growth,,9.0,1.0,2.0
2024-12-03,97.98326110839844,0.5412685569700234,0.5340693869823718,101.5825950734642,,XLC,通信サービス,growth,,10.0,2.0,3.0
2024-12-04,98.2085952758789,0.5424842415969583,0.5368743385205673,101.73726838974055,,XLC,通信サービス,growth,,10.0,1.0,1.0
2024-12-05,97.98326110839844,0.5439545680603625,0.5392344150338324,101.84660445120326,,XLC,通信サービス,growth,,10.0,1.0,2.0
2024-12-06,98.8846206665039,0.5495808583617756,0.5426832294764802,102.02613599335236,,XLC,通信サービス,growth,,10.0,1.0,1.0
2024-12-09,96.77819061279297,0.540090310034876,0.5418189229959455,101.88650485533748,,XLC,通信サービス,growth,,10.0,1.0,0.0
2024-12-10,98.2967758178711,0.5519467500615823,0.5451948653511578,102.05838799528168,,XLC,通信サービス,growth,,10.0,0.0,-2.0
2024-12-11,99.90353393554688,0.5604492031764231,0.5502796446262463,102.31925718236833,,XLC,通信サービス,growth,,10.0,0.0,-1.0
2024-12-12,100.0896987915039,0.5635514485196921,0.5547035792573949,102.49124124998693,,XLC,通信サービス,growth,,10.0,0.0,-1.0
2024-12-13,98.89441680908203,0.5587779287897766,0.5560616957681888,102.43853419429969,,XLC,通信サービス,growth,,10.0,0.0,-1.0
2024-12-16,99.27651977539062,0.5627905725499437,0.5583046546954404,102.4414856724649,,XLC,通信サービス,growth,,9.0,-1.0,-2.0
2024-12-17,98.53191375732422,0.5630037696407385,0.5598710263438731,102.39976660518874,,XLC,通信サービス,growth,,9.0,-1.0,-1.0
2024-12-18,95.72007751464844,0.5636143889204698,0.5611188138694053,102.34154745414607,,XLC,通信サービス,growth,,9.0,-1.0,-1.0
2024-12-19,95.45555114746094,0.5639278881925875,0.5620551719771327,102.26996426918716,,XLC,通信サービス,growth,,9.0,-1.0,-1.0
2024-12-20,95.97480010986328,0.5591642128758985,0.561091518943388,102.10436902607017,,XLC,通信サービス,growth,,9.0,-1.0,-1.0
2024-12-23,96.49933624267578,0.5614548207342082,0.5612126195403281,102.0139058660469,,XLC,通信サービス,growth,,9.0,0.0,1.0
2024-12-24,97.41287231445312,0.5625258835658081,0.5616503742154881,101.94782227658509,,XLC,通信サービス,growth,,9.0,0.0,1.0
2024-12-26,97.2851791381836,0.5608727302477341,0.5613911595595702,101.85194322198937,,XLC,通信サービス,growth,,9.0,0.0,1.0
2024-12-27,96.42076110839844,0.5596958932659233,0.5608260707950212,101.74859635962832,,XLC,通信サービス,growth,,9.0,0.0,1.0
2024-12-30,95.40901184082031,0.5594590268384826,0.560370389476175,101.65854567058935,,XLC,通信サービス,growth,,9.0,0.0,1.0
2024-12-31,95.09467315673828,0.5565975226546385,0.5591127672023295,101.53352745553622,,XLC,通信サービス,growth,,9.0,0.0,0.0
2025-01-02,95.55635833740234,0.560932332411073,0.5597192889385774,101.51026542058123,,XLC,通信サービス,growth,,10.0,1.0,1.0
2025-01-03,96.1457290649414,0.5592704958090703,0.5595696912287418,101.45030061458299,,XLC,通信サービス,growth,,10.0,1.0,1.0
2025-01-06,97.18694305419922,0.5657122136852002,0.561617198714228,101.50258064797744,,XLC,通信サービス,growth,,10.0,1.0,1.0
2025-01-07,96.1064453125,0.5613022459639897,0.5615122144641486,101.44566044297413,,XLC,通信サービス,growth,,10.0,1.0,1.0
2025-01-08,95.53671264648438,0.5573083470203098,0.5601109253162024,101.32787027824246,,XLC,通信サービス,growth,,10.0,1.0,1.0
2025-01-10,94.1124038696289,0.5571436327053652,0.5591218277792567,101.23651010315291,,XLC,通信サービス,growth,,10.0,0.0,-1.0
2025-01-13,94.15169525146484,0.5528449810371631,0.5570295455318921,101.0943795149846,,XLC,通信サービス,growth,,11.0,1.0,0.0
2025-01-14,93.83735656738281,0.5465869319174647,0.553548674327083,100.8859636158115,,XLC,通信サービス,growth,,9.0,-1.0,-2.0
2025-01-15,95.37954711914062,0.5502883364695784,0.5524618950412481,100.80290472884968,,XLC,通信サービス,growth,,8.0,-2.0,-3.0
2025-01-16,94.83928680419922,0.5428958837780857,0.549273224620194,100.6095343139754,,XLC,通信サービス,growth,,8.0,-2.0,-3.0
2025-01-17,95.6644058227539,0.5449728980953259,0.547839782445238,100.50804091576478,,XLC,通信サービス,growth,,8.0,-2.0,-2.0
2025-01-21,96.52881622314453,0.5435869311170917,0.546422165335856,100.40502901700451,,XLC,通信サービス,growth,,7.0,-4.0,-5.0
2025-01-22,97.491455078125,0.5509439005934814,0.5479294104217312,100.46538811285872,,XLC,通信サービス,growth,,7.0,-2.0,-1.0
2025-01-23,97.7468490600586,0.5497819731889846,0.548546931344149,100.47656920812027,,XLC,通信サービス,growth,,6.0,-2.0,0.0
2025-01-24,98.63089752197266,0.5552415987798192,0.550778487156039,100.58631697450686,,XLC,通信サービス,growth,,7.0,-1.0,1.0
2025-01-27,99.14167785644531,0.5577496555349066,0.553102209948995,100.70696083101785,,XLC,通信サービス,growth,,9.0,1.0,3.0
2025-01-28,99.62299346923828,0.5632379355838089,0.5564807851605996,100.90045215077437,,XLC,通信サービス,growth,,9.0,2.0,6.0
2025-01-29,100.06503295898438,0.5676143983900808,0.5601919895704267,101.1212237919512,,XLC,通信サービス,growth,,10.0,3.0,5.0
2025-01-30,100.16325378417969,0.5621708776034867,0.5608516189147801,101.14387904026806,,XLC,通信サービス,growth,,10.0,4.0,6.0
2025-01-31,100.56599426269531,0.5691026505737791,0.5636019628011131,101.30641947939071,,XLC,通信サービス,growth,,10.0,3.0,4.0
2025-02-03,100.78209686279297,0.5734580196971728,0.5668873150997997,101.49926971716549,,XLC,通信サービス,growth,,10.0,1.0,0.0
2025-02-04,101.685791015625,0.5778947505343988,0.5705564602446661,101.70662596972032,,XLC,通信サービス,growth,,10.0,1.0,-1.0
2025-02-05,100.70350646972656,0.5695352013944917,0.5702160406279413,101.63011797036617,,XLC,通信サービス,growth,,10.0,0.0,-3.0
2025-02-06,101.1357192993164,0.572737599678826,0.5710565603115696,101.63725581909908,101.07576199932646,XLC,通信サービス,growth,Leading,10.0,0.0,-4.0
2025-02-07,100.91960906982422,0.5743361178859353,0.5721497461696915,101.66161821074527,100.85218635108224,XLC,通信サービス,growth,Leading,9.0,-1.0,-4.0
2025-02-10,101.37147521972656,0.575279775890067,0.5731930894098167,101.68189673318518,100.51161887855106,XLC,通信サービス,growth,Leading,10.0,0.0,-1.0
2025-02-11,101.53845977783203,0.5761635462396297,0.5741832416864211,101.69387195730951,100.1228380887526,XLC,通信サービス,growth,Leading,10.0,0.0,-1.0
2025-02-12,101.6465072631836,0.5801468537150661,0.5761711123626361,101.77278324731844,100.42331337309064,XLC,通信サービス,growth,Leading,10.0,0.0,0.0
2025-02-13,102.8154067993164,0.5817679186415484,0.5780367144556069,101.83918145333169,100.52577327828212,XLC,通信サービス,growth,Leading,10.0,0.0,0.0
2025-02-14,103.44408416748047,0.5859070126450364,0.5806601471854167,101.94516293463644,100.67540262637598,XLC,通信サービス,growth,Leading,10.0,1.0,2.0
2025-02-18,102.96275329589844,0.5787382675590477,0.5800195206432937,101.83016075183005,100.39777826108052,XLC,通信サービス,growth,Leading,10.0,0.0,0.0
2025-02-19,103.08063507080078,0.5782283826183953,0.5794224746349942,101.72392093223216,100.1558292840628,XLC,通信サービス,growth,Leading,10.0,0.0,0.0
2025-02-20,102.59931182861328,0.5769800116598222,0.5786083203099369,101.61354573635863,99.7755053806956,XLC,通信サービス,growth,Weakening,11.0,1.0,1.0
2025-02-21,101.19464874267578,0.5771824805219513,0.5781330403806084,101.53180270915837,99.48520143856365,XLC,通信サービス,growth,Weakening,10.0,0.0,0.0
2025-02-24,101.39111328125,0.5778209866344339,0.5780290224652169,101.4765854371868,99.17576230199033,XLC,通信サービス,growth,Weakening,8.0,-2.0,-3.0
2025-02-25,99.88821411132812,0.5686873653485301,0.5749151367596547,101.2261059995272,98.92998305403748,XLC,通信サービス,growth,Weakening,8.0,-2.0,-2.0
2025-02-26,99.71141815185547,0.5688807356541179,0.5729036697244758,101.05753004369102,98.82078953884783,XLC,通信サービス,growth,Weakening,6.0,-4.0,-4.0
2025-02-27,98.748779296875,0.5683522238111268,0.5713865210866929,100.92702168353344,98.79135194014194,XLC,通信サービス,growth,Weakening,6.0,-5.0,-6.0
2025-02-28,100.1927261352539,0.5703260463695453,0.5710330295143105,100.88025965053636,98.85309328980112,XLC,通信サービス,growth,Weakening,6.0,-4.0,-4.0
2025-03-03,99.19080352783203,0.5707041478222736,0.5709234022836316,100.85324819476394,98.883294590695,XLC,通信サービス,growth,Weakening,6.0,-2.0,0.0
2025-03-04,98.40496826171875,0.5754803345121529,0.5724423796931387,100.95228344508418,99.54051503631729,XLC,通信サービス,growth,Weakening,6.0,-2.0,0.0
2025-03-05,99.67211151123047,0.5775231593266541,0.5741359729043105,101.07449305227225,100.11133071870323,XLC,通信サービス,growth,Leading,6.0,0.0,4.0
2025-03-06,97.88436126708984,0.5735149087782266,0.5739289515289492,101.04706887254648,100.3114289563837,XLC,通信サービス,growth,Leading,6.0,0.0,5.0
2025-03-07,98.51302337646484,0.5718408979890816,0.5732329336823266,100.97264587598644,100.25474272599656,XLC,通信サービス,growth,Leading,6.0,0.0,4.0
2025-03-10,96.05731964111328,0.5655563210846384,0.5706740628164306,100.72508623336316,99.808887115061,XLC,通信サービス,growth,Weakening,6.0,0.0,2.0
2025-03-11,94.64282989501953,0.5647495812985545,0.5686992356438052,100.5183772179944,99.18978048657125,XLC,通信サービス,growth,Weakening,5.0,-1.0,1.0
2025-03-12,95.11431884765625,0.5702503767035596,0.5692162826637234,100.54425206192873,99.00991630901974,XLC,通信サービス,growth,Weakening,5.0,-1.0,-1.0
2025-03-13,93.15959167480469,0.56393735021889,0.5674566385154456,100.34220899074474,98.67275196794697,XLC,通信サービス,growth,Weakening,5.0,-1.0,-1.0
2025-03-14,94.86875915527344,0.5635403820276007,0.566151219686164,100.17852816550726,98.53010822234864,XLC,通信サービス,growth,Weakening,5.0,-1.0,-1.0
2025-03-17,95.54652404785156,0.5600092259626602,0.5641038884449961,99.9352870062627,98.58335088186149,XLC,通信サービス,growth,Lagging,3.0,-3.0,-3.0
2025-03-18,94.21061706542969,0.5550658745425497,0.5610912171441808,99.59296126541422,98.3414500222612,XLC,通信サービス,growth,Lagging,3.0,-2.0,-1.0
2025-03-19,95.33043670654297,0.5575320125256898,0.5599048156046837,99.45325251879737,98.06989637808202,XLC,通信サービス,growth,Lagging,3.0,-2.0,-1.0
2025-03-20,95.12415313720703,0.5586510643667012,0.5594868985253563,99.40425176058048,98.44564640474357,XLC,通信サービス,growth,Lagging,3.0,-2.0,-1.0
2025-03-21,95.87068176269531,0.5656263599425495,0.5615333856644207,99.6269038550487,99.29481538425208,XLC,通信サービス,growth,Lagging,3.0,-2.0,-1.0
2025-03-24,97.22827911376953,0.5648824952318846,0.562649755520242,99.74748082202433,100.0839556772586,XLC,通信サービス,growth,Improving,3.0,0.0,3.0
2025-03-25,98.45977020263672,0.5734080067906181,0.566235839277034,100.13729553576202,101.59990134521813,XLC,通信サービス,growth,Leading,3.0,0.0,2.0
2025-03-26,97.62235260009766,0.5696035473694098,0.5673584086411594,100.2509104290163,102.02540079802876,XLC,通信サービス,growth,Leading,3.0,0.0,2.0
2025-03-27,97.1888656616211,0.5685366978565651,0.5677511717129613,100.28320661061258,102.07529727455572,XLC,通信サービス,growth,Leading,3.0,0.0,2.0
2025-03-28,94.32196807861328,0.5604052461278997,0.5653025298512742,100.00495592867279,101.05672030156165,XLC,通信サービス,growth,Leading,3.0,0.0,2.0
2025-03-31,95.02145385742188,0.5599007606051898,0.5635019401025794,99.80085811617218,100.40629011654003,XLC,通信サービス,growth,Improving,3.0,0.0,0.0
2025-04-01,95.08057403564453,0.5596675712134085,0.5622238171395224,99.65579242043363,99.35727521871614,XLC,通信サービス,growth,Lagging,3.0,0.0,0.0
2025-04-02,95.41552734375,0.5569819774882496,0.5604765372557649,99.46090055205559,98.77543972751869,XLC,通信サービス,growth,Lagging,3.0,0.0,0.0
2025-04-03,91.15951538085938,0.5587558126277881,0.5599029623797727,99.39504321106102,98.61531943344933,XLC,通信サービス,growth,Lagging,3.0,0.0,0.0
2025-04-04,85.93801879882812,0.558085366529171,0.5592970970962388,99.32855816553479,99.03362053570723,XLC,通信サービス,growth,Lagging,4.0,1.0,1.0
2025-04-07,86.05624389648438,0.563549958386622,0.5607147175263665,99.48392565238706,99.71573519965884,XLC,通信サービス,growth,Lagging,4.0,1.0,1.0
2025-04-08,84.85430908203125,0.5663615762233348,0.5625970037586894,99.69204343428764,100.38042092315348,XLC,通信サービス,growth,Improving,4.0,1.0,1.0
2025-04-09,92.35159301757812,0.5707580736513989,0.5653173603895926,99.98904868838696,101.27788671511958,XLC,通信サービス,growth,Improving,6.0,3.0,3.0
2025-04-10,89.15958404541016,0.5702268567330959,0.5669538591707604,100.16034529892585,101.65632275728885,XLC,通信サービス,growth,Leading,5.0,2.0,2.0
2025-04-11,89.91818237304688,0.5664888882052899,0.5667988688489369,100.12983306590007,101.65360134018566,XLC,通信サービス,growth,Leading,5.0,1.0,0.0
2025-04-14,90.51913452148438,0.5630809303865467,0.5655595560281402,99.97485426158234,101.06350434566431,XLC,通信サービス,growth,Improving,4.0,0.0,-1.0
2025-04-15,90.74573516845703,0.5663197170949901,0.5658129430504235,99.98121803898049,100.68032429079103,XLC,通信サービス,growth,Improving,4.0,0.0,-1.0
2025-04-16,88.3024673461914,0.5582393005164229,0.5632883955390899,99.66385402062723,99.57011827308794,XLC,通信サービス,growth,Lagging,4.0,-2.0,-5.0
2025-04-17,88.87387084960938,0.557706665098873,0.5614278187256843,99.40459611121008,98.79791554462658,XLC,通信サービス,growth,Lagging,4.0,-1.0,-3.0
2025-04-21,86.87394714355469,0.556340920463872,0.5597321859717468,99.14519089345013,98.41005119471158,XLC,通信サービス,growth,Lagging,3.0,-2.0,-3.0
2025-04-22,89.13987731933594,0.557115466685104,0.5588599462095326,98.96361063074748,98.3916930170078,XLC,通信サービス,growth,Lagging,3.0,-1.0,-1.0
2025-04-23,90.56839752197266,0.5606200237868373,0.5594466387353009,98.97235374896553,98.44010300009803,XLC,通信サービス,growth,Lagging,2.0,-2.0,-2.0
2025-04-24,92.38114166259766,0.5623266556144842,0.5604066443616953,99.0336734143562,99.10708723471411,XLC,通信サービス,growth,Lagging,2.0,-2.0,0.0
2025-04-25,92.96240997314453,0.5666759308427396,0.5624964065220435,99.27791888269981,99.97458792593547,XLC,通信サービス,growth,Lagging,3.0,-1.0,0.0
2025-04-28,93.31707763671875,0.56724570801876,0.564079507020949,99.47137636553208,100.74728620705781,XLC,通信サービス,growth,Improving,4.0,1.0,3.0
2025-04-29,93.99685668945312,0.5680626341040934,0.5654072160486638,99.64869339757773,101.34875555375491,XLC,通信サービス,growth,Improving,4.0,1.0,2.0
2025-04-30,94.02641296386719,0.5674349609842796,0.5660831310272024,99.73912403296512,101.4786213059963,XLC,通信サービス,growth,Improving,4.0,2.0,4.0
2025-05-01,94.50917053222656,0.5711249507829999,0.5677637376124682,99.99357013619023,101.77631682248912,XLC,通信サービス,growth,Improving,5.0,3.0,5.0
2025-05-02,95.97708892822266,0.5699404439641648,0.5684893063963671,100.10000926841572,101.53658369852931,XLC,通信サービス,growth,Leading,6.0,3.0,4.0
2025-05-05,96.20368957519531,0.5731867578399691,0.5700551235442345,100.348736408759,101.62078560090734,XLC,通信サービス,growth,Leading,6.0,2.0,1.0
2025-05-06,96.18397521972656,0.5773492529417411,0.5724865000100701,100.7406472890943,101.94433075613426,XLC,通信サービス,growth,Leading,7.0,3.0,2.0
2025-05-07,96.00663757324219,0.5725140974484646,0.5724956991562016,100.73379380113542,101.74141817818719,XLC,通信サービス,growth,Leading,7.0,3.0,1.0
2025-05-08,96.23323059082031,0.5690778016434725,0.571356399985292,100.54692881129256,101.02666731079039,XLC,通信サービス,growth,Leading,7.0,2.0,-1.0
2025-05-09,95.74064636230469,0.5662961642243434,0.5696696547316424,100.27916022442807,100.42976841473204,XLC,通信サービス,growth,Leading,6.0,0.0,-3.0
2025-05-12,97.73072052001953,0.5626455834176951,0.5673282976269933,99.91085687330344,99.45010084333396,XLC,通信サービス,growth,Lagging,6.0,0.0,-2.0
2025-05-13,98.68635559082031,0.5668683257209034,0.5671749736582967,99.90307825210384,98.83944067518581,XLC,通信サービス,growth,Lagging,6.0,-1.0,-4.0
2025-05-14,99.19865417480469,0.5732629213320658,0.569204289549553,100.2624325706128,99.43984259474298,XLC,通信サービス,growth,Weakening,7.0,0.0,-3.0
2025-05-15,99.59272766113281,0.5703415132357864,0.5695833641116308,100.35773915813601,99.89907079406233,XLC,通信サービス,growth,Weakening,7.0,0.0,-2.0
2025-05-16,100.27249908447266,0.5686512604165774,0.5692726628799464,100.35008204594115,100.32057561615198,XLC,通信サービス,growth,Leading,7.0,1.0,1.0
2025-05-19,100.37102508544922,0.5692733078354234,0.5692728778651054,100.3979006867776,100.97204494697797,XLC,通信サービス,growth,Leading,7.0,1.0,1.0
2025-05-20,100.12474060058594,0.5693632665669394,0.5693030074323834,100.45345002901043,101.05054275875015,XLC,通信サービス,growth,Leading,8.0,2.0,3.0
2025-05-21,99.37599182128906,0.5776892394939486,0.5720984181195718,101.06172771270754,101.39634373784604,XLC,通信サービス,growth,Leading,8.0,1.0,1.0
2025-05-22,99.15924835205078,0.5782734962465395,0.5741567774952278,101.53343637089407,101.8878990644539,XLC,通信サービス,growth,Leading,8.0,1.0,1.0
2025-05-23,98.70606994628906,0.5779419683384556,0.5754185077763038,101.84038610928356,102.2255898900119,XLC,通信サービス,growth,Leading,10.0,3.0,2.0
2025-05-27,100.3119125366211,0.5765951979062377,0.5758107378196151,101.91032365286993,102.13623191962274,XLC,通信サービス,growth,Leading,10.0,3.0,2.0
2025-05-28,100.29222106933594,0.5814259868781877,0.577682487505806,102.22705603082763,102.3506730647913,XLC,通信サービス,growth,Leading,10.0,2.0,0.0
2025-05-29,99.48435974121094,0.5753374648257206,0.5769008132791109,101.99407906935411,101.17958998505681,XLC,通信サービス,growth,Leading,10.0,2.0,1.0
2025-05-30,99.89814758300781,0.5779596827232479,0.5772537697604899,101.98861893002857,100.51922260672157,XLC,通信サービス,growth,Leading,10.0,2.0,1.0
2025-06-02,100.39073944091797,0.5803490346653889,0.5782855247287896,102.09744283130779,100.23509325035594,XLC,通信サービス,growth,Leading,11.0,1.0,-2.0
2025-06-03,100.10503387451172,0.5739193942377315,0.576830147898437,101.77624672510433,99.70128906444533,XLC,通信サービス,growth,Weakening,9.0,-1.0,-4.0
2025-06-04,100.74539947509766,0.5788913120234851,0.5775172026067864,101.86410538470292,99.40044706476948,XLC,通信サービス,growth,Weakening,9.0,-1.0,-3.0
2025-06-05,100.8833236694336,0.5812543738109388,0.578762926341504,102.0306377276366,99.94312661577658,XLC,通信サービス,growth,Weakening,11.0,1.0,-1.0
2025-06-06,102.1739273071289,0.5836498441132656,0.5803918989320912,102.22569922453133,100.21142066419681,XLC,通信サービス,growth,Leading,11.0,1.0,-1.0
2025-06-09,101.87837982177734,0.5818639022494659,0.5808825667045495,102.19580961049873,100.01883470376455,XLC,通信サービス,growth,Leading,11.0,0.0,-1.0
2025-06-10,103.16897583007812,0.5863152055516644,0.5826934463202544,102.34665598888475,100.63697318006807,XLC,通信サービス,growth,Leading,11.0,2.0,3.0
2025-06-11,102.9325180053711,0.5866370764682177,0.5840079897029089,102.39714888583323,100.56537721441019,XLC,通信サービス,growth,Leading,11.0,2.0,3.0
2025-06-12,102.09510803222656,0.5805032134618967,0.5828397309559049,102.10353290882254,99.92205969485256,XLC,通信サービス,growth,Weakening,11.0,0.0,-1.0
2025-06-13,101.0606689453125,0.5816523618436531,0.582443941251821,101.94671586608533,99.42125483456098,XLC,通信サービス,growth,Weakening,11.0,0.0,-1.0
2025-06-16,102.79458618164062,0.5859818327475034,0.5836232384170486,102.00642686555125,99.52682133056533,XLC,通信サービス,growth,Weakening,11.0,0.0,0.0
2025-06-17,101.88822937011719,0.586448483217572,0.5845649866838898,102.03161941542035,99.32643452418208,XLC,通信サービス,growth,Weakening,11.0,0.0,-2.0
2025-06-18,101.93748474121094,0.5866657264430515,0.585265233270277,102.02651554696645,99.21399569376192,XLC,通信サービス,growth,Weakening,11.0,0.0,-2.0
2025-06-20,101.31681060791016,0.5821418676869502,0.5842241114091682,101.8159185274538,99.3077409518794,XLC,通信サービス,growth,Weakening,11.0,0.0,0.0
2025-06-23,102.59968566894531,0.5843540233205469,0.5842674153796278,101.74755819315723,99.42671904268978,XLC,通信サービス,growth,Weakening,11.0,0.0,0.0
2025-06-24,103.92304229736328,0.5863396146431737,0.5849581484674764,101.75836640511541,99.35561304144082,XLC,通信サービス,growth,Weakening,11.0,0.0,0.0
2025-06-25,103.90328216552734,0.5904884129728363,0.586801569969263,101.89391547984762,99.5363051003373,XLC,通信サービス,growth,Weakening,11.0,0.0,0.0
2025-06-26,105.10813903808594,0.5928614437507057,0.5888215278964106,102.02854591618234,99.76239790705473,XLC,通信サービス,growth,Weakening,11.0,0.0,0.0
2025-06-27,106.34261322021484,0.5976359007415664,0.5917596521781292,102.23396856201988,100.40264801086357,XLC,通信サービス,growth,Leading,11.0,0.0,0.0
2025-06-30,107.18204498291016,0.5995362572125604,0.594351853856273,102.36747242184153,100.7009078954699,XLC,通信サービス,growth,Leading,11.0,0.0,0.0
2025-07-01,106.42162322998047,0.588386837751899,0.592363515154815,102.04617337812135,100.19297029360419,XLC,通信サービス,growth,Leading,11.0,0.0,0.0
2025-07-02,106.11546325683594,0.585356999285557,0.5900280098650623,101.72974434292391,99.49898404018674,XLC,通信サービス,growth,Weakening,11.0,0.0,0.0
2025-07-03,106.69812774658203,0.5857423785757683,0.5885994661019643,101.52875024771672,98.97243317481721,XLC,通信サービス,growth,Weakening,11.0,0.0,0.0
2025-07-07,105.67105865478516,0.584777743776086,0.587325558660005,101.35544943170882,98.39042642980594,XLC,通信サービス,growth,Weakening,10.0,-1.0,-1.0
2025-07-08,105.45378875732422,0.5821176996383907,0.5855896056528003,101.14425282082212,97.92222824838613,XLC,通信サービス,growth,Weakening,10.0,-1.0,-1.0
2025-07-09,105.73030853271484,0.5819061778799379,0.5843617963951795,100.98727413077526,98.22636221556834,XLC,通信サービス,growth,Weakening,9.0,-2.0,-2.0
2025-07-10,105.3747787475586,0.5766092576882998,0.5817776168262196,100.6926228625689,98.32298151525893,XLC,通信サービス,growth,Weakening,8.0,-3.0,-3.0
2025-07-11,104.69335174560547,0.5771052950539084,0.5802201762354493,100.50709499765594,98.41013220587239,XLC,通信サービス,growth,Weakening,8.0,-3.0,-3.0
2025-07-14,105.7204360961914,0.5821670377492582,0.5808691300733856,100.55480224539998,98.76317141473194,XLC,通信サービス,growth,Weakening,8.0,-2.0,-1.0
2025-07-15,104.67359161376953,0.5845078283144796,0.5820820294870837,100.66063620691395,99.23275222902204,XLC,通信サービス,growth,Weakening,9.0,-1.0,0.0
2025-07-16,104.98961639404297,0.5839950164442232,0.5827196918061301,100.70393352517065,99.5307581313172,XLC,通信サービス,growth,Weakening,9.0,0.0,2.0
2025-07-17,105.35503387451172,0.5812884823671989,0.5822426219931531,100.6289749536649,99.84744361885294,XLC,通信サービス,growth,Weakening,9.0,1.0,4.0
2025-07-18,104.8711166381836,0.5788384327037067,0.5811078922300044,100.48259951357153,99.89559917254982,XLC,通信サービス,growth,Weakening,8.0,0.0,3.0
2025-07-21,106.27347564697266,0.5885920493229078,0.5836026112609722,100.73221579511558,100.16112108641168,XLC,通信サービス,growth,Leading,8.0,0.0,2.0
2025-07-22,106.52037048339844,0.5825330191407,0.5832460805542148,100.66906148724556,99.89592879855685,XLC,通信サービス,growth,Weakening,8.0,-1.0,0.0
2025-07-23,107.10304260253906,0.5809070406220834,0.5824664005768377,100.55591281892681,99.64184183688255,XLC,通信サービス,growth,Weakening,7.0,-2.0,-2.0
2025-07-24,107.28080749511719,0.5837398178229922,0.5828908729922226,100.58419604139699,99.76703268749168,XLC,通信サービス,growth,Weakening,9.0,0.0,-1.0
2025-07-25,106.28335571289062,0.5755399571157668,0.5804405677000707,100.25019599081958,99.46919009520879,XLC,通信サービス,growth,Weakening,7.0,-1.0,-1.0
2025-07-28,105.71055603027344,0.5758430181357153,0.5789080511786189,100.01860765387573,98.7634585825723,XLC,通信サービス,growth,Weakening,8.0,0.0,0.0
2025-07-29,104.8019790649414,0.5711691295518025,0.5763284106363468,99.634418849217,98.34844071090845,XLC,通信サービス,growth,Lagging,8.0,0.0,1.0
2025-07-30,105.12788391113281,0.5766861198297211,0.5764476470341382,99.61580262936798,98.54248735014372,XLC,通信サービス,growth,Lagging,6.0,-1.0,1.0
2025-07-31,106.07596588134766,0.5872422165298365,0.5800458368660377,100.10067311538707,99.23465288077604,XLC,通信サービス,growth,Weakening,7.0,-2.0,-2.0
2025-08-01,104.8019790649414,0.5868041939102523,0.5822986225474426,100.40713277398434,100.19451207280882,XLC,通信サービス,growth,Leading,8.0,1.0,2.0
2025-08-04,106.81665802001953,0.5908600787359173,0.5851524412769342,100.81100047742483,101.14106513122759,XLC,通信サービス,growth,Leading,8.0,0.0,0.0
2025-08-05,105.9870834350586,0.5879027185160884,0.5860692003566523,100.92325947074937,101.84184021094843,XLC,通信サービス,growth,Leading,8.0,0.0,0.0
2025-08-06,106.3919906616211,0.591471893930956,0.5878700982147536,101.16482675302991,102.16886423880668,XLC,通信サービス,growth,Leading,8.0,2.0,3.0
2025-08-07,105.93769836425781,0.5893008457042747,0.5883470140445939,101.200180570583,101.51532306880371,XLC,通信サービス,growth,Leading,8.0,1.0,3.0
2025-08-08,106.29322814941406,0.5902128331623819,0.5889689537505233,101.2582840856511,101.14557574621715,XLC,通信サービス,growth,Leading,7.0,-1.0,-2.0
2025-08-11,106.83639526367188,0.5948533713452434,0.5909304262820967,101.52064332087431,100.92599885342676,XLC,通信サービス,growth,Leading,8.0,0.0,0.0
2025-08-12,108.88069152832031,0.5986291506084485,0.5934966677242139,101.87748111953172,101.22975735300571,XLC,通信サービス,growth,Leading,9.0,1.0,1.0
2025-08-13,109.73001861572266,0.5948061558790948,0.5939331637758409,101.90627751679553,100.90278913639048,XLC,通信サービス,growth,Leading,10.0,2.0,0.0
2025-08-14,109.81888580322266,0.5991857187623945,0.5956840154380254,102.11598009931203,101.11223221643942,XLC,通信サービス,growth,Leading,10.0,2.0,1.0
2025-08-15,110.09541320800781,0.6021812087118484,0.5978497465292998,102.36345185592101,101.33156096694158,XLC,通信サービス,growth,Leading,10.0,3.0,4.0
2025-08-18,109.42385864257812,0.5986368560421176,0.5981121163669058,102.31815696192223,100.8837466315489,XLC,通信サービス,growth,Leading,10.0,2.0,2.0
2025-08-19,108.81156158447266,0.5925129857531654,0.596245739495659,101.97493873890927,99.92848088354171,XLC,通信サービス,growth,Weakening,10.0,1.0,0.0
2025-08-20,108.48565673828125,0.5912767805647625,0.5945894198520268,101.68428721341054,99.50467016978467,XLC,通信サービス,growth,Weakening,10.0,0.0,-2.0
2025-08-21,108.36714172363281,0.5926962967982653,0.5939583788341063,101.54517385572846,99.05394515076162,XLC,通信サービス,growth,Weakening,10.0,0.0,-2.0
2025-08-22,109.9275131225586,0.5897446277005572,0.5925537951229233,101.28007692904545,98.40229928104071,XLC,通信サービス,growth,Weakening,10.0,0.0,-3.0
2025-08-25,110.10529327392578,0.5952533975717877,0.5934536626058782,101.38847964305846,98.6440853878139,XLC,通信サービス,growth,Weakening,10.0,0.0,-2.0
2025-08-26,109.62137603759766,0.5922277870677862,0.5930450374265143,101.28301145196284,98.99779558751764,XLC,通信サービス,growth,Weakening,10.0,0.0,-1.0
2025-08-27,109.80902099609375,0.5911053982844381,0.5923984910458222,101.138740200409,99.22231220888217,XLC,通信サービス,growth,Weakening,10.0,0.0,0.0
2025-08-28,110.22379302978516,0.5936210298000181,0.5928060039638875,101.17286386245357,99.50764978457721,XLC,通信サービス,growth,Weakening,10.0,0.0,0.0
2025-08-29,110.00652313232422,0.5928906210551126,0.5928342096609626,101.1438273852788,99.88373255228248,XLC,通信サービス,growth,Weakening,10.0,0.0,0.0
2025-09-02,109.81888580322266,0.5965921232924972,0.5940868475381408,101.31619886392696,99.99041547239017,XLC,通信サービス,growth,Weakening,10.0,0.0,0.0
2025-09-03,111.6557846069336,0.6075126023518191,0.5985620991427003,102.00071049354821,101.17661928521684,XLC,通信サービス,growth,Leading,11.0,1.0,1.0
2025-09-04,112.66311645507812,0.6084990208043736,0.6018744063632581,102.4221034789494,101.94157950638962,XLC,通信サービス,growth,Leading,11.0,1.0,1.0
2025-09-05,113.26554870605469,0.6110386124734846,0.6049291417333336,102.71962222754458,102.2033916146928,XLC,通信サービス,growth,Leading,11.0,1.0,1.0
2025-09-08,113.39393615722656,0.6122186111076785,0.6073589648581152,102.85283516642671,102.29695927584794,XLC,通信サービス,growth,Leading,11.0,1.0,1.0
2025-09-09,114.03585815429688,0.6175866727719165,0.6107682008293824,103.05124485061869,102.20391526137227,XLC,通信サービス,growth,Leading,11.0,1.0,1.0
2025-09-10,113.19641876220703,0.6136616142544351,0.6117326719710667,102.91027311256096,101.11207032831658,XLC,通信サービス,growth,Leading,11.0,0.0,-1.0
2025-09-11,114.9345474243164,0.6138852974629755,0.612450213801703,102.7627725962479,100.37883141550839,XLC,通信サービス,growth,Leading,11.0,0.0,-1.0
2025-09-12,115.89250183105469,0.6234898179588896,0.6161300818540985,102.92596433656561,100.20141237501542,XLC,通信サービス,growth,Leading,11.0,0.0,-1.0
2025-09-15,117.52202606201172,0.6333625950526176,0.6218742529202715,103.20669634473045,100.38016907759871,XLC,通信サービス,growth,Leading,11.0,0.0,-1.0
2025-09-16,117.0479736328125,0.6324843322997038,0.625410946046749,103.20534298284599,100.11351377753981,XLC,通信サービス,growth,Leading,11.0,0.0,-1.0
2025-09-17,117.35413360595703,0.6335325028762969,0.6281181316565984,103.12121740071743,100.1769124310702,XLC,通信サービス,growth,Leading,11.0,0.0,0.0
2025-09-18,117.44300842285156,0.6298979420224264,0.6287114017785411,102.8983946981069,100.06847422939897,XLC,通信サービス,growth,Leading,11.0,0.0,0.0
2025-09-19,117.92692565917969,0.6335965783881631,0.6303397939817484,102.78525098168731,99.70398594174172,XLC,通信サービス,growth,Weakening,11.0,0.0,0.0
2025-09-22,117.5156478881836,0.631085341458594,0.6305883098073637,102.60156856883084,99.10965938385118,XLC,通信サービス,growth,Weakening,10.0,-1.0,-1.0
2025-09-23,117.34717559814453,0.6294124858892034,0.6301963685013103,102.40796491984936,98.8808314475457,XLC,通信サービス,growth,Weakening,10.0,-1.0,-1.0
2025-09-24,116.37596893310547,0.6256621108251844,0.6286849492759351,102.17588066842858,98.72318368104311,XLC,通信サービス,growth,Weakening,10.0,-1.0,-1.0
2025-09-25,115.97956085205078,0.6287070193699857,0.628692305973952,102.06235975056514,98.89058918583862,XLC,通信サービス,growth,Weakening,10.0,-1.0,-1.0
2025-09-26,117.10932159423828,0.6286031312720552,0.6286625810733197,101.95992561366118,98.93698806066756,XLC,通信サービス,growth,Weakening,9.0,-2.0,-2.0
2025-09-29,117.48592376708984,0.628524736645245,0.6286166329306282,101.86829408348183,99.08120159257781,XLC,通信サービス,growth,Weakening,9.0,-1.0,0.0
2025-09-30,117.30753326416016,0.6259162570078924,0.6277165076230496,101.7379721252847,99.18279498883946,XLC,通信サービス,growth,Weakening,10.0,0.0,1.0
2025-10-01,115.66242980957031,0.6157427922245714,0.6237252691568903,101.4522405909256,99.13233092774962,XLC,通信サービス,growth,Weakening,10.0,0.0,1.0
2025-10-02,115.4047622680664,0.6129204233182763,0.6201236538773524,101.20659892997523,98.98196119029842,XLC,通信サービス,growth,Weakening,8.0,-2.0,-1.0
2025-10-03,115.34530639648438,0.6104584703195259,0.6169019260247436,100.99331780803621,98.84977074380637,XLC,通信サービス,growth,Weakening,8.0,-1.0,1.0
2025-10-06,115.46422576904297,0.6112796754323614,0.6150278424939495,100.86055184688084,98.78825693553033,XLC,通信サービス,growth,Weakening,7.0,-2.0,-1.0
2025-10-07,115.01825714111328,0.6116057425004459,0.613887142496115,100.7710961957328,98.83422551307432,XLC,通信サービス,growth,Weakening,8.0,-2.0,-2.0
2025-10-08,114.5425796508789,0.6070989450787311,0.6116244100236536,100.62070584986029,98.99272540458584,XLC,通信サービス,growth,Weakening,8.0,-2.0,-2.0
2025-10-09,113.88849639892578,0.6086680228873245,0.6106389476448773,100.5423231864843,99.18728914354777,XLC,通信サービス,growth,Weakening,8.0,0.0,2.0
2025-10-10,111.78752899169922,0.6112202149234326,0.6108327034043958,100.53087273948796,99.42990490519293,XLC,通信サービス,growth,Weakening,8.0,0.0,1.0
2025-10-13,112.81819152832031,0.610915340214179,0.6108602490076569,100.51039552380998,99.5677836299613,XLC,通信サービス,growth,Weakening,8.0,1.0,3.0
2025-10-14,113.56145477294922,0.6098828233196263,0.6105344404449801,100.46989811425037,99.62981328748843,XLC,通信サービス,growth,Weakening,8.0,0.0,2.0
2025-10-15,114.36418914794922,0.612957997701092,0.611342292863684,100.49490719815041,99.8518252402465,XLC,通信サービス,growth,Weakening,8.0,0.0,2.0
2025-10-16,113.14523315429688,0.6122277176671348,0.6116374344648343,100.48950272661952,99.94422660766996,XLC,通信サービス,growth,Weakening,8.0,0.0,0.0
2025-10-17,113.9083251953125,0.6132424492054485,0.6121724393783724,100.49917006560658,99.97496600152438,XLC,通信サービス,growth,Weakening,8.0,0.0,0.0
2025-10-20,115.1966552734375,0.614038313994255,0.6127943975836666,100.51390609196433,100.01939461317515,XLC,通信サービス,growth,Leading,8.0,0.0,-1.0
2025-10-21,115.60297393798828,0.6133937705870485,0.6129941885847939,100.50291895182256,100.05293933179226,XLC,通信サービス,growth,Leading,8.0,0.0,0.0
2025-10-22,114.60203552246094,0.61102965559367,0.6123393442544193,100.43953221384248,99.9418447533557,XLC,通信サービス,growth,Weakening,8.0,0.0,0.0
2025-10-23,114.21553802490234,0.6060954817675712,0.6102580567588033,100.28492917896354,99.75338470125239,XLC,通信サービス,growth,Weakening,7.0,-1.0,-1.0
2025-10-24,114.51284790039062,0.6060211158561919,0.6088457431245995,100.16832906833565,99.5846106268722,XLC,通信サービス,growth,Weakening,6.0,-2.0,-2.0
2025-10-27,116.1083984375,0.6117463191254335,0.6098126017915442,100.20331674640187,99.59048672965142,XLC,通信サービス,growth,Weakening,7.0,-1.0,-1.0
2025-10-28,115.53359985351562,0.6139912557692364,0.611205486450775,100.26959246576557,99.67143919688439,XLC,通信サービス,growth,Weakening,7.0,-1.0,-1.0
2025-10-29,115.24620819091797,0.6193908729267051,0.6139339486094184,100.43582345398451,99.95918508468021,XLC,通信サービス,growth,Weakening,6.0,-2.0,-2.0
2025-10-30,113.29388427734375,0.6115282457232595,0.6131320476473654,100.35223568226954,100.05346133642558,XLC,通信サービス,growth,Leading,6.0,-1.0,0.0
2025-10-31,113.77948760986328,0.6128095491962222,0.613024548163651,100.31902517169888,100.17665898658761,XLC,通信サービス,growth,Leading,6.0,0.0,2.0
2025-11-03,112.5704345703125,0.6077853598142656,0.6112781520471893,100.1596984351141,99.94827342789213,XLC,通信サービス,growth,Weakening,5.0,-2.0,-1.0
2025-11-04,111.79743957519531,0.6076309601352009,0.6100624214098598,100.03830174657128,99.7243204274408,XLC,通信サービス,growth,Weakening,5.0,-2.0,-1.0
2025-11-05,112.40196228027344,0.6073617133093584,0.6091621853763594,99.93861345474185,99.3783649747248,XLC,通信サービス,growth,Lagging,5.0,-1.0,1.0
2025-11-06,111.39111328125,0.6061711290735751,0.6081651666087646,99.82803660273983,99.36441317007467,XLC,通信サービス,growth,Lagging,5.0,-1.0,0.0
2025-11-07,111.10372161865234,0.5995784674614776,0.6053029335596689,99.56028894618832,99.05870684489584,XLC,通信サービス,growth,Lagging,5.0,-1.0,-1.0
2025-11-10,112.26322174072266,0.6023672689616821,0.6043243786936734,99.45376353709564,99.161209901643,XLC,通信サービス,growth,Lagging,5.0,0.0,2.0
2025-11-11,113.17495727539062,0.6037706636041679,0.6041398069971715,99.41516039452561,99.30687559210898,XLC,通信サービス,growth,Lagging,5.0,0.0,2.0
2025-11-12,112.52088928222656,0.5988610044928164,0.6023802061623865,99.24329334531703,99.22628423907338,XLC,通信サービス,growth,Lagging,4.0,-1.0,0.0
2025-11-13,110.92533874511719,0.5971195253798692,0.6006266459015475,99.07955261556658,99.1700369833393,XLC,通信サービス,growth,Lagging,4.0,-1.0,0.0
2025-11-14,110.33072662353516,0.5961061853079562,0.5991198257036837,98.94182018690559,99.39361867984304,XLC,通信サービス,growth,Lagging,3.0,-2.0,-1.0
2025-11-17,110.18206024169922,0.6032240348917843,0.6004878954330506,99.05163119150212,99.74267679857108,XLC,通信サービス,growth,Lagging,3.0,-2.0,-2.0
2025-11-18,110.8064193725586,0.6062815066766185,0.6024190991809066,99.20411422271842,100.040640602326,XLC,通信サービス,growth,Improving,5.0,0.0,0.0
2025-11-19,110.19197845458984,0.604750287676589,0.6031961620128008,99.24980249372938,100.3662948879931,XLC,通信サービス,growth,Improving,5.0,1.0,2.0
2025-11-20,108.98292541503906,0.6055018112988663,0.6039647117748227,99.28937379087043,100.65929143917587,XLC,通信サービス,growth,Improving,4.0,0.0,1.0
2025-11-21,110.8956069946289,0.604254384232767,0.6040612692608042,99.26804657318078,100.8160517324498,XLC,通信サービス,growth,Improving,4.0,1.0,3.0
2025-11-24,111.99564361572266,0.6077292331997222,0.6052839239071102,99.35225907758603,100.75084461800003,XLC,通信サービス,growth,Improving,4.0,1.0,3.0
2025-11-25,113.2740707397461,0.6060562853301816,0.6055413777148007,99.33905371908548,100.47079710719554,XLC,通信サービス,growth,Improving,6.0,1.0,1.0
2025-11-26,113.43262481689453,0.6026993094178976,0.604594021615833,99.20223319895196,100.17227267829055,XLC,通信サービス,growth,Improving,5.0,0.0,-1.0
2025-11-28,114.35428619384766,0.6043287965197837,0.6045056132504832,99.1493831514595,100.0251897159528,XLC,通信サービス,growth,Improving,5.0,1.0,1.0
2025-12-01,113.81912231445312,0.6056430497339774,0.6048847587449813,99.14911099363998,100.05990544595447,XLC,通信サービス,growth,Improving,5.0,1.0,0.0
2025-12-02,114.19571685791016,0.6082225149584387,0.6059973441494672,99.24756097650436,100.10504408685645,XLC,通信サービス,growth,Improving,5.0,1.0,0.0
2025-12-03,114.09661865234375,0.6030930570671659,0.6050292484553668,99.12803256316927,99.96996460149855,XLC,通信サービス,growth,Lagging,4.0,-2.0,-3.0
2025-12-04,114.75069427490234,0.6063603766475791,0.6054729578527709,99.17648239793655,100.35259340127988,XLC,通信サービス,growth,Improving,3.0,-2.0,-2.0
2025-12-05,116.07866668701172,0.6119400001560552,0.6076286386205323,99.4195393951961,101.04023288841425,XLC,通信サービス,growth,Improving,8.0,3.0,2.0
2025-12-08,115.21647644042969,0.6110546700504328,0.6087706490971658,99.55282115881482,101.549000876184,XLC,通信サービス,growth,Improving,8.0,3.0,2.0
2025-12-09,115.34530639648438,0.6128940717852588,0.6101451233265301,99.71108186163451,101.77151218933002,XLC,通信サービス,growth,Improving,8.0,3.0,2.0
2025-12-10,116.01920318603516,0.6079220679330679,0.6094041048620428,99.63329285322348,101.84640637203513,XLC,通信サービス,growth,Improving,8.0,4.0,6.0
2025-12-11,115.76153564453125,0.6017125758599978,0.6068402618613612,99.3621517887363,101.08376033157282,XLC,通信サービス,growth,Improving,6.0,3.0,5.0
2025-12-12,115.50387573242188,0.6044706955971647,0.6060504064399623,99.29794409529805,100.37266249398954,XLC,通信サービス,growth,Improving,4.0,-4.0,-7.0
2025-12-15,115.523681640625,0.6038251339970899,0.6053086489590049,99.2397823720479,99.92375004757268,XLC,通信サービス,growth,Lagging,4.0,-4.0,-7.0
2025-12-16,115.60297393798828,0.608513185451727,0.6063768277899123,99.3861216339438,99.91432567059223,XLC,通信サービス,growth,Lagging,6.0,-2.0,-5.0
2025-12-17,114.7705078125,0.6057693538983717,0.6061743364927321,99.38544899782724,100.12241571191088,XLC,通信サービス,growth,Improving,5.0,-3.0,-7.0
2025-12-18,115.42459106445312,0.6079220120432508,0.6067568950095716,99.47925329799271,101.02079182190893,XLC,通信サービス,growth,Improving,6.0,0.0,-3.0
2025-12-19,115.47413635253906,0.6059756525955887,0.6064964808715774,99.46784868256802,101.11578377238587,XLC,通信サービス,growth,Improving,6.0,2.0,6.0
2025-12-22,115.98716735839844,0.6041895731538315,0.6057275116323287,99.38263883443591,101.01691790557933,XLC,通信サービス,growth,Improving,6.0,2.0,6.0
2025-12-23,116.71295166015625,0.609387138456974,0.6069473872405439,99.58010911633396,101.11454535538492,XLC,通信サービス,growth,Improving,6.0,0.0,2.0
2025-12-24,117.4089126586914,0.6108066144999077,0.6082337963269985,99.80882314796071,101.63698761524302,XLC,通信サービス,growth,Improving,6.0,1.0,4.0
2025-12-26,117.28961181640625,0.6100285344800562,0.6088320423780178,99.95193648934193,101.70009428637474,XLC,通信サービス,growth,Improving,6.0,0.0,0.0
2025-12-29,117.21006774902344,0.6106228393836949,0.6094289747132435,100.12249803726183,102.0558054693796,XLC,通信サービス,growth,Leading,7.0,1.0,-1.0
2025-12-30,117.60775756835938,0.6136777373022946,0.6108452289095939,100.51091685697585,102.94782879019188,XLC,通信サービス,growth,Leading,8.0,2.0,0.0
2025-12-31,117.04105377197266,0.6159811579083213,0.6125572052425031,101.01953091161995,103.29494631323313,XLC,通信サービス,growth,Leading,9.0,3.0,3.0
2026-01-02,116.22578430175781,0.6075671694328739,0.6108938599726268,100.69706155491797,102.04167032480356,XLC,通信サービス,growth,Leading,8.0,2.0,1.0
2026-01-05,117.07087707519531,0.6063571438619707,0.6093816212690748,100.3499188800151,100.99687657024292,XLC,通信サービス,growth,Leading,6.0,0.0,0.0
2026-01-06,116.65330505371094,0.596986949826487,0.6052500641215456,99.2536800509227,98.29227148515207,XLC,通信サービス,growth,Lagging,6.0,-1.0,-2.0
2026-01-07,116.41468048095703,0.6025250627867814,0.6043417303432909,99.02872300003094,97.12141730166516,XLC,通信サービス,growth,Lagging,4.0,-4.0,-6.0
2026-01-08,116.80243682861328,0.5993931261313844,0.6026921956059887,98.61206110108931,95.89826405934281,XLC,通信サービス,growth,Lagging,4.0,-5.0,-8.0
2026-01-09,117.2299575805664,0.598116358918278,0.6011669167100852,98.2609405718793,96.34435129205156,XLC,通信サービス,growth,Lagging,4.0,-4.0,-6.0
2026-01-12,116.87203216552734,0.5957475049515177,0.599360446123896,97.8815138811907,96.68232795836946,XLC,通信サービス,growth,Lagging,1.0,-5.0,-5.0
2026-01-13,116.21583557128906,0.5924025859274226,0.5970411593917382,97.44982672569424,97.76777191678121,XLC,通信サービス,growth,Lagging,1.0,-5.0,-4.0
2026-01-14,115.96727752685547,0.5884578117760451,0.5941800435198406,97.01459996427309,97.63159419743612,XLC,通信サービス,growth,Lagging,1.0,-3.0,1.0
2026-01-15,115.53976440429688,0.5837030742178012,0.5906877204191607,96.60669600660107,97.77787347388241,XLC,通信サービス,growth,Lagging,1.0,-3.0,2.0
2026-01-16,114.50575256347656,0.5799614211705635,0.5871122873362951,96.35714839743639,98.00995982481895,XLC,通信サービス,growth,Lagging,1.0,-3.0,1.0
2026-01-20,112.81555938720703,0.5800557501458283,0.5847601082728062,96.40070754752986,98.57729924419507,XLC,通信サービス,growth,Lagging,1.0,0.0,5.0
2026-01-21,113.96886444091797,0.5762289488050121,0.5819163884502082,96.40147398501844,99.12121645456278,XLC,通信サービス,growth,Lagging,1.0,0.0,5.0
2026-01-22,115.57952880859375,0.5836115354545807,0.5824814374516657,96.8226916771169,100.14844307424127,XLC,通信サービス,growth,Improving,1.0,0.0,3.0
2026-01-23,116.28543090820312,0.5898050300831537,0.584922634995495,97.369673351045,101.25898027369,XLC,通信サービス,growth,Improving,2.0,1.0,4.0
2026-01-26,117.09075927734375,0.5924886955807372,0.5874446551905758,97.83750307582665,102.00529846267564,XLC,通信サービス,growth,Improving,2.0,1.0,4.0
2026-01-27,116.22578430175781,0.5890283966515971,0.5879725690109162,98.01105786024324,102.04471448783407,XLC,通信サービス,growth,Improving,2.0,1.0,1.0
2026-01-28,116.07664489746094,0.5902605598164972,0.5887352326127766,98.19176046235623,102.12324266481899,XLC,通信サービス,growth,Improving,2.0,1.0,1.0
2026-01-29,119.09911346435547,0.6048368711471604,0.5941024454575712,98.89680726226922,102.28136473817234,XLC,通信サービス,growth,Improving,4.0,3.0,3.0
2026-01-30,119.38744354248047,0.6076479209727492,0.5986176039626305,99.48199194113815,102.19451953381702,XLC,通信サービス,growth,Improving,7.0,5.0,4.0
2026-02-02,118.97980499267578,0.6024707723896001,0.5999019934382871,99.66596518901787,101.83847636039808,XLC,通信サービス,growth,Improving,7.0,5.0,4.0
2026-02-03,117.0609359741211,0.5943363966229055,0.5980467944998266,99.45246035191668,101.42896528736267,XLC,通信サービス,growth,Improving,7.0,5.0,4.0
2026-02-04,116.12635803222656,0.5844990932359851,0.5935308940785461,98.90317097710623,100.7349410133508,XLC,通信サービス,growth,Improving,6.0,4.0,3.0
2026-02-05,115.53976440429688,0.5866428063911098,0.5912348648494007,98.65262118424522,99.84942801312279,XLC,通信サービス,growth,Lagging,5.0,1.0,-2.0
2026-02-06,115.09235382080078,0.5736810084906425,0.5853835793964813,98.00087262339672,98.73291302388309,XLC,通信サービス,growth,Lagging,3.0,-4.0,-9.0
2026-02-09,116.20588684082031,0.5788879744554579,0.5832183777494735,97.85158126266204,98.47450522617402,XLC,通信サービス,growth,Lagging,3.0,-4.0,-9.0
2026-02-10,116.90185546875,0.580290492150307,0.5822424158830847,97.85781985769299,98.69886165366079,XLC,通信サービス,growth,Lagging,3.0,-4.0,-9.0
2026-02-11,116.06670379638672,0.575125437654758,0.5798700898069759,97.72505978424454,99.0802898885985,XLC,通信サービス,growth,Lagging,3.0,-3.0,-7.0
2026-02-12,113.97881317138672,0.5722898572354405,0.577343345616464,97.60644359107029,99.20589065148334,XLC,通信サービス,growth,Lagging,3.0,-2.0,-3.0
2026-02-13,113.91915893554688,0.5661257949644737,0.5736041620658006,97.40936208230724,99.60496478231873,XLC,通信サービス,growth,Lagging,2.0,-1.0,3.0
2026-02-17,113.74019622802734,0.5662133006785449,0.571140541603382,97.3706118411424,99.69824347729926,XLC,通信サービス,growth,Lagging,2.0,-1.0,3.0
2026-02-18,113.9291000366211,0.5642283109032442,0.5688364647033362,97.36203771219486,99.68323159192977,XLC,通信サービス,growth,Lagging,2.0,-1.0,3.0
2026-02-19,114.4759292602539,0.568136567035893,0.5686031654808552,97.52081164252168,99.93815561219395,XLC,通信サービス,growth,Lagging,2.0,-1.0,2.0
2026-02-20,116.12635803222656,0.5736448698725937,0.5702837336114347,97.79698137667798,100.28149654467227,XLC,通信サービス,growth,Improving,2.0,-1.0,1.0
2026-02-23,114.69466400146484,0.572859909909395,0.5711424590440881,97.97602994687992,100.60433894772143,XLC,通信サービス,growth,Improving,4.0,2.0,3.0
2026-02-24,115.49005126953125,0.5722680502556614,0.5715176561146126,98.09994346812375,100.73762903234807,XLC,通信サービス,growth,Improving,4.0,2.0,3.0
2026-02-25,115.82808685302734,0.5736048186704058,0.5722133769665436,98.23373726877406,100.85096230898176,XLC,通信サービス,growth,Improving,3.0,1.0,2.0
2026-02-26,116.04682159423828,0.5714599532161792,0.5719622357164221,98.28979537274601,100.75197023706572,XLC,通信サービス,growth,Improving,4.0,2.0,3.0
2026-02-27,117.36915588378906,0.5772948598432803,0.5737397770920416,98.47969608694946,100.66706465269746,XLC,通信サービス,growth,Improving,4.0,2.0,3.0
2026-03-02,117.19019317626953,0.5774852329215863,0.5749882623685565,98.62020196104052,100.62211489891894,XLC,通信サービス,growth,Improving,4.0,0.0,-2.0
2026-03-03,117.2796630859375,0.5851044271986121,0.5783603173119084,98.89719935759673,100.73836132531608,XLC,通信サービス,growth,Improving,5.0,1.0,-1.0
2026-03-04,118.1048812866211,0.5868690564802558,0.5811965637013576,99.1266166279815,100.80262243571966,XLC,通信サービス,growth,Improving,5.0,2.0,1.0
2026-03-05,117.75690460205078,0.5919968484383761,0.5847966586136972,99.40395810056278,100.96810135558984,XLC,通信サービス,growth,Improving,5.0,1.0,-1.0
2026-03-06,116.78255462646484,0.5941798650152573,0.587924394080884,99.64441836434382,100.98479871209709,XLC,通信サービス,growth,Improving,5.0,1.0,-1.0
2026-03-09,116.88197326660156,0.5930096646930585,0.5896194842849423,99.78242265107896,100.9594669775781,XLC,通信サービス,growth,Improving,5.0,1.0,1.0
2026-03-10,116.70301055908203,0.5965751009281325,0.5919380231660056,99.96709088868673,100.86650238589533,XLC,通信サービス,growth,Improving,5.0,0.0,-1.0
2026-03-11,116.32520294189453,0.5966100430826117,0.5934953631382076,100.09916759989851,100.77476743386451,XLC,通信サービス,growth,Leading,5.0,0.0,-2.0
2026-03-12,114.60517883300781,0.5970214920948813,0.5946707394570989,100.20667356136568,100.62816103241747,XLC,通信サービス,growth,Leading,5.0,0.0,-1.0
2026-03-13,113.78990936279297,0.5928050284648082,0.594048835793002,100.18094296170982,100.40757410675322,XLC,通信サービス,growth,Leading,5.0,0.0,-1.0
2026-03-16,114.66484069824219,0.5929509093530195,0.593682860313008,100.17086730320072,100.28233538678786,XLC,通信サービス,growth,Leading,5.0,0.0,-1.0
2026-03-17,114.70460510253906,0.5898587169730307,0.5924081458663489,100.09082861415521,100.06039725701973,XLC,通信サービス,growth,Leading,5.0,0.0,0.0
2026-03-18,113.00447082519531,0.5888653537993461,0.591227215177348,100.01698113853445,99.88711953179372,XLC,通信サービス,growth,Weakening,5.0,0.0,0.0
2026-03-19,112.48746490478516,0.5866260255342216,0.5896934852963058,99.91694142346911,99.71499016277403,XLC,通信サービス,growth,Lagging,5.0,0.0,0.0
2026-03-20,111.58271789550781,0.5905838640983198,0.5899902782303106,99.96019453011533,99.77166780401666,XLC,通信サービス,growth,Lagging,6.0,1.0,1.0
2026-03-23,112.41754150390625,0.5887261368767835,0.5895688977791349,99.94758232504684,99.7741283340017,XLC,通信サービス,growth,Lagging,6.0,1.0,1.0
2026-03-24,110.84164428710938,0.5797775842024668,0.5863051265869123,99.70481620036585,99.64721364595653,XLC,通信サービス,growth,Lagging,5.0,0.0,0.0
2026-03-25,111.15084075927734,0.5785911439841269,0.5837337990526505,99.51622267413157,99.56153697830153,XLC,通信サービス,growth,Lagging,4.0,-1.0,-1.0
2026-03-26,108.52766418457031,0.5701693777186375,0.5792123252746462,99.16674205971275,99.37013206592866,XLC,通信サービス,growth,Lagging,3.0,-2.0,-2.0
2026-03-27,106.76226043701172,0.568692161195884,0.5757056039150588,98.90203376459208,99.14071277036177,XLC,通信サービス,growth,Lagging,3.0,-3.0,-4.0
2026-03-30,107.67987060546875,0.5747694193270834,0.5753935423857337,98.90428678009567,99.17612723527255,XLC,通信サービス,growth,Lagging,4.0,-2.0,-3.0
2026-03-31,110.57234191894531,0.5783689486897191,0.5763853444870621,99.01518352250913,99.4813537997282,XLC,通信サービス,growth,Lagging,4.0,-1.0,-1.0
2026-04-01,110.95135498046875,0.5784826766057625,0.5770844551932957,99.09823406743425,99.72071408236721,XLC,通信サービス,growth,Lagging,4.0,0.0,1.0
2026-04-02,111.41016387939453,0.5792202499744755,0.5777963867870223,99.18038010682766,100.09461357653508,XLC,通信サービス,growth,Improving,3.0,0.0,2.0
2026-04-06,111.47000885009766,0.5770508778516543,0.5775478838085664,99.1742823082655,100.3191510531022,XLC,通信サービス,growth,Improving,3.0,0.0,3.0
2026-04-07,111.52985382080078,0.5786437803290958,0.5779131826487429,99.22856491215519,100.36371193893997,XLC,通信サービス,growth,Improving,3.0,-1.0,1.0
2026-04-08,113.51468658447266,0.5756430729022428,0.5771564793999095,99.17245125362204,100.2112260430421,XLC,通信サービス,growth,Improving,3.0,-1.0,0.0
2026-04-09,113.97349548339844,0.5776195895676619,0.577310849455827,99.21044641816648,100.15396524736211,XLC,通信サービス,growth,Improving,3.0,-1.0,-1.0
2026-04-10,113.6543197631836,0.5801906225572883,0.5782707738229808,99.33823807883441,100.16344181003716,XLC,通信サービス,growth,Improving,3.0,0.0,0.0
2026-04-13,114.5220718383789,0.5782104940481515,0.5782506805647044,99.35947440627571,100.15672709861404,XLC,通信サービス,growth,Improving,4.0,1.0,1.0
2026-04-14,116.25755310058594,0.584532681807992,0.5803446809791336,99.62683798754338,100.32251189082984,XLC,通信サービス,growth,Improving,4.0,1.0,2.0
2026-04-15,117.05548095703125,0.5883383153074222,0.5830092257552298,99.96881986521866,100.67599893711166,XLC,通信サービス,growth,Improving,5.0,2.0,3.0
2026-04-16,118.52166748046875,0.5930057497028648,0.5863414004044416,100.39320660323462,101.02896699743536,XLC,通信サービス,growth,Leading,6.0,3.0,4.0
2026-04-17,118.79096221923828,0.5869807868231821,0.5865545292106884,100.42985449090733,100.91839178462973,XLC,通信サービス,growth,Leading,8.0,5.0,5.0
2026-04-20,118.4418716430664,0.5834178961121366,0.5855089848445045,100.30417699523213,100.74656913493743,XLC,通信サービス,growth,Leading,8.0,4.0,3.0
2026-04-21,116.85600280761719,0.5791585139559107,0.5833921612149733,100.04493710719467,100.15722175599743,XLC,通信サービス,growth,Leading,7.0,3.0,2.0
2026-04-22,117.57412719726562,0.5829767218262282,0.583253681418725,100.02517135583408,99.73666646523935,XLC,通信サービス,growth,Weakening,7.0,2.0,0.0
2026-04-23,117.08539581298828,0.5805820916730488,0.5823631515034996,99.91515318243998,99.14843179825093,XLC,通信サービス,growth,Lagging,6.0,0.0,-3.0
2026-04-24,115.24020385742188,0.5726204377398134,0.5791155802489376,99.52517591708636,98.71812537549668,XLC,通信サービス,growth,Lagging,3.0,-5.0,-10.0
2026-04-27,115.5094985961914,0.5746411866072554,0.5776241157017102,99.36059208274267,98.71605442417815,XLC,通信サービス,growth,Lagging,3.0,-5.0,-9.0
2026-04-28,115.44965362548828,0.5772901537274319,0.5775127950436175,99.36730871470493,99.03745371297373,XLC,通信サービス,growth,Lagging,3.0,-4.0,-7.0
2026-04-29,114.99085235595703,0.5760001164834739,0.577008568856903,99.32737196299422,99.04067683306236,XLC,通信サービス,growth,Lagging,3.0,-4.0,-6.0
2026-04-30,116.20768737792969,0.5734257325519085,0.5758142900885715,99.20602634315615,99.04670108335836,XLC,通信サービス,growth,Lagging,3.0,-3.0,-3.0
2026-05-01,116.4171371459961,0.5762153424587596,0.5759479742119675,99.24447959955953,99.57504821581747,XLC,通信サービス,growth,Lagging,3.0,0.0,5.0
2026-05-04,115.79874420166016,0.5765086621928989,0.5761348702056114,99.28751872881504,99.86208487024908,XLC,通信サービス,growth,Lagging,4.0,1.0,6.0
2026-05-05,115.32996368408203,0.5696546512279932,0.573974797213072,99.014042429589,99.52806960384348,XLC,通信サービス,growth,Lagging,4.0,1.0,5.0
2026-05-06,117.04550170898438,0.5735845371412112,0.5738447105224518,99.02238622333293,99.61037232662049,XLC,通信サービス,growth,Lagging,3.0,0.0,4.0
2026-05-07,117.07542419433594,0.5774237989075038,0.5750377399841359,99.2178548028415,100.02339236896879,XLC,通信サービス,growth,Improving,5.0,2.0,5.0
2026-05-08,116.6365737915039,0.5736809284332921,0.5745854694671879,99.17859137273325,99.88744475983961,XLC,通信サービス,growth,Lagging,6.0,3.0,3.0
2026-05-11,115.28009796142578,0.5673148050459879,0.5721619146601212,98.86582169440409,99.33926750109332,XLC,通信サービス,growth,Lagging,5.0,1.0,0.0
2026-05-12,115.55937194824219,0.5691914606162943,0.5711717633121789,98.76459535064127,99.53519171738651,XLC,通信サービス,growth,Lagging,4.0,0.0,-1.0
2026-05-13,116.45703887939453,0.5761287937181883,0.5728241067808487,99.02075986616293,99.87577122404646,XLC,通信サービス,growth,Lagging,4.0,1.0,1.0
2026-05-14,116.8061294555664,0.5757561296163963,0.5738014477260314,99.16903912817226,99.77272599774356,XLC,通信サービス,growth,Lagging,4.0,-1.0,-3.0
2026-05-15,115.77880096435547,0.5766381684322713,0.5747470212947781,99.29656713534722,100.01946252437702,XLC,通信サービス,growth,Improving,5.0,-1.0,-4.0
2026-05-18,116.67646789550781,0.5775558866709262,0.5756833097534941,99.41155348255248,100.68048417267187,XLC,通信サービス,growth,Improving,6.0,1.0,0.0
2026-05-19,115.54939270019531,0.5753243350202353,0.5755636515090745,99.36918246222511,100.74959919309981,XLC,通信サービス,growth,Improving,6.0,2.0,2.0
2026-05-20,115.79874420166016,0.5703145167284164,0.5738139399155218,99.0933547479305,99.8846555589767,XLC,通信サービス,growth,Lagging,5.0,1.0,0.0
2026-05-21,115.79874420166016,0.5678628348041498,0.5718302382117311,98.79604704145193,99.18353727626157,XLC,通信サービス,growth,Lagging,4.0,0.0,1.0
2026-05-22,115.16040802001953,0.5596204727232983,0.5677603163822535,98.23176438576749,98.15918449890505,XLC,通信サービス,growth,Lagging,4.0,-1.0,0.0
2026-05-26,115.25017547607422,0.5571976197231538,0.564239417495887,97.80477187475545,97.48778691362769,XLC,通信サービス,growth,Lagging,3.0,-3.0,-4.0
2026-05-27,115.95833587646484,0.5610266163064244,0.5631684837660662,97.75174981445831,97.62025471069254,XLC,通信サービス,growth,Lagging,1.0,-5.0,-7.0
2026-05-28,116.36726379394531,0.560950425153074,0.5624291308950689,97.75006487168558,98.10427714882469,XLC,通信サービス,growth,Lagging,2.0,-3.0,-4.0
2026-05-29,115.38981628417969,0.5546937468665383,0.5598506695522254,97.55781363433519,98.3226039741836,XLC,通信サービス,growth,Lagging,2.0,-2.0,-2.0
2026-06-01,115.31002044677734,0.5533033169904026,0.5576682186982844,97.45896105278183,99.0017683002859,XLC,通信サービス,growth,Lagging,3.0,-1.0,0.0
2026-06-02,113.27531433105469,0.5413921610854432,0.5522428661606706,97.09081335492347,99.1122943312133,XLC,通信サービス,growth,Lagging,1.0,-2.0,1.0
2026-06-03,111.78917694091797,0.536306383717614,0.5469307053463184,96.85527325249952,98.89154052645135,XLC,通信サービス,growth,Lagging,1.0,0.0,5.0
2026-06-04,112.8165054321289,0.537178870635415,0.5436800937760173,96.86803618948635,98.94013635619936,XLC,通信サービス,growth,Lagging,1.0,-1.0,2.0
2026-06-05,111.38024139404297,0.5379954321267365,0.5417852065595904,96.98793416208859,99.40876265251285,XLC,通信サービス,growth,Lagging,1.0,-1.0,1.0
2026-06-08,110.80174255371094,0.5357683020523426,0.5397795717238412,97.07997749989053,99.71493307970161,XLC,通信サービス,growth,Lagging,1.0,-2.0,-1.0
2026-06-09,111.19073486328125,0.5335883702128504,0.5377158378868443,97.15179509675652,100.41479351670039,XLC,通信サービス,growth,Improving,1.0,0.0,2.0
2026-06-10,110.72195434570312,0.5381821596235774,0.5378712784657553,97.35203772815443,101.1232516093847,XLC,通信サービス,growth,Improving,1.0,0.0,0.0
2026-06-11,111.8290786743164,0.5352189361903347,0.5369871643739484,97.45241051878236,101.27752665157894,XLC,通信サービス,growth,Improving,1.0,0.0,1.0
2026-06-12,111.36029815673828,0.5281907679734719,0.5340550322404563,97.41945129234327,101.03967083567288,XLC,通信サービス,growth,Improving,1.0,0.0,1.0
2026-06-15,111.89889526367188,0.5276787550435396,0.5319296065081507,97.44505540178974,100.93457328818182,XLC,通信サービス,growth,Improving,1.0,0.0,2.0
2026-06-16,112.02855682373047,0.5300580891234145,0.5313057673799053,97.55716610223473,100.98637649205288,XLC,通信サービス,growth,Improving,1.0,0.0,0.0
2026-06-17,108.9166488647461,0.5231755638020366,0.5285956995206158,97.54505542634298,100.6396719299182,XLC,通信サービス,growth,Improving,1.0,0.0,0.0
2026-06-18,109.16600036621094,0.5219507319512755,0.5263807103308358,97.56818539702209,100.50594647865941,XLC,通信サービス,growth,Improving,1.0,0.0,0.0
2026-06-22,106.86000061035156,0.5098039229960019,0.5208551145525578,97.42888371893801,100.33152456210777,XLC,通信サービス,growth,Improving,1.0,0.0,0.0
2026-06-23,107.2699966430664,0.5135238496648786,0.5184113595899982,97.46738693368984,100.34542511449683,XLC,通信サービス,growth,Improving,1.0,0.0,0.0
2026-06-24,106.54000091552734,0.5064169523851522,0.5144132238550496,97.4402643896745,100.1187522967409,XLC,通信サービス,growth,Improving,1.0,0.0,0.0
2026-06-25,105.58000183105469,0.4986068563450044,0.5091444346850346,97.37540704497442,100.02710075442621,XLC,通信サービス,growth,Improving,1.0,0.0,0.0
2026-06-26,106.18000030517578,0.5048737650980826,0.5077208781560506,97.49030114024004,100.15655602331127,XLC,通信サービス,growth,Improving,1.0,0.0,0.0
2026-06-29,107.87999725341797,0.5063599892425718,0.5072672485182244,97.62936659971427,100.5763608435133,XLC,通信サービス,growth,Improving,1.0,0.0,0.0
2026-06-30,107.12999725341797,0.5035014104536724,0.5060119691633738,97.71951466590987,100.63532144145175,XLC,通信サービス,growth,Improving,1.0,0.0,0.0
2026-07-01,109.73999786376953,0.5142214328317998,0.5087484570528491,97.94607486610282,101.01816474280831,XLC,通信サービス,growth,Improving,2.0,1.0,1.0
2026-07-02,109.5999984741211,0.5099809064562618,0.5091592735206534,98.06068841635184,101.26861208416138,XLC,通信サービス,growth,Improving,2.0,1.0,1.0
2026-07-06,110.20999908447266,0.512604646904524,0.510307731315277,98.18984314069871,101.25778506560827,XLC,通信サービス,growth,Improving,3.0,2.0,2.0
2026-07-07,111.0199966430664,0.5170213703349323,0.5125456109884954,98.34568412728126,101.26006457865334,XLC,通信サービス,growth,Improving,3.0,2.0,2.0
2026-07-08,109.45999908447266,0.5158341218599126,0.5136417812789678,98.44855343967252,101.25768033736728,XLC,通信サービス,growth,Improving,5.0,4.0,4.0
2026-07-09,110.51000213623047,0.5176112512235619,0.5149649379271658,98.55212587774037,101.04572377499309,XLC,通信サービス,growth,Improving,6.0,4.0,3.0
2026-07-10,111.63999938964844,0.5209519262707855,0.5169606007083725,98.67251105194492,101.0338623306153,XLC,通信サービス,growth,Improving,6.0,4.0,3.0
2026-07-13,111.58999633789062,0.5208887577060519,0.5182699863742657,98.76235475006771,100.95682673637714,XLC,通信サービス,growth,Improving,5.0,2.0,0.0
2026-07-14,111.44999694824219,0.5221363248614467,0.5195587658699927,98.84723359688599,100.83668269928015,XLC,通信サービス,growth,Improving,5.0,2.0,0.0
2026-07-15,113.37999725341797,0.5323754359935465,0.5238309892445107,99.0328358951463,100.95457587795251,XLC,通信サービス,growth,Improving,5.0,0.0,-4.0
2026-07-16,112.6500015258789,0.5238073226295238,0.5238231003728484,99.06263777750928,100.85595453670221,XLC,通信サービス,growth,Improving,5.0,-1.0,-5.0
2026-07-17,110.6500015258789,0.5185827626096513,0.5220763211184494,99.02941557688106,100.65839473352261,XLC,通信サービス,growth,Improving,3.0,-3.0,-7.0
2026-07-20,110.80000305175781,0.5216081536900992,0.5219202653089994,99.053076996919,100.58891624755118,XLC,通信サービス,growth,Improving,3.0,-2.0,-4.0
2026-07-21,110.02999877929688,0.5171554879682121,0.5203320061954037,99.02439055334976,100.4349021474093,XLC,通信サービス,growth,Improving,3.0,-2.0,-4.0
2026-07-22,109.19999694824219,0.513399146756051,0.5180210530489529,98.969885175641,100.05337404551929,XLC,通信サービス,growth,Improving,3.0,-2.0,-2.0
2026-07-23,105.37999725341797,0.4972631094938369,0.5111017385305809,98.74876493896973,99.64878190830574,XLC,通信サービス,growth,Lagging,3.0,-2.0,-1.0
2026-07-24,106.30000305175781,0.4977290790199052,0.5066441853603557,98.62444510005709,99.49591368900134,XLC,通信サービス,growth,Lagging,2.0,-1.0,2.0
2026-07-27,107.66000366210938,0.5003253430923024,0.504537904604338,98.59143539825132,99.38352401868153,XLC,通信サービス,growth,Lagging,2.0,-1.0,1.0
2026-07-28,109.66999816894531,0.5037897787633322,0.5042885293240028,98.62683908173061,99.4685231860016,XLC,通信サービス,growth,Lagging,3.0,0.0,2.0
2026-07-29,109.51000213623047,0.5076252922868386,0.5054007836449481,98.70910562112422,99.686976099982,XLC,通信サービス,growth,Lagging,3.0,0.0,2.0
2026-07-30,106.58000183105469,0.49484631541839036,0.5018826275694288,98.62054325939452,99.89717732161482,XLC,通信サービス,growth,Lagging,4.0,1.0,3.0
2026-07-31,108.23999786376953,0.5034184485797389,0.5023945679061989,98.68107415207224,100.19703931172445,XLC,通信サービス,growth,Improving,3.0,1.0,2.0
2024-08-01,41.832130432128906,0.25472907856719695,0.25472907856719695,,,XLF,金融,value,,,,
2024-08-02,40.80379104614258,0.25281764922607064,0.2540919354534882,,,XLF,金融,value,,,,
2024-08-05,39.6202278137207,0.25142432238536694,0.2532027310974478,,,XLF,金融,value,,,,
2024-08-06,40.26051330566406,0.25289383983929126,0.25309976734472894,,,XLF,金融,value,,,,
2024-08-07,40.309024810791016,0.25499671274613744,0.2537320824785318,,,XLF,金融,value,,,,
2024-08-08,40.95901107788086,0.2544965849088249,0.2539869166219628,,,XLF,金融,value,,,,
2024-08-09,41.133636474609375,0.2550448468146571,0.2543395600195276,,,XLF,金融,value,,,,
2024-08-12,40.92020797729492,0.2549453564951799,0.2545414921780784,,,XLF,金融,value,,,,
2024-08-13,41.2597541809082,0.25416445854965675,0.2544158143019379,,,XLF,金融,value,,,,
2024-08-14,41.764217376708984,0.2567362963075523,0.25518930830380937,,,XLF,金融,value,,,,
2024-08-15,42.15227508544922,0.25565406737849616,0.25534422799537165,,,XLF,金融,value,,,,
2024-08-16,42.46272277832031,0.2569186293903877,0.255869028460377,,,XLF,金融,value,,,,
2024-08-19,42.69554901123047,0.2563757783552195,0.2560379450919912,,,XLF,金融,value,,,,
2024-08-20,42.559730529785156,0.2565741506460821,0.25621668027668815,,,XLF,金融,value,,,,
2024-08-21,42.491825103759766,0.2543837496977488,0.2556057034170417,,,XLF,金融,value,,,,
2024-08-22,42.73435974121094,0.25656409162268434,0.2559251661522559,,,XLF,金融,value,,,,
2024-08-23,43.103004455566406,0.25552590439555806,0.2557920789000233,,,XLF,金融,value,,,,
2024-08-26,43.238826751708984,0.2563752506347181,0.25598646947825493,,,XLF,金融,value,,,,
2024-08-27,43.461952209472656,0.2575799558202726,0.2565176315922608,,,XLF,金融,value,,,,
2024-08-28,43.568668365478516,0.2589252672098447,0.25732017679812214,,,XLF,金融,value,,,,
2024-08-29,43.95672607421875,0.2602585250028142,0.25829962619968616,,,XLF,金融,value,,,,
2024-08-30,44.373878479003906,0.2607116768820528,0.2591036430938084,,,XLF,金融,value,,,,
2024-09-03,44.044036865234375,0.26214231483196926,0.26011653367319537,,,XLF,金融,value,,,,
2024-09-04,44.0925407409668,0.2628094479930559,0.26101417177981556,,,XLF,金融,value,,,,
2024-09-05,43.60747528076172,0.26151732527647115,0.26118188961203415,,,XLF,金融,value,,,,
2024-09-06,42.967185974121094,0.26047420055282483,0.2609459932589644,,,XLF,金融,value,,,,
2024-09-09,43.60747528076172,0.2618212422407137,0.2612377429195475,,,XLF,金融,value,,,,
2024-09-10,43.16120910644531,0.25899136119542376,0.26048894901150627,,,XLF,金融,value,,,,
2024-09-11,42.957489013671875,0.2576491805505144,0.259542359524509,,,XLF,金融,value,,,,
2024-09-12,43.054500579833984,0.2566371285002104,0.25857394918307613,,,XLF,金融,value,,,,
2024-09-13,43.18061447143555,0.25494751200734567,0.257365136791166,,,XLF,金融,value,,,,
2024-09-16,43.743289947509766,0.2564089715405171,0.2570464150409497,,,XLF,金融,value,,,,
2024-09-17,43.976131439208984,0.25739415921103964,0.2571623297643131,,,XLF,金融,value,,,,
2024-09-18,43.84030532836914,0.2570797134426308,0.257134790990419,,,XLF,金融,value,,,,
2024-09-19,44.325374603271484,0.2571802718318014,0.2571499512708798,,,XLF,金融,value,,,,
2024-09-20,44.29627227783203,0.25795290987359687,0.25741760413845216,,,XLF,金融,value,,,,
2024-09-23,44.24271774291992,0.2563285823768609,0.2570545968845884,,,XLF,金融,value,,,,
2024-09-24,43.872737884521484,0.2538135676259153,0.255974253798364,,,XLF,金融,value,,,,
2024-09-25,43.60984802246094,0.2538622973919916,0.2552702683295732,,,XLF,金融,value,,,,
2024-09-26,43.83378219604492,0.25304766757954505,0.2545294014128972,,,XLF,金融,value,,,,
2024-09-27,43.960357666015625,0.2528706798488913,0.2539764942248952,,,XLF,金融,value,,,,
2024-09-30,44.125885009765625,0.25349695987803395,0.2538166494426081,,,XLF,金融,value,,,,
2024-10-01,43.892208099365234,0.2534987031248733,0.25371066733669656,,,XLF,金融,value,,,,
2024-10-02,43.94088363647461,0.2540507086920654,0.25382401445515285,,,XLF,金融,value,,,,
2024-10-03,43.707210540771484,0.25389773128868715,0.2538485867329976,,,XLF,金融,value,,,,
2024-10-04,44.44718551635742,0.2561864803221967,0.254627884596064,,,XLF,金融,value,,,,
2024-10-07,43.90194320678711,0.2550289446856859,0.2547615712926046,,,XLF,金融,value,,,,
2024-10-08,44.155094146728516,0.2558929020682349,0.25513868155114805,,,XLF,金融,value,,,,
2024-10-09,44.564022064208984,0.256500767557544,0.25559271021994673,,,XLF,金融,value,,,,
2024-10-10,44.427711486816406,0.25667792572897763,0.25595444872295703,,,XLF,金融,value,,,,
2024-10-11,45.28451919555664,0.25908309225708304,0.25699732990099905,,,XLF,金融,value,,,,
2024-10-14,45.5668830871582,0.25879962287670993,0.25759809422623603,,,XLF,金融,value,,,,
2024-10-15,45.664249420166016,0.2605314876657566,0.25857589203940956,,,XLF,金融,value,,,,
2024-10-16,46.22896957397461,0.26198168206348393,0.2597111553807677,,,XLF,金融,value,,,,
2024-10-17,46.35553741455078,0.26311909548787593,0.2608471354164705,,,XLF,金融,value,,,,
2024-10-18,46.36527633666992,0.2623929865495945,0.2613624191275118,,,XLF,金融,value,,,,
2024-10-21,45.995296478271484,0.2625366378824186,0.2617538253791474,,,XLF,金融,value,,,,
2024-10-22,45.90766143798828,0.2632188167839321,0.26224215584740895,,,XLF,金融,value,,,,
2024-10-23,45.868717193603516,0.2638627812742841,0.26278236432303403,,,XLF,金融,value,,,,
2024-10-24,45.90766143798828,0.2640277591171099,0.26319749592105934,,,XLF,金融,value,,,,
2024-10-25,45.401363372802734,0.26236206239941834,0.2629190180805123,,,XLF,金融,value,,,,
2024-10-28,45.96607971191406,0.26412758930801766,0.2633218751563474,,,XLF,金融,value,,,,
2024-10-29,45.683719635009766,0.26329889141826435,0.2633142139103197,102.01714661254809,,XLF,金融,value,,11.0,,
2024-10-30,45.888187408447266,0.26505620658272405,0.26389487813445456,102.0957303129114,,XLF,金融,value,,10.0,,
2024-10-31,45.25531768798828,0.264217991218012,0.2640025824956404,102.02778288696176,,XLF,金融,value,,10.0,,
2024-11-01,45.411094665527344,0.2649621506362388,0.2643224385425066,102.03362048710923,,XLF,金融,value,,10.0,,
2024-11-04,45.060585021972656,0.26260437937406744,0.2637497521530269,101.78678996620714,,XLF,金融,value,,10.0,,
2024-11-05,45.479251861572266,0.26198841653873556,0.2631626402815964,101.55086752759193,,XLF,金融,value,,9.0,-2.0,
2024-11-06,48.24441909790039,0.27148998051160306,0.2659384203582653,102.26744619402358,,XLF,金融,value,,10.0,0.0,
2024-11-07,47.46550369262695,0.26684411528677365,0.2662403186677681,102.22980710052902,,XLF,金融,value,,10.0,0.0,
2024-11-08,47.89391326904297,0.2677607653028886,0.26674713421280827,102.24481300789894,,XLF,金融,value,,9.0,-1.0,
2024-11-11,48.575462341308594,0.2702207294472499,0.26790499929095546,102.41127705793156,,XLF,金融,value,,10.0,0.0,
2024-11-12,48.42942810058594,0.2714772091008607,0.2690957358942572,102.54435317793651,,XLF,金融,value,,10.0,1.0,3.0
2024-11-13,48.4586296081543,0.27149306944743656,0.26989484707865036,102.55928525062392,,XLF,金融,value,,10.0,0.0,0.0
2024-11-14,48.332054138183594,0.2729681600437233,0.27091928473367466,102.60654963441156,,XLF,金融,value,,10.0,0.0,0.0
2024-11-15,48.555992126464844,0.27620317462632055,0.27268058136455664,102.77255520590089,,XLF,金融,value,,11.0,2.0,3.0
2024-11-18,48.70204162597656,0.27592077343715216,0.27376064538875516,102.76788489815961,,XLF,金融,value,,11.0,1.0,1.0
2024-11-19,48.3807373046875,0.27484175284040474,0.27412101453930504,102.63609497467286,,XLF,金融,value,,11.0,1.0,0.0
2024-11-20,48.23469161987305,0.2730925688893558,0.2737781993226553,102.40790015244028,,XLF,金融,value,,11.0,1.0,1.0
2024-11-21,48.848087310791016,0.2731249550487802,0.27356045123136363,102.23409248627597,,XLF,金融,value,,11.0,1.0,1.0
2024-11-22,49.393333435058594,0.27401519380803013,0.27371203209025247,102.14012072036718,,XLF,金融,value,,11.0,0.0,-2.0
2024-11-25,49.714637756347656,0.2733226608171681,0.27358224166589107,102.0123083264303,,XLF,金融,value,,11.0,0.0,-1.0
2024-11-26,49.81200408935547,0.2738287446074817,0.27366440931308794,101.92906145135778,,XLF,金融,value,,11.0,0.0,-1.0
2024-11-27,49.909366607666016,0.2746279643833201,0.27398559433649866,101.88810787632761,,XLF,金融,value,,11.0,0.0,-1.0
2024-11-29,49.98725891113281,0.2742209543041389,0.2740640476590454,101.81516640470795,,XLF,金融,value,,11.0,0.0,-1.0
2024-12-02,49.49070358276367,0.2721787997581508,0.2734356316920805,101.64954257453904,,XLF,金融,value,,10.0,-1.0,-1.0
2024-12-03,49.12071228027344,0.2713473378260975,0.27273953373675286,101.48965430518321,,XLF,金融,value,,9.0,-2.0,-2.0
2024-12-04,48.93571472167969,0.27031090316710504,0.2719299902135369,101.32594295557993,,XLF,金融,value,,9.0,-2.0,-2.0
2024-12-05,49.08177185058594,0.2724777038915512,0.2721125614395417,101.30876135854216,,XLF,金融,value,,9.0,-2.0,-2.0
2024-12-06,49.0720329284668,0.2727325017440207,0.2723192082077014,101.2956632995106,,XLF,金融,value,,9.0,-2.0,-2.0
2024-12-09,48.400211334228516,0.27010719026401725,0.27158186889314007,101.15481958319512,,XLF,金融,value,,8.0,-2.0,-1.0
2024-12-10,48.39047622680664,0.27171762110291203,0.27162711962973074,101.12506498188581,,XLF,金融,value,,8.0,-1.0,1.0
2024-12-11,48.48783874511719,0.272012105257256,0.2717554481722392,101.10690960780322,,XLF,金融,value,,8.0,-1.0,1.0
2024-12-12,48.27363586425781,0.27180297018661737,0.2717712888436986,101.07412856998496,,XLF,金融,value,,8.0,-1.0,1.0
2024-12-13,48.23469161987305,0.2725379444948712,0.27202684072742284,101.07441514363644,,XLF,金融,value,,8.0,-1.0,1.0
2024-12-16,48.147064208984375,0.27294181840860765,0.2723318332878178,101.08119708395466,,XLF,金融,value,,8.0,0.0,2.0
2024-12-17,47.806278228759766,0.27316139338951,0.2726083533217152,101.08395614536245,,XLF,金融,value,,8.0,0.0,1.0
2024-12-18,46.3750114440918,0.27306312755797385,0.2727599447338014,101.07011909955494,,XLF,金融,value,,8.0,0.0,1.0
2024-12-19,46.54053497314453,0.2749500190116159,0.2734899694930729,101.13312917292073,,XLF,金融,value,,8.0,0.0,1.0
2024-12-20,47.23183059692383,0.2751800404708789,0.27405332648567493,101.1720000024936,,XLF,金融,value,,8.0,0.0,1.0
2024-12-23,47.345252990722656,0.2754653199237885,0.2745239909650461,101.19858417182151,,XLF,金融,value,,8.0,0.0,0.0
2024-12-24,47.90260314941406,0.27662108221942217,0.27522302138317145,101.25611084628004,,XLF,金融,value,,8.0,0.0,0.0
2024-12-26,48.019935607910156,0.2768466135265403,0.2757642187642944,101.29349521844722,,XLF,金融,value,,8.0,0.0,0.0
2024-12-27,47.66792678833008,0.2766991523115575,0.2760758632800488,101.30215499223146,,XLF,金融,value,,8.0,0.0,0.0
2024-12-30,47.20835876464844,0.27682020747868474,0.27632397801292746,101.30447152763969,,XLF,金融,value,,8.0,0.0,0.0
2024-12-31,47.25725173950195,0.27660086913932025,0.2764162750550584,101.2879650847953,,XLF,金融,value,,8.0,0.0,0.0
2025-01-02,47.13990783691406,0.2767194032158221,0.27651731777531297,101.27511975665897,,XLF,金融,value,,8.0,0.0,0.0
2025-01-03,47.511474609375,0.2763696964995437,0.2764681106833899,101.2436067881502,,XLF,金融,value,,8.0,0.0,0.0
2025-01-06,47.364803314208984,0.2757041932958249,0.27621347155420156,101.1816240106834,,XLF,金融,value,,8.0,0.0,0.0
2025-01-07,47.25725173950195,0.2760023165274439,0.27614308654528236,101.14970637064198,,XLF,金融,value,,8.0,0.0,0.0
2025-01-08,47.41370391845703,0.27658532751365345,0.2762905002014061,101.15345538686503,,XLF,金融,value,,9.0,1.0,1.0
2025-01-10,46.2696647644043,0.27391553133219626,0.2754988439116695,101.00620098713178,,XLF,金融,value,,8.0,0.0,0.0
2025-01-13,46.602115631103516,0.2736408055485147,0.27487949779061793,100.88438625570319,,XLF,金融,value,,8.0,0.0,0.0
2025-01-14,47.17902755737305,0.27480995700168287,0.2748563175276396,100.86222355697363,,XLF,金融,value,,8.0,0.0,0.0
2025-01-15,48.3817253112793,0.2791363551329878,0.27628299672942236,101.10600335359577,,XLF,金融,value,,10.0,2.0,2.0
2025-01-16,48.70439529418945,0.278802346771185,0.27712278007667657,101.24572276338384,,XLF,金融,value,,10.0,1.0,0.0
2025-01-17,49.115074157714844,0.27979460148939,0.27801338721424773,101.39404767894953,,XLF,金融,value,,10.0,2.0,2.0
2025-01-21,49.525753021240234,0.2788965321385976,0.2783077688556977,101.42265966770827,,XLF,金融,value,,11.0,3.0,3.0
2025-01-22,49.29108428955078,0.2785538714260153,0.2783898030458036,101.4093204665856,,XLF,金融,value,,10.0,2.0,2.0
2025-01-23,49.57464599609375,0.2788350413130082,0.2785382158015385,101.41031403523678,,XLF,金融,value,,10.0,0.0,-2.0
2025-01-24,49.7213134765625,0.27990561053151586,0.2789940140448643,101.47393666894115,,XLF,金融,value,,10.0,0.0,-1.0
2025-01-27,50.268882751464844,0.2828018714727792,0.28026329985416926,101.70121165978877,,XLF,金融,value,,11.0,1.0,-1.0
2025-01-28,50.18088150024414,0.28370735628116395,0.2814113186631675,101.89166076122483,,XLF,金融,value,,11.0,0.0,-3.0
2025-01-29,50.14177322387695,0.2844269531630368,0.28241653016312396,102.04633174866278,,XLF,金融,value,,11.0,1.0,-1.0
2025-01-30,50.62089538574219,0.28411210807302784,0.2829817227997586,102.10023538059205,,XLF,金融,value,,11.0,1.0,1.0
2025-01-31,50.32755661010742,0.28480348723940924,0.28358897761297547,102.16161948814819,,XLF,金融,value,,11.0,1.0,1.0
2025-02-03,50.122215270996094,0.285199328123448,0.28412576111646637,102.19992581126111,,XLF,金融,value,,11.0,0.0,-1.0
2025-02-04,50.004878997802734,0.2841848087654412,0.2841454436661247,102.13547921840178,,XLF,金融,value,,11.0,0.0,0.0
2025-02-05,50.53289031982422,0.28579203320987384,0.2846943068473744,102.18059403110757,,XLF,金融,value,,11.0,0.0,-1.0
2025-02-06,50.95334243774414,0.2885518118187161,0.2859801418378216,102.37655001780887,100.6474025790785,XLF,金融,value,Leading,11.0,0.0,-1.0
2025-02-07,50.66978454589844,0.28836306064239053,0.28677444810601127,102.47260914296174,100.70888689751587,XLF,金融,value,Leading,11.0,0.0,-1.0
2025-02-10,50.268882751464844,0.28527425038280657,0.2862743821982764,102.27295775954885,100.11328148346708,XLF,金融,value,Leading,11.0,0.0,0.0
2025-02-11,50.395999908447266,0.28596394003882925,0.2861709014784607,102.16976488374533,100.02229847497203,XLF,金融,value,Leading,11.0,0.0,0.0
2025-02-12,50.219993591308594,0.28663032365836305,0.28632404220509483,102.1229047775588,99.8004213254355,XLF,金融,value,Weakening,11.0,0.0,0.0
2025-02-13,50.55244445800781,0.28604458524374793,0.28623088988464584,102.02407310977931,99.08238917476305,XLF,金融,value,Weakening,11.0,0.0,0.0
2025-02-14,50.65022659301758,0.2868827462850544,0.28644817535144873,101.9854585481119,98.74550955061123,XLF,金融,value,Weakening,11.0,0.0,0.0
2025-02-18,51.01201248168945,0.2867309078605371,0.2865424195211449,101.92265589508487,99.13894262414804,XLF,金融,value,Weakening,11.0,0.0,0.0
2025-02-19,51.03156661987305,0.28626036509015124,0.28644840137748034,101.82568711850847,99.18273715365876,XLF,金融,value,Weakening,11.0,0.0,0.0
2025-02-20,50.24932861328125,0.28258335940518087,0.2851600540533805,101.51026997261442,98.50960741352964,XLF,金融,value,Weakening,10.0,-1.0,-1.0
2025-02-21,49.623538970947266,0.28303707430579017,0.2844523941375171,101.32355212289349,98.34017724107737,XLF,金融,value,Weakening,9.0,-2.0,-2.0
2025-02-24,49.83864974975586,0.2840270398358218,0.28431060937028535,101.25281262245909,98.32675040635166,XLF,金融,value,Weakening,7.0,-4.0,-4.0
2025-02-25,49.8288688659668,0.28368760424629924,0.28410294099562333,101.1733818846739,98.34621791520873,XLF,金融,value,Weakening,7.0,-4.0,-4.0
2025-02-26,49.7213134765625,0.2836736044126711,0.28395982880130594,101.10942224344399,98.46782573498358,XLF,金融,value,Weakening,7.0,-4.0,-4.0
2025-02-27,49.99509811401367,0.2877486222622537,0.28522275995495516,101.30603592755368,99.72498944079865,XLF,金融,value,Weakening,7.0,-3.0,-2.0
2025-02-28,51.02178955078125,0.29043081903884066,0.28695877964958366,101.57399395097211,100.84998229986135,XLF,金融,value,Leading,8.0,-1.0,1.0
2025-03-03,50.59156036376953,0.2910835714351559,0.2883337102447744,101.75488942389396,101.45473129850868,XLF,金融,value,Leading,7.0,0.0,4.0
2025-03-04,48.811954498291016,0.2854563178980885,0.28737457946254574,101.51953540381703,101.01909909245074,XLF,金融,value,Leading,7.0,0.0,4.0
2025-03-05,49.09552001953125,0.2844707451318511,0.28640663468564753,101.29836720117989,100.58906592979307,XLF,金融,value,Leading,7.0,0.0,4.0
2025-03-06,48.2839469909668,0.28290079329850376,0.28523802088993294,101.05340548798475,99.42296859576295,XLF,金融,value,Weakening,7.0,0.0,3.0
2025-03-07,48.02971267700195,0.27879921949422126,0.2830917537580291,100.64187882959042,97.72367727073603,XLF,金融,value,Weakening,5.0,-3.0,-2.0
2025-03-10,46.95413589477539,0.27645169004894343,0.2808783991883339,100.21646873408754,96.54611114411439,XLF,金融,value,Weakening,5.0,-2.0,-2.0
2025-03-11,46.55323028564453,0.2777909044042275,0.27984923426029845,100.00349789292602,96.87549115997936,XLF,金融,value,Weakening,4.0,-3.0,-3.0
2025-03-12,46.62167739868164,0.2795165798509543,0.27973834945718373,99.9598535249532,97.41928934240272,XLF,金融,value,Lagging,3.0,-4.0,-4.0
2025-03-13,46.36744689941406,0.2806832304734388,0.28005330979593546,99.99422992796893,98.06234733048018,XLF,金融,value,Lagging,3.0,-4.0,-4.0
2025-03-14,47.44303512573242,0.28182160678990986,0.28064274212726026,100.08326157206633,99.0749971955633,XLF,金融,value,Weakening,3.0,-2.0,1.0
2025-03-17,48.0003776550293,0.2813357639577341,0.2808737494040849,100.1029322004982,99.95868484641892,XLF,金融,value,Weakening,4.0,-1.0,1.0
2025-03-18,47.94171142578125,0.28246081820201324,0.2814027723367277,100.18459098613572,100.53212246702589,XLF,金融,value,Leading,5.0,1.0,4.0
2025-03-19,48.4697265625,0.2834711046184243,0.2820922164306266,100.30359915873147,100.83376050281163,XLF,金融,value,Leading,5.0,2.0,6.0
2025-03-20,48.53817367553711,0.28505801620270554,0.28308081635465293,100.49215401866293,101.10976441096841,XLF,金融,value,Leading,5.0,2.0,6.0
2025-03-21,48.36216735839844,0.28533140871547963,0.2838310138082618,100.63403947635918,101.18124420973305,XLF,金融,value,Leading,5.0,2.0,4.0
2025-03-24,49.2149658203125,0.2859319628891065,0.2845313301685434,100.76917041416183,101.36218853868533,XLF,金融,value,Leading,6.0,2.0,3.0
2025-03-25,49.489749908447266,0.2882173987727728,0.2857600197032865,101.02798393990075,101.63968118144396,XLF,金融,value,Leading,8.0,3.0,2.0
2025-03-26,49.3425407409668,0.2879021606599368,0.2864740666888366,101.1666799495029,101.61866595803426,XLF,金融,value,Leading,10.0,5.0,3.0
2025-03-27,49.24440383911133,0.2880705578361262,0.2870062304045998,101.26069203599745,101.4045784986588,XLF,金融,value,Leading,10.0,5.0,3.0
2025-03-28,48.2924919128418,0.2869253724009402,0.2869792777367133,101.21984160450855,101.05542557305965,XLF,金融,value,Leading,9.0,4.0,2.0
2025-03-31,48.881309509277344,0.28802634839378843,0.28732830128907166,101.26803335668222,100.88804414022503,XLF,金融,value,Leading,8.0,2.0,0.0
2025-04-01,48.82242202758789,0.2873807466359277,0.28734578307135705,101.23590815645363,100.3707070658788,XLF,金融,value,Leading,8.0,0.0,-3.0
2025-04-02,49.22477722167969,0.28734645734938247,0.28734600783069886,101.20064046608631,100.06502498944334,XLF,金融,value,Leading,7.0,-3.0,-8.0
2025-04-03,46.80083084106445,0.28686238796904945,0.2871848012101491,101.1278014480272,99.77533178421861,XLF,金融,value,Weakening,6.0,-4.0,-9.0
2025-04-04,43.37589645385742,0.2816850261308617,0.28535154285038666,100.64183793628106,99.01067294174679,XLF,金融,value,Weakening,5.0,-4.0,-8.0
2025-04-07,43.2679557800293,0.28334556070841765,0.28468288213639703,100.44643619391205,98.62539374903787,XLF,金融,value,Weakening,5.0,-3.0,-5.0
2025-04-08,43.10112380981445,0.2876792078328625,0.2856816573685522,100.68331896294806,99.10886279071903,XLF,金融,value,Weakening,7.0,-1.0,-1.0
2025-04-09,46.34940719604492,0.286451998300274,0.2859384376791262,100.72838222533618,99.25888891068689,XLF,金融,value,Weakening,7.0,0.0,3.0
2025-04-10,45.054012298583984,0.2881463399734012,0.2866744051105512,100.90658514138187,99.69168141903565,XLF,金融,value,Weakening,7.0,1.0,5.0
2025-04-11,45.79984664916992,0.28854124409034015,0.28729668477048087,101.06342416123931,100.77116364490435,XLF,金融,value,Leading,7.0,2.0,6.0
2025-04-14,46.270896911621094,0.2878315156297889,0.28747496172358356,101.10662862288208,101.14137515821659,XLF,金融,value,Leading,7.0,2.0,5.0
2025-04-15,46.38866424560547,0.28949917220040805,0.2881496985491917,101.31234360497456,101.05569182945116,XLF,金融,value,Leading,8.0,1.0,2.0
2025-04-16,45.66245651245117,0.28867344876600165,0.28832428195479504,101.35740565224944,101.02874909939051,XLF,金融,value,Leading,8.0,1.0,1.0
2025-04-17,45.78022003173828,0.2872827929887066,0.2879771189660989,101.22766234903509,100.50854842790903,XLF,金融,value,Leading,7.0,0.0,-1.0
2025-04-21,44.79887008666992,0.2868920480679284,0.28761542866670875,101.08454644601018,100.01945029688275,XLF,金融,value,Leading,6.0,-1.0,-3.0
2025-04-22,46.28071212768555,0.2892498992697354,0.28816025220105096,101.25823307941282,100.24883983906818,XLF,金融,value,Leading,7.0,0.0,-2.0
2025-04-23,46.83027648925781,0.289880261080941,0.28873358849434766,101.44808557188337,100.23467889947554,XLF,金融,value,Leading,8.0,0.0,-1.0
2025-04-24,47.35039138793945,0.28822318875928216,0.2885634552493258,101.36912061865098,100.03311463852484,XLF,金融,value,Leading,9.0,1.0,0.0
2025-04-25,47.12467575073242,0.28726040454871044,0.28812910501578737,101.18565426408894,99.94937126634474,XLF,金融,value,Weakening,8.0,1.0,1.0
2025-04-28,47.27187728881836,0.28735114923402333,0.28786978642186606,101.05771970866302,99.98404954592164,XLF,金融,value,Weakening,8.0,2.0,3.0
2025-04-29,47.76255798339844,0.28864927461604317,0.28812961581992513,101.13321884998727,99.83234650523282,XLF,金融,value,Weakening,9.0,2.0,2.0
2025-04-30,47.85087966918945,0.28877270952135703,0.2883439803870691,101.18489780078201,99.61712743452154,XLF,金融,value,Weakening,9.0,1.0,1.0
2025-05-01,47.841068267822266,0.28910662961060707,0.2885981967949151,101.24907624375587,99.8846348426466,XLF,金融,value,Weakening,10.0,1.0,0.0
2025-05-02,48.83223342895508,0.28998029749656606,0.2890588970287988,101.3900779238725,100.47059818829284,XLF,金融,value,Leading,10.0,2.0,1.0
2025-05-05,48.51820373535156,0.28907406792904994,0.2890639539955492,101.34413665516216,100.62461594064315,XLF,金融,value,Leading,10.0,2.0,0.0
2025-05-06,48.24342346191406,0.28958362795319004,0.28923717864809617,101.3652892660595,100.52846120652208,XLF,金融,value,Leading,10.0,1.0,-1.0
2025-05-07,48.528018951416016,0.28938598073218286,0.28928677934279173,101.33820906354873,100.38785282259745,XLF,金融,value,Leading,10.0,1.0,0.0
2025-05-08,48.93037414550781,0.28935108570463336,0.28930821479673896,101.30707143098142,100.22521012849943,XLF,金融,value,Leading,10.0,0.0,-1.0
2025-05-09,48.93037414550781,0.28941817551351695,0.2893448683689983,101.28861874108496,99.95258972937279,XLF,金融,value,Weakening,10.0,0.0,-2.0
2025-05-12,49.921539306640625,0.2874033206635424,0.288697685800513,101.0153149680904,99.55783162580718,XLF,金融,value,Weakening,10.0,0.0,-2.0
2025-05-13,50.127628326416016,0.28794015719431815,0.28844517626511473,100.8988347247252,99.32839926865941,XLF,金融,value,Weakening,9.0,-1.0,-2.0
2025-05-14,49.990238189697266,0.2888905118834802,0.28859362147123657,100.93488394831512,99.45191592192442,XLF,金融,value,Weakening,9.0,-1.0,-2.0
2025-05-15,50.32389831542969,0.2881918086911402,0.28845968387787113,100.86560233103899,99.38750743256598,XLF,金融,value,Weakening,8.0,-2.0,-2.0
2025-05-16,50.62811279296875,0.2871150157330871,0.2880114611629432,100.6855034858513,99.10639270263272,XLF,金融,value,Weakening,8.0,-2.0,-2.0
2025-05-19,50.657554626464844,0.287313930135819,0.2877789508205685,100.58964405167184,99.42307369982844,XLF,金融,value,Weakening,8.0,-2.0,-2.0
2025-05-20,50.38277816772461,0.2865036451952145,0.2873538489454505,100.4251887451012,99.34324693787619,XLF,金融,value,Weakening,7.0,-2.0,-1.0
2025-05-21,49.352352142333984,0.2868934664583118,0.2872003881164043,100.3560725144965,99.15611323810707,XLF,金融,value,Weakening,7.0,-2.0,-1.0
2025-05-22,49.29347610473633,0.2874679996365825,0.2872895919564637,100.37346004880321,99.29960313180476,XLF,金融,value,Weakening,7.0,-1.0,1.0
2025-05-23,49.11682891845703,0.2875879548149658,0.28738904624263106,100.3936128191219,99.63912543529804,XLF,金融,value,Weakening,7.0,-1.0,1.0
2025-05-27,49.98042297363281,0.287288629507472,0.28735557399757805,100.36344047347035,99.73906545792813,XLF,金融,value,Weakening,7.0,-1.0,1.0
2025-05-28,49.646759033203125,0.28781809355111965,0.28750974718209193,100.4024878404019,100.08864235085778,XLF,金融,value,Leading,7.0,0.0,2.0
2025-05-29,49.901912689208984,0.28859249847160434,0.2878706642785961,100.52290148703973,100.42443827805073,XLF,金融,value,Leading,7.0,0.0,2.0
2025-05-30,50.009864807128906,0.289331547143494,0.28835762523356206,100.69608303474632,100.70632979124504,XLF,金融,value,Leading,7.0,0.0,1.0
2025-06-02,50.02949142456055,0.28921559114654705,0.2886436138712237,100.80087146007304,100.86596738685108,XLF,金融,value,Leading,7.0,0.0,1.0
2025-06-03,50.127628326416016,0.28739032364481243,0.28822585046242,100.63700756363536,100.62415728042035,XLF,金融,value,Leading,7.0,0.0,1.0
2025-06-04,49.84303283691406,0.2864021466441544,0.2876179491896648,100.4010892867041,100.12559230069154,XLF,金融,value,Leading,7.0,0.0,0.0
2025-06-05,49.70564270019531,0.28638650246340064,0.28720746694757676,100.23585405956982,99.60195513603276,XLF,金融,value,Weakening,7.0,0.0,0.0
2025-06-06,50.32389831542969,0.2874660510864306,0.28729366166052805,100.24654131573585,99.27752731277772,XLF,金融,value,Weakening,7.0,0.0,0.0
2025-06-09,50.04911804199219,0.2858484320127822,0.2868119184446128,100.02847061367169,98.5831868381349,XLF,金融,value,Weakening,6.0,-1.0,-1.0
2025-06-10,50.10799789428711,0.2847666253230951,0.2861301540707736,99.6997579841542,98.16185619414172,XLF,金融,value,Lagging,6.0,-1.0,-1.0
2025-06-11,50.04911804199219,0.2852419124385451,0.28583407352669743,99.49574273574815,98.1533632259699,XLF,金融,value,Lagging,6.0,-1.0,-1.0
2025-06-12,50.04911804199219,0.2845745933795319,0.2854142468109756,99.20088815705968,97.87392985326787,XLF,金融,value,Lagging,4.0,-3.0,-3.0
2025-06-13,49.028507232666016,0.2821824486930783,0.2843369807716765,98.53418844483298,96.75872968280055,XLF,金融,value,Lagging,1.0,-6.0,-6.0
2025-06-16,49.5878791809082,0.2826763295991566,0.28378343038083653,98.08718144494512,96.70655779661182,XLF,金融,value,Lagging,1.0,-5.0,-4.0
2025-06-17,49.30329132080078,0.28377998706490276,0.2837822826088586,97.94371143480386,97.268027795648,XLF,金融,value,Lagging,1.0,-5.0,-4.0
2025-06-18,49.28366470336914,0.28363498499476875,0.283733183404162,97.80441270940037,97.54767453549502,XLF,金融,value,Lagging,1.0,-5.0,-4.0
2025-06-20,49.421051025390625,0.2839613956889281,0.2838092541657507,97.8060291295495,98.10682647493047,XLF,金融,value,Lagging,1.0,-3.0,0.0
2025-06-23,50.043392181396484,0.2850209274145785,0.28421314524869334,98.04721068914748,99.53673113363298,XLF,金融,value,Lagging,1.0,0.0,6.0
2025-06-24,50.791778564453125,0.2865700542648419,0.28499878158740954,98.54318216628546,101.02401182055982,XLF,金融,value,Improving,1.0,0.0,5.0
2025-06-25,50.62437057495117,0.28770125077405395,0.2858996046496244,99.13260637565824,102.1341738343916,XLF,金融,value,Improving,6.0,5.0,10.0
2025-06-26,50.99856948852539,0.2876569389667547,0.28648538275533453,99.51797312894364,102.79391784191813,XLF,金融,value,Improving,6.0,5.0,10.0
2025-06-27,51.14627456665039,0.2874374528197608,0.2868027394434766,99.72909041234634,102.90306392515461,XLF,金融,value,Improving,7.0,6.0,9.0
2025-06-30,51.5697021484375,0.288461618889344,0.2873556992587658,100.08894612466555,102.85203716528085,XLF,金融,value,Leading,7.0,6.0,6.0
2025-07-01,51.85527038574219,0.28669886473260614,0.2871367544167126,99.94688980995309,101.94490989357162,XLF,金融,value,Improving,7.0,6.0,6.0
2025-07-02,51.81588363647461,0.28582818403539756,0.2867005642896076,99.66691359472573,100.82474351092802,XLF,金融,value,Improving,6.0,0.0,-5.0
2025-07-03,52.377174377441406,0.2875357923410526,0.2869789736400893,99.85378741624359,100.56493966990533,XLF,金融,value,Improving,6.0,0.0,-5.0
2025-07-07,51.87496566772461,0.28707316618011597,0.28701037115343153,99.87626153732587,100.31972420477499,XLF,金融,value,Improving,6.0,-1.0,-7.0
2025-07-08,51.41215133666992,0.28380130882196,0.2859406837096077,99.16168260011416,98.9708584805457,XLF,金融,value,Lagging,5.0,-2.0,-8.0
2025-07-09,51.599246978759766,0.28398593560901675,0.28528910100941074,98.71196707211605,98.60485520830973,XLF,金融,value,Lagging,4.0,-3.0,-9.0
2025-07-10,51.904510498046875,0.2840207270152564,0.28486630967802595,98.45568351436428,98.66416437700492,XLF,金融,value,Lagging,3.0,-3.0,-3.0
2025-07-11,51.3629150390625,0.2831298238542756,0.28428748107010915,98.13520466583836,98.11740865193721,XLF,金融,value,Lagging,1.0,-5.0,-5.0
2025-07-14,51.746952056884766,0.2849531358733655,0.2845093660045279,98.33797173803757,98.39347648975587,XLF,金融,value,Lagging,2.0,-4.0,-3.0
2025-07-15,50.86071014404297,0.2840113038494045,0.28434334528615346,98.30412176518765,99.21643421433616,XLF,金融,value,Lagging,1.0,-4.0,-2.0
2025-07-16,51.215206146240234,0.2848798403388098,0.28452217697037224,98.47249289065782,99.95681100360875,XLF,金融,value,Lagging,1.0,-3.0,0.0
2025-07-17,51.70756530761719,0.285292605955293,0.2847789866320125,98.67461226290578,100.50881303783095,XLF,金融,value,Improving,3.0,0.0,3.0
2025-07-18,51.73710632324219,0.2855640952131016,0.28504068949237554,98.86830657130595,101.1152735541866,XLF,金融,value,Improving,4.0,3.0,8.0
2025-07-21,51.58940124511719,0.28572615337315627,0.2852691774526358,99.03412158522886,101.05801778603022,XLF,金融,value,Improving,4.0,2.0,6.0
2025-07-22,51.87496566772461,0.2836910933664983,0.2847431494239233,98.7638262306782,100.76792168065258,XLF,金融,value,Improving,3.0,2.0,6.0
2025-07-23,52.28854751586914,0.28360338471981605,0.2843632278558876,98.59336004869881,100.37105177660277,XLF,金融,value,Improving,1.0,0.0,3.0
2025-07-24,52.25900650024414,0.2843534052952717,0.2843599536690156,98.63847699489968,100.19019435311075,XLF,金融,value,Improving,2.0,-1.0,-1.0
2025-07-25,52.62335205078125,0.28496316831028684,0.28456102521610604,98.79411896598957,100.14714761907008,XLF,金融,value,Improving,2.0,-2.0,-5.0
2025-07-28,52.25900650024414,0.28467340592983453,0.28459848545401556,98.8535726721667,100.02476857777596,XLF,金融,value,Improving,2.0,-2.0,-4.0
2025-07-29,51.99312973022461,0.28336173529971626,0.2841862354025825,98.66575055448364,100.1230539968924,XLF,金融,value,Improving,2.0,-1.0,-3.0
2025-07-30,51.89466094970703,0.2846716736756869,0.284348048160284,98.79757669946234,100.47143838314615,XLF,金融,value,Improving,3.0,2.0,2.0
2025-07-31,51.5697021484375,0.28549262732432984,0.2847295745482993,99.04278679556317,100.69112227075722,XLF,金融,value,Improving,5.0,3.0,4.0
2025-08-01,50.614532470703125,0.28339941851871786,0.2842861892051055,98.83068046615108,100.25821605141333,XLF,金融,value,Improving,4.0,2.0,4.0
2025-08-04,51.11673355102539,0.28275399895979864,0.28377545912333657,98.58659807438028,99.91217863482711,XLF,金融,value,Lagging,2.0,0.0,2.0
2025-08-05,50.909942626953125,0.28239378516555635,0.28331490113740987,98.38016891515701,99.90078164710835,XLF,金融,value,Lagging,2.0,0.0,1.0
2025-08-06,51.156124114990234,0.28439555861581517,0.2836751202968783,98.62071662962099,100.03602254725995,XLF,金融,value,Improving,3.0,0.0,-2.0
2025-08-07,50.584983825683594,0.2813896677829833,0.28291330279224663,98.2417927903624,99.32163162152906,XLF,金融,value,Lagging,2.0,-3.0,-6.0
2025-08-08,51.057647705078125,0.2835070439695463,0.2831112165180132,98.39702688805353,99.76155490112151,XLF,金融,value,Lagging,3.0,-1.0,-3.0
2025-08-11,51.0379524230957,0.28417374051705874,0.28346539118436176,98.63037140008616,100.31887629127635,XLF,金融,value,Improving,3.0,1.0,1.0
2025-08-12,51.658329010009766,0.2840189677622539,0.2836499167103258,98.77117459447915,100.70980375060667,XLF,金融,value,Improving,5.0,3.0,3.0
2025-08-13,51.9537467956543,0.2816221924035209,0.2829740086080575,98.42123222474298,100.01519288592009,XLF,金融,value,Improving,3.0,0.0,0.0
2025-08-14,52.19992446899414,0.2848093844108106,0.28358580054230853,98.81411375894656,100.89362311758771,XLF,金融,value,Improving,5.0,3.0,6.0
2025-08-15,51.658329010009766,0.2825519619469434,0.2832411876771868,98.64310009367479,100.50128062368692,XLF,金融,value,Improving,3.0,0.0,1.0
2025-08-18,51.69771957397461,0.28282826701807523,0.283103547457483,98.6019699828687,100.17261116563962,XLF,金融,value,Improving,3.0,0.0,-1.0
2025-08-19,51.79618835449219,0.28204644585243166,0.28275118025579926,98.440387314647,99.81944438625504,XLF,金融,value,Lagging,3.0,-2.0,-5.0
2025-08-20,52.06206512451172,0.2837526285215536,0.28308499634438405,98.68646181897168,100.49808757973582,XLF,金融,value,Improving,3.0,0.0,0.0
2025-08-21,51.89466094970703,0.2838293312832226,0.2833331079906636,98.8729168966553,100.24698851259055,XLF,金融,value,Improving,3.0,-2.0,-5.0
2025-08-22,52.75136947631836,0.28300318881790254,0.2832231349330766,98.84259034123527,100.39780270380501,XLF,金融,value,Improving,2.0,-1.0,-1.0
2025-08-25,52.44609832763672,0.2835351261563986,0.28332713200751725,98.93824617380545,100.54406886496486,XLF,金融,value,Improving,2.0,-1.0,-1.0
2025-08-26,52.84983825683594,0.2855204330494946,0.28405823235484307,99.4099947133283,101.24101090104041,XLF,金融,value,Improving,3.0,0.0,2.0
2025-08-27,52.958152770996094,0.28507539455452696,0.2843972864214044,99.64437249556373,101.1956300891258,XLF,金融,value,Improving,5.0,2.0,2.0
2025-08-28,53.0270881652832,0.28558257540153464,0.28479238274811447,99.92307988356333,101.26810325824303,XLF,金融,value,Improving,7.0,4.0,6.0
2025-08-29,53.16495132446289,0.2865375626062627,0.2853741093674972,100.34689541747201,101.71495928677408,XLF,金融,value,Leading,8.0,6.0,7.0
2025-09-02,52.77106475830078,0.2866793024013422,0.28580917371211223,100.70944702660938,101.92590816069787,XLF,金融,value,Leading,8.0,6.0,7.0
2025-09-03,52.68243408203125,0.28664204671591653,0.28608679804671366,100.97394759312962,101.64787287430693,XLF,金融,value,Leading,9.0,6.0,6.0
2025-09-04,53.23387908935547,0.2875187933613314,0.2865641298182529,101.37393274924416,101.74597568788593,XLF,金融,value,Leading,9.0,4.0,2.0
2025-09-05,52.25900650024414,0.28192394939102106,0.28501740300917566,100.22408029109347,100.29084306860872,XLF,金融,value,Leading,9.0,2.0,-2.0
2025-09-08,52.298397064208984,0.28236123640168226,0.2841320141400112,99.55214111390572,99.19038877811818,XLF,金融,value,Lagging,5.0,-3.0,-9.0
2025-09-09,52.524879455566406,0.2844602221243245,0.284241416801449,99.66631768889333,98.9485233283032,XLF,金融,value,Lagging,7.0,-1.0,-7.0
2025-09-10,52.34762954711914,0.2837875190889296,0.28409011756394253,99.56232721287981,98.59865017465847,XLF,金融,value,Lagging,6.0,-3.0,-9.0
2025-09-11,53.2043342590332,0.284173551772442,0.28411792896677573,99.60576981522331,98.28841764484758,XLF,金融,value,Lagging,6.0,-3.0,-7.0
2025-09-12,52.977848052978516,0.28501540925018004,0.28441708906124386,99.87276613521195,99.6604979921507,XLF,金融,value,Lagging,7.0,-2.0,-4.0
2025-09-15,52.859683990478516,0.28487720768364777,0.2845704619353785,100.0003761010825,100.42334770814196,XLF,金融,value,Leading,8.0,3.0,6.0
2025-09-16,52.741519927978516,0.28499583530395767,0.2847122530582382,100.1091270389764,100.39214505494567,XLF,金融,value,Leading,8.0,1.0,2.0
2025-09-17,53.25357437133789,0.28748770257948664,0.28563740289865436,100.87371381319953,101.26580420615191,XLF,金融,value,Leading,8.0,2.0,5.0
2025-09-18,53.30281066894531,0.2858861604046473,0.2857203220673187,100.9155172173992,101.2358989891017,XLF,金融,value,Leading,8.0,2.0,5.0
2025-09-19,53.42097473144531,0.28701966590587125,0.28615343668016957,101.24206360055153,101.26570683142825,XLF,金融,value,Leading,8.0,1.0,3.0
2025-09-22,53.3498420715332,0.28650059720141324,0.2862691568539175,101.29573616150483,101.14732896607782,XLF,金融,value,Leading,8.0,0.0,-3.0
2025-09-23,53.112728118896484,0.28487958118525536,0.2858059649643635,100.89324095130897,100.58760394869331,XLF,金融,value,Leading,8.0,0.0,-1.0
2025-09-24,52.964542388916016,0.284748713104054,0.2854535476775937,100.6098496017324,99.4788480702397,XLF,金融,value,Weakening,7.0,-1.0,-3.0
2025-09-25,52.826229095458984,0.2863627073181384,0.2857566008911086,100.88205793638059,99.75378549669304,XLF,金融,value,Weakening,7.0,-1.0,-3.0
2025-09-26,53.21152877807617,0.2856214445982875,0.2857115487935016,100.87589036340768,99.40845704701636,XLF,金融,value,Weakening,7.0,-1.0,-2.0
2025-09-29,53.47827911376953,0.286097433790093,0.28584017712569876,101.04390962295989,99.56421705726717,XLF,金融,value,Weakening,7.0,-1.0,-1.0
2025-09-30,53.22140884399414,0.2839727687505394,0.2852177076673123,100.53700587692536,99.4644655812904,XLF,金融,value,Weakening,6.0,-2.0,-2.0
2025-10-01,52.74718475341797,0.28080595294019595,0.2837471227582735,99.19812291152603,98.2687426638866,XLF,金融,value,Lagging,4.0,-3.0,-2.0
2025-10-02,52.70766830444336,0.2799330437875525,0.2824757631013666,98.03573029475872,96.90894318632162,XLF,金融,value,Lagging,3.0,-4.0,-3.0
2025-10-03,53.073219299316406,0.2808869929828452,0.28194617306185943,97.60420325176295,96.81067702350278,XLF,金融,value,Lagging,1.0,-6.0,-5.0
2025-10-06,53.0534553527832,0.280870535896405,0.2815876273400413,97.43061762218714,96.80072357600936,XLF,金融,value,Lagging,1.0,-6.0,-5.0
2025-10-07,53.12261199951172,0.28247771582613274,0.28188432350207177,97.83003916802978,97.72674918114843,XLF,金融,value,Lagging,1.0,-5.0,-3.0
2025-10-08,52.86573791503906,0.2801991522877547,0.2813225997639661,97.51070584111712,98.63782341153046,XLF,金融,value,Lagging,1.0,-3.0,0.0
2025-10-09,52.67803192138672,0.2815335574093,0.2813929189790774,97.71391059283899,99.8033069848755,XLF,金融,value,Lagging,1.0,-2.0,2.0
2025-10-10,51.53199768066406,0.28176129289116103,0.2815157102831053,97.92791196898725,100.35195138503798,XLF,金融,value,Improving,1.0,0.0,6.0
2025-10-13,52.02597427368164,0.2817228794648943,0.28158476667703497,98.07688825224983,100.61976279286775,XLF,金融,value,Improving,1.0,0.0,6.0
2025-10-14,52.598995208740234,0.28248338105407383,0.2818843048027146,98.37097800687617,100.5133576761844,XLF,金融,value,Improving,2.0,1.0,6.0
2025-10-15,52.598995208740234,0.2819149510388226,0.2818945202147506,98.44102038957486,100.84662779182241,XLF,金融,value,Improving,2.0,1.0,4.0
2025-10-16,51.136810302734375,0.27670076580006003,0.2801632687431871,97.38442191797279,99.7409560269303,XLF,金融,value,Lagging,1.0,0.0,2.0
2025-10-17,51.551753997802734,0.27753655255876125,0.27928769668171183,97.05864059927237,99.2822859694936,XLF,金融,value,Lagging,1.0,0.0,0.0
2025-10-20,52.1544075012207,0.2780011656883869,0.2788588530172702,97.06636027411156,99.18028883588883,XLF,金融,value,Lagging,1.0,0.0,0.0
2025-10-21,52.09513473510742,0.27641876359987994,0.27804548987814015,96.91100015669551,98.81703340376082,XLF,金融,value,Lagging,1.0,-1.0,-2.0
2025-10-22,51.798744201660156,0.27617806861311633,0.27742301612313225,96.90225661247439,98.78378455710731,XLF,金融,value,Lagging,1.0,-1.0,-2.0
2025-10-23,51.90742111206055,0.27545160623738557,0.27676587949455,96.90249357166454,99.70596566495414,XLF,金融,value,Lagging,1.0,0.0,0.0
2025-10-24,52.470558166503906,0.2776829569143346,0.2770715719678115,97.2755511254977,100.30580572963913,XLF,金融,value,Improving,1.0,0.0,0.0
2025-10-27,52.68791198730469,0.27759952470611693,0.27724755621391334,97.53077529731986,100.51127927459987,XLF,金融,value,Improving,1.0,0.0,0.0
2025-10-28,52.35200500488281,0.27821926552743204,0.2775714593184196,97.7984032189365,100.8626409906204,XLF,金融,value,Improving,1.0,0.0,1.0
2025-10-29,51.46284103393555,0.27658709585040886,0.27724333816241603,97.799900342199,100.86085856941449,XLF,金融,value,Improving,1.0,0.0,1.0
2025-10-30,51.60115432739258,0.27852839175217486,0.2776716893590023,98.06282530939023,101.06053946825722,XLF,金融,value,Improving,1.0,0.0,0.0
2025-10-31,51.739463806152344,0.27866567302025635,0.278003017246087,98.26326152289329,100.89163570587213,XLF,金融,value,Improving,3.0,2.0,2.0
2025-11-03,51.522117614746094,0.27817596078757356,0.2780606650932492,98.35195130471018,100.73351739181986,XLF,金融,value,Improving,3.0,2.0,2.0
2025-11-04,51.78886032104492,0.2814779572837937,0.2791997624900974,98.79531273632927,100.86010159787995,XLF,金融,value,Improving,4.0,3.0,3.0
2025-11-05,51.966697692871094,0.2808009923089297,0.2797335057630415,99.00861133131573,101.005061140413,XLF,金融,value,Improving,4.0,3.0,3.0
2025-11-06,51.778987884521484,0.281772276294599,0.28041309594022734,99.26352816283786,100.97034620709074,XLF,金融,value,Improving,4.0,3.0,3.0
2025-11-07,52.14453125,0.2814013579192592,0.2807425165999047,99.39419719107403,100.89275123150468,XLF,金融,value,Improving,4.0,1.0,-1.0
2025-11-10,52.332244873046875,0.28079749479856964,0.28076084266612633,99.41728671066421,100.8261883490602,XLF,金融,value,Improving,4.0,1.0,-1.0
2025-11-11,52.56935119628906,0.28044925150526817,0.2806569789458403,99.3957332166655,100.43660392604791,XLF,金融,value,Improving,4.0,0.0,-3.0
2025-11-12,53.0238151550293,0.282204445844155,0.28117280124527855,99.586893236709,100.41850186267266,XLF,金融,value,Improving,5.0,1.0,-2.0
2025-11-13,52.342124938964844,0.28176163493847606,0.28136907914301107,99.66490493235754,100.27245806963596,XLF,金融,value,Improving,5.0,1.0,-2.0
2025-11-14,51.818504333496094,0.2799703391060148,0.2809028324640123,99.51681320345341,100.0438210616637,XLF,金融,value,Improving,6.0,2.0,1.0
2025-11-17,50.83054733276367,0.2782867536744715,0.28003080620083204,99.23490935337591,99.79376898464297,XLF,金融,value,Lagging,5.0,1.0,0.0
2025-11-18,50.75150680541992,0.2776887854181382,0.27925013260660075,98.9958961679415,99.62577577011983,XLF,金融,value,Lagging,3.0,-1.0,-1.0
2025-11-19,50.9392204284668,0.2795621663225825,0.27935414384526136,99.05852662188823,99.52972711407214,XLF,金融,value,Lagging,3.0,-2.0,-3.0
2025-11-20,50.4946403503418,0.2805448291700715,0.27975103895353143,99.21448923824042,99.60181861623202,XLF,金融,value,Lagging,3.0,-2.0,-3.0
2025-11-21,51.04789733886719,0.27815272947979525,0.2792182691289527,99.06249872201936,99.60913564470917,XLF,金融,value,Lagging,2.0,-4.0,-6.0
2025-11-24,51.2652473449707,0.278183940490158,0.27887349291602115,98.97949515272424,99.78500963525771,XLF,金融,value,Lagging,2.0,-3.0,-4.0
2025-11-25,51.90742111206055,0.27772303594988973,0.27849000726064405,98.88818038012704,99.91850976939328,XLF,金融,value,Lagging,2.0,-1.0,0.0
2025-11-26,52.31248474121094,0.27795088475080665,0.27831029975736493,98.86582144252802,99.86435495503804,XLF,金融,value,Lagging,3.0,0.0,2.0
2025-11-28,52.68791198730469,0.27844013112419025,0.27835357687964,98.91456820488973,99.79715461769187,XLF,金融,value,Lagging,4.0,1.0,3.0
2025-12-01,52.25320816040039,0.27804460010873444,0.2782505846226715,98.91345305410036,99.94719530493121,XLF,金融,value,Lagging,4.0,2.0,6.0
2025-12-02,52.20380783081055,0.2780448528447873,0.2781820073633768,98.92183779940166,100.0474255877535,XLF,金融,value,Improving,3.0,1.0,4.0
2025-12-03,52.9052619934082,0.2796471671764873,0.27867039396774695,99.11176458596137,100.31720158196927,XLF,金融,value,Improving,3.0,1.0,2.0
2025-12-04,53.01393508911133,0.28013381401592585,0.27915820065047325,99.30436982858879,100.50420100748563,XLF,金融,value,Improving,5.0,2.0,2.0
2025-12-05,53.033695220947266,0.27958142859521606,0.2792992766320542,99.37643735743784,100.50750639760604,XLF,金融,value,Improving,6.0,2.0,1.0
2025-12-08,52.83610153198242,0.28021813880994156,0.27960556402468334,99.50496136138132,100.6003590851236,XLF,金融,value,Improving,7.0,3.0,1.0
2025-12-09,52.638511657714844,0.2796978286374033,0.27963631889559004,99.53697244659249,100.5978006750427,XLF,金融,value,Improving,7.0,4.0,3.0
2025-12-10,53.24116897583008,0.2789752097423159,0.27941594917783197,99.48106463328246,100.35517044498512,XLF,金融,value,Improving,7.0,4.0,3.0
2025-12-11,54.20936584472656,0.2817728442919835,0.2802015808825492,99.78284349880197,100.44184950405285,XLF,金融,value,Improving,8.0,3.0,1.0
2025-12-12,54.28840637207031,0.28410952060698275,0.28150422745736037,100.2759748286608,100.81359182715022,XLF,金融,value,Leading,9.0,3.0,1.0
2025-12-15,54.32792663574219,0.28396400733367083,0.2823241540827972,100.59982794404222,100.97415891881819,XLF,金融,value,Leading,10.0,3.0,0.0
2025-12-16,53.98213577270508,0.2841522175212997,0.28293350856229804,100.86194363543305,101.18000349365168,XLF,金融,value,Leading,11.0,4.0,0.0
2025-12-17,53.972259521484375,0.28487057696196716,0.28357919802885445,101.14417055040484,101.46819070264405,XLF,金融,value,Leading,11.0,4.0,0.0
2025-12-18,53.88334274291992,0.28379455221635164,0.2836509827580202,101.21990260487054,101.26444257190296,XLF,金融,value,Leading,11.0,3.0,0.0
2025-12-19,54.17972946166992,0.28431991747272306,0.2838739609962545,101.36250548587253,100.95866916498065,XLF,金融,value,Leading,11.0,2.0,-1.0
2025-12-22,54.844970703125,0.28569332447238277,0.2844804154882973,101.6481205350415,100.91801075851086,XLF,金融,value,Leading,11.0,1.0,-2.0
2025-12-23,54.95402526855469,0.28692853474058005,0.2852964552390582,101.99470322892925,100.96643171509275,XLF,金融,value,Leading,11.0,0.0,-4.0
2025-12-24,55.25144958496094,0.28743942945207124,0.28601077997672925,102.28360684540378,100.94884068894147,XLF,金融,value,Leading,11.0,0.0,-4.0
2025-12-26,55.142391204833984,0.28679805119540464,0.2862732037162877,102.36915418764141,100.93073870380431,XLF,金融,value,Leading,11.0,0.0,-3.0
2025-12-29,54.844970703125,0.2857228255201378,0.28608974431757106,102.28306484296866,100.71278402719261,XLF,金融,value,Leading,11.0,0.0,-2.0
2025-12-30,54.70616912841797,0.28545700369884625,0.28587883077799614,102.17218862362884,100.35649934888933,XLF,金融,value,Leading,11.0,0.0,-1.0
2025-12-31,54.29969024658203,0.285776528783803,0.2858447301132651,102.09530736647486,99.96743448243001,XLF,金融,value,Weakening,11.0,0.0,0.0
2026-01-02,54.458316802978516,0.2846793901270663,0.28545628345119883,101.87385604562849,99.45298632277333,XLF,金融,value,Weakening,10.0,-1.0,-1.0
2026-01-05,55.648014068603516,0.2882234396395283,0.28637866884730867,102.12683422684782,99.52281628129893,XLF,金融,value,Weakening,10.0,-1.0,-1.0
2026-01-06,55.91569900512695,0.2861551379201559,0.28630415853825775,102.00324689622941,99.34351781730815,XLF,金融,value,Weakening,10.0,-1.0,-1.0
2026-01-07,55.13248062133789,0.2853480438267964,0.2859854536344373,101.81514534328791,99.11928345688334,XLF,金融,value,Weakening,10.0,-1.0,-1.0
2026-01-08,55.41999053955078,0.28439784546974056,0.28545625091287175,101.57220546866539,98.82157056323285,XLF,金融,value,Weakening,10.0,-1.0,-1.0
2026-01-09,55.25144958496094,0.2818971919187311,0.2842698979148249,101.13326235407227,98.5472652472632,XLF,金融,value,Weakening,9.0,-1.0,0.0
2026-01-12,54.81522750854492,0.2794170206205902,0.28265227215008,100.57077527729722,97.59963371448474,XLF,金融,value,Weakening,9.0,-1.0,0.0
2026-01-13,53.76432800292969,0.27406012943948754,0.2797882245798825,99.60073423428672,96.851621410115,XLF,金融,value,Lagging,6.0,-4.0,-3.0
2026-01-14,53.68501663208008,0.2724162202148667,0.27733088979154397,98.79872104137397,96.57252015305987,XLF,金融,value,Lagging,5.0,-5.0,-4.0
2026-01-15,53.90312576293945,0.2723168112726947,0.2756595302852609,98.3066512871949,96.69980876661877,XLF,金融,value,Lagging,2.0,-8.0,-7.0
2026-01-16,53.9725227355957,0.2733660125288841,0.2748950243664687,98.13643846000238,97.19762203514172,XLF,金融,value,Lagging,2.0,-7.0,-6.0
2026-01-20,52.7431755065918,0.27118583996507184,0.27365862956600306,97.8507847639434,97.58501590578736,XLF,金融,value,Lagging,2.0,-7.0,-6.0
2026-01-21,53.000938415527344,0.26797384688070613,0.27176370200423744,97.44253548665266,98.13229535968932,XLF,金融,value,Lagging,2.0,-4.0,0.0
2026-01-22,53.34793472290039,0.2693770291149316,0.27096814437446887,97.38994112335342,98.76867595550532,XLF,金融,value,Lagging,2.0,-3.0,2.0
2026-01-23,52.614288330078125,0.2668620795310339,0.2695994560933239,97.22275130171083,99.03242205941321,XLF,金融,value,Lagging,1.0,-1.0,7.0
2026-01-26,52.95137023925781,0.26793820858193895,0.2690457069228623,97.27357555566684,99.2298517991632,XLF,金融,value,Lagging,1.0,-1.0,6.0
2026-01-27,52.544891357421875,0.2662957560960634,0.26812905664726266,97.25623917436249,99.47159209595577,XLF,金融,value,Lagging,1.0,-1.0,6.0
2026-01-28,52.534976959228516,0.2671452550794678,0.26780112279133106,97.36907829844007,99.92377509589335,XLF,金融,value,Lagging,1.0,-1.0,3.0
2026-01-29,53.09016799926758,0.2696148625066332,0.2684057026964318,97.64308942742953,100.21248348507594,XLF,金融,value,Improving,1.0,-1.0,2.0
2026-01-30,52.981109619140625,0.26965868566776785,0.2688233636868772,97.84079888861544,100.53088747453182,XLF,金融,value,Improving,1.0,0.0,1.0
2026-02-02,53.566043853759766,0.2712391049591689,0.2696286107776411,98.0860776397649,100.70590004100578,XLF,金融,value,Improving,1.0,0.0,1.0
2026-02-03,53.070335388183594,0.26944626437255786,0.26956782864261336,98.15301386521318,100.78078667974808,XLF,金融,value,Improving,1.0,0.0,1.0
2026-02-04,53.496646881103516,0.26926480880846376,0.2694668220312302,98.20798840795351,100.73035381850578,XLF,金融,value,Improving,3.0,2.0,3.0
2026-02-05,52.832401275634766,0.2682517859761793,0.2690618100128799,98.21170451490579,100.50451169601803,XLF,金融,value,Improving,3.0,2.0,3.0
2026-02-06,53.794071197509766,0.26813802994641117,0.268753883324057,98.23434214434938,100.36669222407696,XLF,金融,value,Improving,4.0,3.0,3.0
2026-02-09,53.4768180847168,0.2663986114902247,0.26796879271277957,98.18163881906852,100.12226839713276,XLF,金融,value,Improving,4.0,3.0,3.0
2026-02-10,53.09016799926758,0.26353490792002815,0.2664908311151958,98.03178781995659,99.94774940733538,XLF,金融,value,Lagging,4.0,3.0,3.0
2026-02-11,52.28712463378906,0.2590894240562811,0.2640236954288909,97.76320873341466,99.67816704195418,XLF,金融,value,Lagging,4.0,1.0,-1.0
2026-02-12,51.24613952636719,0.25730787202804956,0.2617850876286105,97.57830142278105,99.52566911589092,XLF,金融,value,Lagging,2.0,-1.0,-3.0
2026-02-13,51.206485748291016,0.2544726692372246,0.2593476148314819,97.41224467174705,99.37595241457218,XLF,金融,value,Lagging,3.0,-1.0,-4.0
2026-02-17,51.75175857543945,0.2576268989388131,0.25877404286725897,97.51179240999728,99.52819986196053,XLF,金融,value,Lagging,3.0,-1.0,-4.0
2026-02-18,52.13841247558594,0.25821294467190953,0.2585870101354758,97.6442238516841,99.78941856559533,XLF,金融,value,Lagging,3.0,-1.0,-4.0
2026-02-19,51.70219039916992,0.2565945972348541,0.25792287250193524,97.70603217268325,100.08489453718248,XLF,金融,value,Improving,3.0,-1.0,-2.0
2026-02-20,52.03927230834961,0.25706533897587097,0.25763702799324717,97.8032314608005,100.32962724421542,XLF,金融,value,Improving,3.0,1.0,2.0
2026-02-23,50.29438018798828,0.2512029164937599,0.25549232416008477,97.69717271131859,100.37191982098693,XLF,金融,value,Improving,2.0,-1.0,0.0
2026-02-24,50.542236328125,0.2504432781967917,0.2538093088389871,97.66069471313307,100.24110952252421,XLF,金融,value,Improving,1.0,-2.0,-1.0
2026-02-25,51.42459487915039,0.25466530806369075,0.2540946419138883,97.82175095172731,100.25788466057921,XLF,金融,value,Improving,1.0,-2.0,-1.0
2026-02-26,52.0491828918457,0.2563105409669513,0.254833274931576,98.00456769279488,100.35849706765153,XLF,金融,value,Improving,2.0,-1.0,0.0
2026-02-27,50.988372802734375,0.25079268321513976,0.25348641102609726,97.97697765904485,100.24221798233029,XLF,金融,value,Improving,2.0,-1.0,-2.0
2026-03-02,50.85948944091797,0.25062339526895566,0.25253207244038345,97.99064727074719,100.34252502888492,XLF,金融,value,Improving,2.0,0.0,1.0
2026-03-03,50.770263671875,0.2532911952747316,0.2527851133851662,98.10810689493768,100.46932086053656,XLF,金融,value,Improving,2.0,1.0,3.0
2026-03-04,51.057769775390625,0.2537086092263314,0.25309294533222126,98.21840585322121,100.4155007968407,XLF,金融,value,Improving,2.0,1.0,3.0
2026-03-05,50.79008865356445,0.25533596111775037,0.253840617260731,98.35499084271672,100.36792477604783,XLF,金融,value,Improving,1.0,-1.0,0.0
2026-03-06,50.13575744628906,0.2550865382861122,0.2542559242691914,98.45313681474487,100.47609915192045,XLF,金融,value,Improving,1.0,-1.0,0.0
2026-03-09,49.89781951904297,0.25316041811177725,0.25389075555005336,98.48111083906554,100.48796311972995,XLF,金融,value,Improving,1.0,-1.0,-1.0
2026-03-10,49.63013458251953,0.25370470226776193,0.25382873778928955,98.53180147779496,100.42902623578793,XLF,金融,value,Improving,1.0,-1.0,-2.0
2026-03-11,49.213741302490234,0.2524080042516796,0.25335515994341956,98.54699043401334,100.34846888208723,XLF,金融,value,Improving,1.0,-1.0,-2.0
2026-03-12,48.41069793701172,0.252189538116973,0.25296661933460407,98.56831250201442,100.25173343433538,XLF,金融,value,Improving,1.0,0.0,1.0
2026-03-13,48.470184326171875,0.2525124517637243,0.25281523014431084,98.60695464497275,100.20164743936172,XLF,金融,value,Improving,1.0,0.0,1.0
2026-03-16,48.87665939331055,0.252749312316845,0.2527932575351556,98.65326113629165,100.22281164984412,XLF,金融,value,Improving,1.0,0.0,1.0
2026-03-17,49.13443374633789,0.2526696641595404,0.25275205974328385,98.69524771980288,100.22682686311603,XLF,金融,value,Improving,1.0,0.0,1.0
2026-03-18,48.54949951171875,0.25299103653140825,0.25283171867265863,98.74389975630152,100.27235843061804,XLF,金融,value,Improving,2.0,1.0,2.0
2026-03-19,48.56932830810547,0.25329072934808966,0.25298472223113566,98.79547708500081,100.32004929855734,XLF,金融,value,Improving,3.0,2.0,2.0
2026-03-20,48.65855407714844,0.257539495634353,0.2545029800322081,98.94865353177852,100.45474787854519,XLF,金融,value,Improving,3.0,2.0,2.0
2026-03-23,49.0980110168457,0.2571243061144238,0.2553767553929467,99.04806472142906,100.52898048461358,XLF,金融,value,Improving,3.0,2.0,2.0
2026-03-24,49.107975006103516,0.25686828535640016,0.2558739320474312,99.1160356531475,100.56921361742748,XLF,金融,value,Improving,3.0,2.0,2.0
2026-03-25,49.16776657104492,0.2559407928285144,0.2558962189744589,99.14523224185714,100.56530236414724,XLF,金融,value,Improving,3.0,1.0,0.0
2026-03-26,48.87877655029297,0.25679334222039873,0.2561952600564389,99.1956006431992,100.58173955161854,XLF,金融,value,Improving,4.0,1.0,-1.0
2026-03-27,47.64310836791992,0.25378127208000933,0.25539059739762904,99.15516087959422,100.41048303939762,XLF,金融,value,Improving,4.0,1.0,-1.0
2026-03-30,48.19118881225586,0.257233050657988,0.25600474848441535,99.23113642492727,100.408003538353,XLF,金融,value,Improving,5.0,2.0,0.0
2026-03-31,49.197662353515625,0.2573374115043435,0.2564489694910581,99.2930780334723,100.41786448529888,XLF,金融,value,Improving,5.0,2.0,0.0
2026-04-01,49.267417907714844,0.25687246258260293,0.25659013385490637,99.32905342985954,100.43179700030858,XLF,金融,value,Improving,5.0,2.0,1.0
2026-04-02,49.35710144042969,0.2566070422918455,0.2565957700005528,99.35279264862149,100.40337538761375,XLF,金融,value,Improving,5.0,1.0,0.0
2026-04-06,49.70588302612305,0.25731426533919055,0.2568352684467654,99.39817387462006,100.48008720511403,XLF,金融,value,Improving,5.0,1.0,0.0
2026-04-07,49.70588302612305,0.25788610917615534,0.2571855486898954,99.45465704577549,100.45176398447462,XLF,金融,value,Improving,4.0,-1.0,-3.0
2026-04-08,51.02127456665039,0.25873342171525776,0.2577015063650162,99.53006511035912,100.45638543550244,XLF,金融,value,Improving,4.0,-1.0,-3.0
2026-04-09,51.150821685791016,0.25923322350413425,0.25821207874472224,99.60933156050426,100.48941359932603,XLF,金融,value,Improving,4.0,-1.0,-3.0
2026-04-10,50.5927734375,0.25826957372817355,0.25823124373920603,99.63862907461785,100.48149908136114,XLF,金融,value,Improving,5.0,0.0,-1.0
2026-04-13,51.47966766357422,0.2599156965584569,0.2587927280122897,99.73480136583674,100.51605455752629,XLF,金融,value,Improving,5.0,0.0,-1.0
2026-04-14,51.599246978759766,0.25943644444048913,0.2590073001550228,99.79507353271202,100.49643484908093,XLF,金融,value,Improving,5.0,1.0,2.0
2026-04-15,51.987884521484375,0.26129886568057936,0.25977115533020834,99.93297908723538,100.53855178036456,XLF,金融,value,Improving,4.0,0.0,1.0
2026-04-16,51.84837341308594,0.2594157186639972,0.25965267644147133,99.95319056404661,100.45518010206625,XLF,金融,value,Improving,4.0,0.0,1.0
2026-04-17,52.246978759765625,0.25816755861393814,0.25915763716562695,99.91577629058695,100.35465204086208,XLF,金融,value,Improving,3.0,-2.0,-2.0
2026-04-20,52.44628143310547,0.2583385313668219,0.2588846018993586,99.9088839937108,100.17264838688132,XLF,金融,value,Improving,4.0,-1.0,-1.0
2026-04-21,52.117431640625,0.25830298431374715,0.2586907293708215,99.91209039077795,100.01345767606243,XLF,金融,value,Improving,5.0,0.0,-1.0
2026-04-22,52.027748107910156,0.25797313370705255,0.25845153081623184,99.90403463267069,99.60218110405717,XLF,金融,value,Lagging,6.0,2.0,2.0
2026-04-23,51.619178771972656,0.2559599391007264,0.2576210002443967,99.79059023231504,99.15998979846708,XLF,金融,value,Lagging,4.0,0.0,0.0
2026-04-24,51.24050521850586,0.2546104531759758,0.2566174845549231,99.63809162355778,98.73408020924202,XLF,金融,value,Lagging,4.0,1.0,3.0
2026-04-27,51.629146575927734,0.25684670449161884,0.25669389120048836,99.67846179272554,98.764344231926,XLF,金融,value,Lagging,4.0,0.0,1.0
2026-04-28,51.669002532958984,0.25836375838731584,0.2572505135960975,99.810913345176,99.08932169509968,XLF,金融,value,Lagging,5.0,0.0,0.0
2026-04-29,51.7387580871582,0.2591643602454744,0.25788846247922315,99.96434474906457,99.57884571211596,XLF,金融,value,Lagging,7.0,1.0,-1.0
2026-04-30,51.948028564453125,0.2563370548569788,0.2573713266051417,99.89212289913345,99.71402078068613,XLF,金融,value,Lagging,7.0,3.0,3.0
2026-05-01,51.7387580871582,0.2560848595013584,0.256942504237214,99.83525996552592,100.03105370627429,XLF,金融,value,Improving,7.0,3.0,2.0
2026-05-04,51.39994812011719,0.25589668982859604,0.25659389943434135,99.79298612108398,99.80007416113682,XLF,金融,value,Lagging,6.0,2.0,2.0
2026-05-05,51.409912109375,0.25393136888995543,0.25570638925287936,99.615273067808,98.80975146166398,XLF,金融,value,Lagging,6.0,1.0,1.0
2026-05-06,51.65903854370117,0.25315646718249213,0.25485641522941693,99.42125313561235,97.71679815700921,XLF,金融,value,Lagging,6.0,-1.0,-2.0
2026-05-07,51.370052337646484,0.25336052356849953,0.25435778467577785,99.29251250743705,97.65941102451778,XLF,金融,value,Lagging,6.0,-1.0,-4.0
2026-05-08,51.061134338378906,0.2511459142006452,0.25328716118406697,98.9560322505581,97.0329189430355,XLF,金融,value,Lagging,4.0,-3.0,-6.0
2026-05-11,51.0013427734375,0.25098709442698364,0.2525204722650392,98.65372311688898,96.65839687945821,XLF,金融,value,Lagging,3.0,-3.0,-5.0
2026-05-12,51.39994812011719,0.25317212315064236,0.252737689226907,98.67596085794594,97.3941943313915,XLF,金融,value,Lagging,3.0,-3.0,-4.0
2026-05-13,50.812007904052734,0.25137390665134474,0.2522830950350529,98.47095792952645,97.48893973025349,XLF,金融,value,Lagging,3.0,-3.0,-2.0
2026-05-14,51.1109619140625,0.25193412152061767,0.25216677053024117,98.43661167222824,97.7722955086336,XLF,金融,value,Lagging,2.0,-4.0,-3.0
2026-05-15,50.92162322998047,0.25361595826142785,0.2526498331073034,98.68506258971273,99.15523062529746,XLF,金融,value,Lagging,3.0,-1.0,2.0
2026-05-18,51.559391021728516,0.2552222426242465,0.25350730294628443,99.08881648904858,100.91800792797297,XLF,金融,value,Improving,5.0,2.0,5.0
2026-05-19,50.92162322998047,0.2535404846216034,0.2535183635047241,99.12189150013403,100.9165934455617,XLF,金融,value,Improving,5.0,2.0,5.0
2026-05-20,51.47966766357422,0.2535398979263706,0.25352554164527297,99.15295671872907,101.47499182849265,XLF,金融,value,Improving,6.0,3.0,6.0
2026-05-21,51.54942321777344,0.25279204712259745,0.2532810434710478,99.0737375936027,101.32503950342264,XLF,金融,value,Improving,6.0,4.0,8.0
2026-05-22,51.758689880371094,0.2515206657947629,0.25269425091228614,98.84414997463433,100.12443503306167,XLF,金融,value,Improving,5.0,2.0,3.0
2026-05-26,51.669002532958984,0.2498030489403557,0.25173051692164267,98.45800079623575,98.20920628028979,XLF,金融,value,Lagging,5.0,0.0,-2.0
2026-05-27,51.24050521850586,0.24791048477270047,0.2504571728719953,97.99439055328584,97.23031932697121,XLF,金融,value,Lagging,4.0,-1.0,-3.0
2026-05-28,51.09103012084961,0.24628520198384418,0.24906651590927828,97.57297020269168,96.61953579267241,XLF,金融,value,Lagging,1.0,-5.0,-8.0
2026-05-29,51.39994812011719,0.24708618775574273,0.24840640652476642,97.47474227424472,96.910795916335,XLF,金融,value,Lagging,1.0,-5.0,-9.0
2026-06-01,51.25047302246094,0.24592014302645365,0.24757765202532883,97.3377123871938,97.31073629169207,XLF,金融,value,Lagging,1.0,-4.0,-6.0
2026-06-02,51.280364990234375,0.24509124328867174,0.2467488491131098,97.24738140664124,97.95203704302313,XLF,金融,value,Lagging,3.0,-2.0,-2.0
2026-06-03,50.69242477416992,0.2431959135621936,0.24556453726280442,97.10036017939441,98.55813616185678,XLF,金融,value,Lagging,3.0,-1.0,0.0
2026-06-04,52.007816314697266,0.24763663725562352,0.2462552372604108,97.49434812129736,99.9736957562417,XLF,金融,value,Lagging,3.0,2.0,7.0
2026-06-05,52.117431640625,0.2517407019943245,0.24808372550504873,98.126715159777,101.22538449778855,XLF,金融,value,Improving,5.0,4.0,9.0
2026-06-08,51.7885856628418,0.25041738484232673,0.24886161195080808,98.4093948282335,101.88794983537815,XLF,金融,value,Improving,7.0,6.0,10.0
2026-06-09,52.27687454223633,0.25086921424804015,0.24953081271655211,98.63987747778336,102.30642355840331,XLF,金融,value,Improving,7.0,4.0,6.0
2026-06-10,52.04767608642578,0.2529862382316963,0.2506826212216002,98.9824865964565,102.85391567598948,XLF,金融,value,Improving,7.0,4.0,5.0
2026-06-11,52.436317443847656,0.2509625436669224,0.2507759287033743,99.02460148329114,102.20123223838556,XLF,金融,value,Improving,8.0,5.0,3.0
2026-06-12,53.153804779052734,0.2521127316617287,0.2512215296894924,99.15836967761791,101.43501132923296,XLF,金融,value,Improving,8.0,3.0,-1.0
2026-06-15,53.3730354309082,0.25168985647903697,0.2513776386193406,99.210431795565,101.08240268298346,XLF,金融,value,Improving,9.0,2.0,-4.0
2026-06-16,54.1602783203125,0.2562569263301983,0.25300406785629315,99.65459772459405,101.34467525729,XLF,金融,value,Improving,10.0,3.0,-1.0
2026-06-17,53.861324310302734,0.25872012228506847,0.2549094193325516,100.16774781319015,101.53016625132378,XLF,金融,value,Leading,10.0,3.0,-1.0
2026-06-18,53.382999420166016,0.25523785361412227,0.2550188974264085,100.18906312270938,101.45616512858261,XLF,金融,value,Leading,9.0,1.0,-4.0
2026-06-22,53.70000076293945,0.2561900701616022,0.25540928833813975,100.29206494444267,101.37760457739876,XLF,金融,value,Leading,9.0,1.0,-2.0
2026-06-23,53.880001068115234,0.2579348040861034,0.2562511269207943,100.51835373380509,101.55859011189605,XLF,金融,value,Leading,9.0,0.0,-2.0
2026-06-24,53.720001220703125,0.25534746636509803,0.2559499067355622,100.43547066585184,100.86438082186747,XLF,金融,value,Leading,9.0,-1.0,-4.0
2026-06-25,53.45000076293945,0.25242031056878134,0.25477337467996863,100.11835587597122,99.80316966978549,XLF,金融,value,Weakening,9.0,-1.0,-4.0
2026-06-26,53.56999969482422,0.25471922550852233,0.2547553249561532,100.11991366779216,99.7871123738259,XLF,金融,value,Weakening,8.0,-1.0,-2.0
2026-06-29,53.720001220703125,0.2521473853612315,0.253886011757846,99.88757815721172,99.36860629323091,XLF,金融,value,Lagging,8.0,-1.0,-2.0
2026-06-30,53.61000061035156,0.25196221052710843,0.2532447446809335,99.72300960846879,98.89651621661157,XLF,金融,value,Lagging,8.0,-1.0,-1.0
2026-07-01,54.779998779296875,0.2566889922650003,0.2543928272089558,100.04811690468924,99.42934687179213,XLF,金融,value,Weakening,8.0,-1.0,0.0
2026-07-02,55.619998931884766,0.2588060024387366,0.25586388561888274,100.45820766206084,100.35037822241341,XLF,金融,value,Leading,8.0,-1.0,0.0
2026-07-06,56.13999938964844,0.261116276230923,0.2576146824895628,100.93452328169931,100.93354188295727,XLF,金融,value,Leading,9.0,1.0,2.0
2026-07-07,56.04999923706055,0.26102547549146227,0.258751613490196,101.22920715994314,101.54566503152579,XLF,金融,value,Leading,10.0,2.0,3.0
2026-07-08,54.970001220703125,0.2590480773386198,0.25885043477300396,101.23969995524509,101.69574062192301,XLF,金融,value,Leading,10.0,2.0,3.0
2026-07-09,55.540000915527344,0.2601405195106667,0.2592804630188915,101.33905174222068,101.38108110839809,XLF,金融,value,Leading,10.0,2.0,3.0
2026-07-10,55.709999084472656,0.2599626611811926,0.25950786240632523,101.38521980182446,100.92985341317889,XLF,金融,value,Leading,10.0,2.0,3.0
2026-07-13,56.06999969482422,0.2617280530880227,0.26024792596689106,101.5568616533967,100.56252047202749,XLF,金融,value,Leading,10.0,1.0,0.0
2026-07-14,56.18000030517578,0.2631998177952583,0.26123188990968016,101.77935209519084,100.47282649689278,XLF,金融,value,Leading,11.0,1.0,-1.0
2026-07-15,56.560001373291016,0.265577316284453,0.2626803653679378,102.08810239364874,100.81009243750104,XLF,金融,value,Leading,11.0,1.0,-1.0
2026-07-16,56.75,0.26387985048004237,0.26308019373863933,102.12607703911601,100.72843826513608,XLF,金融,value,Leading,11.0,1.0,-1.0
2026-07-17,56.2599983215332,0.2636734292965324,0.2632779389246037,102.10893280651304,100.64560656463613,XLF,金融,value,Leading,11.0,1.0,-1.0
2026-07-20,56.040000915527344,0.2638169729714276,0.2634576169402117,102.07995948973851,100.40736204376377,XLF,金融,value,Leading,11.0,1.0,0.0
2026-07-21,56.11000061035156,0.26372439396048564,0.26354654261363636,102.02874474496066,100.08819170198285,XLF,金融,value,Leading,11.0,0.0,-1.0
2026-07-22,56.04999923706055,0.2635166903678875,0.2635365918650534,101.95812630134354,99.65264877501924,XLF,金融,value,Weakening,11.0,0.0,-1.0
2026-07-23,55.83000183105469,0.2634484820377655,0.2635072219226241,101.88678518702179,99.53037955809073,XLF,金融,value,Weakening,11.0,0.0,-1.0
2026-07-24,56.310001373291016,0.26366062388061495,0.2635583559086211,101.83053673219774,99.48771117291017,XLF,金融,value,Weakening,11.0,0.0,-1.0
2026-07-27,56.880001068115234,0.26433684823950243,0.2638178533522482,101.81249367781919,99.50012294576612,XLF,金融,value,Weakening,11.0,0.0,-1.0
2026-07-28,57.599998474121094,0.2645964345084005,0.26407738040429896,101.79439293573483,99.53853138245232,XLF,金融,value,Weakening,11.0,0.0,0.0
2026-07-29,56.68000030517578,0.2627358338094116,0.2636301982060032,101.64809805202097,99.45569877435216,XLF,金融,value,Weakening,10.0,-1.0,-1.0
2026-07-30,57.0,0.26464852218298307,0.2639696395316632,101.66091174260279,99.55882522549878,XLF,金融,value,Weakening,10.0,-1.0,-1.0
2026-07-31,56.939998626708984,0.2648248922442471,0.2642547237691912,101.65830809827237,99.6261371882487,XLF,金融,value,Weakening,11.0,0.0,0.0
2024-08-01,122.12606811523438,0.743664271426522,0.743664271426522,,,XLI,資本財・サービス,value,,,,
2024-08-02,119.44005584716797,0.7400428579923888,0.7424571336151443,,,XLI,資本財・サービス,value,,,,
2024-08-05,117.36714172363281,0.744795164149778,0.7432364771266889,,,XLI,資本財・サービス,value,,,,
2024-08-06,118.77828979492188,0.7460982319754961,0.7441903954096247,,,XLI,資本財・サービス,value,,,,
2024-08-07,118.20410919189453,0.7477645370609277,0.7453817759600591,,,XLI,資本財・サービス,value,,,,
2024-08-08,120.9290542602539,0.7513860934525495,0.7473832151242226,,,XLI,資本財・サービス,value,,,,
2024-08-09,120.9485092163086,0.7499286873062081,0.7482317058515511,,,XLI,資本財・サービス,value,,,,
2024-08-12,120.33540344238281,0.7497262073211401,0.7487298730080808,,,XLI,資本財・サービス,value,,,,
2024-08-13,121.60054779052734,0.7490722618706772,0.7488440026289462,,,XLI,資本財・サービス,value,,,,
2024-08-14,122.09687805175781,0.7505635740514214,0.7494171931031046,,,XLI,資本財・サービス,value,,,,
2024-08-15,123.7415771484375,0.750494188930464,0.7497761917122245,,,XLI,資本財・サービス,value,,,,
2024-08-16,123.56641387939453,0.7476325495732897,0.7490616443325796,,,XLI,資本財・サービス,value,,,,
2024-08-19,124.3157730102539,0.7464842074978651,0.7482024987210082,,,XLI,資本財・サービス,value,,,,
2024-08-20,123.97513580322266,0.7473923066238245,0.7479324346886137,,,XLI,資本財・サービス,value,,,,
2024-08-21,124.72451782226562,0.74668222523735,0.7475156982048592,,,XLI,資本財・サービス,value,,,,
2024-08-22,124.56878662109375,0.7478730880144757,0.747634828141398,,,XLI,資本財・サービス,value,,,,
2024-08-23,125.81446838378906,0.7458611348764641,0.7470435970530868,,,XLI,資本財・サービス,value,,,,
2024-08-26,125.67823028564453,0.7451818240543826,0.7464230060535187,,,XLI,資本財・サービス,value,,,,
2024-08-27,125.756103515625,0.7453013484429798,0.7460491201833391,,,XLI,資本財・サービス,value,,,,
2024-08-28,125.69768524169922,0.7470117393960537,0.746369993254244,,,XLI,資本財・サービス,value,,,,
2024-08-29,126.58329772949219,0.7494730681590063,0.7474043515558315,,,XLI,資本財・サービス,value,,,,
2024-08-30,127.93604278564453,0.7516679044425096,0.7488255358513909,,,XLI,資本財・サービス,value,,,,
2024-09-03,125.10404968261719,0.7445971693966441,0.7474160803664753,,,XLI,資本財・サービス,value,,,,
2024-09-04,125.23056030273438,0.7464249932516154,0.7470857179948553,,,XLI,資本財・サービス,value,,,,
2024-09-05,123.7707748413086,0.7422626917861312,0.7454780425919474,,,XLI,資本財・サービス,value,,,,
2024-09-06,122.51535034179688,0.7427083531825722,0.7445548127888224,,,XLI,資本財・サービス,value,,,,
2024-09-09,124.39361572265625,0.7468648617153084,0.7453248290976511,,,XLI,資本財・サービス,value,,,,
2024-09-10,124.60770416259766,0.7477158213273636,0.7461218265075553,,,XLI,資本財・サービス,value,,,,
2024-09-11,124.83155822753906,0.7487110960776358,0.7469849163642488,,,XLI,資本財・サービス,value,,,,
2024-09-12,125.79501342773438,0.7498326676877144,0.747934166805404,,,XLI,資本財・サービス,value,,,,
2024-09-13,127.06990814208984,0.7502477055591271,0.7487053463899784,,,XLI,資本財・サービス,value,,,,
2024-09-16,127.72193908691406,0.7486645628102914,0.7486917518634162,,,XLI,資本財・サービス,value,,,,
2024-09-17,128.4226531982422,0.7516632264324307,0.749682243386421,,,XLI,資本財・サービス,value,,,,
2024-09-18,128.31561279296875,0.7524432304919604,0.7506025724216008,,,XLI,資本財・サービス,value,,,,
2024-09-19,130.52474975585938,0.7573176972205942,0.7528409473545986,,,XLI,資本財・サービス,value,,,,
2024-09-20,129.6099090576172,0.7547644862792712,0.7534821269961562,,,XLI,資本財・サービス,value,,,,
2024-09-23,130.47987365722656,0.7559599127162809,0.7543080555695312,,,XLI,資本財・サービス,value,,,,
2024-09-24,131.41717529296875,0.7602776511514833,0.7562979207635152,,,XLI,資本財・サービス,value,,,,
2024-09-25,130.80206298828125,0.7614269189086537,0.7580075868118947,,,XLI,資本財・サービス,value,,,,
2024-09-26,131.4562225341797,0.7588825064722168,0.7582992266986688,,,XLI,資本財・サービス,value,,,,
2024-09-27,131.6417236328125,0.7572352437260381,0.757944565707792,,,XLI,資本財・サービス,value,,,,
2024-09-30,132.23731994628906,0.7596846744577335,0.7585246019577725,,,XLI,資本財・サービス,value,,,,
2024-10-01,132.30564880371094,0.7641290297336559,0.7603927445497336,,,XLI,資本財・サービス,value,,,,
2024-10-02,132.0615234375,0.7635332028780848,0.7614395639925174,,,XLI,資本財・サービス,value,,,,
2024-10-03,131.38787841796875,0.7632398370067041,0.7620396549972464,,,XLI,資本財・サービス,value,,,,
2024-10-04,132.30564880371094,0.7625886341283269,0.7622226480409399,,,XLI,資本財・サービス,value,,,,
2024-10-07,131.98342895507812,0.7666994247582211,0.7637149069467003,,,XLI,資本財・サービス,value,,,,
2024-10-08,132.2763671875,0.7665838818545625,0.7646712319159877,,,XLI,資本財・サービス,value,,,,
2024-10-09,133.45774841308594,0.7681536207646558,0.7658320281988772,,,XLI,資本財・サービス,value,,,,
2024-10-10,132.77430725097656,0.7670940643745666,0.7662527069241071,,,XLI,資本財・サービス,value,,,,
2024-10-11,135.14683532714844,0.7732059570757691,0.7685704569746612,,,XLI,資本財・サービス,value,,,,
2024-10-14,135.9571990966797,0.772176402460817,0.7697724388033799,,,XLI,資本財・サービス,value,,,,
2024-10-15,134.91250610351562,0.7697259095720972,0.7697569290596191,,,XLI,資本財・サービス,value,,,,
2024-10-16,135.9571990966797,0.7704756570659117,0.7699965050617167,,,XLI,資本財・サービス,value,,,,
2024-10-17,135.56668090820312,0.7694912937771963,0.76982810130021,,,XLI,資本財・サービス,value,,,,
2024-10-18,135.9767303466797,0.7695271805960457,0.769727794398822,,,XLI,資本財・サービス,value,,,,
2024-10-21,135.49832153320312,0.7734111202184151,0.7709555696720198,,,XLI,資本財・サービス,value,,,,
2024-10-22,133.85804748535156,0.7674962255199036,0.7698024549546478,,,XLI,資本財・サービス,value,,,,
2024-10-23,133.46751403808594,0.767780561972311,0.7691284906272022,,,XLI,資本財・サービス,value,,,,
2024-10-24,132.5497283935547,0.7623304403472004,0.7668624738672016,,,XLI,資本財・サービス,value,,,,
2024-10-25,132.19825744628906,0.7639375757159458,0.765887507816783,,,XLI,資本財・サービス,value,,,,
2024-10-28,132.58877563476562,0.7618738403883345,0.764549618673967,,,XLI,資本財・サービス,value,,,,
2024-10-29,132.4130401611328,0.7631647983635327,0.7640880119038223,101.01723965145914,,XLI,資本財・サービス,value,,7.0,,
2024-10-30,132.18849182128906,0.7635381167745255,0.7639047135273901,100.96653258563789,,XLI,資本財・サービス,value,,7.0,,
2024-10-31,130.66537475585938,0.7628748311473093,0.7635614194006966,100.90061308734954,,XLI,資本財・サービス,value,,8.0,,
2024-11-01,130.8411102294922,0.7634244938023197,0.763515777534571,100.86763117856975,,XLI,資本財・サービス,value,,8.0,,
2024-11-04,130.6946563720703,0.7616631942829586,0.7628982497840336,100.77275380771438,,XLI,資本財・サービス,value,,8.0,,
2024-11-05,132.8817138671875,0.7654802657920031,0.7637589217866902,100.84141127951173,,XLI,資本財・サービス,value,,8.0,1.0,
2024-11-06,138.0856475830078,0.7770612740754174,0.768193039216266,101.29637791063823,,XLI,資本財・サービス,value,,8.0,1.0,
2024-11-07,137.25576782226562,0.7716318396138407,0.7693393060154576,101.37556057097352,,XLI,資本財・サービス,value,,8.0,0.0,
2024-11-08,138.73004150390625,0.7755988088698877,0.7714258069669344,101.54688161561788,,XLI,資本財・サービス,value,,8.0,0.0,
2024-11-11,139.80406188964844,0.7777168504968172,0.7735228214768954,101.70415111208969,,XLI,資本財・サービス,value,,8.0,0.0,
2024-11-12,138.60313415527344,0.7769571830366208,0.7746676086634705,101.75042197466998,,XLI,資本財・サービス,value,,8.0,0.0,-1.0
2024-11-13,138.8960418701172,0.7781753847837312,0.7758368673702241,101.79286149671827,,XLI,資本財・サービス,value,,8.0,0.0,-1.0
2024-11-14,136.55279541015625,0.7712183141516729,0.7742973496307071,101.57182307109075,,XLI,資本財・サービス,value,,8.0,0.0,0.0
2024-11-15,135.82054138183594,0.7725939284985189,0.7737295425866444,101.46082353182085,,XLI,資本財・サービス,value,,8.0,0.0,0.0
2024-11-18,135.63502502441406,0.7684384424233753,0.7719658425322214,101.24110359153528,,XLI,資本財・サービス,value,,7.0,-1.0,-1.0
2024-11-19,135.5178680419922,0.7698511942736996,0.7712609597793809,101.1338328945356,,XLI,資本財・サービス,value,,7.0,-1.0,-1.0
2024-11-20,135.66432189941406,0.7680969221513391,0.7702062805700337,100.99550220195768,,XLI,資本財・サービス,value,,7.0,-1.0,-1.0
2024-11-21,137.3631591796875,0.7680404441961161,0.7694843351120613,100.89352411803867,,XLI,資本財・サービス,value,,7.0,-1.0,-1.0
2024-11-22,139.27679443359375,0.7726540236418666,0.7705408979553298,100.97295615409914,,XLI,資本財・サービス,value,,7.0,-1.0,-1.0
2024-11-25,140.145751953125,0.7704976150844045,0.7705264703316881,100.9435848437117,,XLI,資本財・サービス,value,,7.0,0.0,1.0
2024-11-26,140.311767578125,0.7713280337135672,0.7707936581256478,100.9441285840562,,XLI,資本財・サービス,value,,7.0,0.0,1.0
2024-11-27,139.79425048828125,0.7692225538721175,0.7702699567078044,100.8614441390668,,XLI,資本財・サービス,value,,8.0,1.0,2.0
2024-11-29,140.58514404296875,0.7712243719741516,0.7705880951299202,100.86852952338965,,XLI,資本財・サービス,value,,8.0,1.0,2.0
2024-12-02,139.55020141601562,0.7674695160455889,0.7695485687684764,100.7298059792352,,XLI,資本財・サービス,value,,8.0,1.0,2.0
2024-12-03,138.67147827148438,0.7660340152780729,0.768377050938342,100.5747064582716,,XLI,資本財・サービス,value,,8.0,1.0,1.0
2024-12-04,139.27679443359375,0.7693365940946394,0.7686968986571079,100.58806324346563,,XLI,資本財・サービス,value,,8.0,1.0,1.0
2024-12-05,137.5877227783203,0.763818936700763,0.7670709113383263,100.36894281862133,,XLI,資本財・サービス,value,,7.0,-1.0,-2.0
2024-12-06,137.23622131347656,0.7627313509363097,0.7656243912043208,100.1576028665279,,XLI,資本財・サービス,value,,7.0,-1.0,-2.0
2024-12-09,136.0450897216797,0.7592272000670338,0.7634919941585585,99.83879570034716,,XLI,資本財・サービス,value,,7.0,-1.0,-2.0
2024-12-10,135.713134765625,0.7620435467115058,0.7630091783428743,99.72574246927267,,XLI,資本財・サービス,value,,7.0,-1.0,-2.0
2024-12-11,135.40066528320312,0.7595846911330121,0.7618676826062536,99.50843396151097,,XLI,資本財・サービス,value,,7.0,-1.0,-2.0
2024-12-12,134.53173828125,0.7574761128835182,0.7604038260320085,99.2261647417177,,XLI,資本財・サービス,value,,6.0,-1.0,0.0
2024-12-13,134.18023681640625,0.7581515441618708,0.7596530654086293,99.0327727812475,,XLI,資本財・サービス,value,,6.0,-1.0,0.0
2024-12-16,134.29739379882812,0.7613210789319326,0.760209069916397,99.04889580330966,,XLI,資本財・サービス,value,,6.0,-1.0,0.0
2024-12-17,133.0671844482422,0.7603356476395541,0.7602512624907828,98.97877818612017,,XLI,資本財・サービス,value,,6.0,-1.0,0.0
2024-12-18,129.30825805664062,0.7613867094477728,0.7606297448097795,98.98555483173804,,XLI,資本財・サービス,value,,6.0,-1.0,0.0
2024-12-19,129.1422576904297,0.7629406543709859,0.7614000479968484,99.07058072819474,,XLI,資本財・サービス,value,,6.0,0.0,1.0
2024-12-20,130.65560913085938,0.7612200364454826,0.7613400441463931,98.99865507023733,,XLI,資本財・サービス,value,,6.0,0.0,1.0
2024-12-23,130.62615966796875,0.7600123473921194,0.7608974785616353,98.86469528359919,,XLI,資本財・サービス,value,,4.0,-2.0,-1.0
2024-12-24,131.6466827392578,0.7602143820105913,0.7606697797112874,98.79143297363655,,XLI,資本財・サービス,value,,4.0,-2.0,-1.0
2024-12-26,131.74481201171875,0.7595408988663225,0.7602934860962991,98.69039866604643,,XLI,資本財・サービス,value,,4.0,-2.0,-1.0
2024-12-27,130.7635498046875,0.7590462984655161,0.7598777568860382,98.57822408912784,,XLI,資本財・サービス,value,,4.0,-2.0,-2.0
2024-12-30,129.4486541748047,0.7590605613965957,0.7596053583895575,98.50570365346022,,XLI,資本財・サービス,value,,4.0,-2.0,-2.0
2024-12-31,129.29165649414062,0.7567554870916967,0.7586554012902705,98.31820023452758,,XLI,資本財・サービス,value,,2.0,-2.0,0.0
2025-01-02,128.84027099609375,0.7563146500741609,0.7578751508849007,98.19304889590018,,XLI,資本財・サービス,value,,1.0,-3.0,-1.0
2025-01-03,130.23367309570312,0.7575568008233987,0.7577690341977333,98.22033348700774,,XLI,資本財・サービス,value,,2.0,-2.0,0.0
2025-01-06,129.9490966796875,0.7564163337050424,0.7573181340335031,98.18232365466054,,XLI,資本財・サービス,value,,1.0,-3.0,-1.0
2025-01-07,129.821533203125,0.7582126039982156,0.7576162906884073,98.30152062521906,,XLI,資本財・サービス,value,,1.0,-3.0,-1.0
2025-01-08,130.33180236816406,0.760283657767788,0.758505413048201,98.52593280712863,,XLI,資本財・サービス,value,,3.0,1.0,3.0
2025-01-10,128.8697052001953,0.762906192475619,0.759972339524007,98.84684988137445,,XLI,資本財・サービス,value,,3.0,2.0,5.0
2025-01-13,130.38087463378906,0.7655774223927678,0.7618407004802606,99.22930971521156,,XLI,資本財・サービス,value,,4.0,2.0,4.0
2025-01-14,131.9214324951172,0.768420314460635,0.7640339051403855,99.66925007597318,,XLI,資本財・サービス,value,,5.0,4.0,7.0
2025-01-15,132.75550842285156,0.7659273931750905,0.7646650678186205,99.80701283667952,,XLI,資本財・サービス,value,,6.0,5.0,8.0
2025-01-16,134.3647918701172,0.7691547974373418,0.7661616443581944,100.11157048901804,,XLI,資本財・サービス,value,,6.0,3.0,2.0
2025-01-17,135.16943359375,0.7700217999155611,0.7674483628773168,100.3744725847735,,XLI,資本財・サービス,value,,7.0,4.0,2.0
2025-01-21,137.94642639160156,0.7768237249220638,0.7705734835588991,100.98772243313083,,XLI,資本財・サービス,value,,9.0,5.0,3.0
2025-01-22,137.6226043701172,0.7777331295419221,0.7729600322199068,101.43171719739304,,XLI,資本財・サービス,value,,11.0,6.0,2.0
2025-01-23,139.0159912109375,0.7819022985161578,0.7759407876519906,101.9515307785178,,XLI,資本財・サービス,value,,11.0,5.0,0.0
2025-01-24,138.42726135253906,0.7792748098127458,0.7770521283722424,102.07482230121938,,XLI,資本財・サービス,value,,11.0,5.0,2.0
2025-01-27,136.57266235351562,0.7683282856424477,0.7741441807956442,101.49965823980686,,XLI,資本財・サービス,value,,10.0,3.0,-1.0
2025-01-28,135.6698760986328,0.767035985104186,0.7717747822318248,101.04573171278865,,XLI,資本財・サービス,value,,10.0,1.0,-4.0
2025-01-29,135.20867919921875,0.7669651508758263,0.7701715717798254,100.74136215679921,,XLI,資本財・サービス,value,,9.0,-2.0,-8.0
2025-01-30,136.71983337402344,0.7673463651578867,0.7692298362391792,100.55808358926626,,XLI,資本財・サービス,value,,7.0,-4.0,-9.0
2025-01-31,135.75819396972656,0.7682551998985221,0.7689049574589603,100.48584565331382,,XLI,資本財・サービス,value,,7.0,-4.0,-9.0
2025-02-03,134.4138641357422,0.7648254079498562,0.7675451076225923,100.23259686449367,,XLI,資本財・サービス,value,,7.0,-3.0,-6.0
2025-02-04,134.45309448242188,0.764115976464773,0.7664020639033192,100.02000805287976,,XLI,資本財・サービス,value,,7.0,-3.0,-4.0
2025-02-05,134.55123901367188,0.7609632444384343,0.7645891240816909,99.6915122647843,,XLI,資本財・サービス,value,,5.0,-4.0,-2.0
2025-02-06,135.15960693359375,0.7654169010216683,0.76486504972835,99.73477961064616,99.16209880342521,XLI,資本財・サービス,value,Lagging,5.0,-2.0,2.0
2025-02-07,134.75730895996094,0.7669073473250458,0.7655458155939153,99.85195834458892,99.38251164059223,XLI,資本財・サービス,value,Lagging,6.0,-1.0,3.0
2025-02-10,135.9642333984375,0.7715925367464417,0.7675613893114241,100.21719790059237,100.07385190566299,XLI,資本財・サービス,value,Leading,6.0,-1.0,2.0
2025-02-11,136.0133056640625,0.7717854761500912,0.7689694182576465,100.4724494344882,100.5934975049697,XLI,資本財・サービス,value,Leading,7.0,0.0,3.0
2025-02-12,135.16943359375,0.7714787623230484,0.7698058662794471,100.63032147842262,101.12357803082725,XLI,資本財・サービス,value,Leading,7.0,2.0,6.0
2025-02-13,135.3068084716797,0.7656163875930226,0.7684093733839723,100.3971685124468,100.8267582899144,XLI,資本財・サービス,value,Leading,6.0,1.0,3.0
2025-02-14,134.9731903076172,0.7644877844562789,0.7671021770747413,100.18296580604674,100.47297826579324,XLI,資本財・サービス,value,Leading,3.0,-3.0,-2.0
2025-02-18,136.03294372558594,0.7646208717481836,0.7662750752992221,100.05821327746445,99.93605304888604,XLI,資本財・サービス,value,Weakening,3.0,-3.0,-2.0
2025-02-19,136.17034912109375,0.7638443503844489,0.7654648336609644,99.9277904109161,99.51661485281342,XLI,資本財・サービス,value,Lagging,2.0,-5.0,-5.0
2025-02-20,135.27737426757812,0.7607491667448966,0.7638929446889419,99.64279686570579,99.0430629359801,XLI,資本財・サービス,value,Lagging,2.0,-5.0,-7.0
2025-02-21,132.31394958496094,0.7546771946736125,0.7608210280171654,99.0573768642385,98.68388270212702,XLI,資本財・サービス,value,Lagging,1.0,-5.0,-6.0
2025-02-24,131.71536254882812,0.7506367992208492,0.75742628508506,98.43238919596658,98.29082340959863,XLI,資本財・サービス,value,Lagging,1.0,-2.0,1.0
2025-02-25,132.39244079589844,0.7537416602960595,0.75619807682206,98.26210462676625,98.29437541645622,XLI,資本財・サービス,value,Lagging,1.0,-2.0,1.0
2025-02-26,132.470947265625,0.7557827511639326,0.7560596349360176,98.30720565288985,98.51880401252454,XLI,資本財・サービス,value,Lagging,1.0,-1.0,4.0
2025-02-27,132.009765625,0.7597870514651387,0.7573021071123913,98.59619751642958,99.12744661993611,XLI,資本財・サービス,value,Lagging,2.0,0.0,5.0
2025-02-28,133.7760467529297,0.7614920442483126,0.7586987528243652,98.89899307923906,100.04030450745556,XLI,資本財・サービス,value,Improving,3.0,2.0,7.0
2025-03-03,131.87237548828125,0.7587408206973658,0.7587127754486988,98.9353422898071,100.70748107091896,XLI,資本財・サービス,value,Improving,3.0,2.0,4.0
2025-03-04,129.3014678955078,0.7561656013090367,0.7578637174021448,98.81084080666666,100.74001390447222,XLI,資本財・サービス,value,Improving,3.0,2.0,4.0
2025-03-05,131.34251403808594,0.7610287623196796,0.7589187323746565,99.04370873883518,100.91334941204775,XLI,資本財・サービス,value,Improving,3.0,2.0,3.0
2025-03-06,130.2140350341797,0.7629379142649703,0.7602584596714278,99.32663997234924,100.88581413357872,XLI,資本財・サービス,value,Improving,3.0,1.0,1.0
2025-03-07,131.7350311279297,0.7646854792887406,0.7617341328771988,99.63170614840784,100.86546563544923,XLI,資本財・サービス,value,Improving,3.0,0.0,-2.0
2025-03-10,129.67433166503906,0.7634830768711085,0.7623171142085021,99.7635646339754,100.9359666224721,XLI,資本財・サービス,value,Improving,3.0,0.0,-2.0
2025-03-11,127.682373046875,0.7619020563672212,0.7621787615947418,99.75074147128694,101.01699795199664,XLI,資本財・サービス,value,Improving,3.0,0.0,-2.0
2025-03-12,127.67256164550781,0.7654507465870717,0.7632694232588519,99.97353749647176,100.97663101125899,XLI,資本財・サービス,value,Improving,4.0,1.0,-1.0
2025-03-13,126.36748504638672,0.7649598220615423,0.7638328895264155,100.08394036276839,100.78153216900344,XLI,資本財・サービス,value,Leading,4.0,1.0,0.0
2025-03-14,128.6734619140625,0.7643474261656765,0.7640044017395026,100.1147393289848,100.49244108628903,XLI,資本財・サービス,value,Leading,4.0,1.0,1.0
2025-03-17,130.4495391845703,0.7645798336876243,0.7641962123888766,100.14545978562856,100.37264997110468,XLI,資本財・サービス,value,Leading,5.0,2.0,2.0
2025-03-18,129.40940856933594,0.7624485305269343,0.7636136517682293,100.02012271224933,100.24085714297946,XLI,資本財・サービス,value,Leading,4.0,1.0,1.0
2025-03-19,131.12661743164062,0.7668829540495655,0.7647034191953415,100.2215458237224,100.19960581712195,XLI,資本財・サービス,value,Leading,4.0,0.0,-1.0
2025-03-20,130.46917724609375,0.7662275282540099,0.765211455548231,100.30793557208074,100.15976374699244,XLI,資本財・サービス,value,Leading,4.0,0.0,-1.0
2025-03-21,129.7724609375,0.765643086616986,0.7653553325711494,100.32147217659818,100.12734460235885,XLI,資本財・サービス,value,Leading,4.0,0.0,-1.0
2025-03-24,132.17901611328125,0.7679413141931419,0.766217326445147,100.4772537216403,100.24263933812412,XLI,資本財・サービス,value,Leading,4.0,-1.0,-3.0
2025-03-25,132.3759002685547,0.7709280751304544,0.7677875760069162,100.77008314893102,100.65697285138891,XLI,資本財・サービス,value,Leading,5.0,1.0,0.0
2025-03-26,131.4998779296875,0.7672709676873678,0.7676153732337334,100.71423374202881,100.38353334358021,XLI,資本財・サービス,value,Leading,5.0,1.0,1.0
2025-03-27,130.80104064941406,0.7651616388438442,0.7667974617704372,100.53249486188668,100.10161557060209,XLI,資本財・サービス,value,Leading,4.0,0.0,0.0
2025-03-28,128.10411071777344,0.7611187209002624,0.7649045481470457,100.1408201729358,99.68510846225087,XLI,資本財・サービス,value,Weakening,4.0,0.0,0.0
2025-03-31,129.0096435546875,0.7601714625421095,0.7633268529454004,99.81337099624587,99.19757723320222,XLI,資本財・サービス,value,Lagging,4.0,0.0,1.0
2025-04-01,129.73802185058594,0.763669806578249,0.7634411708230167,99.82394387684937,98.9228729155015,XLI,資本財・サービス,value,Lagging,4.0,-1.0,-2.0
2025-04-02,130.9585418701172,0.7644620288793436,0.7637814568417924,99.87868884398456,99.0451250071229,XLI,資本財・サービス,value,Lagging,4.0,-1.0,-2.0
2025-04-03,123.8717041015625,0.7592628635385464,0.7622752590740438,99.5544907785888,98.91447365245125,XLI,資本財・サービス,value,Lagging,4.0,0.0,0.0
2025-04-04,116.08605194091797,0.7538680522532015,0.7594728568004298,98.96374626567095,98.73505296419333,XLI,資本財・サービス,value,Lagging,3.0,-1.0,-1.0
2025-04-07,115.5447006225586,0.7566587650044732,0.7585348262017776,98.7620248662449,98.87847581411623,XLI,資本財・サービス,value,Lagging,2.0,-2.0,-2.0
2025-04-08,114.5899429321289,0.7648325865884117,0.760634079663989,99.17833296594905,99.28558402995286,XLI,資本財・サービス,value,Lagging,3.0,-1.0,0.0
2025-04-09,124.76741027832031,0.7710966797440453,0.7641216130240078,99.89165419775128,99.93229608405645,XLI,資本財・サービス,value,Lagging,4.0,0.0,1.0
2025-04-10,121.54881286621094,0.777374617012996,0.7685392810203373,100.81489906666766,101.13596131715808,XLI,資本財・サービス,value,Leading,6.0,2.0,2.0
2025-04-11,123.69454193115234,0.779281583394697,0.7721200484784573,101.53379200559273,102.28724865447039,XLI,資本財・サービス,value,Leading,9.0,6.0,7.0
2025-04-14,124.98394775390625,0.7774718346202214,0.7739039771923788,101.83034471689116,102.58449042245715,XLI,資本財・サービス,value,Leading,9.0,7.0,9.0
2025-04-15,124.36385345458984,0.7761213480115955,0.7746431007987844,101.89270355083364,102.18740706116597,XLI,資本財・サービス,value,Leading,9.0,6.0,7.0
2025-04-16,122.66104888916016,0.775450790792075,0.774912330796548,101.85962268932032,101.52355460576715,XLI,資本財・サービス,value,Leading,9.0,5.0,5.0
2025-04-17,123.33036041259766,0.7739301028931634,0.7745849214954199,101.7250942437544,100.63266650390494,XLI,資本財・サービス,value,Leading,9.0,3.0,1.0
2025-04-21,120.56452178955078,0.7720954236929894,0.7737550888946099,101.5179294431398,99.85264962244578,XLI,資本財・サービス,value,Weakening,8.0,-1.0,-7.0
2025-04-22,122.6708755493164,0.766680907979029,0.7713970285894163,101.06656784888409,99.2258678106402,XLI,資本財・サービス,value,Weakening,6.0,-3.0,-10.0
2025-04-23,124.20635223388672,0.7688395737259723,0.770544543634935,100.92061746088415,99.07048094812944,XLI,資本財・サービス,value,Weakening,7.0,-2.0,-8.0
2025-04-24,126.99188232421875,0.7730032254675869,0.771364104245819,101.11451381243468,99.29671093691412,XLI,資本財・サービス,value,Weakening,7.0,-2.0,-7.0
2025-04-25,126.98204040527344,0.7740512102446161,0.772259806245418,101.33957275976344,99.65101362912173,XLI,資本財・サービス,value,Weakening,10.0,1.0,-2.0
2025-04-28,127.4052734375,0.7744573272828391,0.7729923132578917,101.49863194617278,100.01187733642082,XLI,資本財・サービス,value,Leading,11.0,3.0,4.0
2025-04-29,128.2320556640625,0.7749603750875584,0.7736483338677806,101.61057254799826,100.53700763342948,XLI,資本財・サービス,value,Leading,11.0,5.0,8.0
2025-04-30,129.1573028564453,0.7794444858312882,0.7755803845222832,101.93066942491289,100.9480645288447,XLI,資本財・サービス,value,Leading,11.0,4.0,6.0
2025-05-01,130.1317138671875,0.7863942542206748,0.7791850077550804,102.47683226956208,101.2404504610729,XLI,資本財・サービス,value,Leading,11.0,4.0,6.0
2025-05-02,132.4644775390625,0.786613388478113,0.781661134662758,102.72350001633923,101.22538836334552,XLI,資本財・サービス,value,Leading,11.0,1.0,0.0
2025-05-05,132.5333709716797,0.7896409539831802,0.7843210744362321,102.9150569425937,101.21772108057648,XLI,資本財・サービス,value,Leading,11.0,0.0,-3.0
2025-05-06,131.37193298339844,0.7885667772849739,0.785736308719146,102.87671630369424,101.04134518053533,XLI,資本財・サービス,value,Leading,11.0,0.0,-5.0
2025-05-07,132.04122924804688,0.7873983205719562,0.7862903126700829,102.727213292267,100.57104142453734,XLI,資本財・サービス,value,Leading,11.0,0.0,-4.0
2025-05-08,133.8621368408203,0.7915973524839592,0.7880593259413751,102.74059646340842,100.0430180514485,XLI,資本財・サービス,value,Leading,11.0,0.0,-4.0
2025-05-09,133.97044372558594,0.792421518799179,0.7895133902273097,102.70518267595787,99.75917450196233,XLI,資本財・サービス,value,Weakening,11.0,0.0,-1.0
2025-05-12,138.09457397460938,0.7950243457464957,0.7913503754003717,102.70717114722441,99.57805846726053,XLI,資本財・サービス,value,Weakening,11.0,0.0,0.0
2025-05-13,139.0591583251953,0.7987753908230654,0.7938253805412696,102.7591603160617,99.67484086433463,XLI,資本財・サービス,value,Weakening,11.0,0.0,0.0
2025-05-14,138.38986206054688,0.7997465012758266,0.7957990874527886,102.74291465952442,99.81790687009294,XLI,資本財・サービス,value,Weakening,11.0,0.0,0.0
2025-05-15,139.92532348632812,0.8013157447473366,0.797637973217638,102.70466744550002,99.77807427220763,XLI,資本財・サービス,value,Weakening,11.0,0.0,0.0
2025-05-16,141.51986694335938,0.8025675179745209,0.7992811548032657,102.64737983781757,99.7628096766337,XLI,資本財・サービス,value,Weakening,11.0,0.0,0.0
2025-05-19,142.00216674804688,0.805392224654853,0.8013181780871281,102.62149747631011,99.73436553439716,XLI,資本財・サービス,value,Weakening,11.0,0.0,0.0
2025-05-20,141.4903564453125,0.8045904643567415,0.8024089401769994,102.52486438255696,99.58322215287866,XLI,資本財・サービス,value,Weakening,11.0,0.0,0.0
2025-05-21,139.09854125976562,0.808603054343124,0.8044736448990409,102.50617170342606,99.56504259899846,XLI,資本財・サービス,value,Weakening,11.0,0.0,0.0
2025-05-22,139.06898498535156,0.8110177265706707,0.8066550054562509,102.49406350253004,99.5654576599481,XLI,資本財・サービス,value,Weakening,11.0,0.0,0.0
2025-05-23,138.6162109375,0.8116230930522341,0.808311034654912,102.45052020564545,99.5401447391288,XLI,資本財・サービス,value,Weakening,11.0,0.0,0.0
2025-05-27,141.05723571777344,0.8108002597907202,0.8091407763668482,102.3623152017678,99.43007612009141,XLI,資本財・サービス,value,Weakening,11.0,0.0,0.0
2025-05-28,140.3583984375,0.8137023934463121,0.8106613153933363,102.32511078910136,99.45215498438522,XLI,資本財・サービス,value,Weakening,11.0,0.0,0.0
2025-05-29,140.48635864257812,0.812460025216764,0.8112608853344789,102.23583771826232,99.35020321994232,XLI,資本財・サービス,value,Weakening,11.0,0.0,0.0
2025-05-30,140.574951171875,0.8132949022965928,0.811938890988517,102.15904455489787,99.28174338319307,XLI,資本財・サービス,value,Weakening,11.0,0.0,0.0
2025-06-02,140.3977813720703,0.8116258266669689,0.8118345362146677,102.04775917615636,99.22510132887312,XLI,資本財・サービス,value,Weakening,10.0,-1.0,-1.0
2025-06-03,141.48048400878906,0.8111319734487363,0.8116003486260239,101.94244759637084,99.22643285450273,XLI,資本財・サービス,value,Weakening,11.0,0.0,0.0
2025-06-04,141.55923461914062,0.813410949628231,0.8122038822934263,101.89079337000001,99.23307613040187,XLI,資本財・サービス,value,Weakening,10.0,-1.0,-1.0
2025-06-05,141.4608154296875,0.8150476679455485,0.8131518108441338,101.86019510433802,99.31905542571864,XLI,資本財・サービス,value,Weakening,9.0,-2.0,-2.0
2025-06-06,142.65176391601562,0.8148720712456723,0.81372523097798,101.81130648240318,99.3696718069823,XLI,資本財・サービス,value,Weakening,9.0,-2.0,-2.0
2025-06-09,142.52383422851562,0.8140046444872227,0.8138183688143943,101.74165650130769,99.43533959271517,XLI,資本財・サービス,value,Weakening,9.0,-1.0,0.0
2025-06-10,141.90371704101562,0.8064469609786694,0.8113612328691526,101.54955796440944,99.36086010065647,XLI,資本財・サービス,value,Weakening,9.0,-2.0,-2.0
2025-06-11,141.97264099121094,0.809136088997744,0.8106195182453498,101.4564560915893,99.33734662591522,XLI,資本財・サービス,value,Weakening,9.0,-1.0,0.0
2025-06-12,141.5985870361328,0.8051162918618298,0.8087851094508431,101.31393387459515,99.23618740392892,XLI,資本財・サービス,value,Weakening,9.0,0.0,2.0
2025-06-13,140.40762329101562,0.8081128549848292,0.8085610246288386,101.25964224085664,99.25104472943262,XLI,資本財・サービス,value,Weakening,9.0,0.0,2.0
2025-06-16,141.37222290039062,0.805894136568402,0.8076720619420265,101.17444896207225,99.25342815191523,XLI,資本財・サービス,value,Weakening,9.0,0.0,1.0
2025-06-17,140.30918884277344,0.807591921922882,0.8076453486023116,101.13637013896744,99.43752729876454,XLI,資本財・サービス,value,Weakening,9.0,0.0,2.0
2025-06-18,139.9745330810547,0.8055747239790919,0.8069551403945718,101.06601090547822,99.4749625155342,XLI,資本財・サービス,value,Weakening,9.0,0.0,1.0
2025-06-20,140.1320343017578,0.8051647469134612,0.8063583425675349,101.00262452160221,99.5722652119741,XLI,資本財・サービス,value,Weakening,9.0,0.0,0.0
2025-06-23,142.02955627441406,0.8089258958081469,0.807214193647739,101.01515734446424,99.65411740236905,XLI,資本財・サービス,value,Weakening,9.0,0.0,0.0
2025-06-24,143.2143096923828,0.8080231419336577,0.8074838430763787,100.99746061046196,99.73733778802998,XLI,資本財・サービス,value,Weakening,9.0,0.0,0.0
2025-06-25,141.95059204101562,0.8067134942024324,0.8072270601183966,100.95321975429263,99.74579953914531,XLI,資本財・サービス,value,Weakening,9.0,0.0,0.0
2025-06-26,143.49073791503906,0.8093581222510183,0.8079374141626039,100.96000857531523,99.84138522562313,XLI,資本財・サービス,value,Weakening,9.0,0.0,0.0
2025-06-27,144.9222869873047,0.8144501898014449,0.8101083393755509,101.0423178532626,100.006125570709,XLI,資本財・サービス,value,Leading,9.0,0.0,0.0
2025-06-30,145.64300537109375,0.814672479362537,0.811629719371213,101.09001331185846,100.04063435367698,XLI,資本財・サービス,value,Leading,9.0,0.0,0.0
2025-07-01,146.12677001953125,0.8079097603772453,0.8103897330398904,100.99401912371961,99.94186454018221,XLI,資本財・サービス,value,Weakening,9.0,0.0,0.0
2025-07-02,146.2748565673828,0.8068853349296634,0.8092216003364814,100.90337354560418,99.87300283266711,XLI,資本財・サービス,value,Weakening,9.0,0.0,0.0
2025-07-03,147.51882934570312,0.8098364217870073,0.8094265408199901,100.88776990349702,99.83277381850172,XLI,資本財・サービス,value,Weakening,9.0,0.0,0.0
2025-07-07,147.00543212890625,0.8135198607596946,0.8107909807998916,100.93766225714468,99.77769939972849,XLI,資本財・サービス,value,Weakening,9.0,0.0,0.0
2025-07-08,146.96597290039062,0.811269989234517,0.8109506502781001,100.9239740340011,99.68349896891581,XLI,資本財・サービス,value,Weakening,9.0,0.0,0.0
2025-07-09,147.9927215576172,0.8145051324521247,0.8121354776694416,100.97272872708747,99.83094913876108,XLI,資本財・サービス,value,Weakening,8.0,-1.0,-1.0
2025-07-10,148.822021484375,0.8143519384401635,0.812874297926349,100.99665789223144,99.95254921445648,XLI,資本財・サービス,value,Weakening,9.0,0.0,0.0
2025-07-11,148.2888946533203,0.8174187269318611,0.8143891075948532,101.06733999698088,100.05238817136133,XLI,資本財・サービス,value,Leading,9.0,0.0,0.0
2025-07-14,149.08859252929688,0.820980952027247,0.8165863890723177,101.17803902944355,100.14645767407968,XLI,資本財・サービス,value,Leading,10.0,1.0,1.0
2025-07-15,147.97299194335938,0.8262960201953293,0.8198229327799884,101.34954637490165,100.444787320074,XLI,資本財・サービス,value,Leading,10.0,1.0,1.0
2025-07-16,148.49623107910156,0.8259965307946928,0.82188079878489,101.44113588411764,100.63819304309284,XLI,資本財・サービス,value,Leading,10.0,2.0,3.0
2025-07-17,149.86854553222656,0.8268884379152897,0.8235500118283565,101.50513640511498,100.87038361571715,XLI,資本財・サービス,value,Leading,10.0,1.0,1.0
2025-07-18,149.5328826904297,0.8253500318187775,0.8241500184918302,101.50072933677869,100.8640796409395,XLI,資本財・サービス,value,Leading,10.0,1.0,1.0
2025-07-21,148.74305725097656,0.8238083901643886,0.8240361423826831,101.45394970340482,100.59412268512675,XLI,資本財・サービス,value,Leading,10.0,0.0,-1.0
2025-07-22,149.0984649658203,0.8153818706377839,0.8211513851343835,101.23354714956147,99.82416436900245,XLI,資本財・サービス,value,Weakening,10.0,0.0,-1.0
2025-07-23,151.7739715576172,0.8231938749693888,0.8218322150793853,101.2572321229576,99.6665625259532,XLI,資本財・サービス,value,Weakening,10.0,0.0,-2.0
2025-07-24,151.5172882080078,0.8244407949632732,0.8227017417073479,101.30032057826182,99.58820031373719,XLI,資本財・サービス,value,Weakening,11.0,1.0,0.0
2025-07-25,153.01795959472656,0.8286146905353092,0.8246727246500017,101.42527834287985,99.83022765050205,XLI,資本財・サービス,value,Weakening,11.0,1.0,0.0
2025-07-28,152.54405212402344,0.8309617380935301,0.8267690624645112,101.564474739328,100.20636082516188,XLI,資本財・サービス,value,Leading,11.0,1.0,1.0
2025-07-29,150.80645751953125,0.8218928100474769,0.8251436449921665,101.4316611127831,100.38402158542434,XLI,資本財・サービス,value,Leading,11.0,1.0,1.0
2025-07-30,150.0659942626953,0.8231971645400773,0.8244948181748035,101.37735933828358,100.23566023402562,XLI,資本財・サービス,value,Leading,10.0,0.0,0.0
2025-07-31,150.07586669921875,0.8308280191072235,0.826605885152277,101.54991619611415,100.55777822053489,XLI,資本財・サービス,value,Leading,11.0,0.0,-1.0
2025-08-01,147.83474731445312,0.8277520186525116,0.8269879296523552,101.57277632894777,100.40546447700437,XLI,資本財・サービス,value,Leading,11.0,0.0,-1.0
2025-08-04,149.19720458984375,0.8252895539440294,0.8264218044162466,101.50979318106441,99.97273368524326,XLI,資本財・サービス,value,Weakening,10.0,-1.0,-2.0
2025-08-05,148.89112854003906,0.8258883667201926,0.8262439918508953,101.47718540511507,100.34188695405338,XLI,資本財・サービス,value,Leading,10.0,-1.0,-2.0
2025-08-06,149.0095977783203,0.8283987212171425,0.8269622349729777,101.529004308281,100.84019722554594,XLI,資本財・サービス,value,Leading,10.0,0.0,0.0
2025-08-07,148.79241943359375,0.8276892924850006,0.8272045874769853,101.53994584633224,100.3375140097323,XLI,資本財・サービス,value,Leading,9.0,-2.0,-2.0
2025-08-08,148.910888671875,0.8268552853452864,0.8270881534330857,101.51410431908417,100.17059387332273,XLI,資本財・サービス,value,Leading,9.0,-2.0,-2.0
2025-08-11,148.42710876464844,0.8264259181505794,0.826867408338917,101.47731801360594,100.2751937943489,XLI,資本財・サービス,value,Leading,7.0,-3.0,-2.0
2025-08-12,149.96726989746094,0.824524331519645,0.826086382732493,101.37773631222153,100.0033638828787,XLI,資本財・サービス,value,Leading,7.0,-3.0,-2.0
2025-08-13,150.53988647460938,0.8160214707883747,0.8227314120844537,100.9812697442687,98.2959377806518,XLI,資本財・サービス,value,Weakening,7.0,-3.0,-3.0
2025-08-14,149.2070770263672,0.8140926675642545,0.8198518305777206,100.62152037821141,97.12980059674013,XLI,資本財・サービス,value,Weakening,7.0,-2.0,0.0
2025-08-15,148.52584838867188,0.8123814816759122,0.8173617142771179,100.29061501533003,96.50737249708482,XLI,資本財・サービス,value,Weakening,7.0,-2.0,0.0
2025-08-18,149.1083526611328,0.8157430797450151,0.8168221694330837,100.193719304585,96.711155368735,XLI,資本財・サービス,value,Weakening,7.0,0.0,3.0
2025-08-19,149.43414306640625,0.813715647422313,0.8157866620961601,100.0294517151798,96.86643729196264,XLI,資本財・サービス,value,Weakening,7.0,0.0,3.0
2025-08-20,149.29591369628906,0.8137039481152611,0.8150924241025271,99.90684565691247,97.73782664771706,XLI,資本財・サービス,value,Lagging,7.0,0.0,3.0
2025-08-21,148.76278686523438,0.8136336482997373,0.8146061655015973,99.81401565660259,98.47632460248737,XLI,資本財・サービス,value,Lagging,7.0,0.0,2.0
2025-08-22,151.1914825439453,0.8111196374010995,0.813443989468098,99.63075023861322,98.87798881940157,XLI,資本財・サービス,value,Lagging,6.0,-1.0,1.0
2025-08-25,149.68096923828125,0.8092081937356288,0.812032057557275,99.41709294917143,98.63132232438409,XLI,資本財・サービス,value,Lagging,6.0,-1.0,-1.0
2025-08-26,151.2211151123047,0.8169697334411038,0.8136779495185513,99.6402610135511,99.58793207264128,XLI,資本財・サービス,value,Lagging,7.0,0.0,0.0
2025-08-27,151.2013702392578,0.8139217103083785,0.8137592031151604,99.64341147289538,99.89869386127369,XLI,資本財・サービス,value,Lagging,4.0,-3.0,-3.0
2025-08-28,151.46792602539062,0.815745346420516,0.8144212508836123,99.73118915198772,100.33384288018941,XLI,資本財・サービス,value,Improving,5.0,-2.0,-2.0
2025-08-29,150.07586669921875,0.8088481599009715,0.8125635538893987,99.45881316283186,100.10930789833559,XLI,資本財・サービス,value,Improving,4.0,-2.0,-1.0
2025-09-02,148.64430236816406,0.8075115615728878,0.8108795564505618,99.21689047872687,100.03221458273863,XLI,資本財・サービス,value,Improving,3.0,-3.0,-2.0
2025-09-03,147.89398193359375,0.804682517371976,0.8088138767576999,98.92893022107977,98.80067245243535,XLI,資本財・サービス,value,Lagging,3.0,-4.0,-4.0
2025-09-04,149.5625,0.8077944021310804,0.80847405188216,98.89643310802035,98.73990806738385,XLI,資本財・サービス,value,Lagging,3.0,-1.0,2.0
2025-09-05,149.0095977783203,0.80386859827952,0.80693890068128,98.70625482547337,98.14855294162906,XLI,資本財・サービス,value,Lagging,2.0,-3.0,-1.0
2025-09-08,149.34527587890625,0.8063214001787707,0.8067330671804436,98.70960180536218,98.82119811081809,XLI,資本財・サービス,value,Lagging,3.0,-1.0,1.0
2025-09-09,148.3382568359375,0.8033589781920776,0.8056083708509884,98.59274002787018,99.12747949859647,XLI,資本財・サービス,value,Lagging,2.0,-1.0,2.0
2025-09-10,149.43414306640625,0.8101139458439799,0.8071102291819856,98.81906201589653,100.2995920188689,XLI,資本財・サービス,value,Improving,2.0,-1.0,3.0
2025-09-11,150.85581970214844,0.8057470258266446,0.8066558280635386,98.77586894211754,100.2638238066768,XLI,資本財・サービス,value,Improving,2.0,-1.0,0.0
2025-09-12,149.65133666992188,0.8051088999153152,0.8061401853474641,98.7198809278875,100.55321869028664,XLI,資本財・サービス,value,Improving,2.0,0.0,3.0
2025-09-15,150.34243774414062,0.8102419580983145,0.807507442931081,98.90879952163452,100.95096012365788,XLI,資本財・サービス,value,Improving,2.0,-1.0,0.0
2025-09-16,149.89816284179688,0.8099947098218555,0.8083365318946726,99.01731423554585,101.41689326839148,XLI,資本財・サービス,value,Improving,2.0,0.0,1.0
2025-09-17,149.21693420410156,0.8055428035902907,0.8074052891265454,98.89316409168737,100.60185967172815,XLI,資本財・サービス,value,Improving,2.0,0.0,1.0
2025-09-18,150.80645751953125,0.808840632668619,0.8078837369739034,98.95318310318268,100.81275469139004,XLI,資本財・サービス,value,Improving,3.0,1.0,2.0
2025-09-19,151.1717529296875,0.8122140458576,0.809327173268469,99.13545066320421,101.30796311298324,XLI,資本財・サービス,value,Improving,4.0,2.0,2.0
2025-09-22,151.67733764648438,0.8145412644215783,0.8110652036528389,99.358141429689,101.33895954508856,XLI,資本財・サービス,value,Improving,4.0,2.0,3.0
2025-09-23,151.71697998046875,0.8137610558955732,0.8119638210670836,99.4668950219024,101.2992679746586,XLI,資本財・サービス,value,Improving,4.0,2.0,2.0
2025-09-24,150.933837890625,0.8114526089477835,0.811793417027317,99.42829973955574,101.43532414953533,XLI,資本財・サービス,value,Improving,4.0,2.0,2.0
2025-09-25,149.9127197265625,0.8126533545437942,0.8120800628661428,99.45483289739757,101.32396625101914,XLI,資本財・サービス,value,Improving,5.0,2.0,1.0
2025-09-26,151.26097106933594,0.811917606207996,0.8120259106467606,99.44130234762288,100.89851931518463,XLI,資本財・サービス,value,Improving,5.0,1.0,-1.0
2025-09-29,151.72691345214844,0.8117067582373717,0.8119195265102976,99.42547274019576,100.4003542152738,XLI,資本財・サービス,value,Improving,5.0,1.0,-1.0
2025-09-30,152.89671325683594,0.8158089749873398,0.8132160093359784,99.60000127429583,100.53233218901855,XLI,資本財・サービス,value,Improving,4.0,0.0,-2.0
2025-10-01,152.47042846679688,0.8116945797385808,0.8127088661368459,99.51780454851198,100.43615466199373,XLI,資本財・サービス,value,Improving,5.0,1.0,-1.0
2025-10-02,152.86695861816406,0.811884008477776,0.8124339135838226,99.46927157774529,100.27674669101597,XLI,資本財・サービス,value,Improving,5.0,0.0,-2.0
2025-10-03,153.07516479492188,0.8101415988562973,0.8116698086746476,99.35729287437067,100.07107073374839,XLI,資本財・サービス,value,Improving,5.0,0.0,-1.0
2025-10-06,153.78892517089844,0.8141746383992378,0.8125047519161777,99.47191514507739,100.3353866369087,XLI,資本財・サービス,value,Improving,5.0,0.0,-1.0
2025-10-07,152.91653442382812,0.8131285667295163,0.8127126901872906,99.50003441414576,100.03340471020975,XLI,資本財・サービス,value,Improving,5.0,1.0,1.0
2025-10-08,154.2449493408203,0.8175295712210354,0.814318317198539,99.72661825845235,100.6707303616972,XLI,資本財・サービス,value,Improving,5.0,0.0,-1.0
2025-10-09,151.96482849121094,0.8121639553670423,0.8136001965880402,99.62554171154677,100.56264527364941,XLI,資本財・サービス,value,Improving,5.0,0.0,0.0
2025-10-10,148.60414123535156,0.812522255064143,0.8132408827467412,99.5821970938317,100.70600855927268,XLI,資本財・サービス,value,Improving,6.0,1.0,1.0
2025-10-13,150.15066528320312,0.813072284905816,0.8131846834664329,99.5888806802332,100.49602084223633,XLI,資本財・サービス,value,Improving,6.0,1.0,1.0
2025-10-14,151.91526794433594,0.8158623249807013,0.8140772306378559,99.73325638109266,100.75345882380886,XLI,資本財・サービス,value,Improving,6.0,1.0,0.0
2025-10-15,151.28079223632812,0.8108199969822233,0.8129914860859784,99.59743997008336,100.00938135789063,XLI,資本財・サービス,value,Improving,6.0,1.0,1.0
2025-10-16,150.28945922851562,0.8132147510573913,0.813065907743116,99.62971001062695,100.31346955324007,XLI,資本財・サービス,value,Improving,6.0,1.0,1.0
2025-10-17,150.41831970214844,0.8097994472427692,0.8119770875763338,99.49235345246011,100.12297548505133,XLI,資本財・サービス,value,Improving,5.0,-1.0,-2.0
2025-10-20,152.19285583496094,0.8112409546704844,0.8117317099410508,99.4761281061475,100.07284815522652,XLI,資本財・サービス,value,Improving,5.0,-1.0,-2.0
2025-10-21,153.54110717773438,0.8146949465364208,0.812719455472841,99.6425926120794,100.11783361955155,XLI,資本財・サービス,value,Improving,5.0,-1.0,-2.0
2025-10-22,151.5484619140625,0.8080188459737363,0.8111525856398061,99.43013592388682,99.94921946160568,XLI,資本財・サービス,value,Lagging,5.0,-1.0,-2.0
2025-10-23,153.44195556640625,0.81425415132311,0.8121864408675741,99.61016608961327,100.26977452201686,XLI,資本財・サービス,value,Improving,5.0,-1.0,-2.0
2025-10-24,153.57083129882812,0.8127224870665481,0.8123651229338988,99.66357323568866,100.68309101733178,XLI,資本財・サービス,value,Improving,5.0,0.0,1.0
2025-10-27,154.44320678710938,0.8137229049524787,0.8128177169400922,99.76073482602519,100.92488354699023,XLI,資本財・サービス,value,Improving,5.0,0.0,1.0
2025-10-28,153.34280395507812,0.8149243240315192,0.8135199193039012,99.90063839040631,100.85941472560408,XLI,資本財・サービス,value,Improving,6.0,1.0,2.0
2025-10-29,153.73934936523438,0.8262723025886108,0.8177707137321378,100.65045328593202,102.74158527847703,XLI,資本財・サービス,value,Leading,7.0,2.0,3.0
2025-10-30,153.3527374267578,0.8277545702808837,0.8210986659150532,101.27381374231355,103.27408729534953,XLI,資本財・サービス,value,Leading,9.0,4.0,5.0
2025-10-31,153.71954345703125,0.8279243131376728,0.8233738816559264,101.71335551490647,103.5103072523782,XLI,資本財・サービス,value,Leading,9.0,4.0,4.0
2025-11-03,153.06524658203125,0.8264231751793698,0.8243903128304076,101.92268649219133,103.30062645893042,XLI,資本財・サービス,value,Leading,10.0,5.0,5.0
2025-11-04,151.2907257080078,0.8222811655688806,0.8236872637432321,101.8418534496114,102.74144499436862,XLI,資本財・サービス,value,Leading,9.0,3.0,2.0
2025-11-05,151.8756103515625,0.8206567664986242,0.8226770979950295,101.71693664628674,101.45832387663432,XLI,資本財・サービス,value,Leading,8.0,1.0,-1.0
2025-11-06,151.27088928222656,0.8231899569999706,0.8228480509966767,101.81434478906164,100.71391243025381,XLI,資本財・サービス,value,Leading,10.0,1.0,-3.0
2025-11-07,152.00450134277344,0.8203021882126192,0.8219994300686575,101.72035366016406,99.97728348844512,XLI,資本財・サービス,value,Weakening,10.0,1.0,-3.0
2025-11-10,152.86695861816406,0.8202334740576921,0.8214107780650024,101.6699869769694,99.62284034017215,XLI,資本財・サービス,value,Weakening,10.0,0.0,-5.0
2025-11-11,152.9066162109375,0.8157328384449961,0.8195181315250003,101.30613284178901,99.23246732938395,XLI,資本財・サービス,value,Weakening,9.0,0.0,-3.0
2025-11-12,153.05532836914062,0.8145942346778053,0.8178768325759354,100.96943079698515,98.93207242259639,XLI,資本財・サービス,value,Weakening,8.0,0.0,-1.0
2025-11-13,150.6859893798828,0.8111541283336613,0.8156359311618441,100.49401956322902,98.14839989304446,XLI,資本財・サービス,value,Weakening,7.0,-3.0,-4.0
2025-11-14,150.69589233398438,0.814195249772131,0.8151557040319397,100.39707582138001,98.14818168075475,XLI,資本財・サービス,value,Weakening,7.0,-3.0,-4.0
2025-11-17,149.21878051757812,0.8169420200347571,0.8157511426995455,100.52661583686198,98.3784474514358,XLI,資本財・サービス,value,Weakening,7.0,-3.0,-3.0
2025-11-18,148.55458068847656,0.8128219963565383,0.8147747605852098,100.31566253963726,98.58488951662883,XLI,資本財・サービス,value,Weakening,7.0,-2.0,-2.0
2025-11-19,149.05026245117188,0.8180104428632549,0.8158533213445582,100.54484433082592,99.35899654101094,XLI,資本財・サービス,value,Weakening,7.0,-1.0,-1.0
2025-11-20,146.55203247070312,0.8142332459199678,0.8153132962030281,100.42061200321419,99.83726245129135,XLI,資本財・サービス,value,Weakening,8.0,1.0,4.0
2025-11-21,148.3364715576172,0.8082643281320476,0.8129636401793681,99.90821842023033,99.23889689539016,XLI,資本財・サービス,value,Lagging,6.0,-1.0,2.0
2025-11-24,148.70327758789062,0.8069182509710342,0.8109485104432569,99.48182116197701,98.48739043221875,XLI,資本財・サービス,value,Lagging,5.0,-2.0,1.0
2025-11-25,150.606689453125,0.8057989808236831,0.8092320005700657,99.13136745678248,98.34837036579322,XLI,資本財・サービス,value,Lagging,3.0,-4.0,-2.0
2025-11-26,151.4790802001953,0.8048507841133767,0.8077715950845028,98.85206497844837,97.78164187281897,XLI,資本財・サービス,value,Lagging,2.0,-5.0,-4.0
2025-11-28,152.36138916015625,0.8051851663098695,0.8069094521596251,98.70567151957638,97.86797056861009,XLI,資本財・サービス,value,Lagging,3.0,-5.0,-6.0
2025-12-01,150.13082885742188,0.7988613090610063,0.8042267377934189,98.21047761702015,97.98911152105927,XLI,資本財・サービス,value,Lagging,1.0,-5.0,-4.0
2025-12-02,151.43942260742188,0.8065877514193277,0.8050137423353886,98.40832455760014,98.76809551381898,XLI,資本財・サービス,value,Lagging,2.0,-3.0,-1.0
2025-12-03,152.8768768310547,0.8080781366874225,0.8060352071193999,98.63426035330558,99.46088047359119,XLI,資本財・サービス,value,Lagging,2.0,-1.0,3.0
2025-12-04,153.6699676513672,0.8120158231137082,0.8080287457841694,99.02535298632667,100.25676729203923,XLI,資本財・サービス,value,Improving,2.0,0.0,5.0
2025-12-05,153.2436981201172,0.807865487500743,0.8079743263563606,99.00604220038976,100.39470664448945,XLI,資本財・サービス,value,Improving,2.0,-1.0,4.0
2025-12-08,153.05532836914062,0.811734363569269,0.8092276720939968,99.23688900888008,101.2501515071365,XLI,資本財・サービス,value,Improving,5.0,4.0,9.0
2025-12-09,151.93508911132812,0.8073160349707672,0.808590459719587,99.09741248561747,100.8163286389612,XLI,資本財・サービス,value,Improving,4.0,2.0,5.0
2025-12-10,154.7108917236328,0.810660327304511,0.8092804155812283,99.22341079912957,100.67819733130305,XLI,資本財・サービス,value,Improving,6.0,4.0,5.0
2025-12-11,156.366455078125,0.8127713746997107,0.8104440686207225,99.44220303221582,100.46006201009506,XLI,資本財・サービス,value,Improving,7.0,5.0,5.0
2025-12-12,155.385009765625,0.8131821061657646,0.8113567478024033,99.61716972876424,100.68555643414076,XLI,資本財・サービス,value,Improving,7.0,5.0,6.0
2025-12-15,155.63284301757812,0.8134697661539031,0.8120610872529033,99.7520700653308,100.5672258775877,XLI,資本財・サービス,value,Improving,8.0,3.0,-1.0
2025-12-16,154.7108917236328,0.814370204674194,0.8128307930600003,99.89700910190284,100.89122961254421,XLI,資本財・サービス,value,Improving,8.0,4.0,2.0
2025-12-17,152.2027587890625,0.803340236185296,0.8096672741017656,99.20046783604252,99.90731855821723,XLI,資本財・サービス,value,Lagging,4.0,-2.0,-6.0
2025-12-18,153.19412231445312,0.806847814765905,0.8087274543231455,98.99961477514586,99.42041468431903,XLI,資本財・サービス,value,Lagging,4.0,-3.0,-8.0
2025-12-19,154.5126190185547,0.8108385834397581,0.8094311640286831,99.16158264357912,99.42249520712423,XLI,資本財・サービス,value,Lagging,5.0,-2.0,-7.0
2025-12-22,156.22557067871094,0.8137957242495714,0.8108860174356459,99.48144819625976,99.65749411655464,XLI,資本財・サービス,value,Lagging,7.0,-1.0,-4.0
2025-12-23,156.1658935546875,0.8153806894968216,0.8123842414560379,99.8035884868177,99.88173190486955,XLI,資本財・サービス,value,Lagging,7.0,-1.0,-5.0
2025-12-24,156.6732177734375,0.815074729541122,0.8132810708177327,99.99366992551425,100.93925949861897,XLI,資本財・サービス,value,Improving,7.0,3.0,5.0
2025-12-26,156.38475036621094,0.8133641044891312,0.8133087487081989,99.99525199152738,101.15704750389062,XLI,資本財・サービス,value,Improving,7.0,3.0,6.0
2025-12-29,156.0465087890625,0.8129469089355077,0.8131881354506353,99.96470854727315,100.90860028634222,XLI,資本財・サービス,value,Improving,6.0,1.0,3.0
2025-12-30,155.59889221191406,0.8119156259216064,0.8127639656076258,99.87424469214587,100.41964439606285,XLI,資本財・サービス,value,Improving,6.0,-1.0,0.0
2025-12-31,154.3057098388672,0.8121031617127489,0.8125436976426669,99.82704123352308,99.98621394823564,XLI,資本財・サービス,value,Lagging,6.0,-1.0,0.0
2026-01-02,157.15069580078125,0.8215010463959781,0.8155294805604373,100.46342772330102,100.5019235291149,XLI,資本財・サービス,value,Leading,7.0,0.0,-3.0
2026-01-05,159.01087951660156,0.8235812796101033,0.8182134135769927,101.01481309187764,101.1157199183788,XLI,資本財・サービス,value,Leading,9.0,2.0,-1.0
2026-01-06,161.16949462890625,0.8248037632477377,0.8204101968005744,101.43585370208127,101.58104082921146,XLI,資本財・サービス,value,Leading,9.0,3.0,2.0
2026-01-07,158.13551330566406,0.8184587174888225,0.8197597036966571,101.25838952063155,101.4310412944007,XLI,資本財・サービス,value,Leading,9.0,3.0,4.0
2026-01-08,159.32920837402344,0.8176270537187087,0.8190488203706743,101.08386983679013,101.25353726571502,XLI,資本財・サービス,value,Leading,9.0,3.0,4.0
2026-01-09,161.0799560546875,0.8218424607373334,0.8199800338262273,101.23957149315898,100.70843532533236,XLI,資本財・サービス,value,Leading,10.0,3.0,3.0
2026-01-12,162.31344604492188,0.8273821264987559,0.8224473980504036,101.6738650162852,100.57048045491545,XLI,資本財・サービス,value,Leading,10.0,1.0,-1.0
2026-01-13,163.14903259277344,0.831641474024677,0.8255120900418281,102.15904308380098,100.62829391839189,XLI,資本財・サービス,value,Leading,10.0,1.0,-2.0
2026-01-14,163.40768432617188,0.8291867360920121,0.8267369720585561,102.25506501362791,100.90818735286577,XLI,資本財・サービス,value,Leading,10.0,1.0,-2.0
2026-01-15,164.9097442626953,0.8331185820820909,0.8288641753997344,102.46759613313819,101.28608470662384,XLI,資本財・サービス,value,Leading,10.0,1.0,-2.0
2026-01-16,166.02386474609375,0.840896063217407,0.832874804672292,102.89238352388928,101.51773986869895,XLI,資本財・サービス,value,Leading,11.0,1.0,-2.0
2026-01-20,162.6715545654297,0.8363967800485715,0.8340487964643852,102.82638562885519,100.96358674743236,XLI,資本財・サービス,value,Leading,11.0,1.0,0.0
2026-01-21,165.48670959472656,0.8367042453108215,0.8349339460798642,102.72840717343983,100.3424598246976,XLI,資本財・サービス,value,Leading,11.0,1.0,0.0
2026-01-22,164.63121032714844,0.8312949051893797,0.8337209324497027,102.39175554767513,99.886070022302,XLI,資本財・サービス,value,Weakening,10.0,0.0,-1.0
2026-01-23,163.35794067382812,0.8285589549864449,0.8320002732952836,102.04734066240195,99.30892879257902,XLI,資本財・サービス,value,Weakening,9.0,-1.0,-2.0
2026-01-26,163.51712036132812,0.8274098310228287,0.830470125871132,101.76604790206525,98.61153922861779,XLI,資本財・サービス,value,Weakening,9.0,-2.0,-3.0
2026-01-27,164.1935272216797,0.8321273171954292,0.8310225229792312,101.75720908149496,98.70854943981094,XLI,資本財・サービス,value,Weakening,9.0,-2.0,-3.0
2026-01-28,163.27835083007812,0.8302856345651017,0.8307768935078548,101.65603718565991,98.74365775720771,XLI,資本財・サービス,value,Weakening,9.0,-2.0,-3.0
2026-01-29,164.98931884765625,0.8378872057211723,0.8331469975789607,101.85696257222894,99.29719876261632,XLI,資本財・サービス,value,Weakening,9.0,-1.0,-1.0
2026-01-30,164.571533203125,0.8376220064264471,0.8346386671947896,101.94022354739873,99.74240711959737,XLI,資本財・サービス,value,Weakening,9.0,0.0,1.0
2026-02-02,166.6505584716797,0.8438582555062322,0.8377118632986038,102.17764042777804,100.28931991631477,XLI,資本財・サービス,value,Leading,9.0,0.0,2.0
2026-02-03,168.05316162109375,0.8532317778583995,0.8428851681518692,102.57352847547568,100.7447324200278,XLI,資本財・サービス,value,Leading,9.0,0.0,2.0
2026-02-04,168.5008087158203,0.848115549069362,0.8446286284577001,102.57881503004022,100.90717313154732,XLI,資本財・サービス,value,Leading,9.0,0.0,2.0
2026-02-05,167.4861602783203,0.8503959792884173,0.8465510787346059,102.5852454378533,100.73810374036215,XLI,資本財・サービス,value,Leading,9.0,0.0,1.0
2026-02-06,172.27090454101562,0.858689069862638,0.8505970757772834,102.74118648993444,100.82828781562262,XLI,資本財・サービス,value,Leading,9.0,0.0,0.0
2026-02-09,172.7881622314453,0.8607566446358902,0.8539835987301523,102.79945436839118,100.62427098447493,XLI,資本財・サービス,value,Leading,9.0,0.0,0.0
2026-02-10,172.99708557128906,0.8587422631077726,0.8555698201893591,102.70792911565148,100.0728045764793,XLI,資本財・サービス,value,Leading,10.0,1.0,1.0
2026-02-11,173.92218017578125,0.8618067604206385,0.8576488002664524,102.65610149355393,100.00255321928137,XLI,資本財・サービス,value,Leading,10.0,1.0,1.0
2026-02-12,171.84315490722656,0.8628278524085625,0.8593751509804891,102.5821992497154,99.90203059503584,XLI,資本財・サービス,value,Weakening,9.0,0.0,0.0
2026-02-13,173.25570678710938,0.8610011314468908,0.8599171444692897,102.44564375588173,99.56021186018145,XLI,資本財・サービス,value,Weakening,9.0,0.0,0.0
2026-02-17,174.16091918945312,0.8669954173964227,0.862276568778334,102.42881535080711,99.4470642082912,XLI,資本財・サービス,value,Weakening,10.0,1.0,1.0
2026-02-18,174.1211395263672,0.8623264505374917,0.8622931960313867,102.28387655224344,99.35595967939385,XLI,資本財・サービス,value,Weakening,11.0,1.0,0.0
2026-02-19,175.41432189941406,0.8705698332991294,0.8650520751206343,102.29962665923154,99.41193463230815,XLI,資本財・サービス,value,Weakening,11.0,1.0,0.0
2026-02-20,176.29965209960938,0.8708909217595383,0.8669983573336024,102.26755986133112,99.44235403550672,XLI,資本財・サービス,value,Weakening,11.0,2.0,2.0
2026-02-23,173.91224670410156,0.868631115897246,0.8675426101881503,102.16889063903264,99.48473649939669,XLI,資本財・サービス,value,Weakening,11.0,2.0,2.0
2026-02-24,176.0509490966797,0.8723550840763644,0.8691467681508884,102.13058538820408,99.46383997973781,XLI,資本財・サービス,value,Weakening,11.0,1.0,0.0
2026-02-25,174.67820739746094,0.8650428769235373,0.8677788044084381,101.96072544644439,99.42903978936644,XLI,資本財・サービス,value,Weakening,11.0,0.0,-1.0
2026-02-26,175.77243041992188,0.865572218907285,0.8670432759080539,101.83841397476279,99.23953437899782,XLI,資本財・サービス,value,Weakening,11.0,0.0,-1.0
2026-02-27,176.21011352539062,0.8667114628593755,0.8669326715584945,101.75618733323557,99.14999334278973,XLI,資本財・サービス,value,Weakening,10.0,-1.0,-3.0
2026-03-02,177.96087646484375,0.8769486201089421,0.8702713210753104,101.83201379168221,99.3134966671993,XLI,資本財・サービス,value,Weakening,10.0,-1.0,-3.0
2026-03-03,174.51905822753906,0.8706699091098367,0.8704041837534859,101.76316290968418,99.20769334831176,XLI,資本財・サービス,value,Weakening,9.0,-2.0,-3.0
2026-03-04,175.04624938964844,0.8698135597833896,0.8702073090967872,101.68823372785538,99.26778809382462,XLI,資本財・サービス,value,Weakening,8.0,-3.0,-3.0
2026-03-05,171.1567840576172,0.8604529568212891,0.8669558583382879,101.48859851940863,99.11743793129334,XLI,資本財・サービス,value,Weakening,8.0,-3.0,-3.0
2026-03-06,169.04791259765625,0.8601016325568883,0.8646711164111548,101.34118906869746,99.016191930122,XLI,資本財・サービス,value,Weakening,8.0,-2.0,-1.0
2026-03-09,170.04266357421875,0.862724508249517,0.8640222470239423,101.27033656413165,98.82762175119397,XLI,資本財・サービス,value,Weakening,8.0,-2.0,-1.0
2026-03-10,169.1274871826172,0.8645642237704833,0.8642029059394559,101.23860075822195,98.91246248200386,XLI,資本財・サービス,value,Weakening,8.0,-1.0,1.0
2026-03-11,168.60028076171875,0.8647190653880429,0.8643749590889849,101.20760370826021,99.0083666801077,XLI,資本財・サービス,value,Weakening,8.0,0.0,3.0
2026-03-12,164.37258911132812,0.8562786552057634,0.8616761911279112,101.0534798853917,99.10350777049972,XLI,資本財・サービス,value,Weakening,8.0,0.0,3.0
2026-03-13,163.78567504882812,0.8532652174797833,0.858872533245202,100.89809739533585,99.11883529418185,XLI,資本財・サービス,value,Weakening,7.0,-1.0,1.0
2026-03-16,165.1882781982422,0.8542159843911843,0.8573203502938628,100.80063668825831,99.10540394874698,XLI,資本財・サービス,value,Weakening,7.0,-1.0,1.0
2026-03-17,165.6259765625,0.8517175569823652,0.8554527525233636,100.68978084761332,99.02125699872792,XLI,資本財・サービス,value,Weakening,7.0,-1.0,0.0
2026-03-18,164.31289672851562,0.8562331327183182,0.8557128792550153,100.67697699698148,99.07574328992858,XLI,資本財・サービス,value,Weakening,7.0,-1.0,-1.0
2026-03-19,163.1987762451172,0.8510872705839532,0.8541710096979946,100.58077573052311,99.18611413441712,XLI,資本財・サービス,value,Weakening,7.0,-1.0,-1.0
2026-03-20,160.82131958007812,0.8511934297561776,0.8531784830507223,100.50966520336404,99.31868718046387,XLI,資本財・サービス,value,Weakening,7.0,0.0,1.0
2026-03-23,162.6498260498047,0.8517905877763307,0.8527158512925919,100.46305824631548,99.38846424315835,XLI,資本財・サービス,value,Weakening,8.0,1.0,2.0
2026-03-24,163.59750366210938,0.8557267989374535,0.8537195005075459,100.4883007335042,99.5773702019622,XLI,資本財・サービス,value,Weakening,8.0,1.0,2.0
2026-03-25,164.69480895996094,0.8573120749555595,0.8549170253235505,100.5244432840615,99.64505157335907,XLI,資本財・サービス,value,Weakening,9.0,2.0,3.0
2026-03-26,160.87420654296875,0.845181244107389,0.8516717649181633,100.33250643220624,99.510592183793,XLI,資本財・サービス,value,Weakening,8.0,1.0,2.0
2026-03-27,158.8092803955078,0.8459318163216323,0.8497584487193197,100.20602125221347,99.45234376495367,XLI,資本財・サービス,value,Weakening,6.0,-1.0,-1.0
2026-03-30,156.2256317138672,0.833895092177292,0.8444706632053105,99.89134230814717,99.09094312062767,XLI,資本財・サービス,value,Lagging,6.0,-2.0,-3.0
2026-03-31,161.33306884765625,0.8438822566198846,0.8442745276768352,99.84894508228173,99.02304635422473,XLI,資本財・サービス,value,Lagging,6.0,-2.0,-3.0
2026-04-01,164.02642822265625,0.8552076470722546,0.8479189008086417,100.0255159439455,99.25206753555385,XLI,資本財・サービス,value,Weakening,6.0,-3.0,-5.0
2026-04-02,163.36807250976562,0.849348861019456,0.8483955542122465,100.0208140712066,99.53549514022015,XLI,資本財・サービス,value,Weakening,6.0,-2.0,-3.0
2026-04-06,164.2060089111328,0.8500512610356965,0.84894745648673,100.02287054220207,99.73815259935776,XLI,資本財・サービス,value,Weakening,6.0,0.0,1.0
2026-04-07,163.87681579589844,0.8502324440664518,0.8493757856799706,100.01927967768438,100.22024813665821,XLI,資本財・サービス,value,Leading,7.0,1.0,3.0
2026-04-08,170.02169799804688,0.8621951541294253,0.8536489084964556,100.27035320862535,100.71142477301247,XLI,資本財・サービス,value,Leading,7.0,1.0,3.0
2026-04-09,171.76739501953125,0.8705200432037297,0.8592726200655469,100.6233068771867,101.03878008401514,XLI,資本財・サービス,value,Leading,7.0,1.0,4.0
2026-04-10,171.0990447998047,0.8734385241863275,0.8639945881058072,100.92925657358201,101.57325882015387,XLI,資本財・サービス,value,Leading,8.0,2.0,4.0
2026-04-13,172.30606079101562,0.8699560786681122,0.8659817516265755,101.05231385851374,101.74640228763158,XLI,資本財・サービス,value,Leading,9.0,3.0,3.0
2026-04-14,172.924560546875,0.8694493771039458,0.8671376267856991,101.11717227946578,101.8150451501858,XLI,資本財・サービス,value,Leading,9.0,2.0,1.0
2026-04-15,170.75987243652344,0.8582646011107593,0.8641799515607191,100.87150291905914,101.03138605201538,XLI,資本財・サービス,value,Leading,8.0,1.0,0.0
2026-04-16,169.91195678710938,0.8501295118432641,0.8594964716549008,100.48181430984508,99.87149408801248,XLI,資本財・サービス,value,Weakening,8.0,1.0,0.0
2026-04-17,173.0841522216797,0.8552592719149744,0.8580840717415921,100.3414681431414,99.15863458712947,XLI,資本財・サービス,value,Weakening,7.0,-1.0,-3.0
2026-04-20,173.4731903076172,0.85448973675565,0.8568859600796115,100.21537562140104,98.72095744868889,XLI,資本財・サービス,value,Weakening,7.0,-2.0,-5.0
2026-04-21,171.0192413330078,0.8476008702039544,0.8537909301210591,99.92216936353759,98.10617632024574,XLI,資本財・サービス,value,Lagging,6.0,-3.0,-5.0
2026-04-22,170.62020874023438,0.8459991355224101,0.8511936652548429,99.66387007084943,98.159024294204,XLI,資本財・サービス,value,Lagging,4.0,-4.0,-5.0
2026-04-23,173.64279174804688,0.8610287776457719,0.8544720360518192,99.92644978644202,99.36987238094056,XLI,資本財・サービス,value,Lagging,7.0,-1.0,-2.0
2026-04-24,172.0467071533203,0.8548879424381797,0.8546106715139394,99.90227523039226,99.58254280735922,XLI,資本財・サービス,value,Lagging,6.0,-1.0,0.0
2026-04-27,172.08660888671875,0.8561032151614177,0.8551081860630989,99.90799486939153,99.79465774605298,XLI,資本財・サービス,value,Lagging,7.0,0.0,2.0
2026-04-28,170.56036376953125,0.8528636988355707,0.8543600236539228,99.78304623556919,100.08310462365343,XLI,資本財・サービス,value,Improving,4.0,-2.0,1.0
2026-04-29,169.512939453125,0.8491064364686216,0.8526088279254891,99.52937238464945,100.06506891157848,XLI,資本財・サービス,value,Improving,4.0,0.0,4.0
2026-04-30,174.1515350341797,0.8593490999200449,0.8548555852570077,99.73003948237651,99.93318907740574,XLI,資本財・サービス,value,Lagging,5.0,-2.0,-1.0
2026-05-01,172.53550720214844,0.8539774195280578,0.8545628633473579,99.63339967942933,99.79595103856214,XLI,資本財・サービス,value,Lagging,5.0,-1.0,0.0
2026-05-04,170.56036376953125,0.8491415672752772,0.8527557646566644,99.33437834910453,99.22387863184612,XLI,資本財・サービス,value,Lagging,5.0,-2.0,-2.0
2026-05-05,171.9868621826172,0.8495027039183753,0.8516714110772348,99.14345745748909,99.11623185378335,XLI,資本財・サービス,value,Lagging,5.0,1.0,3.0
2026-05-06,176.4359130859375,0.8646287987564436,0.8559905403036377,99.71667073407623,100.84872086500766,XLI,資本財・サービス,value,Improving,7.0,3.0,3.0
2026-05-07,173.5729522705078,0.856073374726891,0.8560181517780556,99.6922824523161,100.41306202858391,XLI,資本財・サービス,value,Improving,7.0,2.0,4.0
2026-05-08,172.77491760253906,0.8497992689444905,0.853945190833534,99.37416455422208,99.96623622329042,XLI,資本財・サービス,value,Lagging,7.0,2.0,3.0
2026-05-11,174.6103973388672,0.8592902441707532,0.8557268752792738,99.63408644293737,101.2719762159785,XLI,資本財・サービス,value,Improving,8.0,3.0,5.0
2026-05-12,173.92210388183594,0.856659002839682,0.8560375844660766,99.67912466293906,101.76838740813952,XLI,資本財・サービス,value,Improving,8.0,3.0,2.0
2026-05-13,173.19387817382812,0.8568136462322287,0.8562962717214606,99.72102633019378,100.56554038962139,XLI,資本財・サービス,value,Improving,8.0,1.0,-2.0
2026-05-14,174.08169555664062,0.8580765730181877,0.8568897054870364,99.81526339687943,100.82818240161087,XLI,資本財・サービス,value,Improving,8.0,1.0,-1.0
2026-05-15,170.9793243408203,0.8515652572531955,0.8551148894090894,99.56278642019517,100.95254448263934,XLI,資本財・サービス,value,Improving,7.0,0.0,-2.0
2026-05-18,170.3309326171875,0.843148876458173,0.8511262184254507,99.00082583495893,99.11707708485524,XLI,資本財・サービス,value,Lagging,4.0,-4.0,-7.0
2026-05-19,168.32586669921875,0.8381001843661711,0.8467842070723575,98.42218456410167,97.8358296677769,XLI,資本財・サービス,value,Lagging,3.0,-5.0,-8.0
2026-05-20,170.31097412109375,0.8387899330779175,0.8441194490742108,98.12114818455721,97.31322343333507,XLI,資本財・サービス,value,Lagging,3.0,-5.0,-6.0
2026-05-21,170.11146545410156,0.8342057564737339,0.8408148848740519,97.76944957146223,96.78057325600857,XLI,資本財・サービス,value,Lagging,2.0,-6.0,-7.0
2026-05-22,171.3484344482422,0.8326654406230726,0.8380984034570589,97.54190992471828,97.10059375920096,XLI,資本財・サービス,value,Lagging,2.0,-5.0,-5.0
2026-05-26,173.87222290039062,0.8406164097874514,0.838937738900523,97.76043627386768,98.49099282811409,XLI,資本財・サービス,value,Lagging,2.0,-2.0,2.0
2026-05-27,173.87222290039062,0.8412240840313826,0.8396998539441429,97.95111955162953,99.78699073434656,XLI,資本財・サービス,value,Lagging,3.0,0.0,5.0
2026-05-28,173.37344360351562,0.835749709401561,0.8383831390966157,97.88094294789406,100.16867261488885,XLI,資本財・サービス,value,Improving,3.0,0.0,5.0
2026-05-29,172.70509338378906,0.8302156848578294,0.8356606543503536,97.66336507545624,100.38284406338153,XLI,資本財・サービス,value,Improving,3.0,1.0,7.0
2026-06-01,171.9768829345703,0.8252134498344657,0.8321782528450576,97.38042672274321,100.285023155669,XLI,資本財・サービス,value,Improving,2.0,0.0,5.0
2026-06-02,173.7624969482422,0.8304868037132522,0.8316144364677892,97.44659191490227,100.02810486363381,XLI,資本財・サービス,value,Improving,4.0,2.0,4.0
2026-06-03,173.62283325195312,0.8329521370514588,0.8320603366623458,97.60831814122923,99.98141605510916,XLI,資本財・サービス,value,Lagging,4.0,1.0,1.0
2026-06-04,175.7276611328125,0.8367320560511161,0.8336175764586026,97.88268806667628,100.54852753371853,XLI,資本財・サービス,value,Improving,6.0,3.0,3.0
2026-06-05,173.75250244140625,0.8392696178791524,0.8355015902654526,98.17110546022754,101.35013494541306,XLI,資本財・サービス,value,Improving,6.0,3.0,2.0
2026-06-08,173.20387268066406,0.8375061856994376,0.8361697887434476,98.30980255211185,101.94550184854258,XLI,資本財・サービス,value,Improving,6.0,4.0,4.0
2026-06-09,175.16903686523438,0.8406110545775456,0.8376502106881469,98.5236784791985,102.0670631418377,XLI,資本財・サービス,value,Improving,6.0,2.0,0.0
2026-06-10,169.2436065673828,0.8226362172088224,0.8326455461950388,98.04655926001618,101.05007319078999,XLI,資本財・サービス,value,Improving,4.0,0.0,-1.0
2026-06-11,174.72012329101562,0.8362182683379166,0.8338364535759981,98.24926635967138,100.9151837190706,XLI,資本財・サービス,value,Improving,4.0,-2.0,-5.0
2026-06-12,175.7476043701172,0.8335848920869037,0.8337525997463,98.31093430713241,100.55525613722067,XLI,資本財・サービス,value,Improving,3.0,-3.0,-6.0
2026-06-15,178.241455078125,0.840528665552508,0.8360112883483695,98.60392737953283,100.76826461180902,XLI,資本財・サービス,value,Improving,5.0,-1.0,-5.0
2026-06-16,179.40859985351562,0.8488637389151643,0.8402954385373012,99.0867521052699,101.13856803767507,XLI,資本財・サービス,value,Improving,7.0,1.0,-1.0
2026-06-17,179.15921020507812,0.8605821220754453,0.8470576663833493,99.81538850361862,102.71721781399471,XLI,資本財・サービス,value,Improving,9.0,5.0,5.0
2026-06-18,180.46600341796875,0.8628543892818593,0.8523232406828527,100.37789665762416,102.93819364762277,XLI,資本財・サービス,value,Leading,10.0,6.0,8.0
2026-06-22,181.8000030517578,0.8673250442363657,0.857323841867357,100.89804265939168,103.17844440144407,XLI,資本財・サービス,value,Leading,10.0,7.0,10.0
2026-06-23,178.14999389648438,0.8528411815645427,0.855829621766419,100.73253988542471,102.454579069591,XLI,資本財・サービス,value,Leading,10.0,5.0,6.0
2026-06-24,180.2100067138672,0.8565928440502184,0.8560840291943521,100.7534952531358,101.84317113315326,XLI,資本財・サービス,value,Leading,10.0,3.0,2.0
2026-06-25,184.1199951171875,0.8695159155475206,0.8605613246454082,101.20442450062689,101.48236302184172,XLI,資本財・サービス,value,Leading,11.0,2.0,-3.0
2026-06-26,181.1999969482422,0.8615852743650889,0.8609026412186352,101.21069945422605,100.85591709329216,XLI,資本財・サービス,value,Leading,11.0,1.0,-5.0
2026-06-29,182.75999450683594,0.8578267631492908,0.8598773485288539,101.07808037149158,100.14358734603218,XLI,資本財・サービス,value,Leading,11.0,1.0,-6.0
2026-06-30,185.22999572753906,0.8705644217139944,0.8634397062572341,101.39125786283317,100.63957510606456,XLI,資本財・サービス,value,Leading,11.0,1.0,-4.0
2026-07-01,183.36000061035156,0.8591912162686817,0.8620235429277167,101.20852186774175,100.40218702389812,XLI,資本財・サービス,value,Leading,11.0,1.0,-2.0
2026-07-02,183.91000366210938,0.8557535737203769,0.8599335531919368,100.97382660537968,99.65364179542507,XLI,資本財・サービス,value,Weakening,10.0,-1.0,-3.0
2026-07-06,185.55999755859375,0.8630697560864825,0.8609789541567854,101.04817353807793,99.72476576572431,XLI,資本財・サービス,value,Weakening,10.0,-1.0,-2.0
2026-07-07,182.3800048828125,0.8493457295748565,0.8571012126294758,100.65300256222427,99.44445344943297,XLI,資本財・サービス,value,Weakening,9.0,-2.0,-3.0
2026-07-08,180.4199981689453,0.8502356303659686,0.8548126852083068,100.42031892753663,98.88249583276296,XLI,資本財・サービス,value,Weakening,9.0,-2.0,-3.0
2026-07-09,181.11000061035156,0.8482904009852532,0.852638590467289,100.20976946471309,98.88698764012429,XLI,資本財・サービス,value,Weakening,8.0,-3.0,-4.0
2026-07-10,181.9199981689453,0.8489033858063358,0.8513935222469713,100.1010096229853,99.05029905577247,XLI,資本財・サービス,value,Weakening,8.0,-2.0,-1.0
2026-07-13,180.3699951171875,0.8419455665143399,0.8482442036694275,99.81350301789492,98.71135912531776,XLI,資本財・サービス,value,Lagging,8.0,-2.0,-1.0
2026-07-14,180.4499969482422,0.8453970462787034,0.8472951512058529,99.74328895968503,99.08312747630909,XLI,資本財・サービス,value,Lagging,8.0,-1.0,1.0
2026-07-15,180.05999755859375,0.8454711768160983,0.8466871597426013,99.70711391727865,99.3154200048672,XLI,資本財・サービス,value,Lagging,8.0,-1.0,1.0
2026-07-16,180.14999389648438,0.8376731886059003,0.8436825026970345,99.41781446745837,99.2553976758306,XLI,資本財・サービス,value,Lagging,8.0,0.0,3.0
2026-07-17,179.41000366210938,0.8408398920549885,0.8427349658163525,99.34131143458606,99.30294215292936,XLI,資本財・サービス,value,Lagging,7.0,-1.0,1.0
2026-07-20,178.1199951171875,0.8385274298680778,0.8413324538335943,99.21765725853389,99.47678591482625,XLI,資本財・サービス,value,Lagging,5.0,-3.0,-1.0
2026-07-21,178.66000366210938,0.8397255512072739,0.8407968196248209,99.18683500873115,99.51233553796655,XLI,資本財・サービス,value,Lagging,6.0,-2.0,-1.0
2026-07-22,178.85000610351562,0.8408557060160019,0.8408164484218812,99.21286293314026,99.56241106864655,XLI,資本財・サービス,value,Lagging,5.0,-3.0,-2.0
2026-07-23,181.94000244140625,0.8585315402671972,0.8467214790369866,99.85198075817927,100.5361874045902,XLI,資本財・サービス,value,Improving,8.0,0.0,0.0
2026-07-24,182.66000366210938,0.8552699227322441,0.8495709602687391,100.16590039014046,100.93113220117735,XLI,資本財・サービス,value,Leading,8.0,1.0,2.0
2026-07-27,183.1999969482422,0.8513802545958612,0.8501740583777798,100.2391216487224,101.10885683398105,XLI,資本財・サービス,value,Leading,9.0,4.0,7.0
2026-07-28,182.49000549316406,0.8383021886468274,0.8462167684674624,99.82688270691943,100.68281936967023,XLI,資本財・サービス,value,Improving,7.0,1.0,3.0
2026-07-29,176.66000366210938,0.8188940210485426,0.8371091859944891,98.877140193262,99.64614058495519,XLI,資本財・サービス,value,Lagging,4.0,-1.0,2.0
2026-07-30,178.38999938964844,0.8282570124683106,0.8341584614857631,98.61014793629467,98.71709741889104,XLI,資本財・サービス,value,Lagging,3.0,-5.0,-5.0
2026-07-31,179.83999633789062,0.8364262170713783,0.8349143800143016,98.73409921867116,98.56262539130702,XLI,資本財・サービス,value,Lagging,5.0,-3.0,-4.0
2024-08-01,44.19422149658203,0.2691125984626557,0.2691125984626557,,,XLB,素材,value,,,,
2024-08-02,43.36109924316406,0.26866256535130045,0.2689625874255373,,,XLB,素材,value,,,,
2024-08-05,42.393131256103516,0.2690207726712917,0.2689819825074554,,,XLB,素材,value,,,,
2024-08-06,42.60984420776367,0.2676510116710148,0.2685383255619752,,,XLB,素材,value,,,,
2024-08-07,42.031951904296875,0.2658960274084866,0.2676575595108124,,,XLB,素材,value,,,,
2024-08-08,42.682071685791016,0.2652027281667823,0.2668392823961357,,,XLB,素材,value,,,,
2024-08-09,42.64836502075195,0.264436764066009,0.26603844295276013,,,XLB,素材,value,,,,
2024-08-12,42.460548400878906,0.2645421463901006,0.2655396774318737,,,XLB,素材,value,,,,
2024-08-13,42.884342193603516,0.2641720928851039,0.26508381591628377,,,XLB,素材,value,,,,
2024-08-14,42.884342193603516,0.26362201606850855,0.2645965493003587,,,XLB,素材,value,,,,
2024-08-15,43.56336212158203,0.2642123276261607,0.26446847540895935,,,XLB,素材,value,,,,
2024-08-16,43.616336822509766,0.26389851479778265,0.2642784885385671,,,XLB,素材,value,,,,
2024-08-19,43.82341384887695,0.26314831629717317,0.2639017644581025,,,XLB,素材,value,,,,
2024-08-20,43.664493560791016,0.2632342876539315,0.2636792721900455,,,XLB,素材,value,,,,
2024-08-21,44.16533279418945,0.26440245707028426,0.2639203338167918,,,XLB,素材,value,,,,
2024-08-22,44.07382583618164,0.2646058384511535,0.26414883536157907,,,XLB,素材,value,,,,
2024-08-23,44.65653991699219,0.26473566967307177,0.2643444467987433,,,XLB,素材,value,,,,
2024-08-26,44.85398864746094,0.26595200298780286,0.2648802988617632,,,XLB,素材,value,,,,
2024-08-27,44.85879898071289,0.26585845485983783,0.26520635086112143,,,XLB,素材,value,,,,
2024-08-28,44.66617202758789,0.26544764761843703,0.26528678311356,,,XLB,素材,value,,,,
2024-08-29,44.911773681640625,0.2659131609098516,0.2654955757123239,,,XLB,素材,value,,,,
2024-08-30,45.40298080444336,0.26675800418417245,0.2659163852029401,,,XLB,素材,value,,,,
2024-09-03,44.372406005859375,0.2640967098595233,0.2653098267551345,,,XLB,素材,value,,,,
2024-09-04,44.18941116333008,0.2633868350476534,0.2646688295193075,,,XLB,素材,value,,,,
2024-09-05,43.842674255371094,0.26292783130443076,0.26408849678101526,,,XLB,素材,value,,,,
2024-09-06,43.28886032104492,0.26242424374168527,0.2635337457679053,,,XLB,素材,value,,,,
2024-09-09,43.70783233642578,0.26242379051511877,0.2631637606836431,,,XLB,素材,value,,,,
2024-09-10,43.72710037231445,0.26238702485430315,0.2629048487405298,,,XLB,素材,value,,,,
2024-09-11,43.83304214477539,0.26290054770294413,0.2629034150613346,,,XLB,素材,value,,,,
2024-09-12,44.23756408691406,0.26368907468937675,0.2631653016040153,,,XLB,素材,value,,,,
2024-09-13,44.637271881103516,0.26354792649861186,0.26329284323554747,,,XLB,素材,value,,,,
2024-09-16,45.051429748535156,0.2640768625796828,0.2635541830169259,,,XLB,素材,value,,,,
2024-09-17,45.138118743896484,0.26419532010254254,0.26376789537879813,,,XLB,素材,value,,,,
2024-09-18,44.94548416137695,0.26356048622841377,0.2636987589953367,,,XLB,素材,value,,,,
2024-09-19,45.624507904052734,0.2647179736206997,0.264038497203791,,,XLB,素材,value,,,,
2024-09-20,45.30185317993164,0.26380876424849703,0.2639619195520264,,,XLB,素材,value,,,,
2024-09-23,45.69753646850586,0.264757350783712,0.2642270632959216,,,XLB,素材,value,,,,
2024-09-24,46.32154846191406,0.26798048264097685,0.2654782030776067,,,XLB,素材,value,,,,
2024-09-25,46.011962890625,0.26784552427041397,0.2662673101418758,,,XLB,素材,value,,,,
2024-09-26,46.964900970458984,0.2711232764612147,0.26788596558165545,,,XLB,素材,value,,,,
2024-09-27,46.882667541503906,0.2696805177159549,0.268484149626422,,,XLB,素材,value,,,,
2024-09-30,46.62145233154297,0.26783364069704796,0.2682673133166307,,,XLB,素材,value,,,,
2024-10-01,46.50536346435547,0.26859093759594815,0.26837518807640315,,,XLB,素材,value,,,,
2024-10-02,46.326385498046875,0.26784284003681635,0.26819773872987424,,,XLB,素材,value,,,,
2024-10-03,45.81363296508789,0.26613406181750593,0.2675098464257515,,,XLB,素材,value,,,,
2024-10-04,46.03614807128906,0.2653450067751684,0.26678823320889045,,,XLB,素材,value,,,,
2024-10-07,45.90070724487305,0.2666398813794847,0.26673878259908856,,,XLB,素材,value,,,,
2024-10-08,45.6878662109375,0.26477580673187756,0.26608445731001823,,,XLB,素材,value,,,,
2024-10-09,45.97809982299805,0.2646398899642433,0.2656029348614266,,,XLB,素材,value,,,,
2024-10-10,46.08451461791992,0.26624998732749416,0.2658186190167825,,,XLB,素材,value,,,,
2024-10-11,46.384429931640625,0.2653759331610749,0.26567105706488,,,XLB,素材,value,,,,
2024-10-14,46.65047836303711,0.26495396194379167,0.2654320253578506,,,XLB,素材,value,,,,
2024-10-15,46.602108001708984,0.2658823188865055,0.2655821232007356,,,XLB,素材,value,,,,
2024-10-16,46.964900970458984,0.26615223890070244,0.2657721617673912,,,XLB,素材,value,,,,
2024-10-17,47.03745651245117,0.2669897427987005,0.266178022111161,,,XLB,素材,value,,,,
2024-10-18,47.226112365722656,0.2672646783508573,0.26654024085772643,,,XLB,素材,value,,,,
2024-10-21,46.863311767578125,0.2674911839585104,0.2668572218913211,,,XLB,素材,value,,,,
2024-10-22,46.43280029296875,0.266229783226689,0.2666480756697771,,,XLB,素材,value,,,,
2024-10-23,46.30703353881836,0.26638422458036587,0.2665601253066401,,,XLB,素材,value,,,,
2024-10-24,45.7410774230957,0.2630696880069918,0.26539664620675735,,,XLB,素材,value,,,,
2024-10-25,45.45083999633789,0.26264797427577885,0.26448042222976453,,,XLB,素材,value,,,,
2024-10-28,45.82814407348633,0.26333499163847707,0.2640986120326687,,,XLB,素材,value,,,,
2024-10-29,45.5330696105957,0.2624306174524562,0.2635426138392646,98.84186560218701,,XLB,素材,value,,3.0,,
2024-10-30,45.77977752685547,0.2644300168464627,0.263838414841664,99.03596406309383,,XLB,素材,value,,4.0,,
2024-10-31,45.17510986328125,0.2637497070161383,0.26380884556648876,99.03794400262224,,XLB,素材,value,,3.0,,
2024-11-01,45.04935073852539,0.26285146712191254,0.2634897194182967,98.85564496470968,,XLB,素材,value,,3.0,,
2024-11-04,45.24767303466797,0.26369469214826297,0.26355804366161883,98.92052663580824,,XLB,素材,value,,3.0,,
2024-11-05,45.315399169921875,0.2610445244236727,0.2627202039156368,98.41340649465249,,XLB,素材,value,,2.0,-1.0,
2024-11-06,45.93939971923828,0.25851874616174064,0.2613197179976714,97.62971160623144,,XLB,素材,value,,1.0,-3.0,
2024-11-07,46.11838150024414,0.25927079146959886,0.2606367424883139,97.39522086009849,,XLB,素材,value,,1.0,-2.0,
2024-11-08,45.69753646850586,0.25548146939942656,0.2589183181253515,96.73998521057608,,XLB,素材,value,,1.0,-2.0,
2024-11-11,45.49921417236328,0.2531078501434484,0.25698149546471716,96.26100696389754,,XLB,素材,value,,1.0,-2.0,
2024-11-12,44.725250244140625,0.2507129773946264,0.2548919894413536,95.98730530545703,,XLB,素材,value,,1.0,-1.0,0.0
2024-11-13,44.83167266845703,0.25117277396499077,0.25365225094923266,96.1289734015591,,XLB,素材,value,,1.0,0.0,3.0
2024-11-14,44.46404266357422,0.25112253411122265,0.25280901200322936,96.36287202233487,,XLB,素材,value,,1.0,0.0,2.0
2024-11-15,44.154457092285156,0.25116573029806866,0.25226125143484246,96.61690046797153,,XLB,素材,value,,1.0,0.0,2.0
2024-11-18,44.497901916503906,0.25210227545334657,0.2522082594410105,96.92418175963635,,XLB,素材,value,,1.0,0.0,2.0
2024-11-19,44.352783203125,0.25195971285283153,0.2521254105782842,97.16035746520377,,XLB,素材,value,,1.0,0.0,1.0
2024-11-20,44.715576171875,0.253168231329871,0.2524730174954798,97.44095625942299,,XLB,素材,value,,1.0,0.0,0.0
2024-11-21,45.26218795776367,0.25307506868631696,0.2526737012257589,97.64497615411332,,XLB,素材,value,,1.0,0.0,0.0
2024-11-22,45.51372528076172,0.2524926217043154,0.25261334138527775,97.76931690903795,,XLB,素材,value,,1.0,0.0,0.0
2024-11-25,45.98293685913086,0.25280640112721636,0.2526776946325906,97.90181102839574,,XLB,素材,value,,1.0,0.0,0.0
2024-11-26,45.63949203491211,0.2508914274162634,0.2520822722271482,97.89842653937791,,XLB,素材,value,,1.0,0.0,0.0
2024-11-27,45.61530685424805,0.2509997565102035,0.25172143365483335,97.94020570405318,,XLB,素材,value,,1.0,0.0,0.0
2024-11-29,45.84749221801758,0.2515109518372958,0.2516512730489875,98.0287205377355,,XLB,素材,value,,1.0,0.0,0.0
2024-12-02,45.81846618652344,0.2519829832799271,0.2517618431259674,98.13937963261279,,XLB,素材,value,,1.0,0.0,0.0
2024-12-03,45.67335891723633,0.25230384040552717,0.25194250888582065,98.25101731927425,,XLB,素材,value,,1.0,0.0,0.0
2024-12-04,45.228328704833984,0.2498320592735942,0.25123902568174517,98.20892185712528,,XLB,素材,value,,1.0,0.0,0.0
2024-12-05,44.63334274291992,0.24778222727202265,0.250086759545171,98.10327794862857,,XLB,素材,value,,1.0,0.0,0.0
2024-12-06,44.45920181274414,0.24709531299849607,0.24908961069627938,98.03695226869874,,XLB,素材,value,,1.0,0.0,0.0
2024-12-09,44.44952392578125,0.2480595783612885,0.2487462665846158,98.07737563940292,,XLB,素材,value,,1.0,0.0,0.0
2024-12-10,43.99482345581055,0.24703556778871383,0.24817603365264848,98.08319016722683,,XLB,素材,value,,1.0,0.0,0.0
2024-12-11,43.84003448486328,0.24593837101017899,0.24743014610515865,98.06698444438007,,XLB,素材,value,,2.0,1.0,1.0
2024-12-12,43.53528594970703,0.24512386144535978,0.24666138455189238,98.05260404801389,,XLB,素材,value,,2.0,1.0,1.0
2024-12-13,43.16282272338867,0.24388063007294558,0.24573446639224344,98.022513362207,,XLB,素材,value,,1.0,0.0,0.0
2024-12-16,42.78068161010742,0.24252022887085,0.2446630538851123,97.98130914791356,,XLB,素材,value,,1.0,0.0,0.0
2024-12-17,42.54364776611328,0.24309112807432007,0.24413907861484824,98.01469497944868,,XLB,素材,value,,1.0,0.0,0.0
2024-12-18,41.3343391418457,0.24338288164567817,0.24388701295845822,98.07822130219765,,XLB,素材,value,,2.0,0.0,-1.0
2024-12-19,40.88931655883789,0.24156401235421499,0.24311267942371048,98.07627119264136,,XLB,素材,value,,2.0,0.0,-1.0
2024-12-20,41.39722442626953,0.24118671135615138,0.24247069006785746,98.09142581544978,,XLB,素材,value,,2.0,1.0,1.0
2024-12-23,41.3651237487793,0.24067158431653926,0.2418709881507514,98.1101309983703,,XLB,素材,value,,2.0,1.0,1.0
2024-12-24,41.58879852294922,0.2401610288221766,0.24130100170789315,98.13033803770956,,XLB,素材,value,,2.0,1.0,1.0
2024-12-26,41.52558898925781,0.23940512499307232,0.24066904280295287,98.13986759217904,,XLB,素材,value,,2.0,0.0,0.0
2024-12-27,41.30191421508789,0.23974620719098078,0.2403614309322955,98.18128373717592,,XLB,素材,value,,2.0,0.0,0.0
2024-12-30,40.747596740722656,0.23893561392927243,0.23988615859795448,98.20240435052294,,XLB,素材,value,,1.0,-1.0,-2.0
2024-12-31,40.91291427612305,0.23946690150707023,0.23974640623432641,98.25564465503439,,XLB,素材,value,,1.0,-1.0,-2.0
2025-01-02,40.4607048034668,0.23751132746465342,0.23900137997776877,98.24360779301425,,XLB,素材,value,,2.0,0.0,-1.0
2025-01-03,40.45098114013672,0.23529948234026013,0.23776741409859925,98.18556957737749,,XLB,素材,value,,1.0,-1.0,-1.0
2025-01-06,40.7232780456543,0.23704476185527681,0.2375265300174918,98.23208628285818,,XLB,素材,value,,2.0,0.0,0.0
2025-01-07,40.698970794677734,0.2376991849110061,0.23758408164866324,98.3038805581245,,XLB,素材,value,,2.0,1.0,2.0
2025-01-08,40.92264938354492,0.23872010509746563,0.2379627561315974,98.40251949352015,,XLB,素材,value,,2.0,1.0,2.0
2025-01-10,40.50447082519531,0.23978569336746428,0.23857040187688636,98.51735798493131,,XLB,素材,value,,2.0,0.0,0.0
2025-01-13,41.40889358520508,0.2431469654129933,0.2400959230555887,98.71513912856133,,XLB,素材,value,,2.0,1.0,2.0
2025-01-14,41.924312591552734,0.24420211982112386,0.2414646553107671,98.89000784211555,,XLB,素材,value,,3.0,1.0,1.0
2025-01-15,42.32303237915039,0.24418097784820575,0.24237009615658,99.01400073988458,,XLB,素材,value,,3.0,1.0,0.0
2025-01-16,42.673133850097656,0.24427712919181863,0.2430057738349929,99.10816562167777,,XLB,素材,value,,3.0,1.0,0.0
2025-01-17,42.950294494628906,0.2446756059735889,0.24356238454785822,99.19297892512783,,XLB,素材,value,,3.0,1.0,1.0
2025-01-21,43.499755859375,0.24496207160852812,0.24402894690141488,99.2677675435475,,XLB,素材,value,,3.0,1.0,0.0
2025-01-22,43.149662017822266,0.24384745393674562,0.24396844924652517,99.28568530829752,,XLB,素材,value,,3.0,0.0,-1.0
2025-01-23,43.38792419433594,0.24403751942407417,0.24399147263904153,99.31210139591781,,XLB,素材,value,,3.0,0.0,-1.0
2025-01-24,43.27608108520508,0.24362224266813887,0.243868395982074,99.32168231184797,,XLB,素材,value,,3.0,0.0,-1.0
2025-01-27,43.300392150878906,0.2435986492143981,0.24377848039284872,99.33430432953053,,XLB,素材,value,,3.0,0.0,-1.0
2025-01-28,43.159385681152344,0.2440099664303283,0.24385564240534194,99.36703029946085,,XLB,素材,value,,4.0,1.0,0.0
2025-01-29,43.081581115722656,0.24437833100717324,0.24402987193928571,99.41230434843976,,XLB,素材,value,,4.0,1.0,1.0
2025-01-30,43.49003601074219,0.2440898312253885,0.24404985836798665,99.4387018789972,,XLB,素材,value,,5.0,2.0,2.0
2025-01-31,43.17396926879883,0.24432135859445908,0.24414035844347748,99.47465396960567,,XLB,素材,value,,6.0,3.0,3.0
2025-02-03,43.21772766113281,0.24591225318625629,0.24473099002440377,99.57970307206604,,XLB,素材,value,,5.0,2.0,2.0
2025-02-04,43.344154357910156,0.2463309673810773,0.24526431580996164,99.68216970294115,,XLB,素材,value,,6.0,2.0,1.0
2025-02-05,43.31011962890625,0.24494318589277642,0.24515727250423325,99.69522410548286,,XLB,素材,value,,6.0,2.0,1.0
2025-02-06,43.46085739135742,0.2461214229232071,0.24547865597722454,99.77635545342662,100.36141727572655,XLB,素材,value,Improving,6.0,1.0,-1.0
2025-02-07,42.930850982666016,0.24432058861687123,0.24509263352377345,99.74539617389085,100.26206434401941,XLB,素材,value,Improving,4.0,-2.0,-5.0
2025-02-10,43.149662017822266,0.24487290770445871,0.24501939158400188,99.7646155223791,100.12289443636315,XLB,素材,value,Improving,2.0,-3.0,-5.0
2025-02-11,43.40251159667969,0.24628052318269616,0.24543976878356666,99.87667858669923,100.1014529354387,XLB,素材,value,Improving,1.0,-5.0,-7.0
2025-02-12,43.091312408447266,0.24594341693891555,0.2456076515020163,99.94615180091095,100.13899543894189,XLB,素材,value,Improving,2.0,-4.0,-6.0
2025-02-13,43.84013748168945,0.24806384888856348,0.2464263839641987,100.1499756195154,100.29982358600869,XLB,素材,value,Leading,3.0,-3.0,-4.0
2025-02-14,43.68939208984375,0.24745659850585452,0.2467697888114173,100.25642476144999,100.58112910303282,XLB,素材,value,Leading,5.0,1.0,3.0
2025-02-18,44.24371337890625,0.24868730887276366,0.24740896216519945,100.42559759117894,100.9696719718691,XLB,素材,value,Leading,5.0,3.0,6.0
2025-02-19,43.723426818847656,0.24526552785235614,0.24669448406091837,100.29551350638866,100.31179551758402,XLB,素材,value,Leading,5.0,4.0,9.0
2025-02-20,43.621315002441406,0.24530989916158774,0.24623295576114151,100.21727346454443,99.86483210983022,XLB,素材,value,Weakening,4.0,2.0,6.0
2025-02-21,42.823875427246094,0.24425392994360196,0.24557328048862834,100.0917183129997,98.93450094299781,XLB,素材,value,Weakening,3.0,0.0,3.0
2025-02-24,42.77524948120117,0.24377320712714245,0.24497325603479972,99.97695437928367,98.301781142892,XLB,素材,value,Lagging,3.0,-2.0,-3.0
2025-02-25,43.105899810791016,0.2454121420877059,0.24511955138576846,100.04119708992505,97.964837412744,XLB,素材,value,Weakening,4.0,-1.0,-4.0
2025-02-26,43.08644104003906,0.24581985423420724,0.24535298566858138,100.13136709342761,98.63246777870661,XLB,素材,value,Weakening,4.0,-1.0,-5.0
2025-02-27,42.79470443725586,0.24630649216566033,0.24567082116760772,100.24815520848699,99.30866250794419,XLB,素材,value,Weakening,4.0,0.0,-2.0
2025-02-28,43.159385681152344,0.24567573664021655,0.24567245965847734,100.28809495548214,99.9746042339993,XLB,素材,value,Weakening,4.0,1.0,1.0
2025-03-03,42.293861389160156,0.24334193558016,0.24489561829903825,100.11137852431024,99.7538683277977,XLB,素材,value,Weakening,4.0,1.0,3.0
2025-03-04,41.720088958740234,0.24398250590354145,0.24459124750053934,100.05949559402613,99.29194698026978,XLB,素材,value,Weakening,4.0,0.0,1.0
2025-03-05,42.80928421020508,0.24804684771632038,0.24574311423913303,100.43937061542873,100.52604132525487,XLB,素材,value,Leading,5.0,1.0,2.0
2025-03-06,42.585609436035156,0.24951362602581972,0.24699995150136195,100.8755975959181,101.82429681504752,XLB,素材,value,Leading,5.0,1.0,1.0
2025-03-07,42.70231246948242,0.24787513236136213,0.24729167845469535,101.03328886920818,102.20264673428872,XLB,素材,value,Leading,8.0,4.0,3.0
2025-03-10,41.81247329711914,0.24617914242994504,0.24692083311311191,100.97096715089096,102.49257226921426,XLB,素材,value,Leading,7.0,3.0,2.0
2025-03-11,41.491554260253906,0.2475870377280186,0.24714290131808084,101.09058271311382,102.87513531651923,XLB,素材,value,Leading,7.0,3.0,3.0
2025-03-12,41.29705047607422,0.24759320022515763,0.2472930009537731,101.17065485643936,101.73883989481044,XLB,素材,value,Leading,7.0,2.0,1.0
2025-03-13,41.26787567138672,0.24981320803253954,0.2481330699800286,101.48107286604929,101.26087631953939,XLB,素材,value,Leading,7.0,2.0,1.0
2025-03-14,41.807613372802734,0.24834601634464243,0.24820405210156654,101.50592916171634,100.7774095350589,XLB,素材,value,Leading,7.0,-1.0,-5.0
2025-03-17,42.332759857177734,0.24811720066978557,0.24817510162430623,101.48271484986698,100.88536000640856,XLB,素材,value,Leading,7.0,0.0,-3.0
2025-03-18,42.259822845458984,0.24898452272568106,0.24844490865809785,101.54877260340626,100.67293176332205,XLB,素材,value,Leading,7.0,0.0,-3.0
2025-03-19,42.40083694458008,0.24797771594455356,0.2482891777535831,101.45815240679623,100.05308182969311,XLB,素材,value,Leading,7.0,0.0,-2.0
2025-03-20,42.133399963378906,0.24744366134832807,0.24800733895183147,101.32339344983752,98.4776982783416,XLB,素材,value,Weakening,7.0,0.0,-2.0
2025-03-21,41.71522521972656,0.24611518935081597,0.24737662241815966,101.08038647255194,97.63471198013467,XLB,素材,value,Weakening,7.0,0.0,1.0
2025-03-24,42.280494689941406,0.24564367031679932,0.2467989717177062,100.86448395370923,97.19214044981763,XLB,素材,value,Weakening,7.0,0.0,0.0
2025-03-25,42.27072525024414,0.24617538982116421,0.24659111108552556,100.77327256874356,96.97009108031853,XLB,素材,value,Weakening,6.0,-1.0,-1.0
2025-03-26,42.34889602661133,0.2470958828737752,0.24675936834827544,100.80488035692775,97.50057447645725,XLB,素材,value,Weakening,6.0,-1.0,-1.0
2025-03-27,42.3293571472168,0.24761882722923034,0.2470458546419271,100.87245577302303,98.1507280615159,XLB,素材,value,Weakening,7.0,0.0,0.0
2025-03-28,41.55253982543945,0.24688057069278554,0.24699075999221326,100.82675638834655,98.7249585326298,XLB,素材,value,Weakening,5.0,-2.0,-2.0
2025-03-31,42.006900787353516,0.2475198468000384,0.24716712226148832,100.85782241370414,99.39825962001993,XLB,素材,value,Weakening,5.0,-2.0,-2.0
2025-04-01,42.16324996948242,0.2481832271651796,0.2475058238960521,100.94298370052722,99.8727580516466,XLB,素材,value,Weakening,6.0,0.0,1.0
2025-04-02,42.51012420654297,0.24815010410758212,0.24772058396656213,100.9882324257289,99.90653247213243,XLB,素材,value,Weakening,6.0,0.0,1.0
2025-04-03,40.59006118774414,0.24879391393003925,0.2480783606210545,101.08387763303072,99.97975398962677,XLB,素材,value,Weakening,5.0,-2.0,-2.0
2025-04-04,38.04951477050781,0.24709526346732025,0.2477506615698098,100.94826545115373,99.7356543388041,XLB,素材,value,Weakening,6.0,1.0,3.0
2025-04-07,37.43880844116211,0.2451726682893669,0.24689133047632886,100.62020568154709,98.78697051078944,XLB,素材,value,Weakening,7.0,2.0,4.0
2025-04-08,36.28579330444336,0.24219016468039953,0.24532427521101907,99.96892569322732,97.07849028059253,XLB,素材,value,Lagging,5.0,-1.0,-1.0
2025-04-09,39.45658874511719,0.24385249727887295,0.24483368256697036,99.68974835983794,96.67362151256707,XLB,素材,value,Lagging,3.0,-3.0,-3.0
2025-04-10,38.19608688354492,0.24428595979109766,0.24465110830834613,99.50869870485668,96.51857601894578,XLB,素材,value,Lagging,4.0,-1.0,1.0
2025-04-11,39.329559326171875,0.24777812171351776,0.24569344611007005,99.97720017417024,97.86220235172709,XLB,素材,value,Lagging,4.0,-2.0,-3.0
2025-04-14,39.803470611572266,0.24760041490739332,0.2463291023758445,100.31039950294496,99.17373603836872,XLB,素材,value,Weakening,5.0,-2.0,-4.0
2025-04-15,39.49078369140625,0.24645135560872553,0.2463698534534715,100.30629577709753,100.44391118619022,XLB,素材,value,Leading,5.0,0.0,1.0
2025-04-16,39.182987213134766,0.2477108967776507,0.24681686789486457,100.58282515437858,101.51396027381423,XLB,素材,value,Leading,5.0,2.0,5.0
2025-04-17,39.45170593261719,0.24756972029915877,0.247067818696296,100.73606841556298,102.09143179599519,XLB,素材,value,Leading,5.0,1.0,2.0
2025-04-21,38.85076141357422,0.24880034896807096,0.24764532878688766,101.12345854659829,101.88409582561478,XLB,素材,value,Leading,7.0,3.0,5.0
2025-04-22,39.75949478149414,0.24849293219243893,0.24792786325540475,101.29202281871343,101.54341824248185,XLB,素材,value,Leading,8.0,3.0,5.0
2025-04-23,39.808353424072266,0.24641442991308132,0.24742338547463028,100.89414624310204,100.81616634147332,XLB,素材,value,Leading,6.0,1.0,1.0
2025-04-24,40.66823196411133,0.24754869293190054,0.2474651546270537,100.89907863920386,100.32168114981665,XLB,素材,value,Leading,6.0,1.0,-1.0
2025-04-25,40.36532211303711,0.24605705132623285,0.24699578686011342,100.51806237061659,99.36473937258,XLB,素材,value,Weakening,6.0,1.0,0.0
2025-04-28,40.438602447509766,0.2458137809022093,0.24660178487414539,100.18173564994098,98.13931408674775,XLB,素材,value,Weakening,6.0,-1.0,-4.0
2025-04-29,40.77571105957031,0.24642481299660243,0.24654279424829775,100.10331571706814,97.82949670185226,XLB,素材,value,Weakening,6.0,-2.0,-5.0
2025-04-30,40.98579406738281,0.24734297230366836,0.24680952026675465,100.29893381667638,98.86463461709357,XLB,素材,value,Weakening,6.0,0.0,-1.0
2025-05-01,40.80502700805664,0.24658738311250614,0.24673547454867184,100.20559870591862,98.73871945469682,XLB,素材,value,Weakening,6.0,0.0,-1.0
2025-05-02,41.4939079284668,0.2464031423608264,0.24662469715272337,100.07387525137065,99.1705924181287,XLB,素材,value,Weakening,4.0,-2.0,-3.0
2025-05-05,41.18611145019531,0.24538906765858468,0.24621282065467714,99.66121418235792,99.0711399482619,XLB,素材,value,Lagging,4.0,-2.0,-1.0
2025-05-06,40.888084411621094,0.24543282740539862,0.24595282290491766,99.3974869483735,98.80749227177115,XLB,素材,value,Lagging,3.0,-3.0,-1.0
2025-05-07,40.66334915161133,0.24248678244778948,0.24479747608587493,98.30702452465022,97.02648518862618,XLB,素材,value,Lagging,3.0,-3.0,-3.0
2025-05-08,41.205650329589844,0.24367072331342307,0.24442189182839097,98.0141393193813,97.02398462614538,XLB,素材,value,Lagging,2.0,-4.0,-4.0
2025-05-09,41.31313705444336,0.24436299455794358,0.24440225940490853,98.03984249205133,97.43852027970388,XLB,素材,value,Lagging,2.0,-2.0,0.0
2025-05-12,42.27072525024414,0.24335681496424477,0.2440537779246873,97.79207005978002,97.7893868716129,XLB,素材,value,Lagging,2.0,-2.0,0.0
2025-05-13,42.060638427734375,0.24160223104337547,0.2432365956309167,97.2583632623945,97.61302028598783,XLB,素材,value,Lagging,2.0,-1.0,2.0
2025-05-14,41.67467498779297,0.24083538358259796,0.24243619161481048,96.89170401522995,98.53684799799234,XLB,素材,value,Lagging,2.0,-1.0,2.0
2025-05-15,42.099727630615234,0.2410941333523712,0.24198883886066408,96.88212829905906,98.90670174015531,XLB,素材,value,Lagging,2.0,0.0,4.0
2025-05-16,42.5296630859375,0.2411882294719406,0.24172196906442295,96.99722779190266,99.04229490435031,XLB,素材,value,Lagging,2.0,0.0,2.0
2025-05-19,42.63714599609375,0.24182466122264307,0.24175619978382967,97.25314027855953,99.65181687804512,XLB,素材,value,Lagging,2.0,0.0,2.0
2025-05-20,42.563865661621094,0.24204109239585034,0.24185116398783657,97.49664856213137,100.57410359678849,XLB,素材,value,Improving,2.0,0.0,1.0
2025-05-21,41.99713134765625,0.2441363394167159,0.24261288913079634,98.0407284084739,101.6053685129554,XLB,素材,value,Improving,3.0,1.0,2.0
2025-05-22,41.953163146972656,0.24466101483008673,0.2432955976972265,98.47681449891195,102.02195831981923,XLB,素材,value,Improving,4.0,2.0,2.0
2025-05-23,41.87010192871094,0.2451570520068176,0.2439160824670902,98.8407977230024,102.17416521410304,XLB,素材,value,Improving,4.0,2.0,2.0
2025-05-27,42.60294723510742,0.24488272799551988,0.24423829764323343,99.0317659082695,101.99913482794933,XLB,素材,value,Improving,4.0,2.0,2.0
2025-05-28,42.02156066894531,0.24361238709841784,0.24402966079496158,98.93772287022482,101.58682413930137,XLB,素材,value,Improving,4.0,2.0,2.0
2025-05-29,42.17790222167969,0.24392303874712498,0.2439941201123494,98.94244427723864,101.01359150103093,XLB,素材,value,Improving,4.0,1.0,0.0
2025-05-30,42.18278503417969,0.24404805939449048,0.2440120998730631,98.97507702689936,100.59891670791478,XLB,素材,value,Improving,4.0,0.0,-2.0
2025-06-02,42.431949615478516,0.24529494588299053,0.2444397152097056,99.20953384683344,100.46368839543258,XLB,素材,value,Improving,4.0,0.0,-2.0
2025-06-03,42.86677551269531,0.24576260436624242,0.24488067826188453,99.44121898597245,100.49754162533793,XLB,素材,value,Improving,4.0,0.0,-2.0
2025-06-04,43.02800750732422,0.24724245324798383,0.24566793659058433,99.8621065386008,100.99922545491205,XLB,素材,value,Improving,5.0,1.0,-1.0
2025-06-05,42.77395248413086,0.24644853145451412,0.24592813487856094,100.01009833224872,101.12816942688808,XLB,素材,value,Leading,6.0,2.0,1.0
2025-06-06,42.88631820678711,0.2449802370886918,0.24561216894860458,99.85463183259469,100.9374085095572,XLB,素材,value,Improving,6.0,2.0,2.0
2025-06-09,43.17457580566406,0.24658546003770562,0.24593659931163825,100.03751500165251,100.88716730080256,XLB,素材,value,Leading,7.0,3.0,3.0
2025-06-10,43.44328308105469,0.24689066887181133,0.24625462249836264,100.21725489295397,100.84297198143737,XLB,素材,value,Leading,7.0,3.0,3.0
2025-06-11,43.01335144042969,0.24514339323552722,0.24588421274408417,100.02917965318039,100.24651076257517,XLB,素材,value,Leading,7.0,2.0,1.0
2025-06-12,43.19411849975586,0.24559770859782495,0.24578871136199779,99.99746709335489,100.07677680256137,XLB,素材,value,Improving,7.0,1.0,-1.0
2025-06-13,42.69089126586914,0.2457064453772856,0.24576128936709374,100.00377243316848,100.24497254096269,XLB,素材,value,Leading,7.0,1.0,-1.0
2025-06-16,43.052433013916016,0.24542093644071114,0.2456478383916329,99.96222749180927,100.02849845721083,XLB,素材,value,Improving,7.0,0.0,-3.0
2025-06-17,42.63227081298828,0.2453829133056902,0.245559530029652,99.93686079692854,99.83281284459541,XLB,素材,value,Lagging,6.0,-1.0,-4.0
2025-06-18,42.51012420654297,0.24465222937498607,0.2452570964780967,99.78567757341595,99.87853833255605,XLB,素材,value,Lagging,6.0,-1.0,-3.0
2025-06-20,42.221866607666016,0.24259662475298047,0.24437027256972466,99.287970954303,99.41674761056038,XLB,素材,value,Lagging,6.0,-1.0,-2.0
2025-06-23,42.69230270385742,0.2431529754419977,0.24396450686048238,99.07557989022334,99.2073146692707,XLB,素材,value,Lagging,4.0,-3.0,-4.0
2025-06-24,43.04586410522461,0.24286717183682943,0.24359872851926473,98.89281626644721,99.07717138366824,XLB,素材,value,Lagging,4.0,-3.0,-3.0
2025-06-25,42.63337707519531,0.2422879686196948,0.24316180855274142,98.6793042565306,98.90385061605781,XLB,素材,value,Lagging,1.0,-5.0,-4.0
2025-06-26,43.10478210449219,0.2431321074171897,0.24315190817422422,98.71801522219279,99.10336822607404,XLB,素材,value,Lagging,3.0,-3.0,-2.0
2025-06-27,43.15879821777344,0.24254855571763828,0.24295079068869557,98.64806433717973,99.53026483209474,XLB,素材,value,Lagging,3.0,-3.0,-2.0
2025-06-30,43.11951446533203,0.24119443064824897,0.24236533734188007,98.37396905846781,99.4774301275626,XLB,素材,value,Lagging,2.0,-2.0,1.0
2025-07-01,44.23421096801758,0.2445633389342074,0.24309800453932254,98.83113210592626,100.10960433511876,XLB,素材,value,Improving,4.0,0.0,3.0
2025-07-02,44.89713668823242,0.24766280428638862,0.24461960445501124,99.72298237080271,101.17412650379191,XLB,素材,value,Improving,7.0,6.0,11.0
2025-07-03,44.86767578125,0.24631078059490738,0.24518332983497665,100.07467963172098,101.43786614948765,XLB,素材,value,Leading,7.0,4.0,7.0
2025-07-07,44.435546875,0.24590383758630321,0.24542349908541886,100.24803555793251,101.61619928264314,XLB,素材,value,Leading,7.0,4.0,7.0
2025-07-08,44.79893112182617,0.2472955314190635,0.2460475098633004,100.65594177145097,102.14111075366223,XLB,素材,value,Leading,8.0,6.0,8.0
2025-07-09,45.06900405883789,0.24804554395695344,0.24671352122785142,101.07209495752784,101.99977814831203,XLB,素材,value,Leading,10.0,6.0,6.0
2025-07-10,45.30961990356445,0.24793358153872871,0.24712020799814388,101.2892073402268,101.36051868387909,XLB,素材,value,Leading,10.0,3.0,-3.0
2025-07-11,44.94132995605469,0.2477318669424743,0.24732409431292068,101.36842978208207,101.08946829476912,XLB,素材,value,Leading,11.0,4.0,0.0
2025-07-14,44.690895080566406,0.24609779304867554,0.24691532722483897,101.09022166131261,100.67317673536611,XLB,素材,value,Leading,9.0,2.0,-2.0
2025-07-15,43.77261734008789,0.24443068310393015,0.24608711251786936,100.59102601417064,99.86343007108289,XLB,素材,value,Weakening,8.0,0.0,-6.0
2025-07-16,43.890472412109375,0.24413668740205885,0.2454369708125992,100.21293024484208,99.17305794970267,XLB,素材,value,Weakening,7.0,-3.0,-9.0
2025-07-17,44.19983673095703,0.24386927771119812,0.24491440644546553,99.91368316710285,98.75822303977864,XLB,素材,value,Lagging,7.0,-3.0,-6.0
2025-07-18,44.30295944213867,0.24453115814623028,0.2447866570123871,99.85494318968709,98.68476716552796,XLB,素材,value,Lagging,7.0,-4.0,-8.0
2025-07-21,44.52884292602539,0.2466214900025598,0.24539826800911135,100.24505958127104,99.28454552446843,XLB,素材,value,Weakening,7.0,-2.0,-4.0
2025-07-22,45.142662048339844,0.2468738241871417,0.24589012006845481,100.57530297590284,100.01752215969093,XLB,素材,value,Leading,7.0,-1.0,-1.0
2025-07-23,45.29488754272461,0.24567107001244476,0.24581710338311813,100.56522154040603,100.34888379653165,XLB,素材,value,Leading,8.0,1.0,4.0
2025-07-24,44.82838821411133,0.24392168348094082,0.24518529674905903,100.18576631267781,100.28351637700254,XLB,素材,value,Leading,7.0,0.0,3.0
2025-07-25,45.358726501464844,0.24562415563919404,0.24533158304577074,100.3111122999594,100.44285791907504,XLB,素材,value,Leading,8.0,1.0,5.0
2025-07-28,44.700714111328125,0.24350069750193482,0.2447212878644921,99.9240782323688,99.7625387039194,XLB,素材,value,Lagging,7.0,0.0,2.0
2025-07-29,44.52884292602539,0.24268149018681015,0.2440413553052648,99.48212034379671,99.08901219062943,XLB,素材,value,Lagging,5.0,-2.0,-1.0
2025-07-30,43.63021469116211,0.23933649457695857,0.2424730683958294,98.45645410191688,98.24410542743094,XLB,素材,value,Lagging,1.0,-7.0,-8.0
2025-07-31,43.08023452758789,0.23849448084124766,0.24114687254430217,97.67881810970314,97.99384934860078,XLB,素材,value,Lagging,1.0,-6.0,-6.0
2025-08-01,42.58427047729492,0.23843660905678885,0.24024345138179776,97.28124095343316,97.69226336963101,XLB,素材,value,Lagging,1.0,-7.0,-8.0
2025-08-04,43.148983001708984,0.23868010819984897,0.23972233698781484,97.18050295309183,98.01582433927092,XLB,素材,value,Lagging,1.0,-6.0,-6.0
2025-08-05,43.453433990478516,0.24103306878441227,0.24015924758668067,97.59844042325678,98.71284300253967,XLB,素材,value,Lagging,1.0,-4.0,-2.0
2025-08-06,42.98202133178711,0.23895273886687055,0.23975707801341065,97.53712896207857,99.45020845696877,XLB,素材,value,Lagging,1.0,0.0,7.0
2025-08-07,43.16862869262695,0.2401346243052022,0.23988292677734116,97.74742972604454,100.17918705879747,XLB,素材,value,Improving,1.0,0.0,6.0
2025-08-08,43.38468933105469,0.24090152168449977,0.24022245841306072,98.0274748084803,100.67754255310155,XLB,素材,value,Improving,1.0,0.0,7.0
2025-08-11,43.28647232055664,0.24101434656211465,0.24048642112941204,98.2400531755777,100.89589678251028,XLB,素材,value,Improving,2.0,1.0,7.0
2025-08-12,43.851192474365234,0.24109510819252059,0.24068931681711492,98.40210108977489,100.66771888687389,XLB,素材,value,Improving,3.0,2.0,6.0
2025-08-13,44.67616271972656,0.24217308027451548,0.24118390463624845,98.67686205021413,100.91228730890379,XLB,素材,value,Improving,5.0,4.0,4.0
2025-08-14,44.20965576171875,0.2412134686131202,0.24119375929520573,98.70368457400686,100.73626829559485,XLB,素材,value,Improving,4.0,3.0,3.0
2025-08-15,44.20965576171875,0.24181047300334,0.2413993305312505,98.81163336010039,100.57215740940998,XLB,素材,value,Improving,4.0,3.0,3.0
2025-08-18,43.95431137084961,0.24046557208779637,0.24108807771676583,98.67653923518084,100.26591934210832,XLB,素材,value,Improving,4.0,2.0,1.0
2025-08-19,44.219486236572266,0.24078893305986013,0.24098836283113062,98.64466736419017,100.09374259301305,XLB,素材,value,Improving,4.0,1.0,-1.0
2025-08-20,44.25385665893555,0.2411957366492728,0.24105748743717803,98.69174710741353,99.90600784495078,XLB,素材,value,Lagging,4.0,-1.0,-5.0
2025-08-21,44.38644027709961,0.24276435053889683,0.24162644180441767,98.96950508656906,100.12868971059406,XLB,素材,value,Improving,4.0,0.0,-3.0
2025-08-22,45.26542663574219,0.24284222776185488,0.2420317037902301,99.17018805464203,100.22616828732669,XLB,素材,value,Improving,4.0,0.0,-3.0
2025-08-25,45.01498794555664,0.24336091135584945,0.2424747729787699,99.38616858841085,100.54984610293425,XLB,素材,value,Improving,5.0,1.0,-1.0
2025-08-26,45.137752532958984,0.24385600931189957,0.24293518508981313,99.6069081652729,100.79035341885036,XLB,素材,value,Improving,6.0,2.0,1.0
2025-08-27,45.250694274902344,0.2435859041395606,0.24315209143972896,99.71270643575457,100.85303396172371,XLB,素材,value,Improving,6.0,2.0,3.0
2025-08-28,45.250694274902344,0.24370204468807027,0.24333540918917607,99.80137474517122,100.68737621307864,XLB,素材,value,Improving,6.0,2.0,2.0
2025-08-29,45.31452941894531,0.2442269669563278,0.24363259511156,99.94000534743238,100.62743927963807,XLB,素材,value,Improving,6.0,2.0,2.0
2025-09-02,44.975704193115234,0.2443309332897866,0.24386537450430223,100.05065247645312,100.5294174097632,XLB,素材,value,Leading,6.0,1.0,0.0
2025-09-03,44.67124938964844,0.24305365872935883,0.2435948025793211,99.93604018828428,100.23508197489745,XLB,素材,value,Improving,6.0,0.0,-2.0
2025-09-04,44.84312057495117,0.24219989485689683,0.243129833338513,99.73974699407673,99.98124671446335,XLB,素材,value,Lagging,5.0,-1.0,-3.0
2025-09-05,45.15739440917969,0.24361257185370477,0.24329074617691027,99.83185958525551,99.99887156992449,XLB,素材,value,Lagging,5.0,-1.0,-3.0
2025-09-08,45.196678161621094,0.24401875857296443,0.243533416975595,99.95984710091521,100.00155680301924,XLB,素材,value,Improving,8.0,2.0,0.0
2025-09-09,44.4600944519043,0.24078357674587378,0.24261680356568793,99.5515037302046,99.55425787566938,XLB,素材,value,Lagging,5.0,-1.0,-2.0
2025-09-10,44.543575286865234,0.24148009817010158,0.24223790176715915,99.39642553563839,99.53561835141191,XLB,素材,value,Lagging,5.0,-1.0,-1.0
2025-09-11,45.47658157348633,0.2428982880471369,0.24245803052715176,99.52323605278528,99.83201013719292,XLB,素材,value,Lagging,5.0,0.0,1.0
2025-09-12,45.0198974609375,0.24220244820814005,0.24237283642081453,99.5041288376486,99.73652329782828,XLB,素材,value,Lagging,5.0,0.0,1.0
2025-09-15,44.65652084350586,0.24066782096268452,0.2418044979347712,99.25392970324403,99.40997691475059,XLB,素材,value,Lagging,4.0,-4.0,-6.0
2025-09-16,44.51902389526367,0.24056448163180227,0.2413911591671149,99.08161547047106,99.62785497389743,XLB,素材,value,Lagging,3.0,-2.0,-1.0
2025-09-17,44.62214279174805,0.2408911977611384,0.24122450536512274,99.03097236588349,99.72277122194593,XLB,素材,value,Lagging,3.0,-2.0,-1.0
2025-09-18,44.62214279174805,0.23932796247821533,0.2405923244028203,98.76172508821465,99.37703267314345,XLB,素材,value,Lagging,2.0,-3.0,-3.0
2025-09-19,44.60250473022461,0.2396398806010284,0.24027484313555636,98.65430985820852,99.3010152292647,XLB,素材,value,Lagging,2.0,-3.0,-3.0
2025-09-22,44.58720779418945,0.23944328913758806,0.23999765846956694,98.57278667819969,99.44674426680291,XLB,素材,value,Lagging,2.0,-2.0,2.0
2025-09-23,44.444129943847656,0.23838401025462985,0.2394597757312546,98.38249712094816,99.4231295928038,XLB,素材,value,Lagging,2.0,-1.0,1.0
2025-09-24,43.90140151977539,0.23602332848317936,0.23831429331522955,97.95745615950247,99.08182798325623,XLB,素材,value,Lagging,2.0,-1.0,1.0
2025-09-25,43.329078674316406,0.23488014358087989,0.23716957673711303,97.60548025435688,99.00981219207797,XLB,素材,value,Lagging,1.0,-1.0,2.0
2025-09-26,43.83232498168945,0.235277058728858,0.23653873740102804,97.51474898779139,99.0371485337387,XLB,素材,value,Lagging,1.0,-1.0,2.0
2025-09-29,44.00007629394531,0.23539106199520238,0.2361561789324195,97.53223840723308,99.13357755445804,XLB,素材,value,Lagging,1.0,-1.0,1.0
2025-09-30,44.21717071533203,0.23592897420574505,0.236080444023528,97.65804060516761,99.42627267857706,XLB,素材,value,Lagging,1.0,-1.0,0.0
2025-10-01,43.75339126586914,0.23292641657015628,0.23502910153907078,97.45909232301618,99.64648849374943,XLB,素材,value,Lagging,1.0,-1.0,0.0
2025-10-02,44.261573791503906,0.23507541640271204,0.23504453982695123,97.61874565191121,100.12545982128906,XLB,素材,value,Improving,1.0,0.0,1.0
2025-10-03,44.33557891845703,0.23464352848705788,0.23491086938032013,97.71086881308563,100.31794891897319,XLB,素材,value,Improving,2.0,1.0,2.0
2025-10-06,44.296112060546875,0.23450824550149352,0.23477666142071127,97.78650709903704,100.41878377484595,XLB,素材,value,Improving,3.0,2.0,3.0
2025-10-07,44.11848831176758,0.23459858871631897,0.23471730385258052,97.86762348516102,100.42566916053872,XLB,素材,value,Improving,2.0,1.0,2.0
2025-10-08,44.355316162109375,0.2350921878372727,0.23484226518081128,97.98646991537653,100.78062265506271,XLB,素材,value,Improving,4.0,3.0,4.0
2025-10-09,43.748451232910156,0.23381012269268245,0.23449821768476836,97.95866450577829,100.61326208054908,XLB,素材,value,Improving,3.0,2.0,2.0
2025-10-10,42.85049057006836,0.23429345198028773,0.2344299624499415,98.01395513406393,100.58818396287117,XLB,素材,value,Improving,2.0,0.0,-1.0
2025-10-13,43.53136444091797,0.23572420331463154,0.23486137607150484,98.21111385671054,100.70608812461832,XLB,素材,value,Improving,2.0,-1.0,-3.0
2025-10-14,43.965545654296875,0.23611736188164492,0.23528003800821823,98.39421630253945,100.78924812204144,XLB,素材,value,Improving,3.0,1.0,0.0
2025-10-15,43.768192291259766,0.23458447709658808,0.2350481843710082,98.38540125517787,100.63061218298341,XLB,素材,value,Improving,1.0,-3.0,-6.0
2025-10-16,43.44255447387695,0.23506722496122948,0.2350545312344153,98.44376644003512,100.69713649312389,XLB,素材,value,Improving,2.0,-1.0,-3.0
2025-10-17,43.35867691040039,0.23342790070216796,0.23451232105699954,98.34280587555439,100.50994784105505,XLB,素材,value,Improving,2.0,0.0,0.0
2025-10-20,43.87673568725586,0.23387829048528408,0.2343009775330944,98.33443546233465,100.28552912666515,XLB,素材,value,Improving,2.0,0.0,1.0
2025-10-21,43.708984375,0.23192153126349058,0.23350782877655982,98.1666041899065,99.91659776584741,XLB,素材,value,Lagging,2.0,-1.0,-2.0
2025-10-22,43.575767517089844,0.2323351945435452,0.23311695069888827,98.1254089385936,99.89053566216995,XLB,素材,value,Lagging,2.0,1.0,4.0
2025-10-23,44.0987548828125,0.23401418535734408,0.23341602891837354,98.2702481265984,99.99501790062004,XLB,素材,value,Lagging,2.0,0.0,1.0
2025-10-24,43.916202545166016,0.2324118783050304,0.23308131204725918,98.23853204843302,100.06657428184654,XLB,素材,value,Improving,2.0,0.0,0.0
2025-10-27,43.89646911621094,0.23127959532488332,0.23248073980646725,98.14378123331745,99.95670238697492,XLB,素材,value,Lagging,2.0,0.0,0.0
2025-10-28,43.95567321777344,0.23359783674516624,0.23285310545270027,98.31925509070466,100.30533549285695,XLB,素材,value,Improving,2.0,0.0,1.0
2025-10-29,43.09225082397461,0.23159934954234404,0.23243518681591485,98.27909602830158,100.27554521789556,XLB,素材,value,Improving,2.0,0.0,-1.0
2025-10-30,42.514991760253906,0.22948386396957657,0.2314514125338021,98.1049392437812,99.81153082984373,XLB,素材,value,Lagging,2.0,0.0,0.0
2025-10-31,42.26829528808594,0.22765452301561714,0.23018578269440712,97.89010363478215,99.44312226787545,XLB,素材,value,Lagging,1.0,-1.0,-1.0
2025-11-03,42.006805419921875,0.22680130395026674,0.22905762311302702,97.74425544444134,99.27703179542982,XLB,素材,value,Lagging,1.0,-1.0,-1.0
2025-11-04,41.799583435058594,0.2271851762652653,0.22843347416377313,97.73484682331016,98.94730500924338,XLB,素材,value,Lagging,1.0,-1.0,-1.0
2025-11-05,42.0462760925293,0.22719619629201712,0.22802104820652114,97.77520988277725,99.10446901246432,XLB,素材,value,Lagging,1.0,-1.0,-1.0
2025-11-06,41.83905792236328,0.2276809005053967,0.22790766563947967,97.87240449310895,99.58109960903214,XLB,素材,value,Lagging,1.0,-1.0,-1.0
2025-11-07,42.342308044433594,0.22850302218680288,0.22810611782192075,98.01894286102022,100.22417587477278,XLB,素材,value,Improving,1.0,0.0,1.0
2025-11-10,42.741947174072266,0.2293391334235253,0.22851712302245564,98.18988795470963,100.7936829856509,XLB,素材,value,Improving,1.0,0.0,1.0
2025-11-11,43.18599319458008,0.23039050685081602,0.22914158429857578,98.38454721171686,101.19282929325024,XLB,素材,value,Improving,1.0,0.0,1.0
2025-11-12,43.49189376831055,0.23147345666685373,0.22991887508800177,98.59313147646883,101.50917607553222,XLB,素材,value,Improving,2.0,1.0,2.0
2025-11-13,43.20573043823242,0.23257972925598622,0.23080582647732992,98.81010292282903,101.70949424869552,XLB,素材,value,Improving,2.0,1.0,2.0
2025-11-14,42.81101989746094,0.2313037767556466,0.2309718099034355,98.87990380444862,101.53720262535907,XLB,素材,value,Improving,2.0,1.0,1.0
2025-11-17,42.15975570678711,0.2308159594376073,0.23091985974815943,98.90541074999155,101.25182612294596,XLB,素材,value,Improving,2.0,1.0,1.0
2025-11-18,42.19429016113281,0.23086765150338714,0.23090245699990203,98.93654251137988,100.94346213544716,XLB,素材,value,Improving,2.0,1.0,1.0
2025-11-19,42.302833557128906,0.23216436551913974,0.23132309317298128,99.04985255515314,100.77000037494761,XLB,素材,value,Improving,2.0,0.0,-1.0
2025-11-20,41.671302795410156,0.23152295853422258,0.23138971496006172,99.09231208256246,100.4701413943653,XLB,素材,value,Improving,2.0,0.0,-1.0
2025-11-21,42.603797912597656,0.23214203313663093,0.2316404876855848,99.1692526080647,100.49914202254718,XLB,素材,value,Improving,3.0,1.0,0.0
2025-11-24,42.68767166137695,0.23163888458790147,0.23163995331969037,99.1957003982881,100.53068956384949,XLB,素材,value,Improving,3.0,1.0,0.0
2025-11-25,43.32413864135742,0.23179944323213714,0.23169311662383932,99.23214131356188,100.5754718803637,XLB,素材,value,Improving,5.0,3.0,2.0
2025-11-26,43.856998443603516,0.23302451757393178,0.23213691694053684,99.34739657720569,100.60504948581338,XLB,素材,value,Improving,6.0,4.0,4.0
2025-11-28,44.10862731933594,0.2331011329024242,0.23245832226116597,99.43854134921469,100.71881289896783,XLB,素材,value,Improving,6.0,4.0,4.0
2025-12-01,44.00007629394531,0.234128851578825,0.23301516536705233,99.58230314721492,100.86034675780674,XLB,素材,value,Improving,6.0,3.0,2.0
2025-12-02,43.600440979003906,0.23222210600545667,0.23275081224652044,99.54929118132625,100.74546851786035,XLB,素材,value,Improving,6.0,3.0,2.0
2025-12-03,43.90633773803711,0.23208056263034865,0.2325273957077965,99.52357405519292,100.61676330765904,XLB,素材,value,Improving,6.0,1.0,-2.0
2025-12-04,43.649776458740234,0.2306521547547028,0.23190231539009865,99.40186724222129,100.16438804842686,XLB,素材,value,Improving,6.0,0.0,-4.0
2025-12-05,43.50669479370117,0.2293572762222802,0.23105396900082584,99.21873133946586,99.64925943363767,XLB,素材,value,Lagging,4.0,-2.0,-6.0
2025-12-08,42.904762268066406,0.22754692871431995,0.22988495557199057,98.9498660421876,98.87230427692857,XLB,素材,value,Lagging,3.0,-3.0,-6.0
2025-12-09,42.815956115722656,0.2275051018629401,0.2290916710023071,98.7702887324128,98.61347599367471,XLB,素材,value,Lagging,3.0,-3.0,-6.0
2025-12-10,43.65471267700195,0.22874371204801822,0.2289756846842108,98.75777152416158,98.6730602313735,XLB,素材,value,Lagging,3.0,-3.0,-4.0
2025-12-11,44.523067474365234,0.23142479465245758,0.2297920546736264,98.9924612618905,99.3373080425964,XLB,素材,value,Lagging,4.0,-2.0,-2.0
2025-12-12,44.55267333984375,0.2331591496274713,0.2309144196582414,99.32711347222863,100.27532934937354,XLB,素材,value,Improving,5.0,1.0,3.0
2025-12-15,44.523067474365234,0.2327154640665122,0.23151476779433167,99.5273824301959,101.11742628306772,XLB,素材,value,Improving,6.0,3.0,6.0
2025-12-16,44.40465545654297,0.23373809012250735,0.2322558752370569,99.78839688328074,101.8499719028833,XLB,素材,value,Improving,7.0,4.0,7.0
2025-12-17,44.59214401245117,0.23536145985775342,0.23329107011062242,100.17203091783617,102.42180414895181,XLB,素材,value,Leading,8.0,5.0,8.0
2025-12-18,44.57240295410156,0.23475538995264222,0.23377917672462906,100.39669635409231,102.28458972178358,XLB,素材,value,Leading,8.0,4.0,6.0
2025-12-19,44.76976013183594,0.23493905621958547,0.2341658032229479,100.60508357504075,101.97651564264602,XLB,素材,value,Leading,8.0,3.0,2.0
2025-12-22,45.298423767089844,0.23596433936359648,0.23476531526983074,100.91257673081167,102.05758221101314,XLB,素材,value,Leading,10.0,4.0,1.0
2025-12-23,45.37777328491211,0.23692855864155163,0.2354863963937377,101.26663123286724,102.13272719815559,XLB,素材,value,Leading,10.0,3.0,-1.0
2025-12-24,45.467041015625,0.23653714837488116,0.23583664705411886,101.44523001986377,101.75933728790503,XLB,素材,value,Leading,10.0,2.0,-3.0
2025-12-26,45.73484420776367,0.23786897709583196,0.23651409040135657,101.73534197724514,101.82984097724118,XLB,素材,value,Leading,10.0,2.0,-2.0
2025-12-29,45.367855072021484,0.23635041778274662,0.23645953286181992,101.70411217660353,101.40224792603195,XLB,素材,value,Leading,10.0,2.0,-1.0
2025-12-30,45.357933044433594,0.23667787138308313,0.23653231236890768,101.72331790093563,100.87920624516522,XLB,素材,value,Leading,10.0,0.0,-4.0
2025-12-31,44.98102569580078,0.23673286764817483,0.2365991641286634,101.71525915038264,100.21898813812321,XLB,素材,value,Leading,10.0,0.0,-3.0
2026-01-02,45.74475860595703,0.23912949841192052,0.2374426088897491,102.00171435949969,100.39706859264442,XLB,素材,value,Leading,11.0,1.0,-1.0
2026-01-05,46.201019287109375,0.23929365524826213,0.2380596243425868,102.1622024554797,100.15830451924157,XLB,素材,value,Leading,11.0,1.0,-1.0
2026-01-06,47.1135368347168,0.2411090421959775,0.2390760969603837,102.42584837493045,100.67113427340851,XLB,素材,value,Leading,11.0,1.0,-1.0
2026-01-07,46.300209045410156,0.23963503783949502,0.23926241058675415,102.36491127856445,100.51488376194916,XLB,素材,value,Leading,11.0,1.0,1.0
2026-01-08,47.1135368347168,0.24177175488130867,0.24009885868493902,102.50941471968827,100.7761041939406,XLB,素材,value,Leading,11.0,1.0,1.0
2026-01-09,47.86735153198242,0.2442229494938989,0.241473555621259,102.76168433648664,100.70073668555135,XLB,素材,value,Leading,11.0,0.0,-1.0
2026-01-12,48.12523651123047,0.24531523107393954,0.24275411410548586,102.91209490759705,100.6679812399864,XLB,素材,value,Leading,11.0,0.0,-1.0
2026-01-13,48.333526611328125,0.2463769761736015,0.24396173479485778,102.99187183233518,100.33973758280285,XLB,素材,value,Leading,11.0,0.0,-1.0
2026-01-14,48.353363037109375,0.2453615779523735,0.2444283491806964,102.87309627974727,100.23845675366225,XLB,素材,value,Leading,11.0,0.0,-1.0
2026-01-15,48.56165313720703,0.24533186796278522,0.24472952210805934,102.731858597714,99.7404026039262,XLB,素材,value,Weakening,11.0,0.0,-1.0
2026-01-16,48.283931732177734,0.2445538066008765,0.24467095027233174,102.53809427664541,98.98362366477866,XLB,素材,value,Weakening,10.0,-1.0,-1.0
2026-01-20,47.79792022705078,0.245759172079737,0.24503369087480018,102.45324097149656,98.61697413065126,XLB,素材,value,Weakening,10.0,-1.0,-1.0
2026-01-21,48.83938217163086,0.2469329319643647,0.24566677123798836,102.42617130518508,98.47996953091327,XLB,素材,value,Weakening,10.0,-1.0,-1.0
2026-01-22,49.11709976196289,0.24801369502575454,0.24644907916724376,102.42086095796209,98.68650279694644,XLB,素材,value,Weakening,11.0,0.0,0.0
2026-01-23,49.56344223022461,0.251388048419401,0.24809540225129617,102.5519493259861,99.13893275251019,XLB,素材,value,Weakening,11.0,0.0,0.0
2026-01-26,49.622947692871094,0.2510961217680757,0.2490956420902227,102.54600616440369,99.44752235881289,XLB,素材,value,Weakening,11.0,1.0,2.0
2026-01-27,49.57335662841797,0.2512361172428177,0.24980913380775438,102.48982785407252,99.49084508771215,XLB,素材,value,Weakening,11.0,1.0,2.0
2026-01-28,49.543601989746094,0.2519338345075903,0.25051736737436636,102.43620101085256,99.43838421988465,XLB,素材,value,Weakening,10.0,0.0,1.0
2026-01-29,49.59319305419922,0.25185570945560587,0.2509634814014462,102.35020327172566,99.30972082756615,XLB,素材,value,Weakening,10.0,-1.0,-1.0
2026-01-30,48.86913299560547,0.24872990143183926,0.25021895474491057,102.1157555690273,98.72404271168976,XLB,素材,value,Weakening,10.0,-1.0,-1.0
2026-02-02,49.24604415893555,0.24936418632887028,0.24993403193956382,101.97172012937197,98.52315354822684,XLB,素材,value,Weakening,8.0,-3.0,-4.0
2026-02-03,50.28750228881836,0.255317392235013,0.2517284853713802,102.1099811277731,98.84549472019991,XLB,素材,value,Weakening,8.0,-3.0,-4.0
2026-02-04,51.46781921386719,0.25905310535090226,0.25417002536455424,102.30504132705677,99.24267340885035,XLB,素材,value,Weakening,8.0,-2.0,-2.0
2026-02-05,50.08912658691406,0.2543230544231058,0.2542210350507381,102.18942195306307,99.1714245428449,XLB,素材,value,Weakening,8.0,-2.0,-1.0
2026-02-06,51.09090805053711,0.2546640387663842,0.2543687029559535,102.09972556319575,99.39353886761435,XLB,素材,value,Weakening,8.0,-2.0,-1.0
2026-02-09,51.75545883178711,0.25782353669557506,0.255520314202494,102.13264909113391,99.68202158362085,XLB,素材,value,Weakening,8.0,0.0,3.0
2026-02-10,52.47951889038086,0.26050369964274167,0.2571814426825766,102.21343090050613,99.58425639202946,XLB,素材,value,Weakening,8.0,0.0,3.0
2026-02-11,53.183738708496094,0.2635322620559534,0.25929838247370224,102.32524357421296,99.4543169590099,XLB,素材,value,Weakening,8.0,0.0,2.0
2026-02-12,52.40017318725586,0.26310229768189264,0.2605663542097657,102.3286860268932,99.67138028548766,XLB,素材,value,Weakening,8.0,0.0,2.0
2026-02-13,52.87626647949219,0.262770711047755,0.26130113982242886,102.27422055063066,99.74792036085803,XLB,素材,value,Weakening,8.0,0.0,2.0
2026-02-17,52.2712287902832,0.26021288836651896,0.26093838933712554,102.11934788654801,99.44676080426618,XLB,素材,value,Weakening,8.0,0.0,0.0
2026-02-18,52.588623046875,0.2604425905666595,0.26077312308030354,102.00078500018482,99.12945716160493,XLB,素材,value,Weakening,8.0,0.0,0.0
2026-02-19,52.40017318725586,0.26005864026674563,0.2605349621424509,101.8880836013403,98.78096417403205,XLB,素材,value,Weakening,8.0,0.0,0.0
2026-02-20,52.529109954833984,0.2594850553756417,0.2601849932201812,101.77606694340847,98.63109595729739,XLB,素材,value,Weakening,9.0,1.0,1.0
2026-02-23,52.529109954833984,0.26236461354438056,0.2609115333282477,101.76976823863815,98.75380388009407,XLB,素材,value,Weakening,8.0,0.0,0.0
2026-02-24,52.92585754394531,0.2622544277350497,0.2613591647971817,101.73863619008247,98.98782688688121,XLB,素材,value,Weakening,8.0,0.0,0.0
2026-02-25,52.628299713134766,0.2606263051913253,0.2611148782618963,101.64913739921101,99.05996514100931,XLB,素材,value,Weakening,8.0,0.0,0.0
2026-02-26,52.56878662109375,0.2588692730263719,0.26036634318338814,101.52265073823125,99.06112459634758,XLB,素材,value,Weakening,8.0,0.0,0.0
2026-02-27,52.97544860839844,0.2605663638733241,0.26043301674670016,101.47515014231799,99.18686465491349,XLB,素材,value,Weakening,7.0,-2.0,-3.0
2026-03-02,52.81675338745117,0.26026832370040426,0.2603781190646015,101.41974726490612,99.12874746669483,XLB,素材,value,Weakening,7.0,-1.0,-1.0
2026-03-03,51.51741027832031,0.25701868540980505,0.259258307846336,101.27550721993411,98.97441388996967,XLB,素材,value,Weakening,6.0,-2.0,-2.0
2026-03-04,51.4975700378418,0.25589399870602714,0.2581368714662331,101.13731177280813,98.92856409426369,XLB,素材,value,Weakening,6.0,-2.0,-2.0
2026-03-05,50.41644287109375,0.25345753941158833,0.2565770941146849,100.96564095180082,98.88999734934362,XLB,素材,value,Weakening,6.0,-2.0,-2.0
2026-03-06,49.4543342590332,0.25161951413411443,0.25492456745449477,100.78938486130127,98.72755014046635,XLB,素材,value,Weakening,6.0,-1.0,1.0
2026-03-09,49.583274841308594,0.25156455154090074,0.25380456214996344,100.66258685537525,98.65638114463154,XLB,素材,value,Weakening,6.0,-1.0,0.0
2026-03-10,49.47417449951172,0.25290744860810555,0.2535055243026775,100.61072451527802,98.82039286526052,XLB,素材,value,Weakening,6.0,0.0,2.0
2026-03-11,49.43449783325195,0.2535402228938796,0.25351709049974486,100.58752137972303,98.99142279219869,XLB,素材,value,Weakening,6.0,0.0,2.0
2026-03-12,49.27579879760742,0.25669617395895344,0.2545767849861477,100.66418867882939,99.35140470261116,XLB,素材,value,Weakening,6.0,0.0,2.0
2026-03-13,48.7897834777832,0.2541774498749736,0.254443673282423,100.62732321532638,99.54575939595503,XLB,素材,value,Weakening,6.0,0.0,1.0
2026-03-16,48.998077392578125,0.2533771849292267,0.2540881771646909,100.56776041341557,99.64157367766231,XLB,素材,value,Weakening,6.0,0.0,1.0
2026-03-17,49.11709976196289,0.2525805256129727,0.25358562664745155,100.4918448166626,99.60986626026767,XLB,素材,value,Weakening,6.0,0.0,0.0
2026-03-18,48.08556365966797,0.25057347068057845,0.25258157465849385,100.36095933032846,99.45969690401253,XLB,素材,value,Weakening,6.0,0.0,0.0
2026-03-19,47.35158157348633,0.2469401379498252,0.2507010957556043,100.13019403903724,99.00570537289336,XLB,素材,value,Weakening,6.0,0.0,0.0
2026-03-20,46.5977668762207,0.24663218228724498,0.24934479126615122,99.95014482322492,98.80062120773984,XLB,素材,value,Lagging,5.0,-1.0,-1.0
2026-03-23,47.372867584228516,0.24808979944352508,0.24892646065860918,99.87151704933979,98.78939634197012,XLB,素材,value,Lagging,5.0,-1.0,-1.0
2026-03-24,48.26951599121094,0.2524825714378298,0.25011183091834943,99.98022381668245,99.11979409645109,XLB,素材,value,Lagging,6.0,0.0,0.0
2026-03-25,49.2259407043457,0.25624361589406075,0.2521557592435866,100.19931824714635,99.7564014925363,XLB,素材,value,Weakening,6.0,0.0,0.0
2026-03-26,48.90713119506836,0.2569423083875828,0.25375127562491867,100.37198486668215,100.55983331193522,XLB,素材,value,Leading,9.0,3.0,3.0
2026-03-27,48.72780227661133,0.259559127669098,0.2556872263063118,100.59576522817665,101.4166474087591,XLB,素材,value,Leading,9.0,4.0,5.0
2026-03-30,48.90713119506836,0.2610545800239408,0.2574763442121881,100.80799280061912,102.08254105556455,XLB,素材,value,Leading,9.0,4.0,5.0
2026-03-31,49.78385543823242,0.2604036021289879,0.25845209685112136,100.9178732255553,102.11635288545878,XLB,素材,value,Leading,9.0,3.0,3.0
2026-04-01,50.27202606201172,0.2621103293408767,0.2596715076810398,101.0666330119259,101.95900309222256,XLB,素材,value,Leading,9.0,3.0,3.0
2026-04-02,50.22221374511719,0.26110475190763544,0.26014925575657166,101.11684065793226,101.66884762245101,XLB,素材,value,Leading,9.0,0.0,-3.0
2026-04-06,50.03292465209961,0.25900727370359816,0.25976859507224714,101.04289868260548,101.06011944052518,XLB,素材,value,Leading,9.0,0.0,-4.0
2026-04-07,49.8934440612793,0.2588592210624099,0.2594654704023014,100.97960442491377,100.4984832566479,XLB,素材,value,Leading,9.0,0.0,-4.0
2026-04-08,51.55722427368164,0.26145127035281657,0.2601274037191398,101.06686330553138,100.48009822357979,XLB,素材,value,Leading,9.0,0.0,-3.0
2026-04-09,51.47751998901367,0.2608889359925471,0.26038124781027555,101.0937303288649,100.24490806492955,XLB,素材,value,Leading,10.0,1.0,-2.0
2026-04-10,51.76643753051758,0.26426097733007686,0.2616744909835427,101.29803726449255,100.61912351466627,XLB,素材,value,Leading,11.0,2.0,2.0
2026-04-13,51.995582580566406,0.2625204994078313,0.2619564937916389,101.32799997598099,100.89052075604448,XLB,素材,value,Leading,11.0,2.0,2.0
2026-04-14,51.816253662109375,0.260527534827355,0.26148017413687763,101.22040994371191,100.82923947619952,XLB,素材,value,Leading,10.0,1.0,1.0
2026-04-15,51.188602447509766,0.2572815547010938,0.2600806343249497,100.93873593112674,99.98427407363985,XLB,素材,value,Weakening,9.0,0.0,0.0
2026-04-16,51.55722427368164,0.25795899672143563,0.25937342179044504,100.78201096164219,99.56542331045858,XLB,素材,value,Weakening,9.0,-1.0,-2.0
2026-04-17,51.68674087524414,0.25539925984675027,0.2580487011425468,100.49693795259691,98.42718452789424,XLB,素材,value,Weakening,9.0,-2.0,-4.0
2026-04-20,52.03543472290039,0.2563147933089264,0.2574707318646734,100.35192751209243,98.09194891766464,XLB,素材,value,Weakening,9.0,-2.0,-4.0
2026-04-21,51.5771484375,0.25562524753070515,0.25685557042001733,100.18951115435368,98.04125404200569,XLB,素材,value,Weakening,8.0,-2.0,-3.0
2026-04-22,51.636924743652344,0.25603528454636226,0.2565821417954657,100.09435101153014,98.49519521447068,XLB,素材,value,Weakening,8.0,-1.0,-1.0
2026-04-23,51.617000579833984,0.2559491382716464,0.25637114062085925,100.00900457679464,98.68235923375872,XLB,素材,value,Weakening,8.0,-1.0,0.0
2026-04-24,51.726585388183594,0.2570257512249265,0.25658934415554835,100.03028464967103,99.37681200198212,XLB,素材,value,Weakening,8.0,-1.0,1.0
2026-04-27,51.58710861206055,0.2566375723792577,0.2566054202301181,100.00447759342347,99.65379777117964,XLB,素材,value,Weakening,8.0,-1.0,1.0
2026-04-28,51.208526611328125,0.2560612117166399,0.2564240173922921,99.92850715698357,99.85603712453488,XLB,素材,value,Lagging,7.0,-1.0,1.0
2026-04-29,50.770164489746094,0.2543125827909731,0.25572020585851907,99.71338140999454,99.60267555000797,XLB,素材,value,Lagging,5.0,-3.0,-2.0
2026-04-30,51.27826690673828,0.2530321223015164,0.25482417800618484,99.44333502693895,99.21238906027189,XLB,素材,value,Lagging,4.0,-4.0,-3.0
2026-05-01,51.15871047973633,0.2532138704103466,0.2542874088075721,99.25967000102112,98.78236130625028,XLB,素材,value,Lagging,4.0,-4.0,-3.0
2026-05-04,50.46132278442383,0.25122370619382894,0.25326617460299106,98.93063028480587,98.1766556135999,XLB,素材,value,Lagging,3.0,-5.0,-4.0
2026-05-05,51.33803939819336,0.25357636466630773,0.2533695712907633,98.94260895471764,98.41789492921889,XLB,素材,value,Lagging,3.0,-4.0,-3.0
2026-05-06,52.21476364135742,0.2558798125333408,0.2542063183716225,99.18735114127047,99.39928238808109,XLB,素材,value,Lagging,4.0,-1.0,2.0
2026-05-07,51.208526611328125,0.2525638679154974,0.25365883488624746,99.03190630149378,99.64817548765143,XLB,素材,value,Lagging,3.0,-1.0,3.0
2026-05-08,51.39781951904297,0.2528019116357067,0.25337319380273393,98.95747526585276,99.8863296760042,XLB,素材,value,Lagging,5.0,1.0,5.0
2026-05-11,52.0653190612793,0.2562231196471608,0.2543231690842096,99.24190539917124,101.16278030656332,XLB,素材,value,Improving,6.0,3.0,8.0
2026-05-12,51.945770263671875,0.25586058794487604,0.2548356420377651,99.40304292321439,101.4434865410145,XLB,素材,value,Improving,6.0,3.0,7.0
2026-05-13,51.86606979370117,0.2565884940290676,0.25541992603486596,99.5887386571594,101.29428178066561,XLB,素材,value,Improving,6.0,2.0,3.0
2026-05-14,51.47751998901367,0.25374094501093636,0.25486026569355613,99.44881376771791,101.30461797590284,XLB,素材,value,Improving,6.0,3.0,4.0
2026-05-15,50.11262130737305,0.2495867112574435,0.2531024142148519,98.96748795773598,100.49040838259137,XLB,素材,value,Improving,4.0,-1.0,-2.0
2026-05-18,50.03292465209961,0.24766613766592768,0.2512903220318772,98.48887638503763,98.97606406045962,XLB,素材,value,Lagging,2.0,-4.0,-7.0
2026-05-19,48.85731887817383,0.24326224342336533,0.2486142958290399,97.8238508711715,97.49740715249287,XLB,素材,value,Lagging,1.0,-5.0,-8.0
2026-05-20,49.534786224365234,0.24396126107893717,0.24706328424567237,97.54377590348518,96.92566533883453,XLB,素材,value,Lagging,1.0,-5.0,-7.0
2026-05-21,49.83366775512695,0.24437819283111742,0.24616825377415405,97.47538530662837,97.26943303878029,XLB,素材,value,Lagging,1.0,-5.0,-8.0
2026-05-22,50.1026611328125,0.2434732160984141,0.24526990788224073,97.41946098303588,98.05786758217198,XLB,素材,value,Lagging,1.0,-3.0,-2.0
2026-05-26,50.80005645751953,0.2456019734721179,0.2453805964121998,97.59046924744193,99.11268966492048,XLB,素材,value,Lagging,1.0,-1.0,3.0
2026-05-27,50.98934555053711,0.24669533057435747,0.24581884113291902,97.809930869276,100.5046252743384,XLB,素材,value,Improving,2.0,1.0,6.0
2026-05-28,51.16867446899414,0.2466594879185855,0.2460990567281412,97.97448834594087,101.17423023989488,XLB,素材,value,Improving,4.0,3.0,8.0
2026-05-29,50.95945739746094,0.2449686919725066,0.245722268476263,97.98359711754276,101.25865046361491,XLB,素材,value,Improving,4.0,3.0,8.0
2026-06-01,50.73031234741211,0.24342420532947506,0.24495624742733368,97.91400063302429,101.2024117205606,XLB,素材,value,Improving,6.0,5.0,8.0
2026-06-02,51.32807922363281,0.24531929043280606,0.24507726176249117,98.03631346049235,101.09583466559376,XLB,素材,value,Improving,7.0,6.0,7.0
2026-06-03,51.43767166137695,0.24677122088614006,0.24564191480370748,98.2369644882649,101.03671901019688,XLB,素材,value,Improving,7.0,5.0,4.0
2026-06-04,51.427703857421875,0.24487441595256956,0.24538608185332816,98.26069276968458,100.80263956592519,XLB,素材,value,Improving,8.0,4.0,1.0
2026-06-05,50.4413948059082,0.24364500970754144,0.24480572447139926,98.22095185342384,100.70737348053412,XLB,素材,value,Improving,7.0,3.0,0.0
2026-06-08,49.773887634277344,0.24067555843207028,0.24342900245828963,98.04108084167032,100.52333975600938,XLB,素材,value,Improving,3.0,-3.0,-8.0
2026-06-09,50.580875396728516,0.24273035788517291,0.2431961209339174,98.0875854028971,100.39384943686511,XLB,素材,value,Improving,3.0,-4.0,-10.0
2026-06-10,49.41522979736328,0.24019080269849297,0.24219434818877594,98.00078253563868,99.95528907144566,XLB,素材,value,Lagging,3.0,-4.0,-9.0
2026-06-11,51.029197692871094,0.24422800605704534,0.24287223414486575,98.20698565846887,100.22350004340375,XLB,素材,value,Improving,3.0,-5.0,-9.0
2026-06-12,51.98562240600586,0.24657194957901332,0.24410547262291493,98.48451347360167,100.68728649963019,XLB,素材,value,Improving,5.0,-2.0,-5.0
2026-06-15,52.30442810058594,0.2466506522548473,0.24495386583355908,98.67713697346923,101.21266783535312,XLB,素材,value,Improving,6.0,3.0,6.0
2026-06-16,52.52360916137695,0.24851309965324128,0.2461402771067865,98.91265933918652,101.4447296277266,XLB,素材,value,Improving,5.0,2.0,6.0
2026-06-17,51.82621765136719,0.24894459131910876,0.24707504851089393,99.09350322688934,101.75710885123948,XLB,素材,value,Improving,7.0,4.0,8.0
2026-06-18,51.617000579833984,0.246794158835123,0.2469814186189703,99.09317196408463,101.41258137076068,XLB,素材,value,Improving,7.0,4.0,9.0
2026-06-22,51.619998931884766,0.24626687076749867,0.24674323600181308,99.06473780137317,100.95505175447938,XLB,素材,value,Improving,7.0,2.0,4.0
2026-06-23,50.869998931884766,0.24352529599559966,0.24567058933307528,98.9014546195954,100.44091360954913,XLB,素材,value,Improving,5.0,-1.0,-4.0
2026-06-24,51.15999984741211,0.24317900304218382,0.2448400605694448,98.79048965351907,99.94777615420763,XLB,素材,value,Lagging,4.0,-1.0,-3.0
2026-06-25,51.84000015258789,0.2448170019012415,0.24483237434671037,98.82200645462845,99.74100758745531,XLB,素材,value,Lagging,5.0,-2.0,-6.0
2026-06-26,51.599998474121094,0.24535209487482873,0.24500561452274985,98.88371846785643,99.83773127011426,XLB,素材,value,Lagging,4.0,-3.0,-7.0
2026-06-29,50.65999984741211,0.23778455349331726,0.24259859417960566,98.55009690471081,99.43175867526021,XLB,素材,value,Lagging,4.0,-3.0,-5.0
2026-06-30,50.83000183105469,0.23889646477594997,0.24136455104505378,98.4169422116279,99.49807235945224,XLB,素材,value,Lagging,4.0,-1.0,0.0
2026-07-01,51.02000045776367,0.2390703321412397,0.24059981141044912,98.36213540205642,99.60250413157458,XLB,素材,value,Lagging,4.0,0.0,1.0
2026-07-02,52.0099983215332,0.24200827060291494,0.24106929780793773,98.48770810020717,99.76362943930388,XLB,素材,value,Lagging,6.0,1.0,3.0
2026-07-06,51.97999954223633,0.24176743973133175,0.24130201178240243,98.56975032002892,99.8161230748199,XLB,素材,value,Lagging,6.0,2.0,5.0
2026-07-07,51.5099983215332,0.23988264027579945,0.2408288879468681,98.54459028741681,100.29544362765687,XLB,素材,value,Improving,6.0,2.0,5.0
2026-07-08,50.15999984741211,0.23638077553623463,0.2393461838099903,98.3744444436527,100.24481602293976,XLB,素材,value,Improving,3.0,-1.0,0.0
2026-07-09,50.2599983215332,0.23540982820390258,0.23803406527462773,98.23763336915098,100.12659414965232,XLB,素材,value,Improving,2.0,-2.0,-2.0
2026-07-10,50.88999938964844,0.23747082904780673,0.2378463198656874,98.26816603764827,99.98722304292443,XLB,素材,value,Lagging,2.0,-4.0,-5.0
2026-07-13,50.58000183105469,0.23610139961624746,0.2372646797825408,98.2321339126923,99.81858053115155,XLB,素材,value,Lagging,1.0,-5.0,-7.0
2026-07-14,50.63999938964844,0.23724525703285784,0.23725820553264648,98.27589758798587,99.93756942982448,XLB,素材,value,Lagging,1.0,-5.0,-7.0
2026-07-15,50.5,0.2371225980680082,0.2372130030444337,98.31146860846464,100.2633286110934,XLB,素材,value,Improving,1.0,-2.0,-1.0
2026-07-16,50.88999938964844,0.23663163753074676,0.2370192145398714,98.32855858175122,100.49534979596552,XLB,素材,value,Improving,1.0,-1.0,1.0
2026-07-17,50.529998779296875,0.23681867148914112,0.23695236685629467,98.3647788954693,100.49320211193769,XLB,素材,value,Improving,1.0,-1.0,3.0
2026-07-20,50.029998779296875,0.2355239582457119,0.2364762306527671,98.34286302514346,100.49489654427948,XLB,素材,value,Improving,1.0,0.0,5.0
2026-07-21,50.099998474121094,0.2354765922524565,0.2361430178526636,98.3444027513264,100.40797037513651,XLB,素材,value,Improving,1.0,0.0,5.0
2026-07-22,50.81999969482422,0.2389280696942869,0.23707136846653803,98.53446915723214,100.62564868863346,XLB,素材,value,Improving,2.0,1.0,3.0
2026-07-23,50.290000915527344,0.23730653713688463,0.23714975802332022,98.58829588093501,100.65987799762858,XLB,素材,value,Improving,2.0,1.0,2.0
2026-07-24,51.2599983215332,0.24001496728759225,0.23810482777807757,98.77343726611907,100.86873145862063,XLB,素材,value,Improving,3.0,2.0,3.0
2026-07-27,51.38999938964844,0.23882331600912096,0.23834432385509205,98.84192983686593,100.98290660136942,XLB,素材,value,Improving,3.0,2.0,2.0
2026-07-28,52.34000015258789,0.2404336421773701,0.23904076329585142,98.98110150122692,101.16455353657292,XLB,素材,value,Improving,4.0,3.0,3.0
2026-07-29,51.7400016784668,0.23983684560867913,0.239306124066794,99.049614483063,100.947743642963,XLB,素材,value,Improving,5.0,3.0,2.0
2026-07-30,51.63999938964844,0.23976227235088782,0.2394581734948253,99.09993920733987,100.91536500106618,XLB,素材,value,Improving,6.0,4.0,3.0
2026-07-31,50.43000030517578,0.23454723777304423,0.2378211949208983,98.84730074398311,100.22142473470745,XLB,素材,value,Improving,6.0,3.0,1.0
2024-08-01,74.5637435913086,0.4540422279078307,0.4540422279078307,,,XLP,生活必需品,defensive,,,,
2024-08-02,75.21856689453125,0.46604937367031923,0.45804460982866024,,,XLP,生活必需品,defensive,,,,
2024-08-05,73.73809814453125,0.467931467914329,0.46134022919054984,,,XLP,生活必需品,defensive,,,,
2024-08-06,74.25057220458984,0.4664002212918024,0.4630268932243007,,,XLP,生活必需品,defensive,,,,
2024-08-07,74.32649993896484,0.47019279784928364,0.465415528099295,,,XLP,生活必需品,defensive,,,,
2024-08-08,75.00028228759766,0.46601016985244487,0.4656137420170116,,,XLP,生活必需品,defensive,,,,
2024-08-09,75.11416625976562,0.46573759748078625,0.4656550271716032,,,XLP,生活必需品,defensive,,,,
2024-08-12,74.73456573486328,0.4656191022870435,0.46564305221008334,,,XLP,生活必需品,defensive,,,,
2024-08-13,75.07621002197266,0.4624774104695107,0.46458783829655914,,,XLP,生活必需品,defensive,,,,
2024-08-14,75.41785430908203,0.4636145917958551,0.4642634227963245,,,XLP,生活必需品,defensive,,,,
2024-08-15,76.19605255126953,0.4621299968608823,0.4635522808178438,,,XLP,生活必需品,defensive,,,,
2024-08-16,76.40483856201172,0.4622837424869057,0.4631294347075311,,,XLP,生活必需品,defensive,,,,
2024-08-19,76.66105651855469,0.46032990533294726,0.4621962582493365,,,XLP,生活必需品,defensive,,,,
2024-08-20,77.04065704345703,0.4644446969020993,0.4629457378002575,,,XLP,生活必需品,defensive,,,,
2024-08-21,77.56262969970703,0.4643404356308442,0.46341063707711977,,,XLP,生活必需品,defensive,,,,
2024-08-22,77.44874572753906,0.46497870133620156,0.4639333251634804,,,XLP,生活必需品,defensive,,,,
2024-08-23,77.66700744628906,0.46043037069186515,0.462765673672942,,,XLP,生活必需品,defensive,,,,
2024-08-26,78.2174301147461,0.46377329719935095,0.46310154818174504,,,XLP,生活必需品,defensive,,,,
2024-08-27,78.40724182128906,0.46468538244619534,0.46362949293656186,,,XLP,生活必需品,defensive,,,,
2024-08-28,78.07508087158203,0.46399424025367697,0.4637510753756003,,,XLP,生活必需品,defensive,,,,
2024-08-29,77.68598175048828,0.4599623500085014,0.4624881669199007,,,XLP,生活必需品,defensive,,,,
2024-08-30,78.30284118652344,0.46005590969531707,0.4616774145117062,,,XLP,生活必需品,defensive,,,,
2024-09-03,78.85326385498047,0.46932067517446063,0.4642251680659577,,,XLP,生活必需品,defensive,,,,
2024-09-04,79.22339630126953,0.47220361313239273,0.4668846497547694,,,XLP,生活必需品,defensive,,,,
2024-09-05,78.91970825195312,0.47328745543669365,0.46901891831541087,,,XLP,生活必需品,defensive,,,,
2024-09-06,78.75836944580078,0.4774462849532378,0.4718280405280199,,,XLP,生活必需品,defensive,,,,
2024-09-09,79.3657455444336,0.47651550464723486,0.4733905285677582,,,XLP,生活必需品,defensive,,,,
2024-09-10,79.34676361083984,0.4761248987103597,0.4743019852819587,,,XLP,生活必需品,defensive,,,,
2024-09-11,78.60653686523438,0.4714640048629388,0.47335599180895216,,,XLP,生活必需品,defensive,,,,
2024-09-12,79.09051513671875,0.47143881412938676,0.4727169325824304,,,XLP,生活必需品,defensive,,,,
2024-09-13,79.65044403076172,0.4702731256720798,0.47190233027898026,,,XLP,生活必需品,defensive,,,,
2024-09-16,79.96360778808594,0.4687207216973314,0.47084179408509735,,,XLP,生活必需品,defensive,,,,
2024-09-17,79.20439910888672,0.4635867014048159,0.4684234298583369,,,XLP,生活必需品,defensive,,,,
2024-09-18,78.90071868896484,0.4626741077428364,0.46650698915317007,,,XLP,生活必需品,defensive,,,,
2024-09-19,78.43572235107422,0.4550919326936527,0.462701970333331,,,XLP,生活必需品,defensive,,,,
2024-09-20,78.8153076171875,0.45896950007259646,0.46145781357975285,,,XLP,生活必需品,defensive,,,,
2024-09-23,79.27230834960938,0.4592791640664637,0.4607315970753232,,,XLP,生活必需品,defensive,,,,
2024-09-24,79.08149719238281,0.4575040880382113,0.4596557607296192,,,XLP,生活必需品,defensive,,,,
2024-09-25,78.88114166259766,0.4591840777123663,0.45949853305720156,,,XLP,生活必需品,defensive,,,,
2024-09-26,79.06240844726562,0.4564187037596555,0.4584719232913529,,,XLP,生活必需品,defensive,,,,
2024-09-27,79.20552062988281,0.4556094379766034,0.45751776151976975,,,XLP,生活必需品,defensive,,,,
2024-09-30,79.18643951416016,0.4549148799160151,0.4566501343185182,,,XLP,生活必需品,defensive,,,,
2024-10-01,78.91930389404297,0.4557971005552346,0.45636578973075703,,,XLP,生活必需品,defensive,,,,
2024-10-02,78.25145721435547,0.4524223574100343,0.45505131229051615,,,XLP,生活必需品,defensive,,,,
2024-10-03,77.4691390991211,0.45002274038528445,0.4533751216554389,,,XLP,生活必需品,defensive,,,,
2024-10-04,77.72673797607422,0.4480045068700217,0.45158491672696655,,,XLP,生活必需品,defensive,,,,
2024-10-07,76.9539566040039,0.447030015269874,0.45006661624126904,,,XLP,生活必需品,defensive,,,,
2024-10-08,77.33556365966797,0.4481843420420244,0.4494391915081875,,,XLP,生活必需品,defensive,,,,
2024-10-09,77.80307006835938,0.4478174605091446,0.44889861450850654,,,XLP,生活必需品,defensive,,,,
2024-10-10,77.4595947265625,0.44751726876864234,0.4484381659285518,,,XLP,生活必需品,defensive,,,,
2024-10-11,77.88892364501953,0.445620347725974,0.4474988931943592,,,XLP,生活必需品,defensive,,,,
2024-10-14,78.20376586914062,0.44416259667705815,0.4463867943552589,,,XLP,生活必需品,defensive,,,,
2024-10-15,78.69987487792969,0.44901198949743704,0.4472618594026517,,,XLP,生活必需品,defensive,,,,
2024-10-16,78.64262390136719,0.44567134161616473,0.446731686807156,,,XLP,生活必需品,defensive,,,,
2024-10-17,78.28961944580078,0.44438043443334224,0.4459479360158848,,,XLP,生活必需品,defensive,,,,
2024-10-18,78.46134948730469,0.44403289373696064,0.44530958858957675,,,XLP,生活必需品,defensive,,,,
2024-10-21,77.80307006835938,0.44409228761742564,0.44490382159885977,,,XLP,生活必需品,defensive,,,,
2024-10-22,78.24192810058594,0.44861243401276163,0.4461400257368271,,,XLP,生活必需品,defensive,,,,
2024-10-23,78.08927917480469,0.4492136613238747,0.44716457093250966,,,XLP,生活必需品,defensive,,,,
2024-10-24,77.98432922363281,0.4485096179203023,0.44761291992844054,,,XLP,生活必需品,defensive,,,,
2024-10-25,77.33556365966797,0.4469010723745464,0.44737563741047587,,,XLP,生活必需品,defensive,,,,
2024-10-28,77.47868347167969,0.4452034634319604,0.4466515794176374,,,XLP,生活必需品,defensive,,,,
2024-10-29,76.71544647216797,0.442150774327479,0.4451513110542513,98.40069661081601,,XLP,生活必需品,defensive,,2.0,,
2024-10-30,76.5914077758789,0.442402046112807,0.4442348894071032,98.34697690577293,,XLP,生活必需品,defensive,,2.0,,
2024-10-31,76.43875885009766,0.4462789423734708,0.44491624039589245,98.47683035356918,,XLP,生活必需品,defensive,,2.0,,
2024-11-01,76.46739196777344,0.4461677213147229,0.44533340070216926,98.57430671606488,,XLP,生活必需品,defensive,,2.0,,
2024-11-04,76.67727661132812,0.4468603465044409,0.44584238263625986,98.67596377050307,,XLP,生活必需品,defensive,,2.0,,
2024-11-05,77.1638412475586,0.4445111068235447,0.4453986240320215,98.67526429612124,,XLP,生活必需品,defensive,,3.0,1.0,
2024-11-06,75.90450286865234,0.42714395550572976,0.4393137345232576,98.11923884143121,,XLP,生活必需品,defensive,,2.0,0.0,
2024-11-07,76.18118286132812,0.42827946109605386,0.4356356433808564,97.8591670157432,,XLP,生活必需品,defensive,,2.0,0.0,
2024-11-08,77.10660552978516,0.4310803251883822,0.43411720398336506,97.83167185075338,,XLP,生活必需品,defensive,,2.0,0.0,
2024-11-11,76.83946990966797,0.42745074588148796,0.4318950512827394,97.75359680713476,,XLP,生活必需品,defensive,,2.0,0.0,
2024-11-12,76.92533874511719,0.43121459597434425,0.4316682328466077,97.8553990053518,,XLP,生活必需品,defensive,,3.0,0.0,-1.0
2024-11-13,77.15430450439453,0.4322627181239036,0.43186639460570636,97.98052642845839,,XLP,生活必需品,defensive,,4.0,2.0,2.0
2024-11-14,76.96348571777344,0.43467180242055264,0.4328015305439885,98.15061713453287,,XLP,生活必需品,defensive,,5.0,3.0,3.0
2024-11-15,76.28611755371094,0.43394166045198446,0.4331815738466539,98.26079594189821,,XLP,生活必需品,defensive,,4.0,2.0,2.0
2024-11-18,76.82038879394531,0.4352248978503292,0.433862681847879,98.38441505011197,,XLP,生活必需品,defensive,,4.0,2.0,2.0
2024-11-19,76.92533874511719,0.43699819631524056,0.43490785333699955,98.52627098565657,,XLP,生活必需品,defensive,,4.0,1.0,1.0
2024-11-20,76.5341796875,0.43331708023375437,0.4343775956359178,98.53811699048636,,XLP,生活必需品,defensive,,3.0,-1.0,-3.0
2024-11-21,77.36418914794922,0.4325674114726519,0.4337742009148292,98.54449689850813,,XLP,生活必需品,defensive,,3.0,-2.0,-5.0
2024-11-22,78.0797348022461,0.4331563022051719,0.43356823467827676,98.58041911170456,,XLP,生活必需品,defensive,,4.0,0.0,-2.0
2024-11-25,78.5090560913086,0.43162949741861345,0.4329219889250557,98.58153735773003,,XLP,生活必需品,defensive,,3.0,-1.0,-3.0
2024-11-26,78.83343505859375,0.43336663420460825,0.4330702040182399,98.6411025200417,,XLP,生活必需品,defensive,,3.0,-1.0,-2.0
2024-11-27,78.99564361572266,0.43467617956113064,0.4336055291992035,98.72621422284952,,XLP,生活必需品,defensive,,3.0,0.0,1.0
2024-11-29,79.39631652832031,0.435553662290943,0.43425490689645,98.81555907946006,,XLP,生活必需品,defensive,,3.0,0.0,2.0
2024-12-02,79.3009262084961,0.43612293527092444,0.4348775830212748,98.89852292112657,,XLP,生活必需品,defensive,,4.0,0.0,0.0
2024-12-03,78.89068603515625,0.4357994141609986,0.4351848600678494,98.9541923830661,,XLP,生活必需品,defensive,,5.0,2.0,3.0
2024-12-04,78.67125701904297,0.43456397150949844,0.4349778972150658,98.96826961181414,,XLP,生活必需品,defensive,,5.0,2.0,3.0
2024-12-05,78.98609161376953,0.43849168583001547,0.43614916008671567,99.08375379271415,,XLP,生活必需品,defensive,,5.0,2.0,2.0
2024-12-06,78.59493255615234,0.4368148475056815,0.43637105589303765,99.12305825926973,,XLP,生活必需品,defensive,,5.0,2.0,2.0
2024-12-09,78.47090148925781,0.4379227721214198,0.43688829463583173,99.18446075860084,,XLP,生活必需品,defensive,,6.0,2.0,2.0
2024-12-10,78.84298706054688,0.44271167707318115,0.43882942211494824,99.36948346559818,,XLP,生活必需品,defensive,,6.0,1.0,-1.0
2024-12-11,78.24192810058594,0.4389296807783673,0.43886284166942124,99.39335306527539,,XLP,生活必需品,defensive,,6.0,1.0,-1.0
2024-12-12,78.47090148925781,0.44182758800220423,0.4398510904470156,99.507393629662,,XLP,生活必需品,defensive,,7.0,2.0,0.0
2024-12-13,78.27054595947266,0.44224795461317323,0.44065004516906814,99.61072446858884,,XLP,生活必需品,defensive,,7.0,2.0,0.0
2024-12-16,77.86030578613281,0.4413837851229103,0.4408946251536822,99.66355805275103,,XLP,生活必需品,defensive,,7.0,1.0,-1.0
2024-12-17,77.72673797607422,0.44412459693197487,0.4419712824131131,99.81119695184682,,XLP,生活必需品,defensive,,7.0,1.0,0.0
2024-12-18,76.54370880126953,0.4507010105077678,0.44488119177799806,100.17648799637057,,XLP,生活必需品,defensive,,7.0,1.0,0.0
2024-12-19,75.9999008178711,0.4489886974185489,0.4462503603248484,100.3781706785819,,XLP,生活必需品,defensive,,7.0,0.0,-2.0
2024-12-20,76.26704406738281,0.44434374039323354,0.44561482034764344,100.34296160982815,,XLP,生活必需品,defensive,,7.0,0.0,-2.0
2024-12-23,75.8652114868164,0.44140084661490314,0.44421016243673006,100.2046539156428,,XLP,生活必需品,defensive,,7.0,0.0,-1.0
2024-12-24,76.3650894165039,0.440982165672444,0.4431341635153014,100.10219567972112,,XLP,生活必需品,defensive,,7.0,0.0,-1.0
2024-12-26,76.60540771484375,0.4416488159592801,0.4426390476632943,100.07189604245802,,XLP,生活必需品,defensive,,7.0,0.0,-1.0
2024-12-27,76.23050689697266,0.44249704276705776,0.44259171269788217,100.10285625418673,,XLP,生活必需品,defensive,,7.0,0.0,0.0
2024-12-30,75.33650970458984,0.44175795966796755,0.442313795021244,100.09935582734435,,XLP,生活必需品,defensive,,7.0,0.0,0.0
2024-12-31,75.56722259521484,0.4423016294620689,0.44230973983485233,100.13894591984688,,XLP,生活必需品,defensive,,7.0,0.0,0.0
2025-01-02,75.33650970458984,0.4422383276170149,0.4422859357622399,100.17458094523975,,XLP,生活必需品,defensive,,7.0,0.0,0.0
2025-01-03,75.29805755615234,0.43800158771945863,0.4408578197479795,99.96794090091686,,XLP,生活必需品,defensive,,7.0,0.0,0.0
2025-01-06,74.50980377197266,0.4337116150426266,0.4384757515128619,99.58055683252533,,XLP,生活必需品,defensive,,6.0,-1.0,-1.0
2025-01-07,74.25023651123047,0.43365275223315775,0.4368680850862939,99.31931789987935,,XLP,生活必需品,defensive,,4.0,-3.0,-3.0
2025-01-08,74.38481903076172,0.4339198972737964,0.4358853558154614,99.16734999562172,,XLP,生活必需品,defensive,,4.0,-3.0,-3.0
2025-01-10,73.38507843017578,0.43443826214017933,0.4354029912570341,99.10574470712075,,XLP,生活必需品,defensive,,4.0,-3.0,-3.0
2025-01-13,73.51005554199219,0.43164029233473833,0.43414875828293553,98.90335202536389,,XLP,生活必需品,defensive,,3.0,-4.0,-4.0
2025-01-14,73.52926635742188,0.428295697732976,0.4321977380996157,98.5815113538692,,XLP,生活必需品,defensive,,2.0,-4.0,-3.0
2025-01-15,73.27934265136719,0.42278212450342784,0.4290592002342198,98.07726223775188,,XLP,生活必需品,defensive,,1.0,-3.0,0.0
2025-01-16,73.82726287841797,0.4226151258396128,0.4269111754360175,97.79356754429719,,XLP,生活必需品,defensive,,1.0,-3.0,0.0
2025-01-17,74.25023651123047,0.4229824690570978,0.42560160664304425,97.6883444365191,,XLP,生活必需品,defensive,,1.0,-3.0,0.0
2025-01-21,74.59630584716797,0.42007742925590236,0.4237602141806636,97.52758304045359,,XLP,生活必需品,defensive,,1.0,-2.0,2.0
2025-01-22,74.23101806640625,0.41949447370293164,0.4223383006880863,97.46502108225144,,XLP,生活必需品,defensive,,1.0,-1.0,3.0
2025-01-23,74.50018310546875,0.4190299540550807,0.42123551847708446,97.46608177444169,,XLP,生活必需品,defensive,,1.0,0.0,3.0
2025-01-24,74.88469696044922,0.4215626128232204,0.42134454992579645,97.62653903417623,,XLP,生活必需品,defensive,,1.0,0.0,3.0
2025-01-27,76.91302490234375,0.4326960575303705,0.4251283857939878,98.25463808529041,,XLP,生活必需品,defensive,,1.0,0.0,3.0
2025-01-28,75.7114028930664,0.4280491157777975,0.4261019624552578,98.44784007256149,,XLP,生活必需品,defensive,,1.0,0.0,2.0
2025-01-29,75.89405059814453,0.43050558819392604,0.42756983770148055,98.7017582095073,,XLP,生活必需品,defensive,,1.0,0.0,1.0
2025-01-30,76.64386749267578,0.4301672382181365,0.42843563787369926,98.86319500089061,,XLP,生活必需品,defensive,,2.0,1.0,1.0
2025-01-31,75.92288970947266,0.4296473981057178,0.4288395579510388,98.95574426316863,,XLP,生活必需品,defensive,,2.0,1.0,1.0
2025-02-03,76.22089385986328,0.43370285212395093,0.43046065600867617,99.22691879411542,,XLP,生活必需品,defensive,,3.0,2.0,2.0
2025-02-04,75.57682037353516,0.4295137729639731,0.43014502832710855,99.20520725388775,,XLP,生活必需品,defensive,,3.0,2.0,2.0
2025-02-05,76.04786682128906,0.43009363490937386,0.4301278971878637,99.2282122385787,,XLP,生活必需品,defensive,,1.0,0.0,0.0
2025-02-06,76.39393615722656,0.43262340870109534,0.43095973435894097,99.38269707967832,100.65441938785467,XLP,生活必需品,defensive,Improving,1.0,-1.0,-2.0
2025-02-07,76.278564453125,0.43410329260797065,0.43200758710861753,99.57466322305166,100.78369165217181,XLP,生活必需品,defensive,Improving,2.0,0.0,-1.0
2025-02-10,76.74960327148438,0.43555146528122285,0.43318887983281934,99.78265741709681,100.67577449531105,XLP,生活必需品,defensive,Improving,3.0,0.0,-2.0
2025-02-11,77.48979187011719,0.4397032747881496,0.43536034481792946,100.13989868946462,101.1684757409694,XLP,生活必需品,defensive,Leading,6.0,3.0,1.0
2025-02-12,77.43212127685547,0.4419433854125345,0.4375546916827978,100.49029404443351,101.56717342868289,XLP,生活必需品,defensive,Leading,6.0,5.0,5.0
2025-02-13,78.2684326171875,0.44287198345588996,0.43932712227382853,100.7590128751571,101.66556870711801,XLP,生活必需品,defensive,Leading,7.0,6.0,7.0
2025-02-14,77.48979187011719,0.4389019713452002,0.4391854052976191,100.71478436580044,101.29920968396662,XLP,生活必需品,defensive,Leading,7.0,5.0,5.0
2025-02-18,77.7685775756836,0.437125566439912,0.4384987923450501,100.585159471156,100.81012106023505,XLP,生活必需品,defensive,Leading,6.0,3.0,3.0
2025-02-19,78.39341735839844,0.439746019181403,0.43891453462383445,100.63555959539836,100.38368135592287,XLP,生活必需品,defensive,Leading,6.0,0.0,-3.0
2025-02-20,78.08580017089844,0.439125225014489,0.4389847647540527,100.63039502954501,99.90196660839904,XLP,生活必需品,defensive,Weakening,6.0,0.0,-5.0
2025-02-21,78.9990234375,0.4505856077668159,0.4428517124249738,101.21918307093365,100.34580622309325,XLP,生活必需品,defensive,Leading,7.0,0.0,-6.0
2025-02-24,79.23934936523438,0.45157960642451545,0.445761010424821,101.62136143980041,100.95078768372876,XLP,生活必需品,defensive,Leading,9.0,2.0,-3.0
2025-02-25,80.36406707763672,0.4575317516853152,0.4496845908449858,102.11612600372132,101.74315867685479,XLP,生活必需品,defensive,Leading,11.0,5.0,2.0
2025-02-26,78.82598876953125,0.44972368572254356,0.44969762247083844,102.01117321006586,101.4873699976576,XLP,生活必需品,defensive,Leading,10.0,4.0,4.0
2025-02-27,78.8163833618164,0.45363058738951156,0.45100861077706283,102.08548036054103,101.53755265661029,XLP,生活必需品,defensive,Leading,11.0,5.0,5.0
2025-02-28,79.86418151855469,0.4546100764892774,0.45220909934780107,102.13106872516605,100.8186632209702,XLP,生活必需品,defensive,Leading,11.0,4.0,4.0
2025-03-03,80.28714752197266,0.46194008393884867,0.45545276087815034,102.40436651405602,100.6380230808472,XLP,生活必需品,defensive,Leading,10.0,1.0,-1.0
2025-03-04,78.92211151123047,0.4615429884809666,0.4574828367457558,102.48523369123811,100.1056463130131,XLP,生活必需品,defensive,Leading,9.0,-2.0,-7.0
2025-03-05,79.24897003173828,0.459186776041721,0.45805081651107754,102.39078268161022,100.11684794078826,XLP,生活必需品,defensive,Leading,9.0,-1.0,-5.0
2025-03-06,79.39315795898438,0.46517297712368255,0.46042487004861254,102.48663286635013,100.1426588585999,XLP,生活必需品,defensive,Leading,9.0,-2.0,-7.0
2025-03-07,79.6527099609375,0.46236198656966737,0.46107057555563086,102.3937114621167,99.96799605664059,XLP,生活必需品,defensive,Weakening,9.0,-2.0,-6.0
2025-03-10,79.47967529296875,0.4679521865448137,0.46336444588535847,102.45948546275203,99.70865808584871,XLP,生活必需品,defensive,Weakening,10.0,0.0,-1.0
2025-03-11,78.31651306152344,0.46732772053961635,0.46468553743677776,102.4225542065451,99.56745340050034,XLP,生活必需品,defensive,Weakening,11.0,2.0,4.0
2025-03-12,76.61502838134766,0.4593393436964511,0.4629034728566689,102.1297101185486,99.32859374947896,XLP,生活必需品,defensive,Weakening,8.0,-1.0,0.0
2025-03-13,76.25935363769531,0.4616325280811438,0.46247982459816056,101.9869819540897,99.04861829484267,XLP,生活必需品,defensive,Weakening,9.0,0.0,2.0
2025-03-14,76.432373046875,0.45402437103255566,0.4596613400762923,101.6676290701387,98.80008169322642,XLP,生活必需品,defensive,Weakening,8.0,-1.0,1.0
2025-03-17,77.5474624633789,0.4545146446953532,0.4579457749493126,101.46588573474868,98.521412373483,XLP,生活必需品,defensive,Weakening,6.0,-4.0,-4.0
2025-03-18,76.66307830810547,0.45168007525796433,0.45585720838552984,101.24958439480461,98.36879206888992,XLP,生活必需品,defensive,Weakening,6.0,-5.0,-7.0
2025-03-19,76.66307830810547,0.4483575425874349,0.4533573197861649,101.01320051497017,98.49407687120677,XLP,生活必需品,defensive,Weakening,6.0,-2.0,-1.0
2025-03-20,76.2881851196289,0.4480300156177134,0.45158155173001446,100.84558300367532,98.52062442073145,XLP,生活必需品,defensive,Weakening,6.0,-3.0,-3.0
2025-03-21,76.25935363769531,0.44992170511971274,0.4510282695265806,100.78369592128485,98.85401560194944,XLP,生活必需品,defensive,Weakening,6.0,-2.0,-1.0
2025-03-24,76.73094940185547,0.4457959202272171,0.4492841530934595,100.6320185124154,98.94538237449795,XLP,生活必需品,defensive,Weakening,5.0,-1.0,3.0
2025-03-25,76.0351333618164,0.44281186292968217,0.4471267230388671,100.45273626716757,99.01916105529395,XLP,生活必需品,defensive,Weakening,4.0,-2.0,3.0
2025-03-26,77.21412658691406,0.45052633172141876,0.448259925933051,100.54185195941888,99.41028469412487,XLP,生活必需品,defensive,Weakening,4.0,-2.0,0.0
2025-03-27,78.09354400634766,0.45683263541595165,0.45111749576068455,100.7645914059474,99.86637301249294,XLP,生活必需品,defensive,Weakening,5.0,-1.0,2.0
2025-03-28,77.70699310302734,0.4616889096235371,0.4546413003816354,101.02939280549194,100.2407231742922,XLP,生活必需品,defensive,Leading,7.0,1.0,3.0
2025-03-31,78.92462921142578,0.4650524500737085,0.45811168361232646,101.27407250398723,100.67796712588873,XLP,生活必需品,defensive,Leading,9.0,4.0,5.0
2025-04-01,79.04059600830078,0.46525232776405223,0.46049189832956844,101.41810379141305,101.01632944419865,XLP,生活必需品,defensive,Leading,9.0,5.0,7.0
2025-04-02,78.80866241455078,0.460040476187083,0.4603414242820733,101.36248380126234,100.82965775817821,XLP,生活必需品,defensive,Leading,9.0,5.0,7.0
2025-04-03,79.26286315917969,0.4858361228740342,0.46883965714606035,101.92777834019599,101.17989369359529,XLP,生活必需品,defensive,Leading,10.0,5.0,6.0
2025-04-04,75.8225326538086,0.492394943689903,0.47669141932734127,102.36137433269826,101.32599914462841,XLP,生活必需品,defensive,Leading,10.0,3.0,2.0
2025-04-07,74.94313049316406,0.49077436056340784,0.48138573307269683,102.5118242093815,101.1859781029985,XLP,生活必需品,defensive,Leading,10.0,1.0,-3.0
2025-04-08,73.78346252441406,0.4924690164425787,0.4850801608626575,102.56539809866362,101.053951326142,XLP,生活必需品,defensive,Leading,10.0,1.0,-4.0
2025-04-09,76.64395904541016,0.4736806046588562,0.4812803087947237,102.18987765378529,100.68441028199182,XLP,生活必需品,defensive,Leading,10.0,1.0,-4.0
2025-04-10,76.68260955810547,0.4904294236292003,0.48433001373954926,102.23987765631043,100.10474542280545,XLP,生活必需品,defensive,Leading,10.0,0.0,-5.0
2025-04-11,77.64899444580078,0.48919241217942677,0.48595081321950845,102.20354058274589,99.56581770154864,XLP,生活必需品,defensive,Weakening,10.0,0.0,-3.0
2025-04-14,78.97295379638672,0.49125706442198525,0.4877195636203341,102.17694824778978,99.34629975421356,XLP,生活必需品,defensive,Weakening,10.0,0.0,-1.0
2025-04-15,78.30614471435547,0.4886875800731602,0.48804223577127614,102.08168375214248,99.15974732329236,XLP,生活必需品,defensive,Weakening,10.0,0.0,-1.0
2025-04-16,77.46539306640625,0.4897284089478566,0.48860429349680295,102.01085075369885,99.47739923882145,XLP,生活必需品,defensive,Weakening,10.0,0.0,-1.0
2025-04-17,79.11790466308594,0.49648543871715667,0.4912313419035875,102.04627524100474,99.42227114066785,XLP,生活必需品,defensive,Weakening,10.0,0.0,0.0
2025-04-21,78.36412048339844,0.5018439745696553,0.49476888612561015,102.11893166421694,99.51175081709525,XLP,生活必需品,defensive,Weakening,10.0,0.0,0.0
2025-04-22,79.47545623779297,0.49671378538374056,0.4954171858783203,102.05487693677938,99.42069734900589,XLP,生活必需品,defensive,Weakening,10.0,0.0,0.0
2025-04-23,79.0212631225586,0.4891430523620224,0.49332580803955434,101.87768194824476,99.27876952045929,XLP,生活必需品,defensive,Weakening,10.0,0.0,0.0
2025-04-24,78.32547760009766,0.47676942583296095,0.48780701397068993,101.56177134381973,98.94754316334095,XLP,生活必需品,defensive,Weakening,10.0,0.0,0.0
2025-04-25,78.12252044677734,0.47621562314001437,0.48394321702713144,101.33746771012338,98.63086782395354,XLP,生活必需品,defensive,Weakening,9.0,-1.0,-1.0
2025-04-28,77.86161041259766,0.47329669385827344,0.4803943759708455,101.13168976990367,98.33617312960921,XLP,生活必需品,defensive,Weakening,9.0,-1.0,-1.0
2025-04-29,78.50907897949219,0.4744634637466632,0.4784174052294514,101.0049893679528,98.32715568394764,XLP,生活必需品,defensive,Weakening,8.0,-2.0,-2.0
2025-04-30,79.07925415039062,0.47723115323708604,0.478021987898663,100.9567621315466,98.54085376746389,XLP,生活必需品,defensive,Weakening,7.0,-3.0,-3.0
2025-05-01,78.39311218261719,0.4737345813627323,0.47659285238668614,100.85799200052148,98.84688576667638,XLP,生活必需品,defensive,Weakening,7.0,-3.0,-3.0
2025-05-02,78.81832122802734,0.4680465879394112,0.47374409757092784,100.68765603526462,98.94669261848831,XLP,生活必需品,defensive,Weakening,7.0,-2.0,-1.0
2025-05-05,78.75068664550781,0.4692008274872688,0.4722296742097082,100.58469324850219,99.10604427215051,XLP,生活必需品,defensive,Weakening,7.0,-2.0,-1.0
2025-05-06,78.6153793334961,0.4718928535053596,0.472117400641592,100.55452433884896,99.25280968826537,XLP,生活必需品,defensive,Weakening,6.0,-2.0,0.0
2025-05-07,78.74102020263672,0.469554452202252,0.47126308449514537,100.48404084939487,99.24670312162215,XLP,生活必需品,defensive,Weakening,6.0,-1.0,2.0
2025-05-08,78.64437866210938,0.4650656519154536,0.46919727363524816,100.34485338489466,99.21858078328025,XLP,生活必需品,defensive,Weakening,5.0,-2.0,1.0
2025-05-09,78.19017791748047,0.4624869323226309,0.4669604931977091,100.19181298946297,99.26351060095416,XLP,生活必需品,defensive,Weakening,5.0,-2.0,0.0
2025-05-12,78.30614471435547,0.45081634764959977,0.4615791113483394,99.84944358978977,98.99292076720124,XLP,生活必需品,defensive,Lagging,4.0,-3.0,-1.0
2025-05-13,77.2527847290039,0.44375087593853063,0.45563636621173653,99.4644308721197,98.59734412415006,XLP,生活必需品,defensive,Lagging,5.0,-1.0,1.0
2025-05-14,76.83723449707031,0.44403765233798076,0.45177012825381796,99.2015438135401,98.41045315653038,XLP,生活必需品,defensive,Lagging,5.0,-1.0,0.0
2025-05-15,78.4124526977539,0.4490476160100162,0.45086262417255074,99.12153024716301,98.52561676543688,XLP,生活必需品,defensive,Lagging,5.0,0.0,2.0
2025-05-16,79.31118774414062,0.4497784266635999,0.45050122500290046,99.07400822954247,98.69706418523849,XLP,生活必需品,defensive,Lagging,5.0,0.0,2.0
2025-05-19,79.5431137084961,0.451143857680191,0.4507154358953307,99.05971141664808,99.13805117914634,XLP,生活必需品,defensive,Lagging,5.0,1.0,4.0
2025-05-20,79.8233642578125,0.45391869331769163,0.451783188369451,99.09989154169811,99.69121008393245,XLP,生活必需品,defensive,Lagging,5.0,0.0,1.0
2025-05-21,78.89563751220703,0.45863351900708527,0.45406663191532914,99.21895458620246,100.17824052344858,XLP,生活必需品,defensive,Improving,5.0,0.0,1.0
2025-05-22,78.56707763671875,0.45818478286114417,0.4554393488972675,99.28700629743679,100.37335067213611,XLP,生活必需品,defensive,Improving,5.0,0.0,0.0
2025-05-23,78.85697937011719,0.4617219376598625,0.4575335451514659,99.41002860163677,100.60894835046801,XLP,生活必需品,defensive,Improving,5.0,0.0,0.0
2025-05-27,79.57210540771484,0.4573823059013804,0.4574831320681041,99.39333602382119,100.65332120848504,XLP,生活必需品,defensive,Improving,5.0,0.0,-1.0
2025-05-28,79.03093719482422,0.45816754442641433,0.4577112695208742,99.39559285837214,100.64595033848335,XLP,生活必需品,defensive,Improving,5.0,0.0,0.0
2025-05-29,79.34983825683594,0.458895598220425,0.4581060457540579,99.41151084806751,100.55338895371072,XLP,生活必需品,defensive,Improving,5.0,0.0,0.0
2025-05-30,80.04563903808594,0.46310320322396964,0.45977176491069516,99.51801829823037,100.63527030752073,XLP,生活必需品,defensive,Improving,5.0,0.0,0.0
2025-06-02,80.09395599365234,0.4630153169735757,0.46085294893165535,99.58752855505965,100.57950766845416,XLP,生活必需品,defensive,Improving,5.0,0.0,0.0
2025-06-03,80.01665496826172,0.45874925936174193,0.46015171907501756,99.53344773390748,100.53149550097261,XLP,生活必需品,defensive,Improving,5.0,0.0,0.0
2025-06-04,79.45613861083984,0.45656147643861816,0.4589549715295511,99.44618912612832,100.40813288213448,XLP,生活必需品,defensive,Improving,4.0,-1.0,-1.0
2025-06-05,78.69270324707031,0.4533997918153909,0.45710324495816446,99.3184791211703,100.20640956827027,XLP,生活必需品,defensive,Improving,4.0,-1.0,-1.0
2025-06-06,78.9439697265625,0.45095296656347433,0.45505315215993447,99.18187981658228,99.8539186136664,XLP,生活必需品,defensive,Lagging,4.0,-1.0,-1.0
2025-06-09,78.83766174316406,0.4502701121312413,0.45345880548370343,99.08528855363963,99.6158629945155,XLP,生活必需品,defensive,Lagging,4.0,-1.0,-1.0
2025-06-10,79.01160430908203,0.4490274779672699,0.45198169631155893,99.00297233308174,99.58468722440809,XLP,生活必需品,defensive,Lagging,4.0,-1.0,-1.0
2025-06-11,78.74102020263672,0.44876393568249556,0.4509091094352045,98.9500930401311,99.64269387145814,XLP,生活必需品,defensive,Lagging,3.0,-1.0,0.0
2025-06-12,79.20487976074219,0.45035152133303685,0.45072324673448194,98.95900507393671,99.84558961715479,XLP,生活必需品,defensive,Lagging,3.0,-1.0,0.0
2025-06-13,78.23848724365234,0.4502998185868993,0.4505821040186211,98.96683757145486,100.05192193130826,XLP,生活必需品,defensive,Improving,2.0,-2.0,-1.0
2025-06-16,78.48976135253906,0.4474318728031376,0.4495320269467933,98.91214090497651,100.09676703484017,XLP,生活必需品,defensive,Improving,2.0,-2.0,-1.0
2025-06-17,77.82295227050781,0.44793351107089047,0.4489991883214923,98.89065266973722,100.16707842871524,XLP,生活必需品,defensive,Improving,2.0,-2.0,-1.0
2025-06-18,77.72631072998047,0.4473267381857185,0.44844170494290103,98.86415864454638,100.18568133300302,XLP,生活必需品,defensive,Improving,2.0,-1.0,0.0
2025-06-20,78.29647064208984,0.44987256684651383,0.448918658910772,98.9023126832246,100.20849520979561,XLP,生活必需品,defensive,Improving,2.0,-1.0,0.0
2025-06-23,79.20333099365234,0.45110065225607704,0.4496459900258737,98.95416048666956,100.25981770224313,XLP,生活必需品,defensive,Improving,3.0,1.0,3.0
2025-06-24,79.13521575927734,0.4464853115080171,0.44859243051992154,98.88521101937613,100.21768581059725,XLP,生活必需品,defensive,Improving,2.0,0.0,2.0
2025-06-25,78.07463073730469,0.44370268038372784,0.446962513807857,98.77652348353243,100.05681610100434,XLP,生活必需品,defensive,Improving,2.0,0.0,2.0
2025-06-26,78.00652313232422,0.4399950408164389,0.4446400228107177,98.6316074510709,99.85347762287023,XLP,生活必需品,defensive,Lagging,2.0,0.0,1.0
2025-06-27,78.37626647949219,0.4404675529012519,0.4432491995075625,98.56173643357387,99.68073168189943,XLP,生活必需品,defensive,Lagging,2.0,0.0,1.0
2025-06-30,78.7849349975586,0.4406934488020127,0.4423972826057126,98.53886084241633,99.57300534462996,XLP,生活必需品,defensive,Lagging,3.0,0.0,-1.0
2025-07-01,79.7676773071289,0.4410217583707505,0.44193877452739194,98.54909736903372,99.7270350707986,XLP,生活必需品,defensive,Lagging,3.0,1.0,1.0
2025-07-02,80.0011978149414,0.44130477929367784,0.4417274427828206,98.57797876176491,99.99059486520365,XLP,生活必需品,defensive,Lagging,3.0,1.0,1.0
2025-07-03,79.9622802734375,0.43897017907332403,0.4408083548796551,98.56378815624504,100.2496578378496,XLP,生活必需品,defensive,Improving,3.0,1.0,1.0
2025-07-07,79.8941650390625,0.4421298524608049,0.44124885407337167,98.63834443299245,100.56638075933132,XLP,生活必需品,defensive,Improving,3.0,1.0,1.0
2025-07-08,79.15467071533203,0.4369433794216625,0.4398136958561353,98.60193267009949,100.62233038766236,XLP,生活必需品,defensive,Improving,3.0,0.0,0.0
2025-07-09,78.63897705078125,0.43280405782462233,0.43747714984563096,98.51516085079761,100.50463600952081,XLP,生活必需品,defensive,Improving,3.0,0.0,-1.0
2025-07-10,78.92115020751953,0.4318553868196756,0.4356032288369792,98.45679161711413,100.38916985643797,XLP,生活必需品,defensive,Improving,4.0,1.0,0.0
2025-07-11,78.62925720214844,0.43343115795717424,0.4348792052103776,98.46987750818997,100.51822719070766,XLP,生活必需品,defensive,Improving,4.0,1.0,0.0
2025-07-14,78.69734954833984,0.4333599496656392,0.4343727866954648,98.49110417054317,100.40972963377402,XLP,生活必需品,defensive,Improving,3.0,0.0,-1.0
2025-07-15,77.90921783447266,0.43505288220297256,0.43459948519796743,98.54952533968297,100.64737537987605,XLP,生活必需品,defensive,Improving,3.0,0.0,0.0
2025-07-16,78.18165588378906,0.4348782192148345,0.43469239653692315,98.59430715820787,100.96014080710069,XLP,生活必需品,defensive,Improving,2.0,-1.0,-1.0
2025-07-17,78.92115020751953,0.435441515641726,0.43494210290519075,98.64442499968607,101.19668224669874,XLP,生活必需品,defensive,Improving,1.0,-3.0,-4.0
2025-07-18,78.70709228515625,0.4344255253635578,0.43476991039131313,98.66583319715416,101.18935594852356,XLP,生活必需品,defensive,Improving,1.0,-3.0,-4.0
2025-07-21,78.69734954833984,0.4358626079080163,0.43513414289688085,98.71157639965887,101.2193614019848,XLP,生活必需品,defensive,Improving,1.0,-2.0,-2.0
2025-07-22,79.41739654541016,0.43431369579307144,0.4348606605289444,98.70622400791146,101.04555166125292,XLP,生活必需品,defensive,Improving,1.0,-2.0,-2.0
2025-07-23,79.44657897949219,0.43090351087216766,0.43354161064335217,98.62382069334195,100.72684515296126,XLP,生活必需品,defensive,Improving,2.0,0.0,1.0
2025-07-24,79.1644058227539,0.43075193887912405,0.43261172005527615,98.56178489362918,100.44862755324529,XLP,生活必需品,defensive,Improving,1.0,0.0,3.0
2025-07-25,79.30062866210938,0.42942453325180646,0.4315493244541196,98.49847516741882,100.23220221113161,XLP,生活必需品,defensive,Improving,1.0,0.0,3.0
2025-07-28,78.4832992553711,0.42752646106145475,0.430208369989898,98.42055484924084,99.91444765173878,XLP,生活必需品,defensive,Lagging,1.0,0.0,2.0
2025-07-29,78.9990005493164,0.4305433044470976,0.43032001480896453,98.45536230781143,99.98394500435256,XLP,生活必需品,defensive,Lagging,1.0,0.0,2.0
2025-07-30,78.29843139648438,0.42951134286086884,0.4300504574929327,98.46244797907558,100.18035647215264,XLP,生活必需品,defensive,Improving,2.0,0.0,0.0
2025-07-31,77.62703704833984,0.4297474260088413,0.42994944699823556,98.47859099897987,100.35923446555276,XLP,生活必需品,defensive,Improving,2.0,1.0,1.0
2025-08-01,77.99679565429688,0.4367173903571163,0.43220542811786256,98.68050274618835,101.03847641244492,XLP,生活必需品,defensive,Improving,2.0,1.0,1.0
2025-08-04,78.37626647949219,0.43354105849689384,0.43265063824420635,98.73976750425619,101.36232060460179,XLP,生活必需品,defensive,Improving,3.0,2.0,2.0
2025-08-05,78.29843139648438,0.43431575982316456,0.43320567877052574,98.80889069091295,101.40384700669016,XLP,生活必需品,defensive,Improving,4.0,3.0,3.0
2025-08-06,79.41739654541016,0.44151028337440623,0.4359738803051526,99.0701236956732,101.97868998504056,XLP,生活必需品,defensive,Improving,5.0,3.0,3.0
2025-08-07,80.02064514160156,0.4451317574750845,0.43902650602846327,99.36872297336002,102.52536243226238,XLP,生活必需品,defensive,Improving,6.0,4.0,3.0
2025-08-08,80.25418090820312,0.44562620132652375,0.44122640446115013,99.60324063184825,102.43944038391452,XLP,生活必需品,defensive,Improving,6.0,4.0,3.0
2025-08-11,80.18607330322266,0.4464672916157265,0.44297336684600896,99.80589688422748,102.58337372350918,XLP,生活必需品,defensive,Improving,6.0,3.0,1.0
2025-08-12,80.40013122558594,0.442042216933032,0.4426629835416833,99.80003989531652,102.29046240327426,XLP,生活必需品,defensive,Improving,6.0,2.0,-1.0
2025-08-13,80.40013122558594,0.4358196015070511,0.440381856196806,99.58152697896612,101.22662915052459,XLP,生活必需品,defensive,Improving,6.0,1.0,-2.0
2025-08-14,79.68010711669922,0.4347447336092256,0.4385028153342792,99.40300890273106,100.11532395654302,XLP,生活必需品,defensive,Improving,6.0,0.0,-4.0
2025-08-15,79.80659484863281,0.4365125698590954,0.43783940017588463,99.35387177674966,99.35062890307155,XLP,生活必需品,defensive,Lagging,6.0,0.0,-4.0
2025-08-18,79.6995620727539,0.4360209542875875,0.4372332515464523,99.31162325512723,98.61405821697825,XLP,生活必需品,defensive,Lagging,6.0,0.0,-3.0
2025-08-19,80.51689147949219,0.4384396573248455,0.43763538680591674,99.37571293904938,98.7550520823545,XLP,生活必需品,defensive,Lagging,6.0,0.0,-2.0
2025-08-20,80.97421264648438,0.44133181474749766,0.4388675294531104,99.52686260806816,99.78071982000016,XLP,生活必需品,defensive,Lagging,5.0,-1.0,-2.0
2025-08-21,80.24446105957031,0.43888391030809915,0.4388729897381067,99.54907757082151,100.34536869937423,XLP,生活必需品,defensive,Improving,5.0,-1.0,-1.0
2025-08-22,80.24446105957031,0.43049950343047194,0.4360818276355618,99.27264119484715,99.71060634062778,XLP,生活必需品,defensive,Lagging,5.0,-1.0,-1.0
2025-08-25,78.87250518798828,0.42640208560496684,0.4328552469586968,98.94926451729403,98.94569711621402,XLP,生活必需品,defensive,Lagging,3.0,-3.0,-3.0
2025-08-26,78.35680389404297,0.42332142004819995,0.42967730465519793,98.63514716274383,97.97847763482767,XLP,生活必需品,defensive,Lagging,1.0,-5.0,-5.0
2025-08-27,78.59032440185547,0.4230541770198873,0.4274695954434278,98.43333822950557,97.23936588295444,XLP,生活必需品,defensive,Lagging,1.0,-4.0,-3.0
2025-08-28,78.0940933227539,0.42058338608457024,0.42517419232380865,98.2285438101724,96.96300047308412,XLP,生活必需品,defensive,Lagging,1.0,-4.0,-3.0
2025-08-29,78.60005950927734,0.4236224977437814,0.42465696079713294,98.21244242722128,97.72957604302839,XLP,生活必需品,defensive,Lagging,1.0,-4.0,-3.0
2025-09-02,78.47357177734375,0.4263084119509237,0.4252074445150632,98.301531809263,98.72327161764325,XLP,生活必需品,defensive,Lagging,1.0,-2.0,1.0
2025-09-03,78.4151840209961,0.4266524361115267,0.4256891083805511,98.37903039316988,99.62922002153525,XLP,生活必需品,defensive,Lagging,1.0,0.0,5.0
2025-09-04,78.46383666992188,0.42378703238907,0.42505508305005746,98.32710094101756,99.97663755413261,XLP,生活必需品,defensive,Lagging,1.0,0.0,4.0
2025-09-05,78.68762969970703,0.42449959956770267,0.42486992188927253,98.33351571064789,100.45074527959135,XLP,生活必需品,defensive,Improving,1.0,0.0,4.0
2025-09-08,78.3957290649414,0.42326182502708337,0.4243338896018762,98.30410081424645,100.40541571140969,XLP,生活必需品,defensive,Improving,1.0,0.0,4.0
2025-09-09,78.5514144897461,0.42541273860201184,0.4246935059352548,98.3881538489665,100.37495535562418,XLP,生活必需品,defensive,Improving,1.0,0.0,2.0
2025-09-10,77.78273010253906,0.4216765533555693,0.42368785507535967,98.30603287679246,99.99180363424323,XLP,生活必需品,defensive,Lagging,1.0,0.0,0.0
2025-09-11,78.4151840209961,0.41882906094916006,0.4220682570332932,98.15671186172757,99.75238463463748,XLP,生活必需品,defensive,Lagging,1.0,0.0,0.0
2025-09-12,78.15247344970703,0.4204523215421498,0.4215296118695787,98.14651988869421,99.70630129028727,XLP,生活必需品,defensive,Lagging,1.0,0.0,0.0
2025-09-15,77.25730895996094,0.4163635645954852,0.41980759611154755,97.99405443334797,99.42270868469258,XLP,生活必需品,defensive,Lagging,1.0,0.0,0.0
2025-09-16,77.60758972167969,0.4193629589905654,0.41965938373788686,98.0445137813675,99.35239891227866,XLP,生活必需品,defensive,Lagging,1.0,0.0,0.0
2025-09-17,78.07463073730469,0.4214833743158112,0.420267380597195,98.18157859006212,99.86367894147466,XLP,生活必需品,defensive,Lagging,1.0,0.0,0.0
2025-09-18,77.39351654052734,0.4150950954801259,0.418543285558172,98.03242935600697,99.86551533809153,XLP,生活必需品,defensive,Lagging,1.0,0.0,0.0
2025-09-19,77.23783874511719,0.41498266894905295,0.41735641335513235,97.95477615654212,99.71350947963087,XLP,生活必需品,defensive,Lagging,1.0,0.0,0.0
2025-09-22,76.3766860961914,0.41015990543109127,0.414957577380452,97.73827729423563,99.57396477627614,XLP,生活必需品,defensive,Lagging,1.0,0.0,0.0
2025-09-23,76.7587661743164,0.4117093196772987,0.4138748248127343,97.69992255416767,99.38105522627565,XLP,生活必需品,defensive,Lagging,1.0,0.0,0.0
2025-09-24,76.9253158569336,0.4135669583349159,0.41377220265346154,97.78432022755739,99.2725076275969,XLP,生活必需品,defensive,Lagging,1.0,0.0,0.0
2025-09-25,76.19054412841797,0.41301699671255504,0.41352046733982606,97.85434450284376,99.77631789061044,XLP,生活必需品,defensive,Lagging,2.0,1.0,1.0
2025-09-26,76.3766860961914,0.4099641547117532,0.41233502979713516,97.82216967944746,99.87337915940293,XLP,生活必需品,defensive,Lagging,2.0,1.0,1.0
2025-09-29,76.52364349365234,0.409385238093139,0.41135176589580313,97.82015038545299,100.35329694876188,XLP,生活必需品,defensive,Improving,2.0,1.0,1.0
2025-09-30,76.77837371826172,0.40966535532437,0.4107896290386588,97.86465884578337,100.52796228528933,XLP,生活必需品,defensive,Improving,2.0,1.0,1.0
2025-10-01,76.66080474853516,0.4081129719284174,0.4098974100019117,97.87275610914813,100.33972829712671,XLP,生活必需品,defensive,Improving,2.0,1.0,1.0
2025-10-02,76.35710144042969,0.40553635758560863,0.40844372586314404,97.82982479172209,100.0752503483174,XLP,生活必需品,defensive,Improving,2.0,0.0,-1.0
2025-10-03,76.44527435302734,0.4045822643558205,0.40715657202736955,97.80931907313384,100.10578453735528,XLP,生活必需品,defensive,Improving,3.0,1.0,0.0
2025-10-06,75.8868408203125,0.40175286429422347,0.4053553361163209,97.75132869877481,99.98030301016634,XLP,生活必需品,defensive,Lagging,2.0,0.0,-1.0
2025-10-07,76.59222412109375,0.4072765947572129,0.40599575566328494,97.92612535378701,100.2802121963134,XLP,生活必需品,defensive,Improving,3.0,1.0,0.0
2025-10-08,76.21014404296875,0.40392924791640533,0.4053069197476584,97.96696433649443,100.34821463758041,XLP,生活必需品,defensive,Improving,3.0,1.0,0.0
2025-10-09,76.45507049560547,0.4086080514687534,0.4064072969880234,98.15821374325583,100.87211492785167,XLP,生活必需品,defensive,Improving,4.0,2.0,2.0
2025-10-10,76.51384735107422,0.41835445012846617,0.410389681368171,98.57913309747535,101.80946929438305,XLP,生活必需品,defensive,Improving,4.0,1.0,0.0
2025-10-13,76.25912475585938,0.412946427464817,0.411241930067053,98.70236006182566,102.10110249615755,XLP,生活必需品,defensive,Improving,4.0,2.0,2.0
2025-10-14,77.48373413085938,0.41612709724050106,0.41287031912486905,98.88631683478077,102.02024934617508,XLP,生活必需品,defensive,Improving,4.0,1.0,0.0
2025-10-15,77.62090301513672,0.4160249256903164,0.41392185464668485,99.01283783036277,102.09446186496429,XLP,生活必需品,defensive,Improving,5.0,2.0,1.0
2025-10-16,77.08206176757812,0.41709026030894064,0.41497798986743684,99.13578783609636,101.87698093868894,XLP,生活必需品,defensive,Improving,4.0,0.0,-2.0
2025-10-17,78.11074829101562,0.42052085753275487,0.4168256124225429,99.32568370473774,101.3863039461644,XLP,生活必需品,defensive,Improving,4.0,0.0,-1.0
2025-10-20,78.04216766357422,0.41599194819372387,0.41654772434626997,99.3242998620343,101.11976236361632,XLP,生活必需品,defensive,Improving,4.0,0.0,-2.0
2025-10-21,77.6796875,0.41217137233171935,0.4150889403414198,99.21773367423825,100.55256335181377,XLP,生活必需品,defensive,Improving,4.0,0.0,-1.0
2025-10-22,78.12053680419922,0.41651934436109606,0.41556574168131194,99.2847234725084,100.42759252449602,XLP,生活必需品,defensive,Improving,4.0,-1.0,-3.0
2025-10-23,77.73845672607422,0.41252642325236494,0.41455263553832966,99.21763488539953,100.05729812561296,XLP,生活必需品,defensive,Improving,4.0,0.0,0.0
2025-10-24,77.48373413085938,0.41005686156310955,0.4130540442132563,99.10912407157045,99.48385357237605,XLP,生活必需品,defensive,Lagging,3.0,-1.0,-1.0
2025-10-27,77.61109924316406,0.40891360938753657,0.41167389927134973,99.01522930087374,99.30931260167124,XLP,生活必需品,defensive,Lagging,3.0,-1.0,-1.0
2025-10-28,76.83715057373047,0.40834301562757974,0.41056360472342646,98.94876287713367,99.39028631138876,XLP,生活必需品,defensive,Lagging,3.0,-1.0,-1.0
2025-10-29,75.02471923828125,0.4032204362255283,0.40811588189079373,98.77109676356024,98.94546767995794,XLP,生活必需品,defensive,Lagging,4.0,0.0,1.0
2025-10-30,74.94634246826172,0.4045390942797435,0.40692361935377697,98.70982847230826,98.98530020653182,XLP,生活必需品,defensive,Lagging,4.0,0.0,0.0
2025-10-31,74.7308120727539,0.4024957065582882,0.4054476484219474,98.62831592994479,99.06437814471273,XLP,生活必需品,defensive,Lagging,4.0,1.0,2.0
2025-11-03,74.14299011230469,0.40030958479569406,0.40373496054652963,98.53212224758168,99.08824350295706,XLP,生活必需品,defensive,Lagging,4.0,1.0,2.0
2025-11-04,74.44670104980469,0.40462572854689693,0.40403188321331873,98.60401107268613,99.36948940770165,XLP,生活必需品,defensive,Lagging,3.0,0.0,1.0
2025-11-05,74.39772033691406,0.40200656619736636,0.40335677754133464,98.58636791439156,99.69453474702657,XLP,生活必需品,defensive,Lagging,3.0,-1.0,-1.0
2025-11-06,74.06462097167969,0.40304682838973466,0.403253461157468,98.61055795402538,99.88650665707625,XLP,生活必需品,defensive,Lagging,3.0,-1.0,-1.0
2025-11-07,75.1520767211914,0.4055630750309144,0.4040233324486169,98.70206667509376,100.26949139546653,XLP,生活必需品,defensive,Improving,3.0,-1.0,-2.0
2025-11-10,74.87776184082031,0.40176927231064025,0.40327197906929135,98.65561546955469,100.41544671734471,XLP,生活必需品,defensive,Improving,3.0,-1.0,-2.0
2025-11-11,75.85745239257812,0.40468762235925826,0.403743860165947,98.72301219292585,100.42393454198361,XLP,生活必需品,defensive,Improving,2.0,-1.0,-1.0
2025-11-12,75.74968719482422,0.40315655211120466,0.40354809081436627,98.7298783118338,100.47243279846678,XLP,生活必需品,defensive,Improving,3.0,0.0,1.0
2025-11-13,75.74968719482422,0.40776632081673986,0.40495416748182417,98.8889627849803,100.74250655403674,XLP,生活必需品,defensive,Improving,3.0,0.0,1.0
2025-11-14,75.69091033935547,0.4089506269530451,0.40628632063889786,99.04246503312726,100.8480295960508,XLP,生活必需品,defensive,Improving,4.0,1.0,2.0
2025-11-17,75.21085357666016,0.41176389752238357,0.4081121796000598,99.24984028105274,101.34556028203983,XLP,生活必需品,defensive,Improving,6.0,3.0,4.0
2025-11-18,75.53414916992188,0.41328794869097535,0.40983743596369837,99.45579075967824,101.58049379581507,XLP,生活必需品,defensive,Improving,6.0,4.0,5.0
2025-11-19,74.95613861083984,0.41137065532144956,0.4103485090829488,99.53613239632566,101.67379781394783,XLP,生活必需品,defensive,Improving,6.0,3.0,3.0
2025-11-20,75.4949722290039,0.41944499337426866,0.4133806705133888,99.9421341458009,102.06454696495852,XLP,生活必需品,defensive,Improving,6.0,3.0,3.0
2025-11-21,76.31790924072266,0.4158454289034066,0.4142022566433948,100.08994903643047,101.95377965761256,XLP,生活必需品,defensive,Leading,7.0,3.0,2.0
2025-11-24,75.43618774414062,0.4093442838773139,0.4125829323880345,99.9042096351551,101.16765260691918,XLP,生活必需品,defensive,Improving,7.0,1.0,-2.0
2025-11-25,76.47466278076172,0.4091664556955308,0.4114441068238666,99.77244181714269,100.49370118485761,XLP,生活必需品,defensive,Improving,7.0,1.0,-3.0
2025-11-26,77.3073959350586,0.4107558492820513,0.4112146876432615,99.76531866118026,100.28817703999925,XLP,生活必需品,defensive,Improving,7.0,1.0,-2.0
2025-11-28,77.75806427001953,0.4109285184147043,0.41111929790040913,99.77743737766184,99.38507209735003,XLP,生活必需品,defensive,Lagging,7.0,1.0,-2.0
2025-12-01,77.6796875,0.41334146568013247,0.4118600204936503,99.92074976427506,99.34439268927343,XLP,生活必需品,defensive,Lagging,7.0,0.0,-3.0
2025-12-02,77.17023468017578,0.41101956805885415,0.4115798696820516,99.90849593717253,99.73178155420324,XLP,生活必需品,defensive,Lagging,7.0,0.0,-1.0
2025-12-03,77.2290267944336,0.40821796836676244,0.41045923591028854,99.75360001579915,99.67473652785705,XLP,生活必需品,defensive,Lagging,8.0,1.0,0.0
2025-12-04,76.85673522949219,0.4061228493312121,0.4090137737172631,99.53204061027012,99.1957064847401,XLP,生活必需品,defensive,Lagging,8.0,1.0,0.0
2025-12-05,76.86653900146484,0.40522269277421813,0.40775008006958147,99.32876730889222,98.73693865340836,XLP,生活必需品,defensive,Lagging,5.0,-2.0,-3.0
2025-12-08,76.229736328125,0.4042871108291306,0.4065957569894312,99.13012241988902,98.05567307579614,XLP,生活必需品,defensive,Lagging,4.0,-3.0,-3.0
2025-12-09,76.40607452392578,0.40598817227229717,0.4063932287503865,99.10532436135472,98.10936214694816,XLP,生活必需品,defensive,Lagging,5.0,-2.0,-2.0
2025-12-10,76.63141632080078,0.4015363646626773,0.4047742740544835,98.79632110878968,97.88395979296608,XLP,生活必需品,defensive,Lagging,4.0,-4.0,-5.0
2025-12-11,77.19963073730469,0.40127308615725615,0.40360721142207445,98.57346922977989,97.97354555505042,XLP,生活必需品,defensive,Lagging,3.0,-5.0,-6.0
2025-12-12,77.80703735351562,0.4071904400886895,0.40480162097761285,98.8524259865065,98.94546344323474,XLP,生活必需品,defensive,Lagging,3.0,-2.0,0.0
2025-12-15,78.02257537841797,0.4078124187491606,0.4058052202347955,99.09301634628069,99.80657695419431,XLP,生活必需品,defensive,Lagging,3.0,-1.0,2.0
2025-12-16,77.66988372802734,0.4088402465005793,0.40681689565672347,99.34162551172363,100.34045227110954,XLP,生活必需品,defensive,Improving,4.0,-1.0,1.0
2025-12-17,78.0323715209961,0.41186207310902245,0.4084986214741565,99.76879562467174,101.73195096225682,XLP,生活必需品,defensive,Improving,7.0,3.0,7.0
2025-12-18,77.58171081542969,0.4086098924131121,0.40853571178714176,99.80627018797014,102.1176111640726,XLP,生活必需品,defensive,Improving,7.0,4.0,9.0
2025-12-19,77.18003845214844,0.40501904275437267,0.40736348877621875,99.53235735628076,101.04553253230219,XLP,生活必需品,defensive,Improving,7.0,4.0,6.0
2025-12-22,76.91043090820312,0.40063466916057755,0.4051205489043384,98.98668325692812,99.5670151933746,XLP,生活必需品,defensive,Lagging,4.0,1.0,2.0
2025-12-23,76.54505157470703,0.39966061417051957,0.4033005706597321,98.56591079319792,98.3464251742874,XLP,生活必需品,defensive,Lagging,3.0,-1.0,0.0
2025-12-24,77.14745330810547,0.40135091710965864,0.402650686143041,98.45561132557575,97.51526933403275,XLP,生活必需品,defensive,Lagging,3.0,-4.0,-7.0
2025-12-26,77.2560806274414,0.40181234224392676,0.40237123817666964,98.44517435832317,97.58607404053404,XLP,生活必需品,defensive,Lagging,3.0,-4.0,-8.0
2025-12-29,77.30545806884766,0.40273399045322383,0.40249215560218776,98.531572923597,98.26270977591233,XLP,生活必需品,defensive,Lagging,3.0,-4.0,-8.0
2025-12-30,77.17707824707031,0.4027102950478009,0.4025648687507255,98.6009639802493,99.2837921447508,XLP,生活必需品,defensive,Lagging,3.0,-1.0,-2.0
2025-12-31,76.71292877197266,0.40373627174923765,0.40295533641689624,98.73880159677427,100.18972545182991,XLP,生活必需品,defensive,Improving,3.0,0.0,1.0
2026-01-02,76.7228012084961,0.4010663850646267,0.40232568596613977,98.6312541166672,100.18900566347338,XLP,生活必需品,defensive,Improving,3.0,0.0,4.0
2026-01-05,76.38703155517578,0.39563914988131854,0.4000968406045327,98.17740498518918,99.47612836834986,XLP,生活必需品,defensive,Lagging,1.0,-2.0,2.0
2026-01-06,76.50554656982422,0.3915260940999347,0.39723992510300005,97.65110678561,98.52973485379106,XLP,生活必需品,defensive,Lagging,1.0,-2.0,2.0
2026-01-07,75.66612243652344,0.39162359062915825,0.39536781361171947,97.42233642932072,98.14105559897918,XLP,生活必需品,defensive,Lagging,1.0,-2.0,-1.0
2026-01-08,77.46347045898438,0.39751800544646254,0.3960845442233005,97.70464460052392,98.4251748881281,XLP,生活必需品,defensive,Lagging,1.0,-2.0,-2.0
2026-01-09,78.26338195800781,0.39930586020372344,0.3971583162167749,98.01630177424819,99.08775660288615,XLP,生活必需品,defensive,Lagging,1.0,-2.0,-2.0
2026-01-12,79.18180847167969,0.40362406608743917,0.399313566173663,98.49392827328774,100.50834224273146,XLP,生活必需品,defensive,Improving,4.0,3.0,5.0
2026-01-13,80.10022735595703,0.4083056460058379,0.4023109261177213,99.09608774506844,102.16657480370785,XLP,生活必需品,defensive,Improving,5.0,4.0,6.0
2026-01-14,81.20629119873047,0.4120686234975805,0.4055634919110077,99.73684351384023,103.18639257333672,XLP,生活必需品,defensive,Improving,7.0,6.0,8.0
2026-01-15,81.34454345703125,0.41094994724558104,0.4073589770225322,100.1047129528311,103.06435864175349,XLP,生活必需品,defensive,Leading,8.0,7.0,9.0
2026-01-16,81.08777618408203,0.41070235217406054,0.40847343540637504,100.35012074183052,102.79039051800771,XLP,生活必需品,defensive,Leading,8.0,7.0,9.0
2026-01-20,81.33466339111328,0.4181926628069406,0.41171317787323025,101.03982895865762,102.82733367413027,XLP,生活必需品,defensive,Leading,8.0,4.0,1.0
2026-01-21,81.4136734008789,0.41162922586162043,0.41168519386936037,101.07691376726004,102.08232354575074,XLP,生活必需品,defensive,Leading,8.0,3.0,-1.0
2026-01-22,81.24578094482422,0.41024544272834784,0.4112052768223562,101.00760849854537,101.26137341385302,XLP,生活必需品,defensive,Leading,8.0,1.0,-5.0
2026-01-23,81.87782287597656,0.415288066676475,0.4125662067737291,101.33191733502689,101.18345298559919,XLP,生活必需品,defensive,Leading,8.0,0.0,-7.0
2026-01-26,81.74943542480469,0.4136587435100542,0.4129303856858375,101.42990342424042,100.99829110659793,XLP,生活必需品,defensive,Leading,8.0,0.0,-7.0
2026-01-27,82.12470245361328,0.41620525172063483,0.41402200769743663,101.65769320140224,100.48721493323053,XLP,生活必需品,defensive,Leading,8.0,0.0,-4.0
2026-01-28,81.295166015625,0.4133934974184244,0.4138125042710993,101.58806609440823,100.35898474135055,XLP,生活必需品,defensive,Leading,8.0,0.0,-3.0
2026-01-29,81.1075210571289,0.41189911356794634,0.41317470737004836,101.42598212054423,100.2478291953011,XLP,生活必需品,defensive,Leading,8.0,0.0,-1.0
2026-01-30,82.47035217285156,0.41975049094582967,0.41536663522864214,101.82108581194582,100.30812885578551,XLP,生活必需品,defensive,Leading,8.0,0.0,0.0
2026-02-02,83.4480209350586,0.4225506473995576,0.41776130595228067,102.19275940584328,100.58340744501123,XLP,生活必需品,defensive,Leading,10.0,2.0,2.0
2026-02-03,84.80096435546875,0.4305475534239607,0.4220233884428407,102.79643781969159,100.96006147795303,XLP,生活必需品,defensive,Leading,10.0,2.0,2.0
2026-02-04,85.90702056884766,0.4323960251225819,0.42548093400275444,103.10917597413278,101.32615017516916,XLP,生活必需品,defensive,Leading,11.0,3.0,3.0
2026-02-05,85.837890625,0.43583420228153424,0.42893202342901443,103.30321512588323,101.63840455436949,XLP,生活必需品,defensive,Leading,11.0,3.0,3.0
2026-02-06,86.84519958496094,0.43288228997422096,0.4302487789440833,103.16058237158197,101.04129856322292,XLP,生活必需品,defensive,Leading,11.0,3.0,3.0
2026-02-09,86.34154510498047,0.43011661040582677,0.4302047227646645,102.88610895261398,100.35437985129823,XLP,生活必需品,defensive,Leading,11.0,1.0,-1.0
2026-02-10,86.06503295898438,0.42721922703829146,0.42920955752254014,102.55844050586175,99.38875537101474,XLP,生活必需品,defensive,Weakening,9.0,-1.0,-3.0
2026-02-11,87.29946899414062,0.4325800911893057,0.4303330687447953,102.51663073233769,99.0382877139637,XLP,生活必需品,defensive,Weakening,9.0,-2.0,-5.0
2026-02-12,88.0993881225586,0.44234875630241927,0.43433829793067,102.7624837404155,99.10818409082938,XLP,生活必需品,defensive,Weakening,11.0,0.0,-3.0
2026-02-13,88.3956527709961,0.43928571509816955,0.4359874369865032,102.72180610266861,99.22605667052864,XLP,生活必需品,defensive,Weakening,11.0,0.0,-3.0
2026-02-17,87.10195922851562,0.4336047366356934,0.4351932035362333,102.46113005463295,99.25499211989775,XLP,生活必需品,defensive,Weakening,11.0,0.0,-1.0
2026-02-18,86.9439468383789,0.43058565592207326,0.4336573543315133,102.17550624773808,99.31217028071094,XLP,生活必需品,defensive,Weakening,9.0,0.0,1.0
2026-02-19,86.57855987548828,0.4296837431626744,0.4323328172752337,101.94669297018689,99.14574288789004,XLP,生活必需品,defensive,Weakening,9.0,0.0,2.0
2026-02-20,86.79581451416016,0.4287568693805399,0.43114083464366915,101.7560531615624,98.74740583014982,XLP,生活必需品,defensive,Weakening,8.0,-3.0,-3.0
2026-02-23,87.86237335205078,0.4388419611416151,0.43370787680965117,101.90048655148401,98.9644292996746,XLP,生活必需品,defensive,Weakening,9.0,-2.0,-2.0
2026-02-24,88.62278747558594,0.4391373043771033,0.4355176859988019,101.9659064488431,99.31092100815694,XLP,生活必需品,defensive,Weakening,9.0,-2.0,-2.0
2026-02-25,87.9018783569336,0.43530841582228147,0.4354479292732951,101.87440790692418,99.52304843762892,XLP,生活必需品,defensive,Weakening,9.0,0.0,0.0
2026-02-26,87.75374603271484,0.432133779395898,0.4343432126474961,101.70983165689597,99.60097571908338,XLP,生活必需品,defensive,Weakening,9.0,0.0,0.0
2026-02-27,88.8894271850586,0.4372137553682068,0.4353000602210664,101.7148839545525,99.80187614532899,XLP,生活必需品,defensive,Weakening,9.0,1.0,4.0
2026-03-02,87.6056137084961,0.43169950374255217,0.4340998747282283,101.55816978484563,99.51149631701955,XLP,生活必需品,defensive,Weakening,8.0,-1.0,1.0
2026-03-03,86.6476821899414,0.4322824701387808,0.4334940731984125,101.45733742017484,99.35313975643646,XLP,生活必需品,defensive,Weakening,7.0,-2.0,0.0
2026-03-04,86.07491302490234,0.4277105437408099,0.43156623004587835,101.26766904876088,99.26525706171162,XLP,生活必需品,defensive,Weakening,7.0,-2.0,-2.0
2026-03-05,84.3467025756836,0.42403443152414644,0.42905563053863444,101.04609419226914,99.22312355967586,XLP,生活必需品,defensive,Weakening,7.0,-2.0,-2.0
2026-03-06,84.71208190917969,0.4310079836406597,0.42970641490597616,101.06335447625486,99.2484074470554,XLP,生活必需品,defensive,Weakening,7.0,-2.0,-3.0
2026-03-09,84.89972686767578,0.4307452822300946,0.4300527040140157,101.05656750826907,99.40071654266953,XLP,生活必需品,defensive,Weakening,7.0,-1.0,0.0
2026-03-10,84.65283203125,0.43273752383044306,0.4309476439528248,101.08835426548724,99.52889435494393,XLP,生活必需品,defensive,Weakening,7.0,0.0,2.0
2026-03-11,83.53689575195312,0.4284449948344848,0.43011342758004484,100.99506724513866,99.61316712921494,XLP,生活必需品,defensive,Weakening,7.0,0.0,2.0
2026-03-12,83.20113372802734,0.4334260066438306,0.43121762060130675,101.04284150015486,99.8647778618003,XLP,生活必需品,defensive,Weakening,7.0,0.0,2.0
2026-03-13,83.68502807617188,0.4359692852255181,0.4328015088093772,101.1221022623091,99.90934743127907,XLP,生活必需品,defensive,Weakening,8.0,1.0,3.0
2026-03-16,83.92205047607422,0.43397484217078813,0.43319261992984753,101.11431802950261,99.89112821269782,XLP,生活必需品,defensive,Weakening,8.0,1.0,2.0
2026-03-17,83.6455307006836,0.430140057371954,0.4321750990772164,101.00758235387768,99.7441195831475,XLP,生活必需品,defensive,Weakening,8.0,1.0,1.0
2026-03-18,81.61117553710938,0.4252751542103192,0.42987511745491735,100.81333280014499,99.64440395795191,XLP,生活必需品,defensive,Weakening,8.0,1.0,1.0
2026-03-19,80.94951629638672,0.4221545312098767,0.42730158870657053,100.6037732300339,99.39652686875964,XLP,生活必需品,defensive,Weakening,8.0,1.0,1.0
2026-03-20,80.27798461914062,0.4248944930952095,0.4264992235027836,100.525511299647,99.26187409006428,XLP,生活必需品,defensive,Weakening,8.0,0.0,-1.0
2026-03-23,80.62060546875,0.4222068635848546,0.42506843686347395,100.40278095500499,99.17313795982818,XLP,生活必需品,defensive,Weakening,7.0,-1.0,-2.0
2026-03-24,80.55108642578125,0.42133725634612285,0.42382471002435695,100.29364754499767,99.19519189397886,XLP,生活必需品,defensive,Weakening,7.0,-1.0,-2.0
2026-03-25,80.94833374023438,0.42137323210901473,0.4230075507192429,100.21405659603023,99.32158381035116,XLP,生活必需品,defensive,Weakening,7.0,-1.0,-2.0
2026-03-26,80.58087921142578,0.4233459745145002,0.4231203586509954,100.20153180238269,99.51242025249505,XLP,生活必需品,defensive,Weakening,7.0,-1.0,-2.0
2026-03-27,81.21646881103516,0.43261700327238284,0.4262859068581246,100.41875336205113,99.78899611311823,XLP,生活必需品,defensive,Weakening,8.0,0.0,0.0
2026-03-30,81.31578063964844,0.43404420675451244,0.4288720068235873,100.59334733269301,100.07111819700592,XLP,生活必需品,defensive,Leading,8.0,1.0,2.0
2026-03-31,81.41510009765625,0.42585663859292566,0.4278668840800334,100.49136836395812,100.05934206876334,XLP,生活必需品,defensive,Leading,8.0,1.0,2.0
2026-04-01,80.89867401123047,0.4217927891381928,0.42584218576608657,100.30740383088623,99.94033790922637,XLP,生活必需品,defensive,Weakening,7.0,0.0,1.0
2026-04-02,81.32571411132812,0.4228115175192596,0.42483196301714427,100.20183417897029,99.84427423601592,XLP,生活必需品,defensive,Weakening,7.0,0.0,1.0
2026-04-06,82.09041595458984,0.42496046316373837,0.42487479639934234,100.17993549069503,99.59740763767549,XLP,生活必需品,defensive,Weakening,7.0,-1.0,-1.0
2026-04-07,80.70005798339844,0.4186913640120076,0.4228136522702308,99.97556642589912,99.20360595207873,XLP,生活必需品,defensive,Lagging,6.0,-2.0,-3.0
2026-04-08,82.20957946777344,0.4168920900963264,0.4208397982122627,99.76205514640377,99.08063458849385,XLP,生活必需品,defensive,Lagging,6.0,-2.0,-3.0
2026-04-09,82.87496185302734,0.4200116987545946,0.4205637650597067,99.68394205393956,99.17490276322422,XLP,生活必需品,defensive,Lagging,5.0,-2.0,-2.0
2026-04-10,81.80240631103516,0.4175907184449836,0.4195727495214657,99.52615276729743,99.10680305664262,XLP,生活必需品,defensive,Lagging,4.0,-3.0,-3.0
2026-04-13,80.9880599975586,0.4089006200418436,0.4160153730282584,99.0821513421946,98.67131769451868,XLP,生活必需品,defensive,Lagging,2.0,-5.0,-4.0
2026-04-14,80.90860748291016,0.40680131356641536,0.41294401987431073,98.66363953313491,98.49794733275351,XLP,生活必需品,defensive,Lagging,2.0,-4.0,-2.0
2026-04-15,80.50143432617188,0.4046122220340688,0.4101667539275634,98.28286272762378,98.3803947790092,XLP,生活必需品,defensive,Lagging,2.0,-4.0,-2.0
2026-04-16,80.86888122558594,0.4046155657294745,0.4083163578615338,98.04045998357006,98.23779019021529,XLP,生活必需品,defensive,Lagging,2.0,-3.0,-1.0
2026-04-17,81.89178466796875,0.40465118979374765,0.4070946351722718,97.89903391785735,98.2702321267819,XLP,生活必需品,defensive,Lagging,2.0,-2.0,1.0
2026-04-20,81.822265625,0.40303799158057624,0.4057424206417066,97.76894295806376,98.61962865738545,XLP,生活必需品,defensive,Lagging,2.0,0.0,5.0
2026-04-21,81.27605438232422,0.4028181500762264,0.4047676637865466,97.72489548578628,99.04432200249764,XLP,生活必需品,defensive,Lagging,2.0,0.0,4.0
2026-04-22,81.54419708251953,0.4043267837264855,0.40462070376652626,97.77461635899859,99.60413202915569,XLP,生活必需品,defensive,Lagging,2.0,0.0,4.0
2026-04-23,82.9047622680664,0.4110932875363048,0.40677823168978583,98.04873477441289,100.32134596517034,XLP,生活必需品,defensive,Improving,2.0,0.0,3.0
2026-04-24,82.65648651123047,0.4107142464504371,0.40809023661000293,98.22205864576603,100.79083048384246,XLP,生活必需品,defensive,Improving,2.0,0.0,2.0
2026-04-27,81.77261352539062,0.4068056068053639,0.40766202667512325,98.20985219229668,100.99024233869538,XLP,生活必需品,defensive,Improving,2.0,0.0,0.0
2026-04-28,82.50751495361328,0.4125675088272777,0.4092971873925081,98.40989460031041,101.33465160351587,XLP,生活必需品,defensive,Improving,2.0,0.0,0.0
2026-04-29,82.34861755371094,0.41249205768438957,0.4103621441564686,98.53917515414912,101.43180467475543,XLP,生活必需品,defensive,Improving,2.0,0.0,0.0
2026-04-30,83.72903442382812,0.4131601272143221,0.4112948051757531,98.6454634033921,101.18520394668026,XLP,生活必需品,defensive,Improving,2.0,0.0,0.0
2026-05-01,83.59000396728516,0.4137349873303842,0.4121081992272968,98.74329848752566,101.07730949834259,XLP,生活必需品,defensive,Improving,2.0,0.0,0.0
2026-05-04,82.96434783935547,0.41304131156447743,0.4124192366730237,98.79448600149857,101.17671029642399,XLP,生活必需品,defensive,Improving,2.0,0.0,0.0
2026-05-05,83.48075866699219,0.41234039224151187,0.4123929551958532,98.82072146581153,100.9708422731526,XLP,生活必需品,defensive,Improving,2.0,0.0,0.0
2026-05-06,83.65951538085938,0.40997563944403076,0.41158718327857907,98.77623891946924,100.78883952519293,XLP,生活必需品,defensive,Improving,2.0,0.0,0.0
2026-05-07,83.40131378173828,0.41134084090773626,0.4115050691549648,98.80726826775941,100.78513121096812,XLP,生活必需品,defensive,Improving,2.0,0.0,0.0
2026-05-08,83.59993743896484,0.41118911648315226,0.411399751597694,98.83535106017513,100.7462880606921,XLP,生活必需品,defensive,Improving,3.0,1.0,1.0
2026-05-11,82.79551696777344,0.40745213959630144,0.41008388093056314,98.74827045306822,100.53380637248452,XLP,生活必需品,defensive,Improving,4.0,2.0,2.0
2026-05-12,83.85814666748047,0.4130460401568901,0.4110712673393388,98.88122142522154,100.7177839555934,XLP,生活必需品,defensive,Improving,5.0,3.0,3.0
2026-05-13,84.13621520996094,0.4162332877717137,0.41279194081679715,99.0777286012552,101.12198405897996,XLP,生活必需品,defensive,Improving,5.0,3.0,3.0
2026-05-14,84.39442443847656,0.4159936417924435,0.413859174475346,99.20792683873562,101.25936466292558,XLP,生活必需品,defensive,Improving,5.0,3.0,3.0
2026-05-15,84.0567626953125,0.41864604989209997,0.415454799614264,99.38784845935969,101.47633249292947,XLP,生活必需品,defensive,Improving,6.0,3.0,2.0
2026-05-18,85.3080825805664,0.4222803977845869,0.4177299990043717,99.63504920845027,101.96283494468113,XLP,生活必需品,defensive,Improving,7.0,3.0,1.0
2026-05-19,85.49677276611328,0.4256913237585293,0.42038377392242426,99.92103988071749,102.10461577718087,XLP,生活必需品,defensive,Improving,7.0,2.0,-1.0
2026-05-20,84.93069458007812,0.41828785250463507,0.41968513344982794,99.86916578786449,101.62943894870558,XLP,生活必需品,defensive,Improving,7.0,2.0,-1.0
2026-05-21,84.07662963867188,0.41230147681265034,0.4172239145707688,99.63663067237194,101.0148810384639,XLP,生活必需品,defensive,Improving,7.0,2.0,-1.0
2026-05-22,84.21566772460938,0.4092449183973126,0.41456424917961676,99.38597924124811,100.30131023461172,XLP,生活必需品,defensive,Improving,7.0,1.0,-2.0
2026-05-26,83.05371856689453,0.40153808099179383,0.41022219311700914,98.96167833065597,99.21638570170676,XLP,生活必需品,defensive,Lagging,6.0,-1.0,-4.0
2026-05-27,83.99717712402344,0.40639296610280856,0.4089457841122756,98.85809269152158,98.62582706631132,XLP,生活必需品,defensive,Lagging,6.0,-1.0,-3.0
2026-05-28,83.84821319580078,0.40419177444780047,0.40736111422411725,98.72505761850324,98.54513154864698,XLP,生活必需品,defensive,Lagging,6.0,-1.0,-3.0
2026-05-29,82.33869171142578,0.3958127232390908,0.40351165056244176,98.35979967010002,98.40129243310498,XLP,生活必需品,defensive,Lagging,6.0,-1.0,-3.0
2026-06-01,81.46475219726562,0.390900265509475,0.3993078555447862,97.98733000802993,98.28261019997505,XLP,生活必需品,defensive,Lagging,7.0,0.0,-1.0
2026-06-02,81.26612854003906,0.38840629322603715,0.39567400143853654,97.7141093742932,98.55048949082759,XLP,生活必需品,defensive,Lagging,6.0,0.0,1.0
2026-06-03,81.59385681152344,0.39144492765420663,0.3942643101770933,97.69324211882513,98.70112040723743,XLP,生活必需品,defensive,Lagging,5.0,-1.0,0.0
2026-06-04,81.47467803955078,0.3879439038377245,0.3921575080639704,97.62522285866096,98.81658716830285,XLP,生活必需品,defensive,Lagging,4.0,-2.0,-1.0
2026-06-05,82.86503601074219,0.4002595998968735,0.39485820534160476,97.98556395378128,99.85780084262511,XLP,生活必需品,defensive,Lagging,3.0,-3.0,-2.0
2026-06-08,82.4975814819336,0.3989069858948714,0.3962077988593603,98.1888978508202,100.67310351542504,XLP,生活必需品,defensive,Improving,5.0,-2.0,-2.0
2026-06-09,83.5204849243164,0.400802814055957,0.39773947059155923,98.38968406039668,101.31449608529883,XLP,生活必需品,defensive,Improving,5.0,-1.0,-1.0
2026-06-10,84.90090942382812,0.4126747496260643,0.40271789693639426,98.89426345255771,101.96372797951692,XLP,生活必需品,defensive,Improving,6.0,1.0,2.0
2026-06-11,84.68241882324219,0.4052938167236234,0.4035765368654707,99.00462361843957,102.10050485423383,XLP,生活必需品,defensive,Improving,7.0,3.0,5.0
2026-06-12,85.22863006591797,0.4042461839001481,0.4037997525436965,99.05116256996054,101.62782358160335,XLP,生活必需品,defensive,Improving,7.0,4.0,7.0
2026-06-15,84.89098358154297,0.4003182375051826,0.40263924753085856,98.96029817403164,101.21673719408099,XLP,生活必需品,defensive,Improving,7.0,2.0,4.0
2026-06-16,85.00021362304688,0.402174696216121,0.40248439709261274,98.96852267404881,100.94891084342724,XLP,生活必需品,defensive,Improving,6.0,1.0,2.0
2026-06-17,83.10337829589844,0.3991828361135278,0.4013838767662511,98.88242156151387,100.19201531526501,XLP,生活必需品,defensive,Improving,6.0,0.0,-1.0
2026-06-18,82.72599792480469,0.3955342782863027,0.3994340106062683,98.71329307624327,99.83251821833787,XLP,生活必需品,defensive,Lagging,5.0,-2.0,-5.0
2026-06-22,82.18000030517578,0.39206144776432644,0.3969764896589544,98.49863747091216,99.49807328439114,XLP,生活必需品,defensive,Lagging,5.0,-2.0,-6.0
2026-06-23,83.72000122070312,0.40078510922170973,0.3982460295132062,98.67395837343155,99.82864157736343,XLP,生活必需品,defensive,Lagging,4.0,-3.0,-5.0
2026-06-24,84.44000244140625,0.40136895371041403,0.3992870042456088,98.82096987184124,99.99497289845925,XLP,生活必需品,defensive,Lagging,5.0,-1.0,-2.0
2026-06-25,83.94000244140625,0.39641087339507086,0.3983282939620962,98.75665488978561,100.0133778156834,XLP,生活必需品,defensive,Improving,4.0,-2.0,-2.0
2026-06-26,84.70999908447266,0.40278636331053114,0.3998143170782412,98.94834422568738,100.46566799851489,XLP,生活必需品,defensive,Improving,5.0,0.0,2.0
2026-06-29,84.37000274658203,0.39601033343372166,0.39854632253006805,98.83917742042902,100.59086553536854,XLP,生活必需品,defensive,Improving,5.0,0.0,2.0
2026-06-30,83.06999969482422,0.3904215727159059,0.395838072592014,98.56461531106072,100.01845600032009,XLP,生活必需品,defensive,Improving,6.0,2.0,5.0
2026-07-01,83.30000305175781,0.3903284833059942,0.3940015428300074,98.3875535781893,99.6139821373154,XLP,生活必需品,defensive,Lagging,5.0,0.0,1.0
2026-07-02,84.98999786376953,0.3954678535923084,0.39449031308410776,98.47629073143193,99.81866227898584,XLP,生活必需品,defensive,Lagging,5.0,1.0,3.0
2026-07-06,84.0999984741211,0.3911627836005632,0.39338113658959295,98.38391351994142,99.46531416089256,XLP,生活必需品,defensive,Lagging,4.0,-1.0,-1.0
2026-07-07,84.86000061035156,0.3951939752191235,0.39398541613276983,98.48512305689128,99.7382848883687,XLP,生活必需品,defensive,Lagging,5.0,0.0,0.0
2026-07-08,84.38999938964844,0.397690860524527,0.3952205642633556,98.66354315289597,100.30651497671566,XLP,生活必需品,defensive,Improving,6.0,0.0,-2.0
2026-07-09,83.19999694824219,0.3896955360573405,0.3933788881946839,98.47762938168249,100.27950963946886,XLP,生活必需品,defensive,Improving,5.0,0.0,0.0
2026-07-10,84.12000274658203,0.3925338383045442,0.3930972048979707,98.48211677400882,100.15813089178685,XLP,生活必需品,defensive,Improving,3.0,-2.0,-3.0
2026-07-13,84.58999633789062,0.3948559866727228,0.3936834654895548,98.59199927686664,100.40357105321132,XLP,生活必需品,defensive,Improving,4.0,0.0,1.0
2026-07-14,83.41999816894531,0.3908175186770941,0.3927281498854013,98.5198849078464,100.15675331860868,XLP,生活必需品,defensive,Improving,4.0,-1.0,-1.0
2026-07-15,83.47000122070312,0.391933139607781,0.39246314645952785,98.5394752602418,99.92058969268052,XLP,生活必需品,defensive,Lagging,2.0,-4.0,-4.0
2026-07-16,85.80999755859375,0.3990049220344409,0.3946437383178322,98.85121581142478,100.56782407220709,XLP,生活必需品,defensive,Improving,3.0,-2.0,-2.0
2026-07-17,85.19000244140625,0.3992595228519269,0.3961823331625305,99.0714414744225,100.84838033663574,XLP,生活必需品,defensive,Improving,4.0,1.0,3.0
2026-07-20,84.86000061035156,0.3994915796151139,0.3972854153133917,99.23037351526771,100.90288458941106,XLP,生活必需品,defensive,Improving,6.0,2.0,2.0
2026-07-21,84.05999755859375,0.39509306133156963,0.39655463065278435,99.16230567056772,100.88705631919315,XLP,生活必需品,defensive,Improving,5.0,1.0,2.0
2026-07-22,84.37999725341797,0.3967089725626595,0.3966060779560761,99.18880037463317,100.87079732867743,XLP,生活必需品,defensive,Improving,4.0,2.0,6.0
2026-07-23,83.20999908447266,0.3926481681928696,0.39528677470167395,99.05216966862046,100.1538944504645,XLP,生活必需品,defensive,Improving,4.0,1.0,3.0
2026-07-24,84.12999725341797,0.393922341004095,0.3948319634691477,99.02595189755412,99.76760084396045,XLP,生活必需品,defensive,Lagging,4.0,0.0,-1.0
2026-07-27,85.36000061035156,0.3966911586383697,0.3954516951922217,99.1277504228111,99.68830989105986,XLP,生活必需品,defensive,Lagging,5.0,-1.0,-3.0
2026-07-28,87.05999755859375,0.3999264852873845,0.39694329189060934,99.328506139213,100.1183176049879,XLP,生活必需品,defensive,Improving,5.0,0.0,-1.0
2026-07-29,87.36000061035156,0.40495064358451477,0.39961240912191115,99.6668919490354,100.6177807794276,XLP,生活必需品,defensive,Improving,7.0,3.0,1.0
2026-07-30,85.47000122070312,0.39683350024626035,0.3986861061633609,99.57461384169197,100.69790193870324,XLP,生活必需品,defensive,Improving,7.0,3.0,2.0
2026-07-31,85.05000305175781,0.39556302136947297,0.3976450778987316,99.47010954261174,100.5787154719344,XLP,生活必需品,defensive,Improving,7.0,3.0,3.0
2024-08-01,35.014686584472656,0.2132155058287811,0.2132155058287811,,,XLU,公益事業,defensive,,,,
2024-08-02,35.07139205932617,0.21730007600269144,0.21457702922008456,,,XLU,公益事業,defensive,,,,
2024-08-05,34.145225524902344,0.21668073769432228,0.21527826537816383,,,XLU,公益事業,defensive,,,,
2024-08-06,34.433475494384766,0.21629167444226327,0.21561606839953032,,,XLU,公益事業,defensive,,,,
2024-08-07,34.6272087097168,0.2190532872973001,0.21676180803212025,,,XLU,公益事業,defensive,,,,
2024-08-08,34.66501235961914,0.21538916661270416,0.21630426089231491,,,XLU,公益事業,defensive,,,,
2024-08-09,34.78314208984375,0.21566926501897368,0.21609259560120117,,,XLU,公益事業,defensive,,,,
2024-08-12,34.844573974609375,0.21709230653980433,0.21642583258073558,,,XLU,公益事業,defensive,,,,
2024-08-13,35.04776382446289,0.21589793959419024,0.21624986825188716,,,XLU,公益事業,defensive,,,,
2024-08-14,35.024139404296875,0.21530315654934815,0.21593429768437417,,,XLU,公益事業,defensive,,,,
2024-08-15,35.01941680908203,0.21239319411148902,0.2147539298267458,,,XLU,公益事業,defensive,,,,
2024-08-16,35.17534637451172,0.21282671452914248,0.2141115247275447,,,XLU,公益事業,defensive,,,,
2024-08-19,35.40688705444336,0.21260924002477544,0.21361076315995497,,,XLU,公益事業,defensive,,,,
2024-08-20,35.33128356933594,0.2129969800136327,0.21340616877784757,,,XLU,公益事業,defensive,,,,
2024-08-21,35.581729888916016,0.21301541761909473,0.21327591839159665,,,XLU,公益事業,defensive,,,,
2024-08-22,35.53920364379883,0.2133665639331389,0.21330613357211076,,,XLU,公益事業,defensive,,,,
2024-08-23,35.638427734375,0.21127393770078307,0.21262873494833487,,,XLU,公益事業,defensive,,,,
2024-08-26,35.869972229003906,0.21268322503935153,0.2126468983120071,,,XLU,公益事業,defensive,,,,
2024-08-27,35.58645248413086,0.21090531816159014,0.21206637159520145,,,XLU,公益事業,defensive,,,,
2024-08-28,35.58645248413086,0.21148756811224667,0.2118734371008832,,,XLU,公益事業,defensive,,,,
2024-08-29,35.78019332885742,0.21184699525530964,0.2118646231523587,,,XLU,公益事業,defensive,,,,
2024-08-30,36.049537658691406,0.2118033342131045,0.21184419350594064,,,XLU,公益事業,defensive,,,,
2024-09-03,35.997554779052734,0.21425107709688787,0.2126464880362564,,,XLU,公益事業,defensive,,,,
2024-09-04,36.30470657348633,0.21639079385740573,0.21389458997663954,,,XLU,公益事業,defensive,,,,
2024-09-05,36.21492004394531,0.2171836127640272,0.2149909309057688,,,XLU,公益事業,defensive,,,,
2024-09-06,35.869972229003906,0.21744971490172013,0.21581052557108593,,,XLU,公益事業,defensive,,,,
2024-09-09,36.23382568359375,0.2175495185293901,0.21639018989052067,,,XLU,公益事業,defensive,,,,
2024-09-10,36.40393829345703,0.21844396222182547,0.21707478066762226,,,XLU,公益事業,defensive,,,,
2024-09-11,36.51734161376953,0.21902265143282626,0.21772407092269025,,,XLU,公益事業,defensive,,,,
2024-09-12,36.59767150878906,0.21814958249007763,0.21786590811181938,,,XLU,公益事業,defensive,,,,
2024-09-13,37.112735748291016,0.21912146824756176,0.21828442815706686,,,XLU,公益事業,defensive,,,,
2024-09-16,37.39625549316406,0.21920471509972655,0.21859119047128678,,,XLU,公益事業,defensive,,,,
2024-09-17,37.3679084777832,0.21871595043347666,0.2186327771253501,,,XLU,公益事業,defensive,,,,
2024-09-18,37.08438491821289,0.21746297103914447,0.21824284176328157,,,XLU,公益事業,defensive,,,,
2024-09-19,36.86701965332031,0.213906147910355,0.2167972771456394,,,XLU,公益事業,defensive,,,,
2024-09-20,37.84043502807617,0.22035827902520652,0.21798427777216178,,,XLU,公益事業,defensive,,,,
2024-09-23,38.215789794921875,0.2214104314175418,0.21912632898728845,,,XLU,公益事業,defensive,,,,
2024-09-24,37.94462585449219,0.21951811819241446,0.21925692538899713,,,XLU,公益事業,defensive,,,,
2024-09-25,38.144432067871094,0.22204693656522562,0.22018692911440663,,,XLU,公益事業,defensive,,,,
2024-09-26,37.88277816772461,0.21869316715364281,0.21968900846081868,,,XLU,公益事業,defensive,,,,
2024-09-27,38.25860595703125,0.22007281587484376,0.21981694426549372,,,XLU,公益事業,defensive,,,,
2024-09-30,38.429874420166016,0.22077418576082294,0.22013602476393682,,,XLU,公益事業,defensive,,,,
2024-10-01,38.739097595214844,0.2237370008449605,0.22133635012427805,,,XLU,公益事業,defensive,,,,
2024-10-02,38.75812911987305,0.22408584797573078,0.22225284940809564,,,XLU,公益事業,defensive,,,,
2024-10-03,38.74385452270508,0.2250653071423424,0.22319033531951127,,,XLU,公益事業,defensive,,,,
2024-10-04,38.682010650634766,0.22295693293616636,0.22311253452506297,,,XLU,公益事業,defensive,,,,
2024-10-07,37.792388916015625,0.21953818802518169,0.22192108569176922,,,XLU,公益事業,defensive,,,,
2024-10-08,37.81141662597656,0.21912926059176183,0.2209904773251001,,,XLU,公益事業,defensive,,,,
2024-10-09,37.4879150390625,0.2157722426354832,0.2192510657618945,,,XLU,公益事業,defensive,,,,
2024-10-10,37.37373733520508,0.21592409455496583,0.21814207535958496,,,XLU,公益事業,defensive,,,,
2024-10-11,37.70199966430664,0.2157017636672294,0.2173286381287998,,,XLU,公益事業,defensive,,,,
2024-10-14,38.177730560302734,0.21683252401522082,0.2171632667576068,,,XLU,公益事業,defensive,,,,
2024-10-15,38.348995208740234,0.21879524790366614,0.21770726047295993,,,XLU,公益事業,defensive,,,,
2024-10-16,39.11016845703125,0.22163911098566869,0.21901787731052955,,,XLU,公益事業,defensive,,,,
2024-10-17,38.76288604736328,0.220022376702731,0.2193527104412634,,,XLU,公益事業,defensive,,,,
2024-10-18,38.98648452758789,0.22063451182696162,0.21977997756982948,,,XLU,公益事業,defensive,,,,
2024-10-21,38.83424377441406,0.22166205190257443,0.22040733568074447,,,XLU,公益事業,defensive,,,,
2024-10-22,38.696285247802734,0.2218712541177638,0.22089530849308425,,,XLU,公益事業,defensive,,,,
2024-10-23,39.06735610961914,0.22473750893461944,0.222176041973596,,,XLU,公益事業,defensive,,,,
2024-10-24,38.815216064453125,0.22323712853435854,0.2225297374938502,,,XLU,公益事業,defensive,,,,
2024-10-25,38.23957824707031,0.22097606478917428,0.22201184659229156,,,XLU,公益事業,defensive,,,,
2024-10-28,38.53928756713867,0.22145219219376672,0.22182529512611662,,,XLU,公益事業,defensive,,,,
2024-10-29,37.71626663208008,0.21737834116843663,0.2203429771402233,100.91417517114864,,XLU,公益事業,defensive,,6.0,,
2024-10-30,37.625877380371094,0.2173320170400111,0.21933932377348592,100.57952592887655,,XLU,公益事業,defensive,,6.0,,
2024-10-31,38.01598358154297,0.22195196784041651,0.22021020512912945,100.82540030005725,,XLU,公益事業,defensive,,6.0,,
2024-11-01,37.16917419433594,0.2168726476303249,0.21909768596286128,100.45855770807975,,XLU,公益事業,defensive,,6.0,,
2024-11-04,36.72673416137695,0.2140363074776284,0.217410559801117,99.91872509558797,,XLU,公益事業,defensive,,6.0,,
2024-11-05,37.278587341308594,0.21474755341353036,0.2165228910052548,99.63997136179901,,XLU,公益事業,defensive,,6.0,0.0,
2024-11-06,36.893253326416016,0.2076125863651289,0.21355278945854617,98.7320427390129,,XLU,公益事業,defensive,,5.0,-1.0,
2024-11-07,36.9598503112793,0.207782869456348,0.2116294827911468,98.20089624824554,,XLU,公益事業,defensive,,5.0,-1.0,
2024-11-08,37.668697357177734,0.21059459425797622,0.21128451994675662,98.17133664441357,,XLU,公益事業,defensive,,5.0,-1.0,
2024-11-11,37.77335739135742,0.21012963533409565,0.210899558409203,98.13601637603628,,XLU,公益事業,defensive,,5.0,-1.0,
2024-11-12,37.34043884277344,0.2093164945615961,0.21037187046000072,98.06873879459522,,XLU,公益事業,defensive,,5.0,-1.0,-1.0
2024-11-13,37.273834228515625,0.20882942308941754,0.209857721336473,98.00673527679795,,XLU,公益事業,defensive,,5.0,0.0,1.0
2024-11-14,37.1453857421875,0.20978846814931454,0.20983463694075352,98.06912255665755,,XLU,公益事業,defensive,,4.0,-1.0,0.0
2024-11-15,37.70199966430664,0.2144619343771222,0.2113770694195431,98.5029667362959,,XLU,公益事業,defensive,,5.0,0.0,1.0
2024-11-18,38.030250549316406,0.215459882075645,0.21273800697157708,98.86422955720526,,XLU,公益事業,defensive,,5.0,0.0,1.0
2024-11-19,38.27287292480469,0.21742090069123912,0.21429897154479777,99.2633959914905,,XLU,公益事業,defensive,,5.0,0.0,1.0
2024-11-20,38.291908264160156,0.2167990557075852,0.2151323329323936,99.4703488873045,,XLU,公益事業,defensive,,5.0,0.0,0.0
2024-11-21,38.95793914794922,0.21782603914209311,0.21603023500229346,99.68866602332879,,XLU,公益事業,defensive,,5.0,1.0,2.0
2024-11-22,38.74860763549805,0.21496235407946845,0.21567427469468514,99.57688017643463,,XLU,公益事業,defensive,,5.0,0.0,0.0
2024-11-25,38.819976806640625,0.21342565957441811,0.2149247363212628,99.3553698009737,,XLU,公益事業,defensive,,5.0,0.0,0.0
2024-11-26,39.43843460083008,0.21680270114523123,0.21555072459591895,99.50172399452774,,XLU,公益事業,defensive,,5.0,0.0,0.0
2024-11-27,39.43843460083008,0.21701130968123827,0.2160375862910254,99.6109988448269,,XLU,公益事業,defensive,,6.0,1.0,1.0
2024-11-29,39.45270538330078,0.21643032156098682,0.21616849804767924,99.62123684751468,,XLU,公益事業,defensive,,6.0,1.0,0.0
2024-12-02,38.605892181396484,0.2123167511642456,0.21488458241986802,99.2342891605876,,XLU,公益事業,defensive,,5.0,0.0,0.0
2024-12-03,38.27287292480469,0.2114228743232806,0.21373067972100557,98.90129102487315,,XLU,公益事業,defensive,,4.0,-1.0,-1.0
2024-12-04,38.268123626708984,0.21138530659823732,0.21294888868008283,98.69681640295032,,XLU,公益事業,defensive,,3.0,-2.0,-2.0
2024-12-05,38.387054443359375,0.2131059262841519,0.21300123454810588,98.73896362837853,,XLU,公益事業,defensive,,4.0,-2.0,-3.0
2024-12-06,37.91132354736328,0.21070352089491964,0.2122353299970438,98.56415646954399,,XLU,公益事業,defensive,,3.0,-3.0,-4.0
2024-12-09,37.435585021972656,0.2089168705555599,0.21112917684988253,98.32175834852508,,XLU,公益事業,defensive,,2.0,-3.0,-3.0
2024-12-10,37.1644172668457,0.20868211757397906,0.2103134904245814,98.18251325277744,,XLU,公益事業,defensive,,2.0,-2.0,-1.0
2024-12-11,36.931304931640625,0.2071810636304113,0.20926934815985804,98.00921518181788,,XLU,公益事業,defensive,,1.0,-2.0,0.0
2024-12-12,36.91227722167969,0.2078332490516376,0.20879064845711792,97.99303702299798,,XLU,公益事業,defensive,,1.0,-3.0,-1.0
2024-12-13,36.93606185913086,0.20869789022711346,0.20875972904711645,98.08175470021693,,XLU,公益事業,defensive,,2.0,-1.0,2.0
2024-12-16,36.641109466552734,0.20771549025087926,0.20841164944837073,98.09308101474757,,XLU,公益事業,defensive,,2.0,0.0,3.0
2024-12-17,36.48887252807617,0.20849460849653098,0.20843930246442416,98.18469257766749,,XLU,公益事業,defensive,,3.0,1.0,3.0
2024-12-18,35.62779235839844,0.20978186541471555,0.20888682344785464,98.3530403051977,,XLU,公益事業,defensive,,3.0,2.0,4.0
2024-12-19,35.78954315185547,0.21143580699486839,0.20973648463019257,98.59316305315683,,XLU,公益事業,defensive,,4.0,3.0,6.0
2024-12-20,36.36042404174805,0.21184152366938339,0.21043816430992285,98.78790762318758,,XLU,公益事業,defensive,,4.0,2.0,3.0
2024-12-23,36.48417663574219,0.21227313731093722,0.21104982197692765,98.95443507022685,,XLU,公益事業,defensive,,6.0,4.0,4.0
2024-12-24,36.68564987182617,0.21184702922750223,0.21131555772711919,99.04279594887416,,XLU,公益事業,defensive,,6.0,3.0,2.0
2024-12-26,36.59930419921875,0.21100389445987353,0.21121166997137064,99.05078446906172,,XLU,公益事業,defensive,,6.0,3.0,1.0
2024-12-27,36.4937744140625,0.21183628333280927,0.21141987442518353,99.12411093277262,,XLU,公益事業,defensive,,6.0,2.0,-1.0
2024-12-30,36.34027862548828,0.2130919975229898,0.21197724879111898,99.26963659097,,XLU,公益事業,defensive,,6.0,2.0,0.0
2024-12-31,36.306705474853516,0.21250635448052055,0.21215361735425284,99.33263366663806,,XLU,公益事業,defensive,,6.0,0.0,-4.0
2025-01-02,36.58491134643555,0.2147597502632737,0.21302232832392648,99.54699444906953,,XLU,公益事業,defensive,,6.0,0.0,-3.0
2025-01-03,36.97344970703125,0.215071015119726,0.21370522392252633,99.72573997435569,,XLU,公益事業,defensive,,6.0,0.0,-3.0
2025-01-06,36.5609245300293,0.21281625803093668,0.21340890195866313,99.68400833303224,,XLU,公益事業,defensive,,7.0,1.0,-1.0
2025-01-07,36.469791412353516,0.21299899047384455,0.21327226479705694,99.67672900019933,,XLU,公益事業,defensive,,7.0,1.0,-1.0
2025-01-08,36.46019744873047,0.21268862837446428,0.2130777193228594,99.65356536947887,,XLU,公益事業,defensive,,6.0,0.0,0.0
2025-01-10,36.25393295288086,0.21462259037826054,0.21359267634132648,99.80038956951266,,XLU,公益事業,defensive,,6.0,0.0,0.0
2025-01-13,35.831817626953125,0.21039919125823478,0.21252818131362924,99.55487119846688,,XLU,公益事業,defensive,,5.0,-1.0,-1.0
2025-01-14,36.30189895629883,0.2114524992938492,0.21216962064036926,99.48423585812664,,XLU,公益事業,defensive,,4.0,-3.0,-4.0
2025-01-15,36.834346771240234,0.21251423415095794,0.2122844918105655,99.53128803301614,,XLU,公益事業,defensive,,4.0,-3.0,-4.0
2025-01-16,37.76491928100586,0.21618065592583047,0.21358321318232049,99.87408715891777,,XLU,公益事業,defensive,,5.0,-1.0,-1.0
2025-01-17,37.81767654418945,0.21543654202696708,0.21420098946386934,100.05075121099982,,XLU,公益事業,defensive,,5.0,-1.0,-1.0
2025-01-21,38.39808654785156,0.21623281879955866,0.21487826590909911,100.2466723840223,,XLU,公益事業,defensive,,6.0,1.0,2.0
2025-01-22,37.56825256347656,0.21230578197049624,0.21402077126289817,100.04781183817353,,XLU,公益事業,defensive,,5.0,1.0,4.0
2025-01-23,37.745731353759766,0.21230272753222726,0.21344809001934123,99.92296604876849,,XLU,公益事業,defensive,,5.0,1.0,4.0
2025-01-24,38.12946701049805,0.21464943294077687,0.2138485376598198,100.06477058256266,,XLU,公益事業,defensive,,5.0,0.0,1.0
2025-01-27,37.246864318847656,0.20954280977243028,0.21241329503068995,99.68912974765394,,XLU,公益事業,defensive,,4.0,-1.0,0.0
2025-01-28,36.733612060546875,0.20768060768930355,0.21083573258356117,99.23404627498824,,XLU,公益事業,defensive,,3.0,-3.0,-4.0
2025-01-29,36.81035614013672,0.20880508942192216,0.2101588515296815,99.02610407311184,,XLU,公益事業,defensive,,3.0,-2.0,-3.0
2025-01-30,37.577842712402344,0.2109073738917778,0.2104083589837136,99.11096681545662,,XLU,公益事業,defensive,,3.0,-2.0,-3.0
2025-01-31,37.3571891784668,0.2114042180492608,0.2107403120055627,99.2418480444053,,XLU,公益事業,defensive,,3.0,-2.0,-2.0
2025-02-03,37.558658599853516,0.21371170727353425,0.21173077709488655,99.64163969725914,,XLU,公益事業,defensive,,6.0,2.0,3.0
2025-02-04,37.22768020629883,0.21157017859543084,0.21167724426173468,99.64736619009533,,XLU,公益事業,defensive,,5.0,2.0,5.0
2025-02-05,37.60182571411133,0.21265956004545786,0.21200468285630908,99.82405954669252,,XLU,公益事業,defensive,,7.0,4.0,6.0
2025-02-06,37.558658599853516,0.21269691976949232,0.21223542849403684,99.96637303604331,101.05018217382893,XLU,公益事業,defensive,Improving,7.0,4.0,6.0
2025-02-07,37.48190689086914,0.21331050618487463,0.21259378772431614,100.17475331237783,101.10443729894901,XLU,公益事業,defensive,Leading,7.0,4.0,6.0
2025-02-10,37.88963317871094,0.21502241766097943,0.21340333103653725,100.57960394425105,101.08830892891304,XLU,公益事業,defensive,Leading,8.0,2.0,0.0
2025-02-11,38.08150100708008,0.21608731030956121,0.2142979907942119,100.99700011891393,101.59552327313973,XLU,公益事業,defensive,Leading,8.0,3.0,1.0
2025-02-12,38.01435089111328,0.2169666883722607,0.2151875566535615,101.38691238060053,101.87214348463216,XLU,公益事業,defensive,Leading,8.0,1.0,-3.0
2025-02-13,38.10068893432617,0.21558790837055158,0.21532100722589154,101.40052454443688,101.68755607976993,XLU,公益事業,defensive,Leading,8.0,1.0,-3.0
2025-02-14,37.94239807128906,0.21490563994500902,0.21518255146559737,101.28948634544331,101.24185353404127,XLU,公益事業,defensive,Leading,8.0,1.0,-3.0
2025-02-18,38.297359466552734,0.21526374111289173,0.21520961468136218,101.26175478375093,100.61209922600557,XLU,公益事業,defensive,Leading,9.0,1.0,-1.0
2025-02-19,38.498817443847656,0.21595820522435552,0.21545914486235998,101.33782161555222,100.11824934885057,XLU,公益事業,defensive,Leading,9.0,1.0,-2.0
2025-02-20,38.494022369384766,0.21647593029300408,0.21579807333924134,101.44571212559536,99.7241450282761,XLU,公益事業,defensive,Weakening,9.0,1.0,0.0
2025-02-21,38.50361633300781,0.2196125295188542,0.21706955873244566,101.94979591788267,100.42510749182928,XLU,公益事業,defensive,Leading,11.0,3.0,2.0
2025-02-24,38.31175231933594,0.21833604354896213,0.21749172033795117,102.052975194758,100.74723475317327,XLU,公益事業,defensive,Leading,11.0,3.0,2.0
2025-02-25,38.119873046875,0.2170255055945514,0.21733631542348458,101.92410901373091,100.63431277079273,XLU,公益事業,defensive,Leading,9.0,0.0,-1.0
2025-02-26,38.27817153930664,0.21838737015666515,0.21768666700121148,102.0246719446586,100.71399007263805,XLU,公益事業,defensive,Leading,11.0,2.0,1.0
2025-02-27,37.42914581298828,0.21542482256118398,0.21693271885453566,101.67561569794697,100.04199176861496,XLU,公益事業,defensive,Leading,8.0,-1.0,-2.0
2025-02-28,37.999961853027344,0.21630680032175476,0.2167240793436087,101.55354287133537,99.10521010648924,XLU,公益事業,defensive,Weakening,7.0,-4.0,-7.0
2025-03-03,38.0527229309082,0.21894012388464532,0.2174627608572876,101.81291746094428,99.35798362767082,XLU,公益事業,defensive,Weakening,8.0,-3.0,-6.0
2025-03-04,37.43394088745117,0.21891676004329308,0.21794742725262278,101.95813762634549,99.77864635525995,XLU,公益事業,defensive,Weakening,8.0,-1.0,-1.0
2025-03-05,37.17011642456055,0.21537221138967277,0.2170890219649728,101.59735744783822,99.08922899590605,XLU,公益事業,defensive,Weakening,8.0,-3.0,-5.0
2025-03-06,36.39783477783203,0.21325879458286542,0.21581227950427034,101.08203956067302,98.8500601750923,XLU,公益事業,defensive,Weakening,8.0,0.0,1.0
2025-03-07,37.074180603027344,0.21520538099036193,0.21560997999963422,100.98362094105413,98.89167203077639,XLU,公益事業,defensive,Weakening,7.0,0.0,4.0
2025-03-10,37.48190689086914,0.22068208281926643,0.21730068093951163,101.58187967202501,99.37815276421337,XLU,公益事業,defensive,Weakening,8.0,0.0,3.0
2025-03-11,37.13174819946289,0.22157134641674056,0.21872423609858796,102.0192880713964,99.79684318388739,XLU,公益事業,defensive,Weakening,8.0,0.0,1.0
2025-03-12,37.01661682128906,0.22193019875841288,0.2197928903185296,102.26930733068096,100.7250272597733,XLU,公益事業,defensive,Leading,11.0,3.0,6.0
2025-03-13,37.107765197753906,0.22463016853073767,0.22140531638926564,102.63182535154777,102.05112953418995,XLU,公益事業,defensive,Leading,11.0,3.0,3.0
2025-03-14,37.83207321166992,0.22473047165828272,0.222513701478938,102.77250722921976,102.30788641048738,XLU,公益事業,defensive,Leading,11.0,4.0,4.0
2025-03-17,37.9903678894043,0.22266593921435687,0.2225644473907443,102.60821525855717,101.09576008482482,XLU,公益事業,defensive,Leading,11.0,3.0,3.0
2025-03-18,37.72654342651367,0.2222755510237437,0.22246814860174413,102.43677343512383,100.11816575943375,XLU,公益事業,defensive,Leading,11.0,3.0,3.0
2025-03-19,37.86565017700195,0.22145405893570902,0.22213011871306576,102.22710332540359,99.36454443642324,XLU,公益事業,defensive,Weakening,11.0,0.0,-3.0
2025-03-20,38.01914596557617,0.22328121365082063,0.22251381702565073,102.23204220421646,98.79622994168268,XLU,公益事業,defensive,Weakening,10.0,-1.0,-4.0
2025-03-21,37.774513244628906,0.22286542697222167,0.22263102034117438,102.1689370852931,98.50774367771501,XLU,公益事業,defensive,Weakening,10.0,-1.0,-5.0
2025-03-24,37.76243209838867,0.21939436822492775,0.22155213630242554,101.80522616104233,98.26506943682305,XLU,公益事業,defensive,Weakening,10.0,-1.0,-4.0
2025-03-25,37.15858459472656,0.21640340906515879,0.2198358938900033,101.29216719501362,97.86163170694992,XLU,公益事業,defensive,Weakening,10.0,-1.0,-4.0
2025-03-26,37.40494918823242,0.21824911179991782,0.21930696652664147,101.1111326896553,98.00889552312013,XLU,公益事業,defensive,Weakening,9.0,-2.0,-2.0
2025-03-27,37.39529037475586,0.2187554588719383,0.21912313064174044,101.02734966717603,97.98589429191759,XLU,公益事業,defensive,Weakening,9.0,-1.0,0.0
2025-03-28,37.67064666748047,0.22381666166986222,0.2206876409844477,101.4143236184855,98.66468451942096,XLU,公益事業,defensive,Weakening,10.0,0.0,1.0
2025-03-31,38.09092712402344,0.2244455141772362,0.2219402653820439,101.69440625836269,99.57731996450404,XLU,公益事業,defensive,Weakening,10.0,0.0,1.0
2025-04-01,38.18754196166992,0.22478123504266712,0.22288725526891834,101.87057788605789,100.53729650304845,XLU,公益事業,defensive,Leading,10.0,0.0,1.0
2025-04-02,38.36628341674805,0.22396070116919728,0.22324507056901133,101.88003127490066,100.79342026502323,XLU,公益事業,defensive,Leading,10.0,1.0,3.0
2025-04-03,38.1247444152832,0.2336829288526596,0.22672435666356078,102.60411750260175,101.83683220456452,XLU,公益事業,defensive,Leading,11.0,2.0,3.0
2025-04-04,36.0040168762207,0.23381170796972206,0.22908680709894788,102.92248327277395,101.68422697350178,XLU,公益事業,defensive,Leading,11.0,1.0,1.0
2025-04-07,35.453304290771484,0.23217034875198336,0.2301146543166264,102.89261929150055,101.2512270689531,XLU,公益事業,defensive,Leading,11.0,1.0,1.0
2025-04-08,35.30838394165039,0.2356664287226685,0.2319652457853071,102.99877097435618,101.13731889588645,XLU,公益事業,defensive,Leading,11.0,1.0,1.0
2025-04-09,36.69965744018555,0.22681390867009266,0.23024813341356898,102.47516437304617,100.44268097304732,XLU,公益事業,defensive,Leading,11.0,1.0,0.0
2025-04-10,36.42430114746094,0.2329543702384015,0.23115021235517982,102.47473835551462,99.51590945713791,XLU,公益事業,defensive,Weakening,11.0,0.0,-2.0
2025-04-11,36.86873245239258,0.23227479365457787,0.23152507278831252,102.38382887920075,99.0118610066975,XLU,公益事業,defensive,Weakening,11.0,0.0,-1.0
2025-04-14,37.530555725097656,0.2334615807732491,0.23217057544995806,102.34771961091654,99.01716541659076,XLU,公益事業,defensive,Weakening,11.0,0.0,-1.0
2025-04-15,37.525726318359375,0.23418796126282623,0.2328430373875808,102.31834181427044,98.86377825019314,XLU,公益事業,defensive,Weakening,11.0,0.0,-1.0
2025-04-16,37.187564849853516,0.23509603767132703,0.2335940374821629,102.3003434614393,99.50285736668178,XLU,公益事業,defensive,Weakening,11.0,0.0,-1.0
2025-04-17,37.56919479370117,0.23575647306170094,0.2343148493420089,102.2732687483978,99.47884031210523,XLU,公益事業,defensive,Weakening,11.0,0.0,0.0
2025-04-21,36.68033218383789,0.2349009161095884,0.2345102049312021,102.17554938590763,99.48057483701098,XLU,公益事業,defensive,Weakening,11.0,0.0,0.0
2025-04-22,37.6803092956543,0.23549822738575757,0.23483954574938726,102.10516896716368,99.45579711940859,XLU,公益事業,defensive,Weakening,11.0,0.0,0.0
2025-04-23,37.83972930908203,0.23422861092577493,0.23463590080818317,101.97552357586196,99.34890361933891,XLU,公益事業,defensive,Weakening,11.0,0.0,0.0
2025-04-24,37.8976936340332,0.23068434675295157,0.233318716123106,101.72040210696044,99.07656530713817,XLU,公益事業,defensive,Weakening,11.0,0.0,0.0
2025-04-25,37.78175735473633,0.23030827755062253,0.23231523659894487,101.52578417790251,98.89731249614869,XLU,公益事業,defensive,Weakening,11.0,0.0,0.0
2025-04-28,38.013633728027344,0.23107314464309764,0.23190120594699581,101.42036054955712,98.90292940429104,XLU,公益事業,defensive,Weakening,10.0,-1.0,-1.0
2025-04-29,38.30831527709961,0.2315133000276277,0.23177190397387312,101.35958203478675,98.90222469092686,XLU,公益事業,defensive,Weakening,10.0,-1.0,-1.0
2025-04-30,38.115081787109375,0.23001866459685383,0.23118749084820003,101.2453445038867,98.90750386431728,XLU,公益事業,defensive,Weakening,10.0,-1.0,-1.0
2025-05-01,38.22618865966797,0.23100329834584774,0.23112609334741596,101.20228242627807,99.16042758789104,XLU,公益事業,defensive,Weakening,9.0,-2.0,-2.0
2025-05-02,38.52570343017578,0.22877706296600783,0.23034308322027994,101.06613519787147,99.22065809695142,XLU,公益事業,defensive,Weakening,9.0,-2.0,-2.0
2025-05-05,38.42908477783203,0.22896255442828875,0.22988290695628288,100.97414043982879,99.2486468832034,XLU,公益事業,defensive,Weakening,8.0,-2.0,-1.0
2025-05-06,38.897666931152344,0.2334852442163527,0.23108368604297286,101.10699691946205,99.5055667983542,XLU,公益事業,defensive,Weakening,9.0,-1.0,0.0
2025-05-07,39.008785247802734,0.23262016088907556,0.2315958443250071,101.14502598751376,99.71298551450697,XLU,公益事業,defensive,Weakening,9.0,-1.0,0.0
2025-05-08,38.69477844238281,0.22882261476497665,0.23067143447166363,100.9869576355753,99.58719237343432,XLU,公益事業,defensive,Weakening,9.0,0.0,2.0
2025-05-09,38.76240539550781,0.22927567679580324,0.2302061819130435,100.89401331434367,99.66145337268462,XLU,公益事業,defensive,Weakening,9.0,0.0,2.0
2025-05-12,38.53053283691406,0.22182415121946591,0.22741217168185102,100.46898033345089,99.2614930892137,XLU,公益事業,defensive,Weakening,8.0,0.0,2.0
2025-05-13,38.477394104003906,0.22101957097571598,0.225281304779806,100.13442711262982,98.69760164941982,XLU,公益事業,defensive,Weakening,7.0,-2.0,-1.0
2025-05-14,38.30831527709961,0.2213813978601103,0.22398133580657412,99.91914629496594,98.40786025983529,XLU,公益事業,defensive,Lagging,6.0,-3.0,-2.0
2025-05-15,39.124717712402344,0.22405702935399163,0.22400656698904664,99.9005620726665,98.62326175857038,XLU,公益事業,defensive,Lagging,6.0,-3.0,-3.0
2025-05-16,39.6995849609375,0.2251386893931311,0.22438394112374146,99.93492073856874,98.82619058120366,XLU,公益事業,defensive,Lagging,6.0,-3.0,-3.0
2025-05-19,39.8686637878418,0.22612268923388051,0.22496352382712115,100.00127351918441,99.50652693174192,XLU,公益事業,defensive,Weakening,6.0,-2.0,-2.0
2025-05-20,39.98460006713867,0.22737399737608419,0.22576701501010882,100.10505834674039,100.10674278927544,XLU,公益事業,defensive,Leading,6.0,-1.0,1.0
2025-05-21,39.25515365600586,0.22819676509530973,0.22657693170517582,100.21258902299553,100.53784686204567,XLU,公益事業,defensive,Leading,6.0,0.0,3.0
2025-05-22,38.69477844238281,0.22565887890677175,0.22627091410570782,100.14000843932088,100.47367996489594,XLU,公益事業,defensive,Leading,6.0,0.0,3.0
2025-05-23,39.158538818359375,0.2292803574719903,0.22727406189446867,100.28624536650172,100.63976448311598,XLU,公益事業,defensive,Leading,6.0,0.0,3.0
2025-05-27,39.453216552734375,0.22677800304083195,0.22710870894325644,100.2354554562155,100.49230604466483,XLU,公益事業,defensive,Leading,6.0,0.0,2.0
2025-05-28,38.90250015258789,0.2255301986742313,0.22658253885358143,100.12202844891469,100.2094266639406,XLU,公益事業,defensive,Leading,6.0,0.0,1.0
2025-05-29,39.17302703857422,0.22654525922014404,0.22657011230910232,100.09491077354068,100.02958030546013,XLU,公益事業,defensive,Leading,6.0,0.0,0.0
2025-05-30,39.5739860534668,0.22895488031498148,0.22736503497772872,100.21200342369143,100.2841275811883,XLU,公益事業,defensive,Leading,6.0,0.0,0.0
2025-06-02,39.6995849609375,0.22949941336228488,0.22807649443924746,100.31817806228663,100.22209470879908,XLU,公益事業,defensive,Leading,6.0,0.0,0.0
2025-06-03,39.80586242675781,0.22821386264864052,0.2281222838423785,100.30252540686774,100.2703781052515,XLU,公益事業,defensive,Leading,6.0,0.0,0.0
2025-06-04,39.1102294921875,0.2247305800784317,0.22699171592106293,100.05792286991176,100.07930008289438,XLU,公益事業,defensive,Leading,6.0,0.0,0.0
2025-06-05,39.047428131103516,0.22497760345051923,0.22632034509754836,99.88900471440016,99.87200523068333,XLU,公益事業,defensive,Lagging,5.0,-1.0,-1.0
2025-06-06,39.22134017944336,0.2240447214369559,0.2255618038773509,99.68821878858998,99.42465070005214,XLU,公益事業,defensive,Lagging,5.0,-1.0,-1.0
2025-06-09,38.97013473510742,0.22257239178542598,0.2245653331800426,99.43179792192615,98.93989643067256,XLU,公益事業,defensive,Lagging,5.0,-1.0,-1.0
2025-06-10,39.06192398071289,0.22199115386893362,0.22370727340967295,99.20594225601806,98.69108662434802,XLU,公益事業,defensive,Lagging,5.0,-1.0,-1.0
2025-06-11,39.08607482910156,0.22276090309153482,0.22339181663696026,99.10648332438731,98.92477439999954,XLU,公益事業,defensive,Lagging,4.0,-2.0,-2.0
2025-06-12,39.55949401855469,0.22493157452214954,0.2239050692653567,99.20761085813133,99.3147772526151,XLU,公益事業,defensive,Lagging,5.0,0.0,1.0
2025-06-13,39.33244323730469,0.22637697478966504,0.22472903777345948,99.38661304618047,99.90051001290277,XLU,公益事業,defensive,Lagging,5.0,0.0,1.0
2025-06-16,39.13920974731445,0.2231135579406272,0.22419054449584874,99.2501407020038,100.11877596467187,XLU,公益事業,defensive,Improving,5.0,0.0,1.0
2025-06-17,38.815547943115234,0.22341461184696115,0.2239319002795529,99.17922917045195,100.37984443775487,XLU,公益事業,defensive,Improving,5.0,0.0,1.0
2025-06-18,38.9169921875,0.22397320819343408,0.22394566958418,99.16967696285114,100.52087645618013,XLU,公益事業,defensive,Improving,5.0,1.0,3.0
2025-06-20,39.02327346801758,0.22421828286565468,0.22403654067800488,99.18080925608186,100.36681545479084,XLU,公益事業,defensive,Improving,5.0,0.0,0.0
2025-06-23,39.517974853515625,0.22507366809722737,0.22438224981774574,99.25227332319297,100.18297720063121,XLU,公益事業,defensive,Improving,5.0,0.0,0.0
2025-06-24,39.68822479248047,0.2239231831195638,0.22422922758501845,99.19565522790792,100.29385712941058,XLU,公益事業,defensive,Improving,5.0,0.0,0.0
2025-06-25,39.158016204833984,0.22253729008407086,0.22366524841803592,99.02180596764977,100.10409477251493,XLU,公益事業,defensive,Improving,5.0,0.0,0.0
2025-06-26,39.483924865722656,0.22270869711007493,0.22334639798204894,98.89759611500318,99.89156674625642,XLU,公益事業,defensive,Lagging,4.0,-1.0,-2.0
2025-06-27,39.56175994873047,0.22233352487699373,0.22300877361369723,98.76097205104048,99.61484856853681,XLU,公益事業,defensive,Lagging,4.0,-1.0,-1.0
2025-06-30,39.72228240966797,0.22219158561146954,0.22273637761295467,98.66194323057599,99.31595191428195,XLU,公益事業,defensive,Lagging,4.0,-1.0,-1.0
2025-07-01,39.858482360839844,0.2203706886071776,0.22194781461102897,98.45093546001877,99.07435777143215,XLU,公益事業,defensive,Lagging,2.0,-3.0,-3.0
2025-07-02,39.51311111450195,0.2179632962487366,0.2206196418235982,98.13423990115439,98.86564427163111,XLU,公益事業,defensive,Lagging,1.0,-4.0,-4.0
2025-07-03,39.80983352661133,0.21854466496324873,0.2199279828701484,98.01041605422448,98.8956842030736,XLU,公益事業,defensive,Lagging,1.0,-3.0,-2.0
2025-07-07,39.89253616333008,0.22076306973803272,0.2202063451594432,98.16107679479997,99.40522264025002,XLU,公益事業,defensive,Lagging,2.0,-2.0,-1.0
2025-07-08,39.46933364868164,0.21787550718261808,0.21942939916716817,98.06469962954269,99.41680571604418,XLU,公益事業,defensive,Lagging,1.0,-3.0,-2.0
2025-07-09,39.839027404785156,0.21926140658522275,0.21937340163985303,98.14067680928227,100.0772306943069,XLU,公益事業,defensive,Improving,2.0,0.0,3.0
2025-07-10,40.16493606567383,0.2197819463555722,0.21950958321175942,98.2469574002785,101.19414677403206,XLU,公益事業,defensive,Improving,2.0,1.0,5.0
2025-07-11,40.106563568115234,0.22108099335492928,0.22003338659281607,98.4320882123269,102.01323404123978,XLU,公益事業,defensive,Improving,3.0,2.0,5.0
2025-07-14,40.26708221435547,0.22173733704813645,0.22060137007792285,98.61210979218122,102.0018761630309,XLU,公益事業,defensive,Improving,4.0,2.0,4.0
2025-07-15,39.8828010559082,0.22270955904813652,0.22130409973466075,98.81110767501296,102.54410029679016,XLU,公益事業,defensive,Improving,4.0,3.0,6.0
2025-07-16,39.902259826660156,0.22195262430689525,0.22152027459207227,98.89478734545341,102.39725743790804,XLU,公益事業,defensive,Improving,4.0,2.0,2.0
2025-07-17,40.067649841308594,0.22107024706590037,0.22137026541668164,98.8932001394367,102.0454347057474,XLU,公益事業,defensive,Improving,4.0,2.0,1.0
2025-07-18,40.738929748535156,0.22485941793703149,0.22253331625679826,99.18578014503186,102.16109665947738,XLU,公益事業,defensive,Improving,5.0,2.0,0.0
2025-07-21,40.87026596069336,0.22635858526061156,0.22380840592473605,99.50915258118107,102.31656676669517,XLU,公益事業,defensive,Improving,6.0,2.0,0.0
2025-07-22,41.371299743652344,0.226249195680377,0.2246220025099497,99.73397879775486,102.23502051861966,XLU,公益事業,defensive,Improving,6.0,2.0,-1.0
2025-07-23,41.05997848510742,0.22270170865551783,0.22398190455847244,99.5996285552931,101.74250203967091,XLU,公益事業,defensive,Improving,6.0,2.0,0.0
2025-07-24,41.0064697265625,0.2231257363423287,0.22369651515309122,99.54951406109679,101.58871688941659,XLU,公益事業,defensive,Improving,6.0,2.0,0.0
2025-07-25,41.11347579956055,0.2226355005432829,0.22334284361648848,99.47600904006843,100.8898532933285,XLU,公益事業,defensive,Improving,6.0,1.0,-1.0
2025-07-28,40.67569351196289,0.2215749779046116,0.22275355504586286,99.33042488729973,100.01618257016268,XLU,公益事業,defensive,Improving,6.0,0.0,-2.0
2025-07-29,41.14267349243164,0.2242269202907379,0.22324467679415455,99.49938923128465,99.8970488398837,XLU,公益事業,defensive,Lagging,6.0,0.0,-2.0
2025-07-30,41.44912338256836,0.22737197063761522,0.22462044140864146,99.95065773616636,100.95554484971504,XLU,公益事業,defensive,Improving,8.0,2.0,0.0
2025-07-31,41.67288589477539,0.23070332359185255,0.22664806880304517,100.63328895989949,102.19595493132924,XLU,公益事業,defensive,Leading,9.0,3.0,1.0
2025-08-01,41.736122131347656,0.23368768149930924,0.22899460636846655,101.43743821390838,103.36120835315214,XLU,公益事業,defensive,Leading,10.0,4.0,3.0
2025-08-04,42.475502014160156,0.23495472456862113,0.23098131243518474,102.08042648014296,103.95163876187124,XLU,公益事業,defensive,Leading,11.0,5.0,5.0
2025-08-05,42.02311706542969,0.2330992038140547,0.2316872762281414,102.26080823985461,103.4937088574508,XLU,公益事業,defensive,Leading,11.0,5.0,5.0
2025-08-06,41.648563385009766,0.231539559619514,0.23163803735859895,102.22814528928835,102.66176171781285,XLU,公益事業,defensive,Leading,11.0,3.0,1.0
2025-08-07,42.100948333740234,0.23419542656776987,0.2324905004283226,102.47115869568948,102.0285619627941,XLU,公益事業,defensive,Leading,11.0,2.0,-1.0
2025-08-08,41.920963287353516,0.23277391176741216,0.2325849708746858,102.43956657010838,101.03413229344757,XLU,公益事業,defensive,Leading,11.0,1.0,-3.0
2025-08-11,41.789634704589844,0.23268011832447405,0.23261668669128188,102.37861943604713,100.22014164503211,XLU,公益事業,defensive,Leading,11.0,0.0,-5.0
2025-08-12,41.969608306884766,0.23075010471975918,0.23199449270077432,102.09834881045607,99.68556240315704,XLU,公益事業,defensive,Weakening,10.0,-1.0,-6.0
2025-08-13,42.062034606933594,0.22800285125823183,0.23066394555326017,101.6436297941589,99.18776409560729,XLU,公益事業,defensive,Weakening,9.0,-2.0,-5.0
2025-08-14,41.770172119140625,0.2279033375815014,0.22974374289600727,101.33317034731131,98.54216894793133,XLU,公益事業,defensive,Weakening,8.0,-3.0,-5.0
2025-08-15,41.648563385009766,0.22780224452141862,0.2290965767711444,101.11562656462806,98.34211993317429,XLU,公益事業,defensive,Weakening,8.0,-3.0,-4.0
2025-08-18,41.46858215332031,0.2268666262800605,0.2283532599407831,100.88336739289878,98.18226721217502,XLU,公益事業,defensive,Weakening,8.0,-3.0,-3.0
2025-08-19,41.87232208251953,0.22800789011994296,0.22823813666716972,100.83190432414523,98.48048888276423,XLU,公益事業,defensive,Weakening,8.0,-2.0,-1.0
2025-08-20,41.916099548339844,0.2284543149751608,0.22831019610316677,100.83603171262325,99.01459191166293,XLU,公益事業,defensive,Weakening,9.0,0.0,2.0
2025-08-21,41.62910461425781,0.22768355565585044,0.22810131595406136,100.7686340868258,99.30154549710947,XLU,公益事業,defensive,Weakening,9.0,1.0,4.0
2025-08-22,41.85286331176758,0.2245343371361642,0.2269123230147623,100.43784144829411,99.19660922125169,XLU,公益事業,defensive,Weakening,9.0,1.0,4.0
2025-08-25,41.38102340698242,0.22371490094234328,0.2258465156572893,100.15108694294966,99.15979149444978,XLU,公益事業,defensive,Weakening,8.0,0.0,3.0
2025-08-26,41.473445892333984,0.22405964941060771,0.22525089357506212,99.99493055887707,99.07021328339002,XLU,公益事業,defensive,Lagging,8.0,0.0,2.0
2025-08-27,41.483177185058594,0.22330524167909901,0.22460234294307443,99.82422797882673,98.90888705982024,XLU,公益事業,defensive,Lagging,8.0,-1.0,-1.0
2025-08-28,41.166988372802734,0.2217088467008652,0.22363784419567137,99.57048858680622,98.74335741603143,XLU,公益事業,defensive,Lagging,4.0,-5.0,-6.0
2025-08-29,41.01619338989258,0.2210606760382594,0.22277878814320073,99.3533955050136,98.89468996556268,XLU,公益事業,defensive,Lagging,3.0,-6.0,-7.0
2025-09-02,40.8799934387207,0.2220809463455151,0.22254617421063888,99.31225901537245,99.17198787849378,XLU,公益事業,defensive,Lagging,4.0,-4.0,-4.0
2025-09-03,40.7778434753418,0.22186986455927593,0.22232073766018456,99.27411265094543,99.31099240058931,XLU,公益事業,defensive,Lagging,4.0,-4.0,-4.0
2025-09-04,40.72920227050781,0.2199804202081451,0.2215406318428381,99.08567470139455,99.30642423866296,XLU,公益事業,defensive,Lagging,4.0,-4.0,-3.0
2025-09-05,40.602725982666016,0.2190413027660821,0.2207075221505861,98.8901082493499,99.37644870274784,XLU,公益事業,defensive,Lagging,4.0,0.0,5.0
2025-09-08,40.18925857543945,0.2169834904786031,0.21946617825992512,98.59937494514061,99.30563960018749,XLU,公益事業,defensive,Lagging,2.0,-1.0,5.0
2025-09-09,40.46652603149414,0.21915551454537746,0.21936262368840925,98.61596825694494,99.3605885447474,XLU,公益事業,defensive,Lagging,3.0,-1.0,3.0
2025-09-10,41.16212844848633,0.22314856305577727,0.22062460347753193,98.9720361214268,99.75299473754406,XLU,公益事業,defensive,Lagging,4.0,0.0,4.0
2025-09-11,41.38102340698242,0.22102320349106158,0.2207574701487085,99.02491960951556,99.98985506567222,XLU,公益事業,defensive,Lagging,3.0,-1.0,3.0
2025-09-12,41.590187072753906,0.2237509567674117,0.22175529902160956,99.2970246426911,100.46375180175671,XLU,公益事業,defensive,Improving,4.0,0.0,0.0
2025-09-15,41.687477111816406,0.22466672477893354,0.2227257742740509,99.55833284875376,101.01553953262932,XLU,公益事業,defensive,Improving,5.0,3.0,4.0
2025-09-16,40.92864227294922,0.22116337580647183,0.2222049747848579,99.4327882172087,100.84581806415338,XLU,公益事業,defensive,Improving,5.0,2.0,3.0
2025-09-17,41.03078842163086,0.22150338709862097,0.22197111222277893,99.3821586958243,100.41584422527848,XLU,公益事業,defensive,Improving,5.0,1.0,1.0
2025-09-18,41.05997848510742,0.220222525755921,0.22138825006715962,99.24563479806571,100.21682988483677,XLU,公益事業,defensive,Improving,5.0,2.0,3.0
2025-09-19,41.32264709472656,0.22201789508893435,0.22159813174108456,99.31216844905838,100.00311613222517,XLU,公益事業,defensive,Improving,5.0,1.0,1.0
2025-09-22,41.72323226928711,0.2240630993114484,0.2224197875978725,99.53132582778814,99.95766382155983,XLU,公益事業,defensive,Lagging,5.0,0.0,-3.0
2025-09-23,41.93870544433594,0.22494571952110906,0.22326176490561803,99.75053174187977,100.30862700765135,XLU,公益事業,defensive,Improving,5.0,0.0,-2.0
2025-09-24,42.2374267578125,0.2270774441096798,0.22453365797363864,100.07186806568743,100.6775622679938,XLU,公益事業,defensive,Leading,6.0,1.0,0.0
2025-09-25,41.83096694946289,0.22675911475221083,0.22527547689982938,100.25351338116889,100.97800909750181,XLU,公益事業,defensive,Leading,6.0,1.0,-1.0
2025-09-26,42.511661529541016,0.22818818510141559,0.22624637963369149,100.48784187681701,101.11465624875899,XLU,公益事業,defensive,Leading,6.0,1.0,0.0
2025-09-29,42.634090423583984,0.22808332774159062,0.22685869566965788,100.62620724720908,101.00088052833523,XLU,公益事業,defensive,Leading,6.0,1.0,1.0
2025-09-30,42.707550048828125,0.22787411113951628,0.22719716749294402,100.69068776709669,100.8177690796186,XLU,公益事業,defensive,Leading,7.0,2.0,2.0
2025-10-01,43.11890411376953,0.22954864825500282,0.2279809944136303,100.8620222185931,100.642434148519,XLU,公益事業,defensive,Leading,6.0,0.0,-1.0
2025-10-02,43.040550231933594,0.22859049964273434,0.22818416282333165,100.88509002950853,100.4599971795955,XLU,公益事業,defensive,Leading,7.0,1.0,0.0
2025-10-03,43.54005813598633,0.23043328001535016,0.2289338685540045,101.04396448889358,100.36532819409508,XLU,公益事業,defensive,Leading,9.0,3.0,2.0
2025-10-06,43.96120071411133,0.23273518984045063,0.23020097564948655,101.3276433539926,100.49552342016821,XLU,公益事業,defensive,Leading,9.0,3.0,2.0
2025-10-07,44.161983489990234,0.23482987287444543,0.23174394139113952,101.66487674293843,100.75470962555208,XLU,公益事業,defensive,Leading,9.0,2.0,0.0
2025-10-08,44.465606689453125,0.23567675004118543,0.2330548776078215,101.91969747828611,100.82089378966987,XLU,公益事業,defensive,Leading,9.0,3.0,3.0
2025-10-09,44.35297393798828,0.23704094627298103,0.2343835671628747,102.14625809464229,101.00771029479245,XLU,公益事業,defensive,Leading,9.0,2.0,1.0
2025-10-10,44.171775817871094,0.2415178379240643,0.2367616574166046,102.55555513491046,101.23017404013959,XLU,公益事業,defensive,Leading,10.0,1.0,-2.0
2025-10-13,44.50967788696289,0.24102181253553995,0.23818170912291642,102.68205022868666,101.05461063067473,XLU,公益事業,defensive,Leading,10.0,1.0,-2.0
2025-10-14,44.90633773803711,0.2411698943041595,0.23917777084999745,102.69251486362447,100.72243032753343,XLU,公益事業,defensive,Leading,11.0,2.0,0.0
2025-10-15,45.493995666503906,0.24383426926664348,0.24072993698887946,102.78875316101306,100.56021824250469,XLU,公益事業,defensive,Leading,11.0,2.0,-1.0
2025-10-16,44.999385833740234,0.24349122377823595,0.24165036591866496,102.74308978518005,100.29253899825183,XLU,公益事業,defensive,Leading,11.0,2.0,0.0
2025-10-17,44.842681884765625,0.2414172627049222,0.24157266484741738,102.53812910865643,99.69556711260464,XLU,公益事業,defensive,Weakening,11.0,1.0,0.0
2025-10-20,44.8279914855957,0.23894881536470342,0.2406980483531794,102.24227060961269,99.29682920063226,XLU,公益事業,defensive,Weakening,11.0,1.0,0.0
2025-10-21,44.372562408447266,0.23544250151321183,0.23894619940652356,101.85259917346549,98.93131173638018,XLU,公益事業,defensive,Weakening,10.0,-1.0,-3.0
2025-10-22,44.269718170166016,0.23603516746824102,0.23797585542709607,101.62283244244419,98.65630950501549,XLU,公益事業,defensive,Weakening,10.0,-1.0,-3.0
2025-10-23,44.235443115234375,0.2347395343029808,0.23689708171905766,101.39461502004644,98.53041950808071,XLU,公益事業,defensive,Weakening,9.0,-2.0,-4.0
2025-10-24,44.75453186035156,0.2368484570501999,0.2368808734961051,101.34433994643464,98.71050992150249,XLU,公益事業,defensive,Weakening,9.0,-2.0,-3.0
2025-10-27,44.87696075439453,0.23644556228906422,0.23673576976042482,101.27678967734235,98.9456555920556,XLU,公益事業,defensive,Weakening,9.0,-2.0,-3.0
2025-10-28,44.13749694824219,0.23456411998000615,0.23601188650028526,101.12437819070936,99.18831680214205,XLU,公益事業,defensive,Weakening,9.0,-1.0,0.0
2025-10-29,44.122806549072266,0.23713807242258328,0.23638728180771795,101.14808344960913,99.44563952695468,XLU,公益事業,defensive,Weakening,9.0,-1.0,0.0
2025-10-30,43.93672180175781,0.23715795938715956,0.23664417433419851,101.15649776008158,99.69246989803727,XLU,公益事業,defensive,Weakening,8.0,-1.0,1.0
2025-10-31,43.63309860229492,0.23500527244586344,0.2360978737047535,101.0499663638975,99.66676741803843,XLU,公益事業,defensive,Weakening,8.0,-1.0,1.0
2025-11-03,43.65758514404297,0.23571412153357588,0.23596995631436096,101.01229886813213,99.72833866449945,XLU,公益事業,defensive,Weakening,7.0,-2.0,0.0
2025-11-04,43.500877380371094,0.23643188958348157,0.2361239340707345,101.01725633946934,99.93662995235414,XLU,公益事業,defensive,Weakening,7.0,-2.0,-1.0
2025-11-05,43.51066970825195,0.23510901736169598,0.235785628501055,100.95246558293488,99.86721052524544,XLU,公益事業,defensive,Weakening,7.0,-2.0,-1.0
2025-11-06,43.31968307495117,0.2357382059226863,0.2357698209749321,100.937324264893,99.86035107791282,XLU,公益事業,defensive,Weakening,7.0,-1.0,0.0
2025-11-07,43.922027587890625,0.23702808155552432,0.23618924116846285,100.98562066189768,100.05406182946606,XLU,公益事業,defensive,Leading,7.0,-1.0,0.0
2025-11-10,43.90734100341797,0.23559225076117893,0.23599024436603488,100.94055670208286,100.04338863328755,XLU,公益事業,defensive,Leading,6.0,-1.0,1.0
2025-11-11,43.93182373046875,0.23436939589509465,0.23544996154238815,100.84431719521187,99.91302178500183,XLU,公益事業,defensive,Weakening,6.0,-1.0,1.0
2025-11-12,44.03466033935547,0.23436218013868668,0.23508736774115432,100.77448484307523,99.88700054979978,XLU,公益事業,defensive,Weakening,7.0,0.0,2.0
2025-11-13,43.42742156982422,0.23377310945905408,0.2346492816471209,100.6945456702809,99.78236111729143,XLU,公益事業,defensive,Weakening,8.0,1.0,2.0
2025-11-14,43.46659851074219,0.23484580424238666,0.23471478917887617,100.68697609276845,99.68057397809504,XLU,公益事業,defensive,Weakening,8.0,1.0,2.0
2025-11-17,43.85836410522461,0.24011548977456826,0.23651502271077357,100.9241085068258,100.01760917819898,XLU,公益事業,defensive,Leading,9.0,3.0,4.0
2025-11-18,43.69186019897461,0.23906166250056354,0.23736390264070356,101.01801867008393,100.24824812386994,XLU,公益事業,defensive,Leading,9.0,3.0,4.0
2025-11-19,43.324581146240234,0.23777187122975346,0.23749989217038686,101.00842630671605,100.31215553223154,XLU,公益事業,defensive,Leading,9.0,2.0,2.0
2025-11-20,43.104209899902344,0.23948409413311433,0.23816129282462936,101.0692988711587,100.47886148502404,XLU,公益事業,defensive,Leading,9.0,1.0,0.0
2025-11-21,43.167877197265625,0.23521562090131137,0.23717940218352337,100.90223786332172,100.2484022627347,XLU,公益事業,defensive,Leading,9.0,1.0,0.0
2025-11-24,43.65758514404297,0.23690198909858387,0.23708693115521023,100.86173978797562,99.85788350047913,XLU,公益事業,defensive,Weakening,9.0,0.0,-3.0
2025-11-25,43.49108123779297,0.23269264508493856,0.23562216913178635,100.63283694380672,99.398094755055,XLU,公益事業,defensive,Weakening,9.0,0.0,-3.0
2025-11-26,44.068939208984375,0.23415061822741431,0.23513165216366236,100.54143201753429,99.25461180397018,XLU,公益事業,defensive,Weakening,9.0,0.0,-2.0
2025-11-28,44.382354736328125,0.23454770185922696,0.2349370020621839,100.49128981310854,99.07397046275004,XLU,公益事業,defensive,Weakening,10.0,1.0,0.0
2025-12-01,43.34416580200195,0.2306386855802189,0.23350422990152891,100.2636909563079,98.9777366566943,XLU,公益事業,defensive,Weakening,9.0,0.0,-1.0
2025-12-02,43.0356559753418,0.22921398131575746,0.2320741470396051,100.0332185943263,98.71197440147225,XLU,公益事業,defensive,Weakening,8.0,-1.0,-1.0
2025-12-03,42.898529052734375,0.2267534773219745,0.23030059046706158,99.74533961943385,98.63703105238314,XLU,公益事業,defensive,Lagging,7.0,-2.0,-2.0
2025-12-04,42.810386657714844,0.2262166895131194,0.22893929014908088,99.50944282807257,98.45580319423215,XLU,公益事業,defensive,Lagging,7.0,-2.0,-2.0
2025-12-05,42.4088249206543,0.2235695590692643,0.22714937978914201,99.19313221200075,98.12848152598995,XLU,公益事業,defensive,Lagging,3.0,-7.0,-8.0
2025-12-08,41.840763092041016,0.2219039713394146,0.22540091030589957,98.873249008986,98.06105622279568,XLU,公益事業,defensive,Lagging,2.0,-7.0,-7.0
2025-12-09,41.87014389038086,0.22247947295749138,0.2244270978564302,98.68412881995646,98.18685450567018,XLU,公益事業,defensive,Lagging,2.0,-6.0,-5.0
2025-12-10,41.850555419921875,0.21929021658794434,0.22271480410026825,98.3813729886544,98.24068448215738,XLU,公益事業,defensive,Lagging,2.0,-5.0,-3.0
2025-12-11,42.1541748046875,0.21911161564812398,0.22151374128288684,98.18399694026563,98.35916330229064,XLU,公益事業,defensive,Lagging,2.0,-5.0,-3.0
2025-12-12,41.94850158691406,0.21953064148463994,0.22085270801680454,98.09577578954946,98.6889388386522,XLU,公益事業,defensive,Lagging,2.0,-1.0,6.0
2025-12-15,42.33047103881836,0.22125508799735083,0.22098683467698665,98.1318412389196,99.16282300857452,XLU,公益事業,defensive,Lagging,2.0,0.0,7.0
2025-12-16,42.1541748046875,0.2218919662417095,0.22128854519856095,98.18886198786451,99.49025752380392,XLU,公益事業,defensive,Lagging,2.0,0.0,6.0
2025-12-17,41.87993621826172,0.2210461763024311,0.22120775556651767,98.17768912624481,99.86597123649,XLU,公益事業,defensive,Lagging,2.0,0.0,5.0
2025-12-18,42.29129409790039,0.22274117120806688,0.22171889411370077,98.25991346965283,100.21737785931604,XLU,公益事業,defensive,Improving,2.0,0.0,5.0
2025-12-19,41.75261688232422,0.21910594062030142,0.220847909615901,98.1351088878539,100.16988646547262,XLU,公益事業,defensive,Improving,2.0,0.0,1.0
2025-12-22,41.907535552978516,0.21830083960447477,0.21999888627875896,98.03461614805497,100.00602641566779,XLU,公益事業,defensive,Improving,2.0,0.0,0.0
2025-12-23,42.055545806884766,0.21958238868062732,0.21986005374604842,98.06149776701253,99.98419972853128,XLU,公益事業,defensive,Lagging,2.0,0.0,0.0
2025-12-24,42.24303436279297,0.21976461770281777,0.21982824173163823,98.10902266411404,100.08214700329465,XLU,公益事業,defensive,Improving,2.0,0.0,0.0
2025-12-26,42.21342849731445,0.21955393596070646,0.21973680647466098,98.15205687022211,100.05916849568708,XLU,公益事業,defensive,Improving,2.0,0.0,0.0
2025-12-29,42.2923698425293,0.22032823163968995,0.21993394819633733,98.23603874398337,100.36520569598001,XLU,公益事業,defensive,Improving,2.0,0.0,0.0
2025-12-30,42.39104461669922,0.22119663600537343,0.22035484413268272,98.3457013446525,100.67406762217789,XLU,公益事業,defensive,Improving,1.0,-1.0,-1.0
2025-12-31,42.1246223449707,0.22169976100060929,0.22080314975532492,98.45417427849004,100.80275171035781,XLU,公益事業,defensive,Improving,1.0,-1.0,-1.0
2026-01-02,42.608131408691406,0.22273286388492922,0.22144638779852635,98.58172542654688,100.92093702699111,XLU,公益事業,defensive,Improving,2.0,0.0,0.0
2026-01-05,42.134490966796875,0.2182314700204644,0.22037474853917238,98.47875404369695,100.72550896160874,XLU,公益事業,defensive,Improving,3.0,1.0,1.0
2026-01-06,42.341705322265625,0.21668863560404686,0.2191460442274639,98.370329028333,100.4735654363091,XLU,公益事業,defensive,Improving,3.0,1.0,1.0
2026-01-07,41.31547927856445,0.21383567470646522,0.2173759210537977,98.21181404474007,100.120979313578,XLU,公益事業,defensive,Improving,2.0,1.0,2.0
2026-01-08,41.433895111083984,0.2126256317312431,0.21579249127961286,98.0983825997458,99.82661289925176,XLU,公益事業,defensive,Lagging,2.0,1.0,2.0
2026-01-09,41.94700241088867,0.21401686793492516,0.21520061683138364,98.11586936030282,99.6903987770569,XLU,公益事業,defensive,Lagging,2.0,0.0,0.0
2026-01-12,42.016082763671875,0.214174221244329,0.2148584849690321,98.16040371560429,99.96300851856957,XLU,公益事業,defensive,Lagging,3.0,0.0,-1.0
2026-01-13,42.28250503540039,0.21553229126933707,0.21508308706913376,98.26247544797103,100.37602623357493,XLU,公益事業,defensive,Improving,2.0,-1.0,-2.0
2026-01-14,42.598262786865234,0.2161582218674972,0.2154414653352549,98.36917939741774,100.90999398857619,XLU,公益事業,defensive,Improving,2.0,0.0,-1.0
2026-01-15,43.03243637084961,0.217398447454448,0.2160937927083193,98.49756416704166,101.40855878981262,XLU,公益事業,defensive,Improving,4.0,2.0,1.0
2026-01-16,42.81535339355469,0.21685594519175458,0.21634784353613107,98.5722770910801,101.53272485364289,XLU,公益事業,defensive,Improving,4.0,2.0,2.0
2026-01-20,42.39104461669922,0.21795902372127124,0.21688490359784446,98.67461189206088,101.59807141832457,XLU,公益事業,defensive,Improving,5.0,2.0,2.0
2026-01-21,42.450252532958984,0.21462935963756133,0.21613305561108342,98.62904100845694,101.27886581259149,XLU,公益事業,defensive,Improving,5.0,3.0,4.0
2026-01-22,42.14435577392578,0.21280526437079705,0.2150237918643213,98.54814736025116,100.90106309163846,XLU,公益事業,defensive,Improving,5.0,3.0,3.0
2026-01-23,41.99634552001953,0.21300738742045036,0.21435165704969766,98.52158721502977,100.58856184113559,XLU,公益事業,defensive,Improving,4.0,0.0,-2.0
2026-01-26,42.30223846435547,0.2140527420146373,0.21425201870467758,98.56102297990772,100.49729661511121,XLU,公益事業,defensive,Improving,4.0,0.0,-2.0
2026-01-27,42.85482406616211,0.21718681839943474,0.21523028526959664,98.71675636098144,100.57772148537958,XLU,公益事業,defensive,Improving,3.0,-2.0,-4.0
2026-01-28,42.75614929199219,0.2174190048220551,0.2159598584537495,98.83820597715867,100.88513132315836,XLU,公益事業,defensive,Improving,5.0,0.0,-3.0
2026-01-29,42.75614929199219,0.21713424061556164,0.21635131917435355,98.91802194945598,101.17250337954518,XLU,公益事業,defensive,Improving,5.0,0.0,-3.0
2026-01-30,42.677207946777344,0.2172147749570796,0.21663913776859559,98.98339442763314,101.31263581106873,XLU,公益事業,defensive,Improving,5.0,1.0,1.0
2026-02-02,42.055545806884766,0.21295409895065634,0.2154107914959492,98.87560386184762,100.99270910902874,XLU,公益事業,defensive,Improving,5.0,1.0,1.0
2026-02-03,42.66733932495117,0.21662865153824146,0.21581674484337998,98.95553032700457,100.82132791052383,XLU,公益事業,defensive,Improving,6.0,3.0,5.0
2026-02-04,42.50946044921875,0.21396297539636988,0.21519882169437662,98.91664770541404,100.49340751891367,XLU,公益事業,defensive,Improving,7.0,2.0,2.0
2026-02-05,42.52919387817383,0.2159381731378677,0.21544527217554033,98.9769604985839,100.44912307256145,XLU,公益事業,defensive,Improving,7.0,2.0,2.0
2026-02-06,42.775882720947266,0.21321756592656796,0.21470270342588288,98.9216356209097,100.20753657676788,XLU,公益事業,defensive,Improving,6.0,1.0,0.0
2026-02-09,42.90415954589844,0.21373015335497111,0.2143785200689123,98.91539601698744,100.39859414567869,XLU,公益事業,defensive,Improving,6.0,1.0,0.0
2026-02-10,43.614627838134766,0.21649916292311808,0.21508540102031426,99.02912248058962,100.45999949430532,XLU,公益事業,defensive,Improving,6.0,0.0,-3.0
2026-02-11,43.99946212768555,0.21802299096174452,0.21606459766745767,99.17444201591117,100.80674916069665,XLU,公益事業,defensive,Improving,6.0,-1.0,-3.0
2026-02-12,44.650718688964844,0.2241921345991202,0.21877377664467854,99.53324704380964,101.34597304494123,XLU,公益事業,defensive,Improving,6.0,-1.0,-3.0
2026-02-13,45.8841667175293,0.2280231929551071,0.2218569154148214,99.94684304346725,102.1268305339788,XLU,公益事業,defensive,Improving,6.0,0.0,-1.0
2026-02-17,45.76575469970703,0.22782780306282205,0.2238472112974883,100.22959113282205,102.48097364839307,XLU,公益事業,defensive,Leading,6.0,0.0,-1.0
2026-02-18,45.005950927734375,0.22288977675051763,0.2235280664484981,100.21582946665943,102.13385777971,XLU,公益事業,defensive,Leading,6.0,0.0,0.0
2026-02-19,45.49932861328125,0.22581019894601248,0.22428877728100288,100.35507903237927,102.02050896747045,XLU,公益事業,defensive,Leading,6.0,0.0,1.0
2026-02-20,45.71641540527344,0.22583147883550903,0.22480301113250495,100.47168982263811,101.57446622938333,XLU,公益事業,defensive,Leading,6.0,0.0,1.0
2026-02-23,46.0617790222168,0.2300625474659969,0.2265561899103356,100.78003628874369,101.37151095269367,XLU,公益事業,defensive,Leading,6.0,0.0,0.0
2026-02-24,46.574893951416016,0.23078458671939958,0.22796565551335693,101.06304291276719,101.34476020901505,XLU,公益事業,defensive,Leading,6.0,0.0,0.0
2026-02-25,46.73277282714844,0.23143042772946507,0.22912057958539297,101.31604214659389,101.69922099001894,XLU,公益事業,defensive,Leading,7.0,1.0,1.0
2026-02-26,46.55515670776367,0.22925580648140237,0.22916565521739612,101.40320186550784,101.56091988269898,XLU,公益事業,defensive,Leading,7.0,1.0,1.0
2026-02-27,47.09787368774414,0.2316567771553527,0.229996029196715,101.61157347617399,101.62970763505152,XLU,公益事業,defensive,Leading,8.0,2.0,2.0
2026-03-02,46.74264144897461,0.2303365533661164,0.23010953725318212,101.69678322901036,101.25957223934569,XLU,公益事業,defensive,Leading,9.0,3.0,3.0
2026-03-03,46.44661331176758,0.23172064415962473,0.230646572888663,101.85861906725424,101.04965944936176,XLU,公益事業,defensive,Leading,10.0,4.0,4.0
2026-03-04,46.64396667480469,0.2317762010742568,0.2310231156171943,101.96847829611939,100.8153388404255,XLU,公益事業,defensive,Leading,11.0,4.0,3.0
2026-03-05,46.27886962890625,0.23265680311645903,0.23156767811694923,102.08032466843724,100.82407408502168,XLU,公益事業,defensive,Leading,11.0,4.0,3.0
2026-03-06,46.12098693847656,0.23465972191761095,0.23259835938383647,102.2375964132874,100.72378048815261,XLU,公益事業,defensive,Leading,11.0,3.0,1.0
2026-03-09,46.229530334472656,0.23454907131001337,0.2332485966925621,102.28939054688779,100.64991373311759,XLU,公益事業,defensive,Leading,11.0,2.0,-1.0
2026-03-10,45.9433708190918,0.23485830358679904,0.23378516565730775,102.29024746172833,100.3787929806739,XLU,公益事業,defensive,Leading,11.0,1.0,-3.0
2026-03-11,45.55853271484375,0.23366112827123536,0.2337438198619503,102.18116151911858,99.99136788192364,XLU,公益事業,defensive,Weakening,11.0,0.0,-4.0
2026-03-12,45.8841667175293,0.2390278864897146,0.2355051754045384,102.34588125346617,100.03918264144939,XLU,公益事業,defensive,Leading,11.0,0.0,-4.0
2026-03-13,46.338069915771484,0.24140489265918288,0.23747174782275324,102.49318815315218,99.97409255069668,XLU,公益事業,defensive,Weakening,11.0,0.0,-3.0
2026-03-16,46.63409423828125,0.24115263595240122,0.23869871053263592,102.50210681654953,99.8326731557113,XLU,公益事業,defensive,Weakening,11.0,0.0,-2.0
2026-03-17,46.505821228027344,0.23915224691126305,0.23884988932551163,102.36600902996706,99.47500746193312,XLU,公益事業,defensive,Weakening,11.0,0.0,-1.0
2026-03-18,46.11111831665039,0.2402846524861899,0.2393281437124044,102.28768822730125,99.49110773513186,XLU,公益事業,defensive,Weakening,11.0,0.0,0.0
2026-03-19,45.92363739013672,0.23949335957614476,0.23938321566698453,102.16820476342195,98.79716519308786,XLU,公益事業,defensive,Weakening,11.0,0.0,0.0
2026-03-20,44.05866622924805,0.23319325644186525,0.2373198959252781,101.81867239389787,97.71266859953562,XLU,公益事業,defensive,Weakening,10.0,-1.0,-1.0
2026-03-23,44.495872497558594,0.23302309205489377,0.23588762796848334,101.57812982708138,97.33899831923637,XLU,公益事業,defensive,Weakening,10.0,-1.0,-1.0
2026-03-24,44.80390548706055,0.23435505899604012,0.2353767716443356,101.4617462784842,97.53890355595844,XLU,公益事業,defensive,Weakening,10.0,-1.0,-1.0
2026-03-25,44.962890625,0.234052483506568,0.23493534226507973,101.3605528328414,97.62398404426978,XLU,公益事業,defensive,Weakening,10.0,-1.0,-1.0
2026-03-26,45.04238510131836,0.2366381777138918,0.2355029540813504,101.37866974055497,97.97620674971716,XLU,公益事業,defensive,Weakening,10.0,-1.0,-1.0
2026-03-27,45.30073165893555,0.24130409833420668,0.23743666883230252,101.54418249749622,98.97288215852019,XLU,公益事業,defensive,Weakening,10.0,0.0,1.0
2026-03-30,45.62863540649414,0.24355475289683248,0.23947603018714586,101.70424513639665,99.72692195566897,XLU,公益事業,defensive,Weakening,10.0,0.0,1.0
2026-03-31,45.59882736206055,0.23851304390578576,0.23915503476002586,101.60226407180768,99.75313176365367,XLU,公益事業,defensive,Weakening,10.0,0.0,1.0
2026-04-01,45.81743240356445,0.23888478817300857,0.23906495256435345,101.5320599967794,99.81658432544805,XLU,公益事業,defensive,Weakening,10.0,0.0,1.0
2026-04-02,46.04597473144531,0.23939252995927898,0.23917414502932863,101.48707213759378,99.70478842723364,XLU,公益事業,defensive,Weakening,10.0,0.0,1.0
2026-04-06,45.877052307128906,0.23749341710985075,0.2386139023895027,101.37818534544249,99.20348899118139,XLU,公益事業,defensive,Weakening,10.0,0.0,0.0
2026-04-07,45.976417541503906,0.23853674277158446,0.2385881825168633,101.32866145346473,98.83903754132045,XLU,公益事業,defensive,Weakening,10.0,0.0,0.0
2026-04-08,46.48318099975586,0.23572034557007462,0.23763223686793378,101.18963010980242,98.7997086829313,XLU,公益事業,defensive,Weakening,10.0,0.0,0.0
2026-04-09,46.85083770751953,0.23744083247372594,0.23756843540319783,101.1451909990853,98.86291693485511,XLU,公益事業,defensive,Weakening,11.0,1.0,1.0
2026-04-10,46.66204071044922,0.2382036908583818,0.2377801872215925,101.13023053274947,98.91841695447836,XLU,公益事業,defensive,Weakening,9.0,-1.0,-1.0
2026-04-13,46.09565734863281,0.23273236661874003,0.23609758035397502,100.92798187054636,98.74486915103324,XLU,公益事業,defensive,Weakening,8.0,-2.0,-2.0
2026-04-14,46.17515182495117,0.2321645743376124,0.23478657834852085,100.76680588630954,98.55861054071339,XLU,公益事業,defensive,Weakening,7.0,-3.0,-3.0
2026-04-15,45.728004455566406,0.2298357743165738,0.23313631033787183,100.57195619291731,98.49526892405274,XLU,公益事業,defensive,Weakening,7.0,-3.0,-3.0
2026-04-16,46.055908203125,0.23043397003118546,0.23223553023564306,100.45489167376891,98.4217260092016,XLU,公益事業,defensive,Weakening,7.0,-4.0,-5.0
2026-04-17,45.86711502075195,0.2266427913472205,0.2303712839395022,100.23580936818183,98.15000867223313,XLU,公益事業,defensive,Weakening,6.0,-3.0,-2.0
2026-04-20,45.459716796875,0.22392429268099096,0.22822228685333182,99.98416894701599,98.15378892750958,XLU,公益事業,defensive,Lagging,5.0,-3.0,-1.0
2026-04-21,44.664794921875,0.22136643074883988,0.22593700148516785,99.7158749153772,98.07217701446707,XLU,公益事業,defensive,Lagging,3.0,-4.0,-1.0
2026-04-22,44.58530044555664,0.22107068038683744,0.22431489445239106,99.5159567479199,98.15239213005229,XLU,公益事業,defensive,Lagging,3.0,-4.0,-1.0
2026-04-23,45.79756164550781,0.227092746700394,0.22524084520172538,99.59415697484464,98.51437665201499,XLU,公益事業,defensive,Lagging,3.0,-4.0,0.0
2026-04-24,45.88698959350586,0.22800921195961016,0.22616363412102033,99.67081656173669,98.99582032472249,XLU,公益事業,defensive,Lagging,5.0,-1.0,2.0
2026-04-27,45.89692306518555,0.22832981401816724,0.22688569408673598,99.72498955037092,99.4733565571631,XLU,公益事業,defensive,Lagging,5.0,0.0,3.0
2026-04-28,45.956546783447266,0.2297994071377707,0.22785693177041424,99.81267968289322,100.01843569114963,XLU,公益事業,defensive,Improving,6.0,3.0,7.0
2026-04-29,45.39016342163086,0.2273636457370679,0.22769250309263214,99.7647452720471,100.25070740980159,XLU,公益事業,defensive,Improving,6.0,3.0,7.0
2026-04-30,46.552738189697266,0.22971404561135964,0.22836635059887467,99.82103480671893,100.22082256569256,XLU,公益事業,defensive,Improving,6.0,3.0,7.0
2026-05-01,46.254642486572266,0.22894081845770925,0.22855783988515288,99.81712037562738,100.10500271712363,XLU,公益事業,defensive,Improving,6.0,1.0,2.0
2026-05-04,46.075782775878906,0.22939012051247906,0.2288352667609283,99.820168772688,100.03164093186929,XLU,公益事業,defensive,Improving,7.0,2.0,2.0
2026-05-05,46.075782775878906,0.2275842558933603,0.22841826313840563,99.7288182836972,99.76340036976161,XLU,公益事業,defensive,Lagging,7.0,1.0,-2.0
2026-05-06,45.41997146606445,0.22258175606871564,0.2264727607818423,99.41363969854612,99.36385447944339,XLU,公益事業,defensive,Lagging,5.0,-1.0,-4.0
2026-05-07,44.83371353149414,0.22112286472277895,0.22468946209548787,99.10649108645339,98.83714743398122,XLU,公益事業,defensive,Lagging,4.0,-2.0,-5.0
2026-05-08,44.43625259399414,0.21856120953782474,0.2226467112429335,98.73996321741467,98.34825425181822,XLU,公益事業,defensive,Lagging,2.0,-4.0,-5.0
2026-05-11,44.85358810424805,0.2207328501706263,0.22200875755216445,98.56887374491396,98.1721262627244,XLU,公益事業,defensive,Lagging,2.0,-5.0,-7.0
2026-05-12,44.90327072143555,0.22117252644666666,0.22173001385033186,98.45282338863096,98.21573171469467,XLU,公益事業,defensive,Lagging,2.0,-5.0,-6.0
2026-05-13,44.38656997680664,0.21958639223610074,0.22101547331225485,98.27276833748422,98.46573270905088,XLU,公益事業,defensive,Lagging,1.0,-4.0,-3.0
2026-05-14,44.6151123046875,0.21991503787238623,0.22064866149896534,98.18665156777926,98.81085346589977,XLU,公益事業,defensive,Lagging,1.0,-3.0,-1.0
2026-05-15,43.591644287109375,0.21710888099807302,0.2194687346653346,98.01332072049365,99.10372875235105,XLU,公益事業,defensive,Lagging,1.0,-1.0,3.0
2026-05-18,43.66120147705078,0.2161257054402732,0.21835439159031414,97.89167069344877,99.19528266081434,XLU,公益事業,defensive,Lagging,1.0,-1.0,4.0
2026-05-19,44.05866241455078,0.21936957056365056,0.2186927845814263,98.0028358416514,99.54393108425018,XLU,公益事業,defensive,Lagging,2.0,0.0,5.0
2026-05-20,44.22758483886719,0.21782303294686295,0.2184028673699052,98.01800114792958,99.85887905349848,XLU,公益事業,defensive,Lagging,2.0,1.0,5.0
2026-05-21,44.7144775390625,0.21927431205902911,0.2186933489329465,98.12163042303561,100.17367929364191,XLU,公益事業,defensive,Improving,3.0,2.0,5.0
2026-05-22,45.062252044677734,0.21897941510275915,0.21878870432288405,98.19900186457947,100.58752579865667,XLU,公益事業,defensive,Improving,3.0,2.0,3.0
2026-05-26,45.04238510131836,0.2177654798479543,0.2184476294979075,98.21607397220225,100.831721757594,XLU,公益事業,defensive,Improving,4.0,3.0,4.0
2026-05-27,44.85358810424805,0.21700946786729217,0.2179682422877024,98.2188600972534,100.7032848601443,XLU,公益事業,defensive,Improving,5.0,3.0,3.0
2026-05-28,44.346824645996094,0.21377464183921688,0.21657037547154057,98.10403623288673,100.53174859025435,XLU,公益事業,defensive,Improving,5.0,3.0,2.0
2026-05-29,44.138153076171875,0.2121778012826884,0.2151061840752565,98.00100627916967,100.22272201526401,XLU,公益事業,defensive,Improving,5.0,2.0,0.0
2026-06-01,42.82653045654297,0.20549871784762117,0.21190369533271142,97.71170684605457,99.59181562154615,XLU,公益事業,defensive,Lagging,5.0,2.0,0.0
2026-06-02,43.621456146240234,0.20848597553820622,0.2107644554012097,97.71000804371002,99.58237454354868,XLU,公益事業,defensive,Lagging,5.0,1.0,-2.0
2026-06-03,43.43265914916992,0.20836733037082672,0.20996541372441538,97.75103822310913,99.68132214835956,XLU,公益事業,defensive,Lagging,6.0,1.0,-2.0
2026-06-04,43.66120147705078,0.20789400283398643,0.20927494342760572,97.80188272402093,100.03879229471497,XLU,公益事業,defensive,Improving,5.0,0.0,-3.0
2026-06-05,44.068599700927734,0.21286275772597507,0.21047088152706217,98.03937460143064,100.76865363389604,XLU,公益事業,defensive,Improving,4.0,-1.0,-3.0
2026-06-08,43.243865966796875,0.20910043569015951,0.21001406624809463,98.08497633591507,101.4923891765724,XLU,公益事業,defensive,Improving,4.0,-1.0,-3.0
2026-06-09,43.70094680786133,0.20971456850822245,0.20991423366813725,98.16177047205628,101.65546648874894,XLU,公益事業,defensive,Improving,4.0,-1.0,-2.0
2026-06-10,43.720821380615234,0.2125121996823688,0.2107802223395478,98.3243946575821,101.86509230384823,XLU,公益事業,defensive,Improving,5.0,-1.0,-2.0
2026-06-11,43.770503997802734,0.20948757571763096,0.2103493401322422,98.34905435081427,101.77654688153062,XLU,公益事業,defensive,Improving,5.0,0.0,0.0
2026-06-12,44.24745559692383,0.20986920778280205,0.2101892960157622,98.39567208992341,101.37800400668495,XLU,公益事業,defensive,Improving,4.0,0.0,1.0
2026-06-15,44.45612716674805,0.20964062050952828,0.2100064041803509,98.43507212342014,101.35353844937426,XLU,公益事業,defensive,Improving,3.0,-1.0,0.0
2026-06-16,44.77409744262695,0.21184663272960402,0.21061981369676863,98.54568093428392,101.39655905244018,XLU,公益事業,defensive,Improving,4.0,0.0,1.0
2026-06-17,44.17790222167969,0.21220629851658626,0.21114864197004118,98.64136358473849,101.24725626722154,XLU,公益事業,defensive,Improving,4.0,-1.0,0.0
2026-06-18,44.47599792480469,0.2126511880369348,0.21164949065900573,98.72967240937643,101.33674765766,XLU,公益事業,defensive,Improving,6.0,1.0,1.0
2026-06-22,44.720001220703125,0.21334860498299446,0.21221586210033533,98.82287841998027,101.37781147745471,XLU,公益事業,defensive,Improving,6.0,2.0,2.0
2026-06-23,45.06999969482422,0.2157594898104905,0.21339707133705374,98.97260028449283,101.53546441980394,XLU,公益事業,defensive,Improving,6.0,3.0,4.0
2026-06-24,45.540000915527344,0.21646544281094768,0.21441986182835174,99.10324495126936,101.51923491580358,XLU,公益事業,defensive,Improving,7.0,3.0,3.0
2026-06-25,45.849998474121094,0.216528918413795,0.21512288069016616,99.20020883680388,101.47119160531803,XLU,公益事業,defensive,Improving,7.0,3.0,4.0
2026-06-26,46.20000076293945,0.21967572297683008,0.21664049478572084,99.37648885053534,101.57766556741858,XLU,公益事業,defensive,Improving,6.0,0.0,-1.0
2026-06-29,46.02000045776367,0.2160056315351645,0.21642887370220207,99.37947627122523,101.3623312999682,XLU,公益事業,defensive,Improving,7.0,1.0,-1.0
2026-06-30,45.34000015258789,0.21309394765311052,0.21531723168583825,99.28941979776779,100.90897507126446,XLU,公益事業,defensive,Improving,7.0,1.0,-2.0
2026-07-01,44.77000045776367,0.20978398242590218,0.2134728152658596,99.12039646982308,100.36071493989756,XLU,公益事業,defensive,Improving,7.0,0.0,-3.0
2026-07-02,45.7599983215332,0.21292632982073284,0.21329065345081735,99.12479021044508,100.19760001517417,XLU,公益事業,defensive,Improving,7.0,0.0,-3.0
2026-07-06,45.29999923706055,0.21069767087004906,0.2124263259238946,99.05281839693221,99.74991737222697,XLU,公益事業,defensive,Lagging,7.0,1.0,1.0
2026-07-07,45.70000076293945,0.21282541644030983,0.21255935609603305,99.09001309100256,99.81709466303133,XLU,公益事業,defensive,Lagging,7.0,0.0,-1.0
2026-07-08,45.36000061035156,0.2137606091550291,0.21295977378236508,99.15709761553474,100.10161336430046,XLU,公益事業,defensive,Improving,7.0,0.0,-1.0
2026-07-09,45.130001068115234,0.21138173802395893,0.21243376186289636,99.1148674165653,100.3252852890167,XLU,公益事業,defensive,Improving,7.0,0.0,0.0
2026-07-10,45.40999984741211,0.21189920298995363,0.21225557557191546,99.11162647583183,100.30021445507516,XLU,公益事業,defensive,Improving,7.0,0.0,0.0
2026-07-13,45.720001220703125,0.21341549798120013,0.21264221637501035,99.17753202753498,100.54154761383631,XLU,公益事業,defensive,Improving,7.0,0.0,-1.0
2026-07-14,45.689998626708984,0.2140548104003393,0.21311308105012003,99.25915777715481,100.60533239440522,XLU,公益事業,defensive,Improving,7.0,0.0,0.0
2026-07-15,45.220001220703125,0.2123303796849827,0.21285218059507427,99.24209475835572,100.4315252385918,XLU,公益事業,defensive,Improving,7.0,0.0,0.0
2026-07-16,45.470001220703125,0.21142937662460767,0.21237791260491876,99.19363808647786,100.40137201896344,XLU,公益事業,defensive,Improving,6.0,-1.0,-1.0
2026-07-17,45.16999816894531,0.2116979856710263,0.2121512702936213,99.17978049795681,100.36181832716893,XLU,公益事業,defensive,Improving,5.0,-2.0,-2.0
2026-07-20,44.939998626708984,0.2115619951703727,0.21195484525253844,99.1716159441924,100.1990298545902,XLU,公益事業,defensive,Improving,4.0,-3.0,-3.0
2026-07-21,44.91999816894531,0.21112990848240523,0.2116798663291607,99.15278285471156,99.98047300141536,XLU,公益事業,defensive,Lagging,4.0,-3.0,-3.0
2026-07-22,45.93000030517578,0.21593794529462196,0.21309922598431447,99.40732982329183,100.48806446723758,XLU,公益事業,defensive,Improving,6.0,-1.0,-1.0
2026-07-23,46.189998626708984,0.21795960280202406,0.21471935159021768,99.69559634489846,101.1413798046043,XLU,公益事業,defensive,Improving,6.0,0.0,1.0
2026-07-24,46.290000915527344,0.21674392156223932,0.21539420824755826,99.83132344305737,101.40934270183142,XLU,公益事業,defensive,Improving,6.0,1.0,3.0
2026-07-27,45.68000030517578,0.21228739594764898,0.2143586041475885,99.68035559302102,101.07867273143856,XLU,公益事業,defensive,Improving,6.0,2.0,5.0
2026-07-28,45.52000045776367,0.20910468991342815,0.2126072994028684,99.40040204493242,100.52036841264596,XLU,公益事業,defensive,Improving,6.0,2.0,5.0
2026-07-29,44.90999984741211,0.20817689119195174,0.21113049666589617,99.15794693633289,99.5018254442489,XLU,公益事業,defensive,Lagging,6.0,0.0,1.0
2026-07-30,44.65999984741211,0.20735443790017302,0.20987181041065514,98.94495439272077,98.52056812533577,XLU,公益事業,defensive,Lagging,5.0,-1.0,-1.0
2026-07-31,44.349998474121094,0.2062694740114095,0.2086710316109066,98.72794429779012,97.9182545972223,XLU,公益事業,defensive,Lagging,4.0,-2.0,-3.0
2024-08-01,146.08074951171875,0.8895319061002432,0.8895319061002432,,,XLV,ヘルスケア,defensive,,,,
2024-08-02,145.7908172607422,0.903310470758156,0.8941247609862142,,,XLV,ヘルスケア,defensive,,,,
2024-08-05,141.89622497558594,0.9004532326584308,0.8962342515436198,,,XLV,ヘルスケア,defensive,,,,
2024-08-06,142.5533905029297,0.8954400067553041,0.8959695032808479,,,XLV,ヘルスケア,defensive,,,,
2024-08-07,141.10379028320312,0.8926289546107995,0.8948559870574986,,,XLV,ヘルスケア,defensive,,,,
2024-08-08,144.2252655029297,0.8961358334133684,0.8952826025094552,,,XLV,ヘルスケア,defensive,,,,
2024-08-09,144.9403839111328,0.8986878180510665,0.896417674356659,,,XLV,ヘルスケア,defensive,,,,
2024-08-12,144.38954162597656,0.8995908130387679,0.8974753872506953,,,XLV,ヘルスケア,defensive,,,,
2024-08-13,146.13873291015625,0.9002300828159023,0.8983936191057644,,,XLV,ヘルスケア,defensive,,,,
2024-08-14,146.66058349609375,0.9015635246188037,0.8994502542767775,,,XLV,ヘルスケア,defensive,,,,
2024-08-15,147.5786590576172,0.8950663841954308,0.897988964249662,,,XLV,ヘルスケア,defensive,,,,
2024-08-16,147.73326110839844,0.8938528779110803,0.8966102688034682,,,XLV,ヘルスケア,defensive,,,,
2024-08-19,148.63201904296875,0.8924970038592492,0.8952391804887285,,,XLV,ヘルスケア,defensive,,,,
2024-08-20,149.231201171875,0.899650167281304,0.896709509419587,,,XLV,ヘルスケア,defensive,,,,
2024-08-21,149.48243713378906,0.8948992607212501,0.8961060931868081,,,XLV,ヘルスケア,defensive,,,,
2024-08-22,149.57908630371094,0.8980273165589083,0.8967465009775082,,,XLV,ヘルスケア,defensive,,,,
2024-08-23,150.22657775878906,0.8905825157881044,0.894691839247707,,,XLV,ヘルスケア,defensive,,,,
2024-08-26,150.14926147460938,0.8902774990685735,0.8932203925213292,,,XLV,ヘルスケア,defensive,,,,
2024-08-27,150.3812255859375,0.8912436619490319,0.8925614823305634,,,XLV,ヘルスケア,defensive,,,,
2024-08-28,150.55516052246094,0.8947378157416199,0.8932869268009156,,,XLV,ヘルスケア,defensive,,,,
2024-08-29,150.87405395507812,0.8932935241183457,0.8932891259067257,,,XLV,ヘルスケア,defensive,,,,
2024-08-30,151.91778564453125,0.8925688265526407,0.8930490261220307,,,XLV,ヘルスケア,defensive,,,,
2024-09-03,151.62783813476562,0.9024620654831316,0.8961867059090644,,,XLV,ヘルスケア,defensive,,,,
2024-09-04,151.36692810058594,0.9022083588292517,0.8981939235491269,,,XLV,ヘルスケア,defensive,,,,
2024-09-05,149.28916931152344,0.8952984322006795,0.8972287597663111,,,XLV,ヘルスケア,defensive,,,,
2024-09-06,148.7769775390625,0.901910688507582,0.8987894026800681,,,XLV,ヘルスケア,defensive,,,,
2024-09-09,149.82070922851562,0.899530274363307,0.8990363599078144,,,XLV,ヘルスケア,defensive,,,,
2024-09-10,150.5068359375,0.9031250772548104,0.9003992656901465,,,XLV,ヘルスケア,defensive,,,,
2024-09-11,150.0623016357422,0.9000393164430041,0.9002792826077658,,,XLV,ヘルスケア,defensive,,,,
2024-09-12,150.6034698486328,0.8977096824628915,0.8994227492261411,,,XLV,ヘルスケア,defensive,,,,
2024-09-13,150.91273498535156,0.8910208153751683,0.8966221046091503,,,XLV,ヘルスケア,defensive,,,,
2024-09-16,151.9564208984375,0.8907192314135577,0.8946544802106196,,,XLV,ヘルスケア,defensive,,,,
2024-09-17,150.390869140625,0.880244124451456,0.8898510282908985,,,XLV,ヘルスケア,defensive,,,,
2024-09-18,150.1396026611328,0.8804191882198809,0.8867070816005593,,,XLV,ヘルスケア,defensive,,,,
2024-09-19,150.6807861328125,0.8742650430890235,0.8825597354300474,,,XLV,ヘルスケア,defensive,,,,
2024-09-20,150.0623016357422,0.8738660248086146,0.8796618318895699,,,XLV,ヘルスケア,defensive,,,,
2024-09-23,149.76837158203125,0.8677114863418731,0.875678383373671,,,XLV,ヘルスケア,defensive,,,,
2024-09-24,149.46768188476562,0.8647038551321431,0.8720202072931618,,,XLV,ヘルスケア,defensive,,,,
2024-09-25,148.01268005371094,0.8616136195253014,0.868551344703875,,,XLV,ヘルスケア,defensive,,,,
2024-09-26,148.5074005126953,0.8573171064720406,0.8648065986265969,,,XLV,ヘルスケア,defensive,,,,
2024-09-27,148.42979431152344,0.8538043134804163,0.8611391702445368,,,XLV,ヘルスケア,defensive,,,,
2024-09-30,149.3997802734375,0.8582805783358459,0.8601863062749732,,,XLV,ヘルスケア,defensive,,,,
2024-10-01,148.61412048339844,0.8583183312012505,0.8595636479170656,,,XLV,ヘルスケア,defensive,,,,
2024-10-02,148.31338500976562,0.8574957409134414,0.8588743455825243,,,XLV,ヘルスケア,defensive,,,,
2024-10-03,146.97476196289062,0.8537849512098851,0.8571778807916446,,,XLV,ヘルスケア,defensive,,,,
2024-10-04,147.0911865234375,0.8478101127007738,0.8540552914280211,,,XLV,ヘルスケア,defensive,,,,
2024-10-07,146.44126892089844,0.8506858590613765,0.8529321473058062,,,XLV,ヘルスケア,defensive,,,,
2024-10-08,147.23666381835938,0.8532835887547658,0.8530492944554595,,,XLV,ヘルスケア,defensive,,,,
2024-10-09,148.74017333984375,0.8561159173052587,0.8540715020720593,,,XLV,ヘルスケア,defensive,,,,
2024-10-10,148.187255859375,0.8561412726545836,0.8547614255995675,,,XLV,ヘルスケア,defensive,,,,
2024-10-11,149.273681640625,0.8540288760722284,0.8545172424237879,,,XLV,ヘルスケア,defensive,,,,
2024-10-14,150.0981903076172,0.8524909411026947,0.8538418086500903,,,XLV,ヘルスケア,defensive,,,,
2024-10-15,148.26487731933594,0.8459061420492534,0.8511965864498113,,,XLV,ヘルスケア,defensive,,,,
2024-10-16,148.6819610595703,0.842587464307496,0.8483268790690397,,,XLV,ヘルスケア,defensive,,,,
2024-10-17,147.8186798095703,0.8390349782785061,0.8452295788055286,,,XLV,ヘルスケア,defensive,,,,
2024-10-18,148.5364990234375,0.840606131782196,0.8436884297977512,,,XLV,ヘルスケア,defensive,,,,
2024-10-21,146.79046630859375,0.8378655742779312,0.8417474779578111,,,XLV,ヘルスケア,defensive,,,,
2024-10-22,146.57705688476562,0.8404226717798547,0.8413058758984924,,,XLV,ヘルスケア,defensive,,,,
2024-10-23,145.88836669921875,0.8392323253850806,0.8406146923940219,,,XLV,ヘルスケア,defensive,,,,
2024-10-24,144.92807006835938,0.83352173416641,0.8382503729848179,,,XLV,ヘルスケア,defensive,,,,
2024-10-25,144.13267517089844,0.8329033118779653,0.8364680192825338,,,XLV,ヘルスケア,defensive,,,,
2024-10-28,144.34608459472656,0.8294329990506978,0.8341230125385886,,,XLV,ヘルスケア,defensive,,,,
2024-10-29,143.94834899902344,0.8296487461123128,0.8326315903964967,98.07103201594785,,XLV,ヘルスケア,defensive,,1.0,,
2024-10-30,143.6767578125,0.8298958523011013,0.8317196776980316,98.12284408252545,,XLV,ヘルスケア,defensive,,1.0,,
2024-10-31,142.46426391601562,0.8317612947004732,0.8317335500321789,98.20563252984589,,XLV,ヘルスケア,defensive,,1.0,,
2024-11-01,143.3081817626953,0.8361666751988177,0.8332112584210585,98.33684276123505,,XLV,ヘルスケア,defensive,,1.0,,
2024-11-04,142.3672637939453,0.8296888940426025,0.8320371369615732,98.35635240868251,,XLV,ヘルスケア,defensive,,1.0,,
2024-11-05,143.4148712158203,0.8261577198389848,0.8300773312540438,98.3458569548778,,XLV,ヘルスケア,defensive,,1.0,0.0,
2024-11-06,143.5991668701172,0.8080879766826173,0.8227475463969017,98.14106065709612,,XLV,ヘルスケア,defensive,,3.0,2.0,
2024-11-07,144.6370849609375,0.8131285243277533,0.8195412057071856,98.10565936696524,,XLV,ヘルスケア,defensive,,4.0,3.0,
2024-11-08,145.6749725341797,0.8144258731190679,0.8178360948444797,98.12683009696983,,XLV,ヘルスケア,defensive,,4.0,3.0,
2024-11-11,144.8213653564453,0.8056276379048685,0.8137666091979427,98.06604050414818,,XLV,ヘルスケア,defensive,,4.0,3.0,
2024-11-12,142.80377197265625,0.8005043830724771,0.8093458671561209,98.00107878121084,,XLV,ヘルスケア,defensive,,4.0,3.0,3.0
2024-11-13,142.4254608154297,0.7979492164124239,0.8055469835748886,97.96649554736787,,XLV,ヘルスケア,defensive,,3.0,0.0,-2.0
2024-11-14,140.1847686767578,0.7917308513816802,0.8009416061771525,97.91384849173323,,XLV,ヘルスケア,defensive,,3.0,-1.0,-4.0
2024-11-15,137.58514404296875,0.7826315950276987,0.7948382691273346,97.82630159566187,,XLV,ヘルスケア,defensive,,2.0,-2.0,-5.0
2024-11-18,137.6821746826172,0.7800365417673611,0.7899043600073434,97.78693289719665,,XLV,ヘルスケア,defensive,,2.0,-2.0,-5.0
2024-11-19,136.97406005859375,0.7781235437377951,0.7859774212508275,97.78494733607826,,XLV,ヘルスケア,defensive,,2.0,-2.0,-5.0
2024-11-20,138.59396362304688,0.7846838092519647,0.7855462172512065,97.88149322299526,,XLV,ヘルスケア,defensive,,2.0,-1.0,-1.0
2024-11-21,139.70945739746094,0.7811593323765922,0.7840839222930018,97.94098836966273,,XLV,ヘルスケア,defensive,,2.0,-1.0,0.0
2024-11-22,139.8355712890625,0.7757539024655549,0.7813072490171863,97.96085101746588,,XLV,ヘルスケア,defensive,,2.0,0.0,2.0
2024-11-25,141.02865600585938,0.7753516720750704,0.7793220567031477,98.00082519026292,,XLV,ヘルスケア,defensive,,2.0,0.0,2.0
2024-11-26,141.78524780273438,0.7794281141557222,0.7793574091873393,98.08866234649113,,XLV,ヘルスケア,defensive,,2.0,0.0,2.0
2024-11-27,142.5418701171875,0.7843414230719177,0.7810187471488654,98.20950533546686,,XLV,ヘルスケア,defensive,,2.0,0.0,1.0
2024-11-29,142.98809814453125,0.7844065384148236,0.7821480109041848,98.30660096751834,,XLV,ヘルスケア,defensive,,2.0,0.0,1.0
2024-12-02,142.73583984375,0.7849892355273332,0.7830950857785677,98.38981558058262,,XLV,ヘルスケア,defensive,,2.0,0.0,0.0
2024-12-03,142.415771484375,0.7867178357723905,0.784302669109842,98.47256725216424,,XLV,ヘルスケア,defensive,,2.0,0.0,0.0
2024-12-04,142.33819580078125,0.7862471505916275,0.7849508296037706,98.53629026464274,,XLV,ヘルスケア,defensive,,2.0,0.0,0.0
2024-12-05,140.74737548828125,0.7813597646506121,0.7837538079527178,98.5477344018354,,XLV,ヘルスケア,defensive,,2.0,0.0,0.0
2024-12-06,139.95196533203125,0.7778249106703535,0.7817775088585964,98.53698854268174,,XLV,ヘルスケア,defensive,,2.0,0.0,0.0
2024-12-09,140.35935974121094,0.7833038584305432,0.7822862920492454,98.58856947616741,,XLV,ヘルスケア,defensive,,3.0,1.0,1.0
2024-12-10,139.77735900878906,0.7848645939317347,0.7831457260100751,98.64599628904274,,XLV,ヘルスケア,defensive,,3.0,1.0,1.0
2024-12-11,137.8761444091797,0.7734718906041389,0.7799211142080964,98.59096053035438,,XLV,ヘルスケア,defensive,,3.0,1.0,1.0
2024-12-12,136.78005981445312,0.7701352063973673,0.7766591449378534,98.53587063712942,,XLV,ヘルスケア,defensive,,3.0,1.0,1.0
2024-12-13,136.76065063476562,0.772731520821493,0.7753499368990666,98.53463061237204,,XLV,ヘルスケア,defensive,,3.0,1.0,1.0
2024-12-16,135.1310577392578,0.7660470524794558,0.772248975425863,98.48544682150232,,XLV,ヘルスケア,defensive,,4.0,1.0,0.0
2024-12-17,135.03407287597656,0.7715742966929415,0.7720240825148893,98.5181364759373,,XLV,ヘルスケア,defensive,,4.0,1.0,0.0
2024-12-18,133.2007598876953,0.784306352827146,0.7761181726189749,98.67269185869223,,XLV,ヘルスケア,defensive,,5.0,2.0,1.0
2024-12-19,132.19192504882812,0.7809573380780942,0.7777312277720146,98.75285525759895,,XLV,ヘルスケア,defensive,,5.0,2.0,1.0
2024-12-20,133.86033630371094,0.7798912787407337,0.7784512447615877,98.8062659787048,,XLV,ヘルスケア,defensive,,5.0,2.0,1.0
2024-12-23,135.1972198486328,0.7866078025965568,0.7811700973732442,98.91859993651984,,XLV,ヘルスケア,defensive,,5.0,1.0,0.0
2024-12-24,135.75262451171875,0.7839247856620466,0.7820883268028451,98.97589065314457,,XLV,ヘルスケア,defensive,,5.0,1.0,0.0
2024-12-26,136.02545166015625,0.7842198280526029,0.7827988272194311,99.02663974586821,,XLV,ヘルスケア,defensive,,5.0,0.0,-2.0
2024-12-27,135.39210510253906,0.7859137838719977,0.78383714610362,99.08735951232502,,XLV,ヘルスケア,defensive,,5.0,0.0,-2.0
2024-12-30,133.72589111328125,0.7841414082577923,0.7839385668216775,99.11781784678199,,XLV,ヘルスケア,defensive,,5.0,0.0,-2.0
2024-12-31,134.0474395751953,0.7845915055912284,0.7841562130781945,99.15132865382019,,XLV,ヘルスケア,defensive,,5.0,0.0,-1.0
2025-01-02,134.08642578125,0.7871104850246371,0.7851409703936755,99.20923926888348,,XLV,ヘルスケア,defensive,,5.0,0.0,-1.0
2025-01-03,135.40184020996094,0.7876195338488333,0.7859671582120615,99.26188471423512,,XLV,ヘルスケア,defensive,,5.0,0.0,0.0
2025-01-06,135.46029663085938,0.7884962924573257,0.786810202960483,99.31533201683662,,XLV,ヘルスケア,defensive,,4.0,-1.0,-1.0
2025-01-07,136.13262939453125,0.7950720722181931,0.7895641593797198,99.43478213355758,,XLV,ヘルスケア,defensive,,5.0,0.0,0.0
2025-01-08,136.83419799804688,0.798215037860082,0.7924477855398405,99.5607873668127,,XLV,ヘルスケア,defensive,,5.0,0.0,0.0
2025-01-10,136.06443786621094,0.8054988723888933,0.7967981478228581,99.74359293770237,,XLV,ヘルスケア,defensive,,5.0,0.0,0.0
2025-01-13,137.8378143310547,0.8093634814171904,0.8009865923543023,99.92785424421943,,XLV,ヘルスケア,defensive,,6.0,1.0,1.0
2025-01-14,136.41522216796875,0.7945958888780851,0.7988563578622299,99.87639286597879,,XLV,ヘルスケア,defensive,,6.0,2.0,3.0
2025-01-15,136.97061157226562,0.7902462557635381,0.7959863238293327,99.79244285761224,,XLV,ヘルスケア,defensive,,5.0,0.0,0.0
2025-01-16,137.51629638671875,0.787195199125551,0.7930559489280722,99.70040587993476,,XLV,ヘルスケア,defensive,,4.0,-1.0,-1.0
2025-01-17,136.59059143066406,0.7781177317135269,0.7880765431898904,99.51483444088865,,XLV,ヘルスケア,defensive,,4.0,-1.0,-1.0
2025-01-21,138.85121154785156,0.7819188810179314,0.7860239891325708,99.44911640563573,,XLV,ヘルスケア,defensive,,4.0,-2.0,-3.0
2025-01-22,138.53936767578125,0.7829139441183255,0.7849873074611557,99.42586406551968,,XLV,ヘルスケア,defensive,,4.0,-2.0,-4.0
2025-01-23,140.39073181152344,0.7896345948232106,0.7865364032485074,99.52255706637031,,XLV,ヘルスケア,defensive,,4.0,-1.0,-1.0
2025-01-24,140.61483764648438,0.791589747519081,0.7882208513386986,99.6302251092318,,XLV,ヘルスケア,defensive,,4.0,0.0,1.0
2025-01-27,143.77188110351562,0.8088295346100826,0.7950904124291599,100.01067018203031,,XLV,ヘルスケア,defensive,,6.0,2.0,3.0
2025-01-28,142.7682647705078,0.8071681036271343,0.7991163094951514,100.26482673312196,,XLV,ヘルスケア,defensive,,7.0,3.0,5.0
2025-01-29,141.93028259277344,0.8050931437783332,0.8011085875895454,100.42242379319583,,XLV,ヘルスケア,defensive,,7.0,3.0,5.0
2025-01-30,143.56724548339844,0.8057777811653415,0.8026649854481441,100.5633991509471,,XLV,ヘルスケア,defensive,,8.0,4.0,5.0
2025-01-31,143.10928344726562,0.8098549925217068,0.8050616544726651,100.76401182288598,,XLV,ヘルスケア,defensive,,9.0,5.0,5.0
2025-02-03,143.66470336914062,0.817463407281661,0.8091955720756638,101.0864575746675,,XLV,ヘルスケア,defensive,,9.0,3.0,1.0
2025-02-04,143.2749481201172,0.8142518199910681,0.8108809880474653,101.2700845290004,,XLV,ヘルスケア,defensive,,9.0,2.0,-1.0
2025-02-05,144.64883422851562,0.8180708479955651,0.8132776080301654,101.52511581285458,,XLV,ヘルスケア,defensive,,9.0,2.0,-1.0
2025-02-06,143.35287475585938,0.8118158644992721,0.8127903601865344,101.59058810246911,101.95298978187749,XLV,ヘルスケア,defensive,Leading,9.0,1.0,-3.0
2025-02-07,142.68055725097656,0.8119987592562972,0.8125264932097886,101.67255599651837,101.59903078553349,XLV,ヘルスケア,defensive,Leading,10.0,1.0,-4.0
2025-02-10,142.5538787841797,0.8089885568052194,0.8113471810749323,101.6432112409296,100.72229300739886,XLV,ヘルスケア,defensive,Leading,9.0,0.0,-3.0
2025-02-11,142.29080200195312,0.8074061125026527,0.8100334915508391,101.58766969763818,100.12684999375583,XLV,ヘルスケア,defensive,Leading,9.0,0.0,-2.0
2025-02-12,142.086181640625,0.8109560618916857,0.810341014997788,101.65519745225309,99.6525474295493,XLV,ヘルスケア,defensive,Weakening,9.0,0.0,-2.0
2025-02-13,142.64158630371094,0.8071192962122332,0.8092671087359364,101.5877814440079,99.30538987988994,XLV,ヘルスケア,defensive,Weakening,9.0,0.0,-1.0
2025-02-14,141.09228515625,0.7991463211112069,0.8058935128610267,101.31372653286604,98.41899397721095,XLV,ヘルスケア,defensive,Weakening,9.0,-1.0,-2.0
2025-02-18,140.81948852539062,0.791525325605121,0.8011041171090583,100.9145415573639,97.61286660876651,XLV,ヘルスケア,defensive,Weakening,8.0,-1.0,-1.0
2025-02-19,142.6513214111328,0.8001992110475596,0.8008024817552255,100.88879811453852,97.77650920104354,XLV,ヘルスケア,defensive,Weakening,8.0,-1.0,-1.0
2025-02-20,143.45033264160156,0.806710816329998,0.802771926613483,101.0401240185407,98.02101094804992,XLV,ヘルスケア,defensive,Weakening,8.0,-1.0,-1.0
2025-02-21,142.68055725097656,0.8138050675563359,0.8064496402611007,101.31429040630698,98.79877207878764,XLV,ヘルスケア,defensive,Weakening,8.0,-1.0,-1.0
2025-02-24,143.840087890625,0.8197347756898006,0.810878018737334,101.62179184456933,100.10615370966222,XLV,ヘルスケア,defensive,Leading,10.0,1.0,2.0
2025-02-25,145.07757568359375,0.8259611508791438,0.8159057294512706,101.93962257910744,101.6835913594896,XLV,ヘルスケア,defensive,Leading,10.0,2.0,3.0
2025-02-26,144.03497314453125,0.8217586611554707,0.817856706686004,101.99184616176544,101.7780270213844,XLV,ヘルスケア,defensive,Leading,9.0,1.0,2.0
2025-02-27,143.45033264160156,0.8256336548545083,0.8204490227421721,102.08076913022789,101.57724425106582,XLV,ヘルスケア,defensive,Leading,10.0,2.0,3.0
2025-02-28,145.11654663085938,0.8260454575420366,0.8223145010087937,102.10820809949684,101.0156739916869,XLV,ヘルスケア,defensive,Leading,10.0,2.0,3.0
2025-03-03,145.74990844726562,0.8385865860259069,0.8277385293478314,102.35755364105358,100.87082524013077,XLV,ヘルスケア,defensive,Leading,9.0,-1.0,-2.0
2025-03-04,144.39549255371094,0.844436696893715,0.8333045851964593,102.56237570983788,100.61811981067855,XLV,ヘルスケア,defensive,Leading,10.0,0.0,-2.0
2025-03-05,145.84735107421875,0.8450731272239169,0.8372274325389453,102.62350736117739,100.62607710219366,XLV,ヘルスケア,defensive,Leading,10.0,1.0,0.0
2025-03-06,145.44786071777344,0.852194523126422,0.8422164627347708,102.71731666242411,100.62761093594594,XLV,ヘルスケア,defensive,Leading,11.0,1.0,-1.0
2025-03-07,145.45758056640625,0.8443410895283174,0.8429246716659531,102.566241011048,100.2512314472994,XLV,ヘルスケア,defensive,Leading,11.0,1.0,-1.0
2025-03-10,143.88880920410156,0.84717360303994,0.8443409821239487,102.47129493300866,99.53610232368437,XLV,ヘルスケア,defensive,Weakening,11.0,2.0,3.0
2025-03-11,142.3200225830078,0.8492473571775999,0.8459764404751658,102.3988328695164,98.97710287633683,XLV,ヘルスケア,defensive,Weakening,10.0,0.0,0.0
2025-03-12,140.8974151611328,0.8447393099758678,0.8455640636420665,102.24316445773962,98.56835624490478,XLV,ヘルスケア,defensive,Weakening,10.0,0.0,-1.0
2025-03-13,140.14712524414062,0.8483742471399284,0.8465007914746872,102.16676692211927,98.28496967150465,XLV,ヘルスケア,defensive,Weakening,10.0,-1.0,-2.0
2025-03-14,141.21896362304688,0.8388703448668429,0.8439573092720725,101.94655368231125,98.21868046703185,XLV,ヘルスケア,defensive,Weakening,10.0,-1.0,-2.0
2025-03-17,143.01185607910156,0.8382090256494461,0.8420412147311971,101.77881652921346,98.15036878278721,XLV,ヘルスケア,defensive,Weakening,10.0,-1.0,-3.0
2025-03-18,143.08006286621094,0.8429926763910232,0.8423583686178059,101.7248408588301,98.2468847473442,XLV,ヘルスケア,defensive,Weakening,9.0,-1.0,-1.0
2025-03-19,143.1580352783203,0.8372476857904455,0.8406548076753525,101.58950875396798,98.3392054468664,XLV,ヘルスケア,defensive,Weakening,9.0,-1.0,-1.0
2025-03-20,143.24571228027344,0.8412623607372766,0.8408573253626606,101.54873771042023,98.44502162561771,XLV,ヘルスケア,defensive,Weakening,9.0,-1.0,0.0
2025-03-21,142.84620666503906,0.8427767323856324,0.8414971277036511,101.53057976548506,98.82394151539206,XLV,ヘルスケア,defensive,Weakening,9.0,-1.0,0.0
2025-03-24,143.93685913085938,0.8362527125111413,0.8397489893061479,101.406174308657,98.9233329255808,XLV,ヘルスケア,defensive,Weakening,9.0,-1.0,0.0
2025-03-25,142.09791564941406,0.8275469505356401,0.835681643049312,101.18370111106921,98.66768005440741,XLV,ヘルスケア,defensive,Weakening,9.0,0.0,1.0
2025-03-26,141.57949829101562,0.8260831901039754,0.8324821587342,101.00556604968622,98.63810366928769,XLV,ヘルスケア,defensive,Weakening,8.0,-1.0,0.0
2025-03-27,141.80447387695312,0.8295296664947797,0.8314979946543932,100.93060232656372,98.62824394374452,XLV,ヘルスケア,defensive,Weakening,8.0,-1.0,0.0
2025-03-28,141.3643035888672,0.8399029299345272,0.8342996397477712,101.03122582502938,98.86418473650379,XLV,ヘルスケア,defensive,Weakening,8.0,-1.0,0.0
2025-03-31,142.82176208496094,0.8415574586169854,0.836718912704176,101.11252848980376,99.22780346381944,XLV,ヘルスケア,defensive,Weakening,6.0,-3.0,-2.0
2025-04-01,140.21005249023438,0.8253107465200639,0.8329161906428053,100.90257116117893,99.267626976501,XLV,ヘルスケア,defensive,Weakening,5.0,-4.0,-4.0
2025-04-02,141.14910888671875,0.8239488055774871,0.8299270622876993,100.73286599167865,99.29940551748622,XLV,ヘルスケア,defensive,Weakening,5.0,-3.0,-2.0
2025-04-03,140.004638671875,0.858148546818502,0.839334223797967,101.15901926007663,100.12594255583727,XLV,ヘルスケア,defensive,Leading,7.0,-1.0,0.0
2025-04-04,132.3260498046875,0.8593313301704063,0.8459999259221135,101.44240368245286,100.42213846222124,XLV,ヘルスケア,defensive,Leading,8.0,0.0,1.0
2025-04-07,131.53375244140625,0.8613650486994933,0.8511216335145735,101.63896400383192,100.6026424372653,XLV,ヘルスケア,defensive,Leading,8.0,2.0,5.0
2025-04-08,130.07627868652344,0.868196406560166,0.856813224529771,101.84706661675973,101.2542068479421,XLV,ヘルスケア,defensive,Leading,9.0,4.0,8.0
2025-04-09,135.73004150390625,0.8388487355128629,0.8508250615241351,101.50496207044961,100.95619748185507,XLV,ヘルスケア,defensive,Leading,9.0,4.0,7.0
2025-04-10,131.944580078125,0.8438615317294169,0.8485038849258957,101.34832595106559,100.02370360114503,XLV,ヘルスケア,defensive,Leading,9.0,2.0,3.0
2025-04-11,133.88133239746094,0.8434588549247005,0.8468222082588307,101.22642273101333,99.38992675664316,XLV,ヘルスケア,defensive,Weakening,8.0,0.0,0.0
2025-04-14,135.51486206054688,0.8429801611961544,0.8455415259046053,101.12729092350462,98.94759956106637,XLV,ヘルスケア,defensive,Weakening,8.0,0.0,-2.0
2025-04-15,134.68344116210938,0.8405231183009702,0.8438687233700604,101.01377473564293,98.49025404504535,XLV,ヘルスケア,defensive,Weakening,6.0,-3.0,-7.0
2025-04-16,133.31399536132812,0.8427976449150413,0.8435116972183874,100.96614551035991,98.98569825618604,XLV,ヘルスケア,defensive,Weakening,6.0,-3.0,-7.0
2025-04-17,132.53146362304688,0.8316694197213189,0.8395642713860312,100.74752509320035,98.9174100683553,XLV,ヘルスケア,defensive,Weakening,6.0,-3.0,-5.0
2025-04-21,129.6752471923828,0.8304405262624563,0.8365230230115063,100.57251539817696,98.85544589755831,XLV,ヘルスケア,defensive,Weakening,5.0,-3.0,-3.0
2025-04-22,132.11085510253906,0.8256798518013432,0.8329086326081186,100.36249772569357,98.70166812361579,XLV,ヘルスケア,defensive,Weakening,5.0,-3.0,-3.0
2025-04-23,132.76620483398438,0.8218252166166322,0.8292141606109565,100.13676264868528,98.55765056513442,XLV,ヘルスケア,defensive,Weakening,5.0,-1.0,2.0
2025-04-24,134.38999938964844,0.8180357759684413,0.8254880323967848,99.89506273440507,98.3200626958884,XLV,ヘルスケア,defensive,Lagging,5.0,-1.0,2.0
2025-04-25,135.03558349609375,0.8231436232843717,0.8247065626926472,99.809723108275,98.56201475462515,XLV,ヘルスケア,defensive,Lagging,5.0,-1.0,2.0
2025-04-28,135.57357788085938,0.8241099284425543,0.8245076846092829,99.76276850669825,98.78892775277002,XLV,ヘルスケア,defensive,Lagging,5.0,0.0,3.0
2025-04-29,136.2387237548828,0.8233480459763332,0.8241211383982997,99.7070987908315,99.04212276427742,XLV,ヘルスケア,defensive,Lagging,5.0,0.0,3.0
2025-04-30,137.40272521972656,0.8292043434024301,0.8258155400663432,99.78372005895316,99.50273712569653,XLV,ヘルスケア,defensive,Lagging,5.0,0.0,1.0
2025-05-01,133.65635681152344,0.8076938965387194,0.8197749922238019,99.36282230801288,99.26505768500203,XLV,ヘルスケア,defensive,Lagging,2.0,-3.0,-2.0
2025-05-02,135.5050811767578,0.8046693954537271,0.8147397933004437,99.00733937736337,98.89116323932174,XLV,ヘルスケア,defensive,Lagging,2.0,-3.0,-2.0
2025-05-05,135.1236114501953,0.8050737460981412,0.8115177775663429,98.78559394527792,98.66208105929185,XLV,ヘルスケア,defensive,Lagging,2.0,-3.0,-3.0
2025-05-06,131.39678955078125,0.7887159801077558,0.8039171784134806,98.30223765761137,98.08004187447236,XLV,ヘルスケア,defensive,Lagging,2.0,-3.0,-3.0
2025-05-07,132.404296875,0.7895633931128965,0.799132583313286,98.04481664708386,97.67890228912475,XLV,ヘルスケア,defensive,Lagging,1.0,-4.0,-4.0
2025-05-08,131.2109375,0.7759194137581178,0.7913948601282299,97.65539557314352,97.81912107147802,XLV,ヘルスケア,defensive,Lagging,1.0,-1.0,2.0
2025-05-09,129.78282165527344,0.7676521611047978,0.7834806271204193,97.33558092263195,97.95644576383371,XLV,ヘルスケア,defensive,Lagging,1.0,-1.0,2.0
2025-05-12,132.9912109375,0.7656437716738987,0.7775350086382459,97.1912232043877,98.15038898277729,XLV,ヘルスケア,defensive,Lagging,1.0,-1.0,2.0
2025-05-13,128.99050903320312,0.7409396511987573,0.7653365561584164,96.82324073074498,98.3817659143726,XLV,ヘルスケア,defensive,Lagging,1.0,-1.0,2.0
2025-05-14,125.95821380615234,0.7279047706135475,0.7528592943101269,96.58751146293964,98.47257172852953,XLV,ヘルスケア,defensive,Lagging,1.0,0.0,4.0
2025-05-15,127.6113052368164,0.7307965816781592,0.7455050567661378,96.63679610610839,99.10862264604872,XLV,ヘルスケア,defensive,Lagging,1.0,0.0,1.0
2025-05-16,130.18386840820312,0.738280401228118,0.7430968382534645,96.85051931772614,99.84940144837927,XLV,ヘルスケア,defensive,Lagging,1.0,0.0,1.0
2025-05-19,131.4359130859375,0.7454637127308559,0.743885796412595,97.11511164313775,100.40087971397445,XLV,ヘルスケア,defensive,Improving,1.0,0.0,1.0
2025-05-20,131.75872802734375,0.7492511774648669,0.7456742567633523,97.3610729547201,101.21062191842238,XLV,ヘルスケア,defensive,Improving,1.0,0.0,1.0
2025-05-21,128.7068634033203,0.7481944952139565,0.7465143362468871,97.54228041559708,101.70713473928745,XLV,ヘルスケア,defensive,Improving,1.0,0.0,0.0
2025-05-22,127.6993408203125,0.7447126265254037,0.745913766339726,97.66150643473486,101.72920266236169,XLV,ヘルスケア,defensive,Improving,1.0,0.0,0.0
2025-05-23,127.49390411376953,0.7464999663623675,0.7461091663472732,97.79188504776519,101.58222702615775,XLV,ヘルスケア,defensive,Improving,1.0,0.0,0.0
2025-05-27,129.274169921875,0.7430709245330762,0.7450964190758742,97.87792279782241,101.36964121396296,XLV,ヘルスケア,defensive,Improving,1.0,0.0,0.0
2025-05-28,128.6090087890625,0.7455874349906976,0.745260091047482,97.98637896407384,101.21985250381499,XLV,ヘルスケア,defensive,Improving,1.0,0.0,0.0
2025-05-29,129.46981811523438,0.7487492216830284,0.7464231345926642,98.1094672714107,101.17059460505261,XLV,ヘルスケア,defensive,Improving,1.0,0.0,0.0
2025-05-30,129.7436981201172,0.7506308016225783,0.7478256902693023,98.22663327261047,101.1804088581057,XLV,ヘルスケア,defensive,Improving,1.0,0.0,0.0
2025-06-02,129.8219757080078,0.7504881296828805,0.7487131700738284,98.32170245090049,101.14388249455516,XLV,ヘルスケア,defensive,Improving,1.0,0.0,0.0
2025-06-03,130.1251983642578,0.7460301658146137,0.7478188353207569,98.36705287711108,101.09554531805544,XLV,ヘルスケア,defensive,Improving,1.0,0.0,0.0
2025-06-04,130.37950134277344,0.7491712870912977,0.7482696525776038,98.44101560215118,101.0573901659175,XLV,ヘルスケア,defensive,Improving,1.0,0.0,0.0
2025-06-05,130.2034149169922,0.7501864694070607,0.7489085915207561,98.51386750509342,100.99986428515226,XLV,ヘルスケア,defensive,Improving,1.0,0.0,0.0
2025-06-06,131.44570922851562,0.7508595365035751,0.7495589065150291,98.5821520845066,100.93725609962931,XLV,ヘルスケア,defensive,Improving,1.0,0.0,0.0
2025-06-09,131.22073364257812,0.7494485902394307,0.7495221344231631,98.63044087747971,100.86601350890624,XLV,ヘルスケア,defensive,Improving,1.0,0.0,0.0
2025-06-10,132.71731567382812,0.7542401152428572,0.7510947946963944,98.71261006525629,100.89968211748909,XLV,ヘルスケア,defensive,Improving,1.0,0.0,0.0
2025-06-11,132.78578186035156,0.7567779781996434,0.7529891891974775,98.79802413538135,100.89349202046549,XLV,ヘルスケア,defensive,Improving,1.0,0.0,0.0
2025-06-12,133.82264709472656,0.7609030263031293,0.7556271348993615,98.89662909961879,100.90300663619304,XLV,ヘルスケア,defensive,Improving,1.0,0.0,0.0
2025-06-13,133.15748596191406,0.7663848559009843,0.7592130418999026,99.01355502618355,100.94058234321933,XLV,ヘルスケア,defensive,Improving,3.0,2.0,2.0
2025-06-16,132.74667358398438,0.756724084091607,0.7583833892971374,99.02530384094374,100.86559080178877,XLV,ヘルスケア,defensive,Improving,4.0,3.0,3.0
2025-06-17,130.55557250976562,0.7514520366805912,0.7560729384249554,99.00261204957229,100.70454839188221,XLV,ヘルスケア,defensive,Improving,3.0,2.0,2.0
2025-06-18,130.33059692382812,0.7500724048291431,0.7540727605596846,98.98776786895365,100.5534751469572,XLV,ヘルスケア,defensive,Improving,3.0,2.0,2.0
2025-06-20,129.70458984375,0.7452511752606966,0.7511322321266887,98.95175404092095,100.36076427813299,XLV,ヘルスケア,defensive,Improving,3.0,2.0,2.0
2025-06-23,129.8913116455078,0.7397928176831591,0.7473524273121788,98.89757969670241,100.12680814435569,XLV,ヘルスケア,defensive,Improving,2.0,-1.0,-3.0
2025-06-24,131.48348999023438,0.7418372013419167,0.7455140186554248,98.88982618015629,100.09586300286031,XLV,ヘルスケア,defensive,Improving,3.0,-1.0,-4.0
2025-06-25,131.60142517089844,0.7478985752377834,0.7463088708495443,98.9428641319754,100.18678317731,XLV,ヘルスケア,defensive,Improving,3.0,0.0,-2.0
2025-06-26,131.91595458984375,0.7440706686239462,0.7455628034410117,98.9588442573781,100.2165211281551,XLV,ヘルスケア,defensive,Improving,5.0,2.0,0.0
2025-06-27,131.6309356689453,0.739753993453786,0.7436265334452699,98.94703741180165,100.23637382028234,XLV,ヘルスケア,defensive,Improving,5.0,2.0,0.0
2025-06-30,132.47616577148438,0.7410221050472624,0.7427583906459341,98.9598853865308,100.3143786775672,XLV,ヘルスケア,defensive,Improving,5.0,3.0,4.0
2025-07-01,134.36322021484375,0.7428711182268674,0.7427959665062452,98.99279603038909,100.36011623568133,XLV,ヘルスケア,defensive,Improving,5.0,2.0,3.0
2025-07-02,133.036376953125,0.7338588742775608,0.7398169357633504,98.95535531907355,100.2327103170308,XLV,ヘルスケア,defensive,Improving,4.0,1.0,1.0
2025-07-03,133.17398071289062,0.7310872821727734,0.7369070512331581,98.92076455103627,100.1600478470757,XLV,ヘルスケア,defensive,Improving,4.0,-1.0,-3.0
2025-07-07,132.0535430908203,0.7307769409083248,0.7348636811248804,98.9055646270511,100.16155930749233,XLV,ヘルスケア,defensive,Improving,4.0,-1.0,-3.0
2025-07-08,132.653076171875,0.7322610639322794,0.7339961420606801,98.91567130911537,100.16835355556397,XLV,ヘルスケア,defensive,Improving,4.0,-1.0,-4.0
2025-07-09,133.1641387939453,0.7328933028913067,0.7336285290042224,98.93456296167714,100.163113120432,XLV,ヘルスケア,defensive,Improving,5.0,0.0,-2.0
2025-07-10,133.97991943359375,0.7331361717476688,0.7334644099187045,98.95419104269708,100.26584518452248,XLV,ヘルスケア,defensive,Improving,5.0,1.0,0.0
2025-07-11,132.86929321289062,0.7324206493030553,0.7331164897134881,98.96993747187594,100.35616074795196,XLV,ヘルスケア,defensive,Improving,5.0,1.0,2.0
2025-07-14,132.71205139160156,0.7308008241848268,0.7323446012039344,98.97394168102389,100.38626067142701,XLV,ヘルスケア,defensive,Improving,5.0,1.0,2.0
2025-07-15,130.32376098632812,0.7277409453281174,0.7308100492453288,98.95655187554587,100.34162743215465,XLV,ヘルスケア,defensive,Improving,5.0,1.0,2.0
2025-07-16,131.9454345703125,0.7339342582453888,0.7318514522453488,99.00620412860287,100.37192155836573,XLV,ヘルスケア,defensive,Improving,5.0,0.0,0.0
2025-07-17,130.44171142578125,0.7197023405866557,0.7278017483591177,98.9141992807114,100.19894869580789,XLV,ヘルスケア,defensive,Improving,5.0,0.0,-1.0
2025-07-18,129.57679748535156,0.7152019810178842,0.7236018259120399,98.8125914605548,100.02482217298252,XLV,ヘルスケア,defensive,Improving,3.0,-2.0,-3.0
2025-07-21,128.8396759033203,0.713574185960999,0.720259279261693,98.73313209407954,99.89840059176645,XLV,ヘルスケア,defensive,Lagging,2.0,-3.0,-4.0
2025-07-22,131.23779296875,0.7177063637359684,0.7194083074197848,98.72547405412737,99.90231300649889,XLV,ヘルスケア,defensive,Lagging,2.0,-3.0,-4.0
2025-07-23,133.93075561523438,0.7264155807547606,0.7217440651981102,98.81553160457638,99.94654690142829,XLV,ヘルスケア,defensive,Lagging,3.0,-2.0,-2.0
2025-07-24,133.42950439453125,0.7260209575792095,0.72316969599181,98.8778793111834,100.1498372690836,XLV,ヘルスケア,defensive,Improving,3.0,-2.0,-2.0
2025-07-25,134.13714599609375,0.7263723161204229,0.724237236034681,98.92947120913912,100.3488337311866,XLV,ヘルスケア,defensive,Improving,4.0,1.0,3.0
2025-07-28,132.96759033203125,0.7243217839957489,0.7242654186883704,98.94307703232502,100.46318089825337,XLV,ヘルスケア,defensive,Improving,3.0,1.0,4.0
2025-07-29,132.12234497070312,0.7200646919510696,0.7228651764426035,98.89970993780258,100.39023045581624,XLV,ヘルスケア,defensive,Improving,3.0,1.0,4.0
2025-07-30,131.88645935058594,0.7234720958072605,0.7230674828974892,98.90871607173348,100.25293855402754,XLV,ヘルスケア,defensive,Improving,4.0,1.0,3.0
2025-07-31,128.1909942626953,0.7096721956243417,0.7186023871397734,98.71259888346788,99.86058592102091,XLV,ヘルスケア,defensive,Lagging,3.0,0.0,2.0
2025-08-01,128.87899780273438,0.7216155371525188,0.7196067704773552,98.73834513152,99.81295641525058,XLV,ヘルスケア,defensive,Lagging,3.0,-1.0,-2.0
2025-08-04,130.72671508789062,0.723119395434019,0.7207776454629098,98.7724218197408,99.82699007688129,XLV,ヘルスケア,defensive,Lagging,4.0,1.0,0.0
2025-08-05,130.22547912597656,0.7223513537395551,0.7213022148884582,98.7694046488119,99.86579883333391,XLV,ヘルスケア,defensive,Lagging,3.0,0.0,-1.0
2025-08-06,128.26963806152344,0.713097718035794,0.7185673826042369,98.58812557878112,99.5280915371632,XLV,ヘルスケア,defensive,Lagging,2.0,-2.0,-3.0
2025-08-07,126.7953872680664,0.7053261502015269,0.7141536384700002,98.28533401455479,99.28053362677873,XLV,ヘルスケア,defensive,Lagging,3.0,0.0,0.0
2025-08-08,127.92564392089844,0.7103308277225535,0.7128793682208514,98.17447957162452,98.95023198126685,XLV,ヘルスケア,defensive,Lagging,2.0,-1.0,0.0
2025-08-11,128.05340576171875,0.7129873667265176,0.7129153677227402,98.16823210487408,98.76103789239694,XLV,ヘルスケア,defensive,Lagging,1.0,-3.0,-4.0
2025-08-12,128.93797302246094,0.7089046569063573,0.7115784641172793,98.08457867913054,98.47073833174248,XLV,ヘルスケア,defensive,Lagging,1.0,-2.0,-2.0
2025-08-13,131.00189208984375,0.7101131744060699,0.7110900342135429,98.10498133313341,98.76714114747871,XLV,ヘルスケア,defensive,Lagging,2.0,0.0,2.0
2025-08-14,131.66041564941406,0.7183558657188157,0.7135119780486339,98.34724912640255,99.94434426451086,XLV,ヘルスケア,defensive,Lagging,2.0,-1.0,-1.0
2025-08-15,133.87179565429688,0.7322292307239056,0.7197510622737244,98.83637212369531,101.46666605620318,XLV,ヘルスケア,defensive,Improving,5.0,3.0,4.0
2025-08-18,133.55728149414062,0.7306661644636433,0.723389429670364,99.12328293172706,102.14626043388213,XLV,ヘルスケア,defensive,Improving,5.0,4.0,7.0
2025-08-19,134.41233825683594,0.7319172218734797,0.7262320270714027,99.34663231620635,102.7185865631805,XLV,ヘルスケア,defensive,Improving,5.0,4.0,6.0
2025-08-20,135.1396484375,0.7365483941121117,0.7296708160849723,99.60879911032528,103.03866716975668,XLV,ヘルスケア,defensive,Improving,6.0,4.0,4.0
2025-08-21,134.68753051757812,0.7366513436910439,0.7319976586203296,99.79072179340758,102.7696863233864,XLV,ヘルスケア,defensive,Improving,6.0,4.0,5.0
2025-08-22,135.7981414794922,0.728536670341685,0.7308439958607814,99.72370181738283,101.57050579151634,XLV,ヘルスケア,defensive,Improving,7.0,2.0,-1.0
2025-08-25,133.86196899414062,0.7236872041308217,0.7284583986174615,99.56982209876034,100.62806972735608,XLV,ヘルスケア,defensive,Improving,7.0,2.0,-2.0
2025-08-26,134.6973876953125,0.7277005518635958,0.7282057830328397,99.56946356083755,100.14554546701834,XLV,ヘルスケア,defensive,Improving,5.0,0.0,-4.0
2025-08-27,134.61874389648438,0.7246569134817517,0.7270228265158104,99.50273910475825,99.41629852262764,XLV,ヘルスケア,defensive,Lagging,3.0,-3.0,-7.0
2025-08-28,134.08799743652344,0.7221440392691082,0.7253965641002431,99.4059093790196,98.81423940461742,XLV,ヘルスケア,defensive,Lagging,3.0,-3.0,-7.0
2025-08-29,135.0708465576172,0.7279771764594037,0.7262567682199633,99.49055447425853,99.18876675825986,XLV,ヘルスケア,defensive,Lagging,5.0,-2.0,-4.0
2025-09-02,135.1986083984375,0.7344677034434794,0.728993746627802,99.71288917331388,100.0681308387182,XLV,ヘルスケア,defensive,Improving,5.0,-2.0,-4.0
2025-09-03,134.5597686767578,0.7321318418786126,0.7300397783780722,99.81010448666528,100.3048497563458,XLV,ヘルスケア,defensive,Improving,5.0,0.0,0.0
2025-09-04,135.0708465576172,0.7295242707252773,0.7298679424938073,99.8171042933209,100.48330946048276,XLV,ヘルスケア,defensive,Improving,6.0,3.0,6.0
2025-09-05,135.53277587890625,0.7311645973891765,0.7303001607922637,99.87087446476367,100.83142210044062,XLV,ヘルスケア,defensive,Improving,6.0,3.0,6.0
2025-09-08,135.483642578125,0.7314818613579164,0.7306940609808146,99.92326881074665,100.75190706149147,XLV,ヘルスケア,defensive,Improving,7.0,2.0,4.0
2025-09-09,136.2109375,0.7376807703060088,0.7330229640892127,100.12855881592998,100.70662565897779,XLV,ヘルスケア,defensive,Leading,8.0,3.0,5.0
2025-09-10,134.97256469726562,0.7317146853045042,0.7325868711609766,100.11963855785174,100.46181719961021,XLV,ヘルスケア,defensive,Leading,8.0,3.0,3.0
2025-09-11,137.321533203125,0.7334580606756467,0.7328772676658667,100.17377434169414,100.57135905791307,XLV,ヘルスケア,defensive,Leading,8.0,2.0,-1.0
2025-09-12,135.73916625976562,0.7302628446538086,0.732005793328514,100.13719598429371,100.3665169498423,XLV,ヘルスケア,defensive,Leading,8.0,2.0,-1.0
2025-09-15,134.57943725585938,0.725290266661294,0.7297672844394407,99.98283412161341,99.89832716411384,XLV,ヘルスケア,defensive,Lagging,7.0,0.0,-2.0
2025-09-16,134.57943725585938,0.727217933571985,0.7289175008169555,99.9447517456665,99.3502504119845,XLV,ヘルスケア,defensive,Lagging,6.0,-2.0,-5.0
2025-09-17,134.84478759765625,0.7279552339708071,0.7285967452015727,99.95332442615802,99.40881300164511,XLV,ヘルスケア,defensive,Lagging,6.0,-2.0,-5.0
2025-09-18,135.1101531982422,0.7246545246821865,0.7272826716951106,99.85392230031597,99.07493682857314,XLV,ヘルスケア,defensive,Lagging,6.0,-2.0,-4.0
2025-09-19,134.93325805664062,0.7249680269164175,0.7265111234355462,99.80263944526561,99.06196895589677,XLV,ヘルスケア,defensive,Lagging,6.0,-2.0,-4.0
2025-09-22,134.89869689941406,0.7244362067942641,0.7258194845551189,99.75280850905517,99.30877951707183,XLV,ヘルスケア,defensive,Lagging,6.0,-1.0,-1.0
2025-09-23,135.20477294921875,0.7251948912471199,0.725611286785786,99.75680567483275,99.4080886870128,XLV,ヘルスケア,defensive,Lagging,6.0,0.0,2.0
2025-09-24,134.6617431640625,0.7239703458353661,0.7250643064689795,99.71836001537032,99.30867245262404,XLV,ヘルスケア,defensive,Lagging,5.0,-1.0,1.0
2025-09-25,132.43038940429688,0.7178843822541496,0.7226709983973696,99.43016284578303,98.90124556847724,XLV,ヘルスケア,defensive,Lagging,4.0,-2.0,0.0
2025-09-26,133.78302001953125,0.7181018910406436,0.7211479626117943,99.24292552842829,98.63397133069995,XLV,ヘルスケア,defensive,Lagging,4.0,-2.0,0.0
2025-09-29,134.1779327392578,0.7178234390507392,0.7200397880914426,99.10395042036589,98.48913385250582,XLV,ヘルスケア,defensive,Lagging,4.0,-2.0,-1.0
2025-09-30,137.406494140625,0.7331580172895271,0.7244125311574708,99.77585180595973,99.95581720642191,XLV,ヘルスケア,defensive,Lagging,5.0,-1.0,-1.0
2025-10-01,141.65200805664062,0.7541014235012758,0.7343088286054058,101.34606200475662,103.13726715588388,XLV,ヘルスケア,defensive,Leading,8.0,3.0,4.0
2025-10-02,141.3755645751953,0.7508526440616953,0.7398234337575023,102.17730275964226,104.38434733279759,XLV,ヘルスケア,defensive,Leading,10.0,6.0,8.0
2025-10-03,142.98492431640625,0.7567395753140672,0.7454621476096905,102.86412138858557,104.62717486085032,XLV,ヘルスケア,defensive,Leading,11.0,7.0,9.0
2025-10-06,142.29379272460938,0.7533182061664976,0.7480808337952929,103.0035206587348,104.16271457216996,XLV,ヘルスケア,defensive,Leading,11.0,7.0,9.0
2025-10-07,142.40237426757812,0.7572198711105032,0.7511271795670297,103.12748422808228,103.18096128160443,XLV,ヘルスケア,defensive,Leading,11.0,6.0,7.0
2025-10-08,142.6788330078125,0.7562268046356397,0.7528270545898997,103.05991159680508,101.4309062009155,XLV,ヘルスケア,defensive,Leading,11.0,3.0,0.0
2025-10-09,142.36289978027344,0.760847210048711,0.7555004397428369,103.0769625252005,100.58527471736953,XLV,ヘルスケア,defensive,Leading,11.0,1.0,-5.0
2025-10-10,140.3092498779297,0.7671683115251782,0.7593897303369508,103.16476763123418,99.97181442130777,XLV,ヘルスケア,defensive,Weakening,11.0,0.0,-7.0
2025-10-13,140.1512908935547,0.7589252442164821,0.7592349016301279,102.88706573931267,99.55001863462073,XLV,ヘルスケア,defensive,Weakening,11.0,0.0,-7.0
2025-10-14,140.5363311767578,0.7547516418174637,0.7577404816925732,102.56324469295366,99.11004810004938,XLV,ヘルスケア,defensive,Weakening,10.0,-1.0,-7.0
2025-10-15,140.75355529785156,0.7543971418629005,0.7566260350826824,102.31660924466273,98.94876988707769,XLV,ヘルスケア,defensive,Weakening,10.0,-1.0,-4.0
2025-10-16,140.5166015625,0.760333916601103,0.7578619955888226,102.2751727617671,98.90921033426768,XLV,ヘルスケア,defensive,Weakening,10.0,-1.0,-2.0
2025-10-17,141.45455932617188,0.7615417070150091,0.7590885660642182,102.23668295940323,98.80578107081143,XLV,ヘルスケア,defensive,Weakening,10.0,-1.0,-1.0
2025-10-20,142.95530700683594,0.7620016005034941,0.7600595775439769,102.18371896197905,99.03999219819191,XLV,ヘルスケア,defensive,Weakening,10.0,-1.0,-1.0
2025-10-21,143.29098510742188,0.7603074095076662,0.76014218819854,102.07504834359905,99.2576337466512,XLV,ヘルスケア,defensive,Weakening,11.0,1.0,2.0
2025-10-22,144.11048889160156,0.768361416910545,0.7628819311025417,102.14721005448476,99.57166959599051,XLV,ヘルスケア,defensive,Weakening,11.0,1.0,2.0
2025-10-23,144.189453125,0.7651548779514163,0.7636395800521667,102.08319286063407,99.55504423982318,XLV,ヘルスケア,defensive,Weakening,11.0,1.0,2.0
2025-10-24,144.17958068847656,0.7630224204057225,0.7634338601700187,101.96735031379036,99.48810553458783,XLV,ヘルスケア,defensive,Weakening,11.0,1.0,2.0
2025-10-27,144.51528930664062,0.7614151730658224,0.76276096446862,101.83641587139586,99.42183201697415,XLV,ヘルスケア,defensive,Weakening,10.0,0.0,1.0
2025-10-28,143.60691833496094,0.7631839762409149,0.7629019683927184,101.76529399183764,99.4656446646235,XLV,ヘルスケア,defensive,Weakening,10.0,-1.0,-2.0
2025-10-29,142.1555633544922,0.7640152319082136,0.7632730562312169,101.71541807151021,99.35293793186527,XLV,ヘルスケア,defensive,Weakening,10.0,-1.0,-2.0
2025-10-30,142.4715118408203,0.7690208015842613,0.7651889713488984,101.7555118517978,99.45621291182782,XLV,ヘルスケア,defensive,Weakening,10.0,-1.0,-2.0
2025-10-31,142.42214965820312,0.7670772224503711,0.7658183883827226,101.71907986893362,99.53431757508605,XLV,ヘルスケア,defensive,Weakening,10.0,-1.0,-2.0
2025-11-03,142.61961364746094,0.7700255713515183,0.7672207827056545,101.72674650359033,99.66771984146195,XLV,ヘルスケア,defensive,Weakening,9.0,-1.0,-1.0
2025-11-04,143.26138305664062,0.77864083531585,0.7710274669090531,101.86194104553547,99.86014522186238,XLV,ヘルスケア,defensive,Weakening,10.0,0.0,1.0
2025-11-05,143.81427001953125,0.7770974782415044,0.7730508040198703,101.89516058924924,99.93096666238694,XLV,ヘルスケア,defensive,Weakening,10.0,0.0,1.0
2025-11-06,144.09072875976562,0.7841167681016755,0.7767394587138053,102.01125845286967,99.99206560273647,XLV,ヘルスケア,defensive,Weakening,11.0,1.0,2.0
2025-11-07,144.28817749023438,0.7786605441476098,0.7773798205250735,101.96263706309898,99.96685134644305,XLV,ヘルスケア,defensive,Weakening,11.0,1.0,2.0
2025-11-10,145.4137420654297,0.7802419823631147,0.7783338744710873,101.93695278976695,99.91959542242198,XLV,ヘルスケア,defensive,Weakening,11.0,2.0,3.0
2025-11-11,148.77066040039062,0.7936681622614213,0.783445303734532,102.11777847245324,99.95288210346985,XLV,ヘルスケア,defensive,Weakening,11.0,1.0,1.0
2025-11-12,150.883544921875,0.8030355238902627,0.7899753771197756,102.33684492617046,100.13154104143793,XLV,ヘルスケア,defensive,Leading,11.0,1.0,1.0
2025-11-13,150.8045654296875,0.8117924322178937,0.7972477288191483,102.5382713470666,100.21858831341676,XLV,ヘルスケア,defensive,Leading,11.0,0.0,-1.0
2025-11-14,149.90609741210938,0.809928064623782,0.8014745074206929,102.56279117897088,100.2977079702273,XLV,ヘルスケア,defensive,Leading,11.0,0.0,-1.0
2025-11-17,149.77774047851562,0.8200022104345375,0.8076504084253078,102.64821272155991,100.41975063756556,XLV,ヘルスケア,defensive,Leading,11.0,0.0,-2.0
2025-11-18,150.65646362304688,0.8243225281817256,0.8132077816774471,102.68016484089897,100.28873003602803,XLV,ヘルスケア,defensive,Leading,11.0,0.0,-1.0
2025-11-19,150.39974975585938,0.8254166338326092,0.8172773990625013,102.64202702639452,100.04661412410859,XLV,ヘルスケア,defensive,Leading,11.0,0.0,-1.0
2025-11-20,149.50128173828125,0.8306190766974924,0.8217246249408316,102.61620406636723,99.82597605014246,XLV,ヘルスケア,defensive,Weakening,11.0,0.0,0.0
2025-11-21,152.65086364746094,0.8317728367757987,0.8250740288858207,102.55441588046031,99.74458216576862,XLV,ヘルスケア,defensive,Weakening,11.0,0.0,0.0
2025-11-24,153.29261779785156,0.8318216857533909,0.8273232478416774,102.46439592702272,99.57124277800169,XLV,ヘルスケア,defensive,Weakening,11.0,0.0,0.0
2025-11-25,156.75816345214844,0.8387115393360275,0.8311193450064609,102.43116282608122,99.50705458470667,XLV,ヘルスケア,defensive,Weakening,11.0,0.0,0.0
2025-11-26,156.41258239746094,0.8310638632174127,0.8311008510767781,102.29151120432984,99.40203105871468,XLV,ヘルスケア,defensive,Weakening,11.0,0.0,0.0
2025-11-28,155.65234375,0.82257689418363,0.8282595321123956,102.0900262761316,99.22867959050257,XLV,ヘルスケア,defensive,Weakening,11.0,0.0,0.0
2025-12-01,153.32223510742188,0.8158431041661389,0.8241207227969767,101.87437134050114,99.09063262448946,XLV,ヘルスケア,defensive,Weakening,11.0,0.0,0.0
2025-12-02,152.40403747558594,0.8117254264322273,0.8199889573420602,101.6795291803085,99.00862742781126,XLV,ヘルスケア,defensive,Weakening,11.0,0.0,0.0
2025-12-03,153.1149139404297,0.8093363556397809,0.8164380901079672,101.5164800215426,98.90801589670485,XLV,ヘルスケア,defensive,Weakening,11.0,0.0,0.0
2025-12-04,151.94985961914062,0.8029265068277714,0.8119342290145686,101.33753281812814,98.90153172070885,XLV,ヘルスケア,defensive,Weakening,11.0,0.0,0.0
2025-12-05,151.31796264648438,0.7977134535424891,0.8071939705238755,101.1609985687049,98.95642481649526,XLV,ヘルスケア,defensive,Weakening,11.0,0.0,0.0
2025-12-08,149.5111541748047,0.792937710001748,0.8024418836831664,100.99064579306587,99.02814878311828,XLV,ヘルスケア,defensive,Weakening,11.0,0.0,0.0
2025-12-09,148.05978393554688,0.7867243729188169,0.7972027134283832,100.81107165253884,99.06768953661891,XLV,ヘルスケア,defensive,Weakening,10.0,-1.0,-1.0
2025-12-10,150.212158203125,0.787087683209709,0.7938310366888252,100.68804122918324,99.12963518895299,XLV,ヘルスケア,defensive,Weakening,10.0,-1.0,-1.0
2025-12-11,151.6339111328125,0.7881722607379813,0.791944778038544,100.60918343843575,99.24452737130989,XLV,ヘルスケア,defensive,Weakening,11.0,0.0,0.0
2025-12-12,152.1078338623047,0.7960315405651487,0.7933070322140789,100.6255031258639,99.43984578267681,XLV,ヘルスケア,defensive,Weakening,11.0,0.0,0.0
2025-12-15,154.1219940185547,0.8055727827273995,0.7973956157185192,100.72224631318146,99.69654468943571,XLV,ヘルスケア,defensive,Weakening,11.0,0.0,0.0
2025-12-16,152.11770629882812,0.8007201447357588,0.7985037920575992,100.73010608894297,99.87432503702331,XLV,ヘルスケア,defensive,Weakening,10.0,0.0,1.0
2025-12-17,151.84124755859375,0.8014321464793079,0.7994799101981689,100.73436082329034,99.99041382193813,XLV,ヘルスケア,defensive,Weakening,10.0,0.0,1.0
2025-12-18,151.95973205566406,0.8003464877709442,0.799768769389094,100.71810201819409,100.0436193275019,XLV,ヘルスケア,defensive,Leading,10.0,-1.0,-1.0
2025-12-19,152.9766845703125,0.8027784332709265,0.8007719906830382,100.7245998303962,100.02922660064424,XLV,ヘルスケア,defensive,Leading,9.0,-2.0,-2.0
2025-12-22,153.98507690429688,0.8021247522959742,0.8012229112206836,100.71436449673745,99.92392097696151,XLV,ヘルスケア,defensive,Weakening,8.0,-3.0,-3.0
2025-12-23,153.6776885986328,0.8023891570533639,0.801611659831577,100.70285441153004,99.9021248675681,XLV,ヘルスケア,defensive,Weakening,8.0,-2.0,-2.0
2025-12-24,154.4808349609375,0.8036691054443915,0.8022974750358485,100.7025020961272,99.89154292619781,XLV,ヘルスケア,defensive,Weakening,8.0,-2.0,-2.0
2025-12-26,154.72872924804688,0.8047510643388838,0.8031153381368603,100.70855927525203,99.90430807428825,XLV,ヘルスケア,defensive,Weakening,8.0,-2.0,-1.0
2025-12-29,154.49073791503906,0.804841895033794,0.803690857102505,100.7085658375787,99.88791027141751,XLV,ヘルスケア,defensive,Weakening,9.0,0.0,2.0
2025-12-30,154.36184692382812,0.8054607187876803,0.8042808109975635,100.70962822602282,99.89921571737406,XLV,ヘルスケア,defensive,Weakening,9.0,1.0,4.0
2025-12-31,153.4893035888672,0.8078064568302181,0.8054560262751151,100.73156804454237,99.95535706156029,XLV,ヘルスケア,defensive,Weakening,8.0,0.0,2.0
2026-01-02,154.1932830810547,0.8060412507425117,0.8056511010975808,100.71547042163252,99.98153724685258,XLV,ヘルスケア,defensive,Weakening,9.0,1.0,3.0
2026-01-05,153.72726440429688,0.796215312524154,0.8025058382397718,100.56495049358503,99.86328146693688,XLV,ヘルスケア,defensive,Weakening,8.0,0.0,2.0
2026-01-06,156.75143432617188,0.8021938222515141,0.8024018329103527,100.53644031858695,99.8829499235304,XLV,ヘルスケア,defensive,Weakening,8.0,-1.0,-1.0
2026-01-07,158.3081512451172,0.8193522361144686,0.8080519673117248,100.74802885310606,100.36672083063237,XLV,ヘルスケア,defensive,Leading,8.0,-1.0,-2.0
2026-01-08,156.7811737060547,0.8045513465109392,0.806885093711463,100.6736438994449,100.26239326415102,XLV,ヘルスケア,defensive,Leading,8.0,0.0,0.0
2026-01-09,155.97805786132812,0.7958121794511981,0.8031941222913748,100.48950863333611,99.92049777570212,XLV,ヘルスケア,defensive,Weakening,8.0,-1.0,-2.0
2026-01-12,156.04745483398438,0.7954416480044901,0.8006099641957466,100.3521360952667,99.97057589966283,XLV,ヘルスケア,defensive,Weakening,8.0,0.0,0.0
2026-01-13,155.4128875732422,0.7922069830867479,0.7978089704927471,100.20253985573027,99.68913829973344,XLV,ヘルスケア,defensive,Weakening,8.0,0.0,1.0
2026-01-14,156.5233917236328,0.7942534700284193,0.7966238036713045,100.12274383858922,98.99649830274834,XLV,ヘルスケア,defensive,Weakening,8.0,0.0,1.0
2026-01-15,155.6310272216797,0.7862428100086237,0.793163472450411,99.93196438800076,98.7184604353833,XLV,ヘルスケア,defensive,Lagging,7.0,-1.0,-1.0
2026-01-16,154.4213409423828,0.782130315263956,0.7894857533882593,99.72435677900691,98.65841248029915,XLV,ヘルスケア,defensive,Lagging,7.0,-1.0,0.0
2026-01-20,154.08421325683594,0.7922438570690534,0.7904051212818575,99.7384732442069,98.9920812994135,XLV,ヘルスケア,defensive,Lagging,7.0,-1.0,-1.0
2026-01-21,156.9199981689453,0.7933907741815829,0.7914003389150994,99.75724596117213,99.38598136745993,XLV,ヘルスケア,defensive,Lagging,7.0,-1.0,-1.0
2026-01-22,156.9497528076172,0.7925078702904328,0.7917695160402106,99.7430525516947,99.54168744339944,XLV,ヘルスケア,defensive,Lagging,7.0,-1.0,-1.0
2026-01-23,156.1466064453125,0.7919827375843964,0.7918405898882727,99.71480063848823,99.94367359356691,XLV,ヘルスケア,defensive,Lagging,7.0,0.0,1.0
2026-01-26,156.76136779785156,0.7932251776077839,0.7923021191281098,99.70719019753214,100.42856219074852,XLV,ヘルスケア,defensive,Improving,7.0,0.0,1.0
2026-01-27,154.13380432128906,0.7811449772062912,0.7885830718208369,99.4595823629435,99.78559184944399,XLV,ヘルスケア,defensive,Lagging,7.0,0.0,1.0
2026-01-28,153.00344848632812,0.778036798334185,0.7850676473252863,99.21152896777444,99.14167554760859,XLV,ヘルスケア,defensive,Lagging,7.0,0.0,1.0
2026-01-29,152.51760864257812,0.7745504607289336,0.7815619184598355,98.95417299879053,98.58820694189619,XLV,ヘルスケア,defensive,Lagging,6.0,-1.0,0.0
2026-01-30,153.4298095703125,0.7809138217074866,0.7813458862090525,98.8903533770984,98.54005861701079,XLV,ヘルスケア,defensive,Lagging,3.0,-4.0,-4.0
2026-02-02,154.37176513671875,0.781682879567588,0.7814582173285645,98.8494851231386,98.50814094225753,XLV,ヘルスケア,defensive,Lagging,4.0,-3.0,-3.0
2026-02-03,152.79522705078125,0.7757648946751627,0.779560443110764,98.67789934055229,98.7222777618853,XLV,ヘルスケア,defensive,Lagging,4.0,-3.0,-3.0
2026-02-04,154.70887756347656,0.7786965869222764,0.7792724910479348,98.61384895166017,99.16709581083957,XLV,ヘルスケア,defensive,Lagging,4.0,-3.0,-3.0
2026-02-05,153.52894592285156,0.7795294733619955,0.7793581518192885,98.58878101075777,99.71364241403988,XLV,ヘルスケア,defensive,Lagging,4.0,-2.0,-1.0
2026-02-06,156.37466430664062,0.7794538224624096,0.7793900420336621,98.56724321713382,99.82771187738854,XLV,ヘルスケア,defensive,Lagging,5.0,2.0,6.0
2026-02-09,154.99642944335938,0.7721258494520279,0.7769686445064508,98.39575446853586,99.54743969324176,XLV,ヘルスケア,defensive,Lagging,5.0,1.0,4.0
2026-02-10,154.0148162841797,0.7645159538453766,0.7728177476194261,98.1251290521068,99.34059364276646,XLV,ヘルスケア,defensive,Lagging,5.0,1.0,4.0
2026-02-11,154.92701721191406,0.7676832861115692,0.7711062604501405,98.0411322380405,99.31824399022771,XLV,ヘルスケア,defensive,Lagging,5.0,1.0,4.0
2026-02-12,154.67913818359375,0.7766469876755329,0.7729531695252714,98.21010739342543,99.79911185967586,XLV,ヘルスケア,defensive,Lagging,5.0,1.0,3.0
2026-02-13,156.33499145507812,0.7769129630630855,0.7742731007045429,98.3489258988474,100.21470658485308,XLV,ヘルスケア,defensive,Improving,5.0,0.0,-2.0
2026-02-17,156.03753662109375,0.7767748919902768,0.775107031133121,98.45838553481116,100.95152093805144,XLV,ヘルスケア,defensive,Improving,5.0,0.0,-1.0
2026-02-18,156.33499145507812,0.7742414197550782,0.7748184940071068,98.49547158871806,101.77469477987756,XLV,ヘルスケア,defensive,Improving,5.0,0.0,-1.0
2026-02-19,155.928466796875,0.7738628059331667,0.7744999313157934,98.53109428115495,102.14024511151472,XLV,ヘルスケア,defensive,Improving,5.0,0.0,-1.0
2026-02-20,155.49220275878906,0.7681055871313479,0.7723684832543116,98.45661000828309,101.55081296591659,XLV,ヘルスケア,defensive,Improving,5.0,0.0,-1.0
2026-02-23,157.1976318359375,0.7851474346736416,0.7766281337274217,98.76139464025506,101.9793920887098,XLV,ヘルスケア,defensive,Improving,5.0,0.0,0.0
2026-02-24,156.53330993652344,0.7756426730505078,0.7762996468351171,98.77593366809981,101.68944837332577,XLV,ヘルスケア,defensive,Improving,5.0,0.0,0.0
2026-02-25,156.49365234375,0.7749891715781204,0.7758628217494516,98.7781354213426,101.56143729506192,XLV,ヘルスケア,defensive,Improving,5.0,0.0,0.0
2026-02-26,156.0871124267578,0.7686340111659911,0.7734532182216316,98.65126163123679,101.11379917113842,XLV,ヘルスケア,defensive,Improving,5.0,0.0,0.0
2026-02-27,158.84356689453125,0.7812919331053195,0.776066123182861,98.83414643493916,101.71203811856246,XLV,ヘルスケア,defensive,Improving,5.0,0.0,0.0
2026-03-02,157.18771362304688,0.7745834438337461,0.7755718967331561,98.8080641586476,100.8551436096968,XLV,ヘルスケア,defensive,Improving,5.0,0.0,0.0
2026-03-03,155.4128875732422,0.775349844722802,0.7754978793963714,98.81099397395664,100.80160948440061,XLV,ヘルスケア,defensive,Improving,4.0,-1.0,-1.0
2026-03-04,155.7202606201172,0.7737817559225645,0.7749258382384359,98.78164259583352,100.69822260952722,XLV,ヘルスケア,defensive,Improving,4.0,-1.0,-1.0
2026-03-05,152.60684204101562,0.7671972173837267,0.7723496312868662,98.60531209625944,100.55045210881995,XLV,ヘルスケア,defensive,Improving,4.0,-1.0,-1.0
2026-03-06,151.40708923339844,0.7703465995482394,0.7716819540406573,98.58063471576129,99.99562098949916,XLV,ヘルスケア,defensive,Lagging,3.0,-2.0,-2.0
2026-03-09,152.95387268066406,0.7760232157013328,0.7731290412608826,98.72833827821184,100.42307231275593,XLV,ヘルスケア,defensive,Improving,3.0,-2.0,-2.0
2026-03-10,151.853271484375,0.7762600152992205,0.774172699273662,98.84707696596438,100.70903364891446,XLV,ヘルスケア,defensive,Improving,3.0,-1.0,0.0
2026-03-11,151.55581665039062,0.7773012211839888,0.7752155399104377,98.96571666615733,101.08741846394268,XLV,ヘルスケア,defensive,Improving,3.0,-1.0,0.0
2026-03-12,148.8885955810547,0.7756167076815486,0.775349262500808,99.0084414494281,101.65207252149716,XLV,ヘルスケア,defensive,Improving,3.0,-1.0,0.0
2026-03-13,148.52171325683594,0.7737453957727598,0.7748146402581253,98.99542848181193,101.63751165728877,XLV,ヘルスケア,defensive,Improving,3.0,0.0,2.0
2026-03-16,149.73138427734375,0.7742858222738406,0.7746383675966971,99.01023720452352,101.22790936123484,XLV,ヘルスケア,defensive,Improving,3.0,0.0,2.0
2026-03-17,148.3730010986328,0.7629955918791645,0.7707574423575196,98.73845520528278,100.0986425686232,XLV,ヘルスケア,defensive,Improving,2.0,-1.0,0.0
2026-03-18,145.89414978027344,0.7602531961811612,0.7672560269654003,98.51409833968157,99.12612186982236,XLV,ヘルスケア,defensive,Lagging,1.0,-2.0,-1.0
2026-03-19,145.36865234375,0.758102556883673,0.7642048702714912,98.34052717166557,98.55928989875072,XLV,ヘルスケア,defensive,Lagging,1.0,-2.0,-1.0
2026-03-20,144.0994873046875,0.7626882875059925,0.7636993426829917,98.36589930078912,98.71174019452278,XLV,ヘルスケア,defensive,Lagging,1.0,-2.0,-2.0
2026-03-23,144.13433837890625,0.7548257246148374,0.760741469993607,98.21432088983917,98.32124320511251,XLV,ヘルスケア,defensive,Lagging,1.0,-2.0,-2.0
2026-03-24,144.15423583984375,0.7540252144878828,0.7585027181583657,98.12673699085101,98.86109901766616,XLV,ヘルスケア,defensive,Lagging,1.0,-1.0,0.0
2026-03-25,145.59788513183594,0.7579038210115124,0.7583030857760813,98.18698784595377,99.6459359031402,XLV,ヘルスケア,defensive,Lagging,1.0,0.0,2.0
2026-03-26,145.10008239746094,0.7623090786030713,0.7596384167184114,98.3462695041466,100.54725759259897,XLV,ヘルスケア,defensive,Improving,1.0,0.0,2.0
2026-03-27,142.63095092773438,0.759754461965265,0.7596770984673626,98.40401462586792,100.63098175828219,XLV,ヘルスケア,defensive,Improving,1.0,0.0,2.0
2026-03-30,143.18850708007812,0.764306036086086,0.7612200776736039,98.56013940688602,101.42720072787674,XLV,ヘルスケア,defensive,Improving,1.0,0.0,2.0
2026-03-31,145.96624755859375,0.7635032746844836,0.7619811433438972,98.65323208328059,101.83642568417804,XLV,ヘルスケア,defensive,Improving,1.0,0.0,1.0
2026-04-01,147.08132934570312,0.7668586029761757,0.7636069632213234,98.80340975528311,101.98089713547331,XLV,ヘルスケア,defensive,Improving,1.0,0.0,0.0
2026-04-02,146.16537475585938,0.7599122194573856,0.7623753819666775,98.73946381312557,101.3852824842909,XLV,ヘルスケア,defensive,Improving,1.0,0.0,0.0
2026-04-06,145.6376953125,0.7539279918904954,0.7595595852746169,98.55526915911072,100.77688273673479,XLV,ヘルスケア,defensive,Improving,1.0,0.0,0.0
2026-04-07,145.9264373779297,0.7571015515719612,0.758740240707065,98.5281509462288,100.31908352282237,XLV,ヘルスケア,defensive,Improving,1.0,0.0,0.0
2026-04-08,149.0128173828125,0.7556572517709464,0.7577125777283589,98.48343450694365,99.97847046001115,XLV,ヘルスケア,defensive,Lagging,1.0,0.0,0.0
2026-04-09,148.67431640625,0.753483932888062,0.75630302944826,98.3865340700961,99.38647874634307,XLV,ヘルスケア,defensive,Lagging,1.0,0.0,0.0
2026-04-10,146.66317749023438,0.7486965777595852,0.7537675455520351,98.19726166921266,99.10156607977977,XLV,ヘルスケア,defensive,Lagging,1.0,0.0,0.0
2026-04-13,147.32028198242188,0.7438053788319843,0.7504468233120182,97.96132113773399,98.99718753799264,XLV,ヘルスケア,defensive,Lagging,1.0,0.0,0.0
2026-04-14,148.17649841308594,0.745018312258649,0.7486373196275619,97.86730967741448,98.86387453684169,XLV,ヘルスケア,defensive,Lagging,1.0,0.0,0.0
2026-04-15,147.12115478515625,0.7394528786238953,0.7455758392930063,97.69486380640987,98.59556852678747,XLV,ヘルスケア,defensive,Lagging,1.0,0.0,0.0
2026-04-16,145.96624755859375,0.7303206738891176,0.7404907841583768,97.39887343485013,98.17330836147947,XLV,ヘルスケア,defensive,Lagging,1.0,0.0,0.0
2026-04-17,148.14663696289062,0.732035736600867,0.7376724349725402,97.3331788674468,98.47485214450924,XLV,ヘルスケア,defensive,Lagging,1.0,0.0,0.0
2026-04-20,146.77268981933594,0.7229691047028379,0.7327713248826395,97.16317469900599,98.63062296079497,XLV,ヘルスケア,defensive,Lagging,1.0,0.0,0.0
2026-04-21,145.27928161621094,0.7200291882989376,0.7285239460214056,97.07916071594228,98.66988955229195,XLV,ヘルスケア,defensive,Lagging,1.0,0.0,0.0
2026-04-22,145.7372589111328,0.7226201161196321,0.7265560027208144,97.15490704610626,99.24325662756537,XLV,ヘルスケア,defensive,Lagging,1.0,0.0,0.0
2026-04-23,145.59788513183594,0.7219647173421139,0.7250255742612476,97.24611810569434,100.11960052914158,XLV,ヘルスケア,defensive,Improving,1.0,0.0,0.0
2026-04-24,143.5469207763672,0.713274515835316,0.721108554785937,97.19556139389358,100.15130251635132,XLV,ヘルスケア,defensive,Improving,1.0,0.0,0.0
2026-04-27,142.83009338378906,0.7105567537109184,0.717591287760931,97.18289510000004,100.50936982346005,XLV,ヘルスケア,defensive,Improving,1.0,0.0,0.0
2026-04-28,143.20840454101562,0.716093979291863,0.7170921849379084,97.34141760261775,101.03496504222444,XLV,ヘルスケア,defensive,Improving,1.0,0.0,0.0
2026-04-29,142.21279907226562,0.7123574367245947,0.7155139355334705,97.43104459725231,101.03311798237806,XLV,ヘルスケア,defensive,Improving,1.0,0.0,0.0
2026-04-30,145.34898376464844,0.7172231835219218,0.7160836848629544,97.61586965352453,101.20718849424917,XLV,ヘルスケア,defensive,Improving,1.0,0.0,0.0
2026-05-01,144.5226287841797,0.7153255790294993,0.7158309829184695,97.73703272076114,101.54515740205782,XLV,ヘルスケア,defensive,Improving,1.0,0.0,0.0
2026-05-04,144.09449768066406,0.717380198377371,0.7163473880714367,97.87776033131688,101.82530182989336,XLV,ヘルスケア,defensive,Improving,1.0,0.0,0.0
2026-05-05,144.66200256347656,0.7145357544893969,0.7157435102107568,97.9543270847729,101.58737278302623,XLV,ヘルスケア,defensive,Improving,1.0,0.0,0.0
2026-05-06,144.7615509033203,0.7094077598742207,0.7136315934319115,97.95841117284638,101.34919796577165,XLV,ヘルスケア,defensive,Improving,1.0,0.0,0.0
2026-05-07,144.0845489501953,0.7106346032160783,0.7126325966933005,98.01073713684642,101.02106384387237,XLV,ヘルスケア,defensive,Improving,1.0,0.0,0.0
2026-05-08,142.85995483398438,0.7026615139741716,0.7093089024535909,97.96289867864897,100.62597564988842,XLV,ヘルスケア,defensive,Improving,1.0,0.0,0.0
2026-05-11,142.41192626953125,0.7008355788772568,0.7064844612614796,97.94508023178065,100.25712042706193,XLV,ヘルスケア,defensive,Improving,1.0,0.0,0.0
2026-05-12,145.2095947265625,0.7152346012656701,0.7094011745962098,98.1581185209004,100.53945606603648,XLV,ヘルスケア,defensive,Improving,1.0,0.0,0.0
2026-05-13,146.06581115722656,0.7226074129587996,0.7138032540504065,98.40923605081501,101.06204502675219,XLV,ヘルスケア,defensive,Improving,2.0,1.0,1.0
2026-05-14,145.9861602783203,0.7195891774787259,0.7157318951931797,98.54412820163435,101.20768477457655,XLV,ヘルスケア,defensive,Improving,3.0,2.0,2.0
2026-05-15,144.462890625,0.7194997353796899,0.7169878419220165,98.6439026667109,101.48214535195496,XLV,ヘルスケア,defensive,Improving,2.0,1.0,1.0
2026-05-18,145.0801544189453,0.7181559292558507,0.717377204366628,98.70423835339763,101.59597074232106,XLV,ヘルスケア,defensive,Improving,3.0,2.0,2.0
2026-05-19,146.6731414794922,0.7302905330360521,0.721681647256436,98.91448982763723,101.55255068400584,XLV,ヘルスケア,defensive,Improving,4.0,3.0,3.0
2026-05-20,146.48397827148438,0.7214408053585762,0.7216013666238161,98.94523399675994,101.08054143702974,XLV,ヘルスケア,defensive,Improving,4.0,2.0,1.0
2026-05-21,147.49948120117188,0.7233193598470651,0.7221740310315659,99.00073688242053,100.90045951175911,XLV,ヘルスケア,defensive,Improving,5.0,2.0,0.0
2026-05-22,149.23184204101562,0.7251901536667339,0.7231794052432885,99.07135766372951,100.83800457077609,XLV,ヘルスケア,defensive,Improving,6.0,4.0,3.0
2026-05-26,147.85791015625,0.7148455545163631,0.7204014550009801,98.98970009551122,100.53951946715227,XLV,ヘルスケア,defensive,Improving,7.0,4.0,2.0
2026-05-27,148.1366729736328,0.7167110131506852,0.7191713077175484,98.97146457785693,100.06435762291726,XLV,ヘルスケア,defensive,Improving,7.0,3.0,0.0
2026-05-28,150.21751403808594,0.7241261469747348,0.7208229208032773,99.06937232379039,100.20648844415253,XLV,ヘルスケア,defensive,Improving,7.0,3.0,1.0
2026-05-29,148.81369018554688,0.7153666246487864,0.719004155418447,99.02426246966006,100.00529689954229,XLV,ヘルスケア,defensive,Improving,9.0,4.0,2.0
2026-06-01,147.1908416748047,0.7062801707408309,0.714762827192575,98.88122606624545,99.5593551319595,XLV,ヘルスケア,defensive,Lagging,9.0,3.0,-1.0
2026-06-02,145.75717163085938,0.6966371323614942,0.708720928915548,98.66897740873817,99.29676866772775,XLV,ヘルスケア,defensive,Lagging,8.0,1.0,-3.0
2026-06-03,146.90213012695312,0.7047600879147651,0.7074006485819537,98.65502581616025,99.31917797388756,XLV,ヘルスケア,defensive,Lagging,9.0,2.0,-1.0
2026-06-04,151.4122314453125,0.7209534737548925,0.7119182569729334,98.87958833196612,99.5914810591318,XLV,ヘルスケア,defensive,Lagging,9.0,2.0,-1.0
2026-06-05,152.33815002441406,0.7358327457903646,0.7198897532454105,99.2437277276238,100.43759721784917,XLV,ヘルスケア,defensive,Improving,10.0,1.0,-3.0
2026-06-08,151.97972106933594,0.7348793911272261,0.7248862992060158,99.48228591699727,101.20462789828258,XLV,ヘルスケア,defensive,Improving,10.0,1.0,-2.0
2026-06-09,153.8913116455078,0.7385023066158477,0.7294249683426265,99.70532692893549,102.00818346835925,XLV,ヘルスケア,defensive,Improving,10.0,2.0,1.0
2026-06-10,152.17886352539062,0.7396902439550801,0.7328467268801111,99.8852637434915,102.26494617575766,XLV,ヘルスケア,defensive,Improving,10.0,1.0,-1.0
2026-06-11,153.4134063720703,0.7342433750610251,0.7333122762737492,99.93536466875804,101.86066699951391,XLV,ヘルスケア,defensive,Improving,10.0,1.0,-1.0
2026-06-12,153.13462829589844,0.7263297446375285,0.7309847657283424,99.85413852187177,101.01306755497964,XLV,ヘルスケア,defensive,Improving,10.0,0.0,-1.0
2026-06-15,152.2186737060547,0.7178137017914469,0.7265944110827105,99.6674347578501,100.2210948725603,XLV,ヘルスケア,defensive,Improving,10.0,0.0,-1.0
2026-06-16,152.26846313476562,0.7204513999940799,0.7245467407198337,99.58999051185644,99.65903999983675,XLV,ヘルスケア,defensive,Lagging,9.0,-1.0,-3.0
2026-06-17,150.04824829101562,0.7207491023217598,0.7232808612538091,99.54937138667162,99.24062582066078,XLV,ヘルスケア,defensive,Lagging,8.0,-2.0,-3.0
2026-06-18,148.74398803710938,0.7111832728952047,0.719248331800941,99.36016585457081,98.78430682086986,XLV,ヘルスケア,defensive,Lagging,8.0,-2.0,-3.0
2026-06-22,150.05999755859375,0.715900945191749,0.7181325362645438,99.32395732407522,98.86191440214553,XLV,ヘルスケア,defensive,Lagging,8.0,-2.0,-2.0
2026-06-23,152.17999267578125,0.7285173685692612,0.7215941470327829,99.53976547768336,99.59435889797635,XLV,ヘルスケア,defensive,Lagging,8.0,-2.0,-2.0
2026-06-24,153.35000610351562,0.7289191108676694,0.7240358016444117,99.70241089258077,100.03635427682518,XLV,ヘルスケア,defensive,Improving,8.0,-1.0,0.0
2026-06-25,155.6300048828125,0.7349705071207202,0.7276807034698479,99.93957876796478,100.5602570964007,XLV,ヘルスケア,defensive,Improving,8.0,0.0,2.0
2026-06-26,160.33999633789062,0.7623983557568101,0.7392532542321687,100.65914939112453,102.21290732432784,XLV,ヘルスケア,defensive,Leading,9.0,1.0,3.0
2026-06-29,160.74000549316406,0.7544707964829942,0.7443257683157772,101.00329868811181,102.70371648384244,XLV,ヘルスケア,defensive,Leading,10.0,2.0,4.0
2026-06-30,158.66000366210938,0.7456878341692308,0.7447797902669284,101.07533027497205,102.30998337646939,XLV,ヘルスケア,defensive,Leading,10.0,2.0,4.0
2026-07-01,159.5399932861328,0.7475750459136462,0.7457115421491678,101.18431114334646,102.11764622256152,XLV,ヘルスケア,defensive,Leading,10.0,2.0,3.0
2026-07-02,163.74000549316406,0.7619003429482186,0.7511078090821848,101.5920338781828,102.27590229894895,XLV,ヘルスケア,defensive,Leading,11.0,3.0,3.0
2026-07-06,161.9600067138672,0.7533023568086846,0.7518393249910181,101.6915349562571,101.27060282009171,XLV,ヘルスケア,defensive,Leading,11.0,2.0,1.0
2026-07-07,164.44000244140625,0.765798936866075,0.7564925289493705,102.02967633624178,101.22452774708191,XLV,ヘルスケア,defensive,Leading,11.0,1.0,-1.0
2026-07-08,162.3000030517578,0.7648445117147881,0.7592765232045098,102.21907062524424,101.35644308200587,XLV,ヘルスケア,defensive,Leading,11.0,1.0,-1.0
2026-07-09,162.1699981689453,0.7595784457561842,0.7593771640550679,102.21530324324421,101.14861444523777,XLV,ヘルスケア,defensive,Leading,11.0,1.0,-1.0
2026-07-10,160.83999633789062,0.7505366031144876,0.756430310408208,102.01147975471324,100.21455145741508,XLV,ヘルスケア,defensive,Leading,11.0,0.0,-3.0
2026-07-13,161.41000366210938,0.7534425938531645,0.7554344048898602,101.93429194399504,99.92801144722323,XLV,ヘルスケア,defensive,Weakening,11.0,0.0,-2.0
2026-07-14,158.2899932861328,0.7415788032291015,0.7508158710029407,101.61569225219581,98.91336888907287,XLV,ヘルスケア,defensive,Weakening,10.0,-1.0,-2.0
2026-07-15,158.2899932861328,0.7432501872509977,0.7482939764189598,101.44380841188426,98.36780761739521,XLV,ヘルスケア,defensive,Weakening,10.0,-1.0,-2.0
2026-07-16,161.8000030517578,0.7523482046338018,0.7496453858239072,101.52262005382492,98.48622693790186,XLV,ヘルスケア,defensive,Weakening,10.0,-1.0,-2.0
2026-07-17,161.08999633789062,0.7549796129929911,0.7514234615469352,101.60781279358642,98.89136029427544,XLV,ヘルスケア,defensive,Weakening,10.0,-1.0,-1.0
2026-07-20,159.25,0.7496940089103226,0.750846977334731,101.53072886644019,98.86021869837798,XLV,ヘルスケア,defensive,Weakening,10.0,-1.0,-1.0
2026-07-21,160.25,0.7531961089369703,0.7516300212021442,101.53372295915148,99.34160741733339,XLV,ヘルスケア,defensive,Weakening,10.0,0.0,1.0
2026-07-22,159.42999267578125,0.7495533378619488,0.7509377934220791,101.44054065522857,99.4360326953963,XLV,ヘルスケア,defensive,Weakening,10.0,0.0,1.0
2026-07-23,161.44000244140625,0.761796922594838,0.7545575031463322,101.6081765629112,99.56133254853737,XLV,ヘルスケア,defensive,Weakening,10.0,0.0,1.0
2026-07-24,162.57000732421875,0.7612024242590517,0.756772476850572,101.67588850626895,99.52362190563129,XLV,ヘルスケア,defensive,Weakening,10.0,0.0,1.0
2026-07-27,163.39999389648438,0.7593642506656486,0.7576364014555976,101.65805908386024,99.61619658323345,XLV,ヘルスケア,defensive,Weakening,10.0,0.0,1.0
2026-07-28,167.25999450683594,0.768340266576348,0.7612043564958478,101.78923543407078,99.82985527234692,XLV,ヘルスケア,defensive,Weakening,10.0,0.0,0.0
2026-07-29,166.24000549316406,0.7705929114425076,0.7643338748114012,101.88116502430489,100.14419384785896,XLV,ヘルスケア,defensive,Leading,11.0,1.0,1.0
2026-07-30,163.52000427246094,0.7592162715449449,0.7626280070559158,101.71046053424485,99.56608352469677,XLV,ヘルスケア,defensive,Weakening,11.0,1.0,1.0
2026-07-31,162.5500030517578,0.7560113818178334,0.7604224653098883,101.52772944600098,99.15394944784076,XLV,ヘルスケア,defensive,Weakening,10.0,0.0,0.0
2024-08-01,42.59418487548828,0.25936946919922366,0.25936946919922366,,,XLE,エネルギー,rate_sensitive,,,,
2024-08-02,41.495758056640625,0.2571050320513154,0.2586146568165876,,,XLE,エネルギー,rate_sensitive,,,,
2024-08-05,40.58041000366211,0.25751750179886124,0.2582489384773455,,,XLE,エネルギー,rate_sensitive,,,,
2024-08-06,40.829200744628906,0.2564660136219826,0.25765463019222457,,,XLE,エネルギー,rate_sensitive,,,,
2024-08-07,40.993492126464844,0.2593266839200437,0.258211981434831,,,XLE,エネルギー,rate_sensitive,,,,
2024-08-08,41.875980377197266,0.2601941237165499,0.2588726955287373,,,XLE,エネルギー,rate_sensitive,,,,
2024-08-09,41.96986389160156,0.2602297881849791,0.2593250597474846,,,XLE,エネルギー,rate_sensitive,,,,
2024-08-12,42.1764030456543,0.26277183430067075,0.26047398459854665,,,XLE,エネルギー,rate_sensitive,,,,
2024-08-13,41.76802444458008,0.2572954572414238,0.2594144754795057,,,XLE,エネルギー,rate_sensitive,,,,
2024-08-14,42.012115478515625,0.2582601951021937,0.25902971535373503,,,XLE,エネルギー,rate_sensitive,,,,
2024-08-15,42.51437759399414,0.2578502235510825,0.2586365514195175,,,XLE,エネルギー,rate_sensitive,,,,
2024-08-16,42.46744155883789,0.256947180141344,0.25807342766012636,,,XLE,エネルギー,rate_sensitive,,,,
2024-08-19,42.75377655029297,0.2567254197345804,0.2576240916849444,,,XLE,エネルギー,rate_sensitive,,,,
2024-08-20,41.627193450927734,0.2509522891827823,0.255400157517557,,,XLE,エネルギー,rate_sensitive,,,,
2024-08-21,41.697608947753906,0.2496290543335945,0.2534764564562362,,,XLE,エネルギー,rate_sensitive,,,,
2024-08-22,41.805572509765625,0.25098793571934186,0.25264694954393807,,,XLE,エネルギー,rate_sensitive,,,,
2024-08-23,42.42988586425781,0.25153548101365897,0.2522764600338451,,,XLE,エネルギー,rate_sensitive,,,,
2024-08-26,42.81010818481445,0.2538332568227561,0.2527953922968154,,,XLE,エネルギー,rate_sensitive,,,,
2024-08-27,42.41110610961914,0.25135205122294574,0.2523142786055255,,,XLE,エネルギー,rate_sensitive,,,,
2024-08-28,42.13884735107422,0.25042795016743946,0.25168550245949683,,,XLE,エネルギー,rate_sensitive,,,,
2024-08-29,42.68806457519531,0.25274704723929275,0.25203935071942885,,,XLE,エネルギー,rate_sensitive,,,,
2024-08-30,42.84765625,0.2517446005241332,0.25194110065433034,,,XLE,エネルギー,rate_sensitive,,,,
2024-09-03,41.782100677490234,0.24867967084064416,0.2508539573831016,,,XLE,エネルギー,rate_sensitive,,,,
2024-09-04,41.20472717285156,0.2455969064386501,0.24910160706828446,,,XLE,エネルギー,rate_sensitive,,,,
2024-09-05,40.88552474975586,0.2451935822067236,0.24779893211443085,,,XLE,エネルギー,rate_sensitive,,,,
2024-09-06,40.373878479003906,0.2447531408356457,0.2467836683548358,,,XLE,エネルギー,rate_sensitive,,,,
2024-09-09,40.66490936279297,0.2441539441672191,0.24590709362563026,,,XLE,エネルギー,rate_sensitive,,,,
2024-09-10,39.965492248535156,0.2398152751644669,0.24387648747190915,,,XLE,エネルギー,rate_sensitive,,,,
2024-09-11,39.59465026855469,0.23747964394824214,0.2417442062973535,,,XLE,エネルギー,rate_sensitive,,,,
2024-09-12,39.9514045715332,0.23814034794752217,0.24054292018074305,,,XLE,エネルギー,rate_sensitive,,,,
2024-09-13,40.17671585083008,0.2372118570376307,0.23943256579970562,,,XLE,エネルギー,rate_sensitive,,,,
2024-09-16,40.636749267578125,0.23819943810702657,0.23902152323547926,,,XLE,エネルギー,rate_sensitive,,,,
2024-09-17,41.18594741821289,0.24106309400306083,0.23970204682467314,,,XLE,エネルギー,rate_sensitive,,,,
2024-09-18,41.26575469970703,0.2419825389840463,0.24046221087779754,,,XLE,エネルギー,rate_sensitive,,,,
2024-09-19,41.758628845214844,0.24228775535137873,0.24107072570232463,,,XLE,エネルギー,rate_sensitive,,,,
2024-09-20,41.66475296020508,0.24262863921910746,0.24159003020791892,,,XLE,エネルギー,rate_sensitive,,,,
2024-09-23,42.17920684814453,0.24437324035988842,0.24251776692524207,,,XLE,エネルギー,rate_sensitive,,,,
2024-09-24,42.0750846862793,0.24341374318822137,0.24281642567956851,,,XLE,エネルギー,rate_sensitive,,,,
2024-09-25,41.2515754699707,0.24013428605511875,0.24192237913808526,,,XLE,エネルギー,rate_sensitive,,,,
2024-09-26,40.44224548339844,0.2334686942021798,0.23910448415945013,,,XLE,エネルギー,rate_sensitive,,,,
2024-09-27,41.265769958496094,0.2373707553330431,0.2385265745506478,,,XLE,エネルギー,rate_sensitive,,,,
2024-09-30,41.554473876953125,0.23872456710630285,0.23859257206919948,,,XLE,エネルギー,rate_sensitive,,,,
2024-10-01,42.50104522705078,0.24546406556075662,0.24088306989971853,,,XLE,エネルギー,rate_sensitive,,,,
2024-10-02,42.93647003173828,0.2482435430871525,0.24333656096219652,,,XLE,エネルギー,rate_sensitive,,,,
2024-10-03,43.693729400634766,0.2538194185605686,0.24683084682832057,,,XLE,エネルギー,rate_sensitive,,,,
2024-10-04,44.10075378417969,0.2541897031335517,0.2492837989300643,,,XLE,エネルギー,rate_sensitive,,,,
2024-10-07,44.256935119628906,0.2570911133800775,0.25188623708006874,,,XLE,エネルギー,rate_sensitive,,,,
2024-10-08,43.10211181640625,0.24979053246536767,0.2511876688751684,,,XLE,エネルギー,rate_sensitive,,,,
2024-10-09,43.362422943115234,0.2495846257332504,0.25065332116119576,,,XLE,エネルギー,rate_sensitive,,,,
2024-10-10,43.65585708618164,0.25221859213088077,0.2511750781510908,,,XLE,エネルギー,rate_sensitive,,,,
2024-10-11,43.92563247680664,0.2513085905206182,0.2512195822742666,,,XLE,エネルギー,rate_sensitive,,,,
2024-10-14,43.906700134277344,0.24937052233256943,0.2506032289603676,,,XLE,エネルギー,rate_sensitive,,,,
2024-10-15,42.491580963134766,0.24243023683000892,0.24787889825024803,,,XLE,エネルギー,rate_sensitive,,,,
2024-10-16,42.69508743286133,0.24195501056128882,0.24590426902059498,,,XLE,エネルギー,rate_sensitive,,,,
2024-10-17,42.89860534667969,0.2434971713426117,0.2451019031279339,,,XLE,エネルギー,rate_sensitive,,,,
2024-10-18,42.75661087036133,0.24197062343700346,0.2440581432309571,,,XLE,エネルギー,rate_sensitive,,,,
2024-10-21,42.62882995605469,0.24332117739062592,0.2438124879508467,,,XLE,エネルギー,rate_sensitive,,,,
2024-10-22,42.72821807861328,0.24498897686458268,0.24420465092209204,,,XLE,エネルギー,rate_sensitive,,,,
2024-10-23,42.50577163696289,0.24451721806387597,0.24430883996935338,,,XLE,エネルギー,rate_sensitive,,,,
2024-10-24,42.50104522705078,0.24443535958787652,0.24435101317552776,,,XLE,エネルギー,rate_sensitive,,,,
2024-10-25,42.486846923828125,0.24551986891348285,0.24474063175484614,,,XLE,エネルギー,rate_sensitive,,,,
2024-10-28,42.217071533203125,0.24258525855575416,0.2440221740218155,,,XLE,エネルギー,rate_sensitive,,,,
2024-10-29,41.57339859008789,0.23960898649923246,0.24255111151428782,99.08853160952503,,XLE,エネルギー,rate_sensitive,,4.0,,
2024-10-30,41.668060302734375,0.24068019730650497,0.24192747344502688,99.02427636363885,,XLE,エネルギー,rate_sensitive,,3.0,,
2024-10-31,41.928367614746094,0.2447939741048146,0.24288297366495615,99.19411729419657,,XLE,エネルギー,rate_sensitive,,4.0,,
2024-11-01,41.663330078125,0.24309490051882898,0.24295361594958043,99.2305514303944,,XLE,エネルギー,rate_sensitive,,5.0,,
2024-11-04,42.39219284057617,0.24705350553653196,0.2443202458118976,99.46622088261039,,XLE,エネルギー,rate_sensitive,,5.0,,
2024-11-05,42.67615509033203,0.2458408579391055,0.24482711652096692,99.57040995034363,,XLE,エネルギー,rate_sensitive,,5.0,1.0,
2024-11-06,44.28059387207031,0.24918400495144044,0.24627941266445813,99.83161935863721,,XLE,エネルギー,rate_sensitive,,6.0,3.0,
2024-11-07,44.077083587646484,0.24779491334448223,0.2467845795577995,99.94638876085119,,XLE,エネルギー,rate_sensitive,,6.0,2.0,
2024-11-08,44.37052536010742,0.24806254107017958,0.24721056672859287,100.05785446594219,,XLE,エネルギー,rate_sensitive,,6.0,1.0,
2024-11-11,44.621368408203125,0.24822447670138417,0.24754853671952332,100.15870359265186,,XLE,エネルギー,rate_sensitive,,6.0,1.0,
2024-11-12,44.38471603393555,0.2488040703392337,0.24796704792609348,100.28205427168062,,XLE,エネルギー,rate_sensitive,,6.0,1.0,0.0
2024-11-13,44.73021697998047,0.25060436093927924,0.2488461522638221,100.50697687225666,,XLE,エネルギー,rate_sensitive,,6.0,0.0,-3.0
2024-11-14,44.900596618652344,0.2535880889485318,0.250426797825392,100.89254608399939,,XLE,エネルギー,rate_sensitive,,7.0,1.0,-1.0
2024-11-15,44.8343391418457,0.2550331331094659,0.2519622429200833,101.28644830938188,,XLE,エネルギー,rate_sensitive,,7.0,1.0,0.0
2024-11-18,45.43068313598633,0.25738693512950195,0.2537704736565562,101.7116190362835,,XLE,エネルギー,rate_sensitive,,8.0,2.0,1.0
2024-11-19,45.14197540283203,0.2564429634103719,0.2546613035744948,101.89265106837556,,XLE,エネルギー,rate_sensitive,,8.0,2.0,1.0
2024-11-20,45.59632873535156,0.2581548285701154,0.25582581190636833,102.09792658488598,,XLE,エネルギー,rate_sensitive,,8.0,2.0,2.0
2024-11-21,45.96549606323242,0.2570074845753862,0.25621970279604095,102.11940878629534,,XLE,エネルギー,rate_sensitive,,10.0,3.0,2.0
2024-11-22,46.03648376464844,0.25539268447220587,0.2559440300214293,102.0129994369264,,XLE,エネルギー,rate_sensitive,,10.0,3.0,2.0
2024-11-25,45.12778091430664,0.24810489853559523,0.25333098619281796,101.45671742435235,,XLE,エネルギー,rate_sensitive,,9.0,1.0,-1.0
2024-11-26,45.066246032714844,0.24774015422413584,0.2514673755365906,101.07059081896845,,XLE,エネルギー,rate_sensitive,,8.0,0.0,-2.0
2024-11-27,45.018924713134766,0.24771814376813053,0.2502176316137706,100.82146451067716,,XLE,エネルギー,rate_sensitive,,7.0,-1.0,-3.0
2024-11-29,45.212974548339844,0.24803010402343192,0.24948845575032438,100.68213799630344,,XLE,エネルギー,rate_sensitive,,7.0,-3.0,-6.0
2024-12-02,44.734947204589844,0.24602406827835152,0.24833365992633344,100.44951696571891,,XLE,エネルギー,rate_sensitive,,7.0,-3.0,-6.0
2024-12-03,44.73021697998047,0.24709383749664626,0.24792038578310438,100.36643689940928,,XLE,エネルギー,rate_sensitive,,7.0,-2.0,-3.0
2024-12-04,43.651126861572266,0.24111991810729747,0.24565356322450208,99.89110984570563,,XLE,エネルギー,rate_sensitive,,6.0,-2.0,-2.0
2024-12-05,43.821510314941406,0.24327533545496108,0.24486082063465509,99.72886094349221,,XLE,エネルギー,rate_sensitive,,6.0,-1.0,0.0
2024-12-06,43.07844924926758,0.23942136760733254,0.24304766962554758,99.35465419964149,,XLE,エネルギー,rate_sensitive,,6.0,-1.0,2.0
2024-12-09,43.00746154785156,0.2400118569495315,0.24203573206687556,99.14965362978036,,XLE,エネルギー,rate_sensitive,,5.0,-2.0,1.0
2024-12-10,42.714027404785156,0.239843763052768,0.24130507572883972,98.99815489171161,,XLE,エネルギー,rate_sensitive,,5.0,-2.0,0.0
2024-12-11,42.7850227355957,0.2400198567101719,0.24087666938928382,98.9052293325557,,XLE,エネルギー,rate_sensitive,,5.0,-1.0,1.0
2024-12-12,42.439517974853516,0.23895417928099896,0.24023583935318887,98.76266426260959,,XLE,エネルギー,rate_sensitive,,5.0,-1.0,0.0
2024-12-13,42.226539611816406,0.23859039878663144,0.23968735916433642,98.63968929065676,,XLE,エネルギー,rate_sensitive,,5.0,-1.0,0.0
2024-12-16,41.29889678955078,0.23412011039929567,0.23783160957598953,98.26836659757289,,XLE,エネルギー,rate_sensitive,,3.0,-2.0,0.0
2024-12-17,40.99126052856445,0.2342209069109034,0.23662804202096083,98.06690430300675,,XLE,エネルギー,rate_sensitive,,2.0,-3.0,-1.0
2024-12-18,39.7796516418457,0.23422864495859758,0.23582824300017308,97.97302550928491,,XLE,エネルギー,rate_sensitive,,1.0,-4.0,-3.0
2024-12-19,39.43415069580078,0.23296725080134548,0.23487457893389724,97.87255904419565,,XLE,エネルギー,rate_sensitive,,1.0,-4.0,-3.0
2024-12-20,39.82224655151367,0.2320106436526844,0.23391993384015963,97.79856372870879,,XLE,エネルギー,rate_sensitive,,1.0,-4.0,-3.0
2024-12-23,40.05610275268555,0.2330554060368165,0.23363175790571195,97.85269582046685,,XLE,エネルギー,rate_sensitive,,1.0,-2.0,0.0
2024-12-24,40.394954681396484,0.23326699063345346,0.23351016881495915,97.92475294043803,,XLE,エネルギー,rate_sensitive,,1.0,-1.0,2.0
2024-12-26,40.361549377441406,0.23269415338383434,0.2332381636712509,97.94716912343321,,XLE,エネルギー,rate_sensitive,,1.0,0.0,4.0
2024-12-27,40.356773376464844,0.23425992560748937,0.2335787509833304,98.05944091008006,,XLE,エネルギー,rate_sensitive,,1.0,0.0,4.0
2024-12-30,40.35200500488281,0.23661594450509318,0.234591148823918,98.26544108742614,,XLE,エネルギー,rate_sensitive,,2.0,1.0,5.0
2024-12-31,40.88175964355469,0.2392845506904458,0.23615561611276062,98.55425615256686,,XLE,エネルギー,rate_sensitive,,4.0,3.0,5.0
2025-01-02,41.3590087890625,0.24278452705724538,0.23836525309425555,98.9345630526685,,XLE,エネルギー,rate_sensitive,,4.0,3.0,4.0
2025-01-03,41.74558639526367,0.24283007709421778,0.23985352776090965,99.19522648257781,,XLE,エネルギー,rate_sensitive,,4.0,3.0,3.0
2025-01-06,41.5546875,0.24188428523275782,0.24053044691819236,99.3254933533843,,XLE,エネルギー,rate_sensitive,,5.0,4.0,4.0
2025-01-07,41.96990203857422,0.24512196034865014,0.24206095139501163,99.59147801369234,,XLE,エネルギー,rate_sensitive,,6.0,4.0,3.0
2025-01-08,42.012855529785156,0.24507976483916896,0.2430672225430641,99.77279150722148,,XLE,エネルギー,rate_sensitive,,7.0,3.0,0.0
2025-01-10,42.18466567993164,0.24973241480407135,0.24528895329673317,100.14996383173961,,XLE,エネルギー,rate_sensitive,,7.0,3.0,0.0
2025-01-13,43.07236862182617,0.2529146474777756,0.24783085135708066,100.58072717433892,,XLE,エネルギー,rate_sensitive,,7.0,3.0,0.0
2025-01-14,43.53530502319336,0.25358588171258767,0.24974919480891633,100.90583440119141,,XLE,エネルギー,rate_sensitive,,11.0,6.0,2.0
2025-01-15,44.17959213256836,0.25489232225193403,0.2514635706232556,101.18548854081587,,XLE,エネルギー,rate_sensitive,,11.0,5.0,1.0
2025-01-16,44.499359130859375,0.2547311321813594,0.2525527578092902,101.33761598752726,,XLE,エネルギー,rate_sensitive,,11.0,4.0,1.0
2025-01-17,44.84298324584961,0.25545771521342736,0.2535210769440026,101.4514629480912,,XLE,エネルギー,rate_sensitive,,11.0,4.0,1.0
2025-01-21,44.613895416259766,0.2512361742678119,0.25275944271860573,101.29130902084917,,XLE,エネルギー,rate_sensitive,,10.0,3.0,0.0
2025-01-22,43.80255889892578,0.24753710606135731,0.25101866383285626,100.98927926215612,,XLE,エネルギー,rate_sensitive,,9.0,-2.0,-8.0
2025-01-23,44.00300979614258,0.2474970987260485,0.24984480879725368,100.78535579775789,,XLE,エネルギー,rate_sensitive,,9.0,-2.0,-7.0
2025-01-24,43.578250885009766,0.24532330437356598,0.24833764065602446,100.53750041603892,,XLE,エネルギー,rate_sensitive,,6.0,-5.0,-9.0
2025-01-27,43.12485885620117,0.24261113683052282,0.24642880604752393,100.23351464279382,,XLE,エネルギー,rate_sensitive,,7.0,-4.0,-8.0
2025-01-28,42.71442413330078,0.24149428992936592,0.24478396734147126,99.9752034749255,,XLE,エネルギー,rate_sensitive,,6.0,-4.0,-7.0
2025-01-29,42.80986785888672,0.24283704977982623,0.24413499482092293,99.8752232168981,,XLE,エネルギー,rate_sensitive,,6.0,-3.0,-1.0
2025-01-30,43.02941131591797,0.2415045538991035,0.24325818118031645,99.74010394863346,,XLE,エネルギー,rate_sensitive,,6.0,-3.0,-1.0
2025-01-31,41.826725006103516,0.2366973074776629,0.24107122327943195,99.40298898169087,,XLE,エネルギー,rate_sensitive,,5.0,-1.0,4.0
2025-02-03,42.08921813964844,0.2394909456768394,0.24054446407856778,99.32555573375853,,XLE,エネルギー,rate_sensitive,,4.0,-3.0,1.0
2025-02-04,42.972137451171875,0.24421674261705828,0.2417685569247313,99.51946988557754,,XLE,エネルギー,rate_sensitive,,4.0,-2.0,2.0
2025-02-05,43.06281661987305,0.24354454771231215,0.24236055385392494,99.61322031597838,,XLE,エネルギー,rate_sensitive,,4.0,-2.0,1.0
2025-02-06,42.27056884765625,0.2393807480343776,0.24136728524740916,99.4672897663429,99.71981916050363,XLE,エネルギー,rate_sensitive,Lagging,2.0,-4.0,-1.0
2025-02-07,42.26580047607422,0.2405357689007174,0.24109011313184525,99.43497897794346,100.01728775069489,XLE,エネルギー,rate_sensitive,Improving,1.0,-4.0,-3.0
2025-02-10,43.19645309448242,0.24513844552006575,0.2424395572612521,99.65337419148459,100.30829214544985,XLE,エネルギー,rate_sensitive,Improving,1.0,-3.0,0.0
2025-02-11,43.54484939575195,0.24708819597246331,0.24398910349832253,99.89977590064888,100.36541407041189,XLE,エネルギー,rate_sensitive,Improving,2.0,-2.0,0.0
2025-02-12,42.4948844909668,0.24253930804122154,0.24350583834595554,99.83390811212689,100.22222210322363,XLE,エネルギー,rate_sensitive,Improving,1.0,-3.0,-1.0
2025-02-13,42.81464767456055,0.24226124508380498,0.2430909739252387,99.78030172374294,100.31820494510454,XLE,エネルギー,rate_sensitive,Improving,1.0,-1.0,3.0
2025-02-14,42.986454010009766,0.24347515912491172,0.24321903565846303,99.81146941464455,100.38599274166332,XLE,エネルギー,rate_sensitive,Improving,1.0,0.0,4.0
2025-02-18,43.57347869873047,0.24492001977795685,0.243786030364961,99.911763058474,100.2784952732531,XLE,エネルギー,rate_sensitive,Improving,2.0,1.0,4.0
2025-02-19,43.91709899902344,0.2463519273630334,0.24464132936431848,100.0600048077876,100.19633723492846,XLE,エネルギー,rate_sensitive,Leading,4.0,2.0,4.0
2025-02-20,44.317996978759766,0.24922777704648844,0.24617014525837516,100.31838689568077,100.53195623842412,XLE,エネルギー,rate_sensitive,Leading,5.0,4.0,7.0
2025-02-21,43.39689254760742,0.24752223955306274,0.2466208433566044,100.41552912957673,100.70803184513237,XLE,エネルギー,rate_sensitive,Leading,4.0,3.0,4.0
2025-02-24,43.40644073486328,0.24737032270407053,0.24687066980575978,100.48698353478956,100.77838652187576,XLE,エネルギー,rate_sensitive,Leading,5.0,4.0,4.0
2025-02-25,42.78123474121094,0.24356374661199529,0.24576836207450498,100.34157380437746,100.55680384696673,XLE,エネルギー,rate_sensitive,Leading,5.0,3.0,2.0
2025-02-26,42.53783416748047,0.24268990295048629,0.24474220903316543,100.20494041749605,100.27943407843527,XLE,エネルギー,rate_sensitive,Leading,5.0,1.0,-1.0
2025-02-27,42.76692199707031,0.2461465893114196,0.2452103357925835,100.3314550247831,100.15158546108565,XLE,エネルギー,rate_sensitive,Leading,5.0,0.0,-4.0
2025-02-28,43.4303092956543,0.24721791240373914,0.24587952799630206,100.48985614028635,100.21181754504073,XLE,エネルギー,rate_sensitive,Leading,5.0,1.0,-2.0
2025-03-03,41.91263198852539,0.2411484943287943,0.2443025167737995,100.21619200750926,99.83047645525605,XLE,エネルギー,rate_sensitive,Weakening,5.0,0.0,-4.0
2025-03-04,41.50696563720703,0.2427361432194738,0.24378039225569093,100.13692875599043,99.88203323976079,XLE,エネルギー,rate_sensitive,Weakening,5.0,0.0,-3.0
2025-03-05,40.90084457397461,0.23698890912759243,0.24151656454632478,99.71301627994143,99.54386188345171,XLE,エネルギー,rate_sensitive,Lagging,4.0,-1.0,-2.0
2025-03-06,41.024932861328125,0.24036945558031717,0.24113419489098892,99.65671567635363,99.3119559215049,XLE,エネルギー,rate_sensitive,Lagging,4.0,-1.0,-1.0
2025-03-07,41.72650146484375,0.24221081893319954,0.2414930695717258,99.7472548869808,99.2240021431571,XLE,エネルギー,rate_sensitive,Lagging,4.0,-1.0,-2.0
2025-03-10,42.03671646118164,0.2474994180671312,0.24349518573686094,100.15999819220816,99.98635786663222,XLE,エネルギー,rate_sensitive,Weakening,4.0,-1.0,-1.0
2025-03-11,41.70263671875,0.2488466020308545,0.24527899116819216,100.5204473186702,100.4724525986122,XLE,エネルギー,rate_sensitive,Leading,6.0,1.0,1.0
2025-03-12,41.89353942871094,0.25116940256841797,0.24724246163493413,100.89930409072072,101.3687971447651,XLE,エネルギー,rate_sensitive,Leading,6.0,2.0,3.0
2025-03-13,41.6071891784668,0.2518672269117138,0.24878405006052737,101.17509965503618,101.69855047815115,XLE,エネルギー,rate_sensitive,Leading,6.0,2.0,3.0
2025-03-14,42.838504791259766,0.254469728185707,0.25067927610225393,101.4961523528482,101.89672846811658,XLE,エネルギー,rate_sensitive,Leading,6.0,2.0,3.0
2025-03-17,43.52097702026367,0.25508147886207283,0.25214667702219357,101.70855013232291,101.60476292350037,XLE,エネルギー,rate_sensitive,Leading,8.0,4.0,5.0
2025-03-18,43.59257125854492,0.25683674985779903,0.25371003463406205,101.91196749423617,101.37828430749599,XLE,エネルギー,rate_sensitive,Leading,10.0,4.0,3.0
2025-03-19,44.30368423461914,0.2591063577067886,0.2555088089916376,102.12524667336561,101.1505196141784,XLE,エネルギー,rate_sensitive,Leading,10.0,4.0,2.0
2025-03-20,44.46595001220703,0.26114240687709894,0.257386674953458,102.31940167512174,101.02483937344562,XLE,エネルギー,rate_sensitive,Leading,11.0,5.0,3.0
2025-03-21,44.155731201171875,0.2605139032153926,0.2584290843741029,102.3577708733472,100.67464362585548,XLE,エネルギー,rate_sensitive,Leading,11.0,5.0,3.0
2025-03-24,44.658836364746094,0.2594614977228116,0.2587732221570058,102.28935886423491,100.32479634881153,XLE,エネルギー,rate_sensitive,Leading,11.0,3.0,-1.0
2025-03-25,44.841609954833984,0.2611476558655945,0.25956470005986876,102.29875595010031,100.07250469796966,XLE,エネルギー,rate_sensitive,Leading,11.0,1.0,-3.0
2025-03-26,45.10614776611328,0.2631838005481667,0.2607710668893014,102.37042140469465,99.87948465597748,XLE,エネルギー,rate_sensitive,Weakening,11.0,1.0,-3.0
2025-03-27,44.668460845947266,0.2613021466482515,0.2609480934756181,102.29293029131829,99.53735537741062,XLE,エネルギー,rate_sensitive,Weakening,11.0,0.0,-5.0
2025-03-28,44.456825256347656,0.2641361138593284,0.2620107669368549,102.34668467676067,99.55309800676207,XLE,エネルギー,rate_sensitive,Weakening,11.0,0.0,-5.0
2025-03-31,44.947425842285156,0.264846483554147,0.26295600580928563,102.38060512619747,99.67646572262903,XLE,エネルギー,rate_sensitive,Weakening,11.0,0.0,-3.0
2025-04-01,45.21196365356445,0.26612870341204803,0.2640135716768731,102.42230873253924,99.71759060165488,XLE,エネルギー,rate_sensitive,Weakening,11.0,0.0,-1.0
2025-04-02,45.27449035644531,0.26428691294297385,0.26410468543224,102.32668053225045,99.52235780473151,XLE,エネルギー,rate_sensitive,Weakening,11.0,0.0,-1.0
2025-04-03,41.720062255859375,0.25572017568611666,0.2613098488501989,101.85925832698223,99.07028651518799,XLE,エネルギー,rate_sensitive,Weakening,9.0,-2.0,-2.0
2025-04-04,37.88185501098633,0.2460064734340781,0.256208723711492,101.10098834328878,98.16338217025589,XLE,エネルギー,rate_sensitive,Weakening,7.0,-4.0,-4.0
2025-04-07,37.63655090332031,0.2464676092637205,0.25296168556223486,100.61271236671078,97.67991104098984,XLE,エネルギー,rate_sensitive,Weakening,6.0,-5.0,-5.0
2025-04-08,36.76598358154297,0.24539520311825117,0.25043952474757364,100.22831883603033,97.3807218023095,XLE,エネルギー,rate_sensitive,Weakening,6.0,-5.0,-5.0
2025-04-09,39.61337661743164,0.24482148916141758,0.24856684621885497,99.93928435571469,97.36145062190832,XLE,エネルギー,rate_sensitive,Lagging,5.0,-6.0,-6.0
2025-04-10,37.02571105957031,0.236800732774319,0.24464480840400965,99.356360785594,97.4253663001591,XLE,エネルギー,rate_sensitive,Lagging,3.0,-6.0,-4.0
2025-04-11,37.94438171386719,0.23905143591035197,0.24278035090612377,99.09092919939786,98.01491661804425,XLE,エネルギー,rate_sensitive,Lagging,2.0,-5.0,-1.0
2025-04-14,38.07905197143555,0.23687354199375948,0.24081141460200237,98.830921558779,98.30328232203901,XLE,エネルギー,rate_sensitive,Lagging,1.0,-5.0,0.0
2025-04-15,38.02133560180664,0.23728092545194734,0.23963458488531736,98.70132296851442,98.59257516197432,XLE,エネルギー,rate_sensitive,Lagging,1.0,-5.0,0.0
2025-04-16,38.33396911621094,0.24234348992259205,0.24053755323107562,98.86630049438965,99.0616154654787,XLE,エネルギー,rate_sensitive,Lagging,1.0,-4.0,2.0
2025-04-17,39.199737548828125,0.24598855312718826,0.24235455319644653,99.15015301811503,99.94429388008489,XLE,エネルギー,rate_sensitive,Lagging,3.0,0.0,6.0
2025-04-21,38.17524719238281,0.24447435462844408,0.24306115367377906,99.27365736437932,100.36155443169335,XLE,エネルギー,rate_sensitive,Improving,4.0,2.0,7.0
2025-04-22,39.146827697753906,0.24466382317249075,0.2435953768400163,99.36978157131969,100.7322813904389,XLE,エネルギー,rate_sensitive,Improving,4.0,3.0,8.0
2025-04-23,39.07468032836914,0.24187298014010658,0.2430212446067131,99.3081744012264,100.79017400142214,XLE,エネルギー,rate_sensitive,Improving,4.0,3.0,8.0
2025-04-24,39.699954986572266,0.24165476323273458,0.24256575081538695,99.26300571710186,100.56040760584045,XLE,エネルギー,rate_sensitive,Improving,4.0,3.0,7.0
2025-04-25,39.627803802490234,0.2415613215440182,0.24223094105826404,99.23321817769092,100.22565385185118,XLE,エネルギー,rate_sensitive,Improving,1.0,-2.0,-2.0
2025-04-28,39.90677261352539,0.24258095151702008,0.24234761121118273,99.26175384176932,100.10954375130682,XLE,エネルギー,rate_sensitive,Improving,1.0,-3.0,-5.0
2025-04-29,39.79133987426758,0.24047584291235083,0.24172368844490544,99.1849271755446,99.91031812556457,XLE,エネルギー,rate_sensitive,Lagging,1.0,-3.0,-6.0
2025-04-30,38.718753814697266,0.23366173256705566,0.2390363698189555,98.8339561362731,99.59227296154056,XLE,エネルギー,rate_sensitive,Lagging,1.0,-3.0,-6.0
2025-05-01,38.86305236816406,0.2348519063922625,0.23764154867672452,98.67023289160375,99.45578480877002,XLE,エネルギー,rate_sensitive,Lagging,1.0,-3.0,-6.0
2025-05-02,39.430606842041016,0.23415064803784577,0.23647791513043162,98.53907593770572,99.33579576487058,XLE,エネルギー,rate_sensitive,Lagging,1.0,0.0,2.0
2025-05-05,38.718753814697266,0.2306884181328989,0.23454808279792072,98.32091332727191,99.07210148268017,XLE,エネルギー,rate_sensitive,Lagging,1.0,0.0,3.0
2025-05-06,38.72837448120117,0.23246905758771,0.23385507439451717,98.2814951396974,99.12420271109794,XLE,エネルギー,rate_sensitive,Lagging,1.0,0.0,3.0
2025-05-07,38.742801666259766,0.23103402732610173,0.23291472537171204,98.22142978833313,99.44187204837893,XLE,エネルギー,rate_sensitive,Lagging,2.0,1.0,4.0
2025-05-08,39.25263977050781,0.2321215427577522,0.23265033116705877,98.24415452213834,99.64325962842774,XLE,エネルギー,rate_sensitive,Lagging,3.0,2.0,5.0
2025-05-09,39.64704895019531,0.23450825324854133,0.23326963852755297,98.36615425972633,99.91608901895006,XLE,エネルギー,rate_sensitive,Lagging,3.0,2.0,2.0
2025-05-12,40.681148529052734,0.234205461971828,0.23358157967564466,98.44913455076401,100.24020627077999,XLE,エネルギー,rate_sensitive,Improving,3.0,2.0,2.0
2025-05-13,41.253509521484375,0.23696596892803354,0.23470970942644098,98.62220537448736,100.46741927752022,XLE,エネルギー,rate_sensitive,Improving,3.0,2.0,2.0
2025-05-14,41.00340270996094,0.23695614237514054,0.23545852040934084,98.74071430422991,100.6510305246327,XLE,エネルギー,rate_sensitive,Improving,4.0,2.0,1.0
2025-05-15,41.17655944824219,0.23580739053017158,0.23557481044961776,98.78176279467151,100.66531425909164,XLE,エネルギー,rate_sensitive,Improving,4.0,1.0,-1.0
2025-05-16,41.11402893066406,0.23316008462629514,0.23476990184184354,98.72098771800394,100.47187218756146,XLE,エネルギー,rate_sensitive,Improving,4.0,1.0,-1.0
2025-05-19,40.580142974853516,0.23015797840126132,0.23323259402831614,98.58849083000396,100.2454071048104,XLE,エネルギー,rate_sensitive,Improving,4.0,1.0,-1.0
2025-05-20,40.204978942871094,0.2286271905011471,0.23169745951925982,98.47006812824525,99.94116679928952,XLE,エネルギー,rate_sensitive,Lagging,4.0,1.0,-1.0
2025-05-21,39.46427917480469,0.22941244666688015,0.2309357885684666,98.44489281860652,99.8011345970971,XLE,エネルギー,rate_sensitive,Lagging,4.0,0.0,-2.0
2025-05-22,39.31035614013672,0.22924878376595056,0.23037345363429462,98.44385482878548,99.7716738976937,XLE,エネルギー,rate_sensitive,Lagging,3.0,-1.0,-2.0
2025-05-23,39.43540954589844,0.2309014858720603,0.23054946438021653,98.51669215111892,99.92920696371863,XLE,エネルギー,rate_sensitive,Lagging,3.0,-1.0,-2.0
2025-05-27,39.77690505981445,0.22863857208074212,0.22991250028039173,98.5049742215668,100.06823985447626,XLE,エネルギー,rate_sensitive,Improving,3.0,-1.0,-2.0
2025-05-28,39.271881103515625,0.2276716178355308,0.2291655394654381,98.48372975626322,100.17554684392945,XLE,エネルギー,rate_sensitive,Improving,3.0,-1.0,-2.0
2025-05-29,39.56528091430664,0.22881373992423676,0.22904827295170432,98.52454655194536,100.24565992992302,XLE,エネルギー,rate_sensitive,Improving,3.0,-1.0,-1.0
2025-05-30,39.21416091918945,0.2268731157830618,0.22832322056215681,98.50856633160585,100.2296902928921,XLE,エネルギー,rate_sensitive,Improving,2.0,-1.0,0.0
2025-06-02,39.72880935668945,0.22966835673253774,0.22877159928561713,98.59828873503726,100.24180924651851,XLE,エネルギー,rate_sensitive,Improving,2.0,-1.0,0.0
2025-06-03,40.20016860961914,0.23047448788248887,0.22933922881790772,98.6921595756899,100.34880067585925,XLE,エネルギー,rate_sensitive,Improving,2.0,-1.0,0.0
2025-06-04,39.416175842285156,0.22648857284971063,0.22838901016184204,98.64375627876746,100.30846117868047,XLE,エネルギー,rate_sensitive,Improving,2.0,-1.0,0.0
2025-06-05,39.3776969909668,0.22688049693525528,0.22788617241964648,98.63775817476925,100.24500865460413,XLE,エネルギー,rate_sensitive,Improving,2.0,-1.0,0.0
2025-06-06,40.118408203125,0.22916905820250816,0.22831380101393373,98.71284914805291,100.32825344874861,XLE,エネルギー,rate_sensitive,Improving,2.0,0.0,1.0
2025-06-09,40.19535446166992,0.22957006030408345,0.2287325541106503,98.7858621236308,100.3056907741593,XLE,エネルギー,rate_sensitive,Improving,2.0,0.0,1.0
2025-06-10,40.912017822265625,0.23250534325844982,0.22999015049325017,98.92749159842921,100.36044432876463,XLE,エネルギー,rate_sensitive,Improving,3.0,1.0,2.0
2025-06-11,41.50362777709961,0.23653911644046594,0.2321731391423221,99.14241132791089,100.66646438470256,XLE,エネルギー,rate_sensitive,Improving,5.0,3.0,4.0
2025-06-12,41.64791488647461,0.23680613980010312,0.23371747269491577,99.29796722482293,100.87688321516775,XLE,エネルギー,rate_sensitive,Improving,6.0,4.0,5.0
2025-06-13,42.37418746948242,0.24388366394217684,0.23710620311066946,99.60873564519797,101.18675668874313,XLE,エネルギー,rate_sensitive,Improving,6.0,4.0,4.0
2025-06-16,42.2491340637207,0.24084172066131374,0.2383513756275509,99.73432557558728,101.28129762213378,XLE,エネルギー,rate_sensitive,Improving,6.0,4.0,4.0
2025-06-17,42.64353942871094,0.24544777322758077,0.24071684149422753,99.9589016731967,101.4005390683374,XLE,エネルギー,rate_sensitive,Improving,7.0,4.0,3.0
2025-06-18,42.36457061767578,0.24381454633654398,0.2417494097749997,100.07031596336304,101.29423498617848,XLE,エネルギー,rate_sensitive,Leading,7.0,2.0,-1.0
2025-06-20,42.79745101928711,0.24590379344869973,0.24313420433289973,100.21831983526093,101.29744325463457,XLE,エネルギー,rate_sensitive,Leading,7.0,1.0,-3.0
2025-06-23,41.715171813964844,0.2375877501384631,0.24128538626808754,100.07633269982176,100.7661996605681,XLE,エネルギー,rate_sensitive,Leading,7.0,1.0,-3.0
2025-06-24,41.17210006713867,0.2322952903778566,0.2382886876380106,99.82342468421501,100.31875134538936,XLE,エネルギー,rate_sensitive,Improving,7.0,1.0,-3.0
2025-06-25,40.9926872253418,0.23296383250552233,0.2365137359271812,99.68018686728666,99.88272521013882,XLE,エネルギー,rate_sensitive,Lagging,7.0,0.0,-4.0
2025-06-26,41.57940673828125,0.2345282423868528,0.23585190474707174,99.64175747071191,99.71197801457856,XLE,エネルギー,rate_sensitive,Lagging,7.0,0.0,-2.0
2025-06-27,41.3612060546875,0.23244624979322803,0.23471668642912386,99.55144886140035,99.43362578331889,XLE,エネルギー,rate_sensitive,Lagging,6.0,-1.0,-2.0
2025-06-30,41.12360763549805,0.23003007461553424,0.23315448249126064,99.40687480832385,99.44439966782546,XLE,エネルギー,rate_sensitive,Lagging,6.0,-1.0,-2.0
2025-07-01,41.438785552978516,0.22910791295774321,0.2318056259800882,99.26977875784424,99.59830325776834,XLE,エネルギー,rate_sensitive,Lagging,6.0,-1.0,-2.0
2025-07-02,42.151580810546875,0.23251769441636877,0.23204298212551505,99.3043777639582,99.82475224820053,XLE,エネルギー,rate_sensitive,Lagging,5.0,-2.0,-2.0
2025-07-03,42.200069427490234,0.23166638032514603,0.23191744819205873,99.28541016478789,99.85455214169687,XLE,エネルギー,rate_sensitive,Lagging,5.0,-2.0,-2.0
2025-07-07,41.79275894165039,0.23127879659005815,0.2317045643247252,99.2486944301554,99.9174687261349,XLE,エネルギー,rate_sensitive,Lagging,5.0,-1.0,0.0
2025-07-08,42.91770553588867,0.23691093809632466,0.2334400222485917,99.53939468500303,100.4275963394888,XLE,エネルギー,rate_sensitive,Improving,6.0,0.0,1.0
2025-07-09,42.69949722290039,0.2350045277573824,0.23396152408485527,99.65541088972134,100.71734046205651,XLE,エネルギー,rate_sensitive,Improving,6.0,0.0,1.0
2025-07-10,43.02437973022461,0.2354287805260908,0.23445060956526714,99.77723457074927,100.81510710975621,XLE,エネルギー,rate_sensitive,Improving,6.0,1.0,3.0
2025-07-11,43.21833801269531,0.23823415044693133,0.23571178985915522,100.063347932614,101.236630320101,XLE,エネルギー,rate_sensitive,Leading,6.0,1.0,3.0
2025-07-14,42.74314880371094,0.23537220656648977,0.23559859542826678,100.07165053454295,101.346114751264,XLE,エネルギー,rate_sensitive,Leading,6.0,1.0,2.0
2025-07-15,42.1273307800293,0.23524323802491423,0.2354801429604826,100.07260578947587,100.89581083104257,XLE,エネルギー,rate_sensitive,Leading,6.0,0.0,0.0
2025-07-16,41.7636604309082,0.23230649275429727,0.23442225955842086,99.86600942510404,100.31814991945005,XLE,エネルギー,rate_sensitive,Improving,6.0,0.0,0.0
2025-07-17,42.02065658569336,0.23184581501691573,0.23356344471125248,99.69837454328268,99.72210995374685,XLE,エネルギー,rate_sensitive,Lagging,6.0,0.0,-1.0
2025-07-18,41.68122863769531,0.23006045736165906,0.23239578226138802,99.46608445074973,98.64079844991069,XLE,エネルギー,rate_sensitive,Lagging,6.0,0.0,-1.0
2025-07-21,41.24967956542969,0.22845995467375269,0.23108383973217628,99.20172632773351,98.15467025182193,XLE,エネルギー,rate_sensitive,Lagging,5.0,-1.0,-2.0
2025-07-22,41.443634033203125,0.22664477365187854,0.2296041510387437,98.895078425903,97.69256449735042,XLE,エネルギー,rate_sensitive,Lagging,4.0,-2.0,-2.0
2025-07-23,42.09339141845703,0.2283067487576977,0.22917168361172838,98.81798023193564,98.03648155119858,XLE,エネルギー,rate_sensitive,Lagging,4.0,-2.0,-2.0
2025-07-24,42.39402389526367,0.23067574119938594,0.22967303614094758,98.9573735812707,98.65197854040956,XLE,エネルギー,rate_sensitive,Lagging,4.0,-2.0,-2.0
2025-07-25,42.2340087890625,0.22870335100207811,0.22934980776132444,98.90096962466416,99.00795612861944,XLE,エネルギー,rate_sensitive,Lagging,3.0,-3.0,-3.0
2025-07-28,42.714046478271484,0.23267861190506925,0.2304594091425727,99.19771741307393,100.0416120163341,XLE,エネルギー,rate_sensitive,Improving,5.0,0.0,1.0
2025-07-29,43.13105392456055,0.2350635622203064,0.2319941268351506,99.61817784869555,101.33672951843583,XLE,エネルギー,rate_sensitive,Improving,7.0,3.0,5.0
2025-07-30,42.5152473449707,0.23322026576410151,0.2324028398114676,99.75730922163224,101.65863491051024,XLE,エネルギー,rate_sensitive,Improving,7.0,3.0,5.0
2025-07-31,42.28734588623047,0.23410500694540884,0.23297022885611468,99.94134623966114,101.66738977735325,XLE,エネルギー,rate_sensitive,Improving,6.0,2.0,4.0
2025-08-01,41.50182342529297,0.23237580299694394,0.23277208690305778,99.90561006050002,101.63798489773257,XLE,エネルギー,rate_sensitive,Improving,6.0,3.0,6.0
2025-08-04,41.40969467163086,0.22905917398693046,0.23153444926434869,99.56768983597532,100.52435899248673,XLE,エネルギー,rate_sensitive,Improving,6.0,1.0,1.0
2025-08-05,41.46303176879883,0.22999245101155938,0.23102044984675227,99.43497560933392,99.53093396734158,XLE,エネルギー,rate_sensitive,Lagging,6.0,-1.0,-4.0
2025-08-06,41.0799674987793,0.22837852763187394,0.23013980910845952,99.19989721155372,98.83813542417091,XLE,エネルギー,rate_sensitive,Lagging,6.0,-1.0,-4.0
2025-08-07,40.91995620727539,0.22762590816552156,0.2293018421274802,98.982769942158,98.15238851139667,XLE,エネルギー,rate_sensitive,Lagging,4.0,-2.0,-4.0
2025-08-08,41.18179702758789,0.22866955422789834,0.22909107949428625,98.9481547894087,98.20633827368735,XLE,エネルギー,rate_sensitive,Lagging,5.0,-1.0,-4.0
2025-08-11,40.852073669433594,0.2274598809584697,0.22854734664901408,98.82813060576943,98.62160311138442,XLE,エネルギー,rate_sensitive,Lagging,5.0,-1.0,-2.0
2025-08-12,41.050872802734375,0.2256988706876873,0.22759785466190516,98.60980023991118,98.52726661253362,XLE,エネルギー,rate_sensitive,Lagging,4.0,-2.0,-1.0
2025-08-13,41.526065826416016,0.2250975612197119,0.22676442351450743,98.44166531114588,98.68596778222444,XLE,エネルギー,rate_sensitive,Lagging,4.0,-2.0,-1.0
2025-08-14,41.48727798461914,0.2263598314342013,0.22662955948773875,98.46525923043838,99.11541849314747,XLE,エネルギー,rate_sensitive,Lagging,3.0,-1.0,1.0
2025-08-15,41.48727798461914,0.22692007300741282,0.2267263973276301,98.54568333936857,99.3300577517988,XLE,エネルギー,rate_sensitive,Lagging,2.0,-3.0,-2.0
2025-08-18,41.239986419677734,0.22561602304791323,0.2263562725677245,98.50539549508107,99.48074439949184,XLE,エネルギー,rate_sensitive,Lagging,2.0,-3.0,-2.0
2025-08-19,41.2545280456543,0.22464380836214787,0.22578545116586562,98.41941944590279,99.71060372775518,XLE,エネルギー,rate_sensitive,Lagging,2.0,-2.0,0.0
2025-08-20,41.59880447387695,0.22672496921869756,0.22609862385014295,98.5479883998495,100.19927033304963,XLE,エネルギー,rate_sensitive,Improving,2.0,-2.0,0.0
2025-08-21,41.8848876953125,0.22908251923940046,0.22709325564656213,98.82632483676512,100.60659461572294,XLE,エネルギー,rate_sensitive,Improving,2.0,-1.0,0.0
2025-08-22,42.7382926940918,0.22928453302981414,0.22782368144097948,99.02468770005605,100.77980355540933,XLE,エネルギー,rate_sensitive,Improving,3.0,1.0,4.0
2025-08-25,42.849822998046875,0.2316555541201884,0.22910097233404914,99.34763971329004,101.33798343301862,XLE,エネルギー,rate_sensitive,Improving,4.0,2.0,5.0
2025-08-26,42.78193664550781,0.23112875044875755,0.22977689837228527,99.51477958879164,101.68270339992992,XLE,エネルギー,rate_sensitive,Improving,4.0,2.0,4.0
2025-08-27,43.26197814941406,0.23288058296678327,0.2308114599037846,99.76242580579887,101.79382697680305,XLE,エネルギー,rate_sensitive,Improving,7.0,5.0,7.0
2025-08-28,43.591705322265625,0.23476739724561707,0.23213010568439543,100.07626880456789,101.7727558360945,XLE,エネルギー,rate_sensitive,Leading,8.0,6.0,7.0
2025-08-29,43.82929611206055,0.23622216076250402,0.233494124043765,100.39595604083965,101.8696474167859,XLE,エネルギー,rate_sensitive,Leading,9.0,6.0,5.0
2025-09-02,43.892330169677734,0.23844549378422983,0.23514458062391996,100.78184688715315,101.8744336939939,XLE,エネルギー,rate_sensitive,Leading,9.0,5.0,3.0
2025-09-03,42.90800476074219,0.2334599476927057,0.2345830363135152,100.62152645934445,101.36332261646433,XLE,エネルギー,rate_sensitive,Leading,8.0,4.0,2.0
2025-09-04,43.194091796875,0.23329340950205865,0.23415316070969638,100.49407438961511,100.81696191797734,XLE,エネルギー,rate_sensitive,Leading,8.0,1.0,-4.0
2025-09-05,42.36008071899414,0.2285217812697124,0.23227603422970172,100.00657114179785,99.69717647288911,XLE,エネルギー,rate_sensitive,Weakening,7.0,-1.0,-7.0
2025-09-08,42.26310348510742,0.22818026601419455,0.230910778157866,99.64842891797394,98.78320177673747,XLE,エネルギー,rate_sensitive,Lagging,6.0,-3.0,-9.0
2025-09-09,42.466758728027344,0.22998822169394897,0.23060325933656034,99.56027447948054,98.20687989259957,XLE,エネルギー,rate_sensitive,Lagging,6.0,-3.0,-8.0
2025-09-10,43.20863723754883,0.23424311799677933,0.23181654555663334,99.86307078510583,98.8642399102122,XLE,エネルギー,rate_sensitive,Lagging,7.0,-1.0,-5.0
2025-09-11,43.21833801269531,0.230836618591546,0.23148990323493757,99.78208456117248,98.95869994432262,XLE,エネルギー,rate_sensitive,Lagging,7.0,-1.0,-2.0
2025-09-12,42.961341857910156,0.23112762940699957,0.23136914529229158,99.76052875840725,99.59369239770538,XLE,エネルギー,rate_sensitive,Lagging,6.0,-1.0,0.0
2025-09-15,42.815879821777344,0.23074803644954883,0.23116210901137735,99.72834999903523,100.04485155726928,XLE,エネルギー,rate_sensitive,Improving,6.0,0.0,3.0
2025-09-16,43.53351593017578,0.23523915793820255,0.2325211253203191,100.1078177836146,100.68733187197596,XLE,エネルギー,rate_sensitive,Leading,7.0,1.0,4.0
2025-09-17,43.63534164428711,0.23556398361381845,0.23353541141815223,100.42527561056568,100.72497994106226,XLE,エネルギー,rate_sensitive,Leading,7.0,0.0,1.0
2025-09-18,43.49957275390625,0.23330713104594594,0.23345931796075015,100.46879690278936,100.9058463183119,XLE,エネルギー,rate_sensitive,Leading,7.0,0.0,1.0
2025-09-19,42.922550201416016,0.23061383811453906,0.23251082467867978,100.2637489777483,100.66816089981222,XLE,エネルギー,rate_sensitive,Leading,7.0,1.0,2.0
2025-09-22,42.87316131591797,0.2302384757663074,0.23175337504122234,100.07242769574896,100.45045949746304,XLE,エネルギー,rate_sensitive,Leading,7.0,1.0,1.0
2025-09-23,43.611595153808594,0.2339185615626034,0.23247510388168272,100.37932845422401,100.34515497083756,XLE,エネルギー,rate_sensitive,Leading,7.0,0.0,-1.0
2025-09-24,44.17886734008789,0.23751504410462648,0.23415508395599732,101.04095450226625,100.80076128804724,XLE,エネルギー,rate_sensitive,Leading,8.0,1.0,1.0
2025-09-25,44.574981689453125,0.24163398852835222,0.2366480521467823,101.96728290064912,101.92627911311507,XLE,エネルギー,rate_sensitive,Leading,9.0,2.0,2.0
2025-09-26,44.98576736450195,0.2414683463540227,0.2382548168825291,102.45398877505521,102.65196921731923,XLE,エネルギー,rate_sensitive,Leading,11.0,4.0,3.0
2025-09-29,44.159305572509766,0.23624290481319252,0.23758417952608357,102.11032476111295,102.31377240674489,XLE,エネルギー,rate_sensitive,Leading,10.0,3.0,2.0
2025-09-30,43.68983840942383,0.23311529418086427,0.23609455107767716,101.53436192168844,101.18830393584545,XLE,エネルギー,rate_sensitive,Leading,9.0,2.0,2.0
2025-10-01,43.68983840942383,0.23258808533030673,0.23492572916188703,101.10615490223694,99.84626190164268,XLE,エネルギー,rate_sensitive,Weakening,7.0,-1.0,-2.0
2025-10-02,43.24971389770508,0.229701378258555,0.23318427886077636,100.50612763163309,98.0504144192282,XLE,エネルギー,rate_sensitive,Weakening,6.0,-3.0,-5.0
2025-10-03,43.479557037353516,0.23011308139368206,0.23216054637174494,100.15624799946269,97.26679933182973,XLE,エネルギー,rate_sensitive,Weakening,6.0,-5.0,-9.0
2025-10-06,43.69472885131836,0.23132445995667036,0.23188185090005342,100.07028399682524,97.70080585363635,XLE,エネルギー,rate_sensitive,Weakening,6.0,-4.0,-7.0
2025-10-07,43.7631950378418,0.23270932859357,0.2321576767978923,100.17469483234315,98.48721465047375,XLE,エネルギー,rate_sensitive,Weakening,6.0,-3.0,-5.0
2025-10-08,43.5088996887207,0.23060600855217417,0.2316404540493196,100.01323329356572,98.80631420388298,XLE,エネルギー,rate_sensitive,Weakening,6.0,-1.0,0.0
2025-10-09,42.91717529296875,0.22936743445957386,0.2308827808527377,99.7750237694054,99.20813749119176,XLE,エネルギー,rate_sensitive,Lagging,6.0,0.0,3.0
2025-10-10,41.67504119873047,0.2278664522616151,0.22987733798903015,99.44688401208424,99.25527484921483,XLE,エネルギー,rate_sensitive,Lagging,5.0,-1.0,4.0
2025-10-13,42.2423095703125,0.2287439159676836,0.2294995306485813,99.33745673526477,99.25334853737681,XLE,エネルギー,rate_sensitive,Lagging,5.0,-1.0,3.0
2025-10-14,42.2374267578125,0.22683648366705073,0.22861184832140446,99.04846091256155,98.87791408529807,XLE,エネルギー,rate_sensitive,Lagging,5.0,-1.0,2.0
2025-10-15,42.212974548339844,0.22624897311766182,0.22782422325349028,98.80429552970953,98.82480372010068,XLE,エネルギー,rate_sensitive,Lagging,4.0,-2.0,-1.0
2025-10-16,41.704383850097656,0.22566200121255184,0.22710348257317747,98.59670010855915,98.8743341812498,XLE,エネルギー,rate_sensitive,Lagging,3.0,-3.0,-3.0
2025-10-17,42.04669952392578,0.22636467486328113,0.22685721333654538,98.55853424950004,99.16738072609785,XLE,エネルギー,rate_sensitive,Lagging,3.0,-2.0,-1.0
2025-10-20,42.49171829223633,0.2264956651471454,0.22673669727341206,98.55499015518501,99.26344468451254,XLE,エネルギー,rate_sensitive,Lagging,3.0,-2.0,-1.0
2025-10-21,42.393917083740234,0.2249437342667262,0.22613904293785014,98.39679899372501,99.38656291414638,XLE,エネルギー,rate_sensitive,Lagging,3.0,-2.0,-1.0
2025-10-22,42.936737060546875,0.22892804249781395,0.2270687094578381,98.73796811625115,99.97260001503597,XLE,エネルギー,rate_sensitive,Lagging,3.0,-1.0,1.0
2025-10-23,43.5088996887207,0.2308840633597729,0.2283404940918164,99.16849880024068,100.60730369784872,XLE,エネルギー,rate_sensitive,Improving,3.0,0.0,3.0
2025-10-24,43.06877517700195,0.2279271511440346,0.2282027131092225,99.13991247253274,100.6057699009735,XLE,エネルギー,rate_sensitive,Improving,4.0,1.0,3.0
2025-10-27,43.17146682739258,0.22745973829894314,0.22795505483912937,99.08477688036567,100.55741326360514,XLE,エネルギー,rate_sensitive,Improving,4.0,1.0,3.0
2025-10-28,42.721561431884766,0.22703927848905608,0.22764979605577162,99.01519280617308,100.65606800551194,XLE,エネルギー,rate_sensitive,Improving,4.0,1.0,3.0
2025-10-29,43.0394287109375,0.2313154570376146,0.2288716830497193,99.43251704314099,100.74215740233157,XLE,エネルギー,rate_sensitive,Improving,5.0,2.0,3.0
2025-10-30,42.785133361816406,0.23094201169532652,0.22956179259825504,99.67287663729365,100.55796484437266,XLE,エネルギー,rate_sensitive,Improving,5.0,2.0,2.0
2025-10-31,43.098114013671875,0.2321238772887227,0.23041582082841094,99.957731848687,100.87184951761083,XLE,エネルギー,rate_sensitive,Improving,5.0,1.0,0.0
2025-11-03,43.10300064086914,0.2327198331745096,0.23118382494377718,100.20803037606262,101.15352927254241,XLE,エネルギー,rate_sensitive,Leading,6.0,2.0,1.0
2025-11-04,42.638427734375,0.2317443841409943,0.23137067800951625,100.26263282184574,101.23861038895657,XLE,エネルギー,rate_sensitive,Leading,6.0,2.0,1.0
2025-11-05,42.75090026855469,0.23100361867244545,0.23124832489715935,100.2127603038028,100.74055451261394,XLE,エネルギー,rate_sensitive,Leading,6.0,1.0,-1.0
2025-11-06,43.16657257080078,0.23490500510046694,0.2324672182982619,100.5935186447503,100.85514272724373,XLE,エネルギー,rate_sensitive,Leading,6.0,1.0,-1.0
2025-11-07,43.78764724731445,0.23630288929836338,0.23374577529829574,100.98053916001012,100.92942317844795,XLE,エネルギー,rate_sensitive,Leading,6.0,1.0,0.0
2025-11-10,44.18375778198242,0.2370754116523175,0.23485565408296966,101.29741062165552,100.96597682956205,XLE,エネルギー,rate_sensitive,Leading,8.0,2.0,0.0
2025-11-11,44.76081466674805,0.23879193264499832,0.23616774693697923,101.65974019526945,101.23685452753304,XLE,エネルギー,rate_sensitive,Leading,10.0,4.0,2.0
2025-11-12,44.134857177734375,0.23489544982453223,0.2357436478994969,101.47453374029848,101.06575115628232,XLE,エネルギー,rate_sensitive,Leading,10.0,4.0,3.0
2025-11-13,44.24733352661133,0.23818675781053636,0.2365580178698434,101.67410204156225,100.857308971434,XLE,エネルギー,rate_sensitive,Leading,10.0,4.0,3.0
2025-11-14,45.00043487548828,0.24313297294195704,0.23874966956054797,102.25697623164905,101.0218828845896,XLE,エネルギー,rate_sensitive,Leading,10.0,4.0,3.0
2025-11-17,44.17886734008789,0.24187017882381992,0.23978983931497197,102.44903865723101,100.87222026918569,XLE,エネルギー,rate_sensitive,Leading,10.0,2.0,0.0
2025-11-18,44.530967712402344,0.24365287093763202,0.24107751652252535,102.66574262222711,100.7108538937617,XLE,エネルギー,rate_sensitive,Leading,10.0,0.0,-4.0
2025-11-19,43.953914642333984,0.24122574889076714,0.2411269273119393,102.51755610237055,100.73350432931335,XLE,エネルギー,rate_sensitive,Leading,10.0,0.0,-4.0
2025-11-20,43.45510482788086,0.24143364277715593,0.24122916580034487,102.39623579194617,100.41368128638268,XLE,エネルギー,rate_sensitive,Leading,10.0,0.0,-4.0
2025-11-21,43.72895812988281,0.2382728710722741,0.24024373422432127,102.02330182456227,99.49150631797309,XLE,エネルギー,rate_sensitive,Weakening,10.0,0.0,-4.0
2025-11-24,43.60670471191406,0.23662589330588799,0.2390377872515102,101.63691815213599,98.9568880334951,XLE,エネルギー,rate_sensitive,Weakening,10.0,0.0,-2.0
2025-11-25,43.33285140991211,0.23184605962113694,0.23664054470805246,100.98630477725531,98.19005170597926,XLE,エネルギー,rate_sensitive,Weakening,10.0,0.0,0.0
2025-11-26,43.66049575805664,0.2319804437629886,0.2350871777263645,100.57305235143998,98.03322228659106,XLE,エネルギー,rate_sensitive,Weakening,10.0,0.0,0.0
2025-11-28,44.23265838623047,0.23375660064117057,0.23464365203129986,100.45383568477884,98.12068818083992,XLE,エネルギー,rate_sensitive,Weakening,9.0,-1.0,-1.0
2025-12-01,44.65811538696289,0.23763034407881362,0.2356392160471378,100.70610464220469,98.73597117331065,XLE,エネルギー,rate_sensitive,Weakening,10.0,0.0,0.0
2025-12-02,44.08106231689453,0.2347819631254768,0.23535346507325083,100.62875348915422,99.05011203108214,XLE,エネルギー,rate_sensitive,Weakening,10.0,0.0,0.0
2025-12-03,44.90752410888672,0.2373726436422277,0.23602652459624313,100.78978009486924,99.8077020989523,XLE,エネルギー,rate_sensitive,Weakening,10.0,0.0,0.0
2025-12-04,45.098243713378906,0.23830607925280045,0.2367863761484289,100.9578625317576,100.3358112551599,XLE,エネルギー,rate_sensitive,Leading,10.0,0.0,0.0
2025-12-05,44.91240692138672,0.2367678668517771,0.2367802063828783,100.92826902817063,100.40150086342625,XLE,エネルギー,rate_sensitive,Leading,10.0,1.0,2.0
2025-12-08,44.42338180541992,0.23560098130296575,0.23638713135624081,100.8046553196804,100.03597111534879,XLE,エネルギー,rate_sensitive,Leading,10.0,0.0,0.0
2025-12-09,44.697242736816406,0.23750142900809407,0.23675856390685857,100.87348638518448,100.15816029002241,XLE,エネルギー,rate_sensitive,Leading,11.0,1.0,1.0
2025-12-10,45.16670608520508,0.23666631567030072,0.23672781449467264,100.84149228310447,99.96583390115485,XLE,エネルギー,rate_sensitive,Weakening,11.0,1.0,1.0
2025-12-11,44.951534271240234,0.23365190626239515,0.23570251175058016,100.56924162113565,99.55398526677217,XLE,エネルギー,rate_sensitive,Weakening,10.0,0.0,0.0
2025-12-12,44.51140594482422,0.23294318344612233,0.23478273564909422,100.32713403561392,99.36643611822598,XLE,エネルギー,rate_sensitive,Weakening,10.0,0.0,-1.0
2025-12-15,44.198429107666016,0.23101862751759963,0.23352803293859603,100.01108758795861,99.20886418178173,XLE,エネルギー,rate_sensitive,Weakening,9.0,-1.0,-1.0
2025-12-16,42.84870910644531,0.22554786942457095,0.23086797843392104,99.36184044395483,98.58996480453742,XLE,エネルギー,rate_sensitive,Lagging,5.0,-6.0,-7.0
2025-12-17,43.79742431640625,0.23116685580851515,0.23096760422545243,99.39815152613983,98.69831721441616,XLE,エネルギー,rate_sensitive,Lagging,6.0,-5.0,-6.0
2025-12-18,43.16168975830078,0.22732539954506703,0.22975353599865733,99.11416901431876,98.73069741923585,XLE,エネルギー,rate_sensitive,Lagging,5.0,-5.0,-5.0
2025-12-19,43.16168975830078,0.2265003570891791,0.22866914302883126,98.87023718187733,98.76910038459985,XLE,エネルギー,rate_sensitive,Lagging,3.0,-7.0,-7.0
2025-12-22,43.608524322509766,0.22716147222452066,0.22816658609406107,98.77928563909246,98.99806145077777,XLE,エネルギー,rate_sensitive,Lagging,3.0,-6.0,-5.0
2025-12-23,43.89457702636719,0.2291844247565945,0.22850586564823888,98.89331896204479,99.68616394924176,XLE,エネルギー,rate_sensitive,Lagging,4.0,-1.0,5.0
2025-12-24,43.7663459777832,0.2276894744220465,0.2282337352395081,98.86590909635,99.65280414412264,XLE,エネルギー,rate_sensitive,Lagging,4.0,-2.0,3.0
2025-12-26,43.59865951538086,0.22675858464852117,0.2277420183758458,98.78814671329721,99.86930991564321,XLE,エネルギー,rate_sensitive,Lagging,4.0,-1.0,4.0
2025-12-29,44.01294708251953,0.22929182819618588,0.2282586216492925,98.9445195576936,100.28194134906023,XLE,エネルギー,rate_sensitive,Improving,4.0,1.0,8.0
2025-12-30,44.34832000732422,0.2314097066210431,0.22930898330654273,99.21932904678015,100.6540077055853,XLE,エネルギー,rate_sensitive,Improving,4.0,1.0,7.0
2025-12-31,44.101722717285156,0.2321051404584185,0.23024103569050133,99.45839246903076,100.76537651269008,XLE,エネルギー,rate_sensitive,Improving,5.0,1.0,2.0
2026-01-02,45.02893829345703,0.23538756693173343,0.23195654610424538,99.8706644315188,101.15677342538238,XLE,エネルギー,rate_sensitive,Improving,6.0,2.0,4.0
2026-01-05,46.2520637512207,0.23955803505169207,0.23449037575339426,100.46322828436516,101.76644715795571,XLE,エネルギー,rate_sensitive,Leading,7.0,3.0,4.0
2026-01-06,45.019065856933594,0.23039034168465308,0.23312369773048053,100.13433301074102,101.2593237185468,XLE,エネルギー,rate_sensitive,Leading,7.0,3.0,2.0
2026-01-07,44.51601028442383,0.23040059707956667,0.23221599751350924,99.91876141695573,100.74220002986932,XLE,エネルギー,rate_sensitive,Improving,7.0,3.0,2.0
2026-01-08,45.91668701171875,0.23562990051255758,0.23335396517985868,100.18231593243436,100.74146804339637,XLE,エネルギー,rate_sensitive,Leading,7.0,2.0,1.0
2026-01-09,46.03505325317383,0.23487442120308172,0.23386078385426637,100.2915452338377,100.41613742276273,XLE,エネルギー,rate_sensitive,Leading,7.0,1.0,-1.0
2026-01-12,45.70954895019531,0.23300142245297847,0.2335743300538371,100.21026134606994,99.72068738819338,XLE,エネルギー,rate_sensitive,Weakening,7.0,0.0,-3.0
2026-01-13,46.36056900024414,0.23631995438318992,0.2344895381636214,100.4107675337461,100.24717400932555,XLE,エネルギー,rate_sensitive,Leading,9.0,2.0,-1.0
2026-01-14,47.40614700317383,0.24055507833889578,0.23651138488871287,100.86571474412672,100.90715152991055,XLE,エネルギー,rate_sensitive,Leading,9.0,2.0,-1.0
2026-01-15,46.9622688293457,0.23725183125708765,0.23675820034483783,100.89587696111452,100.64158843247824,XLE,エネルギー,rate_sensitive,Leading,9.0,2.0,0.0
2026-01-16,47.04117965698242,0.23825937821140855,0.2372585929670281,100.98638366715244,100.59803062591908,XLE,エネルギー,rate_sensitive,Leading,9.0,2.0,1.0
2026-01-20,46.9524040222168,0.24141184145336378,0.23864300912914,101.28517024725059,100.96863811553824,XLE,エネルギー,rate_sensitive,Leading,9.0,2.0,2.0
2026-01-21,48.08675765991211,0.24312764678090648,0.24013788834639552,101.59977511660749,101.0553063404948,XLE,エネルギー,rate_sensitive,Leading,9.0,0.0,-2.0
2026-01-22,48.24458312988281,0.2436079773644445,0.2412945846857452,101.82397488555166,100.7852966770146,XLE,エネルギー,rate_sensitive,Leading,9.0,0.0,-2.0
2026-01-23,48.52077102661133,0.24609957233249175,0.24289624723466072,102.1216436983067,101.03849075270155,XLE,エネルギー,rate_sensitive,Leading,10.0,1.0,-1.0
2026-01-26,48.55036544799805,0.24566876901120574,0.24382042116017574,102.22568265858487,101.03346608896192,XLE,エネルギー,rate_sensitive,Leading,10.0,1.0,-1.0
2026-01-27,48.994239807128906,0.24830117251633405,0.24531400494556188,102.42945301126593,100.91954388045932,XLE,エネルギー,rate_sensitive,Leading,10.0,1.0,-1.0
2026-01-28,49.36907196044922,0.2510463330391548,0.24722478097675954,102.67515119254318,100.83488008491105,XLE,エネルギー,rate_sensitive,Leading,11.0,2.0,2.0
2026-01-29,49.82281494140625,0.2530218288310181,0.24915713026151243,102.86892864810623,100.79326438587243,XLE,エネルギー,rate_sensitive,Leading,11.0,2.0,2.0
2026-01-30,50.355464935302734,0.2562949056419434,0.2515363887216561,103.06593970132157,100.68422601601623,XLE,エネルギー,rate_sensitive,Leading,11.0,1.0,0.0
2026-02-02,49.36907196044922,0.2499871546940302,0.2510199773791142,102.74643700407717,100.24993202292488,XLE,エネルギー,rate_sensitive,Leading,11.0,1.0,0.0
2026-02-03,50.9670295715332,0.2587674568808738,0.2536024705463674,102.94276732168609,100.24776137210581,XLE,エネルギー,rate_sensitive,Leading,11.0,1.0,0.0
2026-02-04,52.11125183105469,0.2622916963794798,0.2564988791574049,103.10897571461831,100.17845729036536,XLE,エネルギー,rate_sensitive,Leading,10.0,-1.0,-3.0
2026-02-05,51.49968719482422,0.2614850495844737,0.25816093596642786,103.05765068096873,99.94214626140709,XLE,エネルギー,rate_sensitive,Weakening,10.0,-1.0,-3.0
2026-02-06,52.52553939819336,0.26181499824382415,0.25937895672556,102.9526477644459,99.64173939352747,XLE,エネルギー,rate_sensitive,Weakening,10.0,-1.0,-2.0
2026-02-09,52.91023254394531,0.26357612491084653,0.26077801278732216,102.87629723122126,99.90815308811334,XLE,エネルギー,rate_sensitive,Weakening,10.0,-1.0,-2.0
2026-02-10,52.85104751586914,0.2623479349465188,0.26130132017372104,102.71390486610846,99.55121863611463,XLE,エネルギー,rate_sensitive,Weakening,11.0,0.0,-1.0
2026-02-11,54.231998443603516,0.2687265237969187,0.2637763880481203,102.76646821398077,99.45293102392408,XLE,エネルギー,rate_sensitive,Weakening,11.0,1.0,2.0
2026-02-12,53.245601654052734,0.2673472106012651,0.2649666622325019,102.67767128301413,99.4368260009858,XLE,エネルギー,rate_sensitive,Weakening,10.0,0.0,1.0
2026-02-13,53.61056900024414,0.2664198566540732,0.2654510603730257,102.53684862513192,99.42179448376088,XLE,エネルギー,rate_sensitive,Weakening,10.0,0.0,1.0
2026-02-17,53.018733978271484,0.26393406516945545,0.2649453953051689,102.33264775460816,99.30825428054591,XLE,エネルギー,rate_sensitive,Weakening,9.0,-1.0,0.0
2026-02-18,54.03472137451172,0.26760432199910483,0.26583170420314756,102.27344632646826,99.44355123327595,XLE,エネルギー,rate_sensitive,Weakening,10.0,-1.0,-1.0
2026-02-19,54.42927932739258,0.27012896163524824,0.26726412334718114,102.26257185302188,99.39756523101683,XLE,エネルギー,rate_sensitive,Weakening,10.0,-1.0,-2.0
2026-02-20,54.13336181640625,0.26740979241182,0.2673126797020608,102.14490904377976,99.38877980114718,XLE,エネルギー,rate_sensitive,Weakening,10.0,0.0,0.0
2026-02-23,54.399688720703125,0.2717075031428063,0.26877762084897594,102.14481252937053,99.56677737007253,XLE,エネルギー,rate_sensitive,Weakening,10.0,0.0,0.0
2026-02-24,54.350364685058594,0.26931304373927717,0.26895609514574303,102.04948722764364,99.70561198759022,XLE,エネルギー,rate_sensitive,Weakening,10.0,1.0,2.0
2026-02-25,54.123497009277344,0.26803083372349906,0.26864767467166173,101.92949146562208,99.63917458399577,XLE,エネルギー,rate_sensitive,Weakening,10.0,0.0,1.0
2026-02-26,54.301048278808594,0.26739960718181466,0.2682316521750461,101.81383537720069,99.51222846312099,XLE,エネルギー,rate_sensitive,Weakening,10.0,0.0,1.0
2026-02-27,55.159210205078125,0.2713074681727754,0.2692569241742892,101.80444978581707,99.59956700378986,XLE,エネルギー,rate_sensitive,Weakening,11.0,1.0,1.0
2026-03-02,56.26397705078125,0.27725541712687096,0.27192308849181646,101.90017128572048,99.66569903849467,XLE,エネルギー,rate_sensitive,Weakening,11.0,1.0,1.0
2026-03-03,55.75104904174805,0.278140171594721,0.273995449526118,101.94493311153636,99.79070489453879,XLE,エネルギー,rate_sensitive,Weakening,11.0,1.0,0.0
2026-03-04,55.425537109375,0.2754122633538858,0.2744677208020406,101.88438918201406,99.8367663804342,XLE,エネルギー,rate_sensitive,Weakening,10.0,0.0,0.0
2026-03-05,55.71159362792969,0.2800777411793441,0.2763377275944751,101.91192112905911,100.00172937364715,XLE,エネルギー,rate_sensitive,Leading,9.0,-1.0,-1.0
2026-03-06,55.80036926269531,0.2839076091661061,0.27886102145168545,101.97102444236675,100.08559300872912,XLE,エネルギー,rate_sensitive,Leading,9.0,-2.0,-3.0
2026-03-09,55.553768157958984,0.2818563077528118,0.2798594502187276,101.93495952810707,99.91673500772195,XLE,エネルギー,rate_sensitive,Weakening,9.0,-2.0,-3.0
2026-03-10,54.843563079833984,0.28035527123823767,0.28002472389189764,101.85571784324456,99.76234970593971,XLE,エネルギー,rate_sensitive,Weakening,9.0,-2.0,-3.0
2026-03-11,56.20478820800781,0.28826376628784656,0.28277107135721397,101.9211137178115,99.93250729974223,XLE,エネルギー,rate_sensitive,Weakening,9.0,-1.0,-1.0
2026-03-12,56.727577209472656,0.2955152911359764,0.28701914461680145,102.05249274325341,100.07396377045238,XLE,エネルギー,rate_sensitive,Leading,9.0,0.0,1.0
2026-03-13,56.91499328613281,0.2965069082486893,0.2901817324940974,102.10905514004952,100.06871746417606,XLE,エネルギー,rate_sensitive,Leading,9.0,0.0,2.0
2026-03-16,57.11227798461914,0.29533706199725707,0.2919001756618173,102.08636650245221,100.07540819061211,XLE,エネルギー,rate_sensitive,Leading,9.0,0.0,2.0
2026-03-17,57.71397399902344,0.2967892232752672,0.29352985819963395,102.06048197376238,100.13091231166354,XLE,エネルギー,rate_sensitive,Leading,10.0,1.0,3.0
2026-03-18,57.63506317138672,0.30033583289077487,0.29579851643001426,102.06517415589873,100.02884627000954,XLE,エネルギー,rate_sensitive,Leading,10.0,1.0,2.0
2026-03-19,58.55241012573242,0.3053528467957051,0.29898329321857786,102.10928029773099,99.86948607960356,XLE,エネルギー,rate_sensitive,Weakening,10.0,1.0,1.0
2026-03-20,58.503089904785156,0.30964455382790423,0.30253704675502,102.16050652947344,99.82008867901784,XLE,エネルギー,rate_sensitive,Weakening,11.0,2.0,2.0
2026-03-23,59.203041076660156,0.3100439415249848,0.30503934501167496,102.16036519179094,99.8079989260165,XLE,エネルギー,rate_sensitive,Weakening,11.0,2.0,2.0
2026-03-24,60.40437698364258,0.3159561912679444,0.30867829376376477,102.20453920620497,99.87094590261728,XLE,エネルギー,rate_sensitive,Weakening,11.0,1.0,0.0
2026-03-25,60.13631057739258,0.3130370989034032,0.3101312288103109,102.15628243100446,99.73446839906961,XLE,エネルギー,rate_sensitive,Weakening,11.0,1.0,0.0
2026-03-26,61.07950973510742,0.32089206303932344,0.3137181735533151,102.19304432451308,99.70257256357328,XLE,エネルギー,rate_sensitive,Weakening,11.0,1.0,0.0
2026-03-27,62.112064361572266,0.33085328067740055,0.3194298759280103,102.3004196927203,99.77997031160805,XLE,エネルギー,rate_sensitive,Weakening,11.0,0.0,-2.0
2026-03-30,61.516357421875,0.3283596166644418,0.3224064561734875,102.29302181942751,99.75154277289973,XLE,エネルギー,rate_sensitive,Weakening,11.0,0.0,-2.0
2026-03-31,60.82136917114258,0.3181373455142114,0.32098341928706214,102.13125357762924,99.3819755238595,XLE,エネルギー,rate_sensitive,Weakening,11.0,0.0,-1.0
2026-04-01,58.547767639160156,0.30525872657576547,0.31574185504996327,101.85337537556525,98.99365257143295,XLE,エネルギー,rate_sensitive,Weakening,11.0,0.0,-1.0
2026-04-02,58.82576370239258,0.3058345160817156,0.3124394087272141,101.66666213319856,98.6393226139797,XLE,エネルギー,rate_sensitive,Weakening,11.0,0.0,-1.0
2026-04-06,59.252685546875,0.3067355476384022,0.3105381216976102,101.54136602665285,98.29026181686,XLE,エネルギー,rate_sensitive,Weakening,11.0,0.0,0.0
2026-04-07,59.729248046875,0.30988974433329763,0.31032199590950604,101.48198745097334,98.21327049827941,XLE,エネルギー,rate_sensitive,Weakening,11.0,0.0,0.0
2026-04-08,57.63435363769531,0.29226893392379455,0.30430430858093555,101.22045695791375,98.09530376027942,XLE,エネルギー,rate_sensitive,Weakening,11.0,0.0,0.0
2026-04-09,56.91950988769531,0.2884690322103184,0.2990258831240632,100.99338266164747,98.26201130306232,XLE,エネルギー,rate_sensitive,Weakening,9.0,-2.0,-2.0
2026-04-10,56.53230285644531,0.28859010424963205,0.2955472901659195,100.83530880643833,98.37720217598107,XLE,エネルギー,rate_sensitive,Weakening,7.0,-4.0,-4.0
2026-04-13,56.70108413696289,0.28627810644368795,0.292457562258509,100.69221888661978,98.41071020587151,XLE,エネルギー,rate_sensitive,Weakening,7.0,-4.0,-4.0
2026-04-14,55.54939270019531,0.2792974273229118,0.28807085061330995,100.49777934807457,98.23858557210389,XLE,エネルギー,rate_sensitive,Weakening,6.0,-5.0,-5.0
2026-04-15,55.360748291015625,0.2782513823137466,0.2847976945134555,100.34378289653492,98.47962000081279,XLE,エネルギー,rate_sensitive,Weakening,6.0,-5.0,-5.0
2026-04-16,56.17488098144531,0.2810627636196621,0.2835527175488577,100.26886838430713,98.7688393221621,XLE,エネルギー,rate_sensitive,Weakening,5.0,-4.0,-2.0
2026-04-17,54.62604904174805,0.2699232386752579,0.27900955792432447,100.05485136864833,98.71767341607467,XLE,エネルギー,rate_sensitive,Weakening,4.0,-3.0,1.0
2026-04-20,54.675689697265625,0.2693200927100183,0.2757797361862224,99.88987183362944,98.72329215287172,XLE,エネルギー,rate_sensitive,Lagging,3.0,-4.0,0.0
2026-04-21,55.46996307373047,0.2749187085909537,0.27549272698779953,99.84843069593043,99.00357236090878,XLE,エネルギー,rate_sensitive,Lagging,4.0,-2.0,3.0
2026-04-22,56.13516616821289,0.2783392565356541,0.2764415701704177,99.86158829652979,99.30968733956622,XLE,エネルギー,rate_sensitive,Lagging,5.0,-1.0,4.0
2026-04-23,56.57201385498047,0.2805191706960758,0.2778007703456371,99.89442503959869,99.52427675040397,XLE,エネルギー,rate_sensitive,Lagging,5.0,0.0,4.0
2026-04-24,56.46280288696289,0.28055968162943523,0.2787204074402365,99.90852492132512,99.97567394678799,XLE,エネルギー,rate_sensitive,Lagging,7.0,3.0,6.0
2026-04-27,56.363521575927734,0.28039945903481467,0.2792800913050959,99.90595804850093,100.34146918632786,XLE,エネルギー,rate_sensitive,Improving,6.0,3.0,7.0
2026-04-28,57.29678726196289,0.2865047238153342,0.28168830214184204,99.9957581952634,100.67524823731162,XLE,エネルギー,rate_sensitive,Improving,8.0,4.0,6.0
2026-04-29,58.607337951660156,0.2935697300724789,0.285648778118721,100.168863834449,101.09809185365226,XLE,エネルギー,rate_sensitive,Leading,8.0,3.0,4.0
2026-04-30,59.222900390625,0.2922348409696738,0.28784413240237194,100.25675985847386,101.31306519273907,XLE,エネルギー,rate_sensitive,Leading,8.0,3.0,3.0
2026-05-01,58.42862319946289,0.2891968480899056,0.28829503763154984,100.25548548693904,101.36266158259379,XLE,エネルギー,rate_sensitive,Leading,8.0,1.0,-2.0
2026-05-04,58.964759826660156,0.293558406341561,0.2900494938682202,100.32510728166167,101.55671464065053,XLE,エネルギー,rate_sensitive,Leading,8.0,2.0,-1.0
2026-05-05,59.024330139160156,0.29154161785303634,0.2905468685298256,100.32773606297621,101.36149983055773,XLE,エネルギー,rate_sensitive,Leading,8.0,0.0,-4.0
2026-05-06,56.59187316894531,0.27732995205805494,0.28614122970590206,100.05144148036732,100.25122562320853,XLE,エネルギー,rate_sensitive,Leading,8.0,0.0,-3.0
2026-05-07,55.54939270019531,0.27397330892185096,0.2820852561112184,99.78932106562439,99.36920967203858,XLE,エネルギー,rate_sensitive,Lagging,8.0,0.0,-3.0
2026-05-08,55.30118179321289,0.27200073084536697,0.27872374768926794,99.56355863095128,98.82191393676126,XLE,エネルギー,rate_sensitive,Lagging,8.0,0.0,-1.0
2026-05-11,56.76065444946289,0.27932973846062004,0.278925744613052,99.55047976979306,98.65651328472683,XLE,エネルギー,rate_sensitive,Lagging,7.0,-1.0,-3.0
2026-05-12,57.15779113769531,0.28153256698069795,0.2797946854022673,99.57827698012456,98.75786671327438,XLE,エネルギー,rate_sensitive,Lagging,7.0,-1.0,-1.0
2026-05-13,57.21736145019531,0.2830620609045145,0.28088381056968303,99.62361851848875,99.57264156966188,XLE,エネルギー,rate_sensitive,Lagging,7.0,-1.0,-1.0
2026-05-14,57.654212951660156,0.2841868544043727,0.2819848251812463,99.67155825288931,100.34292141200393,XLE,エネルギー,rate_sensitive,Improving,7.0,-1.0,-1.0
2026-05-15,59.014400482177734,0.2939221646944525,0.28596393835231504,99.90619062827949,101.44825774238592,XLE,エネルギー,rate_sensitive,Improving,8.0,0.0,0.0
2026-05-18,60.146240234375,0.2977276886680972,0.28988518845757577,100.14026427559764,101.96048489243807,XLE,エネルギー,rate_sensitive,Leading,8.0,1.0,2.0
2026-05-19,60.851158142089844,0.3029799748419607,0.29425011725237077,100.40875671527371,102.37874745795182,XLE,エネルギー,rate_sensitive,Leading,9.0,2.0,3.0
2026-05-20,59.371822357177734,0.2924091483751493,0.29363646095996365,100.34401755321565,102.01811363350309,XLE,エネルギー,rate_sensitive,Leading,9.0,2.0,3.0
2026-05-21,58.70662307739258,0.2878900771536081,0.2917209996911785,100.1882290182477,101.50536646820527,XLE,エネルギー,rate_sensitive,Leading,9.0,2.0,3.0
2026-05-22,59.06404495239258,0.2870209417064765,0.29015431369627787,100.05508312943601,100.67626839246641,XLE,エネルギー,rate_sensitive,Leading,8.0,0.0,0.0
2026-05-26,57.43578338623047,0.27768358406001803,0.2859974038175246,99.73379427639262,99.46201320601489,XLE,エネルギー,rate_sensitive,Lagging,8.0,0.0,-1.0
2026-05-27,56.581947326660156,0.2737533115904892,0.28191603974184615,99.41166770046321,98.23460760949179,XLE,エネルギー,rate_sensitive,Lagging,8.0,-1.0,-3.0
2026-05-28,56.542232513427734,0.2725628182138415,0.2787982992325113,99.15545470765912,97.92180644378031,XLE,エネルギー,rate_sensitive,Lagging,8.0,-1.0,-3.0
2026-05-29,55.886959075927734,0.2686558288164418,0.27541747576048814,98.88277442351381,97.80237049109316,XLE,エネルギー,rate_sensitive,Lagging,8.0,-1.0,-3.0
2026-06-01,56.88972473144531,0.27297951448294405,0.27460482200130676,98.81282515846509,98.02541014300056,XLE,エネルギー,rate_sensitive,Lagging,8.0,0.0,0.0
2026-06-02,57.54499816894531,0.2750326591660767,0.2747474343895634,98.82147509314814,98.7016498839773,XLE,エネルギー,rate_sensitive,Lagging,9.0,1.0,1.0
2026-06-03,58.28962707519531,0.2796433425882383,0.27637940378912174,98.94092570252967,99.55148016867497,XLE,エネルギー,rate_sensitive,Lagging,10.0,2.0,3.0
2026-06-04,58.329341888427734,0.27773675385985885,0.2768318538127008,98.97430379370867,100.10857770569795,XLE,エネルギー,rate_sensitive,Improving,10.0,2.0,3.0
2026-06-05,57.25707244873047,0.2765664991278617,0.2767434022510878,98.97265385696791,100.62675502624087,XLE,エネルギー,rate_sensitive,Improving,9.0,1.0,2.0
2026-06-08,57.912349700927734,0.2800280984036598,0.27783830096861184,99.06077888466376,100.91676432388924,XLE,エネルギー,rate_sensitive,Improving,9.0,1.0,1.0
2026-06-09,56.97908020019531,0.2734344239889513,0.2763703419753917,98.95753991066464,100.69576871769338,XLE,エネルギー,rate_sensitive,Improving,9.0,0.0,-1.0
2026-06-10,57.832923889160156,0.2811063809335847,0.27794902162812274,99.08717927378311,100.71027468236667,XLE,エネルギー,rate_sensitive,Improving,8.0,-2.0,-4.0
2026-06-11,56.71101379394531,0.27142143021197834,0.27577315782274125,98.94547275226914,100.38663113321168,XLE,エネルギー,rate_sensitive,Improving,6.0,-4.0,-6.0
2026-06-12,57.137935638427734,0.2710097818057414,0.27418536581707464,98.85791335301224,100.23277531188624,XLE,エネルギー,rate_sensitive,Improving,6.0,-3.0,-4.0
2026-06-15,55.15225601196289,0.26008008141330924,0.26948360434915286,98.56046419476179,99.52021033973674,XLE,エネルギー,rate_sensitive,Lagging,4.0,-5.0,-6.0
2026-06-16,54.96361541748047,0.260057879754215,0.26634169615084025,98.3965046763713,99.4259616761128,XLE,エネルギー,rate_sensitive,Lagging,3.0,-6.0,-6.0
2026-06-17,54.2785530090332,0.2607242590443969,0.26446921711535915,98.33407674757518,99.08862281175495,XLE,エネルギー,rate_sensitive,Lagging,3.0,-5.0,-3.0
2026-06-18,53.38500213623047,0.255247429114848,0.26139528778185545,98.20209890830718,99.13384827843001,XLE,エネルギー,rate_sensitive,Lagging,2.0,-4.0,0.0
2026-06-22,54.060001373291016,0.25790754837973734,0.2602327079811494,98.20251494409962,99.32236105347428,XLE,エネルギー,rate_sensitive,Lagging,3.0,-3.0,0.0
2026-06-23,54.459999084472656,0.2607113755737386,0.2603922638453458,98.28266189161901,100.04947700763172,XLE,エネルギー,rate_sensitive,Improving,3.0,-1.0,4.0
2026-06-24,53.56999969482422,0.2546344635967862,0.25847299709582594,98.22314500956082,100.25942740089629,XLE,エネルギー,rate_sensitive,Improving,3.0,0.0,6.0
2026-06-25,54.09000015258789,0.25544273979970666,0.25746291133045285,98.22028229976631,100.38112137617226,XLE,エネルギー,rate_sensitive,Improving,3.0,0.0,5.0
2026-06-26,53.84000015258789,0.2560030468241897,0.2569762898283651,98.23974925370135,100.67432765130603,XLE,エネルギー,rate_sensitive,Improving,3.0,1.0,5.0
2026-06-29,53.58000183105469,0.2514902654943314,0.2551476150503539,98.15338196827646,100.5152115603676,XLE,エネルギー,rate_sensitive,Improving,3.0,0.0,3.0
2026-06-30,53.11000061035156,0.24961225522344763,0.2533024951080518,98.04788409434587,100.1688095548645,XLE,エネルギー,rate_sensitive,Improving,2.0,-1.0,0.0
2026-07-01,52.810001373291016,0.24745794698970502,0.25135431240193623,97.9337506372732,100.06945494456538,XLE,エネルギー,rate_sensitive,Improving,1.0,-2.0,-2.0
2026-07-02,53.220001220703125,0.24763854782850345,0.250115724210792,97.88741604450024,99.98573125171217,XLE,エネルギー,rate_sensitive,Lagging,1.0,-2.0,-2.0
2026-07-06,53.130001068115234,0.24711628403774527,0.2491159108197764,97.86807092965036,99.90526087860798,XLE,エネルギー,rate_sensitive,Lagging,2.0,-1.0,-2.0
2026-07-07,54.63999938964844,0.25445909037775327,0.2508969706724354,98.0392145262706,100.38916525090795,XLE,エネルギー,rate_sensitive,Improving,1.0,-2.0,-2.0
2026-07-08,55.599998474121094,0.2620169617046815,0.2546036343498508,98.33293635446039,101.1339014058385,XLE,エネルギー,rate_sensitive,Improving,2.0,0.0,1.0
2026-07-09,54.81999969482422,0.2567681484535092,0.25532513905107024,98.42093048994198,101.47619168587514,XLE,エネルギー,rate_sensitive,Improving,3.0,2.0,4.0
2026-07-10,55.08000183105469,0.2570228700265195,0.25589104937622,98.5052692788467,101.66346576244425,XLE,エネルギー,rate_sensitive,Improving,4.0,3.0,5.0
2026-07-13,56.7400016784668,0.26485554222121904,0.25887921365788635,98.77127060834495,102.09982163990732,XLE,エネルギー,rate_sensitive,Improving,6.0,4.0,5.0
2026-07-14,56.95000076293945,0.2668072221933496,0.2615218831697075,99.00760621317139,102.11078139729858,XLE,エネルギー,rate_sensitive,Improving,6.0,5.0,7.0
2026-07-15,56.5,0.2652955800166824,0.2627797821186991,99.13470503574737,101.74203612359861,XLE,エネルギー,rate_sensitive,Improving,6.0,4.0,4.0
2026-07-16,57.02000045776367,0.2651353162143899,0.26356496015059605,99.22217075580792,101.67638360212582,XLE,エネルギー,rate_sensitive,Improving,7.0,4.0,2.0
2026-07-17,57.68000030517578,0.2703285448991863,0.26581948840012615,99.42084113147088,101.80071749002182,XLE,エネルギー,rate_sensitive,Improving,8.0,4.0,1.0
2026-07-20,57.939998626708984,0.2727615061018276,0.26813349430069333,99.61734242402665,101.61662098442737,XLE,エネルギー,rate_sensitive,Improving,9.0,3.0,-1.0
2026-07-21,58.5,0.27495770591458824,0.270408231505325,99.80413062928612,101.47863727940629,XLE,エネルギー,rate_sensitive,Improving,9.0,3.0,-2.0
2026-07-22,59.20000076293945,0.27832628872742776,0.27304758391269257,100.01614624595021,101.56430023240293,XLE,エネルギー,rate_sensitive,Leading,9.0,3.0,-1.0
2026-07-23,59.380001068115234,0.28020008296138593,0.275431750262257,100.20628300155134,101.66821549039494,XLE,エネルギー,rate_sensitive,Leading,9.0,2.0,-2.0
2026-07-24,59.619998931884766,0.2791590433453335,0.2766741812899492,100.306273168499,101.44861782455081,XLE,エネルギー,rate_sensitive,Leading,9.0,1.0,-3.0
2026-07-27,58.36000061035156,0.27121480898219236,0.27485439052069693,100.16717179511856,100.87233179773547,XLE,エネルギー,rate_sensitive,Leading,8.0,-1.0,-4.0
2026-07-28,57.56999969482422,0.2644586294693062,0.2713891368369,99.90183469648541,100.12940842036798,XLE,エネルギー,rate_sensitive,Improving,8.0,-1.0,-4.0
2026-07-29,58.650001525878906,0.2718676247504877,0.27154863280809594,99.9270170949997,99.82946154071283,XLE,エネルギー,rate_sensitive,Lagging,8.0,-1.0,-4.0
2026-07-30,58.959999084472656,0.2737487127301004,0.2722819927820974,100.00257587447764,99.65471044425804,XLE,エネルギー,rate_sensitive,Weakening,9.0,0.0,-2.0
2026-07-31,59.54999923706055,0.2769638656735431,0.27384261707924595,100.14822257834436,99.74255047720972,XLE,エネルギー,rate_sensitive,Weakening,9.0,0.0,-1.0
2024-08-01,39.120628356933594,0.23821788446800618,0.23821788446800618,,,XLRE,不動産,rate_sensitive,,,,
2024-08-02,39.148677825927734,0.24256267480311766,0.23966614791304336,,,XLRE,不動産,rate_sensitive,,,,
2024-08-05,38.017051696777344,0.24125079509617506,0.24019436364075394,,,XLRE,不動産,rate_sensitive,,,,
2024-08-06,38.858760833740234,0.24408882132306772,0.24149251620152523,,,XLRE,不動産,rate_sensitive,,,,
2024-08-07,38.578189849853516,0.2440473725570144,0.24234413498668828,,,XLRE,不動産,rate_sensitive,,,,
2024-08-08,38.905513763427734,0.24173729116869871,0.2421418537140251,,,XLRE,不動産,rate_sensitive,,,,
2024-08-09,39.1019172668457,0.24244738258524623,0.24224369667109885,,,XLRE,不動産,rate_sensitive,,,,
2024-08-12,38.868106842041016,0.24216014152799892,0.2422158449567322,,,XLRE,不動産,rate_sensitive,,,,
2024-08-13,39.139320373535156,0.2411023615682177,0.2418446838272274,,,XLRE,不動産,rate_sensitive,,,,
2024-08-14,39.27961730957031,0.24146276649879275,0.24171737805108254,,,XLRE,不動産,rate_sensitive,,,,
2024-08-15,39.16738510131836,0.23755067287432127,0.24032847632549545,,,XLRE,不動産,rate_sensitive,,,,
2024-08-16,39.148677825927734,0.23686716233416907,0.23917470499505333,,,XLRE,不動産,rate_sensitive,,,,
2024-08-19,39.382484436035156,0.23648167864512132,0.238277029545076,,,XLRE,不動産,rate_sensitive,,,,
2024-08-20,39.419898986816406,0.23764546850263685,0.2380665091975963,,,XLRE,不動産,rate_sensitive,,,,
2024-08-21,39.55082321166992,0.23677699622573117,0.23763667154030793,,,XLRE,不動産,rate_sensitive,,,,
2024-08-22,39.79398727416992,0.2389109900995269,0.23806144439338095,,,XLRE,不動産,rate_sensitive,,,,
2024-08-23,40.56086730957031,0.24045544929543092,0.23885944602739761,,,XLRE,不動産,rate_sensitive,,,,
2024-08-26,40.532814025878906,0.2403305347410797,0.23934980893195834,,,XLRE,不動産,rate_sensitive,,,,
2024-08-27,40.63569641113281,0.2408299755118754,0.2398431977919307,,,XLRE,不動産,rate_sensitive,,,,
2024-08-28,40.49541473388672,0.2406611556907964,0.24011585042488592,,,XLRE,不動産,rate_sensitive,,,,
2024-08-29,40.336421966552734,0.23882346622405295,0.23968505569127493,,,XLRE,不動産,rate_sensitive,,,,
2024-08-30,40.729217529296875,0.23929805020720044,0.2395560538632501,,,XLRE,不動産,rate_sensitive,,,,
2024-09-03,40.8227424621582,0.24296974047958966,0.24069394940202998,,,XLRE,不動産,rate_sensitive,,,,
2024-09-04,40.916259765625,0.24387752355022507,0.2417551407847617,,,XLRE,不動産,rate_sensitive,,,,
2024-09-05,40.80403518676758,0.2447048831381938,0.24273838823590577,,,XLRE,不動産,rate_sensitive,,,,
2024-09-06,40.80403518676758,0.24736082207021995,0.2442791995140105,,,XLRE,不動産,rate_sensitive,,,,
2024-09-09,41.29035568237305,0.247909151990947,0.24548918367298936,,,XLRE,不動産,rate_sensitive,,,,
2024-09-10,42.019832611083984,0.252142464737471,0.24770694402781657,,,XLRE,不動産,rate_sensitive,,,,
2024-09-11,41.90760040283203,0.2513521891186802,0.24892202572477112,,,XLRE,不動産,rate_sensitive,,,,
2024-09-12,41.982421875,0.2502467350075569,0.24936359548569975,,,XLRE,不動産,rate_sensitive,,,,
2024-09-13,42.28169250488281,0.24964008593972975,0.24945575897037645,,,XLRE,不動産,rate_sensitive,,,,
2024-09-16,42.42197799682617,0.24866386963424722,0.24919179585833337,,,XLRE,不動産,rate_sensitive,,,,
2024-09-17,42.08529281616211,0.2463270006944772,0.24823686413704799,,,XLRE,不動産,rate_sensitive,,,,
2024-09-18,41.96371841430664,0.24607540080146872,0.24751637635852158,,,XLRE,不動産,rate_sensitive,,,,
2024-09-19,41.86083984375,0.24288079382251962,0.24597118217985425,,,XLRE,不動産,rate_sensitive,,,,
2024-09-20,41.78602981567383,0.24333487737775583,0.24509241391248812,,,XLRE,不動産,rate_sensitive,,,,
2024-09-23,42.248443603515625,0.24477437664305643,0.24498640148934425,,,XLRE,不動産,rate_sensitive,,,,
2024-09-24,42.248443603515625,0.244416663165072,0.24479648871458684,,,XLRE,不動産,rate_sensitive,,,,
2024-09-25,42.069496154785156,0.24489557813814744,0.2448295185224404,,,XLRE,不動産,rate_sensitive,,,,
2024-09-26,41.65511703491211,0.24047047004281924,0.2433765023625667,,,XLRE,不動産,rate_sensitive,,,,
2024-09-27,41.71162414550781,0.23993541716404287,0.24222947396305877,,,XLRE,不動産,rate_sensitive,,,,
2024-09-30,42.069496154785156,0.24168329715037984,0.24204741502549915,,,XLRE,不動産,rate_sensitive,,,,
2024-10-01,41.815223693847656,0.24150311493260584,0.24186598166120138,,,XLRE,不動産,rate_sensitive,,,,
2024-10-02,41.66453170776367,0.24088964380529743,0.2415405357092334,,,XLRE,不動産,rate_sensitive,,,,
2024-10-03,41.25956726074219,0.23967922893828594,0.24092010011891757,,,XLRE,不動産,rate_sensitive,,,,
2024-10-04,40.9864501953125,0.23623935451602113,0.23935985158461878,,,XLRE,不動産,rate_sensitive,,,,
2024-10-07,40.685081481933594,0.2363420075944289,0.23835390358788883,,,XLRE,不動産,rate_sensitive,,,,
2024-10-08,40.80751419067383,0.23649260485646334,0.23773347067741368,,,XLRE,不動産,rate_sensitive,,,,
2024-10-09,40.82634353637695,0.2349875071545462,0.23681814950312452,,,XLRE,不動産,rate_sensitive,,,,
2024-10-10,40.487300872802734,0.23391248521724642,0.23584959474116518,,,XLRE,不動産,rate_sensitive,,,,
2024-10-11,40.90168762207031,0.23400791033901527,0.23523569994044857,,,XLRE,不動産,rate_sensitive,,,,
2024-10-14,41.184226989746094,0.23390808612096856,0.23479316200062192,,,XLRE,不動産,rate_sensitive,,,,
2024-10-15,41.70220184326172,0.23792653603465566,0.2358376200119665,,,XLRE,不動産,rate_sensitive,,,,
2024-10-16,42.11659240722656,0.23867665282851178,0.23678396428414827,,,XLRE,不動産,rate_sensitive,,,,
2024-10-17,41.843475341796875,0.23750813814418006,0.23702535557082555,,,XLRE,不動産,rate_sensitive,,,,
2024-10-18,42.13542938232422,0.23845519812923996,0.2375019697569637,,,XLRE,不動産,rate_sensitive,,,,
2024-10-21,41.26898193359375,0.23555929834682837,0.23685441262025195,,,XLRE,不動産,rate_sensitive,,,,
2024-10-22,41.33490753173828,0.23700021111016914,0.23690301211689102,,,XLRE,不動産,rate_sensitive,,,,
2024-10-23,41.7398796081543,0.24011137431585372,0.23797246618321194,,,XLRE,不動産,rate_sensitive,,,,
2024-10-24,41.834049224853516,0.24059927963337704,0.23884807066660033,,,XLRE,不動産,rate_sensitive,,,,
2024-10-25,41.50442886352539,0.23984274361830143,0.23917962831716738,,,XLRE,不動産,rate_sensitive,,,,
2024-10-28,41.63628005981445,0.2392479486803366,0.23920240177155713,,,XLRE,不動産,rate_sensitive,,,,
2024-10-29,41.25956726074219,0.2378002143202324,0.2387350059544489,99.38183389543069,,XLRE,不動産,rate_sensitive,,5.0,,
2024-10-30,41.41025161743164,0.23919106042815785,0.2388870241123519,99.41825096804872,,XLRE,不動産,rate_sensitive,,5.0,,
2024-10-31,40.685081481933594,0.23753519035732762,0.23843641286067715,99.30556397039159,,XLRE,不動産,rate_sensitive,,5.0,,
2024-11-01,40.251861572265625,0.23485934192632227,0.23724405588255887,99.0094126984579,,XLRE,不動産,rate_sensitive,,4.0,,
2024-11-04,40.703914642333984,0.2372145465384637,0.23723421943452716,99.03200160958995,,XLRE,不動産,rate_sensitive,,4.0,,
2024-11-05,41.25956726074219,0.23768044220729193,0.2373829603587821,99.0965182566391,,XLRE,不動産,rate_sensitive,,4.0,-1.0,
2024-11-06,40.15768051147461,0.22598277900968444,0.23358289990908288,98.19355634961316,,XLRE,不動産,rate_sensitive,,4.0,-1.0,
2024-11-07,40.65682601928711,0.22856672584241808,0.23191084188686129,97.89089268805466,,XLRE,不動産,rate_sensitive,,3.0,-2.0,
2024-11-08,41.353736877441406,0.23119656504650576,0.23167274960674278,97.94575530906899,,XLRE,不動産,rate_sensitive,,3.0,-1.0,
2024-11-11,40.99586486816406,0.22805614141474675,0.23046721354274413,97.79555858048364,,XLRE,不動産,rate_sensitive,,3.0,-1.0,
2024-11-12,40.47788619995117,0.2269038476572891,0.22927942491425915,97.67904284029258,,XLRE,不動産,rate_sensitive,,2.0,-2.0,-1.0
2024-11-13,40.798091888427734,0.22857433823353407,0.22904439602068416,97.7644601061231,,XLRE,不動産,rate_sensitive,,2.0,-2.0,-1.0
2024-11-14,40.43080139160156,0.22834372885136084,0.22881084029757642,97.8377393687567,,XLRE,不動産,rate_sensitive,,2.0,-1.0,1.0
2024-11-15,40.47788619995117,0.23025213121936924,0.22929127060484072,98.02663407034822,,XLRE,不動産,rate_sensitive,,3.0,0.0,1.0
2024-11-18,40.83576965332031,0.23135451349611869,0.22997901823526673,98.23000715735922,,XLRE,不動産,rate_sensitive,,3.0,0.0,1.0
2024-11-19,41.00528335571289,0.23294320386700026,0.23096708011251127,98.46462555212497,,XLRE,不動産,rate_sensitive,,3.0,1.0,3.0
2024-11-20,40.939361572265625,0.23178826369554018,0.23124080797352092,98.5595543629886,,XLRE,不動産,rate_sensitive,,4.0,2.0,4.0
2024-11-21,41.21247100830078,0.23043183287761435,0.23097114960821874,98.55851953466892,,XLRE,不動産,rate_sensitive,,4.0,2.0,3.0
2024-11-22,41.52326202392578,0.2303550681791344,0.2307657891318573,98.5707216968671,,XLRE,不動産,rate_sensitive,,3.0,0.0,0.0
2024-11-25,42.07892608642578,0.23134281091693876,0.23095812972688445,98.64947000246767,,XLRE,不動産,rate_sensitive,,4.0,1.0,1.0
2024-11-26,42.28611373901367,0.23245708843017007,0.23145778262797967,98.77423467350803,,XLRE,不動産,rate_sensitive,,4.0,1.0,0.0
2024-11-27,42.57806396484375,0.23428722560169268,0.23240093028588402,98.96370640267806,,XLRE,不動産,rate_sensitive,,4.0,0.0,-2.0
2024-11-29,42.380287170410156,0.2324904994733579,0.23243078668170866,98.99601681737494,,XLRE,不動産,rate_sensitive,,4.0,0.0,-2.0
2024-12-02,41.7398796081543,0.2295524110866306,0.23147132815001598,98.87034248730606,,XLRE,不動産,rate_sensitive,,3.0,0.0,0.0
2024-12-03,41.49501419067383,0.22922227938085596,0.23072164522696265,98.78645902505855,,XLRE,不動産,rate_sensitive,,3.0,-1.0,-2.0
2024-12-04,41.38199234008789,0.22858568201002924,0.23000965748798485,98.71410373267527,,XLRE,不動産,rate_sensitive,,4.0,0.0,-1.0
2024-12-05,41.278411865234375,0.2291573115894868,0.2297255421884855,98.71168302984297,,XLRE,不動産,rate_sensitive,,3.0,-1.0,-1.0
2024-12-06,41.221900939941406,0.22910304503550713,0.22951804313749274,98.71944689649702,,XLRE,不動産,rate_sensitive,,4.0,0.0,0.0
2024-12-09,41.30665588378906,0.23052016618122773,0.2298520841520711,98.80587297199696,,XLRE,不動産,rate_sensitive,,4.0,1.0,1.0
2024-12-10,40.63799285888672,0.22818661040365854,0.2292969262359336,98.74275592479084,,XLRE,不動産,rate_sensitive,,4.0,1.0,2.0
2024-12-11,40.534393310546875,0.22739404240486613,0.2286626316255778,98.66181343364954,,XLRE,不動産,rate_sensitive,,4.0,0.0,0.0
2024-12-12,40.50613784790039,0.228068352025656,0.22846453842560388,98.6491427854896,,XLRE,不動産,rate_sensitive,,4.0,1.0,2.0
2024-12-13,40.33662033081055,0.2279118871426522,0.22828032133128667,98.63549439870542,,XLRE,不動産,rate_sensitive,,4.0,0.0,0.0
2024-12-16,40.12942123413086,0.22749044792817938,0.2280170301969176,98.60882648325416,,XLRE,不動産,rate_sensitive,,5.0,1.0,0.0
2024-12-17,39.95048141479492,0.22827397518014692,0.2281026785246607,98.64545159893885,,XLRE,不動産,rate_sensitive,,5.0,1.0,0.0
2024-12-18,38.38711929321289,0.22602920248941905,0.22741151984624683,98.54327369428589,,XLRE,不動産,rate_sensitive,,4.0,0.0,0.0
2024-12-19,37.727874755859375,0.22288699275539342,0.2259033441492957,98.29401745009123,,XLRE,不動産,rate_sensitive,,3.0,-1.0,-2.0
2024-12-20,38.41537857055664,0.22381401051261396,0.22520689960373513,98.20432088468716,,XLRE,不動産,rate_sensitive,,3.0,-1.0,-1.0
2024-12-23,38.59053421020508,0.22452839895748522,0.22498073272165184,98.20451725751063,,XLRE,不動産,rate_sensitive,,3.0,-2.0,-3.0
2024-12-24,38.84754180908203,0.22433121271665096,0.22476422605331825,98.20173094539821,,XLRE,不動産,rate_sensitive,,3.0,-2.0,-3.0
2024-12-26,38.9046630859375,0.2242948494074738,0.22460776717137013,98.21942354843792,,XLRE,不動産,rate_sensitive,,3.0,-1.0,-1.0
2024-12-27,38.59053421020508,0.22400739496453315,0.22440764310242448,98.23394768960787,,XLRE,不動産,rate_sensitive,,3.0,0.0,1.0
2024-12-30,38.40966796875,0.22522647544906546,0.2246805872179715,98.33738487814344,,XLRE,不動産,rate_sensitive,,3.0,0.0,1.0
2024-12-31,38.71427917480469,0.2265980960315175,0.22531975682248684,98.50654095872638,,XLRE,不動産,rate_sensitive,,3.0,0.0,2.0
2025-01-02,38.35255432128906,0.22513611991576316,0.22525854452024563,98.5307358928591,,XLRE,不動産,rate_sensitive,,3.0,0.0,2.0
2025-01-03,38.87610626220703,0.2261385860385423,0.2255518916930112,98.62696697452306,,XLRE,不動産,rate_sensitive,,3.0,0.0,1.0
2025-01-06,38.34303665161133,0.22318969464343685,0.22476449267648646,98.50669211896295,,XLRE,不動産,rate_sensitive,,3.0,0.0,0.0
2025-01-07,38.05746078491211,0.22227165040594038,0.22393354525297113,98.3878379974658,,XLRE,不動産,rate_sensitive,,3.0,0.0,0.0
2025-01-08,38.21928405761719,0.2229501668250475,0.22360575244366326,98.37882806066588,,XLRE,不動産,rate_sensitive,,1.0,-2.0,-2.0
2025-01-10,37.29592514038086,0.2207911642189475,0.22266755636875804,98.25507132202627,,XLRE,不動産,rate_sensitive,,1.0,-2.0,-2.0
2025-01-13,37.77188491821289,0.22179098257949237,0.2223753651056695,98.26907064589561,,XLRE,不動産,rate_sensitive,,1.0,-2.0,-2.0
2025-01-14,38.095542907714844,0.22190017578666266,0.22221696866600055,98.30892609563351,,XLRE,不動産,rate_sensitive,,1.0,-2.0,-2.0
2025-01-15,38.25735855102539,0.22072424152388498,0.22171939295196202,98.28436543363358,,XLRE,不動産,rate_sensitive,,2.0,-1.0,-1.0
2025-01-16,39.114078521728516,0.22390375278822763,0.2224475128973839,98.48386314680408,,XLRE,不動産,rate_sensitive,,2.0,1.0,3.0
2025-01-17,39.10456466674805,0.22276757746949738,0.2225542010880884,98.55440276581774,,XLRE,不動産,rate_sensitive,,2.0,1.0,3.0
2025-01-21,39.818504333496094,0.2242316794011198,0.22311336052576553,98.70342288419508,,XLRE,不動産,rate_sensitive,,2.0,1.0,3.0
2025-01-22,39.123600006103516,0.22109536446398045,0.22244069517183718,98.61642397451455,,XLRE,不動産,rate_sensitive,,2.0,1.0,3.0
2025-01-23,39.4377326965332,0.2218194725302868,0.22223362095798707,98.6204076921661,,XLRE,不動産,rate_sensitive,,2.0,0.0,1.0
2025-01-24,39.55195999145508,0.22265734219480854,0.2223748613702609,98.68783649412416,,XLRE,不動産,rate_sensitive,,2.0,0.0,-1.0
2025-01-27,39.94224166870117,0.22470642028338203,0.22315204767463462,98.86860884294411,,XLRE,不動産,rate_sensitive,,2.0,0.0,-1.0
2025-01-28,39.45677185058594,0.22307652026926478,0.2231268718728447,98.88824424978573,,XLRE,不動産,rate_sensitive,,2.0,0.0,-1.0
2025-01-29,38.999855041503906,0.22122492345310352,0.2224928890662643,98.78246826451524,,XLRE,不動産,rate_sensitive,,2.0,0.0,-1.0
2025-01-30,39.51388168334961,0.22177348183309029,0.22225308665520632,98.75167612423012,,XLRE,不動産,rate_sensitive,,1.0,-1.0,-1.0
2025-01-31,39.42820739746094,0.22312410374677993,0.22254342568573088,98.83086226772183,,XLRE,不動産,rate_sensitive,,1.0,-1.0,-1.0
2025-02-03,39.361572265625,0.22397042715178658,0.2230190928410828,98.94807338310534,,XLRE,不動産,rate_sensitive,,1.0,-1.0,-1.0
2025-02-04,39.361572265625,0.2236973893588515,0.22324519168033904,99.01145421543076,,XLRE,不動産,rate_sensitive,,1.0,-1.0,-1.0
2025-02-05,39.98031997680664,0.2261112883557034,0.22420055723879384,99.25890134039868,,XLRE,不動産,rate_sensitive,,2.0,0.0,0.0
2025-02-06,40.09455108642578,0.2270578298996167,0.22515298145906815,99.52125353148602,101.59693357139646,XLRE,不動産,rate_sensitive,Improving,3.0,2.0,3.0
2025-02-07,39.95176315307617,0.2273665223590039,0.22589082842571342,99.74901009002814,101.81617168199547,XLRE,不動産,rate_sensitive,Improving,5.0,4.0,5.0
2025-02-10,40.00887680053711,0.22704905526468444,0.22627690403870376,99.8876941530422,101.83438718547366,XLRE,不動産,rate_sensitive,Improving,5.0,4.0,5.0
2025-02-11,40.227813720703125,0.22826621421578572,0.22694000743106443,100.10651751784177,102.15490678506394,XLRE,不動産,rate_sensitive,Leading,5.0,4.0,5.0
2025-02-12,39.885128021240234,0.2276441380482749,0.22717471763680128,100.2014732322913,101.80511267834363,XLRE,不動産,rate_sensitive,Leading,5.0,3.0,3.0
2025-02-13,40.19926452636719,0.22746243177419556,0.22727062234926604,100.2488243230376,101.34859004415948,XLRE,不動産,rate_sensitive,Leading,4.0,1.0,-1.0
2025-02-14,40.037437438964844,0.22677193725111008,0.22710439398321408,100.2095979251077,100.74117745297433,XLRE,不動産,rate_sensitive,Leading,4.0,-1.0,-5.0
2025-02-18,40.18022537231445,0.22584704932353128,0.22668527909665317,100.09220393839746,100.0466478120647,XLRE,不動産,rate_sensitive,Leading,4.0,-1.0,-5.0
2025-02-19,40.256378173828125,0.22581720053954918,0.2263959195776185,100.01432392229775,99.25734849392114,XLRE,不動産,rate_sensitive,Weakening,3.0,-2.0,-6.0
2025-02-20,40.532432556152344,0.2279391839188501,0.2269103410246957,100.18783874122322,99.47162523632427,XLRE,不動産,rate_sensitive,Weakening,3.0,-2.0,-5.0
2025-02-21,40.19926452636719,0.22928397403193737,0.22770155202710962,100.45185338674911,100.05820278956602,XLRE,不動産,rate_sensitive,Leading,5.0,1.0,0.0
2025-02-24,40.380123138427734,0.2301235467012183,0.22850888358514587,100.73033055269507,100.93151745070757,XLRE,不動産,rate_sensitive,Leading,6.0,2.0,3.0
2025-02-25,40.8084831237793,0.23233240235596636,0.22978338984208604,101.15962284672752,102.34523561554548,XLRE,不動産,rate_sensitive,Leading,6.0,2.0,3.0
2025-02-26,40.608577728271484,0.23168297071799926,0.23041658346739047,101.37401821352603,102.91738839317954,XLRE,不動産,rate_sensitive,Leading,8.0,5.0,7.0
2025-02-27,40.78944778442383,0.23476516389746158,0.2318661102774142,101.82374264732083,103.25955422973246,XLRE,不動産,rate_sensitive,Leading,9.0,6.0,8.0
2025-02-28,41.07501983642578,0.2338109219249661,0.23251438082659817,101.99666412667855,102.81389881679598,XLRE,不動産,rate_sensitive,Leading,9.0,4.0,3.0
2025-03-03,41.42723083496094,0.23835569054210837,0.2344614840651016,102.52023819499561,103.03032138135328,XLRE,不動産,rate_sensitive,Leading,11.0,5.0,3.0
2025-03-04,40.951271057128906,0.23948639568661112,0.23613645460560478,102.88998131848703,102.69710813551961,XLRE,不動産,rate_sensitive,Leading,11.0,5.0,3.0
2025-03-05,41.332035064697266,0.2394873260939642,0.23725341176839126,103.02834762471478,102.40071772008491,XLRE,不動産,rate_sensitive,Leading,11.0,3.0,-2.0
2025-03-06,40.19926452636719,0.2355317767756908,0.2366795334374911,102.71223119008305,101.0271249158861,XLRE,不動産,rate_sensitive,Leading,10.0,1.0,-5.0
2025-03-07,40.4277229309082,0.23467176817950924,0.23601027835149715,102.41346700767193,100.1963206202208,XLRE,不動産,rate_sensitive,Leading,10.0,1.0,-3.0
2025-03-10,40.037437438964844,0.2357282704559847,0.2359162757196597,102.27693345104203,99.05293489435958,XLRE,不動産,rate_sensitive,Weakening,9.0,-2.0,-7.0
2025-03-11,39.61859893798828,0.23641080033936807,0.2360811172595625,102.20928446534197,98.33078442336536,XLRE,不動産,rate_sensitive,Weakening,9.0,-2.0,-7.0
2025-03-12,39.47581481933594,0.23667412587438177,0.2362787867978356,102.1518810884493,98.0591175947944,XLRE,不動産,rate_sensitive,Weakening,9.0,-2.0,-5.0
2025-03-13,38.70475769042969,0.2342974899353098,0.23561835451032703,101.92553550340331,98.26754649013652,XLRE,不動産,rate_sensitive,Weakening,8.0,-2.0,-3.0
2025-03-14,39.45677185058594,0.23438152327745593,0.23520607743270333,101.76932075677843,98.53899159416194,XLRE,不動産,rate_sensitive,Weakening,9.0,-1.0,-2.0
2025-03-17,40.15166473388672,0.23533354994133607,0.23524856826891427,101.71464124410419,98.69929595206048,XLRE,不動産,rate_sensitive,Weakening,9.0,0.0,2.0
2025-03-18,39.904170989990234,0.2351055991181067,0.23520091188531175,101.6450293507189,98.72350656070323,XLRE,不動産,rate_sensitive,Weakening,8.0,-1.0,1.0
2025-03-19,39.95176315307617,0.23365451459382086,0.23468544612148148,101.48929174468513,98.60312906377764,XLRE,不動産,rate_sensitive,Weakening,8.0,-1.0,1.0
2025-03-20,39.904170989990234,0.23435170628088728,0.23457419950795008,101.42134591552616,98.86403982801068,XLRE,不動産,rate_sensitive,Weakening,8.0,0.0,2.0
2025-03-21,39.51388168334961,0.23312750731319373,0.23409196877636465,101.28762109196647,98.91628744893872,XLRE,不動産,rate_sensitive,Weakening,8.0,-1.0,0.0
2025-03-24,40.06378173828125,0.23276488284097233,0.23364960679790056,101.16705871288536,98.83649357157749,XLRE,不動産,rate_sensitive,Weakening,8.0,-1.0,-1.0
2025-03-25,39.584774017333984,0.23053300166984014,0.23261073842188043,100.93669133519806,98.61514068186564,XLRE,不動産,rate_sensitive,Weakening,7.0,-1.0,0.0
2025-03-26,39.78595733642578,0.2321417363003957,0.23245440438138554,100.88004415534027,98.77371916654322,XLRE,不動産,rate_sensitive,Weakening,7.0,-1.0,0.0
2025-03-27,39.69015884399414,0.23218001046675235,0.23236293974317448,100.83696807246581,98.82045821310292,XLRE,不動産,rate_sensitive,Weakening,6.0,-2.0,-2.0
2025-03-28,39.670997619628906,0.23570156176807278,0.23347581375147392,101.01999643042666,99.28421885371381,XLRE,不動産,rate_sensitive,Weakening,6.0,-2.0,-1.0
2025-03-31,40.09252166748047,0.236239632892641,0.2343970867985296,101.1588699961352,99.66199431587658,XLRE,不動産,rate_sensitive,Weakening,7.0,-1.0,0.0
2025-04-01,40.12126159667969,0.23616358293560133,0.2349859188442202,101.22946194770158,100.10429219062368,XLRE,不動産,rate_sensitive,Leading,7.0,0.0,1.0
2025-04-02,40.312862396240234,0.2353237302224097,0.23509852263695008,101.20994055372863,100.15525347120278,XLRE,不動産,rate_sensitive,Leading,8.0,1.0,2.0
2025-04-03,39.105777740478516,0.23969610334732724,0.23663104954040914,101.44370853592233,100.56157956377473,XLRE,不動産,rate_sensitive,Leading,8.0,2.0,4.0
2025-04-04,37.323883056640625,0.2423829784198055,0.2385483591668746,101.72284403170943,100.69377790782073,XLRE,不動産,rate_sensitive,Leading,9.0,3.0,5.0
2025-04-07,36.42335891723633,0.23852287146996998,0.2385398632679064,101.65130934178275,100.37810806415588,XLRE,不動産,rate_sensitive,Leading,9.0,2.0,3.0
2025-04-08,35.52283477783203,0.23709778459505948,0.23805917037695745,101.50743321051591,100.05872368936969,XLRE,不動産,rate_sensitive,Leading,8.0,1.0,1.0
2025-04-09,37.56338882446289,0.23215200458088608,0.23609011511160033,101.1249960696985,99.52227319425306,XLRE,不動産,rate_sensitive,Weakening,8.0,0.0,-1.0
2025-04-10,36.76824188232422,0.2351540691966612,0.23577809980662065,101.03698937963699,99.05515216072463,XLRE,不動産,rate_sensitive,Weakening,8.0,0.0,-2.0
2025-04-11,37.285560607910156,0.234900831149555,0.23548567692093214,100.95551304821042,98.55192130277194,XLRE,不動産,rate_sensitive,Weakening,6.0,-3.0,-6.0
2025-04-14,38.10944747924805,0.23706261948449237,0.2360113244421189,101.01672945139917,98.76066756376804,XLRE,不動産,rate_sensitive,Weakening,6.0,-3.0,-5.0
2025-04-15,38.16693115234375,0.23818954810884027,0.2367373989976927,101.11207576660003,99.11529451756554,XLRE,不動産,rate_sensitive,Weakening,7.0,-1.0,-2.0
2025-04-16,38.14777374267578,0.2411663815336027,0.23821372650966272,101.33642690507617,99.98525744727672,XLRE,不動産,rate_sensitive,Weakening,7.0,-1.0,-1.0
2025-04-17,38.751312255859375,0.24317456773084173,0.23986734025005574,101.57999928101395,100.45471948497183,XLRE,不動産,rate_sensitive,Leading,8.0,0.0,0.0
2025-04-21,37.94658660888672,0.24301001182281778,0.24091489744097644,101.70659585420377,100.74193688588574,XLRE,不動産,rate_sensitive,Leading,9.0,3.0,6.0
2025-04-22,38.72257614135742,0.24201229266850563,0.24128069585015285,101.70902783945517,100.64959071200495,XLRE,不動産,rate_sensitive,Leading,9.0,3.0,6.0
2025-04-23,38.77047348022461,0.23998993423105724,0.24085044197712102,101.58300035622962,100.32778704336837,XLRE,不動産,rate_sensitive,Leading,9.0,2.0,3.0
2025-04-24,38.885433197021484,0.2366967457672646,0.23946587657383556,101.30296574198448,99.6130780283752,XLRE,不動産,rate_sensitive,Weakening,8.0,1.0,2.0
2025-04-25,38.82795333862305,0.23668563032347137,0.23853912782371417,101.10844612602013,99.00874063719534,XLRE,不動産,rate_sensitive,Weakening,7.0,-1.0,-1.0
2025-04-28,39.06745910644531,0.23747902380313707,0.23818575981685514,101.01633606884855,98.73720254367049,XLRE,不動産,rate_sensitive,Weakening,7.0,-2.0,-5.0
2025-04-29,39.38359832763672,0.23801168884198615,0.23812773615856547,100.97939099464269,98.71985663251877,XLRE,不動産,rate_sensitive,Weakening,7.0,-2.0,-5.0
2025-04-30,39.56562042236328,0.23877244247645654,0.23834263826452917,100.99651191508387,98.94425619508785,XLRE,不動産,rate_sensitive,Weakening,8.0,-1.0,-3.0
2025-05-01,39.68057632446289,0.23979225584910044,0.23882584412605296,101.06876428276323,99.43672788318995,XLRE,不動産,rate_sensitive,Weakening,8.0,0.0,-1.0
2025-05-02,40.169158935546875,0.2385363896014203,0.23872935928450875,101.03014582717442,99.655093751303,XLRE,不動産,rate_sensitive,Weakening,8.0,1.0,2.0
2025-05-05,40.12126159667969,0.23904463494692746,0.23883445117198165,101.03270149673509,99.78586659437606,XLRE,不動産,rate_sensitive,Weakening,9.0,2.0,4.0
2025-05-06,39.843441009521484,0.23916230171320377,0.23894373468572236,101.03867845483306,99.84591232584707,XLRE,不動産,rate_sensitive,Weakening,8.0,1.0,3.0
2025-05-07,39.81470489501953,0.23742608234518647,0.23843785057221042,100.9089518411423,99.65740803692755,XLRE,不動産,rate_sensitive,Weakening,8.0,0.0,1.0
2025-05-08,39.623104095458984,0.23431229352374236,0.23706266488938774,100.57459782624923,99.12970129820654,XLRE,不動産,rate_sensitive,Weakening,8.0,0.0,0.0
2025-05-09,39.86259460449219,0.23578318382276822,0.23663617120051458,100.44965477255514,99.04266922155595,XLRE,不動産,rate_sensitive,Weakening,8.0,0.0,-1.0
2025-05-12,39.90092086791992,0.2297136128862913,0.23432865176244017,99.85443693134827,98.29489968254514,XLRE,不動産,rate_sensitive,Lagging,5.0,-4.0,-6.0
2025-05-13,39.364437103271484,0.22611487089663063,0.23159072480717033,99.12439254018308,97.46968398993745,XLRE,不動産,rate_sensitive,Lagging,4.0,-4.0,-5.0
2025-05-14,39.029136657714844,0.22554698028506878,0.22957614329980316,98.56972299856517,97.16041857407652,XLRE,不動産,rate_sensitive,Lagging,3.0,-5.0,-5.0
2025-05-15,39.747642517089844,0.22762435684949336,0.2289255478163666,98.37094419169415,97.50326612504003,XLRE,不動産,rate_sensitive,Lagging,3.0,-5.0,-5.0
2025-05-16,40.24580383300781,0.2282363288546193,0.22869580816245083,98.28054824955706,97.69261156466678,XLRE,不動産,rate_sensitive,Lagging,3.0,-5.0,-5.0
2025-05-19,40.33201599121094,0.2287506791471072,0.22871409849066962,98.24567442725348,98.38447120861997,XLRE,不動産,rate_sensitive,Lagging,3.0,-2.0,2.0
2025-05-20,40.12126159667969,0.22815112852675457,0.2285264418360313,98.14774715955973,99.09705500865006,XLRE,不動産,rate_sensitive,Lagging,3.0,-1.0,3.0
2025-05-21,39.05787658691406,0.22704996054096444,0.22803428140434237,97.9827119643516,99.53088376199086,XLRE,不動産,rate_sensitive,Lagging,2.0,-1.0,4.0
2025-05-22,38.92375183105469,0.22699419804457524,0.22768758695108668,97.88484963125406,99.65208511443356,XLRE,不動産,rate_sensitive,Lagging,2.0,-1.0,4.0
2025-05-23,38.9333381652832,0.2279617667431651,0.22777898021511284,97.92768347555915,99.81081531172703,XLRE,不動産,rate_sensitive,Lagging,2.0,-1.0,4.0
2025-05-27,39.575199127197266,0.2274791617056901,0.22767904071197193,97.94400037490743,99.88855671415845,XLRE,不動産,rate_sensitive,Lagging,2.0,-1.0,1.0
2025-05-28,39.575199127197266,0.22943004914133583,0.2282627101884266,98.14313703358772,100.24701988268778,XLRE,不動産,rate_sensitive,Improving,2.0,-1.0,0.0
2025-05-29,39.93924331665039,0.2309764374684967,0.22916728594844998,98.42428619413127,100.79975895500542,XLRE,不動産,rate_sensitive,Improving,2.0,0.0,1.0
2025-05-30,39.977561950683594,0.2312897644259842,0.22987477877429474,98.64142622129307,101.21314502289292,XLRE,不動産,rate_sensitive,Improving,3.0,1.0,2.0
2025-06-02,40.035037994384766,0.2314386345018131,0.23039606401680088,98.81080273891754,101.43136508465429,XLRE,不動産,rate_sensitive,Improving,3.0,1.0,2.0
2025-06-03,39.89133834838867,0.22870391082369823,0.22983201295243333,98.706065086724,101.35055595727881,XLRE,不動産,rate_sensitive,Improving,3.0,1.0,2.0
2025-06-04,40.0158805847168,0.229934525389298,0.22986618376472157,98.75724409663897,101.23095556885022,XLRE,不動産,rate_sensitive,Improving,3.0,1.0,2.0
2025-06-05,40.00630569458008,0.23050232009790303,0.23007822920911541,98.84880828986587,100.99875027580605,XLRE,不動産,rate_sensitive,Improving,3.0,1.0,1.0
2025-06-06,40.12126159667969,0.22918535769052117,0.22978060536958403,98.81102217458154,100.6593240524454,XLRE,不動産,rate_sensitive,Improving,3.0,0.0,-1.0
2025-06-09,40.10209655761719,0.22903743102530363,0.22953288058815724,98.78778387057866,100.39015273788718,XLRE,不動産,rate_sensitive,Improving,3.0,0.0,-1.0
2025-06-10,40.456565856933594,0.22991698362296814,0.22966091493309423,98.85582504321954,100.60802568111025,XLRE,不動産,rate_sensitive,Improving,2.0,-1.0,-2.0
2025-06-11,40.2362174987793,0.22931584167008867,0.2295458905120924,98.86379420742422,100.52914424693276,XLRE,不動産,rate_sensitive,Improving,2.0,-1.0,-2.0
2025-06-12,40.456565856933594,0.23003224090002095,0.22970800730806862,98.93529698887966,100.48362309390079,XLRE,不動産,rate_sensitive,Improving,2.0,-1.0,-2.0
2025-06-13,40.13084030151367,0.23097213077797038,0.23012938179803588,99.06318356124441,100.69056028827369,XLRE,不動産,rate_sensitive,Improving,4.0,1.0,1.0
2025-06-16,40.169158935546875,0.2289847962555593,0.22974785328387703,98.99994210316524,100.61780291864515,XLRE,不動産,rate_sensitive,Improving,3.0,0.0,0.0
2025-06-17,40.00630569458008,0.23026837779758363,0.22992136145511258,99.06742460528658,100.59937755842134,XLRE,不動産,rate_sensitive,Improving,4.0,2.0,3.0
2025-06-18,40.082942962646484,0.23068343221195567,0.23017538504072696,99.14952316763096,100.6795850478084,XLRE,不動産,rate_sensitive,Improving,4.0,2.0,3.0
2025-06-20,40.073368072509766,0.23025187226349686,0.23020088078165027,99.17630413096487,100.6013061861715,XLRE,不動産,rate_sensitive,Improving,4.0,2.0,3.0
2025-06-23,40.65819549560547,0.23156776713207472,0.2306565095651251,99.29887381202327,100.57763371535364,XLRE,不動産,rate_sensitive,Improving,6.0,2.0,1.0
2025-06-24,40.851524353027344,0.2304865842764883,0.23059986780224617,99.2997789735216,100.64574723751099,XLRE,不動産,rate_sensitive,Improving,6.0,3.0,3.0
2025-06-25,39.855857849121094,0.2265031648519631,0.22923430015215185,99.00201634976807,100.13561324417059,XLRE,不動産,rate_sensitive,Improving,4.0,0.0,-2.0
2025-06-26,39.60452651977539,0.22338894957572386,0.2272858499600092,98.59331675581534,99.4637069411105,XLRE,不動産,rate_sensitive,Lagging,1.0,-3.0,-5.0
2025-06-27,39.7495231628418,0.22338873721561833,0.2259868123785456,98.35756517994366,99.11329886476658,XLRE,不動産,rate_sensitive,Lagging,1.0,-3.0,-5.0
2025-06-30,40.03952407836914,0.22396611680944484,0.22531324718884535,98.27982412215682,98.8686586396366,XLRE,不動産,rate_sensitive,Lagging,1.0,-5.0,-7.0
2025-07-01,40.31019592285156,0.2228681351434643,0.22449820984038502,98.18698740123021,98.78056138273736,XLRE,不動産,rate_sensitive,Lagging,1.0,-5.0,-8.0
2025-07-02,40.38752746582031,0.2227867754649098,0.22392773171522662,98.15480256079684,99.16024869853695,XLRE,不動産,rate_sensitive,Lagging,2.0,-2.0,-2.0
2025-07-03,40.406864166259766,0.22182219339168446,0.22322588560737924,98.10446130346502,99.65245181412473,XLRE,不動産,rate_sensitive,Lagging,2.0,1.0,4.0
2025-07-07,40.09752655029297,0.2218974751041752,0.22278308210631126,98.1082066649448,99.98969906961341,XLRE,不動産,rate_sensitive,Lagging,1.0,0.0,3.0
2025-07-08,40.03952407836914,0.22102302748697947,0.22219639723320067,98.08242363477615,100.07997769978336,XLRE,不動産,rate_sensitive,Improving,2.0,1.0,6.0
2025-07-09,40.020198822021484,0.22025851676496333,0.22155043707712158,98.05028587219019,100.17793405066497,XLRE,不動産,rate_sensitive,Improving,1.0,0.0,5.0
2025-07-10,40.22319030761719,0.2201007127207631,0.2210671956250021,98.05233719580538,100.23433822273563,XLRE,不動産,rate_sensitive,Improving,1.0,-1.0,1.0
2025-07-11,40.18452453613281,0.2215107406760371,0.2212150439753471,98.16543269033524,100.45648360570003,XLRE,不動産,rate_sensitive,Improving,2.0,0.0,-1.0
2025-07-14,40.455196380615234,0.22277321876574943,0.2217344355721479,98.32949233804342,100.66183368525179,XLRE,不動産,rate_sensitive,Improving,1.0,0.0,0.0
2025-07-15,39.93319320678711,0.22299095387007986,0.2221532750047919,98.46372166239406,100.85518028728818,XLRE,不動産,rate_sensitive,Improving,2.0,0.0,-1.0
2025-07-16,40.36819839477539,0.2245443644341017,0.22295030481456185,98.64980990121444,101.11897207079426,XLRE,不動産,rate_sensitive,Improving,3.0,2.0,2.0
2025-07-17,40.329532623291016,0.22251516563598012,0.2228052584217013,98.67109703218756,101.11231002182409,XLRE,不動産,rate_sensitive,Improving,2.0,1.0,2.0
2025-07-18,40.44552993774414,0.22323999123425525,0.2229501693592193,98.73617604337133,101.0333915653134,XLRE,不動産,rate_sensitive,Improving,2.0,0.0,0.0
2025-07-21,40.60019302368164,0.2248627954363431,0.22358771138492725,98.8760767660565,101.00085159877743,XLRE,不動産,rate_sensitive,Improving,3.0,2.0,2.0
2025-07-22,41.30586242675781,0.225891335511453,0.22435558609376918,99.03322878343228,101.04017002211698,XLRE,不動産,rate_sensitive,Improving,5.0,3.0,3.0
2025-07-23,41.42186737060547,0.2246645268575071,0.2244585663483485,99.07338691868323,100.85454643944436,XLRE,不動産,rate_sensitive,Improving,5.0,2.0,0.0
2025-07-24,41.363868713378906,0.22507042732970617,0.22466252000880105,99.1318873533132,100.90536129670609,XLRE,不動産,rate_sensitive,Improving,5.0,3.0,2.0
2025-07-25,41.363868713378906,0.22399141489049648,0.22443881830269952,99.11376740959673,100.78022070229399,XLRE,不動産,rate_sensitive,Improving,5.0,3.0,3.0
2025-07-28,40.64853286743164,0.22142702420813395,0.22343488693784436,98.94849163178296,100.35695599115807,XLRE,不動産,rate_sensitive,Improving,4.0,1.0,-1.0
2025-07-29,41.325199127197266,0.22522168211546806,0.2240304853303856,99.08920867838665,100.31972632274666,XLRE,不動産,rate_sensitive,Improving,4.0,-1.0,-4.0
2025-07-30,40.74519729614258,0.223510536465013,0.2238571690419281,99.07861820019788,100.2362579733324,XLRE,不動産,rate_sensitive,Improving,5.0,0.0,-2.0
2025-07-31,40.02985763549805,0.221607431334049,0.22310725647263507,98.94851192285418,99.97130020455437,XLRE,不動産,rate_sensitive,Lagging,4.0,-1.0,-4.0
2025-08-01,39.91386413574219,0.22348454751512015,0.22323302015346344,98.99262584300689,100.05361674624591,XLRE,不動産,rate_sensitive,Improving,5.0,0.0,-3.0
2025-08-04,40.252193450927734,0.2226564155119987,0.22304081860630853,98.96612189710662,100.24046040252753,XLRE,不動産,rate_sensitive,Improving,5.0,1.0,0.0
2025-08-05,40.38752746582031,0.22402670610185776,0.22336944777149162,99.05132073248839,100.1660853328352,XLRE,不動産,rate_sensitive,Improving,5.0,1.0,2.0
2025-08-06,40.0491943359375,0.22264808353502177,0.22312899302600167,98.99911301195019,100.11248075897998,XLRE,不動産,rate_sensitive,Improving,4.0,-1.0,-1.0
2025-08-07,40.203861236572266,0.22364247848604207,0.22330015484601518,99.04429262879371,100.34705891084278,XLRE,不動産,rate_sensitive,Improving,5.0,1.0,2.0
2025-08-08,39.87519454956055,0.2214144020060702,0.22267157056603354,98.8808622699184,100.05633002997311,XLRE,不動産,rate_sensitive,Improving,4.0,-1.0,-1.0
2025-08-11,39.6431884765625,0.2207289403387122,0.22202402715692643,98.69686796769271,99.83439315383464,XLRE,不動産,rate_sensitive,Lagging,4.0,-1.0,-2.0
2025-08-12,39.71086120605469,0.2183314486712944,0.22079316766171578,98.35926786356966,99.23687391948935,XLRE,不動産,rate_sensitive,Lagging,2.0,-3.0,-4.0
2025-08-13,39.97185516357422,0.21667275567011393,0.21941969699784852,98.02546742409966,98.77928566914446,XLRE,不動産,rate_sensitive,Lagging,1.0,-3.0,-2.0
2025-08-14,39.691524505615234,0.21656197352326761,0.21846712250632155,97.858860014064,98.33915895095883,XLRE,不動産,rate_sensitive,Lagging,1.0,-4.0,-5.0
2025-08-15,39.95252990722656,0.2185255684101475,0.21848660447426355,97.97101642429999,98.62905874465511,XLRE,不動産,rate_sensitive,Lagging,1.0,-3.0,-2.0
2025-08-18,39.575523376464844,0.21651006630732772,0.2178277584186183,97.90154084559524,98.66236230818143,XLRE,不動産,rate_sensitive,Lagging,1.0,-3.0,-2.0
2025-08-19,40.281192779541016,0.21934369340868387,0.2183330700819735,98.12838861569327,99.63126967329818,XLRE,不動産,rate_sensitive,Lagging,1.0,-1.0,2.0
2025-08-20,40.43586730957031,0.2203866406028769,0.21901759358894132,98.37737395858542,100.75092243065238,XLRE,不動産,rate_sensitive,Improving,1.0,0.0,3.0
2025-08-21,40.29085922241211,0.22036424211358585,0.21946647643048953,98.54965603633528,101.38371445460041,XLRE,不動産,rate_sensitive,Improving,1.0,0.0,4.0
2025-08-22,40.92886734008789,0.2195772372724793,0.21950339671115282,98.61004750201059,101.23838236531412,XLRE,不動産,rate_sensitive,Improving,1.0,0.0,3.0
2025-08-25,40.72586441040039,0.22017296751599155,0.21972658697943243,98.71196938446198,101.51974743554979,XLRE,不動産,rate_sensitive,Improving,1.0,0.0,3.0
2025-08-26,40.60986328125,0.21939415772277232,0.2196157772272124,98.72796992579451,101.07223497768152,XLRE,不動産,rate_sensitive,Improving,2.0,1.0,2.0
2025-08-27,40.78385925292969,0.21954079135390023,0.21959078193610837,98.76373030716387,100.64273587389798,XLRE,不動産,rate_sensitive,Improving,2.0,1.0,1.0
2025-08-28,40.677528381347656,0.21907281199196205,0.2194181252880596,98.76145145166943,100.31215198016513,XLRE,不動産,rate_sensitive,Improving,2.0,1.0,1.0
2025-08-29,40.89986801147461,0.22043372934554611,0.21975665997388846,98.87996972480745,100.44671503890079,XLRE,不動産,rate_sensitive,Improving,2.0,1.0,1.0
2025-09-02,40.203861236572266,0.21840785183944852,0.2193070572624085,98.80208099663984,100.11893662954667,XLRE,不動産,rate_sensitive,Improving,2.0,1.0,1.0
2025-09-03,40.09752655029297,0.21816829990666647,0.21892747147716118,98.74430755608513,99.99357516162124,XLRE,不動産,rate_sensitive,Lagging,2.0,0.0,-1.0
2025-09-04,40.36819839477539,0.21803062055940778,0.2186285211712434,98.70699247109431,99.86334828252464,XLRE,不動産,rate_sensitive,Lagging,2.0,0.0,-1.0
2025-09-05,40.77419662475586,0.21996634294307738,0.21907446176185474,98.85228640533296,100.18312947412731,XLRE,不動産,rate_sensitive,Improving,3.0,1.0,0.0
2025-09-08,40.50352478027344,0.21868022688234495,0.21894305013535148,98.85050011632303,99.93739727636635,XLRE,不動産,rate_sensitive,Lagging,4.0,2.0,1.0
2025-09-09,40.484195709228516,0.21925120863368922,0.2190457696347974,98.90781361563201,100.21684244701206,XLRE,不動産,rate_sensitive,Improving,4.0,2.0,1.0
2025-09-10,40.46485900878906,0.21936851864612347,0.21915335263857277,98.96415439994882,100.45355692529083,XLRE,不動産,rate_sensitive,Improving,3.0,1.0,1.0
2025-09-11,41.12220001220703,0.21964078297214237,0.21931582941642933,99.03394437575238,100.66856467488375,XLRE,不動産,rate_sensitive,Improving,4.0,2.0,2.0
2025-09-12,40.93852996826172,0.22024510813154613,0.21962558898813495,99.14213461251624,100.58278989385326,XLRE,不動産,rate_sensitive,Improving,3.0,0.0,-1.0
2025-09-15,40.890193939208984,0.22036991884292995,0.2198736989397333,99.23280773863688,100.76905216802018,XLRE,不動産,rate_sensitive,Improving,3.0,-1.0,-3.0
2025-09-16,40.64853286743164,0.2196497672849315,0.21979905505479938,99.23288432345922,100.6450660593827,XLRE,不動産,rate_sensitive,Improving,4.0,0.0,-2.0
2025-09-17,40.62919616699219,0.2193354042726282,0.21964450479407566,99.20617557773909,100.47158171544297,XLRE,不動産,rate_sensitive,Improving,4.0,1.0,0.0
2025-09-18,40.65819549560547,0.21806758880713575,0.21911886613176237,99.05736178775975,100.02703398761437,XLRE,不動産,rate_sensitive,Improving,4.0,0.0,-2.0
2025-09-19,40.455196380615234,0.21735726477648354,0.21853166568000276,98.8735794311525,99.43730689492247,XLRE,不動産,rate_sensitive,Lagging,3.0,0.0,0.0
2025-09-22,40.58863830566406,0.2179700756859376,0.2183444690153144,98.79917211844977,99.12038209479643,XLRE,不動産,rate_sensitive,Lagging,3.0,0.0,1.0
2025-09-23,40.910072326660156,0.21942846250691883,0.21870580017918256,98.91033204533208,99.3704884853403,XLRE,不動産,rate_sensitive,Lagging,3.0,-1.0,-1.0
2025-09-24,40.491233825683594,0.21768953726052792,0.21836704587296435,98.76120046935826,99.13503579833115,XLRE,不動産,rate_sensitive,Lagging,3.0,-1.0,-2.0
2025-09-25,40.393829345703125,0.21896861707618562,0.21856756960737145,98.85460314283578,99.61811006998042,XLRE,不動産,rate_sensitive,Lagging,3.0,-1.0,-1.0
2025-09-26,40.793190002441406,0.2189640126083027,0.21869971727434856,98.93331637176101,100.1366109283962,XLRE,不動産,rate_sensitive,Improving,3.0,0.0,0.0
2025-09-29,40.87111282348633,0.2186517720599964,0.2186837355362312,98.95042610072636,100.30287658965798,XLRE,不動産,rate_sensitive,Improving,3.0,0.0,0.0
2025-09-30,41.036705017089844,0.21895900535555232,0.21877549214267158,99.02071317507529,100.1791741023764,XLRE,不動産,rate_sensitive,Improving,3.0,0.0,1.0
2025-10-01,41.036705017089844,0.2184638120824625,0.21867159878926856,99.00188230885968,100.45729877939189,XLRE,不動産,rate_sensitive,Improving,3.0,0.0,1.0
2025-10-02,40.82241439819336,0.21680987007880428,0.21805102255244715,98.74802244069498,99.60219063894867,XLRE,不動産,rate_sensitive,Lagging,4.0,1.0,2.0
2025-10-03,40.987998962402344,0.21692665206539416,0.21767623239009617,98.6192816960107,99.10107243885128,XLRE,不動産,rate_sensitive,Lagging,4.0,1.0,1.0
2025-10-06,40.57889938354492,0.2148289331986865,0.2167271326596263,98.25047785184793,98.22416717263506,XLRE,不動産,rate_sensitive,Lagging,4.0,1.0,1.0
2025-10-07,40.4522705078125,0.21510359793928696,0.2161859544195132,98.09577524935037,97.80768025536979,XLRE,不動産,rate_sensitive,Lagging,4.0,1.0,1.0
2025-10-08,40.24772262573242,0.21332110750760486,0.21523100544887708,97.80061413710891,97.37613593143445,XLRE,不動産,rate_sensitive,Lagging,2.0,-1.0,-1.0
2025-10-09,40.062652587890625,0.21411166459585593,0.21485789183120335,97.77674410584223,97.97769092066498,XLRE,不動産,rate_sensitive,Lagging,2.0,-2.0,-3.0
2025-10-10,39.624332427978516,0.2166538003056223,0.21545652798934303,98.11631513967802,98.9823189201274,XLRE,不動産,rate_sensitive,Lagging,3.0,-1.0,-2.0
2025-10-13,39.84836196899414,0.2157805871507419,0.21556454770980932,98.2386351901319,100.00946155758905,XLRE,不動産,rate_sensitive,Improving,3.0,-1.0,-2.0
2025-10-14,40.22824478149414,0.21604615363182972,0.21572508301714946,98.3658737355041,100.6120845877209,XLRE,不動産,rate_sensitive,Improving,1.0,-3.0,-4.0
2025-10-15,40.81267166137695,0.21874376663508496,0.21673131088979464,98.79698622076444,102.07780421312572,XLRE,不動産,rate_sensitive,Improving,3.0,1.0,2.0
2025-10-16,40.6860466003418,0.2201517886048033,0.21787147012813085,99.2657346442797,102.87840985335262,XLRE,不動産,rate_sensitive,Improving,5.0,3.0,5.0
2025-10-17,40.949039459228516,0.22045525827484672,0.21873273284370282,99.62668450949047,102.73270259816174,XLRE,不動産,rate_sensitive,Improving,6.0,3.0,4.0
2025-10-20,41.377620697021484,0.22055713674658584,0.21934086747799716,99.89792757307129,102.799335810846,XLRE,不動産,rate_sensitive,Improving,6.0,3.0,4.0
2025-10-21,41.25099563598633,0.21887934965410683,0.21918702820336705,99.86463040927723,102.38382938324146,XLRE,不動産,rate_sensitive,Improving,6.0,5.0,8.0
2025-10-22,41.43606185913086,0.22092681418368446,0.21976695686347286,100.14989040217087,102.05390729252186,XLRE,不動産,rate_sensitive,Leading,6.0,3.0,2.0
2025-10-23,41.397098541259766,0.21967759219130037,0.2197371686394154,100.17695386913563,101.32072711139011,XLRE,不動産,rate_sensitive,Leading,6.0,1.0,-2.0
2025-10-24,41.543209075927734,0.2198536005526671,0.21977597927716597,100.22826685687473,100.8161794517106,XLRE,不動産,rate_sensitive,Leading,8.0,2.0,-1.0
2025-10-27,41.6308708190918,0.21934272049471726,0.21963155968301643,100.20129659503182,100.34338987764087,XLRE,不動産,rate_sensitive,Leading,6.0,0.0,-3.0
2025-10-28,40.70552444458008,0.21632526037586763,0.21852945991396683,99.68304705244044,99.5909313719413,XLRE,不動産,rate_sensitive,Lagging,5.0,-1.0,-6.0
2025-10-29,39.59511184692383,0.21280397225623748,0.21662096402805706,98.71905002988764,97.76669361691312,XLRE,不動産,rate_sensitive,Lagging,3.0,-3.0,-6.0
2025-10-30,39.81914520263672,0.2149324490663415,0.21605812570748523,98.44721818259754,97.4954108014752,XLRE,不動産,rate_sensitive,Lagging,3.0,-3.0,-4.0
2025-10-31,39.838623046875,0.214568452915386,0.21556156811011884,98.21470328867125,97.31301877975525,XLRE,不動産,rate_sensitive,Lagging,2.0,-6.0,-8.0
2025-11-03,39.77043914794922,0.2147268131261383,0.215283316448792,98.08747216113848,97.383655762684,XLRE,不動産,rate_sensitive,Lagging,2.0,-4.0,-4.0
2025-11-04,39.87758255004883,0.21673889728448703,0.21576851006069037,98.37506343471384,98.45120027576003,XLRE,不動産,rate_sensitive,Lagging,2.0,-3.0,-2.0
2025-11-05,39.86784362792969,0.2154250808489538,0.21565403365677818,98.30851921515686,99.56607136858948,XLRE,不動産,rate_sensitive,Lagging,2.0,-1.0,2.0
2025-11-06,39.673030853271484,0.21589375667139832,0.21573394132831825,98.3677951190105,99.97238482930462,XLRE,不動産,rate_sensitive,Lagging,2.0,-1.0,2.0
2025-11-07,40.19902420043945,0.2169366513776615,0.21613484467809935,98.63730329837108,100.57467327822532,XLRE,不動産,rate_sensitive,Improving,2.0,0.0,6.0
2025-11-10,40.1697998046875,0.21553784247321178,0.21593584394313683,98.5501744169233,100.6026923091116,XLRE,不動産,rate_sensitive,Improving,2.0,0.0,4.0
2025-11-11,40.61786651611328,0.21668995342268912,0.21618721376965427,98.75668481074852,100.48104820571962,XLRE,不動産,rate_sensitive,Improving,3.0,1.0,4.0
2025-11-12,40.29642105102539,0.2144664456708515,0.2156136244033867,98.4455372911105,100.15425040857062,XLRE,不動産,rate_sensitive,Improving,1.0,-1.0,0.0
2025-11-13,39.77043914794922,0.2140872952638854,0.21510484802355295,98.20481862579751,99.75786949595563,XLRE,不動産,rate_sensitive,Lagging,1.0,-1.0,0.0
2025-11-14,39.887325286865234,0.21550733912975803,0.21523901172562132,98.3510381121072,99.58701434890322,XLRE,不動産,rate_sensitive,Lagging,1.0,-1.0,-1.0
2025-11-17,39.624332427978516,0.2169350403746812,0.21580435460864128,98.73352054706774,100.18275104316592,XLRE,不動産,rate_sensitive,Improving,1.0,-1.0,-1.0
2025-11-18,39.77043914794922,0.21760545918137325,0.21640472279955195,99.11910834771497,100.41300757279822,XLRE,不動産,rate_sensitive,Improving,4.0,1.0,0.0
2025-11-19,39.458740234375,0.21655555007507102,0.2164549985580583,99.17605479132084,100.88533559012616,XLRE,不動産,rate_sensitive,Improving,4.0,3.0,4.0
2025-11-20,39.32237243652344,0.21847245927936831,0.21712748546516164,99.59661661838209,101.68800626010723,XLRE,不動産,rate_sensitive,Improving,5.0,4.0,5.0
2025-11-21,39.838623046875,0.21707498872373462,0.21710998655135266,99.60720402275086,101.49136019814357,XLRE,不動産,rate_sensitive,Improving,5.0,4.0,5.0
2025-11-24,39.89706802368164,0.21649605086554727,0.21690534132275088,99.50507659889908,100.8807796542241,XLRE,不動産,rate_sensitive,Improving,6.0,5.0,6.0
2025-11-25,40.218502044677734,0.21518319057098217,0.2163312910721613,99.18146735217763,100.00446246528386,XLRE,不動産,rate_sensitive,Improving,4.0,0.0,-1.0
2025-11-26,40.393829345703125,0.21462373008381372,0.21576210407604546,98.8684912107071,99.5542866877812,XLRE,不動産,rate_sensitive,Lagging,4.0,0.0,-3.0
2025-11-28,40.58863830566406,0.21449902540652144,0.2153410778528708,98.65383623783443,98.80124112354297,XLRE,不動産,rate_sensitive,Lagging,2.0,-3.0,-7.0
2025-12-01,40.0236930847168,0.21297011476222305,0.2145507568226549,98.24388139098441,98.35009378865173,XLRE,不動産,rate_sensitive,Lagging,2.0,-3.0,-7.0
2025-12-02,39.92628860473633,0.2126530515881346,0.21391818841114815,97.96879876137322,98.21979464964079,XLRE,不動産,rate_sensitive,Lagging,1.0,-5.0,-10.0
2025-12-03,40.00421142578125,0.21145466403214974,0.2130970136181487,97.64288687736156,98.287329419712,XLRE,不動産,rate_sensitive,Lagging,1.0,-3.0,-3.0
2025-12-04,39.93602752685547,0.21102813230027212,0.21240738651218988,97.44186593187145,98.47258244647377,XLRE,不動産,rate_sensitive,Lagging,1.0,-3.0,-3.0
2025-12-05,39.92628860473633,0.21048219929068893,0.21176565743835624,97.31315743591003,98.61455866555907,XLRE,不動産,rate_sensitive,Lagging,1.0,-1.0,2.0
2025-12-08,39.682777404785156,0.21045901769355768,0.21133011085675674,97.30698796008927,99.08429957350299,XLRE,不動産,rate_sensitive,Lagging,1.0,-1.0,2.0
2025-12-09,39.44900131225586,0.2096145894226645,0.21075827037872602,97.25660173482423,99.34839581015908,XLRE,不動産,rate_sensitive,Lagging,1.0,0.0,5.0
2025-12-10,39.52692794799805,0.2071147802890675,0.2095437736821732,96.9935021988057,99.4344078125632,XLRE,不動産,rate_sensitive,Lagging,1.0,0.0,3.0
2025-12-11,39.74121856689453,0.20656940026374776,0.2085523158760314,96.88644694150352,99.55168500774916,XLRE,不動産,rate_sensitive,Lagging,1.0,0.0,3.0
2025-12-12,39.6925163269043,0.20772431056519816,0.20827631410575365,97.04181195935426,99.87307797793264,XLRE,不動産,rate_sensitive,Lagging,1.0,0.0,1.0
2025-12-15,39.84836196899414,0.20828147236809488,0.20827803352653407,97.25638187091202,100.12168463940868,XLRE,不動産,rate_sensitive,Improving,1.0,0.0,1.0
2025-12-16,39.497703552246094,0.20790878113134048,0.2081549493948029,97.39978818286744,100.33638726587226,XLRE,不動産,rate_sensitive,Improving,1.0,0.0,0.0
2025-12-17,39.673030853271484,0.20939792569741475,0.20856927482900686,97.68106007172551,100.91677756845226,XLRE,不動産,rate_sensitive,Improving,1.0,0.0,0.0
2025-12-18,39.42952346801758,0.2076687040389766,0.20826908456566345,97.72452519092532,101.05233705570348,XLRE,不動産,rate_sensitive,Improving,1.0,0.0,0.0
2025-12-19,39.283416748046875,0.20614827572649572,0.20756214828594088,97.6569141155592,100.78978353265744,XLRE,不動産,rate_sensitive,Improving,1.0,0.0,0.0
2025-12-22,39.57487869262695,0.20614978026861525,0.20709135894683234,97.66454542426297,100.55326071671081,XLRE,不動産,rate_sensitive,Improving,1.0,0.0,0.0
2025-12-23,39.56503677368164,0.20657882608147315,0.2069205146583793,97.75164972883412,100.478781053644,XLRE,不動産,rate_sensitive,Improving,1.0,0.0,0.0
2025-12-24,39.8210563659668,0.20716455057729063,0.2070018599646831,97.88947564738547,100.31751384035718,XLRE,不動産,rate_sensitive,Improving,1.0,0.0,0.0
2025-12-26,39.89983367919922,0.20752082548810388,0.20717484847249004,98.03283172977078,100.41994392346923,XLRE,不動産,rate_sensitive,Improving,1.0,0.0,0.0
2025-12-29,40.008148193359375,0.20842824782443903,0.20759264825647306,98.2198389537455,100.6835385373713,XLRE,不動産,rate_sensitive,Improving,1.0,0.0,0.0
2025-12-30,40.09677505493164,0.20922512849143507,0.20813680833479375,98.4204125764801,100.87346008156308,XLRE,不動産,rate_sensitive,Improving,2.0,1.0,1.0
2025-12-31,39.7324333190918,0.20910979091227322,0.20846113586062026,98.55477536408199,100.90874583259557,XLRE,不動産,rate_sensitive,Improving,2.0,1.0,1.0
2026-01-02,39.76197814941406,0.20785467407618874,0.20825898193247644,98.55687358153546,100.74906590776999,XLRE,不動産,rate_sensitive,Improving,1.0,0.0,0.0
2026-01-05,39.81121063232422,0.2061982670309909,0.2075720769653146,98.44637868423102,100.46967628401431,XLRE,不動産,rate_sensitive,Improving,2.0,1.0,1.0
2026-01-06,40.07707977294922,0.2050991491461788,0.20674776769226932,98.31595734709046,100.12377291336148,XLRE,不動産,rate_sensitive,Improving,2.0,1.0,1.0
2026-01-07,39.52565002441406,0.20457209231909623,0.2060225425678783,98.22237752013372,99.80029158317159,XLRE,不動産,rate_sensitive,Lagging,3.0,1.0,0.0
2026-01-08,39.8210563659668,0.2043490539163461,0.20546471301736757,98.1767845349989,99.59063235957748,XLRE,不動産,rate_sensitive,Lagging,3.0,1.0,0.0
2026-01-09,39.8801383972168,0.20347156702592292,0.20480033102021936,98.11639483948152,99.51103014154666,XLRE,不動産,rate_sensitive,Lagging,3.0,2.0,2.0
2026-01-12,39.9983024597168,0.2038887187220573,0.20449646025416535,98.1387940890805,99.65085488619518,XLRE,不動産,rate_sensitive,Lagging,2.0,0.0,-1.0
2026-01-13,40.303558349609375,0.20544474056411524,0.20481255369081533,98.28324458732513,99.94893243051506,XLRE,不動産,rate_sensitive,Lagging,3.0,1.0,0.0
2026-01-14,40.75651550292969,0.2068125633363809,0.2054792235726705,98.48408701272375,100.26797606829466,XLRE,不動産,rate_sensitive,Improving,3.0,0.0,-1.0
2026-01-15,41.06177520751953,0.20744273233586485,0.2061337264937353,98.66797194473939,100.5289408721507,XLRE,不動産,rate_sensitive,Improving,5.0,2.0,1.0
2026-01-16,41.56396484375,0.21051777382888814,0.20759507560545293,99.0024294181767,100.98368167163392,XLRE,不動産,rate_sensitive,Improving,6.0,3.0,1.0
2026-01-20,40.7663688659668,0.20960554378948004,0.2082652316667953,99.16869018591326,101.1654432304134,XLRE,不動産,rate_sensitive,Improving,6.0,4.0,4.0
2026-01-21,40.914066314697266,0.2068623701702179,0.2077976111679362,99.09874096506019,100.9611765335396,XLRE,不動産,rate_sensitive,Improving,6.0,3.0,2.0
2026-01-22,40.510345458984375,0.2045544324225994,0.2067165515861573,98.90204010100467,100.53813450556778,XLRE,不動産,rate_sensitive,Improving,6.0,3.0,3.0
2026-01-23,40.61865997314453,0.20601970324476732,0.20648426880569398,98.88239431703833,100.3278612549345,XLRE,不動産,rate_sensitive,Improving,6.0,1.0,-1.0
2026-01-26,40.5891227722168,0.2053842382994126,0.20611759197026686,98.83305976630206,99.88784197930084,XLRE,不動産,rate_sensitive,Lagging,6.0,0.0,-3.0
2026-01-27,40.61865997314453,0.20585401339172446,0.20602973244408607,98.84195993803745,99.7138572986102,XLRE,不動産,rate_sensitive,Lagging,5.0,-1.0,-5.0
2026-01-28,40.22478103637695,0.20454676127141608,0.20553540871986276,98.76052494342012,99.71192533335164,XLRE,不動産,rate_sensitive,Lagging,3.0,-3.0,-6.0
2026-01-29,40.736820220947266,0.20687921317144176,0.20598334353705577,98.8916241731254,100.10771173975718,XLRE,不動産,rate_sensitive,Improving,3.0,-3.0,-6.0
2026-01-30,40.79590606689453,0.20763948678511912,0.20653539128641024,99.04863166716045,100.29820348455145,XLRE,不動産,rate_sensitive,Improving,6.0,0.0,-1.0
2026-02-02,40.333099365234375,0.2042322520946734,0.20576767822249797,98.90468747675386,100.15026989088706,XLRE,不動産,rate_sensitive,Improving,6.0,0.0,0.0
2026-02-03,40.185394287109375,0.20402743441886784,0.20518759695462127,98.80800506561441,99.97214888465881,XLRE,不動産,rate_sensitive,Lagging,5.0,0.0,1.0
2026-02-04,40.82544708251953,0.20548682663469242,0.20528734018131167,98.86760779218176,100.12501844179299,XLRE,不動産,rate_sensitive,Improving,5.0,2.0,5.0
2026-02-05,40.59896469116211,0.2061376073059672,0.20557076255619688,98.96580151357335,100.04614171588004,XLRE,不動産,rate_sensitive,Improving,6.0,3.0,6.0
2026-02-06,41.34733581542969,0.20609693451859865,0.20574615321033082,99.03702413677287,99.90645973536604,XLRE,不動産,rate_sensitive,Lagging,7.0,1.0,1.0
2026-02-09,41.603355407714844,0.20725010408046346,0.2062474701670417,99.18221365934687,100.3366331032594,XLRE,不動産,rate_sensitive,Improving,7.0,1.0,1.0
2026-02-10,42.184322357177734,0.20939925276222496,0.20729806436543613,99.4569606049189,100.8911888140114,XLRE,不動産,rate_sensitive,Improving,7.0,2.0,2.0
2026-02-11,42.144935607910156,0.20883357365737043,0.20780990079608092,99.60514632181507,101.01295947859242,XLRE,不動産,rate_sensitive,Improving,7.0,2.0,0.0
2026-02-12,42.213863372802734,0.2119566362447652,0.20919214594564237,99.97401552956408,101.38519145239381,XLRE,不動産,rate_sensitive,Improving,7.0,1.0,-2.0
2026-02-13,42.83422088623047,0.2128663657411743,0.21041688587748636,100.31155631560621,101.71069429753885,XLRE,不動産,rate_sensitive,Leading,7.0,0.0,-1.0
2026-02-17,43.267486572265625,0.2153911035552645,0.21207495843674573,100.76388632736499,102.0434493624292,XLRE,不動産,rate_sensitive,Leading,7.0,0.0,-1.0
2026-02-18,42.686519622802734,0.21140290634587977,0.21185094107312374,100.73144651800598,101.55216960874,XLRE,不動産,rate_sensitive,Leading,7.0,0.0,-2.0
2026-02-19,42.538814544677734,0.21111736080556814,0.2116064143172719,100.69976709170427,101.26830496441197,XLRE,不動産,rate_sensitive,Leading,7.0,0.0,-2.0
2026-02-20,42.893306732177734,0.21188579212961273,0.21169954025471885,100.76783433255974,100.84696987205757,XLRE,不動産,rate_sensitive,Leading,7.0,0.0,-1.0
2026-02-23,42.942543029785156,0.214483049804382,0.21262737677127325,101.07566645437052,100.80574907999426,XLRE,不動産,rate_sensitive,Leading,7.0,0.0,0.0
2026-02-24,43.06070327758789,0.21337132018231209,0.2128753579082862,101.21022617088661,100.40657073398597,XLRE,不動産,rate_sensitive,Leading,7.0,0.0,0.0
2026-02-25,42.77513885498047,0.21183139973334728,0.21252737184997325,101.17566708176001,100.428968038668,XLRE,不動産,rate_sensitive,Leading,6.0,-1.0,-1.0
2026-02-26,42.96223449707031,0.21156285177376444,0.21220586515790368,101.14919297481151,100.44558851891031,XLRE,不動産,rate_sensitive,Leading,6.0,-1.0,-1.0
2026-02-27,43.16901779174805,0.2123322084750664,0.21224797959695793,101.23416454944181,100.45959971221994,XLRE,不動産,rate_sensitive,Leading,6.0,-1.0,-1.0
2026-03-02,43.2477912902832,0.2131147679656753,0.21253690905319705,101.39785290402,100.24361914481,XLRE,不動産,rate_sensitive,Leading,6.0,-1.0,-1.0
2026-03-03,43.03116226196289,0.21468106988444513,0.21325162933027975,101.70343159927631,100.46077989954364,XLRE,不動産,rate_sensitive,Leading,8.0,1.0,1.0
2026-03-04,43.090240478515625,0.2141175580352448,0.21354027223193478,101.83539443188987,100.67876958860667,XLRE,不動産,rate_sensitive,Leading,9.0,3.0,4.0
2026-03-05,42.67667007446289,0.2145475398772192,0.21387602811369627,101.95955207899422,100.89283804833994,XLRE,不動産,rate_sensitive,Leading,10.0,4.0,5.0
2026-03-06,42.233558654785156,0.2148808121288298,0.2142109561187408,102.05062887918001,100.89753339075124,XLRE,不動産,rate_sensitive,Leading,10.0,4.0,5.0
2026-03-09,42.322181701660156,0.2147248380443938,0.2143822500939585,102.06013842037385,100.6259567331437,XLRE,不動産,rate_sensitive,Leading,10.0,4.0,5.0
2026-03-10,42.26309585571289,0.21604507505736428,0.21493652508176042,102.1734738574514,100.24942622875143,XLRE,不動産,rate_sensitive,Leading,10.0,2.0,1.0
2026-03-11,41.76090621948242,0.2141838176823948,0.21468562261530524,102.01316854238519,99.63298847158956,XLRE,不動産,rate_sensitive,Weakening,10.0,1.0,-2.0
2026-03-12,41.49503707885742,0.2161632589697317,0.21517816806678075,102.0848997842506,99.48005235234143,XLRE,不動産,rate_sensitive,Weakening,10.0,0.0,-4.0
2026-03-13,41.603355407714844,0.21673871105803108,0.2156983490638642,102.13822977048181,99.35275449960875,XLRE,不動産,rate_sensitive,Weakening,10.0,0.0,-4.0
2026-03-16,41.92830276489258,0.2168182077494737,0.2160716352924007,102.13333710405705,99.27698164778764,XLRE,不動産,rate_sensitive,Weakening,10.0,0.0,-4.0
2026-03-17,42.066162109375,0.21632167590511328,0.21615498216330492,102.04738812193848,98.81340069789792,XLRE,不動産,rate_sensitive,Weakening,9.0,-1.0,-3.0
2026-03-18,41.37687301635742,0.21561453976080613,0.21597483469580536,101.90165424862371,98.85150912073746,XLRE,不動産,rate_sensitive,Weakening,9.0,-1.0,-2.0
2026-03-19,41.27840042114258,0.21526828789289318,0.21573931909483465,101.7566704674117,98.4067400822051,XLRE,不動産,rate_sensitive,Weakening,9.0,-1.0,-1.0
2026-03-20,39.9687614440918,0.21154625036988794,0.21434162951985244,101.32898395086625,97.51509922889507,XLRE,不動産,rate_sensitive,Weakening,9.0,-1.0,-1.0
2026-03-23,40.26714324951172,0.21087740730858578,0.2131868887827636,100.98843273243962,97.07408436137761,XLRE,不動産,rate_sensitive,Weakening,9.0,-1.0,-1.0
2026-03-24,39.94001388549805,0.20891358038289282,0.21176245264947335,100.58780966503683,96.81124235001217,XLRE,不動産,rate_sensitive,Weakening,9.0,0.0,1.0
2026-03-25,39.92018508911133,0.20780288660874704,0.2104425973025646,100.22017036278687,96.78163865952425,XLRE,不動産,rate_sensitive,Weakening,8.0,-1.0,0.0
2026-03-26,39.94001388549805,0.20983196343781446,0.21023905268098125,100.15184211864809,97.16629472049767,XLRE,不動産,rate_sensitive,Weakening,6.0,-3.0,-2.0
2026-03-27,39.66244125366211,0.21127053082729977,0.21058287872975412,100.23029427880965,98.04235868820398,XLRE,不動産,rate_sensitive,Weakening,7.0,-2.0,-1.0
2026-03-30,39.8607063293457,0.2127669257221587,0.211310894393889,100.41106393058932,98.85306935138051,XLRE,不動産,rate_sensitive,Weakening,7.0,-2.0,-1.0
2026-03-31,40.47532272338867,0.2117136116060903,0.2114451334646228,100.43156364515275,99.49104642884423,XLRE,不動産,rate_sensitive,Weakening,7.0,-2.0,-2.0
2026-04-01,40.59428024291992,0.211652105501033,0.21151412414342619,100.43586358767465,100.05282004006365,XLRE,不動産,rate_sensitive,Leading,8.0,0.0,1.0
2026-04-02,41.2485466003418,0.21445075243581646,0.21249300024088963,100.68339797122287,100.53049012645316,XLRE,不動産,rate_sensitive,Leading,8.0,2.0,5.0
2026-04-06,41.397239685058594,0.2143026070180264,0.21309620249993522,100.8233402107505,100.62469784014606,XLRE,不動産,rate_sensitive,Leading,8.0,1.0,3.0
2026-04-07,41.35758972167969,0.21457315007606692,0.21358851835864578,100.92763502328337,100.50753999782276,XLRE,不動産,rate_sensitive,Leading,8.0,1.0,3.0
2026-04-08,42.07133483886719,0.21334748125056632,0.21350817265595265,100.87753178524126,100.39351111125266,XLRE,不動産,rate_sensitive,Leading,8.0,1.0,3.0
2026-04-09,42.35881423950195,0.2146751820835213,0.21389717579847553,100.95199948307226,100.48149792382608,XLRE,不動産,rate_sensitive,Leading,8.0,0.0,0.0
2026-04-10,42.448036193847656,0.21669174209092038,0.21482869789595715,101.1681193791125,100.41614567186507,XLRE,不動産,rate_sensitive,Leading,10.0,2.0,0.0
2026-04-13,42.646297454833984,0.21531689328397527,0.21499142969196322,101.17868921157755,100.20500712209748,XLRE,不動産,rate_sensitive,Leading,10.0,2.0,1.0
2026-04-14,43.052734375,0.2164653359047778,0.21548273176290145,101.27915894139433,100.18435931874671,XLRE,不動産,rate_sensitive,Leading,11.0,3.0,2.0
2026-04-15,43.03290939331055,0.21628982434860075,0.21575176262480122,101.31766759660084,100.30748701285412,XLRE,不動産,rate_sensitive,Leading,10.0,2.0,1.0
2026-04-16,43.42943572998047,0.21729280090050584,0.21626544205003612,101.41839931589863,100.34207389445228,XLRE,不動産,rate_sensitive,Leading,10.0,2.0,2.0
2026-04-17,44.09361267089844,0.21787939903772388,0.2168034277125987,101.51835825241437,100.16958665071257,XLRE,不動産,rate_sensitive,Leading,10.0,0.0,-2.0
2026-04-20,44.25222396850586,0.2179764558583798,0.21719443709452574,101.56746620138601,100.24182297597605,XLRE,不動産,rate_sensitive,Leading,10.0,0.0,-2.0
2026-04-21,43.39969253540039,0.21509636502222965,0.2164950797370937,101.32710907707326,99.74171601846204,XLRE,不動産,rate_sensitive,Weakening,10.0,-1.0,-4.0
2026-04-22,43.08247375488281,0.21361910070271148,0.2155364200589663,101.03053132770464,99.24871556803735,XLRE,不動産,rate_sensitive,Weakening,10.0,0.0,-2.0
2026-04-23,43.57813262939453,0.21608743957777876,0.21572009323190383,101.04914448264643,99.14511867320097,XLRE,不動産,rate_sensitive,Weakening,10.0,0.0,-2.0
2026-04-24,43.44926452636719,0.21589632818893154,0.21577883821757973,101.03499818597453,98.99461172769956,XLRE,不動産,rate_sensitive,Weakening,10.0,0.0,0.0
2026-04-27,43.11221694946289,0.21447634875220242,0.21534467506245397,100.88740037651172,98.72068971840868,XLRE,不動産,rate_sensitive,Weakening,10.0,0.0,0.0
2026-04-28,43.528564453125,0.21765861460437688,0.21611598824309494,101.07888950621502,99.37112744561676,XLRE,不動産,rate_sensitive,Weakening,10.0,0.0,1.0
2026-04-29,43.26091003417969,0.21669801300135952,0.2163099964958498,101.11080452135738,99.85789385361502,XLRE,不動産,rate_sensitive,Weakening,10.0,0.0,0.0
2026-04-30,44.014312744140625,0.21718820929630728,0.2166027340960023,101.17145771253695,99.91860507370019,XLRE,不動産,rate_sensitive,Weakening,10.0,0.0,0.0
2026-05-01,43.93500518798828,0.21745959985750032,0.21688835601650167,101.22876337914603,100.0267192942137,XLRE,不動産,rate_sensitive,Leading,10.0,0.0,0.0
2026-05-04,43.69709014892578,0.21754770448640615,0.21710813883980318,101.27537670722728,100.31455347201022,XLRE,不動産,rate_sensitive,Leading,10.0,0.0,0.0
2026-05-05,43.78630447387695,0.21627572928015898,0.21683066898658848,101.17786912678868,99.87154185219353,XLRE,不動産,rate_sensitive,Weakening,10.0,0.0,0.0
2026-05-06,44.351356506347656,0.21734498055746776,0.2170021061768816,101.229884150348,99.90185353323136,XLRE,不動産,rate_sensitive,Weakening,10.0,0.0,0.0
2026-05-07,44.014312744140625,0.21708152540056486,0.2170285792514427,101.23867328536294,99.82305512035514,XLRE,不動産,rate_sensitive,Weakening,10.0,0.0,0.0
2026-05-08,44.02422332763672,0.21653462967199166,0.2168639293916257,101.18418800359018,99.65372629328327,XLRE,不動産,rate_sensitive,Weakening,9.0,-1.0,-1.0
2026-05-11,44.182830810546875,0.2174319287623483,0.2170532625151999,101.26690037391272,99.71572788571885,XLRE,不動産,rate_sensitive,Weakening,10.0,0.0,0.0
2026-05-12,44.1927490234375,0.21767282861805423,0.2172597845494847,101.3533664250766,100.0071041879555,XLRE,不動産,rate_sensitive,Leading,10.0,0.0,0.0
2026-05-13,43.825958251953125,0.2168129698659972,0.21711084632165556,101.2897239566243,99.84590592367623,XLRE,不動産,rate_sensitive,Weakening,10.0,0.0,0.0
2026-05-14,43.528564453125,0.21455926939880957,0.2162603206807069,100.88605300489523,99.23803469513415,XLRE,不動産,rate_sensitive,Weakening,9.0,-1.0,-1.0
2026-05-15,42.85447311401367,0.21343738818993932,0.21531934318378437,100.41569950162456,98.62882758985049,XLRE,不動産,rate_sensitive,Weakening,9.0,0.0,1.0
2026-05-18,43.369956970214844,0.21468402673318113,0.2151075710335833,100.29225888997601,98.33200013475887,XLRE,不動産,rate_sensitive,Weakening,9.0,-1.0,-1.0
2026-05-19,43.55830383300781,0.2168782682601864,0.215697803442451,100.55902306117888,98.65151010676944,XLRE,不動産,rate_sensitive,Weakening,10.0,0.0,0.0
2026-05-20,44.04404830932617,0.21691910650216067,0.21610490446235425,100.73612119940579,99.07007862456133,XLRE,不動産,rate_sensitive,Weakening,10.0,0.0,0.0
2026-05-21,44.113441467285156,0.21632690490110124,0.21617890460860328,100.74786106589565,99.7813557461107,XLRE,不動産,rate_sensitive,Weakening,10.0,1.0,2.0
2026-05-22,44.17292022705078,0.21465771895088592,0.21567184272269752,100.46732336864156,100.12161345411441,XLRE,不動産,rate_sensitive,Leading,10.0,1.0,1.0
2026-05-26,44.321617126464844,0.21428079795222538,0.21520816113254015,100.21079007249965,99.90825221529742,XLRE,不動産,rate_sensitive,Weakening,10.0,1.0,2.0
2026-05-27,44.242313385009766,0.21405201435801396,0.21482277887436477,99.99162692140017,99.10314002376852,XLRE,不動産,rate_sensitive,Lagging,9.0,-1.0,-1.0
2026-05-28,44.02422332763672,0.21221953655626488,0.21395503143499814,99.51439025154657,98.07668281941147,XLRE,不動産,rate_sensitive,Lagging,9.0,-1.0,-1.0
2026-05-29,43.607872009277344,0.20962867172030394,0.2125129115301001,98.7399960209829,97.04496767408685,XLRE,不動産,rate_sensitive,Lagging,7.0,-3.0,-4.0
2026-06-01,42.894126892089844,0.2058230724168069,0.21028296515900236,97.64997385403082,96.33294068130904,XLRE,不動産,rate_sensitive,Lagging,4.0,-6.0,-7.0
2026-06-02,43.11221694946289,0.2060520991823485,0.20887267650011776,97.1516079783041,96.47556165882686,XLRE,不動産,rate_sensitive,Lagging,2.0,-8.0,-9.0
2026-06-03,43.13203811645508,0.20692510686282145,0.208223486621019,97.09424575379118,96.97128293612154,XLRE,不動産,rate_sensitive,Lagging,2.0,-7.0,-6.0
2026-06-04,44.014312744140625,0.20957535177257836,0.2086741083382055,97.47461876062926,98.05080651342789,XLRE,不動産,rate_sensitive,Lagging,2.0,-7.0,-6.0
2026-06-05,44.311702728271484,0.21403700835256884,0.2104617416763266,98.30313096398781,99.88618247381126,XLRE,不動産,rate_sensitive,Lagging,8.0,1.0,4.0
2026-06-08,43.64752197265625,0.21105226503767788,0.21065858279677707,98.44157111896834,101.28963420990482,XLRE,不動産,rate_sensitive,Improving,8.0,4.0,10.0
2026-06-09,44.57936096191406,0.2139299518979376,0.2117490391638306,98.91717561547912,102.29167759225128,XLRE,不動産,rate_sensitive,Improving,8.0,6.0,14.0
2026-06-10,44.599185943603516,0.21678163423344163,0.21342657085370095,99.60346767690804,102.86324627375498,XLRE,不動産,rate_sensitive,Improving,9.0,7.0,14.0
2026-06-11,44.529788970947266,0.2131215473143679,0.21332489634058993,99.57460592384236,102.30642508494978,XLRE,不動産,rate_sensitive,Improving,9.0,7.0,14.0
2026-06-12,44.96596908569336,0.21327717451523948,0.21330898906547313,99.58311175524292,101.4571638906862,XLRE,不動産,rate_sensitive,Improving,9.0,1.0,0.0
2026-06-15,44.599185943603516,0.21031523912029532,0.21231107241708055,99.20538534753766,100.94146764244557,XLRE,不動産,rate_sensitive,Improving,8.0,0.0,-4.0
2026-06-16,44.708229064941406,0.21153497945654975,0.2120523747635703,99.12871606889551,100.4055814645424,XLRE,不動産,rate_sensitive,Improving,8.0,0.0,-6.0
2026-06-17,43.58804702758789,0.20937295919750973,0.21115923624155014,98.80913165080999,99.452816198256,XLRE,不動産,rate_sensitive,Lagging,5.0,-4.0,-11.0
2026-06-18,43.479000091552734,0.20788428490707753,0.21006758579672596,98.4360326481692,99.14100993876947,XLRE,不動産,rate_sensitive,Lagging,4.0,-5.0,-12.0
2026-06-22,44.02000045776367,0.21000906602540104,0.21004807920628432,98.48433241659016,99.18567655818981,XLRE,不動産,rate_sensitive,Lagging,4.0,-5.0,-6.0
2026-06-23,44.63999938964844,0.21370098865470424,0.21126571568909097,98.97334390319178,99.99353523776,XLRE,不動産,rate_sensitive,Lagging,7.0,-1.0,-1.0
2026-06-24,44.5099983215332,0.21156952794219444,0.21136698644012547,99.01662938319893,100.08854650171894,XLRE,不動産,rate_sensitive,Improving,6.0,-2.0,-2.0
2026-06-25,44.59000015258789,0.2105785131172982,0.21110416199918305,98.90699629051504,100.26818553409734,XLRE,不動産,rate_sensitive,Improving,6.0,1.0,5.0
2026-06-26,45.2400016784668,0.21511103705786805,0.21243978701874472,99.39713227426628,101.08191968508115,XLRE,不動産,rate_sensitive,Improving,7.0,3.0,8.0
2026-06-29,44.91999816894531,0.21084251361419865,0.21190736255056272,99.17468424078953,100.78847055385522,XLRE,不動産,rate_sensitive,Improving,6.0,2.0,7.0
2026-06-30,44.029998779296875,0.20693705830317422,0.2102505944680999,98.54393096381077,99.67786572894929,XLRE,不動産,rate_sensitive,Lagging,5.0,-2.0,-1.0
2026-07-01,44.18000030517578,0.20701935029777555,0.2091735130779918,98.17584306376558,99.2842122204386,XLRE,不動産,rate_sensitive,Lagging,3.0,-3.0,-1.0
2026-07-02,44.68000030517578,0.20790097968367993,0.20874933527988787,98.0777142237922,99.3139776758031,XLRE,不動産,rate_sensitive,Lagging,3.0,-3.0,-4.0
2026-07-06,44.290000915527344,0.20600000425826673,0.20783289160601418,97.84596778644418,98.65239606904002,XLRE,不動産,rate_sensitive,Lagging,1.0,-6.0,-9.0
2026-07-07,44.88999938964844,0.20905323095431566,0.20823967138878136,98.07912704776837,99.12292428800211,XLRE,不動産,rate_sensitive,Lagging,2.0,-4.0,-6.0
2026-07-08,44.150001525878906,0.20805844562122006,0.20817926279959426,98.14275164683042,99.81000886743179,XLRE,不動産,rate_sensitive,Lagging,1.0,-4.0,-2.0
2026-07-09,44.22999954223633,0.20716627420251207,0.20784159993390022,98.11631891894508,100.15093018276912,XLRE,不動産,rate_sensitive,Improving,1.0,-2.0,1.0
2026-07-10,44.45000076293945,0.20741950597268013,0.2077009019468269,98.15592173897545,100.29325444939165,XLRE,不動産,rate_sensitive,Improving,1.0,-2.0,1.0
2026-07-13,44.70000076293945,0.2086542578275994,0.20801868724041772,98.3286529265561,100.68971436542444,XLRE,不動産,rate_sensitive,Improving,2.0,1.0,7.0
2026-07-14,44.47999954223633,0.20838603971974726,0.2081411380668609,98.43008977149393,100.56070555784524,XLRE,不動産,rate_sensitive,Improving,2.0,0.0,4.0
2026-07-15,44.560001373291016,0.20923135238710452,0.20850454284027548,98.59316000202436,100.65601179392544,XLRE,不動産,rate_sensitive,Improving,3.0,2.0,6.0
2026-07-16,45.459999084472656,0.21138286803935696,0.20946398457330268,98.91811985081016,100.9898439743932,XLRE,不動産,rate_sensitive,Improving,4.0,3.0,5.0
2026-07-17,45.41999816894531,0.21286965931643598,0.21059920948768046,99.28397871639469,101.28455700562431,XLRE,不動産,rate_sensitive,Improving,6.0,5.0,7.0
2026-07-20,45.22999954223633,0.21292721933959943,0.21137521277165344,99.53978726720071,101.3347748262047,XLRE,不動産,rate_sensitive,Improving,8.0,6.0,5.0
2026-07-21,45.20000076293945,0.21244595755752937,0.21173212770027877,99.67047290601158,101.3332806713085,XLRE,不動産,rate_sensitive,Improving,8.0,6.0,6.0
2026-07-22,45.0099983215332,0.21161259505088667,0.21169228348381475,99.6785287578064,101.15931829339148,XLRE,不動産,rate_sensitive,Improving,8.0,5.0,3.0
2026-07-23,44.95000076293945,0.21210834820366856,0.21183097172376603,99.73857982306629,100.89053340643743,XLRE,不動産,rate_sensitive,Improving,7.0,3.0,0.0
2026-07-24,45.95000076293945,0.21515193700950322,0.21293796015234512,100.10018882300757,100.86416946064395,XLRE,不動産,rate_sensitive,Leading,7.0,1.0,-4.0
2026-07-27,45.7599983215332,0.21265916850588099,0.21284502960352375,100.08624678941776,100.59976766532279,XLRE,不動産,rate_sensitive,Leading,7.0,-1.0,-7.0
2026-07-28,46.0099983215332,0.21135558732844115,0.21234854884516288,99.94293538891199,100.33482243350429,XLRE,不動産,rate_sensitive,Improving,9.0,1.0,-5.0
2026-07-29,45.959999084472656,0.2130440828567894,0.21258039351570507,100.03560614674164,100.40329921626025,XLRE,不動産,rate_sensitive,Leading,9.0,1.0,-4.0
2026-07-30,45.29999923706055,0.2103259272452339,0.21182890475888136,99.812837623099,100.14372176982117,XLRE,不動産,rate_sensitive,Improving,8.0,1.0,-2.0
2026-07-31,45.06999969482422,0.20961816123106447,0.21109199024960906,99.59392544115846,99.62021759157034,XLRE,不動産,rate_sensitive,Lagging,8.0,1.0,0.0
