Date,Close,RS_raw,RS_smooth,RS_Ratio,RS_Momentum,Symbol,Label,Group,Quadrant,Rank,RankVelocity,RankAccel
2024-09-30,111.5951156616211,0.6435080107469878,0.6435080107469878,,,XLK,情報技術,growth,,,,
2024-10-01,108.87641906738281,0.6311775848486065,0.6393978687808608,,,XLK,情報技術,growth,,,,
2024-10-02,109.6821517944336,0.636527285523923,0.638441007695215,,,XLK,情報技術,growth,,,,
2024-10-03,110.13690948486328,0.6421966944622339,0.6396929032842213,,,XLK,情報技術,growth,,,,
2024-10-04,111.36280059814453,0.6442900754342108,0.6412252940008846,,,XLK,情報技術,growth,,,,
2024-10-07,110.59661865234375,0.6448772100963731,0.6424425993660474,,,XLK,情報技術,growth,,,,
2024-10-08,112.66283416748047,0.6553714257665505,0.6467522081662151,,,XLK,情報技術,growth,,,,
2024-10-09,113.9233169555664,0.6581825396216698,0.6505623186513667,,,XLK,情報技術,growth,,,,
2024-10-10,113.89366912841797,0.6604859757675776,0.6538702043567703,,,XLK,情報技術,growth,,,,
2024-10-11,114.09137725830078,0.6551964311908549,0.6543122799681319,,,XLK,情報技術,growth,,,,
2024-10-14,115.57925415039062,0.658906213886019,0.6558435912740943,,,XLK,情報技術,growth,,,,
2024-10-15,113.03849029541016,0.6473508181748513,0.65301266690768,,,XLK,情報技術,growth,,,,
2024-10-16,113.38947296142578,0.6449988603512826,0.6503413980555476,,,XLK,情報技術,growth,,,,
2024-10-17,113.73548126220703,0.648001755761996,0.6495615172910305,,,XLK,情報技術,growth,,,,
2024-10-18,114.14080810546875,0.6483802092285545,0.6491677479368719,,,XLK,情報技術,growth,,,,
2024-10-21,114.67467498779297,0.657012145946486,0.65178254727341,,,XLK,情報技術,growth,,,,
2024-10-22,114.5560302734375,0.6592940330529408,0.6542863758665869,,,XLK,情報技術,growth,,,,
2024-10-23,112.91493225097656,0.6519922169677081,0.6535216562336273,,,XLK,情報技術,growth,,,,
2024-10-24,113.24612426757812,0.6537582764743677,0.6536005296472075,,,XLK,情報技術,growth,,,,
2024-10-25,113.83434295654297,0.6602902242141988,0.6558304278362046,,,XLK,情報技術,growth,,,,
2024-10-28,113.79974365234375,0.656367414658806,0.6560094234437385,,,XLK,情報技術,growth,,,,
2024-10-29,115.33209991455078,0.6672171929084911,0.659745346598656,,,XLK,情報技術,growth,,,,
2024-10-30,113.49820709228516,0.6580448485351412,0.6591785139108178,,,XLK,情報技術,growth,,,,
2024-10-31,109.85515594482422,0.6437876380948379,0.654048221972158,,,XLK,情報技術,growth,,,,
2024-11-01,110.68064880371094,0.6482207628192548,0.652105735587857,,,XLK,情報技術,growth,,,,
2024-11-04,110.59661865234375,0.6469585745535483,0.6503900152430875,,,XLK,情報技術,growth,,,,
2024-11-05,112.15370178222656,0.6485027608618028,0.6497609304493259,,,XLK,情報技術,growth,,,,
2024-11-06,115.34693908691406,0.6515417515385539,0.6503545374790687,,,XLK,情報技術,growth,,,,
2024-11-07,117.3587646484375,0.6622538932222256,0.6543209893934544,,,XLK,情報技術,growth,,,,
2024-11-08,117.23023223876953,0.6578633451425853,0.6555017746431647,,,XLK,情報技術,growth,,,,
2024-11-11,116.58271026611328,0.6509765929698053,0.6539933807520449,,,XLK,情報技術,growth,,,,
2024-11-12,116.7309799194336,0.6568098869011181,0.6549322161350694,,,XLK,情報技術,growth,,,,
2024-11-13,116.3256607055664,0.6541729672547902,0.6546791331749764,,,XLK,情報技術,growth,,,,
2024-11-14,115.93021392822266,0.6572078881183001,0.6555220514894177,,,XLK,情報技術,growth,,,,
2024-11-15,113.0533447265625,0.6455036126196304,0.6521825718661552,,,XLK,情報技術,growth,,,,
2024-11-18,113.41911315917969,0.6449898848221657,0.6497850095181588,,,XLK,情報技術,growth,,,,
2024-11-19,114.34843444824219,0.6520334403475034,0.6505344864612737,,,XLK,情報技術,growth,,,,
2024-11-20,114.24958038330078,0.649283707302488,0.6501175600750118,,,XLK,情報技術,growth,,,,
2024-11-21,115.41119384765625,0.6477257925631651,0.6493203042377296,,,XLK,情報技術,growth,,,,
2024-11-22,115.47051239013672,0.6429937836510728,0.6472114640421773,,,XLK,情報技術,growth,,,,
2024-11-25,115.4655532836914,0.6371963262451038,0.6438730847764862,,,XLK,情報技術,growth,,,,
2024-11-26,116.04389953613281,0.6403195058401279,0.6426885584643668,,,XLK,情報技術,growth,,,,
2024-11-27,114.47200012207031,0.632253731559638,0.6392102828294572,,,XLK,情報技術,growth,,,,
2024-11-29,115.53475952148438,0.6361849301268239,0.6382018319285795,,,XLK,情報技術,growth,,,,
2024-12-02,116.63212585449219,0.6438404500041696,0.6400813712871096,,,XLK,情報技術,growth,,,,
2024-12-03,117.05228424072266,0.6490382756453271,0.6430670060731821,,,XLK,情報技術,growth,,,,
2024-12-04,119.1926498413086,0.6608707927004975,0.6490016016156206,,,XLK,情報技術,growth,,,,
2024-12-05,118.58959197998047,0.660825394088316,0.6529428657731857,,,XLK,情報技術,growth,,,,
2024-12-06,119.04930114746094,0.6641392479918594,0.6566749931794104,,,XLK,情報技術,growth,,,,
2024-12-09,118.27323913574219,0.662528800750264,0.658626262369695,,,XLK,情報技術,growth,,,,
2024-12-10,116.63212585449219,0.6573634246663582,0.6582053164685828,,,XLK,情報技術,growth,,,,
2024-12-11,118.32266235351562,0.6662738880648004,0.6608948403339887,,,XLK,情報技術,growth,,,,
2024-12-12,117.66028594970703,0.6649722674703037,0.6622539827127605,,,XLK,情報技術,growth,,,,
2024-12-13,118.16448974609375,0.6701681904918501,0.664892051972457,,,XLK,情報技術,growth,,,,
2024-12-16,119.34587860107422,0.6791053154180047,0.6696298064543063,,,XLK,情報技術,growth,,,,
2024-12-17,118.62419128417969,0.6803573528938153,0.673205655267476,,,XLK,情報技術,growth,,,,
2024-12-18,114.7982406616211,0.6784902567243735,0.6749671890864419,,,XLK,情報技術,growth,,,,
2024-12-19,114.92181396484375,0.6814819184858331,0.6771387655529056,,,XLK,情報技術,growth,,,,
2024-12-20,116.6370849609375,0.6821003892756105,0.6787926401271407,,,XLK,情報技術,growth,,,,
2024-12-23,117.8729019165039,0.6883890225877748,0.6819914342806854,,,XLK,情報技術,growth,,,,
2024-12-24,119.09087371826172,0.6902938264533669,0.684758898338246,,,XLK,情報技術,growth,,,,
2024-12-26,119.17010498046875,0.6896271839451275,0.6863816602072066,,,XLK,情報技術,growth,,,,
2024-12-27,117.5857162475586,0.6851182916534604,0.6859605373559579,102.61963670306773,,XLK,情報技術,growth,,11.0,,
2024-12-30,116.0904541015625,0.6832896209384093,0.6850702318834417,102.38790099776928,,XLK,情報技術,growth,,11.0,,
2024-12-31,115.1249771118164,0.6763695985250598,0.6821700207639811,102.0533767170058,,XLK,情報技術,growth,,11.0,,
2025-01-02,114.8526611328125,0.6767394091900454,0.6803598169060026,101.83542598692989,,XLK,情報技術,growth,,11.0,,
2025-01-03,116.72421264648438,0.6815258205380086,0.6807484847833379,101.79334133467447,,XLK,情報技術,growth,,11.0,,
2025-01-06,118.20956420898438,0.6906685003703871,0.6840551566456876,101.9587798338679,,XLK,情報技術,growth,,11.0,0.0,
2025-01-07,115.83795166015625,0.6790857532769011,0.6823986888560922,101.75987324920995,,XLK,情報技術,growth,,11.0,0.0,
2025-01-08,115.79833984375,0.678042606031046,0.6809466612477435,101.58768370649858,,XLK,情報技術,growth,,11.0,0.0,
2025-01-10,113.27323913574219,0.6730960773875859,0.6783297999610244,101.3463460022757,,XLK,情報技術,growth,,11.0,0.0,
2025-01-13,112.47114562988281,0.6628966558245017,0.6731854185821835,100.94314902538386,,XLK,情報技術,growth,,9.0,-2.0,
2025-01-14,112.76821899414062,0.6593252459050324,0.6685653610231332,100.5907452806353,,XLK,情報技術,growth,,7.0,-4.0,-4.0
2025-01-15,115.01110076904297,0.6660460584137301,0.6677255934866655,100.51557894489238,,XLK,情報技術,growth,,7.0,-4.0,-4.0
2025-01-16,114.12483978271484,0.655749340593324,0.663733509188885,100.21486893324186,,XLK,情報技術,growth,,7.0,-4.0,-4.0
2025-01-17,115.9122085571289,0.662800993378379,0.663422670585383,100.17806589669154,,XLK,情報技術,growth,,6.0,-5.0,-5.0
2025-01-21,116.87769317626953,0.6606525781090908,0.6624993064266189,100.09640099612703,,XLK,情報技術,growth,,5.0,-4.0,-2.0
2025-01-22,119.51667022705078,0.6779517035510598,0.6676501054680992,100.45428911698842,,XLK,情報技術,growth,,6.0,-1.0,3.0
2025-01-23,119.7295913696289,0.6759564536684682,0.6704188882015556,100.63680584556599,,XLK,情報技術,growth,,7.0,0.0,4.0
2025-01-24,118.48188018798828,0.6694996799867425,0.6701124854632846,100.59549036767815,,XLK,情報技術,growth,,8.0,1.0,5.0
2025-01-27,112.67414855957031,0.6362631440901441,0.6588293716722378,99.75799426440422,,XLK,情報技術,growth,,5.0,-1.0,4.0
2025-01-28,115.67950439453125,0.6564749248028109,0.6580445560490955,99.6940964288561,,XLK,情報技術,growth,,5.0,0.0,4.0
2025-01-29,114.73880004882812,0.6532972583749865,0.6564621234910593,99.57610818382214,,XLK,情報技術,growth,,5.0,-1.0,0.0
2025-01-30,114.95167541503906,0.6475967571133389,0.6535070013651525,99.36133542209912,,XLK,情報技術,growth,,4.0,-3.0,-3.0
2025-01-31,114.2783203125,0.6491316432070398,0.6520485486457817,99.2656522284223,,XLK,情報技術,growth,,4.0,-4.0,-5.0
2025-02-03,112.7385025024414,0.6439022963958475,0.649333131229137,99.08335028403233,,XLK,情報技術,growth,,2.0,-3.0,-2.0
2025-02-04,114.36249542236328,0.6523814236611614,0.6503492287064785,99.16450119817745,,XLK,情報技術,growth,,2.0,-3.0,-3.0
2025-02-05,115.95182800292969,0.658238138511703,0.65297886530822,99.35472180897892,,XLK,情報技術,growth,,3.0,-2.0,-1.0
2025-02-06,116.26870727539062,0.6609116586963282,0.6556231297709227,99.53970668933833,,XLK,情報技術,growth,,4.0,0.0,3.0
2025-02-07,115.27352142333984,0.6584905847863453,0.6565789481093969,99.59969859380473,,XLK,情報技術,growth,,3.0,-1.0,3.0
2025-02-10,116.95691680908203,0.666221512966302,0.659793136395032,99.82426830148285,,XLK,情報技術,growth,,4.0,2.0,5.0
2025-02-11,117.0113754272461,0.666457983669451,0.6620147521531716,99.97967344409423,,XLK,情報技術,growth,,3.0,1.0,4.0
2025-02-12,116.75887298583984,0.6689054839009715,0.6643116627357717,100.14011072601178,,XLK,情報技術,growth,,4.0,1.0,3.0
2025-02-13,118.41258239746094,0.6725412182754931,0.6670548479156788,100.32953980049594,,XLK,情報技術,growth,,5.0,1.0,1.0
2025-02-14,118.81361389160156,0.6754896964118642,0.669866464081074,100.52177394661967,,XLK,情報技術,growth,,6.0,3.0,4.0
2025-02-18,119.89791870117188,0.6764616171740842,0.6720648484454108,100.66482284947968,,XLK,情報技術,growth,,7.0,3.0,1.0
2025-02-19,119.90782165527344,0.6751485093562913,0.6730927354157044,100.71951554589074,,XLK,情報技術,growth,,7.0,4.0,3.0
2025-02-20,119.5265884399414,0.6746992886251252,0.673628253152178,100.73501657157476,,XLK,情報技術,growth,,7.0,3.0,2.0
2025-02-21,116.28850555419922,0.6657662482836243,0.6710075848626601,100.51805235612487,,XLK,情報技術,growth,,6.0,1.0,0.0
2025-02-24,114.62491607666016,0.6556950758835448,0.665903415202955,100.11766517956976,,XLK,情報技術,growth,,4.0,-2.0,-5.0
2025-02-25,113.1395492553711,0.6465516234086717,0.659452817938194,99.6150034982402,,XLK,情報技術,growth,,3.0,-4.0,-7.0
2025-02-26,114.37240600585938,0.6549784059705499,0.6579613472823127,99.48611967226043,,XLK,情報技術,growth,,3.0,-4.0,-8.0
2025-02-27,110.20845031738281,0.6366932070799275,0.650871967214851,98.92981322771003,,XLK,情報技術,growth,,3.0,-4.0,-7.0
2025-02-28,111.66409301757812,0.6380135525672005,0.6465858289989675,98.58733757866041,,XLK,情報技術,growth,,2.0,-4.0,-5.0
2025-03-03,108.26759338378906,0.6252699867762658,0.639480548258067,98.05263105734065,,XLK,情報技術,growth,,1.0,-3.0,-1.0
2025-03-04,108.18341064453125,0.6350436501886972,0.6380015822349439,97.94606362517756,,XLK,情報技術,growth,,1.0,-2.0,2.0
2025-03-05,109.70344543457031,0.638036404201024,0.6380131895569706,97.94817193718242,,XLK,情報技術,growth,,1.0,-2.0,2.0
2025-03-06,106.658447265625,0.627272290815175,0.6344328899763721,97.71296070723471,,XLK,情報技術,growth,,1.0,-2.0,2.0
2025-03-07,108.20321655273438,0.6304507489663567,0.6331055096397004,97.68023199065496,,XLK,情報技術,growth,,1.0,-1.0,3.0
2025-03-10,103.60356903076172,0.6122792415228159,0.6261634202674056,97.33279739709899,,XLK,情報技術,growth,,1.0,0.0,3.0
2025-03-11,103.18270111083984,0.6180228333292358,0.6234498912880158,97.33132168049103,,XLK,情報技術,growth,,2.0,1.0,3.0
2025-03-12,104.80670166015625,0.6307222522087546,0.6258740115949287,97.6369043261018,,XLK,情報技術,growth,,2.0,1.0,3.0
2025-03-13,102.81632232666016,0.6247334890213609,0.6254938374037395,97.74489587368271,,XLK,情報技術,growth,,2.0,1.0,3.0
2025-03-14,105.9256820678711,0.6315859984054648,0.627524557737648,97.96914777851649,,XLK,情報技術,growth,,2.0,1.0,2.0
2025-03-17,106.66339874267578,0.6275164128174245,0.6275218427642402,98.06253579588468,,XLK,情報技術,growth,,2.0,1.0,1.0
2025-03-18,105.03941345214844,0.6211926938560889,0.6254121264615231,98.04042365097025,,XLK,情報技術,growth,,2.0,0.0,-1.0
2025-03-19,106.40595245361328,0.6246454390196319,0.6251565639808927,98.11752455154449,,XLK,情報技術,growth,,2.0,0.0,-1.0
2025-03-20,105.64839935302734,0.6227907587564826,0.6243679622394227,98.16294920566483,,XLK,情報技術,growth,,2.0,0.0,-1.0
2025-03-21,105.93558502197266,0.6273575967339715,0.625364507070939,98.28976836693957,,XLK,情報技術,growth,,2.0,0.0,-1.0
2025-03-24,107.94185638427734,0.6294842139030485,0.6267377426816423,98.42316955555161,,XLK,情報技術,growth,,2.0,0.0,-1.0
2025-03-25,108.2989730834961,0.6330801214375269,0.6288518689336039,98.58114545795598,,XLK,情報技術,growth,,2.0,0.0,0.0
2025-03-26,105.88349914550781,0.620127736368493,0.6259438247452337,98.49245612302224,,XLK,情報技術,growth,,1.0,-1.0,-1.0
2025-03-27,104.90638732910156,0.6159896612683815,0.6226257702529496,98.38907276540529,,XLK,情報技術,growth,,1.0,-1.0,-1.0
2025-03-28,102.36199188232422,0.6104604345679686,0.618570658357956,98.25693697930933,,XLK,情報技術,growth,,1.0,-1.0,-1.0
2025-03-31,102.41158294677734,0.6057145489814487,0.6142852885657869,98.1228911280622,,XLK,情報技術,growth,,1.0,-1.0,-1.0
2025-04-01,103.1605224609375,0.6095107517027726,0.6126937762781155,98.11987406799805,,XLK,情報技術,growth,,1.0,-1.0,-1.0
2025-04-02,103.9243392944336,0.6089320385051004,0.6114398636871105,98.13257272191446,,XLK,情報技術,growth,,1.0,0.0,1.0
2025-04-03,96.83171844482422,0.5957542455479178,0.6062113243073796,97.97683117412592,,XLK,情報技術,growth,,1.0,0.0,1.0
2025-04-04,90.45330810546875,0.5896158273054997,0.6006794919734196,97.83022764202707,,XLK,情報技術,growth,,1.0,0.0,1.0
2025-04-07,90.99394989013672,0.5981249679667944,0.5998279839712113,97.89247393696256,100.12500266485202,XLK,情報技術,growth,Improving,1.0,0.0,1.0
2025-04-08,89.14390563964844,0.5972291538413256,0.5989617072612494,97.9421266940327,100.1821800004412,XLK,情報技術,growth,Improving,1.0,0.0,1.0
2025-04-09,101.11209106445312,0.6272492624251823,0.6083908923158938,98.40664049153946,100.7342670736963,XLK,情報技術,growth,Improving,1.0,0.0,0.0
2025-04-10,96.40516662597656,0.6188842291420003,0.6118886712579293,98.60133949166932,101.14304381049908,XLK,情報技術,growth,Improving,1.0,0.0,0.0
2025-04-11,98.37920379638672,0.6221235715375389,0.6153003046844658,98.78685910978199,101.50176324644701,XLK,情報技術,growth,Improving,1.0,0.0,0.0
2025-04-14,99.27693939208984,0.6198808392983552,0.6168271495557623,98.88869100785352,101.49274996616735,XLK,情報技術,growth,Improving,2.0,1.0,1.0
2025-04-15,99.6390151977539,0.6241577261418387,0.6192706750844545,99.02860929203648,101.54789692384786,XLK,情報技術,growth,Improving,2.0,1.0,1.0
2025-04-16,96.1770248413086,0.6103069671767649,0.616282772448558,98.92880209677242,100.84057851818754,XLK,情報技術,growth,Improving,2.0,1.0,1.0
2025-04-17,95.65623474121094,0.6025242108176894,0.6116965852382685,98.76424206521523,100.3813613002311,XLK,情報技術,growth,Improving,1.0,0.0,0.0
2025-04-21,93.18621063232422,0.5990078446119861,0.6074670050295078,98.62328536046161,99.95840679285097,XLK,情報技術,growth,Lagging,1.0,0.0,0.0
2025-04-22,95.45783233642578,0.5988445778544679,0.6045928626378279,98.54819256034904,99.72557296994941,XLK,情報技術,growth,Lagging,1.0,-1.0,-2.0
2025-04-23,98.22544860839844,0.6103027374349398,0.6064961542368652,98.67481962987928,99.71338990900385,XLK,情報技術,growth,Lagging,1.0,-1.0,-2.0
2025-04-24,101.89080047607422,0.6225436735165735,0.6118453273301013,98.94186051677111,100.17663567736334,XLK,情報技術,growth,Improving,1.0,-1.0,-2.0
2025-04-25,103.39859771728516,0.6326615677776606,0.6187840741459545,99.27595977287922,100.79945786577089,XLK,情報技術,growth,Improving,2.0,1.0,1.0
2025-04-28,103.22996520996094,0.6298618746132189,0.6224766743017093,99.46502754086087,101.17624091728896,XLK,情報技術,growth,Improving,2.0,1.0,1.0
2025-04-29,103.71106719970703,0.629125693358256,0.6246930139872249,99.58664688460698,101.37203873224455,XLK,情報技術,growth,Improving,3.0,2.0,3.0
2025-04-30,104.142578125,0.6308469165478394,0.6267443148407631,99.70003665114179,101.31039090510826,XLK,情報技術,growth,Improving,3.0,2.0,3.0
2025-05-01,105.67022705078125,0.6409722573165406,0.631486962332689,99.93537936004653,101.23519588545713,XLK,情報技術,growth,Improving,4.0,3.0,4.0
2025-05-02,107.4359359741211,0.6403846953172814,0.6344528733275532,100.08732159817235,100.98410442060542,XLK,情報技術,growth,Leading,5.0,3.0,2.0
2025-05-05,106.86556243896484,0.6391041935791192,0.6360033134114086,100.17087710270712,100.82646169473065,XLK,情報技術,growth,Leading,5.0,3.0,2.0
2025-05-06,105.97772979736328,0.638527996843287,0.6368448745553681,100.22191606824343,100.71587882388798,XLK,情報技術,growth,Leading,5.0,2.0,0.0
2025-05-07,107.03913879394531,0.6407033078400727,0.638131018983603,100.29627668447083,100.64974835967332,XLK,情報技術,growth,Leading,5.0,2.0,0.0
2025-05-08,108.06088256835938,0.641423038098848,0.6392283586886848,100.36461144475754,100.43754158927538,XLK,情報技術,growth,Leading,6.0,2.0,-1.0
2025-05-09,107.92696380615234,0.6407765288366136,0.6397444154046611,100.40669792592588,100.3021156904919,XLK,情報技術,growth,Leading,7.0,2.0,-1.0
2025-05-12,112.93644714355469,0.6526305106183137,0.6440397804758786,100.63632598003997,100.48979311326993,XLK,情報技術,growth,Leading,9.0,4.0,1.0
2025-05-13,115.37670135498047,0.6652312306420686,0.651103597197942,101.00475438639923,100.88457784332341,XLK,情報技術,growth,Leading,10.0,5.0,3.0
2025-05-14,116.12565612792969,0.6736055502807881,0.6586042482255574,101.39358892647454,101.26022223622006,XLK,情報技術,growth,Leading,10.0,5.0,3.0
2025-05-15,116.28437042236328,0.668433338251028,0.661880611567381,101.57367268027885,101.37679985807961,XLK,情報技術,growth,Leading,10.0,4.0,2.0
2025-05-16,116.50259399414062,0.6631766233166119,0.6623126154837913,101.61961117876328,101.366496382105,XLK,情報技術,growth,Leading,10.0,3.0,1.0
2025-05-19,116.33396911621094,0.6622903224321282,0.6623051844665703,101.65230648052015,101.1203560295145,XLK,情報技術,growth,Leading,10.0,1.0,-3.0
2025-05-20,115.89749145507812,0.661533003977407,0.6620477909701825,101.67833104248362,100.708472266747,XLK,情報技術,growth,Leading,10.0,0.0,-5.0
2025-05-21,113.72010040283203,0.6635589037188093,0.6625514952197249,101.74776293602028,100.32740625658143,XLK,情報技術,growth,Leading,10.0,0.0,-5.0
2025-05-22,113.74986267089844,0.6658560860846403,0.6636530255080301,101.83733764358814,100.21616532252645,XLK,情報技術,growth,Leading,10.0,0.0,-4.0
2025-05-23,112.4950180053711,0.6611548410025627,0.662820297339541,101.80369759657954,100.10868857105007,XLK,情報技術,growth,Leading,9.0,-1.0,-4.0
2025-05-27,115.16839599609375,0.6644789334496838,0.663373176042922,101.81979663378414,100.06608129163202,XLK,情報技術,growth,Leading,8.0,-2.0,-3.0
2025-05-28,114.69225311279297,0.6674068563672667,0.664717736151037,101.86853695424224,100.06778225540414,XLK,情報技術,growth,Leading,8.0,-2.0,-2.0
2025-05-29,114.88568878173828,0.666903800072048,0.6654464241247073,101.86011862448234,99.92719254697192,XLK,情報技術,growth,Weakening,8.0,-2.0,-2.0
2025-05-30,114.52857971191406,0.6650945527915691,0.665329133680328,101.79955264791874,99.66539903808032,XLK,情報技術,growth,Weakening,8.0,-2.0,-2.0
2025-06-02,115.54037475585938,0.6704383424247382,0.6670322032617981,101.8172689184918,99.66171508327879,XLK,情報技術,growth,Weakening,9.0,0.0,1.0
2025-06-03,117.2763442993164,0.6748928189956421,0.6696524085064128,101.87039172752792,99.65108573307576,XLK,情報技術,growth,Weakening,10.0,2.0,4.0
2025-06-04,117.44994354248047,0.677413845832279,0.6722395542817017,101.91254176742335,99.5640997352572,XLK,情報技術,growth,Weakening,11.0,3.0,5.0
2025-06-05,117.11763000488281,0.6773272570483176,0.673935455203907,101.90451445294234,99.49723721649083,XLK,情報技術,growth,Weakening,10.0,2.0,4.0
2025-06-06,118.22368621826172,0.6778696877081458,0.6752468660386532,101.87757264300393,99.51038904584105,XLK,情報技術,growth,Weakening,10.0,2.0,4.0
2025-06-09,118.80398559570312,0.6810827114445813,0.6771921478406293,101.87397108905725,99.42168378842209,XLK,情報技術,growth,Weakening,10.0,1.0,1.0
2025-06-10,119.4686050415039,0.6814990482769234,0.678627781319394,101.84794936698835,99.21235892071431,XLK,情報技術,growth,Weakening,10.0,0.0,-2.0
2025-06-11,119.20574188232422,0.68193592465931,0.6797304957660327,101.81022155989359,99.02292327272202,XLK,情報技術,growth,Weakening,10.0,-1.0,-4.0
2025-06-12,120.31179809570312,0.6866530597422476,0.6820380170914377,101.82004787658241,99.06922544436468,XLK,情報技術,growth,Weakening,10.0,0.0,-2.0
2025-06-13,118.62542724609375,0.6853123440540821,0.6831294594123193,101.7823443404539,99.06568452608218,XLK,情報技術,growth,Weakening,10.0,0.0,-2.0
2025-06-16,120.5448989868164,0.6897508053464386,0.6853365747236925,101.78685676199609,99.11184850565802,XLK,情報技術,growth,Weakening,10.0,0.0,-1.0
2025-06-17,119.69181823730469,0.6915120170368116,0.6873950554947322,101.78358259530194,99.18753752271621,XLK,情報技術,growth,Weakening,10.0,0.0,0.0
2025-06-18,119.83563232421875,0.6922648394195148,0.6890183168029931,101.76401442831494,99.24776121656392,XLK,情報技術,growth,Weakening,10.0,0.0,1.0
2025-06-20,119.30492401123047,0.6880739657066903,0.6887035331042255,101.67999598784286,99.07013857605929,XLK,情報技術,growth,Weakening,10.0,0.0,0.0
2025-06-23,120.66519927978516,0.689829097965427,0.6890787213912928,101.62553828613748,99.05733732404475,XLK,情報技術,growth,Weakening,10.0,0.0,0.0
2025-06-24,122.831298828125,0.6956260241203733,0.6912611556343197,101.63358458414208,99.08834983242716,XLK,情報技術,growth,Weakening,10.0,0.0,0.0
2025-06-25,123.87957000732422,0.706661166157787,0.6963944924754755,101.73289561794365,99.32636574347151,XLK,情報技術,growth,Weakening,10.0,0.0,0.0
2025-06-26,124.73407745361328,0.706206005060587,0.6996649966705126,101.76284410685047,99.44495528792982,XLK,情報技術,growth,Weakening,10.0,0.0,0.0
2025-06-27,124.58502960205078,0.7027884628378683,0.7007061520596313,101.72151166629537,99.54205095535167,XLK,情報技術,growth,Weakening,10.0,0.0,0.0
2025-06-30,125.80718231201172,0.7063635089448386,0.7025919376880337,101.70916419161954,99.62619742551132,XLK,情報技術,growth,Weakening,10.0,0.0,0.0
2025-07-01,124.68438720703125,0.6919497876090143,0.6990445543283607,101.53877178365698,99.2371892116209,XLK,情報技術,growth,Weakening,10.0,0.0,0.0
2025-07-02,126.00093841552734,0.6976624381035195,0.6985838489200803,101.47160557203804,98.86595592462173,XLK,情報技術,growth,Weakening,10.0,0.0,0.0
2025-07-03,127.6602783203125,0.7034530168872231,0.700206904909128,101.47051934449763,98.79343565439012,XLK,情報技術,growth,Weakening,10.0,0.0,0.0
2025-07-07,126.64679718017578,0.7034907443508331,0.7013015180563631,101.45707102159253,98.84060740380276,XLK,情報技術,growth,Weakening,11.0,1.0,1.0
2025-07-08,127.32742309570312,0.7055049053318884,0.7027026471482049,101.45802970928995,98.85405830326216,XLK,情報技術,growth,Weakening,11.0,1.0,1.0
2025-07-09,128.09249877929688,0.7076306658303455,0.7043453200422518,101.46856920598326,99.23991089963971,XLK,情報技術,growth,Weakening,11.0,1.0,1.0
2025-07-10,127.67023468017578,0.701235766173519,0.7033088020860075,101.4009278387912,99.23256499223524,XLK,情報技術,growth,Weakening,11.0,1.0,1.0
2025-07-11,127.10881805419922,0.7033006876390367,0.7033060972703506,101.36159835369742,99.16645186260358,XLK,情報技術,growth,Weakening,10.0,0.0,0.0
2025-07-14,127.00450134277344,0.7020002456006944,0.7028708133804653,101.30946469509541,99.10995226207092,XLK,情報技術,growth,Weakening,11.0,0.0,-1.0
2025-07-15,128.13226318359375,0.7181929125746682,0.707978179778533,101.42896661596633,99.39370018883352,XLK,情報技術,growth,Weakening,11.0,0.0,-1.0
2025-07-16,128.52967834472656,0.7176217780666065,0.7111927125412242,101.48498443737606,99.51917794155597,XLK,情報技術,growth,Weakening,11.0,0.0,-1.0
2025-07-17,129.69720458984375,0.7182844265157192,0.7135566171993892,101.51152921306148,99.76101410604765,XLK,情報技術,growth,Weakening,11.0,0.0,-1.0
2025-07-18,129.61276245117188,0.7180896012757768,0.7150676118915185,101.5139174749778,99.87214064142164,XLK,情報技術,growth,Weakening,11.0,1.0,1.0
2025-07-21,129.78164672851562,0.7214931824617176,0.7172094687482515,101.54141503000737,100.05720188630886,XLK,情報技術,growth,Leading,11.0,0.0,0.0
2025-07-22,128.57937622070312,0.705811294785915,0.7134100774274728,101.38904735230547,99.40988132781328,XLK,情報技術,growth,Weakening,11.0,0.0,0.0
2025-07-23,129.31466674804688,0.7040152573248891,0.7102784707266117,101.26547806710651,98.97517796506287,XLK,情報技術,growth,Weakening,11.0,0.0,0.0
2025-07-24,129.8611602783203,0.7092608897657974,0.709939277073007,101.23638665761268,98.83553461333885,XLK,情報技術,growth,Weakening,10.0,-1.0,-1.0
2025-07-25,130.1592254638672,0.7074807323993939,0.7091197621818026,101.18863738160525,98.74292809453615,XLK,情報技術,growth,Weakening,10.0,-1.0,-2.0
2025-07-28,131.19757080078125,0.7173663163141324,0.7118686135592459,101.264586305896,98.89333965275057,XLK,情報技術,growth,Weakening,10.0,-1.0,-1.0
2025-07-29,131.2025146484375,0.7177394111064497,0.7138255460749805,101.31154495362236,99.38532802245992,XLK,情報技術,growth,Weakening,10.0,-1.0,-1.0
2025-07-30,131.49563598632812,0.7240397084751659,0.7172302668750423,101.41293800200475,99.95374085139271,XLK,情報技術,growth,Weakening,11.0,0.0,0.0
2025-07-31,130.53184509277344,0.725347609198942,0.7199360476496756,101.48813424025444,100.25099098497654,XLK,情報技術,growth,Leading,10.0,0.0,1.0
2025-08-01,127.71493530273438,0.7177858178504192,0.7192193043832569,101.42897173172855,100.26241263904512,XLK,情報技術,growth,Leading,9.0,-1.0,0.0
2025-08-04,130.30828857421875,0.7235143143405705,0.7206509743690281,101.45375048355201,100.15637726945543,XLK,情報技術,growth,Leading,9.0,-1.0,0.0
2025-08-05,129.23019409179688,0.7195251076348554,0.7202756854576373,101.40808130675816,99.92765633255662,XLK,情報技術,growth,Weakening,9.0,-1.0,0.0
2025-08-06,130.68585205078125,0.7292614453252821,0.7232709387468523,101.50076448482373,99.92635077042742,XLK,情報技術,growth,Weakening,9.0,-2.0,-2.0
2025-08-07,130.8050994873047,0.7303661823512196,0.7256360199483082,101.5678988349864,99.92558342656092,XLK,情報技術,growth,Weakening,10.0,0.0,0.0
2025-08-08,132.11170959472656,0.7363321934086322,0.7292014111017495,101.68504506731843,100.44544864935719,XLK,情報技術,growth,Leading,10.0,1.0,2.0
2025-08-11,131.21743774414062,0.7333506278382858,0.7305844833472617,101.71171836463165,100.45449481266148,XLK,情報技術,growth,Leading,9.0,0.0,1.0
2025-08-12,133.2493896484375,0.7353627550899681,0.7321772405948306,101.742670351236,100.68721002924232,XLK,情報技術,growth,Leading,8.0,-1.0,0.0
2025-08-13,133.29905700683594,0.725281355270832,0.7298786121534977,101.59770898690078,100.02455572961865,XLK,情報技術,growth,Leading,8.0,-1.0,1.0
2025-08-14,133.0109405517578,0.7284525619044347,0.7294032620704768,101.52948018143638,99.64124607613394,XLK,情報技術,growth,Weakening,9.0,-1.0,-1.0
2025-08-15,132.00241088867188,0.7247183466900652,0.7278416236103395,101.41532241647218,98.82735685067435,XLK,情報技術,growth,Weakening,9.0,-1.0,-2.0
2025-08-18,132.28558349609375,0.7264293563172816,0.7273708678459869,101.35409526107709,98.35243943828004,XLK,情報技術,growth,Weakening,9.0,0.0,0.0
2025-08-19,129.97540283203125,0.7104171611663292,0.721719632286101,101.06543418093355,96.80873039703825,XLK,情報技術,growth,Weakening,9.0,1.0,2.0
2025-08-20,129.09605407714844,0.7062539886462623,0.7165644177394881,100.80111127138137,96.43842438544158,XLK,情報技術,growth,Weakening,8.0,0.0,1.0
2025-08-21,128.62905883789062,0.706160141342034,0.7130963256070034,100.61286107886515,96.34782995193397,XLK,情報技術,growth,Weakening,8.0,-1.0,0.0
2025-08-22,130.3728790283203,0.7020601535045338,0.709417601572847,100.40985184342593,96.4412894174578,XLK,情報技術,growth,Weakening,8.0,-1.0,0.0
2025-08-25,130.07972717285156,0.7058829812656156,0.7082393948037699,100.32508834257855,96.7289226000586,XLK,情報技術,growth,Weakening,9.0,0.0,0.0
2025-08-26,130.6759033203125,0.7086282684060379,0.7083690193378592,100.30481275961219,97.79153429594979,XLK,情報技術,growth,Weakening,9.0,0.0,-1.0
2025-08-27,131.38137817382812,0.709888505701354,0.7088755147923576,100.30447697592817,98.72069936859637,XLK,情報技術,growth,Weakening,9.0,1.0,1.0
2025-08-28,132.4197235107422,0.7158401508515092,0.7111970601454081,100.40550210506855,99.70113889840839,XLK,情報技術,growth,Weakening,9.0,1.0,2.0
2025-08-29,130.38778686523438,0.7053790733129677,0.7092577312012613,100.26696555671968,99.9225316438189,XLK,情報技術,growth,Weakening,7.0,-1.0,0.0
2025-09-02,129.0712127685547,0.7038162771322495,0.7074439131782575,100.12768408572161,99.75084716756729,XLK,情報技術,growth,Weakening,7.0,-2.0,-2.0
2025-09-03,129.84127807617188,0.7091144184443393,0.7080007482669515,100.12969459556732,99.83718088164349,XLK,情報技術,growth,Weakening,7.0,-2.0,-2.0
2025-09-04,130.48216247558594,0.7073896436604743,0.7077970467314592,100.0838344366212,99.69765329719311,XLK,情報技術,growth,Weakening,7.0,-2.0,-3.0
2025-09-05,130.59144592285156,0.707155586373472,0.7075832266121301,100.0354731363129,99.21826514580862,XLK,情報技術,growth,Weakening,8.0,-1.0,-2.0
2025-09-08,131.57017517089844,0.7130230115056702,0.7093964882433101,100.12871387853913,100.00895086793157,XLK,情報技術,growth,Leading,9.0,2.0,3.0
2025-09-09,131.82354736328125,0.71660347134113,0.7117988159425834,100.2733041366801,100.95876036895415,XLK,情報技術,growth,Leading,9.0,2.0,4.0
2025-09-10,134.2132110595703,0.7303331304306598,0.7179769207719423,100.71733942396331,102.30784404617337,XLK,情報技術,growth,Leading,9.0,2.0,4.0
2025-09-11,134.66531372070312,0.7219745266959385,0.7193094560799411,100.80281077201698,102.54217278204689,XLK,情報技術,growth,Leading,9.0,2.0,4.0
2025-09-12,134.57589721679688,0.7267260304155578,0.7217816475251467,100.98528961171087,102.95691862971762,XLK,情報技術,growth,Leading,9.0,1.0,2.0
2025-09-15,135.7880859375,0.7345548002646674,0.726039365104987,101.32358159206274,103.26141977848522,XLK,情報技術,growth,Leading,9.0,0.0,-2.0
2025-09-16,135.31613159179688,0.7339472790807499,0.7286753364302414,101.52469317821253,103.08010983638297,XLK,情報技術,growth,Leading,9.0,0.0,-2.0
2025-09-17,134.84912109375,0.7307151365298532,0.7293552697967787,101.55384934035429,102.00186376254182,XLK,情報技術,growth,Leading,9.0,0.0,-2.0
2025-09-18,137.17916870117188,0.7385172847898368,0.7324092747944647,101.78398562197296,102.20067361008186,XLK,情報技術,growth,Leading,9.0,0.0,-2.0
2025-09-19,138.5702362060547,0.7473072515475127,0.7373752670454807,102.16654149723692,102.4605220062506,XLK,情報技術,growth,Leading,9.0,0.0,-1.0
2025-09-22,140.60877990722656,0.757939085791724,0.7442298732942285,102.65832981013997,102.57838771921799,XLK,情報技術,growth,Leading,11.0,2.0,2.0
2025-09-23,139.39500427246094,0.7504804800043507,0.7463134088642693,102.69245239043782,102.12895613512629,XLK,情報技術,growth,Leading,11.0,2.0,2.0
2025-09-24,138.53439331054688,0.747590173892515,0.746738997207018,102.56929597653017,101.76380670428273,XLK,情報技術,growth,Leading,11.0,2.0,2.0
2025-09-25,138.29066467285156,0.7524699116382957,0.7486493020174438,102.55746515260542,101.27968611303015,XLK,情報技術,growth,Leading,11.0,2.0,2.0
2025-09-26,138.70852661132812,0.7473390480456098,0.7482125506934991,102.37798918024829,100.25689628066111,XLK,情報技術,growth,Leading,10.0,1.0,1.0
2025-09-29,139.44972229003906,0.7488307018902307,0.7484186010924097,102.26270119189833,99.1765101896823,XLK,情報技術,growth,Weakening,11.0,0.0,-2.0
2025-09-30,140.21078491210938,0.7509330628438562,0.7492567550095586,102.21166389571749,99.0409431715844,XLK,情報技術,growth,Weakening,11.0,0.0,-2.0
2025-10-01,141.58377075195312,0.756571420184731,0.751694976734616,102.27109181329996,99.36874421705762,XLK,情報技術,growth,Weakening,11.0,0.0,-2.0
2025-10-02,142.34983825683594,0.7588689231663273,0.7540862922118532,102.31274024018661,99.4624956480983,XLK,情報技術,growth,Weakening,11.0,0.0,-2.0
2025-10-03,141.63351440429688,0.7524050657537167,0.7535258833924744,102.16247732670408,99.51296680112553,XLK,情報技術,growth,Weakening,10.0,0.0,-1.0
2025-10-06,143.066162109375,0.760254205568677,0.7557686574512086,102.19652848403933,99.77441747155608,XLK,情報技術,growth,Weakening,10.0,-1.0,-1.0
2025-10-07,142.11105346679688,0.758511353697529,0.7566828895333154,102.14300362763113,99.76991167260452,XLK,情報技術,growth,Weakening,10.0,-1.0,-1.0
2025-10-08,144.60328674316406,0.7693077828281746,0.7608911872982685,102.2832010249058,99.9123218805583,XLK,情報技術,growth,Weakening,10.0,-1.0,-1.0
2025-10-09,144.3595428466797,0.7744182376320193,0.7654002040761855,102.4142663598689,100.0667435391528,XLK,情報技術,growth,Leading,10.0,-1.0,-1.0
2025-10-10,138.4846649169922,0.7600382710207978,0.763612893057723,102.19127831956979,99.93111600259229,XLK,情報技術,growth,Weakening,9.0,-1.0,-1.0
2025-10-13,141.8573760986328,0.7710512812240328,0.7660923557798263,102.21000320293584,99.90234816799372,XLK,情報技術,growth,Weakening,9.0,-1.0,0.0
2025-10-14,140.03672790527344,0.7548954771156156,0.7623600628917561,101.90601680200605,99.46072270084315,XLK,情報技術,growth,Weakening,9.0,-1.0,0.0
2025-10-15,141.42459106445312,0.760842978769724,0.7618543681844121,101.79575652364943,99.03605498044885,XLK,情報技術,growth,Weakening,9.0,-1.0,0.0
2025-10-16,141.529052734375,0.7686909563751576,0.7641332309146607,101.83285787999183,98.90036784742739,XLK,情報技術,growth,Weakening,9.0,-1.0,0.0
2025-10-17,141.7777862548828,0.7661509903592385,0.7648058173961867,101.78621435021441,99.23195039921083,XLK,情報技術,growth,Weakening,9.0,0.0,1.0
2025-10-20,143.3596649169922,0.7670293486590851,0.7655469944838196,101.74746879707715,99.14785905971267,XLK,情報技術,growth,Weakening,9.0,0.0,1.0
2025-10-21,143.43426513671875,0.7639285533464277,0.765007514104689,101.65323947487637,99.51498883460364,XLK,情報技術,growth,Weakening,9.0,0.0,1.0
2025-10-22,142.0165557861328,0.7600434343338659,0.763352820847748,101.51422045967858,99.46505767604276,XLK,情報技術,growth,Weakening,9.0,0.0,1.0
2025-10-23,143.80735778808594,0.7659958802529457,0.7642338406494806,101.50325644545008,99.38139905058713,XLK,情報技術,growth,Weakening,10.0,1.0,2.0
2025-10-24,146.04092407226562,0.7757781540559008,0.7680819451182874,101.62781834081993,99.67621671424796,XLK,情報技術,growth,Weakening,10.0,1.0,1.0
2025-10-27,148.73709106445312,0.7866044654471741,0.7742561185612497,101.84328594881812,100.11536677941396,XLK,情報技術,growth,Leading,11.0,2.0,2.0
2025-10-28,150.20953369140625,0.8012735553074423,0.7832619308099806,102.14952134549176,100.80117826714303,XLK,情報技術,growth,Leading,11.0,2.0,2.0
2025-10-29,151.2890167236328,0.8161595000415699,0.7942277872205105,102.47767577614485,101.56307107167109,XLK,情報技術,growth,Leading,11.0,2.0,2.0
2025-10-30,149.4285430908203,0.80960480861299,0.7993534610180036,102.5189887477359,101.59813521152033,XLK,情報技術,growth,Leading,11.0,1.0,0.0
2025-10-31,149.5727996826172,0.8086184692018286,0.8024417970792787,102.47231761487511,101.27781374685162,XLK,情報技術,growth,Leading,11.0,1.0,0.0
2025-11-03,150.18466186523438,0.813918470235481,0.8062673547980128,102.45302578946884,100.87194232791737,XLK,情報技術,growth,Leading,11.0,0.0,-2.0
2025-11-04,146.22000122070312,0.797708601277809,0.803414436957945,102.21129690888249,99.97499306919258,XLK,情報技術,growth,Weakening,11.0,0.0,-2.0
2025-11-05,146.7920684814453,0.7961695302208605,0.8009994680455835,102.01545618575382,99.13605840386556,XLK,情報技術,growth,Weakening,11.0,0.0,-2.0
2025-11-06,143.84219360351562,0.7857066832028732,0.7959018730980135,101.75528701664793,98.68941031114697,XLK,情報技術,growth,Weakening,9.0,-2.0,-3.0
2025-11-07,143.34474182128906,0.7764771801823046,0.789426975459444,101.47490126447937,98.38051138016577,XLK,情報技術,growth,Weakening,9.0,-2.0,-3.0
2025-11-10,147.0109405517578,0.7917772108906431,0.7902103872698437,101.44743381292261,98.43079601371954,XLK,情報技術,growth,Weakening,9.0,-2.0,-2.0
2025-11-11,145.7573699951172,0.7805156637429467,0.7869788127608781,101.29407113214045,98.61417365884354,XLK,情報技術,growth,Weakening,8.0,-3.0,-3.0
2025-11-12,146.21006774902344,0.7810872509536342,0.7850149588251303,101.18935838732483,98.78650254168423,XLK,情報技術,growth,Weakening,9.0,-2.0,-2.0
2025-11-13,142.56375122070312,0.7703163809816225,0.7801154328772943,100.99666137211904,98.90892195496937,XLK,情報技術,growth,Weakening,9.0,0.0,2.0
2025-11-14,143.3397674560547,0.7773620426419294,0.7791976361321727,100.93698892597612,99.24361930505452,XLK,情報技術,growth,Weakening,9.0,0.0,2.0
2025-11-17,141.0962677001953,0.775376626669749,0.7779239663113648,100.86721244164889,99.17684683001653,XLK,情報技術,growth,Weakening,8.0,-1.0,1.0
2025-11-18,138.8030242919922,0.7623208032673064,0.7727229119633454,100.67275540238305,99.10778388108952,XLK,情報技術,growth,Weakening,8.0,0.0,3.0
2025-11-19,139.76809692382812,0.769951955346051,0.7717992597575807,100.61824658471153,99.16704974390643,XLK,情報技術,growth,Weakening,8.0,-1.0,1.0
2025-11-20,135.38058471679688,0.7549928285781268,0.7661971160310961,100.4084786607288,99.120774947128,XLK,情報技術,growth,Weakening,7.0,-2.0,-2.0
2025-11-21,135.90292358398438,0.7432992948927818,0.7585645089849914,100.12580388158726,98.76615206867417,XLK,情報技術,growth,Weakening,8.0,-1.0,-1.0
2025-11-24,139.14129638671875,0.7578695725817484,0.7583328635172437,100.09241415660959,98.82289726146713,XLK,情報技術,growth,Weakening,8.0,0.0,1.0
2025-11-25,139.51438903808594,0.7492571523161442,0.7553076264502105,99.95884189350633,98.92698750015064,XLK,情報技術,growth,Lagging,8.0,0.0,0.0
2025-11-26,141.16592407226562,0.7528734710824306,0.7544962413276173,99.90264152633594,98.9456921775799,XLK,情報技術,growth,Lagging,8.0,0.0,1.0
2025-11-28,142.3796844482422,0.7552631900582673,0.7547518909045006,99.88240538856293,99.24551797033254,XLK,情報技術,growth,Lagging,8.0,1.0,3.0
2025-12-01,142.44436645507812,0.760810016197879,0.7567712660022934,99.92700386358467,99.73943056091694,XLK,情報技術,growth,Lagging,8.0,0.0,1.0
2025-12-02,143.91183471679688,0.7693759618824925,0.7609728312956932,100.06016354306853,99.98733497980072,XLK,情報技術,growth,Weakening,9.0,1.0,1.0
2025-12-03,144.25506591796875,0.7653711162206556,0.7624389262706808,100.08749625863908,100.22195010352893,XLK,情報技術,growth,Leading,9.0,1.0,1.0
2025-12-04,144.7923126220703,0.7679809600533898,0.7642862708649172,100.13255360267817,100.36093462119128,XLK,情報技術,growth,Leading,9.0,1.0,1.0
2025-12-05,145.8518829345703,0.7717878256050249,0.7667867891116198,100.21090419611352,100.49794176681146,XLK,情報技術,growth,Leading,9.0,1.0,0.0
2025-12-08,146.87661743164062,0.7818935349498646,0.7718223710577015,100.41477993385853,100.72728577882359,XLK,情報技術,growth,Leading,9.0,1.0,1.0
2025-12-09,147.2646484375,0.7854407333867099,0.776361825167371,100.60854542713808,100.82000591473285,XLK,情報技術,growth,Leading,9.0,0.0,-1.0
2025-12-10,147.9709930419922,0.7782587498088948,0.7769941333812123,100.61791497494265,100.80092212378216,XLK,情報技術,growth,Leading,9.0,0.0,-1.0
2025-12-11,147.2148895263672,0.768079192793082,0.7740224865185023,100.44024266542874,100.48708803483063,XLK,情報技術,growth,Leading,9.0,0.0,-1.0
2025-12-12,142.95672607421875,0.7509529775694685,0.7663326502021578,99.994919152532,99.70989701624266,XLK,情報技術,growth,Lagging,8.0,-1.0,-2.0
2025-12-15,141.57383728027344,0.7427670898706435,0.7584774634249865,99.51555173263566,98.65916869024363,XLK,情報技術,growth,Lagging,5.0,-4.0,-5.0
2025-12-16,141.83250427246094,0.7493870755785595,0.7554473341428443,99.29259644207393,98.07029728644966,XLK,情報技術,growth,Lagging,3.0,-6.0,-6.0
2025-12-17,138.6786651611328,0.7347102979788291,0.7485349887548393,98.83577617704158,97.47742243843358,XLK,情報技術,growth,Lagging,3.0,-6.0,-6.0
2025-12-18,140.8177032470703,0.7444511595722488,0.7471737123606426,98.72369723755813,97.6750145780036,XLK,情報技術,growth,Lagging,3.0,-6.0,-6.0
2025-12-19,143.8621063232422,0.7577855260880961,0.7507109836031272,98.9281952168467,98.68165208712088,XLK,情報技術,growth,Lagging,4.0,-4.0,-3.0
2025-12-22,144.63827514648438,0.7562684259874478,0.7525634643979008,99.0309036763693,99.62355608795713,XLK,情報技術,growth,Lagging,5.0,0.0,4.0
2025-12-23,145.42544555664062,0.762156345578405,0.7557610914580688,99.21595400311948,100.33143846090655,XLK,情報技術,growth,Improving,5.0,2.0,8.0
2025-12-24,145.77420043945312,0.7612244951621574,0.7575822260260984,99.31691248696686,101.30164438247542,XLK,情報技術,growth,Improving,5.0,2.0,8.0
2025-12-26,146.00335693359375,0.7622244790775886,0.7591296437099285,99.39880318444644,101.59714188090491,XLK,情報技術,growth,Improving,5.0,2.0,8.0
2025-12-29,145.34573364257812,0.7600459727779492,0.7594350867326021,99.40071369482636,101.21665152871863,XLK,情報技術,growth,Improving,5.0,1.0,5.0
2025-12-30,144.88739013671875,0.7588648140532096,0.7592449958394712,99.37149455426342,100.96800279398288,XLK,情報技術,growth,Improving,5.0,0.0,0.0
2025-12-31,143.4525604248047,0.7578215048065402,0.7587704988284942,99.32796794159188,100.5761698359835,XLK,情報技術,growth,Improving,4.0,-1.0,-3.0
2026-01-02,143.7813720703125,0.7544386095923495,0.7573265357497794,99.22567757635491,100.2354856523345,XLK,情報技術,growth,Improving,4.0,-1.0,-3.0
2026-01-05,144.10020446777344,0.7491584239747171,0.7546038318247588,99.04094799118259,99.79801614002969,XLK,情報技術,growth,Lagging,4.0,-1.0,-3.0
2026-01-06,146.12290954589844,0.7506120667944662,0.753273243481328,98.95703760798396,99.66602708700619,XLK,情報技術,growth,Lagging,4.0,-1.0,-2.0
2026-01-07,146.00335693359375,0.7585070963814162,0.7550178611146908,99.07700194317502,99.91866795367993,XLK,情報技術,growth,Lagging,5.0,0.0,0.0
2026-01-08,143.72158813476562,0.740306084272994,0.750113935500792,98.77330465477668,99.50321447893289,XLK,情報技術,growth,Lagging,5.0,1.0,2.0
2026-01-09,145.62472534179688,0.745781543284837,0.7486698047621404,98.71269989158635,99.58770817438729,XLK,情報技術,growth,Lagging,5.0,1.0,2.0
2026-01-12,146.26242065429688,0.7483655798430389,0.7485683964557732,98.7374666852911,99.94339458114469,XLK,情報技術,growth,Lagging,5.0,1.0,2.0
2026-01-13,145.9535369873047,0.7467851471965765,0.747973980036041,98.734448432554,100.08402452474017,XLK,情報技術,growth,Improving,4.0,0.0,1.0
2026-01-14,144.179931640625,0.7343686488686155,0.7434388696468992,98.49240230077636,99.49234599222638,XLK,情報技術,growth,Lagging,4.0,-1.0,-1.0
2026-01-15,144.9372100830078,0.7349703759569656,0.7406160384169214,98.37191432225906,99.79393476684129,XLK,情報技術,growth,Lagging,3.0,-2.0,-3.0
2026-01-16,145.0966339111328,0.7376640360493761,0.7396320376277397,98.37160223252185,99.88748106125071,XLK,情報技術,growth,Lagging,3.0,-2.0,-3.0
2026-01-20,141.33021545410156,0.7293989970250636,0.7362210240935143,98.24078937357851,99.63134524687459,XLK,情報技術,growth,Lagging,3.0,-2.0,-3.0
2026-01-21,143.2931365966797,0.7272164715338992,0.7332195065736427,98.14983174095302,99.48906508660937,XLK,情報技術,growth,Lagging,3.0,-1.0,-1.0
2026-01-22,144.3592987060547,0.7316732336870357,0.732704082278107,98.19947132526923,99.97436689816655,XLK,情報技術,growth,Lagging,3.0,-1.0,0.0
2026-01-23,144.5685272216797,0.7360144374514862,0.7338075340025668,98.32582108513306,100.37751341271205,XLK,情報技術,growth,Improving,3.0,0.0,2.0
2026-01-26,145.5549774169922,0.7392885367039423,0.7356345349030253,98.47836854675373,100.61760795114995,XLK,情報技術,growth,Improving,3.0,0.0,2.0
2026-01-27,147.51788330078125,0.750425988000303,0.7405650192687846,98.77679908558817,101.29132141839852,XLK,情報技術,growth,Improving,4.0,1.0,3.0
2026-01-28,148.6936492919922,0.7589633230064297,0.746697787181333,99.12319770008716,101.92587803819806,XLK,情報技術,growth,Improving,6.0,3.0,4.0
2026-01-29,146.34213256835938,0.745982344569543,0.7464593063107363,99.13897208166185,101.82990881755603,XLK,情報技術,growth,Improving,7.0,4.0,5.0
2026-01-30,143.36288452148438,0.7324189494108371,0.7417791873441033,98.92493763313918,101.32797028632649,XLK,情報技術,growth,Improving,4.0,1.0,1.0
2026-02-02,144.7379150390625,0.7356554826301809,0.7397379524394625,98.84248488342546,100.99753914627469,XLK,情報技術,growth,Improving,3.0,0.0,0.0
2026-02-03,141.56935119628906,0.7214712746717862,0.7336490598502371,98.53772276898685,100.04844677619822,XLK,情報技術,growth,Improving,2.0,-2.0,-3.0
2026-02-04,137.62359619140625,0.6953050776011439,0.7208677324338728,97.86893047616395,98.41220506810984,XLK,情報技術,growth,Lagging,1.0,-5.0,-8.0
2026-02-05,135.1425323486328,0.6887534285245466,0.7101629644640974,97.36539329977902,97.69840325976192,XLK,情報技術,growth,Lagging,1.0,-6.0,-10.0
2026-02-06,140.62277221679688,0.7035729720787193,0.707966300335638,97.3505403340237,98.10133339639357,XLK,情報技術,growth,Lagging,2.0,-2.0,-3.0
2026-02-09,142.83477783203125,0.7142163916614911,0.7100496641109224,97.56348549131654,98.58868218306111,XLK,情報技術,growth,Lagging,2.0,-1.0,-1.0
2026-02-10,142.0376739501953,0.7077127896353157,0.7092707059523868,97.63128542764878,99.1523984340145,XLK,情報技術,growth,Lagging,2.0,0.0,2.0
2026-02-11,142.45614624023438,0.7085419550144452,0.709027788973073,97.7128690333946,100.27957536227377,XLK,情報技術,growth,Improving,2.0,1.0,6.0
2026-02-12,138.70968627929688,0.699082066611712,0.7057125481859526,97.64728703925925,100.92360369269097,XLK,情報技術,growth,Improving,4.0,3.0,9.0
2026-02-13,139.0583953857422,0.6936539476784863,0.7016930146834639,97.56429324130917,100.79330902457484,XLK,情報技術,growth,Improving,4.0,2.0,4.0
2026-02-17,138.97869873046875,0.6944544792316503,0.6992801695328594,97.57918737737533,100.47097648303752,XLK,情報技術,growth,Improving,4.0,2.0,3.0
2026-02-18,140.403564453125,0.6979555560679811,0.6988386317112334,97.68164242122332,100.50951042618767,XLK,情報技術,growth,Improving,4.0,2.0,2.0
2026-02-19,139.70608520507812,0.6959584932330914,0.6978785855518528,97.75162549522773,100.4764717725459,XLK,情報技術,growth,Improving,4.0,2.0,1.0
2026-02-20,140.37367248535156,0.696029071899096,0.6972620810009339,97.83628827342474,100.68690907640209,XLK,情報技術,growth,Improving,4.0,0.0,-3.0
2026-02-23,138.0221405029297,0.6919638830709411,0.6954960150242697,97.86565263664026,100.83509325246776,XLK,情報技術,growth,Improving,3.0,-1.0,-3.0
2026-02-24,139.81568908691406,0.695408968316978,0.6954669994551725,97.96841807249905,100.9411260480928,XLK,情報技術,growth,Improving,3.0,-1.0,-3.0
2026-02-25,142.49600219726562,0.7083224964432625,0.6997521651178693,98.23564700953978,101.15387869659202,XLK,情報技術,growth,Improving,4.0,0.0,-2.0
2026-02-26,140.50320434570312,0.6944935173818008,0.6979992825391799,98.23986787519262,101.02119027080776,XLK,情報技術,growth,Improving,3.0,-1.0,-3.0
2026-02-27,138.2612762451172,0.6826116651368765,0.6928700767384122,98.11715163903582,100.68455653199089,XLK,情報技術,growth,Improving,3.0,-1.0,-1.0
2026-03-02,139.03846740722656,0.6877237718858509,0.6911546417875585,98.13724274648106,100.64816749356827,XLK,情報技術,growth,Improving,3.0,0.0,1.0
2026-03-03,137.0058135986328,0.6860868934654268,0.689465392346848,98.15786276270138,100.50647967234755,XLK,情報技術,growth,Improving,3.0,0.0,1.0
2026-03-04,139.33741760253906,0.6949771638064883,0.6913026495000615,98.30253331485768,100.31370208151593,XLK,情報技術,growth,Improving,3.0,-1.0,-1.0
2026-03-05,139.67617797851562,0.7048306886642277,0.6958119958881169,98.52898901613942,100.64119858256501,XLK,情報技術,growth,Improving,3.0,0.0,1.0
2026-03-06,136.7965545654297,0.6986256513647908,0.6967498810470083,98.6134417179703,100.94013110900849,XLK,情報技術,growth,Improving,4.0,1.0,2.0
2026-03-09,139.2576904296875,0.7091904681310829,0.7008967434083666,98.8072763936623,101.18005041905253,XLK,情報技術,growth,Improving,4.0,1.0,1.0
2026-03-10,139.2576904296875,0.7145484378595441,0.7054473082254258,99.00831261999511,101.41791967982505,XLK,情報技術,growth,Improving,4.0,1.0,1.0
2026-03-11,139.92527770996094,0.7203479894238539,0.7104142019582351,99.22058076350574,101.48922694411458,XLK,情報技術,growth,Improving,4.0,1.0,2.0
2026-03-12,137.34457397460938,0.7181690093759168,0.712999137764129,99.34313903354384,101.32274186601741,XLK,情報技術,growth,Improving,4.0,1.0,1.0
2026-03-13,136.30833435058594,0.7127873518048959,0.7129285424443847,99.36427662505643,101.21965996720564,XLK,情報技術,growth,Improving,4.0,0.0,-1.0
2026-03-16,138.28121948242188,0.7177631042247319,0.7145400630378338,99.45271464711603,101.05396267291886,XLK,情報技術,growth,Improving,4.0,0.0,-1.0
2026-03-17,139.03846740722656,0.7176811998286139,0.7155871086347605,99.51949080135267,100.84134688532578,XLK,情報技術,growth,Improving,4.0,0.0,-1.0
2026-03-18,137.46417236328125,0.7190173188729384,0.7167305120474865,99.58944437137518,100.61591552201682,XLK,情報技術,growth,Improving,4.0,0.0,-1.0
2026-03-19,137.9324493408203,0.7220264637733181,0.7184958292894305,99.68494998675102,100.55303581107376,XLK,情報技術,growth,Improving,4.0,0.0,-1.0
2026-03-20,134.8037567138672,0.7161699345917778,0.7177205310568796,99.67051087377112,100.47787024439239,XLK,情報技術,growth,Improving,4.0,0.0,0.0
2026-03-23,136.62744140625,0.7182019924655499,0.717881018193103,99.69540196017478,100.35198343077555,XLK,情報技術,growth,Improving,4.0,0.0,0.0
2026-03-24,135.82933044433594,0.7131509235612302,0.7163043199824788,99.64762764297629,100.1361867412246,XLK,情報技術,growth,Improving,4.0,0.0,0.0
2026-03-25,136.43789672851562,0.7128915410884391,0.7151667270177989,99.61961368920626,99.95665561517608,XLK,情報技術,growth,Lagging,5.0,1.0,1.0
2026-03-26,132.18792724609375,0.6970832809633144,0.7091389116663042,99.37811521813099,99.39155312104964,XLK,情報技術,growth,Lagging,5.0,1.0,1.0
2026-03-27,129.61399841308594,0.6930121515596721,0.7037633249640936,99.16425414354704,99.08237564254311,XLK,情報技術,growth,Lagging,5.0,1.0,1.0
2026-03-30,127.19970703125,0.6815138342363872,0.6963468280548581,98.85873975463151,98.57459535542297,XLK,情報技術,growth,Lagging,3.0,-1.0,-1.0
2026-03-31,132.5869903564453,0.6961275176398825,0.6962737245831996,98.88413412049478,98.74080865730187,XLK,情報技術,growth,Lagging,3.0,-1.0,-1.0
2026-04-01,134.59225463867188,0.7043803378704816,0.6989759290122937,99.03544187164975,99.06796447802374,XLK,情報技術,growth,Lagging,3.0,-2.0,-3.0
2026-04-02,135.6697235107422,0.7079967935204077,0.7019828838483317,99.20204814275338,99.75212082474268,XLK,情報技術,growth,Lagging,4.0,-1.0,-2.0
2026-04-06,136.45785522460938,0.7090617788043944,0.7043425155003527,99.34063720481649,100.32904762192216,XLK,情報技術,growth,Improving,4.0,-1.0,-2.0
2026-04-07,137.1063232421875,0.7140145722416683,0.7075665344141246,99.52688406443559,101.10809818782407,XLK,情報技術,growth,Improving,5.0,2.0,3.0
2026-04-08,141.35629272460938,0.7195248239988922,0.7115526309423805,99.7593396037211,101.3971736349999,XLK,情報技術,growth,Improving,5.0,2.0,3.0
2026-04-09,141.7353973388672,0.721017547029915,0.7147076029715588,99.95918461751185,101.42336161141907,XLK,情報技術,growth,Improving,6.0,3.0,5.0
2026-04-10,142.28408813476562,0.7290721500526316,0.7194957853319164,100.25690543315402,101.57122661677171,XLK,情報技術,growth,Leading,6.0,2.0,3.0
2026-04-13,145.26705932617188,0.7361958569379004,0.7250624758672444,100.61042561518435,101.82649265227106,XLK,情報技術,growth,Leading,6.0,2.0,3.0
2026-04-14,147.59158325195312,0.7448668816479761,0.7316639444608217,101.03573214170753,102.08010606803705,XLK,情報技術,growth,Leading,8.0,3.0,1.0
2026-04-15,149.94601440429688,0.7564840143068093,0.739937301076151,101.55898348024118,102.35672414324995,XLK,情報技術,growth,Leading,11.0,6.0,4.0
2026-04-16,151.66197204589844,0.761670760352765,0.7471817875016891,101.9805036934147,102.4993078968805,XLK,情報技術,growth,Leading,11.0,5.0,2.0
2026-04-17,153.98648071289062,0.7637522637295971,0.7527052795776585,102.25044986345647,102.31377600087569,XLK,情報技術,growth,Leading,11.0,5.0,3.0
2026-04-20,154.19598388671875,0.7623896576703866,0.7559334056085679,102.35500815481625,101.89466120402359,XLK,情報技術,growth,Leading,11.0,5.0,3.0
2026-04-21,154.32566833496094,0.7677397963060478,0.7598688691743947,102.45892013768069,101.43171758196137,XLK,情報技術,growth,Leading,11.0,3.0,0.0
2026-04-22,157.7176513671875,0.7849630012270904,0.7682335798586266,102.72805176363732,101.07553399851271,XLK,情報技術,growth,Leading,11.0,0.0,-6.0
2026-04-23,155.47296142578125,0.7738293459660468,0.7700988352277667,102.64588795975195,100.41987649747317,XLK,情報技術,growth,Leading,11.0,0.0,-5.0
2026-04-24,159.8426513671875,0.797232401457347,0.7791433573042935,102.86015042553734,100.33621726361848,XLK,情報技術,growth,Leading,11.0,0.0,-5.0
2026-04-27,160.19183349609375,0.7999242313297356,0.7860703153127743,102.93022395427569,100.28291731485224,XLK,情報技術,growth,Leading,11.0,0.0,-5.0
2026-04-28,157.47824096679688,0.7904083634681245,0.7875163313645577,102.78735239671171,99.97312667685651,XLK,情報技術,growth,Weakening,11.0,0.0,-3.0
2026-04-29,158.73526000976562,0.7981089123829521,0.7910471917040225,102.74569926608193,99.59531049408244,XLK,情報技術,growth,Weakening,11.0,0.0,0.0
2026-04-30,159.1243438720703,0.7881491190095856,0.7900811674725435,102.55734401594958,99.47907603449136,XLK,情報技術,growth,Weakening,11.0,0.0,0.0
2026-05-01,161.48876953125,0.8023053035262738,0.7941558794904536,102.5430414670139,99.20813293733423,XLK,情報技術,growth,Weakening,11.0,0.0,0.0
2026-05-04,161.66835021972656,0.8078978362871597,0.7987365317560224,102.53391463514187,99.12792333472706,XLK,情報技術,growth,Weakening,11.0,0.0,0.0
2026-05-05,165.2399139404297,0.8192451241501945,0.8055727292207465,102.57258657732619,99.35742258749059,XLK,情報技術,growth,Weakening,11.0,0.0,0.0
2026-05-06,169.62953186035156,0.8343986573172449,0.8151813719195793,102.6564155928645,99.47753270599082,XLK,情報技術,growth,Weakening,11.0,0.0,0.0
2026-05-07,169.29034423828125,0.838089813585537,0.8228175191415653,102.66184139192556,99.67156207209337,XLK,情報技術,growth,Weakening,11.0,0.0,0.0
2026-05-08,175.1066131591797,0.8645052679601741,0.836713435414435,102.79574771384222,99.82737164387855,XLK,情報技術,growth,Weakening,11.0,0.0,0.0
2026-05-11,177.46107482910156,0.8766017267791261,0.8500095325359988,102.87042744151282,99.90905192532801,XLK,情報技術,growth,Weakening,11.0,0.0,0.0
2026-05-12,174.787353515625,0.8641569831653734,0.854725349412457,102.74690126103816,99.61633901052912,XLK,情報技術,growth,Weakening,11.0,0.0,0.0
2026-05-13,176.43348693847656,0.8761214400956655,0.8618573796401932,102.68518025953271,99.37427013206819,XLK,情報技術,growth,Weakening,11.0,0.0,0.0
2026-05-14,179.07723999023438,0.8860184235267063,0.8699110609356976,102.64368651283546,99.30841147862257,XLK,情報技術,growth,Weakening,11.0,0.0,0.0
2026-05-15,175.84486389160156,0.8790902480006597,0.8729707899573517,102.51955714367716,98.91401739953929,XLK,情報技術,growth,Weakening,11.0,0.0,0.0
2026-05-18,173.94935607910156,0.8642969854009679,0.8700795217718904,102.31618005214806,98.50673620181142,XLK,情報技術,growth,Weakening,11.0,0.0,0.0
2026-05-19,172.8319854736328,0.863771048510951,0.8679766973515773,102.15397387698441,98.48736063370272,XLK,情報技術,growth,Weakening,11.0,0.0,0.0
2026-05-20,176.72279357910156,0.8736401450813644,0.8698645132615064,102.07448378225956,98.50063805746103,XLK,情報技術,growth,Weakening,11.0,0.0,0.0
2026-05-21,178.1793670654297,0.8770542833968664,0.8722611033066265,102.01096666573747,98.51363578617111,XLK,情報技術,growth,Weakening,11.0,0.0,0.0
2026-05-22,179.96514892578125,0.8778256543968368,0.87411595367003,101.94558336237061,98.64328154511536,XLK,情報技術,growth,Weakening,11.0,0.0,0.0
2026-05-26,184.70396423339844,0.8963411374199405,0.8815243482533336,101.967436379566,99.00101635349368,XLK,情報技術,growth,Weakening,11.0,0.0,0.0
2026-05-27,183.99562072753906,0.8935491011071681,0.8855325992046118,101.93540426825088,99.21275345801024,XLK,情報技術,growth,Weakening,11.0,0.0,0.0
2026-05-28,186.40992736816406,0.9019701117251616,0.8910117700447951,101.92625224119844,99.33206773559192,XLK,情報技術,growth,Weakening,11.0,0.0,0.0
2026-05-29,190.5701141357422,0.9195386904948163,0.9005207435281356,101.97253769911484,99.49989241630249,XLK,情報技術,growth,Weakening,11.0,0.0,0.0
2026-06-01,195.2989501953125,0.9406446582191406,0.9138953817584707,102.06290107979038,99.72929890583038,XLK,情報技術,growth,Weakening,11.0,0.0,0.0
2026-06-02,197.74319458007812,0.9486536111877502,0.9254814582348974,102.11704023358072,99.77701565999608,XLK,情報技術,growth,Weakening,11.0,0.0,0.0
2026-06-03,195.76783752441406,0.9427227478291207,0.9312285547663053,102.08872957882544,99.78029297468805,XLK,情報技術,growth,Weakening,11.0,0.0,0.0
2026-06-04,192.71505737304688,0.921067278641621,0.9278414627247439,101.94939601998969,99.5983236380569,XLK,情報技術,growth,Weakening,11.0,0.0,0.0
2026-06-05,179.8753662109375,0.8721105997547384,0.9092645084014088,101.63777921455426,99.10488363535013,XLK,情報技術,growth,Weakening,11.0,0.0,0.0
2026-06-08,183.74620056152344,0.8918220919501701,0.9034503695843292,101.50567679322558,98.82353368457385,XLK,情報技術,growth,Weakening,11.0,0.0,0.0
2026-06-09,180.34425354003906,0.8686993970942808,0.8918667120876465,101.31012662505366,98.52368130369413,XLK,情報技術,growth,Weakening,11.0,0.0,0.0
2026-06-10,176.21400451660156,0.8597365884577494,0.8811566708776808,101.13434184010433,98.38147964098019,XLK,情報技術,growth,Weakening,11.0,0.0,0.0
2026-06-11,182.77850341796875,0.8780743044976398,0.8801292154176672,101.08586872735626,98.56115885573683,XLK,情報技術,growth,Weakening,11.0,0.0,0.0
2026-06-12,184.36476135253906,0.8777438191400943,0.8793340833251428,101.04206331053454,98.96195044773431,XLK,情報技術,growth,Weakening,11.0,0.0,0.0
2026-06-15,191.33828735351562,0.9056807014700438,0.8881162893734432,101.11934997679482,99.2710089219748,XLK,情報技術,growth,Weakening,11.0,0.0,0.0
2026-06-16,186.0009002685547,0.8833630124632055,0.8865318637366975,101.06469142033124,99.47985064876217,XLK,情報技術,growth,Weakening,11.0,0.0,0.0
2026-06-17,185.36241149902344,0.8937258192718361,0.8889298489150771,101.061706907154,99.7252138679054,XLK,情報技術,growth,Weakening,11.0,0.0,0.0
2026-06-18,190.98912048339844,0.9166007104524148,0.898153469427523,101.14423642848152,99.9101438590039,XLK,情報技術,growth,Weakening,11.0,0.0,0.0
2026-06-22,191.926025390625,0.919075781862587,0.9051275735725444,101.19593474447902,100.043932451866,XLK,情報技術,growth,Leading,11.0,0.0,0.0
2026-06-23,183.97531127929688,0.8840388287668159,0.8980979919706349,101.07111988671814,99.77407023863859,XLK,情報技術,growth,Weakening,11.0,0.0,0.0
2026-06-24,182.83663940429688,0.8723448912555782,0.8895136250656162,100.93012083201698,99.66210344852631,XLK,情報技術,growth,Weakening,11.0,0.0,0.0
2026-06-25,184.35487365722656,0.8738978070532971,0.8843083523948432,100.8347765634286,99.5423263351141,XLK,情報技術,growth,Weakening,10.0,-1.0,-1.0
2026-06-26,180.89889526367188,0.8633868367952514,0.877334513861646,100.71745409864184,99.27376496383741,XLK,情報技術,growth,Weakening,10.0,-1.0,-1.0
2026-06-29,185.19387817382812,0.8725182612964038,0.8757290963398987,100.67132997372147,99.14135072955901,XLK,情報技術,growth,Weakening,9.0,-2.0,-2.0
2026-06-30,190.2979278564453,0.8977452001443146,0.8830677976080373,100.74708126435407,99.39668041198433,XLK,情報技術,growth,Weakening,9.0,-2.0,-2.0
2026-07-01,185.40362548828125,0.8720329228597622,0.879389506025279,100.67216109309575,99.47134007779032,XLK,情報技術,growth,Weakening,9.0,-2.0,-2.0
2026-07-02,180.37950134277344,0.8424807352662185,0.8670865824389256,100.4717329461621,99.3177630047562,XLK,情報技術,growth,Weakening,9.0,-1.0,0.0
2026-07-06,183.3560333251953,0.8560245138138467,0.8633992262305661,100.39186131055887,99.37438310895509,XLK,情報技術,growth,Weakening,8.0,-2.0,-1.0
2026-07-07,178.97113037109375,0.8366035430491564,0.8544673318367628,100.22793900070005,99.22790673904822,XLK,情報技術,growth,Weakening,8.0,-1.0,1.0
2026-07-08,181.1885528564453,0.8570670806789917,0.8553339147841725,100.2123003200575,99.12901253217997,XLK,情報技術,growth,Weakening,8.0,-1.0,1.0
2026-07-09,185.1339569091797,0.8703974981093348,0.8603551092258933,100.2654576533511,99.3303072070015,XLK,情報技術,growth,Weakening,9.0,0.0,2.0
2026-07-10,185.56344604492188,0.8691599418801196,0.8632900534439687,100.28657578928933,99.65940862054097,XLK,情報技術,growth,Weakening,9.0,0.0,1.0
2026-07-13,181.06869506835938,0.84838415468315,0.8583214205236959,100.16736450809789,99.62700259350797,XLK,情報技術,growth,Weakening,9.0,1.0,3.0
2026-07-14,183.4059600830078,0.8624754265362052,0.8597060891945324,100.16050123307336,99.87841496209374,XLK,情報技術,growth,Weakening,9.0,1.0,2.0
2026-07-15,181.36834716796875,0.8548157078631226,0.8580759620840626,100.09485766463298,99.83646012479016,XLK,情報技術,growth,Weakening,9.0,1.0,2.0
2026-07-16,177.31307983398438,0.8275811135805562,0.8479110125828938,99.84968661946056,99.39767715535547,XLK,情報技術,growth,Lagging,9.0,0.0,0.0
2026-07-17,175.3853302001953,0.8250672418805474,0.8402964223487784,99.64377413861695,99.00796848127428,XLK,情報技術,growth,Lagging,9.0,0.0,0.0
2026-07-20,175.50518798828125,0.8293235342299501,0.8366387929758358,99.51420334380765,98.94591224249727,XLK,情報技術,growth,Lagging,7.0,-2.0,-3.0
2026-07-21,180.56927490234375,0.8518896321720292,0.8417224060412336,99.58079504433881,99.0567927478574,XLK,情報技術,growth,Lagging,7.0,-2.0,-3.0
2026-07-22,180.05987548828125,0.8497259907519854,0.8443902676114843,99.59377539658264,99.22020571856115,XLK,情報技術,growth,Lagging,7.0,-2.0,-3.0
2026-07-23,178.2419891357422,0.8442431248987271,0.8443412200405652,99.54239661041863,99.75122870994636,XLK,情報技術,growth,Lagging,5.0,-4.0,-4.0
2026-07-24,175.67498779296875,0.8256559688149289,0.8381128029653531,99.32019257820917,99.73525111896916,XLK,情報技術,growth,Lagging,5.0,-4.0,-4.0
2026-07-27,174.09683227539062,0.8121166825928121,0.8294474295078395,99.02446773805033,99.2456677447922,XLK,情報技術,growth,Lagging,4.0,-3.0,-1.0
2026-07-28,170.89056396484375,0.7879688498748162,0.8156212362968318,98.58188326628951,97.66473985716722,XLK,情報技術,growth,Lagging,2.0,-5.0,-3.0
2026-07-29,166.3758544921875,0.7741216537860659,0.8017880421265766,98.14535723641933,96.56483601599209,XLK,情報技術,growth,Lagging,2.0,-5.0,-3.0
2026-07-30,175.52516174316406,0.8180191069957057,0.807198397082953,98.27206897398375,97.31423505516949,XLK,情報技術,growth,Lagging,2.0,-3.0,1.0
2026-07-31,175.14561462402344,0.8176549348538402,0.8106839096732488,98.33451989100931,98.2077049307981,XLK,情報技術,growth,Lagging,1.0,-4.0,0.0
2026-08-03,177.83245849609375,0.8221681231855241,0.8145119808440072,98.41195938308755,99.26250132885193,XLK,情報技術,growth,Lagging,1.0,-3.0,0.0
2026-08-04,186.68214416503906,0.8508553792862243,0.826626446991413,98.74765821136313,101.37257454205692,XLK,情報技術,growth,Improving,3.0,1.0,6.0
2026-08-05,185.69329833984375,0.8482743074206321,0.8338424004678194,98.94131913457849,102.8416460832108,XLK,情報技術,growth,Improving,6.0,4.0,9.0
2026-08-06,185.11398315429688,0.8500769451008162,0.8392539153454851,99.09112552018959,102.6955102871611,XLK,情報技術,growth,Improving,7.0,5.0,8.0
2026-08-07,187.7509002685547,0.8562708797240213,0.8449262368049972,99.25865613739774,102.75104621443585,XLK,情報技術,growth,Improving,7.0,6.0,10.0
2026-08-10,186.1028289794922,0.8482535127612533,0.8460353287904159,99.28796280552493,102.51235489558647,XLK,情報技術,growth,Improving,5.0,4.0,7.0
2026-08-11,185.87307739257812,0.8454020018215034,0.8458242198007785,99.28411830774797,101.7511689663409,XLK,情報技術,growth,Improving,5.0,2.0,1.0
2026-08-12,188.63986206054688,0.8564725753129321,0.849373671638163,99.40799319947574,101.5714561185734,XLK,情報技術,growth,Improving,7.0,1.0,-3.0
2026-08-13,190.54763793945312,0.8587254074684457,0.852490916914924,99.51916352700833,101.4554406667937,XLK,情報技術,growth,Improving,8.0,1.0,-4.0
2026-08-14,189.78851318359375,0.855150723823205,0.8533775192176845,99.5585956531582,101.16718879106782,XLK,情報技術,growth,Improving,8.0,1.0,-5.0
2026-08-17,190.09815979003906,0.8642273024774366,0.8569941136376019,99.68909905126374,101.33421698129776,XLK,情報技術,growth,Improving,8.0,3.0,-1.0
2026-08-18,185.40362548828125,0.8467198575073613,0.8535693615941884,99.58313471243845,101.0912612312954,XLK,情報技術,growth,Improving,8.0,3.0,1.0
2026-08-19,183.4259490966797,0.8290874081786442,0.8454087104556738,99.32325924455952,100.29982425206809,XLK,情報技術,growth,Improving,8.0,1.0,0.0
2026-08-20,182.88658142089844,0.8333668237867231,0.8413947482326902,99.20788093840582,99.829609125822,XLK,情報技術,growth,Lagging,8.0,0.0,-1.0
2026-08-21,183.09632873535156,0.8290909510500305,0.837293482505137,99.09536367656125,99.51252827680084,XLK,情報技術,growth,Lagging,7.0,-1.0,-2.0
2026-08-24,179.8401336669922,0.8133922873508698,0.8293264174537146,98.86617381429424,98.79406106139399,XLK,情報技術,growth,Lagging,4.0,-4.0,-7.0
2026-08-25,181.52816772460938,0.8216193511222183,0.8267573953432159,98.82080812337908,98.93981102280141,XLK,情報技術,growth,Lagging,4.0,-4.0,-7.0
2026-08-26,182.6268768310547,0.8253269670863856,0.8262805859242726,98.84362369937934,99.51799779973672,XLK,情報技術,growth,Lagging,4.0,-4.0,-5.0
2026-08-27,188.39015197753906,0.8539097534843803,0.8354903084443086,99.16833674009403,100.398153035541,XLK,情報技術,growth,Improving,6.0,-2.0,-2.0
2026-08-28,185.4735565185547,0.84358487073718,0.8381884958752659,99.28106073580847,100.83922567904882,XLK,情報技術,growth,Improving,6.0,-1.0,0.0
2026-08-31,186.28260803222656,0.8522851594365551,0.8428873837290289,99.45874691299666,101.60841102662108,XLK,情報技術,growth,Improving,7.0,3.0,7.0
2026-09-01,183.4259490966797,0.8461576526250942,0.8439774733610508,99.51949456031176,101.7611491264125,XLK,情報技術,growth,Improving,7.0,3.0,7.0
2026-09-02,183.38600158691406,0.8420646809393155,0.8433398758871391,99.52031297764063,101.67052244958401,XLK,情報技術,growth,Improving,6.0,2.0,6.0
2026-09-03,185.75323486328125,0.8473141339876389,0.8446646285873057,99.59443456745039,101.17463428063498,XLK,情報技術,growth,Improving,6.0,0.0,2.0
2026-09-04,187.06170654296875,0.857373808242968,0.8489010218058599,99.7890837525949,101.28541125678359,XLK,情報技術,growth,Improving,6.0,0.0,1.0
2026-09-08,187.6510009765625,0.8690830933287803,0.8556283789801667,100.09515599696583,101.46600653994031,XLK,情報技術,growth,Leading,8.0,1.0,-2.0
2026-09-09,187.6510009765625,0.8775455404532435,0.8629340994711924,100.4287045114289,101.87642537077642,XLK,情報技術,growth,Leading,8.0,1.0,-2.0
2026-09-10,185.0041046142578,0.8711334939695324,0.865667230970639,100.56122501526377,102.01961881042982,XLK,情報技術,growth,Leading,7.0,1.0,-1.0
2026-09-11,187.4512481689453,0.8756731153394205,0.8690025257602328,100.71792039950735,102.06356962145509,XLK,情報技術,growth,Leading,7.0,1.0,1.0
2026-09-14,184.06520080566406,0.8592953931315334,0.8657668148839998,100.5916902665972,101.45901123954505,XLK,情報技術,growth,Leading,7.0,1.0,1.0
2026-09-15,183.5258331298828,0.8609819255736683,0.864171851780556,100.54834945687091,100.84159858144123,XLK,情報技術,growth,Leading,7.0,-1.0,-2.0
2026-09-16,183.71559143066406,0.868693119559523,0.8656789410402117,100.6408775610783,100.42206957738,XLK,情報技術,growth,Leading,7.0,-1.0,-2.0
2026-09-17,187.84078979492188,0.8839101977348962,0.8717560266051065,100.9445186219453,100.69593636879394,XLK,情報技術,growth,Leading,8.0,1.0,0.0
2026-09-18,189.37899780273438,0.8954301622967539,0.8796474051689891,101.35485182237696,101.0961786182295,XLK,情報技術,growth,Leading,8.0,1.0,0.0
2026-09-21,194.85000610351562,0.916165190961585,0.8918200004331878,101.9859759003489,102.22924151272703,XLK,情報技術,growth,Leading,10.0,3.0,2.0
2026-09-22,196.27000427246094,0.9223214354218012,0.9019871454293923,102.45715644172508,102.8016712508239,XLK,情報技術,growth,Leading,11.0,4.0,5.0
2026-09-23,195.33999633789062,0.9244238256343038,0.9094660388310296,102.7054434397224,102.786937766064,XLK,情報技術,growth,Leading,11.0,4.0,5.0
2026-09-24,194.7100067138672,0.92604400171587,0.9149920264593098,102.79886203059353,102.33886749894309,XLK,情報技術,growth,Leading,11.0,3.0,2.0
2026-09-25,196.27000427246094,0.9297049107338075,0.9198963212174758,102.8149498810166,101.73675186245191,XLK,情報技術,growth,Leading,11.0,3.0,2.0
2026-09-28,194.52999877929688,0.9274816138289702,0.9224247520879739,102.72871253029768,100.77659298686677,XLK,情報技術,growth,Leading,11.0,1.0,-2.0
2026-09-29,194.52999877929688,0.9274816138289702,0.9241103726683061,102.63709377459327,100.03222480785257,XLK,情報技術,growth,Leading,11.0,0.0,-4.0
2024-09-30,98.5252456665039,0.5681412172147141,0.5681412172147141,,,XLY,一般消費財・サービス,growth,,,,
2024-10-01,98.126953125,0.568860859059467,0.5683810978296318,,,XLY,一般消費財・サービス,growth,,,,
2024-10-02,97.29595947265625,0.564645495756207,0.5671358971384902,,,XLY,一般消費財・サービス,growth,,,,
2024-10-03,96.169921875,0.560756663898439,0.5650094860584732,,,XLY,一般消費財・サービス,growth,,,,
2024-10-04,97.44346618652344,0.5637596921294757,0.5645928880821407,,,XLY,一般消費財・サービス,growth,,,,
2024-10-07,95.92898559570312,0.559351789884231,0.5628458553495042,,,XLY,一般消費財・サービス,growth,,,,
2024-10-08,96.86325073242188,0.5634636054204091,0.5630517720398058,,,XLY,一般消費財・サービス,growth,,,,
2024-10-09,97.55656433105469,0.5636249802419487,0.5632428414405202,,,XLY,一般消費財・サービス,growth,,,,
2024-10-10,97.07467651367188,0.562950187926263,0.5631452902691011,,,XLY,一般消費財・サービス,growth,,,,
2024-10-11,96.6616439819336,0.5551021093085814,0.5604642299489279,,,XLY,一般消費財・サービス,growth,,,,
2024-10-14,97.08452606201172,0.5534695474951071,0.5581326691309876,,,XLY,一般消費財・サービス,growth,,,,
2024-10-15,97.29595947265625,0.5571962152460616,0.5578205178360123,,,XLY,一般消費財・サービス,growth,,,,
2024-10-16,97.8073501586914,0.5563623124678958,0.5573344493799735,,,XLY,一般消費財・サービス,growth,,,,
2024-10-17,97.71884155273438,0.5567478169034777,0.5571389052211415,,,XLY,一般消費財・サービス,growth,,,,
2024-10-18,98.10236358642578,0.5572733545850451,0.557183721675776,,,XLY,一般消費財・サービス,growth,,,,
2024-10-21,97.3402099609375,0.5576968082981258,0.5573547505498927,,,XLY,一般消費財・サービス,growth,,,,
2024-10-22,96.94683074951172,0.5579493884693991,0.5575529631897282,,,XLY,一般消費財・サービス,growth,,,,
2024-10-23,95.42251586914062,0.5509876898466566,0.5553645387420377,,,XLY,一般消費財・サービス,growth,,,,
2024-10-24,98.43182373046875,0.5682368367875643,0.5596553047572133,,,XLY,一般消費財・サービス,growth,,,,
2024-10-25,98.7416000366211,0.5727455487869694,0.5640187194337987,,,XLY,一般消費財・サービス,growth,,,,
2024-10-28,98.97272491455078,0.5708490150237958,0.5662954846304644,,,XLY,一般消費財・サービス,growth,,,,
2024-10-29,98.45640563964844,0.5695882294991319,0.5673930662533536,,,XLY,一般消費財・サービス,growth,,,,
2024-10-30,98.31873321533203,0.5700366337438635,0.5682742554168569,,,XLY,一般消費財・サービス,growth,,,,
2024-10-31,96.81407928466797,0.5673626048859048,0.5679703719065397,,,XLY,一般消費財・サービス,growth,,,,
2024-11-01,98.38755798339844,0.5762241058148176,0.5707216165426323,,,XLY,一般消費財・サービス,growth,,,,
2024-11-04,98.04828643798828,0.573554421503054,0.5716658848627729,,,XLY,一般消費財・サービス,growth,,,,
2024-11-05,99.78404998779297,0.5769781191235791,0.573436629616375,,,XLY,一般消費財・サービス,growth,,,,
2024-11-06,102.97528839111328,0.5816599928410691,0.5761777506912731,,,XLY,一般消費財・サービス,growth,,,,
2024-11-07,104.29801177978516,0.5885522445930064,0.5803025819918509,,,XLY,一般消費財・サービス,growth,,,,
2024-11-08,105.77806091308594,0.593596955888017,0.5847340399572396,,,XLY,一般消費財・サービス,growth,,,,
2024-11-11,107.912109375,0.6025615388488812,0.5906765395877869,,,XLY,一般消費財・サービス,growth,,,,
2024-11-12,106.47137451171875,0.5990821930863125,0.5934784240872955,,,XLY,一般消費財・サービス,growth,,,,
2024-11-13,107.38106536865234,0.6038718347535721,0.5969428943093877,,,XLY,一般消費財・サービス,growth,,,,
2024-11-14,105.85674285888672,0.600101423606831,0.5979957374085355,,,XLY,一般消費財・サービス,growth,,,,
2024-11-15,104.95198059082031,0.5992470438341869,0.5984128395504194,,,XLY,一般消費財・サービス,growth,,,,
2024-11-18,105.92066955566406,0.6023478631957992,0.5997245140988794,,,XLY,一般消費財・サービス,growth,,,,
2024-11-19,105.99934387207031,0.6044255629119942,0.6012915303699178,,,XLY,一般消費財・サービス,growth,,,,
2024-11-20,105.5322036743164,0.5997426004680244,0.60077522040262,,,XLY,一般消費財・サービス,growth,,,,
2024-11-21,105.71907043457031,0.5933303902623458,0.5982936103558619,,,XLY,一般消費財・サービス,growth,,,,
2024-11-22,107.24339294433594,0.5971813372393722,0.5979228526503654,,,XLY,一般消費財・サービス,growth,,,,
2024-11-25,108.33991241455078,0.5978734974460868,0.5979064009156059,,,XLY,一般消費財・サービス,growth,,,,
2024-11-26,108.73329162597656,0.5999802474807118,0.5985976831039745,,,XLY,一般消費財・サービス,growth,,,,
2024-11-27,108.19730377197266,0.5975972201199641,0.5982641954426378,,,XLY,一般消費財・サービス,growth,,,,
2024-11-29,109.30859375,0.6019009375630687,0.5994764428161148,,,XLY,一般消費財・サービス,growth,,,,
2024-12-02,110.26252746582031,0.608678567608022,0.6025438177467506,,,XLY,一般消費財・サービス,growth,,,,
2024-12-03,110.17893981933594,0.6109265579619805,0.6053380644851606,,,XLY,一般消費財・サービス,growth,,,,
2024-12-04,111.20169830322266,0.6165644828362806,0.609080203935534,,,XLY,一般消費財・サービス,growth,,,,
2024-12-05,112.11136627197266,0.6247263065966413,0.6142955714892364,,,XLY,一般消費財・サービス,growth,,,,
2024-12-06,114.47162628173828,0.6386018150664321,0.622397652681635,,,XLY,一般消費財・サービス,growth,,,,
2024-12-09,114.10775756835938,0.6391951072829016,0.6279968042153906,,,XLY,一般消費財・サービス,growth,,,,
2024-12-10,114.29459381103516,0.6441885977642806,0.6333940687316872,,,XLY,一般消費財・サービス,growth,,,,
2024-12-11,116.30079650878906,0.6548887789849643,0.6405589721494463,,,XLY,一般消費財・サービス,growth,,,,
2024-12-12,115.33704376220703,0.6518421648801663,0.6443200363930197,,,XLY,一般消費財・サービス,growth,,,,
2024-12-13,115.79434204101562,0.6567259321439852,0.648455334976675,,,XLY,一般消費財・サービス,growth,,,,
2024-12-16,117.36290740966797,0.6678217563023517,0.6549108087519007,,,XLY,一般消費財・サービス,growth,,,,
2024-12-17,117.73169708251953,0.6752385403991537,0.661686719300985,,,XLY,一般消費財・サービス,growth,,,,
2024-12-18,112.42607879638672,0.6644701053382668,0.6626145146467456,,,XLY,一般消費財・サービス,growth,,,,
2024-12-19,112.27364349365234,0.6657783698650539,0.6636691330528484,,,XLY,一般消費財・サービス,growth,,,,
2024-12-20,112.558837890625,0.6582505655668482,0.6618629438908483,,,XLY,一般消費財・サービス,growth,,,,
2024-12-23,112.9002456665039,0.6593482344172478,0.6610247073996481,,,XLY,一般消費財・サービス,growth,,,,
2024-12-24,115.51127624511719,0.6695451833394921,0.6638648660462628,,,XLY,一般消費財・サービス,growth,,,,
2024-12-26,115.08268737792969,0.6659736485948923,0.6645677935624728,,,XLY,一般消費財・サービス,growth,,,,
2024-12-27,113.1810531616211,0.6594543305445003,0.6628633058898153,101.86754410535015,,XLY,一般消費財・サービス,growth,,10.0,,
2024-12-30,111.3631820678711,0.6554656629655352,0.6603974249150553,101.7232440249178,,XLY,一般消費財・サービス,growth,,10.0,,
2024-12-31,110.52568054199219,0.6493483173706821,0.6567143890669309,101.56058914735347,,XLY,一般消費財・サービス,growth,,10.0,,
2025-01-02,109.0723648071289,0.6426805177215834,0.6520364319518152,101.38479351015052,,XLY,一般消費財・サービス,growth,,9.0,,
2025-01-03,111.27943420410156,0.6497350120034404,0.6512692919690236,101.3183063062645,,XLY,一般消費財・サービス,growth,,9.0,,
2025-01-06,111.71788787841797,0.6527392821542061,0.6517592886974177,101.28696327644685,,XLY,一般消費財・サービス,growth,,9.0,-1.0,
2025-01-07,109.55516815185547,0.6422537072137312,0.648590761536189,101.16558227987173,,XLY,一般消費財・サービス,growth,,9.0,-1.0,
2025-01-08,109.86552429199219,0.643303751197347,0.646828424756575,101.08444858890869,,XLY,一般消費財・サービス,growth,,8.0,-2.0,
2025-01-10,108.7866439819336,0.6464356797341227,0.6466975097490909,101.04739884328124,,XLY,一般消費財・サービス,growth,,9.0,0.0,
2025-01-13,109.4024429321289,0.6448099479433986,0.6460683224805268,100.99898042982015,,XLY,一般消費財・サービス,growth,,10.0,1.0,
2025-01-14,109.19061279296875,0.6384079510379247,0.6435148653329928,100.90293828617858,,XLY,一般消費財・サービス,growth,,10.0,1.0,2.0
2025-01-15,111.96913146972656,0.648429570543625,0.6451531004032036,100.9172770995068,,XLY,一般消費財・サービス,growth,,9.0,0.0,1.0
2025-01-16,111.3631820678711,0.6398811454755812,0.6433957820939962,100.84325072484683,,XLY,一般消費財・サービス,growth,,9.0,1.0,3.0
2025-01-17,112.92488098144531,0.645719068106169,0.6441702107647205,100.83725614777413,,XLY,一般消費財・サービス,growth,,9.0,0.0,0.0
2025-01-21,113.75251770019531,0.6429874858301226,0.6437759691198546,100.8004797026426,,XLY,一般消費財・サービス,growth,,8.0,-2.0,-3.0
2025-01-22,113.32392120361328,0.6428236771248904,0.6434585384548666,100.76632194516216,,XLY,一般消費財・サービス,growth,,8.0,-2.0,-3.0
2025-01-23,114.00870513916016,0.6436580892962888,0.6435250554020073,100.74328372805287,,XLY,一般消費財・サービス,growth,,8.0,-1.0,-1.0
2025-01-24,113.3140640258789,0.6402981576841508,0.6424494228293884,100.68814405603183,,XLY,一般消費財・サービス,growth,,9.0,0.0,-1.0
2025-01-27,113.95943450927734,0.6435210651826929,0.6428066369471567,100.67490904488967,,XLY,一般消費財・サービス,growth,,8.0,-1.0,-1.0
2025-01-28,114.09738159179688,0.6474964635499724,0.6443699124814286,100.69789739602797,,XLY,一般消費財・サービス,growth,,8.0,0.0,2.0
2025-01-29,113.7722396850586,0.647793878215565,0.6455112343928074,100.70877871790714,,XLY,一般消費財・サービス,growth,,8.0,0.0,2.0
2025-01-30,114.8856201171875,0.6472246251150502,0.6460823646335551,100.70260674640366,,XLY,一般消費財・サービス,growth,,9.0,1.0,2.0
2025-01-31,114.37818908691406,0.6496989247479584,0.6472878846716895,100.71746194525505,,XLY,一般消費財・サービス,growth,,8.0,-1.0,-1.0
2025-02-03,112.86575317382812,0.6446290844736122,0.6464016179389971,100.66474927285977,,XLY,一般消費財・サービス,growth,,8.0,0.0,1.0
2025-02-04,114.19590759277344,0.6514311225591167,0.648078119479037,100.69856933083085,,XLY,一般消費財・サービス,growth,,8.0,0.0,0.0
2025-02-05,112.9002456665039,0.6409148421804597,0.6456903603795113,100.59211181281275,,XLY,一般消費財・サービス,growth,,8.0,0.0,0.0
2025-02-06,113.34855651855469,0.6443125089717808,0.6452310765769346,100.55202707047953,,XLY,一般消費財・サービス,growth,,8.0,-1.0,-2.0
2025-02-07,111.13163757324219,0.6348304112712877,0.641764188141719,100.39761855472567,,XLY,一般消費財・サービス,growth,,8.0,0.0,1.0
2025-02-10,111.51097869873047,0.6351998237290434,0.6395760666708272,100.28539389147853,,XLY,一般消費財・サービス,growth,,7.0,-1.0,-1.0
2025-02-11,110.24486541748047,0.627918186994798,0.6356901067788175,100.09875120220462,,XLY,一般消費財・サービス,growth,,4.0,-4.0,-4.0
2025-02-12,110.22515869140625,0.6314741760266754,0.6342847965281035,100.00827049493184,,XLY,一般消費財・サービス,growth,,3.0,-5.0,-5.0
2025-02-13,111.88046264648438,0.6354411087575927,0.6346702339379333,99.99471065672624,,XLY,一般消費財・サービス,growth,,2.0,-6.0,-5.0
2025-02-14,111.8311996459961,0.6357926556056733,0.6350443744938467,99.9815996577093,,XLY,一般消費財・サービス,growth,,2.0,-6.0,-6.0
2025-02-18,111.52082824707031,0.6291982433208753,0.6330956641028562,99.86370423422248,,XLY,一般消費財・サービス,growth,,1.0,-6.0,-5.0
2025-02-19,111.456787109375,0.6275644293737082,0.6312519191931403,99.74685443210811,,XLY,一般消費財・サービス,growth,,1.0,-3.0,1.0
2025-02-20,110.49610900878906,0.6237243705950352,0.6287427363271052,99.59332758901417,,XLY,一般消費財・サービス,growth,,1.0,-2.0,3.0
2025-02-21,107.5895004272461,0.6159633552154671,0.6244829426232259,99.34918273322144,,XLY,一般消費財・サービス,growth,,2.0,0.0,6.0
2025-02-24,107.1855239868164,0.6131391209669437,0.6207016687377985,99.12494601325432,,XLY,一般消費財・サービス,growth,,2.0,0.0,6.0
2025-02-25,106.6239013671875,0.6093170511711974,0.6169067962155982,98.89457128711668,,XLY,一般消費財・サービス,growth,,2.0,1.0,7.0
2025-02-26,106.18544006347656,0.6080939686316837,0.61396918702096,98.69823603345164,,XLY,一般消費財・サービス,growth,,2.0,1.0,4.0
2025-02-27,104.65330505371094,0.6046001757058691,0.6108461832492631,98.4886281907263,,XLY,一般消費財・サービス,growth,,1.0,0.0,2.0
2025-02-28,106.39236450195312,0.6078925517375583,0.6098616394120282,98.39175789297316,,XLY,一般消費財・サービス,growth,,1.0,-1.0,-1.0
2025-03-03,104.4316177368164,0.6031163545850121,0.6076132111363561,98.22920649537996,,XLY,一般消費財・サービス,growth,,2.0,0.0,0.0
2025-03-04,102.58911895751953,0.6022047944715911,0.6058104055814345,98.09216835116042,,XLY,一般消費財・サービス,growth,,2.0,0.0,-1.0
2025-03-05,104.15080261230469,0.6057421745522024,0.6057876619050238,98.06110114531462,,XLY,一般消費財・サービス,growth,,2.0,0.0,-1.0
2025-03-06,101.51021575927734,0.5969948673815569,0.6028567303972014,97.88837198662742,,XLY,一般消費財・サービス,growth,,2.0,1.0,1.0
2025-03-07,101.32301330566406,0.5903629454023819,0.5986921353989283,97.68234408961412,,XLY,一般消費財・サービス,growth,,2.0,1.0,2.0
2025-03-10,97.70697784423828,0.5774314036246571,0.5916052248075045,97.38234635298444,,XLY,一般消費財・サービス,growth,,2.0,0.0,0.0
2025-03-11,96.75122833251953,0.5795009010077743,0.5875704502075945,97.31267606438078,,XLY,一般消費財・サービス,growth,,1.0,-1.0,-1.0
2025-03-12,97.31283569335938,0.5856244870328705,0.5869217958160198,97.44180466180138,,XLY,一般消費財・サービス,growth,,1.0,-1.0,-1.0
2025-03-13,94.88409423828125,0.5765356113184232,0.583459734316821,97.44609979126972,,XLY,一般消費財・サービス,growth,,1.0,-1.0,-2.0
2025-03-14,96.90394592285156,0.5777935458173202,0.5815710048169874,97.52842714313812,,XLY,一般消費財・サービス,growth,,1.0,-1.0,-2.0
2025-03-17,97.05667114257812,0.5709986258953068,0.5780468785097606,97.54401581585537,,XLY,一般消費財・サービス,growth,,1.0,-1.0,-1.0
2025-03-18,95.32746887207031,0.563757214943898,0.5732836573211397,97.51955617058859,,XLY,一般消費財・サービス,growth,,1.0,0.0,1.0
2025-03-19,97.15519714355469,0.5703398106344736,0.572302375092251,97.63777779996057,,XLY,一般消費財・サービス,growth,,1.0,0.0,1.0
2025-03-20,96.92366027832031,0.5713589632767205,0.5719879044870742,97.76065489669047,,XLY,一般消費財・サービス,growth,,1.0,0.0,1.0
2025-03-21,97.27344512939453,0.5760598268254548,0.573345211933201,97.91949540499644,,XLY,一般消費財・サービス,growth,,1.0,0.0,1.0
2025-03-24,100.92017364501953,0.5885358868364583,0.5784087702342868,98.18353097294998,,XLY,一般消費財・サービス,growth,,1.0,0.0,1.0
2025-03-25,101.72539520263672,0.5946531505752548,0.5838235636812762,98.4361452158584,,XLY,一般消費財・サービス,growth,,1.0,0.0,0.0
2025-03-26,100.39653015136719,0.5879922129930844,0.585213113451879,98.53722544081783,,XLY,一般消費財・サービス,growth,,2.0,1.0,1.0
2025-03-27,100.46075439453125,0.589885779558122,0.5867706688206267,98.63841345642227,,XLY,一般消費財・サービス,growth,,2.0,1.0,1.0
2025-03-28,97.33863830566406,0.580502453573208,0.5846812637381538,98.60915210375218,,XLY,一般消費財・サービス,growth,,2.0,1.0,1.0
2025-03-31,97.54613494873047,0.5769377978080855,0.582100108428131,98.56346264951365,,XLY,一般消費財・サービス,growth,,2.0,1.0,1.0
2025-04-01,98.56377410888672,0.5823514520345505,0.5821838896302709,98.61044779840454,,XLY,一般消費財・サービス,growth,,2.0,1.0,1.0
2025-04-02,100.43604278564453,0.5884927889661723,0.5842868560755714,98.72489132263456,,XLY,一般消費財・サービス,growth,,2.0,0.0,-1.0
2025-04-03,94.36968231201172,0.5806066420315017,0.5830601180608815,98.72192294247078,,XLY,一般消費財・サービス,growth,,2.0,0.0,-1.0
2025-04-04,90.299072265625,0.5886104479090536,0.5849102280102723,98.8258105768483,,XLY,一般消費財・サービス,growth,,2.0,0.0,-1.0
2025-04-07,89.23202514648438,0.586543415763276,0.5854546239279402,98.88090231406895,101.12495109926282,XLY,一般消費財・サービス,growth,Improving,3.0,1.0,0.0
2025-04-08,87.11274719238281,0.583621190043085,0.5848434792996552,98.89381203738417,101.02141080752443,XLY,一般消費財・サービス,growth,Improving,2.0,0.0,-1.0
2025-04-09,96.59762573242188,0.5992437586328059,0.5896435724107054,99.09534326974088,101.16311927281164,XLY,一般消費財・サービス,growth,Improving,2.0,0.0,0.0
2025-04-10,92.82344055175781,0.5958909201937287,0.5917260216717132,99.19736065667234,101.331842142731,XLY,一般消費財・サービス,growth,Improving,2.0,0.0,0.0
2025-04-11,93.72252655029297,0.5926759996113283,0.5920426809849183,99.23501976122806,101.16114944664177,XLY,一般消費財・サービス,growth,Improving,3.0,1.0,1.0
2025-04-14,93.99423217773438,0.5868958480017454,0.5903270699905274,99.19921130335214,100.95160360484677,XLY,一般消費財・サービス,growth,Improving,3.0,0.0,-1.0
2025-04-15,93.31744384765625,0.5845582018822966,0.5884041139544505,99.15628061096841,100.81645167961057,XLY,一般消費財・サービス,growth,Improving,3.0,1.0,1.0
2025-04-16,91.01538848876953,0.5775529634717717,0.5847870637935575,99.05262213733528,100.20272780914418,XLY,一般消費財・サービス,growth,Improving,3.0,1.0,1.0
2025-04-17,91.58842468261719,0.5769016881254542,0.5821586052375232,98.98686853050577,99.86792997094842,XLY,一般消費財・サービス,growth,Lagging,2.0,0.0,0.0
2025-04-21,89.14311218261719,0.5730185091568861,0.5791119065439775,98.90707662299667,99.63826346568007,XLY,一般消費財・サービス,growth,Lagging,2.0,-1.0,-2.0
2025-04-22,91.96387481689453,0.5769256062560869,0.5783831397813473,98.91327672530574,99.72468739402322,XLY,一般消費財・サービス,growth,Lagging,2.0,-1.0,-1.0
2025-04-23,94.01893615722656,0.5841664753931205,0.580310918318605,99.01631810697371,100.01484894672238,XLY,一般消費財・サービス,growth,Improving,3.0,0.0,-1.0
2025-04-24,95.8912124633789,0.585886727614118,0.5821695214171094,99.11483148193031,100.40857755975121,XLY,一般消費財・サービス,growth,Improving,3.0,0.0,-1.0
2025-04-25,97.61528778076172,0.5972754212325282,0.5872048213555824,99.33279501539906,100.94873036358243,XLY,一般消費財・サービス,growth,Improving,4.0,2.0,2.0
2025-04-28,97.64987182617188,0.5958147055370536,0.5900747827494062,99.46829196057078,101.33046578311288,XLY,一般消費財・サービス,growth,Improving,3.0,1.0,2.0
2025-04-29,98.34147644042969,0.596553012344614,0.5922341926144754,99.57781331782262,101.48008960361946,XLY,一般消費財・サービス,growth,Improving,2.0,0.0,1.0
2025-04-30,97.44731140136719,0.5902901294573613,0.591586171562104,99.57633263263858,101.24615027171957,XLY,一般消費財・サービス,growth,Improving,2.0,-1.0,-1.0
2025-05-01,97.98580169677734,0.5943602304211189,0.5925108578484424,99.6400120142854,101.15112762149852,XLY,一般消費財・サービス,growth,Improving,3.0,0.0,0.0
2025-05-02,99.50731658935547,0.5931252149305433,0.5927156435424761,99.67528767675499,100.79799149635218,XLY,一般消費財・サービス,growth,Improving,3.0,-1.0,-3.0
2025-05-05,98.45014953613281,0.5887762342800554,0.5914025071216693,99.6441954219561,100.48310258124489,XLY,一般消費財・サービス,growth,Improving,3.0,0.0,-1.0
2025-05-06,97.59058380126953,0.5879944786941638,0.5902664976458342,99.61916344609574,100.23305310360551,XLY,一般消費財・サービス,growth,Improving,4.0,2.0,2.0
2025-05-07,98.35134887695312,0.5887008739607057,0.5897446230841247,99.62104238909683,100.23442955112436,XLY,一般消費財・サービス,growth,Improving,4.0,2.0,3.0
2025-05-08,99.51226806640625,0.5906805478002896,0.5900565979895129,99.66419043113726,100.19133226265471,XLY,一般消費財・サービス,growth,Improving,4.0,1.0,1.0
2025-05-09,99.99144744873047,0.5936623282076778,0.5912585080622346,99.75643204122451,100.28509195527869,XLY,一般消費財・サービス,growth,Improving,4.0,1.0,2.0
2025-05-12,104.96113586425781,0.6065432500023367,0.5963534220422686,100.07152696646786,100.89800742771124,XLY,一般消費財・サービス,growth,Leading,7.0,4.0,4.0
2025-05-13,106.34928894042969,0.6131815828403994,0.6019628089749789,100.43785102435093,101.55833252017061,XLY,一般消費財・サービス,growth,Leading,8.0,4.0,2.0
2025-05-14,106.75930786132812,0.6192745403332954,0.6077333860944177,100.83789005788945,102.1613095327302,XLY,一般消費財・サービス,growth,Leading,8.0,4.0,2.0
2025-05-15,106.5221939086914,0.6123177638885551,0.6092615120257969,101.00154229223469,102.24043991089701,XLY,一般消費財・サービス,growth,Leading,9.0,5.0,4.0
2025-05-16,107.52995300292969,0.6121009729745881,0.6102079990087274,101.14488332340862,102.19668116418818,XLY,一般消費財・サービス,growth,Leading,9.0,5.0,4.0
2025-05-19,107.27801513671875,0.6107346957602912,0.6103835645925819,101.24268412587307,101.76102249907426,XLY,一般消費財・サービス,growth,Leading,9.0,2.0,-2.0
2025-05-20,106.71978759765625,0.6091474525199055,0.6099715272350231,101.30233385977286,101.22675251485613,XLY,一般消費財・サービス,growth,Leading,9.0,1.0,-3.0
2025-05-21,104.55604553222656,0.6100864728818899,0.6100098424506454,101.39295898769016,100.7103607188304,XLY,一般消費財・サービス,growth,Leading,9.0,1.0,-3.0
2025-05-22,105.0055923461914,0.614669865043469,0.61156318331492,101.58542507872639,100.73074365219186,XLY,一般消費財・サービス,growth,Leading,9.0,0.0,-5.0
2025-05-23,104.06204223632812,0.6115926216917141,0.6115729961071847,101.6371597696843,100.55935544199578,XLY,一般消費財・サービス,growth,Leading,8.0,-1.0,-6.0
2025-05-27,107.13475036621094,0.6181277775298053,0.6137579232480583,101.8393116809156,100.70635698961145,XLY,一般消費財・サービス,growth,Leading,9.0,0.0,-2.0
2025-05-28,106.15167999267578,0.6177083204769085,0.6150747223243418,101.94328703227013,100.75889534588997,XLY,一般消費財・サービス,growth,Leading,9.0,0.0,-1.0
2025-05-29,106.19615173339844,0.6164616141056628,0.6155370195847821,101.95387073063071,100.59864923744409,XLY,一般消費財・サービス,growth,Leading,9.0,0.0,-1.0
2025-05-30,105.61814880371094,0.6133495728487589,0.6148078706727744,101.86600759429112,100.06050695217262,XLY,一般消費財・サービス,growth,Leading,9.0,0.0,0.0
2025-06-02,105.86515808105469,0.6142966149657204,0.6146374521037565,101.81664732374256,99.83281255607504,XLY,一般消費財・サービス,growth,Weakening,8.0,0.0,1.0
2025-06-03,106.42833709716797,0.6124655477084551,0.6139134839719894,101.72176905594347,99.20864137225743,XLY,一般消費財・サービス,growth,Weakening,8.0,-1.0,-1.0
2025-06-04,106.14674377441406,0.6122205916326553,0.6133491865255447,101.6453224241378,98.8155167362639,XLY,一般消費財・サービス,growth,Weakening,8.0,-1.0,-1.0
2025-06-05,103.46922302246094,0.598394323858861,0.6083642323033168,101.23671032885944,97.97748639832217,XLY,一般消費財・サービス,growth,Weakening,8.0,-1.0,-1.0
2025-06-06,104.81292724609375,0.6009752236021155,0.6059012294029165,101.02799688801466,97.75651477611791,XLY,一般消費財・サービス,growth,Weakening,8.0,-1.0,-1.0
2025-06-09,105.6527328491211,0.6056888529420846,0.6058304372493059,100.99679071469332,97.78782381389424,XLY,一般消費財・サービス,growth,Weakening,8.0,0.0,0.0
2025-06-10,106.91739654541016,0.6099016889385303,0.6071875211457141,101.06873220519645,98.10419213963925,XLY,一般消費財・サービス,growth,Weakening,8.0,0.0,1.0
2025-06-11,106.07263946533203,0.6068058663336131,0.6070603028750138,101.02752374962508,98.17556906766522,XLY,一般消費財・サービス,growth,Weakening,8.0,0.0,1.0
2025-06-12,105.5737075805664,0.6025386577704076,0.605553087840145,100.88498768423237,98.70795738597334,XLY,一般消費財・サービス,growth,Weakening,8.0,0.0,1.0
2025-06-13,104.60050964355469,0.6042888284344332,0.6051316680382411,100.82597976979008,99.01638710141738,XLY,一般消費財・サービス,growth,Weakening,8.0,0.0,1.0
2025-06-16,105.72684478759766,0.6049627728084868,0.6050753696283231,100.79495876848,99.03548650491332,XLY,一般消費財・サービス,growth,Weakening,8.0,0.0,0.0
2025-06-17,103.90396118164062,0.6002986572764498,0.6034831321776988,100.64870767600573,98.63541835127653,XLY,一般消費財・サービス,growth,Weakening,8.0,0.0,0.0
2025-06-18,103.95335388183594,0.6005163108534405,0.6024941917362794,100.54737696600876,98.56183456849372,XLY,一般消費財・サービス,growth,Weakening,8.0,0.0,0.0
2025-06-20,104.07685852050781,0.6002482912923098,0.6017455582549562,100.46280699375808,98.71579245814756,XLY,一般消費財・サービス,growth,Weakening,8.0,0.0,0.0
2025-06-23,106.13975524902344,0.6067888012345178,0.6034266392481435,100.57696163487797,99.07579445306386,XLY,一般消費財・サービス,growth,Weakening,8.0,0.0,0.0
2025-06-24,106.72886657714844,0.6044337056129531,0.6037623280364135,100.5810682222536,99.16975580836714,XLY,一般消費財・サービス,growth,Weakening,8.0,0.0,0.0
2025-06-25,105.471435546875,0.6016534254638106,0.6030593605122125,100.49875867292533,99.31735858315459,XLY,一般消費財・サービス,growth,Weakening,8.0,0.0,0.0
2025-06-26,106.44173431396484,0.6026403810100734,0.6029197006781662,100.46570926972541,99.47320610456138,XLY,一般消費財・サービス,growth,Weakening,8.0,0.0,0.0
2025-06-27,108.21404266357422,0.6104391590540904,0.6054261868034743,100.66093708639494,100.04476116505633,XLY,一般消費財・サービス,growth,Leading,8.0,0.0,0.0
2025-06-30,107.59027099609375,0.6040818970148003,0.6049780902072497,100.59834521125808,99.71102411707683,XLY,一般消費財・サービス,growth,Weakening,8.0,0.0,0.0
2025-07-01,108.05066680908203,0.5996391178104171,0.6031984327416389,100.4181253746558,99.35886761271995,XLY,一般消費財・サービス,growth,Weakening,8.0,0.0,0.0
2025-07-02,108.91700744628906,0.6030693574306994,0.6031554076379924,100.3908942084643,99.47956644842516,XLY,一般消費財・サービス,growth,Weakening,8.0,0.0,0.0
2025-07-03,109.51107788085938,0.6034445414929407,0.6032517855896418,100.3773079570866,99.52816682620491,XLY,一般消費財・サービス,growth,Weakening,8.0,0.0,0.0
2025-07-07,108.11996459960938,0.6005789018663864,0.6023608243485566,100.27153345651979,98.95085414325958,XLY,一般消費財・サービス,growth,Weakening,8.0,0.0,0.0
2025-07-08,107.75363159179688,0.5970490394531771,0.6005902293834302,100.08293470784318,98.74066308916719,XLY,一般消費財・サービス,growth,Weakening,7.0,-1.0,-1.0
2025-07-09,108.39225006103516,0.5987991553954808,0.5999932047207804,100.0039436383355,98.96928921922441,XLY,一般消費財・サービス,growth,Weakening,7.0,-1.0,-1.0
2025-07-10,109.59028625488281,0.601930657836026,0.6006390224258623,100.04302429890863,99.12227847209115,XLY,一般消費財・サービス,growth,Weakening,7.0,-1.0,-1.0
2025-07-11,109.6199951171875,0.6065339850145735,0.6026040099554327,100.2185954499973,99.50356294221426,XLY,一般消費財・サービス,growth,Weakening,7.0,-1.0,-1.0
2025-07-14,110.02593994140625,0.6081535382187405,0.6044538527098686,100.38459558740077,100.03948661413358,XLY,一般消費財・サービス,growth,Leading,7.0,-1.0,-1.0
2025-07-15,108.45166778564453,0.6078813971228241,0.6055963675141871,100.4794061674535,100.58951167662373,XLY,一般消費財・サービス,growth,Leading,7.0,0.0,1.0
2025-07-16,108.64968872070312,0.6066255187927443,0.6059394179403729,100.49251853591228,100.76046127848187,XLY,一般消費財・サービス,growth,Leading,8.0,1.0,2.0
2025-07-17,109.0209732055664,0.6037760602843244,0.6052182987216901,100.39738930373946,100.4976074704389,XLY,一般消費財・サービス,growth,Leading,8.0,1.0,2.0
2025-07-18,109.986328125,0.6093538708336813,0.6065968227590205,100.51437782889363,100.37390953369562,XLY,一般消費財・サービス,growth,Leading,9.0,2.0,3.0
2025-07-21,110.50614166259766,0.6143351532323779,0.6091762662501397,100.76278033146761,100.51531524384639,XLY,一般消費財・サービス,growth,Leading,9.0,2.0,3.0
2025-07-22,111.62496185302734,0.6127433587846873,0.6103652970949889,100.8779593779743,100.534296960073,XLY,一般消費財・サービス,growth,Leading,9.0,2.0,2.0
2025-07-23,112.15467071533203,0.610592760662512,0.6104411182841633,100.8796985251788,100.49310600415235,XLY,一般消費財・サービス,growth,Leading,9.0,1.0,0.0
2025-07-24,110.2982177734375,0.6024142392529518,0.6077654919404262,100.5388545775988,100.00664532391018,XLY,一般消費財・サービス,growth,Leading,8.0,0.0,-1.0
2025-07-25,111.3229751586914,0.6050962558932433,0.6068757465913652,100.39959860233682,99.51355546572609,XLY,一般消費財・サービス,growth,Weakening,9.0,0.0,-2.0
2025-07-28,111.97150421142578,0.6122414082671762,0.6086643004833022,100.6226329223058,99.47965059160545,XLY,一般消費財・サービス,growth,Weakening,9.0,0.0,-2.0
2025-07-29,111.19921112060547,0.6083119406595583,0.608546847208721,100.58249120363709,99.20364590723862,XLY,一般消費財・サービス,growth,Weakening,9.0,0.0,-2.0
2025-07-30,110.4962387084961,0.6084130766926744,0.6085022570367055,100.55174440276897,99.16795674170899,XLY,一般消費財・サービス,growth,Weakening,9.0,0.0,-1.0
2025-07-31,109.6199951171875,0.6091433191811495,0.6087159444181869,100.56019761348156,99.8657919009901,XLY,一般消費財・サービス,growth,Weakening,8.0,0.0,0.0
2025-08-01,106.97640228271484,0.601230734848518,0.6062208745616307,100.14299731963342,99.34227888040559,XLY,一般消費財・サービス,growth,Weakening,7.0,-2.0,-2.0
2025-08-04,108.23384094238281,0.6009497482830705,0.6044638324687772,99.82496179510001,98.34642860035173,XLY,一般消費財・サービス,growth,Lagging,7.0,-2.0,-2.0
2025-08-05,108.3724594116211,0.603393859080727,0.6041071746727604,99.71937001121223,98.29345940766787,XLY,一般消費財・サービス,growth,Lagging,7.0,-2.0,-2.0
2025-08-06,110.62496185302734,0.6173163988604125,0.6085102494019778,100.46337689780265,99.7571838062891,XLY,一般消費財・サービス,growth,Weakening,7.0,-2.0,-2.0
2025-08-07,110.59030151367188,0.6174943992107137,0.6115049660048898,101.02501509825531,100.78243351304297,XLY,一般消費財・サービス,growth,Leading,7.0,-1.0,-1.0
2025-08-08,110.78336334228516,0.6174574318449848,0.6134891212849215,101.45345779661946,102.23166357784373,XLY,一般消費財・サービス,growth,Leading,8.0,1.0,3.0
2025-08-11,111.07050323486328,0.6207530392448817,0.615910427271575,102.01731424815871,103.38433976595128,XLY,一般消費財・サービス,growth,Leading,10.0,3.0,5.0
2025-08-12,112.24873352050781,0.6194665368057706,0.6170957971163069,102.23573768888826,103.4633387289234,XLY,一般消費財・サービス,growth,Leading,11.0,4.0,6.0
2025-08-13,113.7883529663086,0.6191234409798398,0.6177716784041513,102.26413091352593,102.31154502414098,XLY,一般消費財・サービス,growth,Leading,11.0,4.0,6.0
2025-08-14,113.65963745117188,0.6224725104790728,0.6193386224291251,102.44544253274887,101.7612935926363,XLY,一般消費財・サービス,growth,Leading,11.0,4.0,5.0
2025-08-15,113.3873519897461,0.6225181321792451,0.6203984590124985,102.49744441131439,101.25658013409537,XLY,一般消費財・サービス,growth,Leading,11.0,3.0,2.0
2025-08-18,113.84281158447266,0.625153234049121,0.621983384024706,102.62299928976321,100.67344711059518,XLY,一般消費財・サービス,growth,Leading,11.0,1.0,-2.0
2025-08-19,113.7883529663086,0.6219422823607946,0.6219696834700689,102.45736877336142,100.14697036329176,XLY,一般消費財・サービス,growth,Leading,11.0,0.0,-4.0
2025-08-20,112.66458129882812,0.6163612861002487,0.6201002176801288,102.01922442817114,99.48748534105466,XLY,一般消費財・サービス,growth,Weakening,11.0,0.0,-4.0
2025-08-21,111.99625396728516,0.6148477742575184,0.6183494032059254,101.65153369537254,98.72381643723779,XLY,一般消費財・サービス,growth,Weakening,11.0,0.0,-4.0
2025-08-22,115.39729309082031,0.6214163705301796,0.6193717256473434,101.76251324248454,98.8478737549672,XLY,一般消費財・サービス,growth,Weakening,11.0,0.0,-3.0
2025-08-25,115.16460418701172,0.624945453889057,0.621229635061248,101.98416748501992,99.01765561580288,XLY,一般消費財・サービス,growth,Weakening,11.0,0.0,-1.0
2025-08-26,115.6943130493164,0.6273862176380255,0.6232818292535072,102.20974312947045,99.59895077462166,XLY,一般消費財・サービス,growth,Weakening,11.0,0.0,0.0
2025-08-27,115.71907043457031,0.625260894152434,0.6239415175531495,102.21267425293087,100.24858896012447,XLY,一般消費財・サービス,growth,Leading,11.0,0.0,0.0
2025-08-28,115.91708374023438,0.6266294817036454,0.6248375056033149,102.24408261772064,100.8279874360502,XLY,一般消費財・サービス,growth,Leading,11.0,0.0,0.0
2025-08-29,114.72400665283203,0.6206402872929071,0.623438432833179,101.96513895051994,100.26300406735591,XLY,一般消費財・サービス,growth,Leading,11.0,0.0,0.0
2025-09-02,113.8675537109375,0.6209117898558496,0.6225962185074025,101.7869267522639,99.69008224247959,XLY,一般消費財・サービス,growth,Weakening,11.0,0.0,0.0
2025-09-03,114.32797241210938,0.624390139023219,0.6231941920126747,101.80440564119988,99.39572061574815,XLY,一般消費財・サービス,growth,Weakening,10.0,-1.0,-1.0
2025-09-04,116.4170913696289,0.6311379518664807,0.6258421119639433,102.06354724213169,99.76361627532478,XLY,一般消費財・サービス,growth,Weakening,10.0,-1.0,-1.0
2025-09-05,116.392333984375,0.6302670791831327,0.6273171010370066,102.13349956440948,99.8038479472029,XLY,一般消費財・サービス,growth,Weakening,10.0,-1.0,-1.0
2025-09-08,116.84284210205078,0.6332106424595927,0.6292816148445353,102.24144158680336,100.34905526508126,XLY,一般消費財・サービス,growth,Leading,10.0,-1.0,-1.0
2025-09-09,116.67947387695312,0.6342790623291271,0.6309474306727326,102.29530943021585,100.6685835211596,XLY,一般消費財・サービス,growth,Leading,10.0,-1.0,-1.0
2025-09-10,115.28341674804688,0.6273249702890537,0.629739943878173,102.04391498666853,100.24680556591872,XLY,一般消費財・サービス,growth,Leading,10.0,0.0,1.0
2025-09-11,117.52601623535156,0.6300864536057021,0.6298554471206828,101.95602552158647,99.7075777993202,XLY,一般消費財・サービス,growth,Weakening,10.0,0.0,1.0
2025-09-12,118.13493347167969,0.6379428488370081,0.6325512476927913,102.12707600776204,99.85281499386538,XLY,一般消費財・サービス,growth,Weakening,10.0,0.0,1.0
2025-09-15,119.15969848632812,0.644602417928701,0.6365683044380945,102.38751294818249,100.07773277110009,XLY,一般消費財・サービス,growth,Leading,10.0,0.0,1.0
2025-09-16,119.89237213134766,0.6502896533710378,0.6411420874157423,102.63791141045648,100.36579116048281,XLY,一般消費財・サービス,growth,Leading,10.0,0.0,1.0
2025-09-17,119.59040069580078,0.6480317799871973,0.6434386516062274,102.64900559895229,100.74377869124316,XLY,一般消費財・サービス,growth,Leading,10.0,0.0,0.0
2025-09-18,119.05078887939453,0.6409214036485662,0.6425995689536736,102.41429269344208,100.49815985745485,XLY,一般消費財・サービス,growth,Leading,10.0,0.0,0.0
2025-09-19,119.50128173828125,0.6444686597736915,0.643222599227013,102.32548844211195,100.08285824275045,XLY,一般消費財・サービス,growth,Leading,10.0,0.0,0.0
2025-09-22,119.11198425292969,0.6420625263306466,0.6428359082615576,102.17035704323172,99.43726160710584,XLY,一般消費財・サービス,growth,Weakening,9.0,-1.0,-1.0
2025-09-23,117.99118041992188,0.6352457046792241,0.6403058404007798,101.87825369316478,98.62704045130842,XLY,一般消費財・サービス,growth,Weakening,9.0,-1.0,-1.0
2025-09-24,118.82434844970703,0.6412264362471377,0.6406127056828992,101.82108487777964,98.56168414503199,XLY,一般消費財・サービス,growth,Weakening,9.0,-1.0,-1.0
2025-09-25,117.14810943603516,0.6374286201057789,0.6395513438238591,101.6712721090068,98.72193073076053,XLY,一般消費財・サービス,growth,Weakening,8.0,-2.0,-2.0
2025-09-26,118.87889862060547,0.6405002280557581,0.6398676385678255,101.62898859666407,98.82567095210341,XLY,一般消費財・サービス,growth,Weakening,8.0,-2.0,-2.0
2025-09-29,119.39962005615234,0.6411637099291809,0.640299662354944,101.5980520800732,99.02979429531689,XLY,一般消費財・サービス,growth,Weakening,8.0,-1.0,0.0
2025-09-30,118.84418487548828,0.6364990239921573,0.6390327829006818,101.45232857852143,99.25228826899753,XLY,一般消費財・サービス,growth,Weakening,8.0,-1.0,0.0
2025-10-01,119.58807373046875,0.6390345326932109,0.6390333661648582,101.40387159066518,99.27477766987317,XLY,一般消費財・サービス,growth,Weakening,9.0,0.0,1.0
2025-10-02,118.72515869140625,0.6329254351967776,0.6369973891754981,101.21536329853791,99.23049087409548,XLY,一般消費財・サービス,growth,Weakening,9.0,1.0,3.0
2025-10-03,117.96143341064453,0.6266509761834027,0.6335485848447997,100.93292637140026,98.89775771500469,XLY,一般消費財・サービス,growth,Weakening,7.0,-1.0,1.0
2025-10-06,118.97311401367188,0.632223643556932,0.6331069377488439,100.87304841007237,98.86644197162308,XLY,一般消費財・サービス,growth,Weakening,8.0,0.0,1.0
2025-10-07,116.89022827148438,0.6238963340098812,0.630036736502523,100.61885550849408,98.73304398412245,XLY,一般消費財・サービス,growth,Weakening,7.0,-1.0,0.0
2025-10-08,117.23738098144531,0.6237177014351742,0.6279303914800735,100.43404622881141,98.57447602376591,XLY,一般消費財・サービス,growth,Weakening,7.0,-2.0,-2.0
2025-10-09,116.65217590332031,0.6257817855168375,0.6272141894923282,100.35448134860596,98.75710359679229,XLY,一般消費財・サービス,growth,Weakening,7.0,-2.0,-3.0
2025-10-10,113.44352722167969,0.6226062816395406,0.6256782202080657,100.20954960688161,98.97375071631994,XLY,一般消費財・サービス,growth,Weakening,7.0,0.0,1.0
2025-10-13,115.97772216796875,0.6303850651296451,0.627247168515259,100.31328719808708,99.22027286653834,XLY,一般消費財・サービス,growth,Weakening,7.0,-1.0,-1.0
2025-10-14,116.2207260131836,0.6265106427921727,0.627001659940897,100.27019761891108,99.52514408182682,XLY,一般消費財・サービス,growth,Weakening,7.0,0.0,1.0
2025-10-15,116.38933563232422,0.6261570788574453,0.6267201329130798,100.22261642884249,99.72424738378344,XLY,一般消費財・サービス,growth,Weakening,7.0,0.0,2.0
2025-10-16,115.26358795166016,0.6260345557748074,0.6264916072003224,100.17961204767268,99.78416845682567,XLY,一般消費財・サービス,growth,Weakening,7.0,0.0,2.0
2025-10-17,116.25543975830078,0.628231140140287,0.627071451513644,100.20811524841032,100.02963943794269,XLY,一般消費財・サービス,growth,Leading,7.0,0.0,0.0
2025-10-20,117.17786407470703,0.6269466436778213,0.6270298489017031,100.1836012272616,99.86498727148096,XLY,一般消費財・サービス,growth,Weakening,7.0,0.0,1.0
2025-10-21,118.61109161376953,0.631720736610457,0.6285934781379545,100.3008799611805,100.0933998497793,XLY,一般消費財・サービス,growth,Leading,7.0,0.0,0.0
2025-10-22,117.68370819091797,0.6298190323194953,0.6290019961984682,100.31350077489704,100.1775014459068,XLY,一般消費財・サービス,growth,Leading,7.0,0.0,0.0
2025-10-23,118.21434783935547,0.6296736469157003,0.629225879770879,100.30881335456502,100.22490131380097,XLY,一般消費財・サービス,growth,Leading,8.0,1.0,1.0
2025-10-24,117.86224365234375,0.6260913123793791,0.6281810239737124,100.18535308637378,100.01296182589562,XLY,一般消費財・サービス,growth,Leading,7.0,0.0,0.0
2025-10-27,119.5583267211914,0.6322909303068744,0.6295509927514331,100.29187083274529,100.18484477850645,XLY,一般消費財・サービス,growth,Leading,8.0,1.0,1.0
2025-10-28,119.58807373046875,0.6379272916673958,0.6323430923900873,100.54258250941572,100.35653316581049,XLY,一般消費財・サービス,growth,Leading,8.0,1.0,1.0
2025-10-29,118.6011734008789,0.6398182530595042,0.6348348126132264,100.7702068789181,100.6414724356731,XLY,一般消費財・サービス,growth,Leading,8.0,1.0,1.0
2025-10-30,115.92316436767578,0.6280724509551204,0.6325806920605245,100.51353446004795,100.28499445406206,XLY,一般消費財・サービス,growth,Leading,7.0,-1.0,-2.0
2025-10-31,118.98799133300781,0.6432712873547896,0.6361442238252795,100.88350748125252,100.93353875505736,XLY,一般消費財・サービス,growth,Leading,7.0,0.0,0.0
2025-11-03,120.10383605957031,0.6508968978652228,0.641061781838594,101.43835859602822,101.49824445860838,XLY,一般消費財・サービス,growth,Leading,8.0,0.0,-1.0
2025-11-04,118.11021423339844,0.6443546232128363,0.6421593956300081,101.55048599233709,101.2678481768613,XLY,一般消費財・サービス,growth,Leading,8.0,0.0,-1.0
2025-11-05,119.54840087890625,0.6484055654440543,0.6442414522346902,101.76584946984825,101.22733057598268,XLY,一般消費財・サービス,growth,Leading,9.0,1.0,0.0
2025-11-06,116.78607940673828,0.6379185466808192,0.6421338170500666,101.47412497712423,101.20077204984749,XLY,一般消費財・サービス,growth,Leading,8.0,1.0,2.0
2025-11-07,116.96957397460938,0.633606812590047,0.63929148223006,101.09004005966649,100.23943473889808,XLY,一般消費財・サービス,growth,Leading,8.0,1.0,1.0
2025-11-10,118.5069580078125,0.6382593590000565,0.6389474411533922,101.01898096226614,99.32298759873694,XLY,一般消費財・サービス,growth,Weakening,7.0,-1.0,-1.0
2025-11-11,118.79955291748047,0.6361593372661625,0.6380180731909824,100.87273175487927,98.89405846702246,XLY,一般消費財・サービス,growth,Weakening,7.0,-1.0,-1.0
2025-11-12,118.00111389160156,0.6303886392917246,0.6354749285578964,100.51139801213277,97.92083030044265,XLY,一般消費財・サービス,growth,Weakening,6.0,-3.0,-4.0
2025-11-13,115.0552978515625,0.6216796338121858,0.630876496975993,99.86468063148943,97.42434462647131,XLY,一般消費財・サービス,growth,Lagging,6.0,-2.0,-3.0
2025-11-14,114.50482177734375,0.6209839999668993,0.6275789979729618,99.3904774450008,97.44378870397533,XLY,一般消費財・サービス,growth,Lagging,5.0,-3.0,-4.0
2025-11-17,113.42864227294922,0.6233327035992697,0.6261635665150644,99.1750380253641,97.40479496118093,XLY,一般消費財・サービス,growth,Lagging,4.0,-3.0,-2.0
2025-11-18,111.33583068847656,0.6114680880751444,0.6212650737017578,98.47519276182385,96.87146823371464,XLY,一般消費財・サービス,growth,Lagging,1.0,-6.0,-5.0
2025-11-19,111.3407974243164,0.6133521638586892,0.6186274370874016,98.09871622795615,97.09438988667158,XLY,一般消費財・サービス,growth,Lagging,1.0,-5.0,-2.0
2025-11-20,109.67943572998047,0.6116622083724595,0.616305694182421,97.80710371543834,97.70004020891781,XLY,一般消費財・サービス,growth,Lagging,1.0,-5.0,-3.0
2025-11-21,111.83175659179688,0.6116458986250956,0.614752428996646,97.66974554600924,98.20396257795463,XLY,一般消費財・サービス,growth,Lagging,1.0,-4.0,-1.0
2025-11-24,113.32450103759766,0.6172516240304479,0.6155854940079133,97.85972347664105,98.75258591815441,XLY,一般消費財・サービス,growth,Lagging,1.0,-3.0,0.0
2025-11-25,115.74959564208984,0.6216291596192424,0.6176000492116898,98.17497231087796,100.02569405024795,XLY,一般消費財・サービス,growth,Improving,1.0,0.0,6.0
2025-11-26,116.54307556152344,0.6215536107971014,0.6189179030734937,98.38332191885726,100.76651747860015,XLY,一般消費財・サービス,growth,Improving,1.0,0.0,5.0
2025-11-28,117.26713562011719,0.6220518838812373,0.6199625633427416,98.53699871631687,101.30159752183705,XLY,一般消費財・サービス,growth,Improving,1.0,0.0,5.0
2025-12-01,117.33656311035156,0.6267066553926712,0.6222105940260515,98.8235781128228,101.75605826585911,XLY,一般消費財・サービス,growth,Improving,3.0,2.0,6.0
2025-12-02,117.25721740722656,0.6268760634445578,0.6237657504988869,99.01806250152944,101.69065368292429,XLY,一般消費財・サービス,growth,Improving,4.0,3.0,6.0
2025-12-03,118.5218276977539,0.6288388070414563,0.6254567693464101,99.23352996215947,101.52056949045756,XLY,一般消費財・サービス,growth,Improving,5.0,4.0,4.0
2025-12-04,118.10028839111328,0.6264059964145113,0.6257731783691106,99.27812315892643,101.29418898902587,XLY,一般消費財・サービス,growth,Improving,4.0,3.0,3.0
2025-12-05,118.75492858886719,0.628401953210285,0.6266494366495021,99.39556951643118,101.2301130029257,XLY,一般消費財・サービス,growth,Improving,7.0,6.0,6.0
2025-12-08,117.02908325195312,0.6230010276373609,0.6254333003121217,99.25664731290138,100.749987598926,XLY,一般消費財・サービス,growth,Improving,6.0,3.0,1.0
2025-12-09,117.01918029785156,0.624125557414168,0.6249973860128039,99.2151123425347,100.48312729840102,XLY,一般消費財・サービス,growth,Improving,6.0,2.0,-1.0
2025-12-10,118.73507690429688,0.6244913993635044,0.6248287237963708,99.20790828777179,100.22881994665687,XLY,一般消費財・サービス,growth,Improving,5.0,0.0,-4.0
2025-12-11,119.20124816894531,0.6219207769546508,0.6238594081824641,99.11019456350898,100.07026512679778,XLY,一般消費財・サービス,growth,Improving,5.0,1.0,-2.0
2025-12-12,119.7170181274414,0.6288745811223033,0.6255311324957439,99.33819175449341,100.19968326288387,XLY,一般消費財・サービス,growth,Improving,6.0,-1.0,-7.0
2025-12-15,120.7386245727539,0.6334551533794195,0.6281724727903024,99.68604251524006,100.7506019157647,XLY,一般消費財・サービス,growth,Improving,7.0,1.0,-2.0
2025-12-16,120.93699645996094,0.6389834443893532,0.631776129989986,100.16343377451872,101.32415980586815,XLY,一般消費財・サービス,growth,Leading,9.0,3.0,1.0
2025-12-17,119.53848266601562,0.6333068905547866,0.6322863835115863,100.25444698360474,101.4079207917641,XLY,一般消費財・サービス,growth,Leading,9.0,4.0,4.0
2025-12-18,121.3436508178711,0.6414990407818173,0.63535726926833,100.68420138685013,101.91461214526142,XLY,一般消費財・サービス,growth,Leading,9.0,4.0,3.0
2025-12-19,120.85765075683594,0.6366108546663485,0.6357751310676696,100.76890801101975,101.69021581784831,XLY,一般消費財・サービス,growth,Leading,10.0,4.0,5.0
2025-12-22,121.5841293334961,0.6357254884502288,0.6357585835285227,100.7848995773034,101.29443701993262,XLY,一般消費財・サービス,growth,Leading,9.0,2.0,1.0
2025-12-23,121.4151840209961,0.6363216051838072,0.6359462574136175,100.83049441156803,100.81722567590495,XLY,一般消費財・サービス,growth,Leading,9.0,0.0,-3.0
2025-12-24,121.83258819580078,0.6362027722605658,0.6360317623626003,100.8574549657518,100.72744006690434,XLY,一般消費財・サービス,growth,Leading,9.0,0.0,-4.0
2025-12-26,121.29593658447266,0.6332370297443146,0.6351001848231718,100.74647385236571,100.15123019515708,XLY,一般消費財・サービス,growth,Leading,9.0,0.0,-4.0
2025-12-29,120.10334777832031,0.6280477830917268,0.6327493842460234,100.43843931709624,99.73582376267049,XLY,一般消費財・サービス,growth,Weakening,8.0,-2.0,-6.0
2025-12-30,119.61637115478516,0.6265048681492625,0.6306678788804365,100.16072282012375,99.4321798607568,XLY,一般消費財・サービス,growth,Weakening,7.0,-2.0,-4.0
2025-12-31,118.6722412109375,0.6269137068513904,0.6294164882040878,100.00047177204023,99.22666256275038,XLY,一般消費財・サービス,growth,Weakening,7.0,-2.0,-2.0
2026-01-02,117.61878204345703,0.6171602698534359,0.6253310820872038,99.41804571827225,98.62773560852892,XLY,一般消費財・サービス,growth,Lagging,5.0,-4.0,-4.0
2026-01-05,119.55674743652344,0.6215601484807048,0.6240741042183708,99.2536644969964,98.60437852502078,XLY,一般消費財・サービス,growth,Lagging,5.0,-4.0,-4.0
2026-01-06,120.32198333740234,0.6180764732536903,0.6220748938968107,98.9871792116047,98.6735374117342,XLY,一般消費財・サービス,growth,Lagging,5.0,-3.0,-1.0
2026-01-07,120.15303802490234,0.6242112093020307,0.6227869990318841,99.11540354124492,99.08633572321774,XLY,一般消費財・サービス,growth,Lagging,6.0,-1.0,1.0
2026-01-08,122.16055297851562,0.6292457646887943,0.6249399209175208,99.44114574617292,99.56376434178159,XLY,一般消費財・サービス,growth,Lagging,6.0,-1.0,1.0
2026-01-09,123.64134979248047,0.6331990425776324,0.6276929614708914,99.84485873924925,100.53428330347215,XLY,一般消費財・サービス,growth,Improving,6.0,1.0,5.0
2026-01-12,123.75066375732422,0.6331820355797603,0.6295226528405143,100.10518275001995,100.93264414590864,XLY,一般消費財・サービス,growth,Leading,6.0,1.0,5.0
2026-01-13,123.44258117675781,0.6316057017681515,0.6302170024830601,100.20055399680778,101.25298362115396,XLY,一般消費財・サービス,growth,Leading,7.0,2.0,5.0
2026-01-14,121.49468994140625,0.6188232320665228,0.626419079010881,99.64248389913215,100.55815284481167,XLY,一般消費財・サービス,growth,Improving,6.0,0.0,1.0
2026-01-15,121.9419174194336,0.6183622331307844,0.6237334637175156,99.25672574176352,99.85401859117981,XLY,一般消費財・サービス,growth,Lagging,6.0,0.0,1.0
2026-01-16,121.54438781738281,0.6179255938592934,0.6217975070981082,98.99116708083012,99.20669753754339,XLY,一般消費財・サービス,growth,Lagging,5.0,-1.0,-2.0
2026-01-20,118.384033203125,0.6109747643467224,0.6181899261809797,98.51327494675155,98.53165930099813,XLY,一般消費財・サービス,growth,Lagging,4.0,-2.0,-3.0
2026-01-21,120.64994812011719,0.6123016890167833,0.6162271804595809,98.29822814512279,98.30047307469248,XLY,一般消費財・サービス,growth,Lagging,4.0,-3.0,-5.0
2026-01-22,121.8624038696289,0.6176495723058486,0.6167013110750035,98.42389755946945,98.97313549562514,XLY,一般消費財・サービス,growth,Lagging,4.0,-2.0,-2.0
2026-01-23,122.36924743652344,0.622995437141371,0.618799353097126,98.74926920619605,99.64746426575232,XLY,一般消費財・サービス,growth,Lagging,5.0,-1.0,-1.0
2026-01-26,121.56426239013672,0.6174372546562372,0.6183453202834964,98.72821796116565,99.88179459467615,XLY,一般消費財・サービス,growth,Lagging,5.0,0.0,1.0
2026-01-27,121.93197631835938,0.620270042859609,0.6189868944755339,98.84595371084714,100.43286580959948,XLY,一般消費財・サービス,growth,Improving,6.0,2.0,4.0
2026-01-28,121.01765441894531,0.6176992869405142,0.6185576919638607,98.82534172844788,100.60662292908441,XLY,一般消費財・サービス,growth,Improving,4.0,0.0,3.0
2026-01-29,120.44124603271484,0.6139519871790334,0.617022457035585,98.67222989089933,100.34688055352558,XLY,一般消費財・サービス,growth,Improving,2.0,-2.0,0.0
2026-01-30,120.4213638305664,0.6152142451499442,0.6164197197403714,98.64257431283278,100.02463790052364,XLY,一般消費財・サービス,growth,Improving,2.0,-3.0,-2.0
2026-02-02,121.2164306640625,0.6161034707375204,0.6163143034060877,98.67599969601402,100.07936063328137,XLY,一般消費財・サービス,growth,Improving,2.0,-3.0,-3.0
2026-02-03,120.24247741699219,0.6127844248678369,0.6151376772266708,98.57672629872664,99.89043196274216,XLY,一般消費財・サービス,growth,Lagging,3.0,-3.0,-5.0
2026-02-04,119.35797119140625,0.6030230695769164,0.6110994746767527,98.12990456853764,99.51270323102715,XLY,一般消費財・サービス,growth,Lagging,2.0,-2.0,-2.0
2026-02-05,116.78398132324219,0.5951891394607525,0.6057960296047527,97.5733410376017,99.15774674914726,XLY,一般消費財・サービス,growth,Lagging,2.0,0.0,2.0
2026-02-06,117.2610092163086,0.5866878846341916,0.599426647947899,96.97790863681183,98.66385098348056,XLY,一般消費財・サービス,growth,Lagging,1.0,-1.0,2.0
2026-02-09,116.82373046875,0.5841534148913281,0.5943355702623754,96.67502503012625,98.40551042648681,XLY,一般消費財・サービス,growth,Lagging,1.0,-1.0,2.0
2026-02-10,117.59891510009766,0.585944939458524,0.5915386933277583,96.69735524815871,98.57261632426311,XLY,一般消費財・サービス,growth,Lagging,1.0,-2.0,1.0
2026-02-11,117.03243255615234,0.5820906345704046,0.5883893404086404,96.70844238601168,99.01904371924562,XLY,一般消費財・サービス,growth,Lagging,1.0,-1.0,1.0
2026-02-12,115.41250610351562,0.5816667562582819,0.5861484790251876,96.80938595544076,99.62437484615646,XLY,一般消費財・サービス,growth,Lagging,1.0,-1.0,-1.0
2026-02-13,115.46219635009766,0.5759509023795736,0.5827492868099831,96.831248433191,100.17590751862802,XLY,一般消費財・サービス,growth,Improving,1.0,0.0,1.0
2026-02-17,115.32306671142578,0.5762510439948623,0.5805832058716095,96.95813290646508,100.54976700392228,XLY,一般消費財・サービス,growth,Improving,1.0,0.0,1.0
2026-02-18,116.29700469970703,0.5781202272206132,0.5797622129879441,97.15444095492997,100.6868130956406,XLY,一般消費財・サービス,growth,Improving,1.0,0.0,2.0
2026-02-19,115.52182006835938,0.5754823901356969,0.5783356053705284,97.28138468518961,100.76992464664522,XLY,一般消費財・サービス,growth,Improving,1.0,0.0,1.0
2026-02-20,116.7243423461914,0.5787661905029234,0.5784791337479934,97.47893911828578,100.84070772289714,XLY,一般消費財・サービス,growth,Improving,1.0,0.0,1.0
2026-02-23,114.279541015625,0.5729321011005349,0.5766301228655073,97.53551611176682,100.85548924479221,XLY,一般消費財・サービス,growth,Improving,1.0,0.0,0.0
2026-02-24,116.01873016357422,0.5770487273309031,0.5767696576873059,97.69036857297806,100.8611796802942,XLY,一般消費財・サービス,growth,Improving,2.0,1.0,1.0
2026-02-25,116.3665771484375,0.5784377326897415,0.5773256826881178,97.84430859196328,100.79195772156775,XLY,一般消費財・サービス,growth,Improving,2.0,1.0,1.0
2026-02-26,116.32682037353516,0.574992029706887,0.5765477983610409,97.91405007225086,100.70578152622014,XLY,一般消費財・サービス,growth,Improving,1.0,0.0,0.0
2026-02-27,116.13800048828125,0.5733865334674486,0.5754940433965101,97.96566801474074,100.53437350737008,XLY,一般消費財・サービス,growth,Improving,1.0,0.0,0.0
2026-03-02,114.70689392089844,0.5673728948517617,0.572786993881594,97.93768962686495,100.4411516927342,XLY,一般消費財・サービス,growth,Improving,1.0,0.0,0.0
2026-03-03,113.65343475341797,0.5691446949111526,0.5715728942247802,97.98427701318442,100.33373759384635,XLY,一般消費財・サービス,growth,Improving,1.0,-1.0,-2.0
2026-03-04,115.6708984375,0.5769349993291195,0.5733602625928933,98.15915010895445,100.37517128763906,XLY,一般消費財・サービス,growth,Improving,1.0,-1.0,-2.0
2026-03-05,115.82991790771484,0.584498244356122,0.5770729231806362,98.40060735951344,100.58071141200857,XLY,一般消費財・サービス,growth,Improving,2.0,1.0,1.0
2026-03-06,113.73294830322266,0.5808388620780132,0.5783282361464286,98.51597801777322,100.66565309525475,XLY,一般消費財・サービス,growth,Improving,2.0,1.0,1.0
2026-03-09,113.88201904296875,0.5799610933341912,0.5788725218756828,98.59281004784746,100.78970316915755,XLY,一般消費財・サービス,growth,Improving,2.0,1.0,1.0
2026-03-10,113.73294830322266,0.5835778282152457,0.5804409573222038,98.70875644018525,100.87159851559417,XLY,一般消費財・サービス,growth,Improving,2.0,1.0,2.0
2026-03-11,113.43479919433594,0.5839726092930354,0.5816181746458144,98.80174260400418,100.77419974315193,XLY,一般消費財・サービス,growth,Improving,2.0,1.0,2.0
2026-03-12,110.83098602294922,0.5795305714441414,0.5809223069119235,98.810684980805,100.50981127468823,XLY,一般消費財・サービス,growth,Improving,2.0,0.0,-1.0
2026-03-13,110.1750717163086,0.576130564412876,0.579325059412241,98.78153832578674,100.34306656072444,XLY,一般消費財・サービス,growth,Improving,2.0,0.0,-1.0
2026-03-16,111.50677490234375,0.5787875547783167,0.5791458912009328,98.81342800672181,100.28594551793176,XLY,一般消費財・サービス,growth,Improving,2.0,0.0,-1.0
2026-03-17,112.4807357788086,0.580596944980026,0.579629575793964,98.87162327774158,100.21762075077876,XLY,一般消費財・サービス,growth,Improving,3.0,1.0,0.0
2026-03-18,109.88685607910156,0.5747719662441801,0.5780103726107028,98.839959884942,100.08588679946138,XLY,一般消費財・サービス,growth,Improving,3.0,1.0,0.0
2026-03-19,109.02222442626953,0.5706918970219769,0.5755708807477942,98.77495522645468,100.02099615412858,XLY,一般消費財・サービス,growth,Improving,2.0,0.0,0.0
2026-03-20,107.0743408203125,0.5688522748257545,0.5733313454404476,98.72056795819917,100.01251811027049,XLY,一般消費財・サービス,growth,Improving,2.0,0.0,0.0
2026-03-23,109.65948486328125,0.576441011490329,0.5743679007904081,98.80182318547546,100.10057479474783,XLY,一般消費財・サービス,growth,Improving,2.0,0.0,0.0
2026-03-24,109.22132110595703,0.5734496795683719,0.5740618270497294,98.82372762886182,100.0878443479528,XLY,一般消費財・サービス,growth,Improving,2.0,-1.0,-2.0
2026-03-25,110.26693725585938,0.5761476006028361,0.574757084900765,98.88643785010679,100.22607433933103,XLY,一般消費財・サービス,growth,Improving,2.0,-1.0,-2.0
2026-03-26,108.3748779296875,0.5715069224179676,0.5736736974064993,98.87109997985891,100.3005297663777,XLY,一般消費財・サービス,growth,Improving,2.0,0.0,0.0
2026-03-27,105.23805236816406,0.5626803430997899,0.5700092459709295,98.74395869725679,100.22325515931684,XLY,一般消費財・サービス,growth,Improving,2.0,0.0,0.0
2026-03-30,105.21813201904297,0.5637403910519343,0.5679196276645978,98.68721064179309,100.05459924516666,XLY,一般消費財・サービス,growth,Improving,2.0,0.0,0.0
2026-03-31,108.52425384521484,0.5697898355629837,0.5685430302973931,98.75042562234394,100.1011072107512,XLY,一般消費財・サービス,growth,Improving,2.0,0.0,1.0
2026-04-01,109.3408203125,0.5722284997863853,0.5697715201270572,98.83913620634294,100.12247301721075,XLY,一般消費財・サービス,growth,Improving,2.0,0.0,1.0
2026-04-02,107.69772338867188,0.5620240157900088,0.5671890186813745,98.75630458845274,100.0238849358582,XLY,一般消費財・サービス,growth,Improving,2.0,0.0,0.0
2026-04-06,108.58399963378906,0.5642237583413592,0.5662005985680361,98.74857967114832,100.14876091085384,XLY,一般消費財・サービス,growth,Improving,2.0,0.0,0.0
2026-04-07,107.31930541992188,0.5588914219318825,0.5637642063559849,98.67655261890135,100.10142312439308,XLY,一般消費財・サービス,growth,Improving,2.0,0.0,0.0
2026-04-08,110.35655212402344,0.5617314745149556,0.5630866290756418,98.68633131926964,100.00162421361586,XLY,一般消費財・サービス,growth,Improving,2.0,0.0,0.0
2026-04-09,112.26852416992188,0.5711175713723284,0.565763609841204,98.84526616957865,100.07553630356992,XLY,一般消費財・サービス,growth,Improving,2.0,0.0,0.0
2026-04-10,112.41790008544922,0.5760360219764737,0.5691877472196273,99.03371231269178,100.43272331334559,XLY,一般消費財・サービス,growth,Improving,2.0,0.0,0.0
2026-04-13,113.44358825683594,0.574918361108484,0.5710979518492463,99.14896802876139,100.603695482923,XLY,一般消費財・サービス,growth,Improving,3.0,1.0,1.0
2026-04-14,115.95305633544922,0.58519320402368,0.5757963692407242,99.40096105962952,101.05843964602965,XLY,一般消費財・サービス,growth,Improving,3.0,1.0,1.0
2026-04-15,117.68577575683594,0.5937297395001054,0.5817741593271846,99.72930727150037,101.5139969674055,XLY,一般消費財・サービス,growth,Improving,3.0,1.0,1.0
2026-04-16,117.13806915283203,0.5882861800774352,0.5839448329106014,99.87310404144728,101.4630727287197,XLY,一般消費財・サービス,growth,Improving,3.0,1.0,1.0
2026-04-17,119.90644836425781,0.5947198802778512,0.5875365153663513,100.10157848856315,101.46495069022708,XLY,一般消費財・サービス,growth,Leading,5.0,3.0,3.0
2026-04-20,119.36870574951172,0.5901934954400966,0.5884221753909331,100.18700882183344,101.3768845758677,XLY,一般消費財・サービス,growth,Leading,6.0,3.0,2.0
2026-04-21,118.47247314453125,0.5893772136624595,0.588740521481442,100.23963308475835,101.08846656059968,XLY,一般消費財・サービス,growth,Leading,9.0,6.0,5.0
2026-04-22,118.4326400756836,0.5894409394964996,0.5889739941531278,100.28761236426607,100.68473819317174,XLY,一般消費財・サービス,growth,Leading,9.0,6.0,5.0
2026-04-23,117.24761199951172,0.5835718447607686,0.5871732776890082,100.21276826500302,100.3352404178335,XLY,一般消費財・サービス,growth,Leading,9.0,6.0,5.0
2026-04-24,118.19364929199219,0.5895035277261765,0.5879500277013976,100.30553073405382,100.11195864947696,XLY,一般消費財・サービス,growth,Leading,9.0,4.0,1.0
2026-04-27,117.3471908569336,0.5859778204437953,0.5872926252821968,100.30828460724702,99.97553298596324,XLY,一般消費財・サービス,growth,Weakening,9.0,3.0,0.0
2026-04-28,116.52067565917969,0.5848358223495188,0.5864736909713042,100.30307432219112,99.89295017973052,XLY,一般消費財・サービス,growth,Weakening,9.0,0.0,-6.0
2026-04-29,116.35137939453125,0.5850059580783287,0.5859844466736457,100.32398840932775,99.86284104431223,XLY,一般消費財・サービス,growth,Weakening,9.0,0.0,-6.0
2026-04-30,117.85505676269531,0.5837407206091658,0.5852365379854858,100.32537973904692,99.98402676899197,XLY,一般消費財・サービス,growth,Weakening,9.0,0.0,-6.0
2026-05-01,118.1338882446289,0.5869104417598833,0.5857945059102849,100.44276481106857,100.01613348038161,XLY,一般消費財・サービス,growth,Leading,9.0,0.0,-4.0
2026-05-04,117.22770690917969,0.5858166464624159,0.5858018860943286,100.53061226302813,100.14118249199281,XLY,一般消費財・サービス,growth,Leading,9.0,0.0,-3.0
2026-05-05,117.57623291015625,0.582932738407977,0.5848455035322114,100.53598272956151,100.14565981422376,XLY,一般消費財・サービス,growth,Leading,9.0,0.0,0.0
2026-05-06,119.36870574951172,0.5871683232910588,0.5856197767851606,100.73022719132847,100.39270467925154,XLY,一般消費財・サービス,growth,Leading,9.0,0.0,0.0
2026-05-07,119.37866973876953,0.5909967725426283,0.5874121087043166,101.05538374415899,100.87954048344443,XLY,一般消費財・サービス,growth,Leading,9.0,0.0,0.0
2026-05-08,119.69732666015625,0.5909483804839963,0.5885908659642098,101.28397369255137,101.06686640898357,XLY,一般消費財・サービス,growth,Leading,10.0,1.0,1.0
2026-05-11,118.87080383300781,0.5871842712774409,0.5881220010686202,101.26259561845546,100.9164673175998,XLY,一般消費財・サービス,growth,Leading,9.0,0.0,0.0
2026-05-12,117.79531860351562,0.5823856538128673,0.5862098853167026,101.02956687696542,100.44057223712868,XLY,一般消費財・サービス,growth,Leading,9.0,0.0,0.0
2026-05-13,118.22351837158203,0.5870663271820115,0.5864953659384723,101.07892133025719,100.0389400607247,XLY,一般消費財・サービス,growth,Leading,9.0,0.0,0.0
2026-05-14,118.17372131347656,0.5846867768688007,0.5858925029152484,100.99589404271883,98.80154155036384,XLY,一般消費財・サービス,growth,Weakening,10.0,1.0,1.0
2026-05-15,116.04267883300781,0.5801249183874622,0.5839699747393197,100.72331867292273,97.44086425755431,XLY,一般消費財・サービス,growth,Weakening,10.0,0.0,-1.0
2026-05-18,115.83355712890625,0.5755387458247241,0.5811595651011212,100.32996866644345,96.75840134144092,XLY,一般消費財・サービス,growth,Weakening,10.0,1.0,1.0
2026-05-19,114.5489501953125,0.5724870112721621,0.5782687138248015,99.93024918109886,96.72093776930232,XLY,一般消費財・サービス,growth,Lagging,8.0,-1.0,-1.0
2026-05-20,117.44677734375,0.5806054641842545,0.5790476306112858,100.03727565056536,97.12341760703093,XLY,一般消費財・サービス,growth,Weakening,8.0,-1.0,-1.0
2026-05-21,118.20359802246094,0.581834887315833,0.5799767161794682,100.1634692872967,97.72302730031748,XLY,一般消費財・サービス,growth,Weakening,8.0,-2.0,-3.0
2026-05-22,118.68159484863281,0.5788995774166618,0.5796176699251994,100.10687797038072,98.25488649866163,XLY,一般消費財・サービス,growth,Weakening,9.0,-1.0,-1.0
2026-05-26,118.9504623413086,0.5772490761319411,0.57882813866078,99.99218110421714,98.86980395486142,XLY,一般消費財・サービス,growth,Lagging,9.0,-1.0,-2.0
2026-05-27,121.04168701171875,0.587822091624534,0.5818261229820314,100.40032346857778,100.55379109892147,XLY,一般消費財・サービス,growth,Leading,10.0,2.0,3.0
2026-05-28,121.54954528808594,0.5881342184480742,0.5839288214707123,100.67531449058013,100.90342591775976,XLY,一般消費財・サービス,growth,Leading,10.0,2.0,3.0
2026-05-29,120.36453247070312,0.5807828004515673,0.5828801477976641,100.51310978300437,100.3078054434989,XLY,一般消費財・サービス,growth,Leading,10.0,2.0,4.0
2026-06-01,117.69573211669922,0.5668738188302933,0.5775447048085405,99.75927074736757,98.88701037521527,XLY,一般消費財・サービス,growth,Lagging,10.0,1.0,2.0
2026-06-02,117.0982437133789,0.5617673568910352,0.5722855888360387,99.02035161306992,97.73741619630917,XLY,一般消費財・サービス,growth,Lagging,10.0,1.0,2.0
2026-06-03,116.2418441772461,0.5597642194000931,0.568111799024057,98.46865419327801,96.37224196733743,XLY,一般消費財・サービス,growth,Lagging,8.0,-2.0,-4.0
2026-06-04,116.7696304321289,0.5580917609458735,0.5647717863313292,98.09227898907925,95.97242706587089,XLY,一般消費財・サービス,growth,Lagging,7.0,-3.0,-5.0
2026-06-05,114.3796615600586,0.5545601787735023,0.5613679171453869,97.76877964862547,96.2946471567508,XLY,一般消費財・サービス,growth,Lagging,2.0,-8.0,-10.0
2026-06-08,114.90744018554688,0.5577094567057524,0.5601484303321754,97.74984764273972,97.46182419728811,XLY,一般消費財・サービス,growth,Lagging,2.0,-8.0,-9.0
2026-06-09,115.38543701171875,0.5557995755228569,0.5586988120624026,97.716961375782,98.4202421180698,XLY,一般消費財・サービス,growth,Lagging,2.0,-8.0,-9.0
2026-06-10,113.01538848876953,0.5513946794927296,0.5562641012058449,97.59660422459251,98.99246946150082,XLY,一般消費財・サービス,growth,Lagging,2.0,-6.0,-4.0
2026-06-11,115.81364440917969,0.5563727865381466,0.5563003296499455,97.742584345334,99.6589851939094,XLY,一般消費財・サービス,growth,Lagging,2.0,-5.0,-2.0
2026-06-12,116.11238861083984,0.5528004955018143,0.5551337182672351,97.75623273113568,100.08635047114717,XLY,一般消費財・サービス,growth,Improving,2.0,0.0,8.0
2026-06-15,118.07414245605469,0.558892178058939,0.5563865381978031,97.99152120298092,100.40431455871985,XLY,一般消費財・サービス,growth,Improving,2.0,0.0,8.0
2026-06-16,117.96460723876953,0.5602422927202105,0.5576717897052723,98.20242608032257,100.70093584248912,XLY,一般消費財・サービス,growth,Improving,2.0,0.0,8.0
2026-06-17,115.00702667236328,0.5545069699059094,0.5566168497721514,98.1837328424758,100.81267302624912,XLY,一般消費財・サービス,growth,Improving,2.0,0.0,6.0
2026-06-18,116.67005157470703,0.5599264078039041,0.5577200357827357,98.3525035635963,100.82364090391228,XLY,一般消費財・サービス,growth,Improving,3.0,1.0,6.0
2026-06-22,114.68740844726562,0.5492033681931981,0.5548811465862231,98.16938105015444,100.5698382274636,XLY,一般消費財・サービス,growth,Improving,2.0,0.0,0.0
2026-06-23,113.51000213623047,0.5454386713307018,0.5517336548343827,97.9892226053086,100.05799824957693,XLY,一般消費財・サービス,growth,Improving,2.0,0.0,0.0
2026-06-24,114.8171157836914,0.5478121054343199,0.5504264717010285,97.97950165805416,99.78977955473324,XLY,一般消費財・サービス,growth,Lagging,2.0,0.0,0.0
2026-06-25,113.10089874267578,0.5361324353743603,0.5456617929254726,97.72254130822247,99.50728703288475,XLY,一般消費財・サービス,growth,Lagging,2.0,0.0,0.0
2026-06-26,114.11865997314453,0.5446608654514687,0.545328150434138,97.82180692502126,99.43541347944455,XLY,一般消費財・サービス,growth,Lagging,2.0,-1.0,-2.0
2026-06-29,116.86261749267578,0.5505839006705675,0.5470800671796145,98.0473452522266,99.93924848602006,XLY,一般消費財・サービス,growth,Lagging,2.0,0.0,0.0
2026-06-30,117.02226257324219,0.5520615790120788,0.5487405711237693,98.23807076233422,100.38644100522359,XLY,一般消費財・サービス,growth,Improving,3.0,1.0,1.0
2026-07-01,117.83048248291016,0.5542073935767927,0.5505628452747771,98.42312213498678,100.61301500340022,XLY,一般消費財・サービス,growth,Improving,6.0,4.0,4.0
2026-07-02,116.86261749267578,0.5458186943497099,0.548981461633088,98.37001981558713,100.84346667680514,XLY,一般消費財・サービス,growth,Improving,4.0,2.0,2.0
2026-07-06,117.75066375732422,0.5497362310153686,0.5492330514271816,98.43794854309459,100.78736466936627,XLY,一般消費財・サービス,growth,Improving,5.0,3.0,4.0
2026-07-07,117.13201904296875,0.5475355825973824,0.5486672284839152,98.44777465549014,100.51815628050261,XLY,一般消費財・サービス,growth,Improving,4.0,2.0,2.0
2026-07-08,115.04661560058594,0.5441992080642902,0.5471778883440402,98.3964639145858,100.22319467045891,XLY,一般消費財・サービス,growth,Improving,4.0,1.0,0.0
2026-07-09,116.59320831298828,0.5481567968751906,0.5475041911877571,98.46102922552734,100.07612291571331,XLY,一般消費財・サービス,growth,Improving,4.0,-2.0,-6.0
2026-07-10,116.98234558105469,0.5479331778609854,0.5476471867454998,98.51490793470866,100.20225391009123,XLY,一般消費財・サービス,growth,Improving,5.0,1.0,-1.0
2026-07-13,115.78498840332031,0.5425021121097942,0.5459321618669313,98.45995369958321,100.05924314020483,XLY,一般消費財・サービス,growth,Improving,3.0,-2.0,-5.0
2026-07-14,115.64529418945312,0.5438276072806553,0.545230643671506,98.47190380016151,100.0691494498337,XLY,一般消費財・サービス,growth,Improving,3.0,-1.0,-3.0
2026-07-15,116.74288177490234,0.5502263800748712,0.5468958891392944,98.62242067487429,100.32444171001717,XLY,一般消費財・サービス,growth,Improving,4.0,0.0,-1.0
2026-07-16,117.0821304321289,0.5464625620068553,0.5467514467618148,98.66145990812329,100.31392008012557,XLY,一般消費財・サービス,growth,Improving,2.0,-2.0,0.0
2026-07-17,115.18630981445312,0.5418722924689812,0.545125061997537,98.61458846532062,100.21097915292307,XLY,一般消費財・サービス,growth,Improving,2.0,-3.0,-4.0
2026-07-20,114.3581314086914,0.5403822576123597,0.5435441272024779,98.57194268955611,100.24935879433399,XLY,一般消費財・サービス,growth,Improving,2.0,-1.0,1.0
2026-07-21,114.61756134033203,0.5407426718830064,0.5426103087626541,98.56710279705608,100.25113226305758,XLY,一般消費財・サービス,growth,Improving,2.0,-1.0,0.0
2026-07-22,113.76942443847656,0.536892723246159,0.5407044469238225,98.50841849542914,100.00051833299392,XLY,一般消費財・サービス,growth,Improving,1.0,-3.0,-3.0
2026-07-23,108.52098846435547,0.5140096273750254,0.5318061737408901,98.07734225942824,99.40765044861548,XLY,一般消費財・サービス,growth,Lagging,1.0,-1.0,1.0
2026-07-24,109.16956329345703,0.5130867101717801,0.5255663525511868,97.8365806081832,99.17857230621519,XLY,一般消費財・サービス,growth,Lagging,1.0,-1.0,2.0
2026-07-27,110.5964126586914,0.5159036530484777,0.5223454527169504,97.77872391307352,99.18244633115036,XLY,一般消費財・サービス,growth,Lagging,1.0,-1.0,0.0
2026-07-28,112.2328109741211,0.5175005391151335,0.5207304815163448,97.80899802829998,99.24904682593666,XLY,一般消費財・サービス,growth,Lagging,1.0,-1.0,0.0
2026-07-29,111.3647232055664,0.5181631911941206,0.5198747180756034,97.87384608239111,99.42501578513877,XLY,一般消費財・サービス,growth,Lagging,1.0,0.0,3.0
2026-07-30,112.14300537109375,0.522632312076758,0.5207939160759882,98.01444232280365,100.16840791335922,XLY,一般消費財・サービス,growth,Improving,1.0,0.0,1.0
2026-07-31,115.83487701416016,0.5407669442488263,0.5274515921336009,98.40808350475245,100.97552965207531,XLY,一般消費財・サービス,growth,Improving,2.0,1.0,2.0
2026-08-03,117.9502182006836,0.545316138276912,0.533406440848038,98.74459827380082,101.44361956446646,XLY,一般消費財・サービス,growth,Improving,4.0,3.0,4.0
2026-08-04,118.03004455566406,0.5379544935952525,0.5349224584304428,98.85537763260395,101.50363247506846,XLY,一般消費財・サービス,growth,Improving,5.0,4.0,5.0
2026-08-05,118.3792724609375,0.5407739334565614,0.5368729501058157,98.9844007412406,101.53863059968971,XLY,一般消費財・サービス,growth,Improving,7.0,6.0,6.0
2026-08-06,117.84046173095703,0.541144747741853,0.5382968826511615,99.08461341987262,101.45583204812846,XLY,一般消費財・サービス,growth,Improving,6.0,5.0,5.0
2026-08-07,119.59659576416016,0.5454412315493282,0.5406783322838837,99.23146368496563,101.15354615021998,XLY,一般消費財・サービス,growth,Improving,6.0,4.0,3.0
2026-08-10,119.4070053100586,0.5442550887483838,0.5418705844387172,99.31759843354028,100.86133624587677,XLY,一般消費財・サービス,growth,Improving,6.0,2.0,-1.0
2026-08-11,118.97795104980469,0.5411445240005588,0.5416285642926644,99.3289122891085,100.74914309632123,XLY,一般消費財・サービス,growth,Improving,6.0,1.0,-3.0
2026-08-12,117.63092041015625,0.5340740617578513,0.53911039678106,99.21724285614559,100.46252298918323,XLY,一般消費財・サービス,growth,Improving,5.0,-2.0,-8.0
2026-08-13,118.18968963623047,0.532635778060343,0.536952190540821,99.12234834696234,100.23077954252012,XLY,一般消費財・サービス,growth,Improving,6.0,0.0,-5.0
2026-08-14,117.94023895263672,0.5314161485140271,0.5351068431985564,99.04239683208756,99.95549820234001,XLY,一般消費財・サービス,growth,Lagging,5.0,-1.0,-5.0
2026-08-17,116.4934310913086,0.5296043045318218,0.5332726636429782,98.96196559583322,99.74709137725907,XLY,一般消費財・サービス,growth,Lagging,5.0,-1.0,-3.0
2026-08-18,116.10428619384766,0.530236689833567,0.5322606723731745,98.92968153668384,99.68106000763572,XLY,一般消費財・サービス,growth,Lagging,5.0,-1.0,-2.0
2026-08-19,118.32938385009766,0.5348501815080932,0.5331238420848141,99.00886457653185,99.89816109536967,XLY,一般消費財・サービス,growth,Lagging,6.0,1.0,3.0
2026-08-20,116.423583984375,0.5305121438933438,0.5322532760209907,98.98198437704154,99.96489198271112,XLY,一般消費財・サービス,growth,Lagging,6.0,0.0,0.0
2026-08-21,117.76063537597656,0.5332399500005562,0.5325821673475126,99.0258503670256,100.10563470270377,XLY,一般消費財・サービス,growth,Improving,5.0,0.0,1.0
2026-08-24,118.04002380371094,0.5338788567541736,0.533014397149733,99.07534036756303,100.25688544655432,XLY,一般消費財・サービス,growth,Improving,6.0,1.0,2.0
2026-08-25,117.69078826904297,0.5326833312027336,0.5329040418340666,99.08922770222509,100.3057260210021,XLY,一般消費財・サービス,growth,Improving,6.0,1.0,2.0
2026-08-26,116.90252685546875,0.5283056339161597,0.5313712391947643,99.00011879044608,100.10115982107607,XLY,一般消費財・サービス,growth,Improving,6.0,0.0,-1.0
2026-08-27,115.62533569335938,0.5240910995721092,0.5289445259872125,98.83233971671069,99.93628522991398,XLY,一般消費財・サービス,growth,Lagging,5.0,-1.0,-1.0
2026-08-28,116.9524154663086,0.5319318297197643,0.5299402938980631,98.90448520213454,99.9823515008471,XLY,一般消費財・サービス,growth,Lagging,5.0,0.0,0.0
2026-08-31,116.33377838134766,0.5322534073521832,0.5307113317161032,98.9713470546611,99.99981720235368,XLY,一般消費財・サービス,growth,Lagging,5.0,-1.0,-2.0
2026-09-01,114.33817291259766,0.5274505623311345,0.5296244085877804,98.89455238418624,99.86509744658899,XLY,一般消費財・サービス,growth,Lagging,4.0,-2.0,-3.0
2026-09-02,114.60758209228516,0.5262506200726992,0.5284998124160867,98.81727773779376,99.8363470595417,XLY,一般消費財・サービス,growth,Lagging,4.0,-2.0,-2.0
2026-09-03,116.20406341552734,0.5300653064332478,0.5290216437551405,98.88661819069803,100.11676676885128,XLY,一般消費財・サービス,growth,Improving,4.0,-1.0,0.0
2026-09-04,114.65747833251953,0.5255181333380331,0.5278538069494381,98.8098357858397,99.79187218318108,XLY,一般消費財・サービス,growth,Lagging,4.0,-1.0,-1.0
2026-09-08,113.73949432373047,0.5267708194792157,0.5274928111260306,98.80649583669509,99.56032987984747,XLY,一般消費財・サービス,growth,Lagging,4.0,-1.0,0.0
2026-09-09,112.21285247802734,0.5247607940334391,0.5265821387618335,98.75391040951675,99.54304427762612,XLY,一般消費財・サービス,growth,Lagging,3.0,-1.0,1.0
2026-09-10,111.71395111083984,0.5260302994857304,0.5263981923364658,98.7716265771101,99.71245839322486,XLY,一般消費財・サービス,growth,Lagging,3.0,-1.0,1.0
2026-09-11,112.71175384521484,0.5265297168683265,0.5264420338470861,98.80873329677026,99.62698106597485,XLY,一般消費財・サービス,growth,Lagging,3.0,-1.0,0.0
2026-09-14,112.60199737548828,0.5256744739290701,0.5261861805410808,98.81752994849386,99.82180577696633,XLY,一般消費財・サービス,growth,Lagging,3.0,-1.0,0.0
2026-09-15,110.63632202148438,0.5190325086552401,0.5238016232458006,98.62170940058151,99.39847250817438,XLY,一般消費財・サービス,growth,Lagging,2.0,-2.0,-1.0
2026-09-16,109.9378662109375,0.5198375772724777,0.5224802745880264,98.52592365327965,99.32349897730437,XLY,一般消費財・サービス,growth,Lagging,2.0,-1.0,0.0
2026-09-17,111.14520263671875,0.5230087572947538,0.5226564354902689,98.57654130639865,99.42206271324767,XLY,一般消費財・サービス,growth,Lagging,2.0,-1.0,0.0
2026-09-18,110.78599548339844,0.5238232489710355,0.5230453733171911,98.64055521733154,99.50702841361715,XLY,一般消費財・サービス,growth,Lagging,2.0,-1.0,0.0
2026-09-21,112.2300033569336,0.5276942224086962,0.5245949896810262,98.82725240340625,99.93730770338833,XLY,一般消費財・サービス,growth,Lagging,5.0,2.0,3.0
2026-09-22,112.33000183105469,0.527866542387847,0.5256855072499665,98.97056177316934,100.71852028135814,XLY,一般消費財・サービス,growth,Improving,5.0,3.0,5.0
2026-09-23,110.6500015258789,0.5236382698608332,0.5250030947869221,98.92708387893919,100.81589724653756,XLY,一般消費財・サービス,growth,Improving,4.0,2.0,3.0
2026-09-24,110.31999969482422,0.5246837371682587,0.5248966422473677,98.94894785319252,100.72330492826808,XLY,一般消費財・サービス,growth,Improving,4.0,2.0,3.0
2026-09-25,110.55999755859375,0.5237080064371548,0.52450043031063,98.93948916386407,100.5267540856318,XLY,一般消費財・サービス,growth,Improving,5.0,3.0,4.0
2026-09-28,109.0,0.5196910324461328,0.522897297689131,98.80079523195246,99.74604584581904,XLY,一般消費財・サービス,growth,Lagging,4.0,-1.0,-3.0
2026-09-29,109.0,0.5196910324461328,0.5218285426081316,98.7190846484309,99.22989074619434,XLY,一般消費財・サービス,growth,Lagging,5.0,0.0,-3.0
2024-09-30,88.2770767211914,0.509045630703618,0.509045630703618,,,XLC,通信サービス,growth,,,,
2024-10-01,88.34542846679688,0.5121554754439316,0.5100822456170558,,,XLC,通信サービス,growth,,,,
2024-10-02,88.07200622558594,0.5111153832802845,0.5104266248381321,,,XLC,通信サービス,growth,,,,
2024-10-03,87.76927947998047,0.511773404765112,0.5108755514804587,,,XLC,通信サービス,growth,,,,
2024-10-04,88.74579620361328,0.5134392761620955,0.5117301263743377,,,XLC,通信サービス,growth,,,,
2024-10-07,87.55445098876953,0.5105207625076049,0.5113270050854268,,,XLC,通信サービス,growth,,,,
2024-10-08,88.3259048461914,0.5138009763283383,0.5121516621663974,,,XLC,通信サービス,growth,,,,
2024-10-09,88.3552017211914,0.5104648689286363,0.5115893977538104,,,XLC,通信サービス,growth,,,,
2024-10-10,87.70093536376953,0.5085904977225416,0.5105897644100541,,,XLC,通信サービス,growth,,,,
2024-10-11,88.30635833740234,0.5071199263651393,0.5094331517284159,,,XLC,通信サービス,growth,,,,
2024-10-14,88.71648406982422,0.5057641447630818,0.5082101494066379,,,XLC,通信サービス,growth,,,,
2024-10-15,88.91181182861328,0.509181730773684,0.5085340098623199,,,XLC,通信サービス,growth,,,,
2024-10-16,88.85321044921875,0.505428043552114,0.5074986877589179,,,XLC,通信サービス,growth,,,,
2024-10-17,88.43330383300781,0.5038439677369605,0.5062804477515989,,,XLC,通信サービス,growth,,,,
2024-10-18,89.08757781982422,0.5060645995524121,0.50620849835187,,,XLC,通信サービス,growth,,,,
2024-10-21,88.73604583740234,0.508400480791801,0.5069391591651804,,,XLC,通信サービス,growth,,,,
2024-10-22,88.86298370361328,0.5114251495554633,0.5084344892952747,,,XLC,通信サービス,growth,,,,
2024-10-23,88.18917846679688,0.5092210289187016,0.5086966691697503,,,XLC,通信サービス,growth,,,,
2024-10-24,88.49190521240234,0.5108547052515433,0.509416014530348,,,XLC,通信サービス,growth,,,,
2024-10-25,88.71648406982422,0.5145953816443815,0.5111424702350259,,,XLC,通信サービス,growth,,,,
2024-10-28,89.28288269042969,0.5149605175195476,0.5124151526631998,,,XLC,通信サービス,growth,,,,
2024-10-29,90.1226806640625,0.5213761134551033,0.5154021395938343,,,XLC,通信サービス,growth,,,,
2024-10-30,90.6695327758789,0.5256877662723084,0.5188306818199924,,,XLC,通信サービス,growth,,,,
2024-10-31,89.87857055664062,0.526718224159292,0.521459862599759,,,XLC,通信サービス,growth,,,,
2024-11-01,90.23011016845703,0.5284485723099734,0.5237894325031638,,,XLC,通信サービス,growth,,,,
2024-11-04,89.9273910522461,0.5260495070953756,0.5245427907005678,,,XLC,通信サービス,growth,,,,
2024-11-05,90.92341613769531,0.5257435595552163,0.5249430469854507,,,XLC,通信サービス,growth,,,,
2024-11-06,93.15965270996094,0.5262159861358416,0.525367360035581,,,XLC,通信サービス,growth,,,,
2024-11-07,94.38030242919922,0.5325867472656668,0.5277738224456097,,,XLC,通信サービス,growth,,,,
2024-11-08,93.92133331298828,0.5270603097304137,0.5275359848738778,,,XLC,通信サービス,growth,,,,
2024-11-11,94.44864654541016,0.5273840177363914,0.5274853291613824,,,XLC,通信サービス,growth,,,,
2024-11-12,94.87833404541016,0.5338516638577253,0.5296074407268301,,,XLC,通信サービス,growth,,,,
2024-11-13,94.9173812866211,0.5337806343304267,0.5309985052613623,,,XLC,通信サービス,growth,,,,
2024-11-14,94.80996704101562,0.5374772986287268,0.5331581030504838,,,XLC,通信サービス,growth,,,,
2024-11-15,92.91552734375,0.5305221947560538,0.5322794669523405,,,XLC,通信サービス,growth,,,,
2024-11-18,93.83343505859375,0.5336103835159653,0.5327231058068822,,,XLC,通信サービス,growth,,,,
2024-11-19,94.44864654541016,0.5385616011301309,0.5346692709146318,,,XLC,通信サービス,growth,,,,
2024-11-20,95.05408477783203,0.5401951442774542,0.5365112287022393,,,XLC,通信サービス,growth,,,,
2024-11-21,94.80996704101562,0.5321048937903914,0.53504245039829,,,XLC,通信サービス,growth,,,,
2024-11-22,94.60488891601562,0.5268042396007793,0.5322963801324532,,,XLC,通信サービス,growth,,,,
2024-11-25,95.0931625366211,0.5247713460523622,0.5297880354390896,,,XLC,通信サービス,growth,,,,
2024-11-26,95.44470977783203,0.526655081777619,0.5287437175519327,,,XLC,通信サービス,growth,,,,
2024-11-27,95.57166290283203,0.5278630620347244,0.5284501657128633,,,XLC,通信サービス,growth,,,,
2024-11-29,96.08920288085938,0.5291091882121773,0.5286698398793013,,,XLC,通信サービス,growth,,,,
2024-12-02,96.88018798828125,0.5348044835321082,0.5307147210969037,,,XLC,通信サービス,growth,,,,
2024-12-03,97.66139221191406,0.5415185360072675,0.5343159927336917,,,XLC,通信サービス,growth,,,,
2024-12-04,97.88599395751953,0.5427347618087976,0.5371222490920604,,,XLC,通信サービス,growth,,,,
2024-12-05,97.66139221191406,0.5442056669403706,0.5394833883748305,,,XLC,通信サービス,growth,,,,
2024-12-06,98.55978393554688,0.54983456563189,0.5429337807938504,,,XLC,通信サービス,growth,,,,
2024-12-09,96.46027374267578,0.5403395556743846,0.5420690390873618,,,XLC,通信サービス,growth,,,,
2024-12-10,97.97388458251953,0.5522016153369373,0.5454465645038871,,,XLC,通信サービス,growth,,,,
2024-12-11,99.57536315917969,0.5607080084904792,0.5505337124994178,,,XLC,通信サービス,growth,,,,
2024-12-12,99.76091003417969,0.5638116380125507,0.5549596876704621,,,XLC,通信サービス,growth,,,,
2024-12-13,98.56956481933594,0.5590358578493945,0.5563184110634396,,,XLC,通信サービス,growth,,,,
2024-12-16,98.95037841796875,0.5630502597486492,0.5585623606251762,,,XLC,通信サービス,growth,,,,
2024-12-17,98.20823669433594,0.5632636583347452,0.5601294598616993,,,XLC,通信サービス,growth,,,,
2024-12-18,95.40563201904297,0.5638744234099787,0.5613777810444591,,,XLC,通信サービス,growth,,,,
2024-12-19,95.14198303222656,0.5641882849602694,0.5623146156830625,,,XLC,通信サービス,growth,,,,
2024-12-20,95.65953826904297,0.559422488251415,0.5613505732058468,,,XLC,通信サービス,growth,,,,
2024-12-23,96.1823501586914,0.5617141254640325,0.5614717572919088,,,XLC,通信サービス,growth,,,,
2024-12-24,97.0928726196289,0.5627854466876376,0.5619096537571517,,,XLC,通信サービス,growth,,,,
2024-12-26,96.9655990600586,0.5611316112400849,0.5616503062514628,,,XLC,通信サービス,growth,,,,
2024-12-27,96.1040267944336,0.559954293426246,0.5610849686430572,101.75276286138238,,XLC,通信サービス,growth,,9.0,,
2024-12-30,95.09559631347656,0.5597172864971405,0.5606290745944184,101.66095949599122,,XLC,通信サービス,growth,,9.0,,
2024-12-31,94.78230285644531,0.5568545570091976,0.5593709020660115,101.53488736352895,,XLC,通信サービス,growth,,9.0,,
2025-01-02,95.24246978759766,0.5611914612873127,0.5599777551397785,101.51116680739173,,XLC,通信サービス,growth,,10.0,,
2025-01-03,95.82988739013672,0.559528662946993,0.5598280577421834,101.45087011521811,,XLC,通信サービス,growth,,10.0,,
2025-01-06,96.86769104003906,0.5659733487104832,0.56187648806495,101.50302979071921,,XLC,通信サービス,growth,,10.0,1.0,
2025-01-07,95.79071807861328,0.5615613105296741,0.5617714288865248,101.44595540205071,,XLC,通信サービス,growth,,10.0,1.0,
2025-01-08,95.22286987304688,0.5575655309877111,0.5603694629202536,101.32805207998202,,XLC,通信サービス,growth,,10.0,1.0,
2025-01-10,93.80325317382812,0.5574008674885294,0.5593799311096789,101.23662832723916,,XLC,通信サービス,growth,,10.0,0.0,
2025-01-13,93.8424072265625,0.5531002425255028,0.5572867015816202,101.0944469870925,,XLC,通信サービス,growth,,11.0,1.0,
2025-01-14,93.52910614013672,0.5468393617915315,0.553804254984924,100.88599245662903,,XLC,通信サービス,growth,,9.0,-1.0,-2.0
2025-01-15,95.06621551513672,0.5505423190350871,0.5527169430016451,100.80291912161944,,XLC,通信サービス,growth,,8.0,-2.0,-3.0
2025-01-16,94.52774047851562,0.5431464666638844,0.5495267842223917,100.60953397351582,,XLC,通信サービス,growth,,8.0,-2.0,-3.0
2025-01-17,95.35015869140625,0.5452245340343254,0.5480927008263696,100.5080381873061,,XLC,通信サービス,growth,,8.0,-2.0,-2.0
2025-01-21,96.21173095703125,0.5438379760390963,0.5466744592306119,100.40502613384216,,XLC,通信サービス,growth,,7.0,-4.0,-5.0
2025-01-22,97.17119598388672,0.5511982364319548,0.5481823849643929,100.4653871695279,,XLC,通信サービス,growth,,7.0,-2.0,-1.0
2025-01-23,97.42575073242188,0.5500358283005152,0.548800199409767,100.47656955256691,,XLC,通信サービス,growth,,6.0,-2.0,0.0
2025-01-24,98.30690002441406,0.5554979208838247,0.5510327732344529,100.58631809202612,,XLC,通信サービス,growth,,7.0,-1.0,1.0
2025-01-27,98.81600952148438,0.5580071889457465,0.5533575784715508,100.70696328606016,,XLC,通信サービス,growth,,9.0,1.0,3.0
2025-01-28,99.29573822021484,0.5634979387449447,0.5567376985626821,100.90045424516258,,XLC,通信サービス,growth,,9.0,2.0,6.0
2025-01-29,99.73634338378906,0.5678766002890676,0.5604506658048106,101.1212293399909,,XLC,通信サービス,growth,,10.0,3.0,5.0
2025-01-30,99.834228515625,0.562430450902087,0.5611105941705694,101.14388364421961,,XLC,通信サービス,growth,,10.0,4.0,6.0
2025-01-31,100.23563385009766,0.5693654013384725,0.5638621965598705,101.30642317429879,,XLC,通信サービス,growth,,10.0,3.0,4.0
2025-02-03,100.4510269165039,0.5737227785641136,0.5671490572279515,101.49927271567608,,XLC,通信サービス,growth,,10.0,1.0,0.0
2025-02-04,101.35176086425781,0.5781616236948647,0.5708199127169226,101.70662991604466,,XLC,通信サービス,growth,,10.0,1.0,-1.0
2025-02-05,100.3727035522461,0.5697981884507084,0.5704793379615178,101.6301216423022,,XLC,通信サービス,growth,,10.0,0.0,-3.0
2025-02-06,100.80348205566406,0.5730019546013797,0.5713202101748052,101.6372567297206,,XLC,通信サービス,growth,,10.0,0.0,-4.0
2025-02-07,100.58809661865234,0.5746012939234341,0.5724139047576815,101.66161931064146,,XLC,通信サービス,growth,,9.0,-1.0,-4.0
2025-02-10,101.03846740722656,0.5755452730830859,0.573457694199483,101.68189532803035,,XLC,通信サービス,growth,,10.0,0.0,-1.0
2025-02-11,101.20490264892578,0.5764295574732703,0.5744483152907455,101.6938713862129,,XLC,通信サービス,growth,,10.0,0.0,-1.0
2025-02-12,101.3125991821289,0.580414588186423,0.576437072922638,101.77278069472548,,XLC,通信サービス,growth,,10.0,0.0,0.0
2025-02-13,102.47766876220703,0.5820365944222916,0.5783035800891893,101.83918194275253,,XLC,通信サービス,growth,,10.0,0.0,0.0
2025-02-14,103.10426330566406,0.5861775030481999,0.5809282210755262,101.9451630680089,,XLC,通信サービス,growth,,10.0,1.0,2.0
2025-02-18,102.62452697753906,0.5790054926138845,0.5802873115883123,101.83016158850207,,XLC,通信サービス,growth,,10.0,0.0,0.0
2025-02-19,102.74203491210938,0.5784954706171332,0.579690031264586,101.7239243463091,,XLC,通信サービス,growth,,10.0,0.0,0.0
2025-02-20,102.26228332519531,0.5772463743274902,0.5788754789522208,101.61354755048166,,XLC,通信サービス,growth,,11.0,1.0,1.0
2025-02-21,100.86222839355469,0.5774488808767576,0.5783999462603997,101.53180235561852,,XLC,通信サービス,growth,,10.0,0.0,0.0
2025-02-24,101.05804443359375,0.5780877699331235,0.578295887484641,101.47658563986937,,XLC,通信サービス,growth,,8.0,-2.0,-3.0
2025-02-25,99.5600814819336,0.568949874137738,0.5751805497023401,101.22610524853025,,XLC,通信サービス,growth,,8.0,-2.0,-2.0
2025-02-26,99.38387298583984,0.5691433185738014,0.5731681393261606,101.0575283332918,,XLC,通信サービス,growth,,6.0,-4.0,-4.0
2025-02-27,98.42438507080078,0.5686146316832273,0.571650303445183,100.92702091590598,,XLC,通信サービス,growth,,6.0,-5.0,-6.0
2025-02-28,99.86360168457031,0.5705892517561458,0.5712966195488374,100.88025683361253,,XLC,通信サービス,growth,,6.0,-4.0,-4.0
2025-03-03,98.8649673461914,0.5709676819550048,0.5711869736842266,100.85324768382934,,XLC,通信サービス,growth,,6.0,-2.0,0.0
2025-03-04,98.08172607421875,0.5757461053584227,0.572706684242292,100.95228534302025,,XLC,通信サービス,growth,,6.0,-2.0,0.0
2025-03-05,99.34469604492188,0.577789807693417,0.5744010587260003,101.07449495489467,,XLC,通信サービス,growth,,6.0,0.0,4.0
2025-03-06,97.56281280517578,0.573779673861785,0.5741939304379285,101.04706984107246,,XLC,通信サービス,growth,,6.0,0.0,5.0
2025-03-07,98.18942260742188,0.5721049428623375,0.5734976012460649,100.97264763479642,,XLC,通信サービス,growth,,6.0,0.0,4.0
2025-03-10,95.74178314208984,0.5658174415485162,0.5709375480135487,100.72508786069311,,XLC,通信サービス,growth,,6.0,0.0,2.0
2025-03-11,94.3319320678711,0.5650102905077183,0.5689617955116053,100.51837760649474,,XLC,通信サービス,growth,,5.0,-1.0,1.0
2025-03-12,94.8018798828125,0.5705136622579424,0.569479084427051,100.54425275082095,,XLC,通信サービス,growth,,5.0,-1.0,-1.0
2025-03-13,92.85356140136719,0.5641976689074172,0.5677186125871732,100.34220817989137,,XLC,通信サービス,growth,,5.0,-1.0,-1.0
2025-03-14,94.55712127685547,0.5638005126058441,0.5664125792600635,100.17852612264966,,XLC,通信サービス,growth,,5.0,-1.0,-1.0
2025-03-17,95.232666015625,0.5602677363144531,0.5643642982781935,99.93528454180256,,XLC,通信サービス,growth,,3.0,-3.0,-3.0
2025-03-18,93.90115356445312,0.5553221273981118,0.5613502413181662,99.59295950147308,,XLC,通信サービス,growth,,3.0,-2.0,-1.0
2025-03-19,95.01728057861328,0.5577893865228399,0.5601632897197242,99.45325055980626,,XLC,通信サービス,growth,,3.0,-2.0,-1.0
2025-03-20,94.81167602539062,0.5589089471532521,0.5597451755309002,99.40424928531554,,XLC,通信サービス,growth,,3.0,-2.0,-1.0
2025-03-21,95.5557632446289,0.5658876001939925,0.5617926504185977,99.62690593840412,,XLC,通信サービス,growth,,3.0,-2.0,-1.0
2025-03-24,96.90889739990234,0.5651433386768607,0.5629095465046854,99.74748385873549,,XLC,通信サービス,growth,,3.0,0.0,3.0
2025-03-25,98.13633728027344,0.5736727002473991,0.5664972644189233,100.13729607335668,,XLC,通信サービス,growth,,3.0,0.0,2.0
2025-03-26,97.3016586303711,0.5698664834303582,0.567620337422735,100.25090936978012,,XLC,通信サービス,growth,,3.0,0.0,2.0
2025-03-27,96.86961364746094,0.5687993078124567,0.5680133275526422,100.28321060947819,,XLC,通信サービス,growth,,3.0,0.0,2.0
2025-03-28,94.01213073730469,0.5606640231320652,0.56556355941245,100.00496032154,,XLC,通信サービス,growth,,3.0,0.0,2.0
2025-03-31,94.70930480957031,0.5601593315561639,0.5637621501270214,99.80086367747268,,XLC,通信サービス,growth,,3.0,0.0,0.0
2025-04-01,94.76823425292969,0.5599259902829565,0.5624834301789998,99.65579708659318,,XLC,通信サービス,growth,,3.0,0.0,0.0
2025-04-02,95.10209655761719,0.5572391791577215,0.5607353465052404,99.46090537001196,,XLC,通信サービス,growth,,3.0,0.0,0.0
2025-04-03,90.86006164550781,0.5590138060691429,0.5601614996932078,99.39504714307938,,XLC,通信サービス,growth,,3.0,0.0,0.0
2025-04-04,85.65571594238281,0.5583429382143237,0.5595553125335798,99.32855753268223,,XLC,通信サービス,growth,,4.0,1.0,1.0
2025-04-07,85.77354431152344,0.5638099951224272,0.5609735400631957,99.4839199056771,99.71601821609903,XLC,通信サービス,growth,Lagging,4.0,1.0,1.0
2025-04-08,84.57556915283203,0.5666230937309154,0.5628567246191023,99.6920409899042,100.38055906319978,XLC,通信サービス,growth,Improving,4.0,1.0,1.0
2025-04-09,92.04822540283203,0.571021535442969,0.5655783282270579,99.98904523320604,101.2779161633527,XLC,通信サービス,growth,Improving,6.0,3.0,3.0
2025-04-10,88.86669158935547,0.5704901080048418,0.5672155881529859,100.16034241383791,101.6563069212558,XLC,通信サービス,growth,Leading,5.0,2.0,2.0
2025-04-11,89.62281036376953,0.566750499324408,0.56706055854346,100.12983372979306,101.65358657246885,XLC,通信サービス,growth,Leading,5.0,1.0,0.0
2025-04-14,90.22179412841797,0.563340910888146,0.5658206759916887,99.97485514416095,101.06351305310042,XLC,通信サービス,growth,Improving,4.0,0.0,-1.0
2025-04-15,90.4476547241211,0.5665812974508619,0.5660742164780799,99.98122308581574,100.68034200280282,XLC,通信サービス,growth,Improving,4.0,0.0,-1.0
2025-04-16,88.01240539550781,0.5584970454169589,0.5635484927910396,99.66385776166962,99.57014906450408,XLC,通信サービス,growth,Lagging,4.0,-2.0,-5.0
2025-04-17,88.5819320678711,0.557964244111168,0.5616870765644157,99.40460200121787,98.79794742274053,XLC,通信サービス,growth,Lagging,4.0,-1.0,-3.0
2025-04-21,86.58857727050781,0.5565977700657108,0.5599906410648474,99.14519418291587,98.4100648777913,XLC,通信サービス,growth,Lagging,3.0,-2.0,-3.0
2025-04-22,88.8470687866211,0.5573726544891199,0.5591179788729383,98.96361140949867,98.39169639867652,XLC,通信サービス,growth,Lagging,3.0,-1.0,-1.0
2025-04-23,90.27088928222656,0.560878790783336,0.5597049161764043,98.97235101060949,98.4400921264403,XLC,通信サービス,growth,Lagging,2.0,-2.0,-2.0
2025-04-24,92.07767486572266,0.5625863541353958,0.5606653954960682,99.03367494381183,99.10708444834944,XLC,通信サービス,growth,Lagging,2.0,-2.0,0.0
2025-04-25,92.65704345703125,0.5669375762662651,0.5627561224194673,99.27792052241523,99.97458040457364,XLC,通信サービス,growth,Lagging,3.0,-1.0,0.0
2025-04-28,93.01053619384766,0.5675076085386941,0.5643399511258762,99.47137776479028,100.74728179639139,XLC,通信サービス,growth,Improving,4.0,1.0,3.0
2025-04-29,93.6880874633789,0.5683249105065007,0.5656682709194177,99.64869453895878,101.34875443384844,XLC,通信サービス,growth,Improving,4.0,1.0,2.0
2025-04-30,93.71754455566406,0.5676969504097864,0.5663444974162073,99.73912528390309,101.47862634496435,XLC,通信サービス,growth,Improving,4.0,2.0,4.0
2025-05-01,94.19869995117188,0.5713885077105997,0.5680258341810048,99.99356430253555,101.77630363891922,XLC,通信サービス,growth,Improving,5.0,3.0,5.0
2025-05-02,95.66181182861328,0.5702036256855608,0.5687517646825235,100.10000795706421,101.53657858349955,XLC,通信サービス,growth,Leading,6.0,3.0,4.0
2025-05-05,95.8876724243164,0.5734514670609832,0.5703183321420101,100.34873974097077,101.62078844523042,XLC,通信サービス,growth,Leading,6.0,2.0,1.0
2025-05-06,95.8680191040039,0.5776158285034012,0.5727508309291405,100.7406508581315,101.9443340853898,XLC,通信サービス,growth,Leading,7.0,3.0,2.0
2025-05-07,95.69127655029297,0.5727785005374116,0.5727600541318976,100.7338005379088,101.7414258055065,XLC,通信サービス,growth,Leading,7.0,3.0,1.0
2025-05-08,95.91712188720703,0.5693406370956676,0.5716202484531543,100.54693840894502,101.02669056772717,XLC,通信サービス,growth,Leading,7.0,2.0,-1.0
2025-05-09,95.42613983154297,0.5665574985631882,0.5699326651564989,100.27916003115878,100.42976932971354,XLC,通信サービス,growth,Leading,6.0,0.0,-3.0
2025-05-12,97.40968322753906,0.5629053588267152,0.5675902297132377,99.91085683852806,99.45009597286634,XLC,通信サービス,growth,Lagging,6.0,0.0,-2.0
2025-05-13,98.3621826171875,0.5671300619849707,0.567436840470482,99.90307905852596,98.83943781887314,XLC,通信サービス,growth,Lagging,6.0,-1.0,-4.0
2025-05-14,98.87279510498047,0.5735275543340635,0.5694670784250093,100.26243085359678,99.43982986492585,XLC,通信サービス,growth,Weakening,7.0,0.0,-3.0
2025-05-15,99.26557159423828,0.5706047782099228,0.5698463116866472,100.3577346294273,99.89904849925115,XLC,通信サービス,growth,Weakening,7.0,0.0,-2.0
2025-05-16,99.943115234375,0.5689138362722578,0.5695354865485174,100.35008079100665,100.32057338448,XLC,通信サービス,growth,Leading,7.0,1.0,1.0
2025-05-19,100.04131317138672,0.5695360870101913,0.5695356867024087,100.3978966352813,100.9720370984196,XLC,通信サービス,growth,Leading,7.0,1.0,1.0
2025-05-20,99.79582214355469,0.5696260477959476,0.5695658070669217,100.45344168699528,101.05052737130671,XLC,通信サービス,growth,Leading,8.0,2.0,3.0
2025-05-21,99.04954528808594,0.5779559414069254,0.5723625185135897,101.06172193027568,101.39633640091245,XLC,通信サービス,growth,Leading,8.0,1.0,1.0
2025-05-22,98.8335189819336,0.5785404797690252,0.5744218389320682,101.53343314580552,101.88789928798127,XLC,通信サービス,growth,Leading,8.0,1.0,1.0
2025-05-23,98.38182830810547,0.5782089127669751,0.5756841968770372,101.84039228619525,102.22559757457024,XLC,通信サービス,growth,Leading,10.0,3.0,2.0
2025-05-27,99.9823989868164,0.5768613625977206,0.5760765854505984,101.91032474091995,102.13623572296041,XLC,通信サービス,growth,Leading,10.0,3.0,2.0
2025-05-28,99.9627685546875,0.5816943629945225,0.5779491779652397,102.22705280057065,102.35067585113197,XLC,通信サービス,growth,Leading,10.0,2.0,0.0
2025-05-29,99.15756225585938,0.5756030692382008,0.5771671417228934,101.99407570907978,101.17959112082978,XLC,通信サービス,growth,Leading,10.0,2.0,1.0
2025-05-30,99.56998443603516,0.5782264517426761,0.577520245062821,101.9886126750826,100.51921763410232,XLC,通信サービス,growth,Leading,10.0,2.0,1.0
2025-06-02,100.06095886230469,0.5806169795002455,0.5785524898752958,102.09743961905313,100.23508030674628,XLC,通信サービス,growth,Leading,11.0,1.0,-2.0
2025-06-03,99.77619171142578,0.5741842968852353,0.5770964255452757,101.7762410259778,99.70128075423197,XLC,通信サービス,growth,Weakening,9.0,-1.0,-4.0
2025-06-04,100.41446685791016,0.5791586451194156,0.5777838320699891,101.86410633746931,99.40045410756004,XLC,通信サービス,growth,Weakening,9.0,-1.0,-3.0
2025-06-05,100.55193328857422,0.5815227405337347,0.5790301348912377,102.0306395100614,99.9431339715455,XLC,通信サービス,growth,Weakening,11.0,1.0,-1.0
2025-06-06,101.83829498291016,0.5839193094465699,0.580659859743015,102.22570120939163,100.21143167382694,XLC,通信サービス,growth,Leading,11.0,1.0,-1.0
2025-06-09,101.54370880126953,0.582132528414173,0.5811507493000677,102.19581077046247,100.01884076377686,XLC,通信サービス,growth,Leading,11.0,0.0,-1.0
2025-06-10,102.83006286621094,0.5865858227208174,0.5829624404403176,102.34665373121105,100.63697678966236,XLC,通信サービス,growth,Leading,11.0,2.0,3.0
2025-06-11,102.59439849853516,0.5869080205383828,0.5842776338063393,102.39715294736449,100.56538040403481,XLC,通信サービス,growth,Leading,11.0,2.0,3.0
2025-06-12,101.7597427368164,0.5807712943766106,0.5831088539964298,102.10353874965732,99.92206525313897,XLC,通信サービス,growth,Weakening,11.0,0.0,-1.0
2025-06-13,100.72868347167969,0.581920856143695,0.5827128547121849,101.94671754991019,99.42125516618299,XLC,通信サービス,growth,Weakening,11.0,0.0,-1.0
2025-06-16,102.45692443847656,0.5862524813471148,0.5838927302571616,102.00643273676506,99.52682825838937,XLC,通信サービス,growth,Weakening,11.0,0.0,0.0
2025-06-17,101.55352783203125,0.5867191751494719,0.5848348785545985,102.03162055784709,99.3264398056404,XLC,通信サービス,growth,Weakening,11.0,0.0,-2.0
2025-06-18,101.60262298583984,0.5869366408114579,0.5855354659735517,102.02651882934875,99.21399506338398,XLC,通信サービス,growth,Weakening,11.0,0.0,-2.0
2025-06-20,100.98399353027344,0.5824106379275114,0.5844938566248716,101.81592079719063,99.30773608077233,XLC,通信サービス,growth,Weakening,11.0,0.0,0.0
2025-06-23,102.26264953613281,0.5846238327713363,0.5845371820070266,101.74756044934279,99.42672030021501,XLC,通信サービス,growth,Weakening,11.0,0.0,0.0
2025-06-24,103.5816650390625,0.5866102736869613,0.5852282125670049,101.758366001352,99.35560457331455,XLC,通信サービス,growth,Weakening,11.0,0.0,0.0
2025-06-25,103.56197357177734,0.5907610513138464,0.5870724921492854,101.89391598877597,99.53630480084958,XLC,通信サービス,growth,Weakening,11.0,0.0,0.0
2025-06-26,104.76286315917969,0.5931351285928004,0.5890933709637904,102.02854520195187,99.76239227117209,XLC,通信サービス,growth,Weakening,11.0,0.0,0.0
2025-06-27,105.99327850341797,0.5979117515844536,0.5920328311706782,102.2339659912773,100.4026402625924,XLC,通信サービス,growth,Leading,11.0,0.0,0.0
2025-06-30,106.82996368408203,0.5998130362795119,0.5946262328736228,102.3674706287985,100.70090111637965,XLC,通信サービス,growth,Leading,11.0,0.0,0.0
2025-07-01,106.07202911376953,0.58865844923037,0.5926369716592053,102.0461711705103,100.1929677648764,XLC,通信サービス,growth,Leading,11.0,0.0,0.0
2025-07-02,105.76687622070312,0.5856271997862809,0.5903003810348971,101.7297414419271,99.49898034741601,XLC,通信サービス,growth,Weakening,11.0,0.0,0.0
2025-07-03,106.3476333618164,0.5860128499757677,0.5888712040151873,101.52874991453047,98.97243650395477,XLC,通信サービス,growth,Weakening,11.0,0.0,0.0
2025-07-07,105.32393646240234,0.5850476767642522,0.5875966949315423,101.35544767744571,98.39043144815923,XLC,通信サービス,growth,Weakening,10.0,-1.0,-1.0
2025-07-08,105.10738372802734,0.5823865197600692,0.5858599698743847,101.14425397283647,97.92223627432125,XLC,通信サービス,growth,Weakening,10.0,-1.0,-1.0
2025-07-09,105.38299560546875,0.5821749131147957,0.5846316176211884,100.9872776494798,98.22637249246993,XLC,通信サービス,growth,Weakening,9.0,-2.0,-2.0
2025-07-10,105.02862548828125,0.5768754858869434,0.5820462403764401,100.6926256937484,98.32299072626144,XLC,通信サービス,growth,Weakening,8.0,-3.0,-3.0
2025-07-11,104.34944152832031,0.5773716969842646,0.580488059245715,100.50709542324341,98.41013410993376,XLC,通信サービス,growth,Weakening,8.0,-3.0,-3.0
2025-07-14,105.37315368652344,0.5824358899533459,0.5811373361482587,100.5548051292316,98.76317825753881,XLC,通信サービス,growth,Weakening,8.0,-2.0,-1.0
2025-07-15,104.32975769042969,0.5847777186026719,0.5823507969663965,100.66063927654046,99.23275487333206,XLC,通信サービス,growth,Weakening,9.0,-1.0,0.0
2025-07-16,104.64474487304688,0.5842646527108764,0.5829887488812231,100.70393608291647,99.5307566552651,XLC,通信サービス,growth,Weakening,9.0,0.0,2.0
2025-07-17,105.00894927978516,0.5815568126620607,0.582511436808169,100.62897512313215,99.84743976606444,XLC,通信サービス,growth,Weakening,9.0,1.0,4.0
2025-07-18,104.52662658691406,0.5791056543276422,0.5813761759813267,100.48259884383354,99.8955976867039,XLC,通信サービス,growth,Weakening,8.0,0.0,3.0
2025-07-21,105.92437744140625,0.5888638193992383,0.5838720571206306,100.73221639049585,100.16111791381223,XLC,通信サービス,growth,Leading,8.0,0.0,2.0
2025-07-22,106.17045593261719,0.5828019171689343,0.5835153438033985,100.6690600232032,99.89592273532737,XLC,通信サービス,growth,Weakening,8.0,-1.0,0.0
2025-07-23,106.75121307373047,0.5811752420031004,0.5827353098699659,100.55591200027898,99.64183773992355,XLC,通信サービス,growth,Weakening,7.0,-2.0,-2.0
2025-07-24,106.92840576171875,0.5840093839393794,0.5831600012264371,100.5841980320733,99.76703592157108,XLC,通信サービス,growth,Weakening,9.0,0.0,-1.0
2025-07-25,105.93421936035156,0.5758056628880682,0.5807085551136475,100.25019670186215,99.46919282326122,XLC,通信サービス,growth,Weakening,7.0,-1.0,-1.0
2025-07-28,105.3633041381836,0.5761088784110647,0.5791753295461199,100.01860813857469,98.76345944454265,XLC,通信サービス,growth,Weakening,8.0,0.0,0.0
2025-07-29,104.45771789550781,0.5714328046892986,0.5765944879271795,99.63441791404261,98.34844271175,XLC,通信サービス,growth,Lagging,8.0,0.0,1.0
2025-07-30,104.78255462646484,0.57695245728852,0.5767138110476263,99.61580616712513,98.5424944404275,XLC,通信サービス,growth,Lagging,6.0,-1.0,1.0
2025-07-31,105.7275161743164,0.5875133461039891,0.5803136560664139,100.10067594424967,99.23465445218623,XLC,通信サービス,growth,Weakening,7.0,-2.0,-2.0
2025-08-01,104.45771789550781,0.5870751787383958,0.5825674969570745,100.4071378715686,100.19451818651345,XLC,通信サービス,growth,Leading,8.0,1.0,2.0
2025-08-04,106.46575927734375,0.5911327795577828,0.5854225911573107,100.81099937605622,101.14106160264673,XLC,通信サービス,growth,Leading,8.0,0.0,0.0
2025-08-05,105.638916015625,0.588174094690127,0.5863397590015829,100.9232562354832,101.8418355787023,XLC,通信サービス,growth,Leading,8.0,0.0,0.0
2025-08-06,106.0425033569336,0.5917450745466994,0.5881415308499551,101.16483003964983,102.16886275859879,XLC,通信サービス,growth,Leading,8.0,2.0,3.0
2025-08-07,105.58970642089844,0.5895729683054327,0.5886186766684477,101.20018515086345,101.51532501373474,XLC,通信サービス,growth,Leading,8.0,1.0,3.0
2025-08-08,105.9440689086914,0.5904853466621547,0.5892408999996834,101.25828783189854,101.14557410489995,XLC,通信サービス,growth,Leading,7.0,-1.0,-2.0
2025-08-11,106.48544311523438,0.5951279639864959,0.5912032546619543,101.52064328887178,100.92600063383428,XLC,通信サービス,growth,Leading,8.0,0.0,0.0
2025-08-12,108.52301788330078,0.5989054481367204,0.5937706524868764,101.8774767042373,101.22975599475309,XLC,通信サービス,growth,Leading,9.0,1.0,1.0
2025-08-13,109.36954498291016,0.5950806674235616,0.5942073241324382,101.90626937216145,100.90277377686901,XLC,通信サービス,growth,Leading,10.0,2.0,0.0
2025-08-14,109.45813751220703,0.5994624228751188,0.5959590237133316,102.11597846679045,101.11222460712499,XLC,通信サービス,growth,Leading,10.0,2.0,1.0
2025-08-15,109.7337646484375,0.6024592426509771,0.5981257633592134,102.36345183691368,101.3315570706215,XLC,通信サービス,growth,Leading,10.0,3.0,4.0
2025-08-18,109.06441497802734,0.5989132804630127,0.5983882690604799,102.318159053116,100.88375037624797,XLC,通信サービス,growth,Leading,10.0,2.0,2.0
2025-08-19,108.45411682128906,0.5927865127569654,0.5965210169593085,101.97493884611067,99.92848699566763,XLC,通信サービス,growth,Weakening,10.0,1.0,0.0
2025-08-20,108.12928771972656,0.5915497672446213,0.5948639337210795,101.68428778926904,99.50468137035386,XLC,通信サービス,growth,Weakening,10.0,0.0,-2.0
2025-08-21,108.01116943359375,0.592970075058008,0.5942326475000557,101.54518174571528,99.05395672293996,XLC,通信サービス,growth,Weakening,10.0,0.0,-2.0
2025-08-22,109.56641387939453,0.5900169875852748,0.5928274275284621,101.28008651838044,98.40230965185451,XLC,通信サービス,growth,Weakening,10.0,0.0,-3.0
2025-08-25,109.74359893798828,0.5955281462900612,0.5937276671156618,101.38848188960144,98.64408275700438,XLC,通信サービス,growth,Weakening,10.0,0.0,-2.0
2025-08-26,109.26127624511719,0.592501195875613,0.5933188433689789,101.28301201406155,98.9977937010962,XLC,通信サービス,growth,Weakening,10.0,0.0,-1.0
2025-08-27,109.44829559326172,0.5913782309960433,0.5926719725780003,101.13873655335414,99.22230356640637,XLC,通信サービス,growth,Weakening,10.0,0.0,0.0
2025-08-28,109.8617172241211,0.5938951248764763,0.5930796900108257,101.17286307496016,99.5076350887557,XLC,通信サービス,growth,Weakening,10.0,0.0,0.0
2025-08-29,109.6451644897461,0.5931644855738152,0.5931079551984889,101.14383436496863,99.88372800082554,XLC,通信サービス,growth,Weakening,10.0,0.0,0.0
2025-09-02,109.45813751220703,0.5968675523628462,0.5943611542532747,101.31620288692366,99.99041765476996,XLC,通信サービス,growth,Weakening,10.0,0.0,0.0
2025-09-03,111.28901672363281,0.6077932036907745,0.5988385040657747,102.00071974017723,101.17663382471761,XLC,通信サービス,growth,Leading,11.0,1.0,1.0
2025-09-04,112.29302978515625,0.60877996515531,0.6021523244289531,102.42210935587306,101.94159512110373,XLC,通信サービス,growth,Leading,11.0,1.0,1.0
2025-09-05,112.89347839355469,0.611320698281398,0.6052084490464347,102.71962431290348,102.20339717000387,XLC,通信サービス,growth,Leading,11.0,1.0,1.0
2025-09-08,113.02143859863281,0.6125011721662973,0.6076393567530556,102.85283221133446,102.29694888758384,XLC,通信サービス,growth,Leading,11.0,1.0,1.0
2025-09-09,113.6612548828125,0.6178717796263756,0.6110501643774957,103.05124243537863,102.20391051514609,XLC,通信サービス,growth,Leading,11.0,1.0,1.0
2025-09-10,112.82456970214844,0.6139449352976837,0.6120150880175583,102.91027212297938,101.11205935529289,XLC,通信サービス,growth,Leading,11.0,0.0,-1.0
2025-09-11,114.55699920654297,0.6141688085573862,0.6127329948641677,102.76277529995795,100.3788282616087,XLC,通信サービス,growth,Leading,11.0,0.0,-1.0
2025-09-12,115.51180267333984,0.6237776270419988,0.6164145389234448,102.92596437378545,100.20141043772342,XLC,通信サービス,growth,Leading,11.0,0.0,-1.0
2025-09-15,117.1359634399414,0.6336548868362352,0.6221613215610415,103.20669315197158,100.38016987118037,XLC,通信サービス,growth,Leading,11.0,0.0,-1.0
2025-09-16,116.66348266601562,0.6327763339341363,0.6256996590187398,103.2053415525279,100.11351566882162,XLC,通信サービス,growth,Leading,11.0,0.0,-1.0
2025-09-17,116.96862030029297,0.6338249790520774,0.6284080990298524,103.12121675075053,100.17691367393465,XLC,通信サービス,growth,Leading,11.0,0.0,0.0
2025-09-18,117.05722045898438,0.6301888357898757,0.6290016779498602,102.89839656853569,100.06847372176055,XLC,通信サービス,growth,Leading,11.0,0.0,0.0
2025-09-19,117.53954315185547,0.6338890323485309,0.6306307960827504,102.78525086144366,99.70398548021572,XLC,通信サービス,growth,Weakening,11.0,0.0,0.0
2025-09-22,117.1296157836914,0.6313767459244148,0.6308794460299719,102.60156967359305,99.1096633371859,XLC,通信サービス,growth,Weakening,10.0,-1.0,-1.0
2025-09-23,116.96170043945312,0.6297031485888572,0.6304873468829337,102.40796725295965,98.88083383975614,XLC,通信サービス,growth,Weakening,10.0,-1.0,-1.0
2025-09-24,115.99368286132812,0.6259509676152868,0.6289752204603848,102.17588211896364,98.7231834771273,XLC,通信サービス,growth,Weakening,10.0,-1.0,-1.0
2025-09-25,115.59856414794922,0.6289972035039144,0.6289825481415614,102.0623591591533,98.89058366192829,XLC,通信サービス,growth,Weakening,10.0,-1.0,-1.0
2025-09-26,116.72462463378906,0.6288933491574762,0.6289528151468664,101.95992538926723,98.93698560430168,XLC,通信サービス,growth,Weakening,9.0,-2.0,-2.0
2025-09-29,117.09999084472656,0.6288149369936735,0.6289068557624689,101.86829441091666,99.08119861660339,XLC,通信サービス,growth,Weakening,9.0,-1.0,0.0
2025-09-30,116.92218780517578,0.6262052998132975,0.6280063371127451,101.73797359820671,99.18279213972353,XLC,通信サービス,growth,Weakening,10.0,0.0,1.0
2025-10-01,115.28248596191406,0.6160270606115953,0.6240132449456952,101.45224129502797,99.13232809803019,XLC,通信サービス,growth,Weakening,10.0,0.0,1.0
2025-10-02,115.02566528320312,0.6132033855385356,0.620409958476642,101.20659908157468,98.98195991181476,XLC,通信サービス,growth,Weakening,8.0,-2.0,-1.0
2025-10-03,114.96640014648438,0.6107403479007325,0.6171867549513389,100.99331853022827,98.84976946099036,XLC,通信サービス,growth,Weakening,8.0,-1.0,1.0
2025-10-06,115.0849380493164,0.6115618596290706,0.6153117898439162,100.86055162242252,98.78825385458214,XLC,通信サービス,growth,Weakening,7.0,-2.0,-1.0
2025-10-07,114.64043426513672,0.611888159728814,0.6141705798055488,100.7710968710937,98.83422252095107,XLC,通信サービス,growth,Weakening,8.0,-2.0,-2.0
2025-10-08,114.16632080078125,0.6073792726779161,0.6119068107630046,100.62070692829444,98.99272435657448,XLC,通信サービス,growth,Weakening,8.0,-2.0,-2.0
2025-10-09,113.5143814086914,0.6089490549978529,0.6109208921746208,100.5423241650197,99.18728895371355,XLC,通信サービス,growth,Weakening,8.0,0.0,2.0
2025-10-10,111.42031860351562,0.6115024097344058,0.6111147313612157,100.53087337462925,99.42990409390497,XLC,通信サービス,growth,Weakening,8.0,0.0,1.0
2025-10-13,112.44758605957031,0.611197370812056,0.6111422778448292,100.51039548513592,99.56778341127557,XLC,通信サービス,growth,Weakening,8.0,1.0,3.0
2025-10-14,113.18841552734375,0.6101643777429124,0.6108163111441903,100.46989763419917,99.62981147738087,XLC,通信サービス,growth,Weakening,8.0,0.0,2.0
2025-10-15,113.98851013183594,0.6132409996130278,0.6116245406338029,100.494906967816,99.85182353878479,XLC,通信サービス,growth,Weakening,8.0,0.0,2.0
2025-10-16,112.7735595703125,0.612510390517715,0.6119198239284402,100.48950281535475,99.9442255660383,XLC,通信サービス,growth,Weakening,8.0,0.0,0.0
2025-10-17,113.53414154052734,0.6135255548741879,0.6124550675770228,100.4991696701247,99.97496480273608,XLC,通信サービス,growth,Weakening,8.0,0.0,0.0
2025-10-20,114.8182373046875,0.6143217328597429,0.6130772893379296,100.513904291787,100.0193925041,XLC,通信サービス,growth,Leading,8.0,0.0,-1.0
2025-10-21,115.22322082519531,0.6136769921260188,0.6132771902672927,100.50291823448342,100.05293912867224,XLC,通信サービス,growth,Leading,8.0,0.0,0.0
2025-10-22,114.22557830810547,0.6113118315360637,0.6126220706902163,100.4395331524904,99.94184616963334,XLC,通信サービス,growth,Weakening,8.0,0.0,0.0
2025-10-23,113.84034729003906,0.6063753508303378,0.6105398307369235,100.28493060199476,99.75338604823645,XLC,通信サービス,growth,Weakening,7.0,-1.0,-1.0
2025-10-24,114.13668060302734,0.6063008978529181,0.6091268531089218,100.16832969444383,99.58461130382167,XLC,通信サービス,growth,Weakening,6.0,-2.0,-2.0
2025-10-27,115.72698974609375,0.6120286893844759,0.6100941318674398,100.20331564256115,99.5904869994539,XLC,通信サービス,growth,Weakening,7.0,-1.0,-1.0
2025-10-28,115.1540756225586,0.6142746955848417,0.6114876531065738,100.2695909377103,99.67143778074407,XLC,通信サービス,growth,Weakening,7.0,-1.0,-1.0
2025-10-29,114.86763000488281,0.6196768906694896,0.6142173989608791,100.43582368788591,99.95918425259589,XLC,通信サービス,growth,Weakening,6.0,-2.0,-2.0
2025-10-30,112.92172241210938,0.6118106191140481,0.6134151390119355,100.35223672223198,100.05346115878324,XLC,通信サービス,growth,Leading,6.0,-1.0,0.0
2025-10-31,113.40572357177734,0.6130925060433537,0.6133075946890749,100.31902656405823,100.17666044442416,XLC,通信サービス,growth,Leading,6.0,0.0,2.0
2025-11-03,112.20064544677734,0.6080659407378164,0.6115603767053222,100.15969856461405,99.9482751344987,XLC,通信サービス,growth,Weakening,5.0,-2.0,-1.0
2025-11-04,111.43019104003906,0.6079115106865622,0.6103440880324023,100.03830209662976,99.72432269633593,XLC,通信サービス,growth,Weakening,5.0,-2.0,-1.0
2025-11-05,112.03272247314453,0.6076420949956307,0.6094434236868118,99.93861277974496,99.37836279208763,XLC,通信サービス,growth,Lagging,5.0,-1.0,1.0
2025-11-06,111.02520751953125,0.6064510375344383,0.6084459616360207,99.82803731780672,99.3644117694191,XLC,通信サービス,growth,Lagging,5.0,-1.0,0.0
2025-11-07,110.73876190185547,0.5998554288488174,0.6055824507069529,99.5602932104813,99.05870938782425,XLC,通信サービス,growth,Lagging,5.0,-1.0,-1.0
2025-11-10,111.89443969726562,0.6026454020711515,0.6046034344950191,99.45376683818341,99.16121296016892,XLC,通信サービス,growth,Lagging,5.0,0.0,2.0
2025-11-11,112.80319213867188,0.6040494445487599,0.6044187711795994,99.41516294100651,99.30687740807113,XLC,通信サービス,growth,Lagging,5.0,0.0,2.0
2025-11-12,112.1512680053711,0.5991374394795372,0.6026583272795787,99.24329300593254,99.22628319643623,XLC,通信サービス,growth,Lagging,4.0,-1.0,0.0
2025-11-13,110.56095123291016,0.5973952782693969,0.6009039776095181,99.07955386368967,99.1700361698922,XLC,通信サービス,growth,Lagging,4.0,-1.0,0.0
2025-11-14,109.9682846069336,0.5963813941171846,0.5993964497787403,98.94182023976842,99.39361088228105,XLC,通信サービス,growth,Lagging,3.0,-2.0,-1.0
2025-11-17,109.82012939453125,0.6035025791844466,0.6007651595806425,99.0516320070332,99.74267228784056,XLC,通信サービス,growth,Lagging,3.0,-2.0,-2.0
2025-11-18,110.44242095947266,0.6065613879096756,0.6026972356903202,99.20411338954354,100.04063538547389,XLC,通信サービス,growth,Improving,5.0,0.0,0.0
2025-11-19,109.83000183105469,0.6050295205175982,0.6034746639660795,99.24980240636604,100.36629595084315,XLC,通信サービス,growth,Improving,5.0,1.0,2.0
2025-11-20,108.62492370605469,0.6057813871499863,0.6042435716940484,99.28937417069514,100.65929114815413,XLC,通信サービス,growth,Improving,4.0,0.0,1.0
2025-11-21,110.53131866455078,0.6045333614634023,0.6043401682838331,99.26804641901441,100.81605262882415,XLC,通信サービス,growth,Improving,4.0,1.0,3.0
2025-11-24,111.62773895263672,0.6080097642124377,0.6055633669267013,99.35225697349263,100.7508412565645,XLC,通信サービス,growth,Improving,4.0,1.0,3.0
2025-11-25,112.90196990966797,0.6063360851066619,0.6058209396533549,99.33905146512949,100.47079583652673,XLC,通信サービス,growth,Improving,6.0,1.0,1.0
2025-11-26,113.06001281738281,0.6029775588538814,0.6048731460535304,99.20223071102599,100.17226940822297,XLC,通信サービス,growth,Improving,5.0,0.0,-1.0
2025-11-28,113.97863006591797,0.6046077716470113,0.6047846879180241,99.14937978754038,100.02518417839005,XLC,通信サービス,growth,Improving,5.0,1.0,1.0
2025-12-01,113.44524383544922,0.6059227187987083,0.6051640315449188,99.14911015869232,100.05990488569212,XLC,通信サービス,growth,Improving,5.0,1.0,0.0
2025-12-02,113.82059478759766,0.6085033226702682,0.6062771285867019,99.24756018409434,100.10504701772577,XLC,通信サービス,growth,Improving,5.0,1.0,0.0
2025-12-03,113.7218017578125,0.6033714088037392,0.6053085553257144,99.12802845117828,99.96996237486928,XLC,通信サービス,growth,Lagging,4.0,-2.0,-3.0
2025-12-04,114.37374114990234,0.6066403246315105,0.6057524784276465,99.17647942838552,100.35259473748171,XLC,通信サービス,growth,Improving,3.0,-2.0,-2.0
2025-12-05,115.69734954833984,0.6122225098474405,0.6079091555675779,99.4195366878375,101.0402376914079,XLC,通信サービス,growth,Improving,8.0,3.0,2.0
2025-12-08,114.83799743652344,0.6113368440282703,0.6090517183878087,99.55282130799311,101.54900712699387,XLC,通信サービス,growth,Improving,8.0,3.0,2.0
2025-12-09,114.96640014648438,0.6131769885303342,0.6104268084353173,99.71107998407437,101.77151209200127,XLC,通信サービス,growth,Improving,8.0,3.0,2.0
2025-12-10,115.6380844116211,0.6082026561715641,0.6096854243473996,99.63328839240832,101.84640770390958,XLC,通信サービス,growth,Improving,8.0,4.0,6.0
2025-12-11,115.38126373291016,0.6019903842372313,0.6071204109773436,99.36214874230988,101.08376141442183,XLC,通信サービス,growth,Improving,6.0,3.0,5.0
2025-12-12,115.12445068359375,0.604749782721034,0.6063302015585738,99.29794222221399,100.37266513711646,XLC,通信サービス,growth,Improving,4.0,-4.0,-7.0
2025-12-15,115.14419555664062,0.6041039834202413,0.6055881288457963,99.2397835390946,99.92375275798508,XLC,通信サービス,growth,Lagging,4.0,-4.0,-7.0
2025-12-16,115.22322082519531,0.6087941049610397,0.6066567875508775,99.38612132873655,99.91432973212659,XLC,通信サービス,growth,Lagging,6.0,-2.0,-5.0
2025-12-17,114.39349365234375,0.6060490826797214,0.6064542192604921,99.38545063692182,100.12243110552345,XLC,通信サービス,growth,Improving,5.0,-3.0,-7.0
2025-12-18,115.04542541503906,0.608202650510779,0.6070370296772545,99.47925288824705,101.02079909902862,XLC,通信サービス,growth,Improving,6.0,0.0,-3.0
2025-12-19,115.09480285644531,0.6062553785818331,0.606776479312114,99.46784615924153,101.11578301495824,XLC,通信サービス,growth,Improving,6.0,2.0,6.0
2025-12-22,115.60616302490234,0.6044685672360652,0.6060071752867644,99.38263895888198,101.01691612627296,XLC,通信サービス,growth,Improving,6.0,2.0,6.0
2025-12-23,116.32955169677734,0.609668450143809,0.6072276002391126,99.58010725922638,101.114542374511,XLC,通信サービス,growth,Improving,6.0,0.0,2.0
2025-12-24,117.02323913574219,0.6110886279245639,0.6085146094675964,99.80882225121613,101.63698292196129,XLC,通信サービス,growth,Improving,6.0,1.0,4.0
2025-12-26,116.9043197631836,0.6103101744019548,0.6091131311123825,99.95193543653535,101.70009447095315,XLC,通信サービス,growth,Improving,6.0,0.0,0.0
2025-12-29,116.82504272460938,0.6109047786762144,0.6097103469669931,100.12249842891207,102.0558140244221,XLC,通信サービス,growth,Leading,7.0,1.0,-1.0
2025-12-30,117.22142791748047,0.6139610701504841,0.6111272546948234,100.51091752002354,102.94783156394739,XLC,通信サービス,growth,Leading,8.0,2.0,0.0
2025-12-31,116.65657806396484,0.6162654976127507,0.6128400023341325,101.01952760353845,103.29494532321033,XLC,通信サービス,growth,Leading,9.0,3.0,3.0
2026-01-02,115.84398651123047,0.6078476985908043,0.6111759010863564,100.69706088269454,102.04167199468158,XLC,通信サービス,growth,Leading,8.0,2.0,1.0
2026-01-05,116.68630981445312,0.606637112576555,0.6096629715830892,100.34991993008279,100.99688156487005,XLC,通信サービス,growth,Leading,6.0,0.0,0.0
2026-01-06,116.27009582519531,0.5972625182797026,0.605529487148627,99.25367455228172,98.2922591494269,XLC,通信サービス,growth,Lagging,6.0,-1.0,-2.0
2026-01-07,116.03226470947266,0.6028032371294851,0.6046207371422464,99.02871815412234,97.12140770252714,XLC,通信サービス,growth,Lagging,4.0,-4.0,-6.0
2026-01-08,116.41875457763672,0.5996699135866357,0.6029704626237096,98.61206181959787,95.89827087582793,XLC,通信サービス,growth,Lagging,4.0,-5.0,-8.0
2026-01-09,116.84485626220703,0.5983924572121598,0.6014444608198597,98.26093591862774,96.34434628787528,XLC,通信サービス,growth,Lagging,4.0,-4.0,-6.0
2026-01-12,116.48811340332031,0.5960225062727788,0.5996371426374993,97.88150592362207,96.68231848392998,XLC,通信サービス,growth,Lagging,1.0,-5.0,-5.0
2026-01-13,115.83407592773438,0.592676061352297,0.5973167822090986,97.44981894616525,97.76777139421651,XLC,通信サービス,growth,Lagging,1.0,-5.0,-4.0
2026-01-14,115.58633422851562,0.5887295071455985,0.5944543571879319,97.01459596229633,97.63159763242362,XLC,通信サービス,growth,Lagging,1.0,-3.0,1.0
2026-01-15,115.16021728515625,0.5839725226177794,0.5909604123312144,96.60669134869008,97.77786933675266,XLC,通信サービス,growth,Lagging,1.0,-3.0,2.0
2026-01-16,114.12960815429688,0.5802292245828098,0.5873833497484129,96.35714833555473,98.00996722346216,XLC,通信サービス,growth,Lagging,1.0,-3.0,1.0
2026-01-20,112.44497680664062,0.5803235567125146,0.5850300854031134,96.40070766269838,98.57730981827872,XLC,通信サービス,growth,Lagging,1.0,0.0,5.0
2026-01-21,113.59449005126953,0.5764950520504621,0.582185074285563,96.40147691845556,99.12122950963497,XLC,通信サービス,growth,Lagging,1.0,0.0,5.0
2026-01-22,115.1998519897461,0.583880976016893,0.582750374862673,96.8226928928315,100.14844922599313,XLC,通信サービス,growth,Improving,1.0,0.0,3.0
2026-01-23,115.9034423828125,0.590077305091919,0.5851926849390884,97.36967259791831,101.2589843655657,XLC,通信サービス,growth,Improving,2.0,1.0,4.0
2026-01-26,116.70613098144531,0.5927623110439849,0.5877158936407205,97.83750527816889,102.00530015182805,XLC,通信サービス,growth,Improving,2.0,1.0,4.0
2026-01-27,115.84398651123047,0.5893003348911495,0.5882440407241969,98.01105860406355,102.04471429251234,XLC,通信サービス,growth,Improving,2.0,1.0,1.0
2026-01-28,115.6953353881836,0.5905330632522722,0.5890070482335553,98.19176022404747,102.1232387622281,XLC,通信サービス,growth,Improving,2.0,1.0,1.0
2026-01-29,118.70787811279297,0.6051161048380341,0.5943767337683816,98.89680655284826,102.28136244290977,XLC,通信サービス,growth,Improving,4.0,3.0,3.0
2026-01-30,118.9952621459961,0.6079285107630256,0.5988939927665963,99.48199330015228,102.19452107937114,XLC,通信サービス,growth,Improving,7.0,5.0,4.0
2026-02-02,118.5889663696289,0.6027489290951771,0.6001789715427899,99.66596612802212,101.83847482933464,XLC,通信サービス,growth,Improving,7.0,5.0,4.0
2026-02-03,116.67639923095703,0.59461083748669,0.5983229268574233,99.45246259962545,101.42896637330509,XLC,通信サービス,growth,Improving,7.0,5.0,4.0
2026-02-04,115.7448959350586,0.584769008202153,0.5938049539723332,98.90317451915028,100.73494426440513,XLC,通信サービス,growth,Improving,6.0,4.0,3.0
2026-02-05,115.16021728515625,0.5869136318991401,0.5915078466146022,98.65262220171219,99.84942955937058,XLC,通信サービス,growth,Lagging,5.0,1.0,-2.0
2026-02-06,114.71428680419922,0.5739459579298534,0.585653883719686,98.00087601314917,98.73291497540947,XLC,通信サービス,growth,Lagging,3.0,-4.0,-9.0
2026-02-09,115.82416534423828,0.5791552918340782,0.5834876864244835,97.85158453190833,98.47450733590225,XLC,通信サービス,growth,Lagging,3.0,-4.0,-9.0
2026-02-10,116.5178451538086,0.5805584317370064,0.5825112681953245,97.85782201733564,98.69886163821333,XLC,通信サービス,growth,Lagging,3.0,-4.0,-9.0
2026-02-11,115.68543243408203,0.5753909861165786,0.5801378408357425,97.72506083386031,99.08028782291406,XLC,通信サービス,growth,Lagging,3.0,-3.0,-7.0
2026-02-12,113.6043930053711,0.5725540585424682,0.5776099134046511,97.60644266357043,99.20588913685641,XLC,通信サービス,growth,Lagging,3.0,-2.0,-3.0
2026-02-13,113.5449447631836,0.566387228584355,0.5738690184645524,97.40936233497663,99.60496217979336,XLC,通信サービス,growth,Lagging,2.0,-1.0,3.0
2026-02-17,113.3665771484375,0.5664747764589128,0.5714042711293392,97.37061275465747,99.6982415825109,XLC,通信サービス,growth,Lagging,2.0,-1.0,3.0
2026-02-18,113.55484771728516,0.5644887805479688,0.5690991076022158,97.36203651994276,99.68322880402333,XLC,通信サービス,growth,Lagging,2.0,-1.0,3.0
2026-02-19,114.09988403320312,0.5683988872299466,0.5688657008114595,97.5208106502272,99.93815390978315,XLC,通信サービス,growth,Lagging,2.0,-1.0,2.0
2026-02-20,115.7448959350586,0.5739097016439687,0.5705470344222959,97.79697985541948,100.28149600001727,XLC,通信サービス,growth,Improving,2.0,-1.0,1.0
2026-02-23,114.3178939819336,0.5731243808854846,0.5714061499100255,97.97602818288651,100.60433711464901,XLC,通信サービス,growth,Improving,4.0,2.0,3.0
2026-02-24,115.11067962646484,0.5725323065249492,0.5717815354483334,98.0999429791063,100.73762773136428,XLC,通信サービス,growth,Improving,4.0,2.0,3.0
2026-02-25,115.44759368896484,0.5738696279838803,0.5724775662935158,98.23373607467985,100.85096221061167,XLC,通信サービス,growth,Improving,3.0,1.0,2.0
2026-02-26,115.66561889648438,0.571723775850091,0.5722263028123742,98.28979383366274,100.75196964669514,XLC,通信サービス,growth,Improving,4.0,2.0,3.0
2026-02-27,116.98359680175781,0.5775613387582123,0.5740046481276535,98.47969359211478,100.66706371016724,XLC,通信サービス,growth,Improving,4.0,2.0,3.0
2026-03-02,116.80522918701172,0.5777518573849572,0.5752537178800881,98.62020021327365,100.62211479151404,XLC,通信サービス,growth,Improving,4.0,0.0,-2.0
2026-03-03,116.89441680908203,0.5853746288967419,0.5786273548856393,98.8971995419129,100.73836169725722,XLC,通信サービス,growth,Improving,5.0,1.0,-1.0
2026-03-04,117.71691131591797,0.5871399554121334,0.5814648883944706,99.12661538042823,100.80262216323868,XLC,通信サービス,growth,Improving,5.0,2.0,1.0
2026-03-05,117.37007141113281,0.5922701312317041,0.5850666360068818,99.40395636286812,100.96810095135089,XLC,通信サービス,growth,Improving,5.0,1.0,-1.0
2026-03-06,116.39892578125,0.5944541191144751,0.5881957970427463,99.64441545294268,100.98479811656173,XLC,通信サービス,growth,Improving,5.0,1.0,-1.0
2026-03-09,116.4980239868164,0.5932834869846682,0.5898916936900536,99.78242150457504,100.95946722390522,XLC,通信サービス,growth,Improving,5.0,1.0,1.0
2026-03-10,116.31965637207031,0.5968505473310852,0.5922113115703975,99.96709042674712,100.86650163760225,XLC,通信サービス,growth,Improving,5.0,0.0,-1.0
2026-03-11,115.94308471679688,0.596885490100397,0.5937693710803974,100.09916724573661,100.77476797936221,XLC,通信サービス,growth,Leading,5.0,0.0,-2.0
2026-03-12,114.22870635986328,0.597297108394841,0.5949452835185453,100.20667276007248,100.62816160535472,XLC,通信サービス,growth,Leading,5.0,0.0,-1.0
2026-03-13,113.4161148071289,0.5930787175305686,0.5943230948558864,100.1809422530547,100.40757573126176,XLC,通信サービス,growth,Leading,5.0,0.0,-1.0
2026-03-16,114.28816986083984,0.5932246756466277,0.5939569551194669,100.17086691268739,100.28233582987026,XLC,通信サービス,growth,Leading,5.0,0.0,-1.0
2026-03-17,114.32781219482422,0.5901310835759203,0.5926816646049514,100.09082912059039,100.06039792142415,XLC,通信サービス,growth,Leading,5.0,0.0,0.0
2026-03-18,112.63326263427734,0.5891372648080774,0.5915001980059935,100.01698234290437,99.88712071527475,XLC,通信サービス,growth,Weakening,5.0,0.0,0.0
2026-03-19,112.11795043945312,0.5868969025648497,0.5899657661922789,99.91694305821478,99.71499209763265,XLC,通信サービス,growth,Lagging,5.0,0.0,0.0
2026-03-20,111.21617889404297,0.5908565570109271,0.5902626964651616,99.96019621783869,99.77166974562624,XLC,通信サービス,growth,Lagging,6.0,1.0,1.0
2026-03-23,112.04825592041016,0.588997933548708,0.5898411088263438,99.94758299065421,99.77412918581766,XLC,通信サービス,growth,Lagging,6.0,1.0,1.0
2026-03-24,110.4775390625,0.5800452579531888,0.5865758252019588,99.70481628167123,99.64721330000079,XLC,通信サービス,growth,Lagging,5.0,0.0,0.0
2026-03-25,110.78572082519531,0.5788582581774773,0.584003302860465,99.5162220415309,99.56153550362957,XLC,通信サービス,growth,Lagging,4.0,-1.0,-1.0
2026-03-26,108.17115020751953,0.5704325793069841,0.5794797283426381,99.16674018950542,99.37012931585355,XLC,通信サービス,growth,Lagging,3.0,-2.0,-2.0
2026-03-27,106.41155242919922,0.5689547410206187,0.5759713992352984,98.90203274526048,99.14071078700378,XLC,通信サービス,growth,Lagging,3.0,-3.0,-4.0
2026-03-30,107.32614135742188,0.5750347372445067,0.5756591785717011,98.90428451452087,99.17612512504502,XLC,通信サービス,growth,Lagging,4.0,-2.0,-3.0
2026-03-31,110.20912170410156,0.5786359740642414,0.5766514437358812,99.0151817427068,99.48135251251375,XLC,通信サービス,growth,Lagging,4.0,-1.0,-1.0
2026-04-01,110.58688354492188,0.5787496955492292,0.5773508610069972,99.09823086616645,99.72071216631531,XLC,通信サービス,growth,Lagging,4.0,0.0,1.0
2026-04-02,111.04418182373047,0.5794876162187604,0.5780631127442516,99.18037611016612,100.09461188071587,XLC,通信サービス,growth,Improving,3.0,0.0,2.0
2026-04-06,111.10383605957031,0.5773173226174474,0.5778145160353169,99.17428026828831,100.31915020744715,XLC,通信サービス,growth,Improving,3.0,0.0,3.0
2026-04-07,111.16349029541016,0.5789109509702418,0.5781799943469585,99.2285639213381,100.36371300700856,XLC,通信サービス,growth,Improving,3.0,-1.0,1.0
2026-04-08,113.14179992675781,0.5759088054029414,0.5774229313656195,99.17244919289917,100.21122580198245,XLC,通信サービス,growth,Improving,3.0,-1.0,0.0
2026-04-09,113.5990982055664,0.5778862914333335,0.5775773847215242,99.21044564464444,100.15396722152519,XLC,通信サービス,growth,Improving,3.0,-1.0,-1.0
2026-04-10,113.28097534179688,0.5804584710433477,0.5785377468287987,99.33823670546498,100.16344401740251,XLC,通信サービス,growth,Improving,3.0,0.0,0.0
2026-04-13,114.1458740234375,0.5784774602886887,0.5785176513154286,99.35947382457458,100.1567282734206,XLC,通信サービス,growth,Improving,4.0,1.0,1.0
2026-04-14,115.87565612792969,0.5848025797757135,0.580612627468857,99.62683844862869,100.3225130074056,XLC,通信サービス,growth,Improving,4.0,1.0,2.0
2026-04-15,116.67095947265625,0.5886099482239582,0.5832784010538907,99.96882010674021,100.67600087965423,XLC,通信サービス,growth,Improving,5.0,2.0,3.0
2026-04-16,118.13232421875,0.5932794885635806,0.586612096890454,100.39320466546158,101.02896561074073,XLC,通信サービス,growth,Leading,6.0,3.0,4.0
2026-04-17,118.40074157714844,0.5872517768323807,0.586825323537763,100.42985243114732,100.9183909711877,XLC,通信サービス,growth,Leading,8.0,5.0,5.0
2026-04-20,118.05280303955078,0.5836872908601402,0.585779312645222,100.3041769456988,100.74656948606801,XLC,通信サービス,growth,Leading,8.0,4.0,3.0
2026-04-21,116.47213745117188,0.5794259376736192,0.583661520988021,100.04493822797637,100.15722223098146,XLC,通信サービス,growth,Leading,7.0,3.0,2.0
2026-04-22,117.18790435791016,0.5832458720688009,0.583522971348281,100.02517177543433,99.73666669997756,XLC,通信サービス,growth,Weakening,7.0,2.0,0.0
2026-04-23,116.7007827758789,0.5808501335603236,0.5826320254189619,99.91515303922537,99.14843411335023,XLC,通信サービス,growth,Lagging,6.0,0.0,-3.0
2026-04-24,114.86164855957031,0.5728848159940736,0.5793829556106658,99.52517594136606,98.7181280567761,XLC,通信サービス,growth,Lagging,3.0,-5.0,-10.0
2026-04-27,115.13005828857422,0.5749064816196209,0.5778907976136508,99.3605915766166,98.71605430065836,XLC,通信サービス,growth,Lagging,3.0,-5.0,-9.0
2026-04-28,115.0704116821289,0.5775567165526795,0.5777794372599937,99.3673096415535,99.03745380560589,XLC,通信サービス,growth,Lagging,3.0,-4.0,-7.0
2026-04-29,114.61310577392578,0.5762660494488279,0.5772749746562718,99.32737244041206,99.04067725715551,XLC,通信サービス,growth,Lagging,3.0,-4.0,-6.0
2026-04-30,115.8259506225586,0.5736904782778515,0.5760801425301317,99.20602660184665,99.04670196266368,XLC,通信サービス,growth,Lagging,3.0,-3.0,-3.0
2026-05-01,116.03472137451172,0.5764814025284228,0.5762138958628955,99.24448079081793,99.57504982024821,XLC,通信サービス,growth,Lagging,3.0,0.0,5.0
2026-05-04,115.4183578491211,0.5767748693383046,0.5764008870213653,99.28752110091678,99.86208854997538,XLC,通信サービス,growth,Lagging,4.0,1.0,6.0
2026-05-05,114.95111083984375,0.5699176114624505,0.5742397951683937,99.01404188106567,99.52806785818707,XLC,通信サービス,growth,Lagging,4.0,1.0,5.0
2026-05-06,116.6610107421875,0.57384931536975,0.5741096352355125,99.02238381827677,99.6103687985631,XLC,通信サービス,growth,Lagging,3.0,0.0,4.0
2026-05-07,116.69084167480469,0.5776903944900939,0.5753032216537064,99.21785329010423,100.02339022903321,XLC,通信サービス,growth,Improving,5.0,2.0,5.0
2026-05-08,116.25342559814453,0.5739457638681619,0.5748507357251916,99.17858900711505,99.887440301028,XLC,通信サービス,growth,Lagging,6.0,3.0,3.0
2026-05-11,114.90141296386719,0.567576732590431,0.5724260680136047,98.86582027779887,99.3392630703921,XLC,通信サービス,growth,Lagging,5.0,1.0,0.0
2026-05-12,115.17976379394531,0.5694542265209042,0.5714354541827046,98.76459331999044,99.5351904499087,XLC,通信サービス,growth,Lagging,4.0,0.0,-1.0
2026-05-13,116.0744857788086,0.5763948069243534,0.5730885717632542,99.02075952251164,99.87577496818047,XLC,通信サービス,growth,Lagging,4.0,1.0,1.0
2026-05-14,116.42243194580078,0.5760219423830124,0.5740663619698403,99.1690385808336,99.77272809834692,XLC,通信サービス,growth,Lagging,4.0,-1.0,-3.0
2026-05-15,115.39847564697266,0.5769043936246601,0.5750123725214469,99.29656677018504,100.01946597984985,XLC,通信サービス,growth,Improving,5.0,-1.0,-4.0
2026-05-18,116.29319763183594,0.577822547903702,0.5759490976488653,99.41155388399935,100.68048678150446,XLC,通信サービス,growth,Improving,6.0,1.0,0.0
2026-05-19,115.1698226928711,0.5755899767720847,0.5758293906899384,99.36918386611913,100.74960420647625,XLC,通信サービス,growth,Improving,6.0,2.0,2.0
2026-05-20,115.4183578491211,0.5705778459824165,0.5740788757874311,99.0933569303678,99.88465958689306,XLC,通信サービス,growth,Lagging,5.0,1.0,0.0
2026-05-21,115.4183578491211,0.5681250685834558,0.5720942733861061,98.79605139951717,99.18354533289349,XLC,通信サービス,growth,Lagging,4.0,0.0,1.0
2026-05-22,114.78211212158203,0.5598788614774095,0.5680224694165406,98.23176810415566,98.15919117305995,XLC,通信サービス,growth,Lagging,4.0,-1.0,0.0
2026-05-26,114.87158966064453,0.5574549077005715,0.5644999488445509,97.80477580799406,97.48779213899067,XLC,通信サービス,growth,Lagging,3.0,-3.0,-4.0
2026-05-27,115.57742309570312,0.5612856550992417,0.5634285175961146,97.75175290090306,97.62025684992932,XLC,通信サービス,growth,Lagging,1.0,-5.0,-7.0
2026-05-28,115.9850082397461,0.5612094394191272,0.5626888248704521,97.75006770971267,98.10427773309833,XLC,通信サービス,growth,Lagging,2.0,-3.0,-4.0
2026-05-29,115.0107650756836,0.5549498083165912,0.5601091526858318,97.55781359053394,98.32259792175253,XLC,通信サービス,growth,Lagging,2.0,-2.0,-2.0
2026-06-01,114.93123626708984,0.5535588048427452,0.5579257034048031,97.4589618522284,99.00176424248478,XLC,通信サービス,growth,Lagging,3.0,-1.0,0.0
2026-06-02,112.90321350097656,0.5416421102625065,0.5524978390240376,97.09081317784788,99.11228872235107,XLC,通信サービス,growth,Lagging,1.0,-2.0,1.0
2026-06-03,111.42196655273438,0.5365540315784438,0.547183236542173,96.85527387217093,98.89153744045625,XLC,通信サービス,growth,Lagging,1.0,0.0,5.0
2026-06-04,112.44590759277344,0.5374268493217819,0.5439311074687093,96.8680353143046,98.94013162457627,XLC,通信サービス,growth,Lagging,1.0,-1.0,2.0
2026-06-05,111.01436614990234,0.5382438267330483,0.542035347223489,96.98793365912576,99.40876225627021,XLC,通信サービス,growth,Lagging,1.0,-1.0,1.0
2026-06-08,110.4377670288086,0.5360156570364571,0.5400287838278117,97.0799769253118,99.71493110313385,XLC,通信サービス,growth,Lagging,1.0,-2.0,-1.0
2026-06-09,110.82548522949219,0.5338347649661415,0.5379641108739217,97.1517955073405,100.41479390361911,XLC,通信サービス,growth,Improving,1.0,0.0,2.0
2026-06-10,110.35823822021484,0.5384306173390228,0.5381196130289554,97.35203743137583,101.12324909541476,XLC,通信サービス,growth,Improving,1.0,0.0,0.0
2026-06-11,111.46172332763672,0.5354660058968472,0.5372350773182527,97.45240945630825,101.27752522532883,XLC,通信サービス,growth,Improving,1.0,0.0,1.0
2026-06-12,110.9944839477539,0.5284346180314337,0.5343015908893131,97.4194503672749,101.03966936988935,XLC,通信サービス,growth,Improving,1.0,0.0,1.0
2026-06-15,111.53131103515625,0.5279223380293205,0.5321751732693156,97.44505402131962,100.93457136008338,XLC,通信サービス,growth,Improving,1.0,0.0,2.0
2026-06-16,111.6605453491211,0.5303027865481762,0.5315510443622692,97.55716480530224,100.98637323139371,XLC,通信サービス,growth,Improving,1.0,0.0,0.0
2026-06-17,108.55886840820312,0.5234171417102865,0.528839743478275,97.54505526175161,100.63967185673548,XLC,通信サービス,growth,Improving,1.0,0.0,0.0
2026-06-18,108.8073959350586,0.522191715235534,0.5266237340640281,97.56818534225668,100.50594790000095,XLC,通信サービス,growth,Improving,1.0,0.0,0.0
2026-06-22,106.50897216796875,0.510039306401632,0.521095591509896,97.4288838401008,100.33152618570595,XLC,通信サービス,growth,Improving,1.0,0.0,0.0
2026-06-23,106.9176254272461,0.5137609590111792,0.5186507140103238,97.46738727737481,100.34542777600397,XLC,通信サービス,growth,Improving,1.0,0.0,0.0
2026-06-24,106.19002532958984,0.5066507807208752,0.5146507362471743,97.4402648298635,100.11875507809991,XLC,通信サービス,growth,Improving,1.0,0.0,0.0
2026-06-25,105.2331771850586,0.4988370578271874,0.5093795101071787,97.37540720745217,100.02710131571345,XLC,通信サービス,growth,Improving,1.0,0.0,0.0
2026-06-26,105.83120727539062,0.5051068507109434,0.5079552903084337,97.49030103787314,100.15655582999452,XLC,通信サービス,growth,Improving,1.0,0.0,0.0
2026-06-29,107.52561950683594,0.5065937789199647,0.5075014531789441,97.62936658748458,100.57636025092039,XLC,通信サービス,growth,Improving,1.0,0.0,0.0
2026-06-30,106.77808380126953,0.5037338729484773,0.5062455931021219,97.71951461303001,100.63532038895842,XLC,通信サービス,growth,Improving,1.0,0.0,0.0
2026-07-01,109.37950897216797,0.5144588335787104,0.5089833399276514,97.9460746628071,101.01816318081785,XLC,通信サービス,growth,Improving,2.0,1.0,1.0
2026-07-02,109.2399673461914,0.5102163345899733,0.5093943381484254,98.06068795477289,101.26861052532404,XLC,通信サービス,growth,Improving,2.0,1.0,1.0
2026-07-06,109.84796905517578,0.5128413425977738,0.5105433396315415,98.18984321393187,101.25778473859636,XLC,通信サービス,growth,Improving,3.0,2.0,2.0
2026-07-07,110.65530395507812,0.5172600695656764,0.5127822496095865,98.34568409564437,101.26006391109797,XLC,通信サービス,growth,Improving,3.0,2.0,2.0
2026-07-08,109.10043334960938,0.5160722818170926,0.5138789270120886,98.44855344731558,101.25767986207629,XLC,通信サービス,growth,Improving,5.0,4.0,4.0
2026-07-09,110.14698791503906,0.5178502329130277,0.515202695645735,98.55212592522571,101.04572362945407,XLC,通信サービス,growth,Improving,6.0,4.0,3.0
2026-07-10,111.27326965332031,0.5211924581378911,0.5171992831431204,98.67251121252058,101.03386281055998,XLC,通信サービス,growth,Improving,6.0,4.0,3.0
2026-07-13,111.22343444824219,0.5211292839974608,0.5185092834279006,98.76235525456224,100.95682700550792,XLC,通信サービス,growth,Improving,5.0,2.0,0.0
2026-07-14,111.08389282226562,0.5223773960225951,0.5197986542927988,98.84723395350484,100.8366829583047,XLC,通信サービス,growth,Improving,5.0,2.0,0.0
2026-07-15,113.00755310058594,0.5326212263934514,0.5240728449930163,99.03283605940447,100.9545758132392,XLC,通信サービス,growth,Improving,5.0,0.0,-4.0
2026-07-16,112.27995300292969,0.5240491486918925,0.524064946225975,99.06263771702591,100.85595420595571,XLC,通信サービス,growth,Improving,5.0,-1.0,-5.0
2026-07-17,110.2865219116211,0.5188221634406596,0.5223173519642033,99.02941521922595,100.65839372013986,XLC,通信サービス,growth,Improving,3.0,-3.0,-7.0
2026-07-20,110.43603515625,0.5218489779814355,0.5221612273032807,99.05307676556069,100.5889148547553,XLC,通信サービス,growth,Improving,3.0,-2.0,-4.0
2026-07-21,109.6685562133789,0.5173942580429569,0.5205722375498395,99.02439042582478,100.43490120544811,XLC,通信サービス,growth,Improving,3.0,-2.0,-4.0
2026-07-22,108.8412857055664,0.513636195071686,0.5182602233904551,98.9698852685502,100.05337386658408,XLC,通信サービス,growth,Improving,3.0,-2.0,-2.0
2026-07-23,105.03382873535156,0.4974926964267672,0.5113377144025592,98.74876504212526,99.64878218233315,XLC,通信サービス,growth,Lagging,3.0,-2.0,-1.0
2026-07-24,105.95081329345703,0.4979588870080467,0.506878105271055,98.62444528010053,99.49591465037263,XLC,通信サービス,growth,Lagging,2.0,-1.0,2.0
2026-07-27,107.30635070800781,0.500556365208757,0.5047708585836224,98.59143580683377,99.3835252628919,XLC,通信サービス,growth,Lagging,2.0,-1.0,1.0
2026-07-28,109.30973815917969,0.5040223793463849,0.5045213655045433,98.62683937949262,99.46852402797393,XLC,通信サービス,growth,Lagging,3.0,0.0,2.0
2026-07-29,109.1502685546875,0.5078596690766543,0.5056341333619137,98.70910590372031,99.68697648176784,XLC,通信サービス,growth,Lagging,3.0,0.0,2.0
2026-07-30,106.22989654541016,0.4950748043489948,0.5021143570242741,98.62054367520143,99.8971778632654,XLC,通信サービス,growth,Lagging,4.0,1.0,3.0
2026-07-31,107.88443756103516,0.5036508790418323,0.5026265310301269,98.68107445320476,100.19703945809802,XLC,通信サービス,growth,Improving,3.0,1.0,2.0
2026-08-03,110.97425079345703,0.5130643318344519,0.506105797964902,98.84673689551751,100.52779918421703,XLC,通信サービス,growth,Improving,5.0,3.0,4.0
2026-08-04,111.67195892333984,0.5089757640738961,0.5070624533345667,98.91465377083308,100.5728781253787,XLC,通信サービス,growth,Improving,6.0,3.0,3.0
2026-08-05,110.50580596923828,0.5048067801184668,0.5063105622625335,98.91755680514801,100.4200438288763,XLC,通信サービス,growth,Improving,5.0,2.0,2.0
2026-08-06,110.81478118896484,0.5088815499508311,0.5071675581586328,98.9804261580528,100.66361389785392,XLC,通信サービス,growth,Improving,4.0,0.0,-1.0
2026-08-07,110.88455200195312,0.5057084293854571,0.5066811819009076,98.98961673529176,100.56494072579615,XLC,通信サービス,growth,Improving,4.0,1.0,0.0
2026-08-10,111.462646484375,0.5080448370425134,0.5071357336147762,99.03456882691759,100.34884158184789,XLC,通信サービス,growth,Improving,4.0,-1.0,-4.0
2026-08-11,110.90447998046875,0.504424151693767,0.5062318729744397,99.025386943007,100.20175227172653,XLC,通信サービス,growth,Improving,4.0,-2.0,-5.0
2026-08-12,109.90776824951172,0.49900900208113375,0.5038242493433378,98.9547664210438,100.06641626394152,XLC,通信サービス,growth,Improving,4.0,-1.0,-3.0
2026-08-13,112.18028259277344,0.5055536763463552,0.5044007250110103,99.00412458340028,100.04224652210702,XLC,通信サービス,growth,Improving,4.0,0.0,0.0
2026-08-14,112.57896423339844,0.5072592705245957,0.5053535735155388,99.06748509281883,100.13284146145732,XLC,通信サービス,growth,Improving,6.0,2.0,1.0
2026-08-17,110.45596313476562,0.5021566708901284,0.5042879393070687,99.04145871258605,100.01262121054485,XLC,通信サービス,growth,Improving,6.0,2.0,3.0
2026-08-18,110.11708068847656,0.5028937197108196,0.5038231994416524,99.03779198948652,100.03718833745484,XLC,通信サービス,growth,Improving,6.0,2.0,4.0
2026-08-19,110.9543228149414,0.5015148204596181,0.5030537397809743,99.01586412212045,100.13882199827403,XLC,通信サービス,growth,Improving,7.0,3.0,4.0
2026-08-20,110.31642150878906,0.5026833849155846,0.5029302881591777,99.02200662355942,100.06400603519839,XLC,通信サービス,growth,Improving,7.0,3.0,3.0
2026-08-21,111.0340576171875,0.5027808753163917,0.502880483878249,99.02985493708138,99.95635173509848,XLC,通信サービス,growth,Lagging,6.0,0.0,-2.0
2026-08-24,111.95103454589844,0.5063391925030454,0.5040333867531812,99.10386128609215,100.10501340189201,XLC,通信サービス,growth,Improving,7.0,1.0,-1.0
2026-08-25,112.80821228027344,0.5105841773029176,0.5062169836030934,99.2417238459042,100.33533209916142,XLC,通信サービス,growth,Improving,7.0,1.0,-1.0
2026-08-26,112.24008178710938,0.5072351227501845,0.5065563633187905,99.27630485046362,100.42597041503068,XLC,通信サービス,growth,Improving,7.0,0.0,-3.0
2026-08-27,111.04402923583984,0.5033255647141974,0.5054794304505928,99.21927495876795,100.25663636385639,XLC,通信サービス,growth,Improving,7.0,0.0,-3.0
2026-08-28,112.61883544921875,0.5122215130192795,0.5077267913068217,99.38239709431102,100.61049082556157,XLC,通信サービス,growth,Improving,7.0,1.0,1.0
2026-08-31,111.09386444091797,0.5082796132587467,0.5079110652907968,99.41012162293028,100.46799007240399,XLC,通信サービス,growth,Improving,6.0,-1.0,-2.0
2026-09-01,110.51576232910156,0.5098174957850505,0.5085465421222147,99.47782320498776,100.25182717986849,XLC,通信サービス,growth,Improving,6.0,-1.0,-2.0
2026-09-02,112.05070495605469,0.5145100514835502,0.5105343785759933,99.66705116025112,100.6694690167465,XLC,通信サービス,growth,Improving,7.0,0.0,0.0
2026-09-03,113.00755310058594,0.5154844116710079,0.5121843896076648,99.84341386832735,101.38763270267306,XLC,通信サービス,growth,Improving,7.0,0.0,0.0
2026-09-04,111.6619873046875,0.511788676905965,0.5120524853737649,99.86735687117545,100.92926074531098,XLC,通信サービス,growth,Improving,7.0,0.0,-1.0
2026-09-08,111.1536636352539,0.5147948549393495,0.5129666085622931,99.99601440972353,101.23887380363351,XLC,通信サービス,growth,Improving,7.0,1.0,2.0
2026-09-09,110.46593475341797,0.5165913739355353,0.5141748636867072,100.1658643572153,101.5263457715308,XLC,通信サービス,growth,Leading,7.0,1.0,2.0
2026-09-10,111.13372802734375,0.5232981884168348,0.5172159719300831,100.56175615429407,102.12718085156851,XLC,通信サービス,growth,Leading,8.0,1.0,1.0
2026-09-11,112.23011779785156,0.5242797679233387,0.5195705705945016,100.91995524532817,102.5679442298955,XLC,通信サービス,growth,Leading,8.0,1.0,1.0
2026-09-14,114.69200134277344,0.535431509875321,0.5248575503547748,101.64910641172094,104.0236429990683,XLC,通信サービス,growth,Leading,10.0,3.0,3.0
2026-09-15,113.6554183959961,0.5331961136676199,0.5276370714590565,102.05537506921492,104.02237781894644,XLC,通信サービス,growth,Leading,10.0,3.0,2.0
2026-09-16,112.62879943847656,0.5325615663566569,0.5292785697582566,102.29960923430062,103.6521443896262,XLC,通信サービス,growth,Leading,11.0,4.0,3.0
2026-09-17,111.9809341430664,0.5269414047342985,0.5284995147502706,102.2015882665317,102.47708205404972,XLC,通信サービス,growth,Leading,11.0,3.0,2.0
2026-09-18,110.44599151611328,0.5222156271590074,0.5264048855531829,101.92841645578108,101.2290131319942,XLC,通信サービス,growth,Leading,11.0,3.0,2.0
2026-09-21,114.75,0.5395429939426881,0.5307842550163513,102.39466379702887,100.70923020593149,XLC,通信サービス,growth,Leading,11.0,1.0,-2.0
2026-09-22,113.52999877929688,0.5335056257103709,0.5316913785810246,102.37972919509043,99.90354866321168,XLC,通信サービス,growth,Weakening,10.0,0.0,-3.0
2026-09-23,112.55999755859375,0.53267710406074,0.5320199537409297,102.28368620371255,99.25303034144423,XLC,通信サービス,growth,Weakening,10.0,-1.0,-5.0
2026-09-24,113.98999786376953,0.5421383089594988,0.535392738813786,102.49301547847246,99.82216494933593,XLC,通信サービス,growth,Weakening,10.0,-1.0,-4.0
2026-09-25,112.95999908447266,0.5350764945189137,0.5352873240488286,102.32834777508194,100.01589224373359,XLC,通信サービス,growth,Leading,10.0,-1.0,-4.0
2026-09-28,111.18000030517578,0.5300848545500749,0.5335531675492441,102.03514688580313,98.58852840934547,XLC,通信サービス,growth,Weakening,9.0,-2.0,-3.0
2026-09-29,111.18000030517578,0.5300848545500749,0.5323970632161877,101.83090704407255,98.29406917288193,XLC,通信サービス,growth,Weakening,9.0,-1.0,-1.0
2024-09-30,43.97026443481445,0.25355247163561606,0.25355247163561606,,,XLF,金融,value,,,,
2024-10-01,43.73741149902344,0.25355420387584654,0.25355304904902626,,,XLF,金融,value,,,,
2024-10-02,43.78592300415039,0.2541063815581142,0.25373749321872224,,,XLF,金融,value,,,,
2024-10-03,43.55306625366211,0.25395333238073564,0.25380943960606006,,,XLF,金融,value,,,,
2024-10-04,44.29043960571289,0.25624257401312667,0.2546204844084156,,,XLF,金融,value,,,,
2024-10-07,43.74711227416992,0.25508479424512354,0.25477525435398496,,,XLF,金融,value,,,,
2024-10-08,43.999366760253906,0.2559488933469092,0.2551664673516264,,,XLF,金融,value,,,,
2024-10-09,44.40685272216797,0.2565569181301289,0.25562995094446056,,,XLF,金融,value,,,,
2024-10-10,44.27103042602539,0.2567341534690591,0.2559980184526601,,,XLF,金融,value,,,,
2024-10-11,45.12482833862305,0.25913988590592385,0.25704530760374805,,,XLF,金融,value,,,,
2024-10-14,45.40617752075195,0.2588562518175241,0.25764895567500673,,,XLF,金融,value,,,,
2024-10-15,45.503204345703125,0.26058855249913426,0.25862882128304926,,,XLF,金融,value,,,,
2024-10-16,46.0659294128418,0.26203906938004323,0.2597655706487139,,,XLF,金融,value,,,,
2024-10-17,46.19205856323242,0.2631767564444446,0.2609026325806242,,,XLF,金融,value,,,,
2024-10-18,46.201759338378906,0.26245044943842627,0.2614185715332249,,,XLF,金融,value,,,,
2024-10-21,45.83308410644531,0.26259409889172924,0.2618104139860597,,,XLF,金融,value,,,,
2024-10-22,45.74576187133789,0.26327647498996026,0.26229910098735987,,,XLF,金融,value,,,,
2024-10-23,45.70695114135742,0.26392059766949566,0.26283959988140515,,,XLF,金融,value,,,,
2024-10-24,45.74576187133789,0.2640855978995729,0.26325493255412774,,,XLF,金融,value,,,,
2024-10-25,45.241249084472656,0.2624195275859838,0.2629764642314131,,,XLF,金融,value,,,,
2024-10-28,45.8039665222168,0.26418540255373196,0.263379443672186,,,XLF,金融,value,,,,
2024-10-29,45.522605895996094,0.26335656198326096,0.26337181644254437,,,XLF,金融,value,,,,
2024-10-30,45.72635269165039,0.2651142392634927,0.26395262404952713,,,XLF,金融,value,,,,
2024-10-31,45.09571075439453,0.26427581723484384,0.2640603551112994,,,XLF,金融,value,,,,
2024-11-01,45.250953674316406,0.26502020024371836,0.2643803034887724,,,XLF,金融,value,,,,
2024-11-04,44.901668548583984,0.26266191347661216,0.2638075068180523,,,XLF,金融,value,,,,
2024-11-05,45.31886291503906,0.2620458108158304,0.2632202748173117,,,XLF,金融,value,,,,
2024-11-06,48.07427978515625,0.27154947242747146,0.2659966740206983,,,XLF,金融,value,,,,
2024-11-07,47.29811096191406,0.26690258900063707,0.2662986456806779,,,XLF,金融,value,,,,
2024-11-08,47.72500228881836,0.2678193931127977,0.2668055614913845,,,XLF,金融,value,,,,
2024-11-11,48.404151916503906,0.27027995685014955,0.2679636932776396,,,XLF,金融,value,,,,
2024-11-12,48.258628845214844,0.27153669553451304,0.26915469402993075,,,XLF,金融,value,,,,
2024-11-13,48.2877311706543,0.27155253785201133,0.26995397530395765,,,XLF,金融,value,,,,
2024-11-14,48.16160202026367,0.27302791636120644,0.2709786223230406,,,XLF,金融,value,,,,
2024-11-15,48.3847541809082,0.2762636850332015,0.2727403098930942,,,XLF,金融,value,,,,
2024-11-18,48.53028869628906,0.27598122084304544,0.27382061354307796,,,XLF,金融,value,,,,
2024-11-19,48.210113525390625,0.2749019375139104,0.2741810548666888,,,XLF,金融,value,,,,
2024-11-20,48.064579010009766,0.2731524084802146,0.2738381727378641,,,XLF,金融,value,,,,
2024-11-21,48.675819396972656,0.2731847981677028,0.273620381214477,,,XLF,金融,value,,,,
2024-11-22,49.219139099121094,0.2740751714209559,0.27377197794997,,,XLF,金融,value,,,,
2024-11-25,49.539310455322266,0.27338254335724466,0.2736421664190616,,,XLF,金融,value,,,,
2024-11-26,49.636329650878906,0.2738886766199381,0.27372433648602046,,,XLF,金融,value,,,,
2024-11-27,49.73335266113281,0.2746881138570254,0.2740455956096888,,,XLF,金融,value,,,,
2024-11-29,49.810970306396484,0.27428099383399324,0.2741240616844569,,,XLF,金融,value,,,,
2024-12-02,49.316162109375,0.2722383714808678,0.2734954982832606,,,XLF,金融,value,,,,
2024-12-03,48.94747543334961,0.2714067927723604,0.27279926311296054,,,XLF,金融,value,,,,
2024-12-04,48.76313018798828,0.2703700986998677,0.2719895416419296,,,XLF,金融,value,,,,
2024-12-05,48.90867233276367,0.2725373460606133,0.2721721431148242,,,XLF,金融,value,,,,
2024-12-06,48.89897155761719,0.27279224560608717,0.2723788439452452,,,XLF,金融,value,,,,
2024-12-09,48.229515075683594,0.2701662947371084,0.27164132754253295,,,XLF,金融,value,,,,
2024-12-10,48.219818115234375,0.27177713293646955,0.2716865960071785,,,XLF,金融,value,,,,
2024-12-11,48.31683349609375,0.27207167141185834,0.2718149544754051,,,XLF,金融,value,,,,
2024-12-12,48.103389739990234,0.27186250560432784,0.2718308048517127,,,XLF,金融,value,,,,
2024-12-13,48.064579010009766,0.2725975630335732,0.2720863909123329,,,XLF,金融,value,,,,
2024-12-16,47.97726058959961,0.2730015738080006,0.2723914518775555,,,XLF,金融,value,,,,
2024-12-17,47.63768768310547,0.2732212606821151,0.2726680548124087,,,XLF,金融,value,,,,
2024-12-18,46.211463928222656,0.273122896688704,0.2728196687711738,,,XLF,金融,value,,,,
2024-12-19,46.37639617919922,0.27501023826797644,0.2735498586034414,,,XLF,金融,value,,,,
2024-12-20,47.06525802612305,0.27524033914022417,0.2741133521157023,,,XLF,金融,value,,,,
2024-12-23,47.178279876708984,0.2755256674235907,0.2745841238849984,,,XLF,金融,value,,,,
2024-12-24,47.733665466308594,0.27668160923342366,0.27528328566780685,,,XLF,金融,value,,,,
2024-12-26,47.8505859375,0.27690723974448783,0.2758246036933672,,,XLF,金融,value,,,,
2024-12-27,47.499820709228516,0.2767597719916766,0.27613632645947034,101.29927489071548,,XLF,金融,value,,8.0,,
2024-12-30,47.0418701171875,0.27688083270383473,0.2763844952075918,101.30242053520624,,XLF,金融,value,,8.0,,
2024-12-31,47.09059143066406,0.27666146147703974,0.2764768172974078,101.28655175989819,,XLF,金融,value,,8.0,,
2025-01-02,46.973663330078125,0.2767800837694942,0.2765779061214366,101.27414789206017,,XLF,金融,value,,8.0,,
2025-01-03,47.34392547607422,0.276430287478522,0.27652869990713175,101.24296337687517,,XLF,金融,value,,8.0,,
2025-01-06,47.1977653503418,0.2757645714497644,0.27627399042134265,101.1812079623484,,XLF,金融,value,,8.0,0.0,
2025-01-07,47.09059143066406,0.2760628040779373,0.27620359497354086,101.14943077323754,,XLF,金融,value,,8.0,0.0,
2025-01-08,47.24648666381836,0.2766458568108349,0.2763510155859722,101.15326009992751,,XLF,金融,value,,9.0,1.0,
2025-01-10,46.10648727416992,0.27397552999410907,0.2755591870553512,101.0060962394929,,XLF,金融,value,,8.0,0.0,
2025-01-13,46.437767028808594,0.27370078160896383,0.2749397185732221,100.88433469188745,,XLF,金融,value,,8.0,0.0,
2025-01-14,47.01264190673828,0.2748701891568937,0.27491654210111266,100.86219309897628,,XLF,金融,value,,8.0,0.0,0.0
2025-01-15,48.211097717285156,0.2791974982560995,0.2763435274861083,101.10596778226235,,XLF,金融,value,,10.0,2.0,2.0
2025-01-16,48.53263473510742,0.27886342084156457,0.2771834919379271,101.24569375781097,,XLF,金融,value,,10.0,1.0,0.0
2025-01-17,48.941864013671875,0.27985590551545225,0.2780742964637688,101.3940252877657,,XLF,金融,value,,10.0,2.0,2.0
2025-01-21,49.35109329223633,0.27895765333806216,0.2783687487551999,101.42264578551897,,XLF,金融,value,,11.0,3.0,3.0
2025-01-22,49.11724853515625,0.27861487652634775,0.27845079134558254,101.40931031382397,,XLF,金融,value,,10.0,2.0,2.0
2025-01-23,49.399810791015625,0.2788961403125496,0.27859924100123823,101.41030848827745,,XLF,金融,value,,10.0,0.0,-2.0
2025-01-24,49.545963287353516,0.2799669157248988,0.27905513257579173,101.4739317997583,,XLF,金融,value,,10.0,0.0,-1.0
2025-01-27,50.09160232543945,0.2828638227627431,0.28032469597144216,101.70120724964313,,XLF,金融,value,,11.0,1.0,-1.0
2025-01-28,50.003910064697266,0.2837694825144887,0.28147295815245765,101.89165539056972,,XLF,金融,value,,11.0,0.0,-3.0
2025-01-29,49.96493911743164,0.2844892723856284,0.28247839623018123,102.04632847449969,,XLF,金融,value,,11.0,1.0,-1.0
2025-01-30,50.4423713684082,0.2841743367492856,0.28304370973654935,102.10023238515309,,XLF,金融,value,,11.0,1.0,1.0
2025-01-31,50.15005874633789,0.2848658428993296,0.28365108745747614,102.16161511044415,,XLF,金融,value,,11.0,1.0,1.0
2025-02-03,49.9454460144043,0.28526179317037953,0.2841879893617773,102.199922308953,,XLF,金融,value,,11.0,0.0,-1.0
2025-02-04,49.828521728515625,0.2842470499102404,0.284207676211265,102.1354765080651,,XLF,金融,value,,11.0,0.0,0.0
2025-02-05,50.354679107666016,0.28585465888771283,0.2847566704367476,102.18059385740273,,XLF,金融,value,,11.0,0.0,-1.0
2025-02-06,50.773651123046875,0.28861504327488324,0.28604279471612615,102.37655125162931,,XLF,金融,value,,11.0,0.0,-1.0
2025-02-07,50.4910888671875,0.2884262250699474,0.28683727150073324,102.47260942467726,,XLF,金融,value,,11.0,0.0,-1.0
2025-02-10,50.09160232543945,0.2853367205518637,0.28633708785111006,102.27295636148264,,XLF,金融,value,,11.0,0.0,0.0
2025-02-11,50.218265533447266,0.28602658389916885,0.2862335865337963,102.16976380926765,,XLF,金融,value,,11.0,0.0,0.0
2025-02-12,50.04288101196289,0.28669305109826976,0.2863867413886208,102.12289994987007,,XLF,金融,value,,11.0,0.0,0.0
2025-02-13,50.37416458129883,0.2861072812634086,0.2862935880135501,102.02407225044185,,XLF,金融,value,,11.0,0.0,0.0
2025-02-14,50.47159957885742,0.2869456147344195,0.2865109302538399,101.98545929471226,,XLF,金融,value,,11.0,0.0,0.0
2025-02-18,50.83211135864258,0.286793737760724,0.28660519942280127,101.92265725413343,,XLF,金融,value,,11.0,0.0,0.0
2025-02-19,50.85159683227539,0.2863231049130474,0.28651116791955,101.82568970794563,,XLF,金融,value,,11.0,0.0,0.0
2025-02-20,50.07211685180664,0.2826452428770136,0.28522252623870453,101.51027042257365,,XLF,金融,value,,10.0,-1.0,-1.0
2025-02-21,49.448524475097656,0.28309899130660854,0.2845146812613392,101.32354710556042,,XLF,金融,value,,9.0,-2.0,-2.0
2025-02-24,49.66288375854492,0.2840892665332592,0.2843728763519792,101.25280991737397,,XLF,金融,value,,7.0,-4.0,-4.0
2025-02-25,49.65313720703125,0.2837497292487713,0.2841651606509099,101.17337900553672,,XLF,金融,value,,7.0,-4.0,-4.0
2025-02-26,49.545963287353516,0.28373571204372217,0.28402201111518066,101.10941840105468,,XLF,金融,value,,7.0,-4.0,-4.0
2025-02-27,49.818782806396484,0.2878116923564068,0.2852852381955894,101.30603552846006,,XLF,金融,value,,7.0,-3.0,-2.0
2025-02-28,50.84185791015625,0.29049440610482785,0.2870216274986689,101.57399132934577,,XLF,金融,value,,8.0,-1.0,1.0
2025-03-03,50.413143157958984,0.29114737263982426,0.28839687587905405,101.75488963686044,,XLF,金融,value,,7.0,0.0,4.0
2025-03-04,48.63981628417969,0.28551888217969157,0.28743754464593324,101.51953744590374,,XLF,金融,value,,7.0,0.0,4.0
2025-03-05,48.92237091064453,0.2845330289961888,0.28646937276268514,101.29836672851576,,XLF,金融,value,,7.0,0.0,4.0
2025-03-06,48.1136589050293,0.28296272648424836,0.2853004906698729,101.05340311146739,,XLF,金融,value,,7.0,0.0,3.0
2025-03-07,47.86033248901367,0.2788603095617957,0.28315376363384714,100.64187867633798,,XLF,金融,value,,5.0,-3.0,-2.0
2025-03-10,46.78853988647461,0.2765122088134309,0.2809399120270417,100.21646674013314,,XLF,金融,value,,5.0,-2.0,-2.0
2025-03-11,46.38905334472656,0.2778517510679618,0.27991052504068176,100.00349666068281,,XLF,金融,value,,4.0,-3.0,-3.0
2025-03-12,46.457252502441406,0.27957776044497035,0.27979960350877797,99.95984995302392,,XLF,金融,value,,3.0,-4.0,-4.0
2025-03-13,46.203922271728516,0.2807447000057113,0.2801146356744224,99.99422676576198,,XLF,金融,value,,3.0,-4.0,-4.0
2025-03-14,47.27571487426758,0.2818832883234554,0.2807041865574334,100.08325618926614,,XLF,金融,value,,3.0,-2.0,1.0
2025-03-17,47.83109664916992,0.28139735414601774,0.2809352424202949,100.1029263061808,,XLF,金融,value,,4.0,-1.0,1.0
2025-03-18,47.77263259887695,0.2825226204277381,0.281464368422776,100.18458231424171,,XLF,金融,value,,5.0,1.0,4.0
2025-03-19,48.298789978027344,0.28353318751687373,0.2821539747874753,100.30359267773824,,XLF,金融,value,,5.0,2.0,6.0
2025-03-20,48.36699295043945,0.2851204222954512,0.28314279062346726,100.49214729558733,,XLF,金融,value,,5.0,2.0,6.0
2025-03-21,48.19160842895508,0.2853939178271683,0.2838931663580343,100.63403582795198,,XLF,金融,value,,5.0,2.0,4.0
2025-03-24,49.04139709472656,0.2859945746067213,0.28459363577426333,100.76916673876795,,XLF,金融,value,,6.0,2.0,3.0
2025-03-25,49.31521224975586,0.2882804856858851,0.2858225857448039,101.02797845734287,,XLF,金融,value,,8.0,3.0,2.0
2025-03-26,49.16852569580078,0.28796523335908863,0.2865368016162322,101.16667757415321,,XLF,金融,value,,10.0,5.0,3.0
2025-03-27,49.070735931396484,0.28813370447831615,0.2870691025702602,101.26069460868862,,XLF,金融,value,,10.0,5.0,3.0
2025-03-28,48.12217712402344,0.2869882132936576,0.28704213947805934,101.21984312177864,,XLF,金融,value,,9.0,4.0,2.0
2025-03-31,48.70891571044922,0.2880894725185826,0.2873912504915671,101.26803755019927,,XLF,金融,value,,8.0,2.0,0.0
2025-04-01,48.65024185180664,0.28744373113120497,0.28740874403811306,101.23591413687821,,XLF,金融,value,,8.0,0.0,-3.0
2025-04-02,49.05117416381836,0.2874093949254721,0.2874089610005661,101.20064441282831,,XLF,金融,value,,7.0,-3.0,-8.0
2025-04-03,46.63577651977539,0.28692521729758835,0.28724771309957353,101.12780383902394,,XLF,金融,value,,6.0,-4.0,-9.0
2025-04-04,43.222923278808594,0.28174668457544305,0.2854140369248634,100.64183597385515,,XLF,金融,value,,5.0,-4.0,-8.0
2025-04-07,43.115360260009766,0.28340756177230714,0.2847452118740113,100.44642959022421,98.62509536979563,XLF,金融,value,Weakening,5.0,-3.0,-5.0
2025-04-08,42.94911575317383,0.2877422059920675,0.28574420991336336,100.6833134896079,99.10866572703871,XLF,金融,value,Weakening,7.0,-1.0,-1.0
2025-04-09,46.18594741821289,0.2865147100361669,0.2860010432876312,100.72837587577116,99.25875616673639,XLF,金融,value,Weakening,7.0,0.0,3.0
2025-04-10,44.8951301574707,0.28820953266470817,0.28673720641332356,100.90658826129527,99.69161084919234,XLF,金融,value,Weakening,7.0,1.0,5.0
2025-04-11,45.63832473754883,0.2886044660767696,0.2873596263011389,101.06342840163481,100.77113419741339,XLF,金融,value,Leading,7.0,2.0,6.0
2025-04-14,46.10771560668945,0.2878945465424151,0.287537933048231,101.10663006597296,101.1413569311545,XLF,金融,value,Leading,7.0,2.0,5.0
2025-04-15,46.22506332397461,0.28956258106116733,0.2882128157192098,101.31234407815884,101.05567527860077,XLF,金融,value,Leading,8.0,1.0,2.0
2025-04-16,45.50141906738281,0.28873666157872374,0.28838743100571446,101.35740379148214,101.02873637955274,XLF,金融,value,Leading,8.0,1.0,1.0
2025-04-17,45.618770599365234,0.2873457629627351,0.2880402083247213,101.2276657567576,100.50853798149359,XLF,金融,value,Leading,7.0,0.0,-1.0
2025-04-21,44.64087677001953,0.28695485302117313,0.28767842322353865,101.08454443966599,100.01943523060616,XLF,金融,value,Leading,6.0,-1.0,-3.0
2025-04-22,46.11749267578125,0.28931319470781947,0.2882233470516323,101.25822380010042,100.24881712770515,XLF,金融,value,Leading,7.0,0.0,-2.0
2025-04-23,46.66511917114258,0.2899436996864062,0.28879679792989027,101.44807186014638,100.23465132668336,XLF,金融,value,Leading,8.0,0.0,-1.0
2025-04-24,47.18339920043945,0.2882863470499283,0.28862664763656964,101.36911423389834,100.03310539075665,XLF,金融,value,Leading,9.0,1.0,0.0
2025-04-25,46.9584846496582,0.28732332134857896,0.2881922055405728,101.18564918870891,99.94935658147435,XLF,金融,value,Weakening,8.0,1.0,1.0
2025-04-28,47.105167388916016,0.2874141144502603,0.28793284184380197,101.05771939034011,99.98405237571997,XLF,金融,value,Weakening,8.0,2.0,3.0
2025-04-29,47.594112396240234,0.2887124756261305,0.28819271977124483,101.13321480364584,99.83235615234152,XLF,金融,value,Weakening,9.0,2.0,2.0
2025-04-30,47.68212127685547,0.2888359374573953,0.2884071256666283,101.1848913390637,99.617141488599,XLF,金融,value,Weakening,9.0,1.0,1.0
2025-05-01,47.67234802246094,0.28916993344636327,0.28866139492653997,101.2490686185613,99.88463322764802,XLF,金融,value,Weakening,10.0,1.0,0.0
2025-05-02,48.66001510620117,0.2900438169536212,0.2891222022689004,101.39007265822563,100.47059594890757,XLF,金融,value,Leading,10.0,2.0,1.0
2025-05-05,48.34709167480469,0.2891373828156226,0.2891272624511412,101.3441325005716,100.62460673483464,XLF,金融,value,Leading,10.0,2.0,0.0
2025-05-06,48.073280334472656,0.28964703671563574,0.28930052053930605,101.36528345139357,100.52845623823167,XLF,金融,value,Leading,10.0,1.0,-1.0
2025-05-07,48.356876373291016,0.28944936402023386,0.28935013503294865,101.33820467624054,100.38785529576309,XLF,金融,value,Leading,10.0,1.0,0.0
2025-05-08,48.7578125,0.28941448081381155,0.2893715836265696,101.30707054743371,100.22522152806381,XLF,金融,value,Leading,10.0,0.0,-1.0
2025-05-09,48.7578125,0.28948152292629825,0.28940823005981253,101.28861238257245,99.9525884409375,XLF,金融,value,Weakening,10.0,0.0,-2.0
2025-05-12,49.745479583740234,0.2874662570217227,0.2887609057137826,101.0153094373336,99.5578315177788,XLF,金融,value,Weakening,10.0,0.0,-2.0
2025-05-13,49.950843811035156,0.28800321823891595,0.2885083432221604,100.89883051492461,99.32840534681279,XLF,金融,value,Weakening,9.0,-1.0,-2.0
2025-05-14,49.81393814086914,0.28895376208740237,0.28865681617724104,100.93487797321659,99.45191575207714,XLF,金融,value,Weakening,9.0,-1.0,-2.0
2025-05-15,50.14641571044922,0.28825486978956066,0.28852283404801427,100.86559117168261,99.38749242611796,XLF,金融,value,Weakening,8.0,-2.0,-2.0
2025-05-16,50.44956588745117,0.2871779211603776,0.28807452975213543,100.68549910417917,99.10640046919157,XLF,金融,value,Weakening,8.0,-2.0,-2.0
2025-05-19,50.478904724121094,0.28737685423904435,0.2878419712477718,100.58964108493818,99.42308121911046,XLF,金融,value,Weakening,8.0,-2.0,-2.0
2025-05-20,50.20509338378906,0.28656639435563036,0.2874167789503913,100.42518727921686,99.34325509333526,XLF,金融,value,Weakening,7.0,-2.0,-1.0
2025-05-21,49.17830276489258,0.2869563125061323,0.28726329013563834,100.35607333890317,99.15612924306606,XLF,金融,value,Weakening,7.0,-2.0,-1.0
2025-05-22,49.119632720947266,0.2875309527899112,0.287352511020396,100.37345986341697,99.29962540401462,XLF,金融,value,Weakening,7.0,-1.0,1.0
2025-05-23,48.94361114501953,0.2876510090707452,0.2874520103705124,100.39362115228035,99.63914924658616,XLF,金融,value,Weakening,7.0,-1.0,1.0
2025-05-27,49.804161071777344,0.2873515389712759,0.2874185199041003,100.3634447076832,99.7390788208182,XLF,金融,value,Weakening,7.0,-1.0,1.0
2025-05-28,49.47167205810547,0.2878811099391478,0.2875727165824495,100.40248809108746,100.08864441210754,XLF,金融,value,Leading,7.0,0.0,2.0
2025-05-29,49.725921630859375,0.28865567547501453,0.28793370287997117,100.5228979061054,100.4244282006267,XLF,金融,value,Leading,7.0,0.0,2.0
2025-05-30,49.833492279052734,0.289394877197895,0.28842076098594577,100.69607573583437,100.70631431431975,XLF,金融,value,Leading,7.0,0.0,1.0
2025-06-02,49.853050231933594,0.28927893329876686,0.28870681842355284,100.80086658376668,100.86594106755999,XLF,金融,value,Leading,7.0,0.0,1.0
2025-06-03,49.950843811035156,0.28745324551386997,0.2882889607869919,100.63700225346301,100.62413885112561,XLF,金融,value,Leading,7.0,0.0,1.0
2025-06-04,49.66725158691406,0.2864648793742643,0.28768093364941605,100.40108718107415,100.1255883369361,XLF,金融,value,Leading,7.0,0.0,0.0
2025-06-05,49.53034591674805,0.2864492163907912,0.2872703612298744,100.23585213519593,99.60195956490966,XLF,金融,value,Weakening,7.0,0.0,0.0
2025-06-06,50.14641571044922,0.28752897363197166,0.28735656536390686,100.24653588301075,99.27753302246002,XLF,金融,value,Weakening,7.0,0.0,0.0
2025-06-09,49.87261199951172,0.28591106297598423,0.28687473123459933,100.02847110650578,98.58320072409971,XLF,金融,value,Weakening,6.0,-1.0,-1.0
2025-06-10,49.93128204345703,0.284828982309127,0.2861928149261086,99.69975813159076,98.16187052306432,XLF,金融,value,Lagging,6.0,-1.0,-1.0
2025-06-11,49.87261199951172,0.2853044261293675,0.2858966853271949,99.4957503873463,98.15338516248183,XLF,金融,value,Lagging,6.0,-1.0,-1.0
2025-06-12,49.87261199951172,0.2846369364337985,0.2854767690293961,99.2008981496199,97.87395426222473,XLF,金融,value,Lagging,4.0,-3.0,-3.0
2025-06-13,48.85559844970703,0.2822442495762326,0.2843992625450083,98.5341975855664,96.75875138050822,XLF,金融,value,Lagging,1.0,-6.0,-6.0
2025-06-16,49.41299819946289,0.2827382625820538,0.28384559589069014,98.08719332671836,96.70656844952461,XLF,金融,value,Lagging,1.0,-5.0,-4.0
2025-06-17,49.12940979003906,0.2838421018250465,0.2838444312021423,97.94371182124172,97.26802113470184,XLF,金融,value,Lagging,1.0,-5.0,-4.0
2025-06-18,49.10985565185547,0.283697141470972,0.28379533462508555,97.80441926633128,97.5476672718981,XLF,金融,value,Lagging,1.0,-5.0,-4.0
2025-06-20,49.246761322021484,0.28402360289726564,0.28387142404914556,97.80603466288021,98.10681581120004,XLF,金融,value,Lagging,1.0,-3.0,0.0
2025-06-23,49.86690139770508,0.28508335306974214,0.2842754003893444,98.04721346857279,99.53671923141178,XLF,金融,value,Lagging,1.0,0.0,6.0
2025-06-24,50.61265182495117,0.28663278899659406,0.285061196591761,98.54317750217872,101.0239863850839,XLF,金融,value,Improving,1.0,0.0,5.0
2025-06-25,50.44583511352539,0.28776425900590097,0.2859622173964743,99.13260278798623,102.13417087468379,XLF,金融,value,Improving,6.0,5.0,10.0
2025-06-26,50.81871032714844,0.28771991692336907,0.2865481172387726,99.51796604972678,102.79390509853171,XLF,金融,value,Improving,6.0,5.0,10.0
2025-06-27,50.96590042114258,0.2875004077820042,0.2868655474198498,99.72908660103468,102.90306074234695,XLF,金融,value,Improving,7.0,6.0,9.0
2025-06-30,51.3878288269043,0.2885247600348106,0.2874186182915034,100.08893667966053,102.85203244264217,XLF,金融,value,Leading,7.0,6.0,6.0
2025-07-01,51.67239761352539,0.28676168167357474,0.2871996394188605,99.9468894721007,101.9449228420011,XLF,金融,value,Improving,7.0,6.0,6.0
2025-07-02,51.63314437866211,0.2858907707129371,0.2867633498502194,99.6669104792895,100.82474781335969,XLF,金融,value,Improving,6.0,0.0,-5.0
2025-07-03,52.19245529174805,0.2875987787024104,0.2870418261342831,99.85378880043886,100.56495307038105,XLF,金融,value,Improving,6.0,0.0,-5.0
2025-07-07,51.692020416259766,0.2871360249868624,0.28707322575180955,99.87626003087568,100.31972886851779,XLF,金融,value,Improving,6.0,-1.0,-7.0
2025-07-08,51.230838775634766,0.2838635007425762,0.2860033174153984,99.16168827514915,98.97087385532882,XLF,金融,value,Lagging,5.0,-2.0,-8.0
2025-07-09,51.41727066040039,0.28404815129173594,0.2853515953741776,98.71197304228139,98.60485724831764,XLF,金融,value,Lagging,4.0,-3.0,-9.0
2025-07-10,51.721458435058594,0.2840829471660073,0.2849287126381208,98.45568864576676,98.66416825413377,XLF,金融,value,Lagging,3.0,-3.0,-3.0
2025-07-11,51.1817741394043,0.2831918154685392,0.284349746914927,98.13520152674499,98.11739510500601,XLF,金融,value,Lagging,1.0,-5.0,-5.0
2025-07-14,51.564456939697266,0.2850155786072349,0.284571690812363,98.33797563962044,98.39347576911483,XLF,金融,value,Lagging,2.0,-4.0,-3.0
2025-07-15,50.681339263916016,0.2840734859024742,0.28440562250906676,98.30411871470893,99.21642055016568,XLF,金融,value,Lagging,1.0,-4.0,-2.0
2025-07-16,51.034584045410156,0.28494219714243557,0.2845844807201897,98.47248322671075,99.9567924336388,XLF,金融,value,Lagging,1.0,-3.0,0.0
2025-07-17,51.52520751953125,0.2853550641381215,0.28484134185950033,98.67460084049709,100.50879613320924,XLF,金融,value,Improving,3.0,0.0,3.0
2025-07-18,51.554649353027344,0.28562663813121414,0.28510310728340493,98.86829904497806,101.11527415387978,XLF,金融,value,Improving,4.0,3.0,8.0
2025-07-21,51.4074592590332,0.2857887252783757,0.28533164661506183,99.03411551912345,101.05801191804198,XLF,金融,value,Improving,4.0,2.0,6.0
2025-07-22,51.692020416259766,0.28375321869251435,0.28480550397421267,98.76382004154718,100.76792241050558,XLF,金融,value,Improving,3.0,2.0,6.0
2025-07-23,52.10414505004883,0.283665526947333,0.2844255116319195,98.59336053404537,100.37106578108919,XLF,金融,value,Improving,1.0,0.0,3.0
2025-07-24,52.07470703125,0.284415701847411,0.28442224170375,98.63848028878452,100.19021234030178,XLF,金融,value,Improving,2.0,-1.0,-1.0
2025-07-25,52.437767028808594,0.28502558839541553,0.28462335726763854,98.79412237865279,100.14716068771382,XLF,金融,value,Improving,2.0,-2.0,-5.0
2025-07-28,52.07470703125,0.28473576551863267,0.2846608266846366,98.85357652824102,100.02477957578868,XLF,金融,value,Improving,2.0,-2.0,-4.0
2025-07-29,51.80976867675781,0.2834237816192678,0.2842484783295137,98.66574930322484,100.12305950314999,XLF,金融,value,Improving,2.0,-1.0,-3.0
2025-07-30,51.711647033691406,0.2847340564742198,0.28441033771108243,98.79758176269908,100.47144495987764,XLF,金融,value,Improving,3.0,2.0,2.0
2025-07-31,51.3878288269043,0.28555513602851146,0.28479193715022544,99.0427865580194,100.69112050066182,XLF,金融,value,Improving,5.0,3.0,4.0
2025-08-01,50.436031341552734,0.28346150683013116,0.2843484603768607,98.83068265194807,100.2582151144252,XLF,金融,value,Improving,4.0,2.0,4.0
2025-08-04,50.93646240234375,0.28281592884995754,0.28383761653455963,98.58659830018263,99.91217345673338,XLF,金融,value,Lagging,2.0,0.0,2.0
2025-08-05,50.73040008544922,0.2824556353750702,0.2833769561480632,98.38016747839008,99.90078038395055,XLF,金融,value,Lagging,2.0,0.0,1.0
2025-08-06,50.97571563720703,0.28445790786622455,0.2837372733874503,98.62072617042467,100.03602722620775,XLF,金融,value,Improving,3.0,0.0,-2.0
2025-08-07,50.40658187866211,0.281451280694647,0.28297527582318255,98.24179316336196,99.32162873608772,XLF,金融,value,Lagging,2.0,-3.0,-6.0
2025-08-08,50.87758255004883,0.283569125472142,0.28317322570616904,98.3970233588722,99.76154669678486,XLF,金融,value,Lagging,3.0,-1.0,-3.0
2025-08-11,50.857967376708984,0.28423602036044204,0.28352749059092675,98.63037569026015,100.31888183718566,XLF,金融,value,Improving,3.0,1.0,1.0
2025-08-12,51.47614288330078,0.28408113802202917,0.28371203973462755,98.7711696031685,100.70980209834534,XLF,金融,value,Improving,5.0,3.0,3.0
2025-08-13,51.7705192565918,0.2816838559298288,0.2830359784663613,98.42122314136894,100.01517102685473,XLF,金融,value,Improving,3.0,0.0,0.0
2025-08-14,52.015830993652344,0.2848717946789483,0.2836479172038903,98.81411359318405,100.89362610700097,XLF,金融,value,Improving,5.0,3.0,6.0
2025-08-15,51.47614288330078,0.28261381677210556,0.2833032170599621,98.64309261630532,100.50127792123288,XLF,金融,value,Improving,3.0,0.0,1.0
2025-08-18,51.5153923034668,0.2828901856304294,0.2831655399167845,98.60195868767454,100.1725938445617,XLF,金融,value,Improving,3.0,0.0,-1.0
2025-08-19,51.61351776123047,0.28210821406821585,0.2828130979672616,98.44037750923736,99.81943817378273,XLF,金融,value,Lagging,3.0,-2.0,-5.0
2025-08-20,51.878456115722656,0.283814767371924,0.28314698776881575,98.6864533012327,100.49809059345186,XLF,金融,value,Improving,3.0,0.0,0.0
2025-08-21,51.711647033691406,0.2838915584725095,0.2833951780033803,98.87292318165221,100.24699727355276,XLF,金融,value,Improving,3.0,-2.0,-5.0
2025-08-22,52.56532669067383,0.28306517122670843,0.2832851757444897,98.84259323163302,100.39781660303059,XLF,金融,value,Improving,2.0,-1.0,-1.0
2025-08-25,52.26114273071289,0.283597237147363,0.2833891962121141,98.93824937082633,100.54408796940643,XLF,金融,value,Improving,2.0,-1.0,-1.0
2025-08-26,52.6634521484375,0.28558295719414856,0.2841204498727923,99.40999513125458,101.24102709450314,XLF,金融,value,Improving,3.0,0.0,2.0
2025-08-27,52.77138900756836,0.285137840743325,0.28445958016296985,99.64437486687119,101.19564619267662,XLF,金融,value,Improving,5.0,2.0,2.0
2025-08-28,52.8400764465332,0.28564512363917716,0.2848547613217056,99.9230820708241,101.26810266803064,XLF,金融,value,Improving,7.0,4.0,6.0
2025-08-29,52.977455139160156,0.28660037194406857,0.28543663152915993,100.34690963167094,101.71497582848099,XLF,金融,value,Leading,8.0,6.0,7.0
2025-09-02,52.584957122802734,0.28674208571740234,0.28587178292524074,100.709456787093,101.92591863134056,XLF,金融,value,Leading,8.0,6.0,7.0
2025-09-03,52.496639251708984,0.28670484737079566,0.2861494710737591,100.97395994090333,101.64788707007307,XLF,金融,value,Leading,9.0,6.0,6.0
2025-09-04,53.046142578125,0.28758177504088805,0.28662690572946875,101.37394430002263,101.7459862385603,XLF,金融,value,Leading,9.0,4.0,2.0
2025-09-05,52.07470703125,0.2819856976517827,0.2850798363702401,100.22408632399505,100.29084615052737,XLF,金融,value,Leading,9.0,2.0,-2.0
2025-09-08,52.11396026611328,0.2824230707465827,0.284194247829021,99.55214120650014,99.19037264427136,XLF,金融,value,Lagging,5.0,-3.0,-9.0
2025-09-09,52.33964157104492,0.28452252718704046,0.2843036742816942,99.66631776578214,98.94851193017806,XLF,金融,value,Lagging,7.0,-1.0,-7.0
2025-09-10,52.16301727294922,0.2838497000176277,0.28415234952700535,99.56233336021822,98.59864253967916,XLF,金融,value,Lagging,6.0,-3.0,-9.0
2025-09-11,53.01670455932617,0.2842358520070291,0.28418018368701325,99.60578987699125,98.28842420890535,XLF,金融,value,Lagging,6.0,-3.0,-7.0
2025-09-12,52.791015625,0.28507783355111466,0.28447940030838037,99.87277893520562,99.66050403998301,XLF,金融,value,Lagging,7.0,-2.0,-4.0
2025-09-15,52.67326354980469,0.28493956829116573,0.2846327896359755,100.000374586869,100.423346029949,XLF,金融,value,Leading,8.0,3.0,6.0
2025-09-16,52.555519104003906,0.2850582542768937,0.2847746111829482,100.10912531031781,100.39214317972267,XLF,金融,value,Leading,8.0,1.0,2.0
2025-09-17,53.06576919555664,0.28755071199785553,0.2856999781212507,100.87372539627488,101.265809593718,XLF,金融,value,Leading,8.0,2.0,5.0
2025-09-18,53.114830017089844,0.28594880999566674,0.2857829220793894,100.91553403903009,101.23589530739198,XLF,金融,value,Leading,8.0,2.0,5.0
2025-09-19,53.232574462890625,0.28708249335381375,0.28621611250419754,101.24206463671746,101.26569446173933,XLF,金融,value,Leading,8.0,1.0,3.0
2025-09-22,53.16169357299805,0.2865633671840647,0.2863318640641533,101.29574209512876,101.14733709984982,XLF,金融,value,Leading,8.0,0.0,-3.0
2025-09-23,52.9254150390625,0.2849419969549952,0.2858685750277673,100.8932496015714,100.58761456759423,XLF,金融,value,Leading,8.0,0.0,-1.0
2025-09-24,52.777748107910156,0.28481104903098486,0.2855160663621732,100.60984611746768,99.47883144974953,XLF,金融,value,Weakening,7.0,-1.0,-3.0
2025-09-25,52.639923095703125,0.2864253951933345,0.28581917597256035,100.88204614196604,99.75375381991718,XLF,金融,value,Weakening,7.0,-1.0,-3.0
2025-09-26,53.023868560791016,0.28568400531680677,0.2857741190873092,100.87588254909637,99.4084475660584,XLF,金融,value,Weakening,7.0,-1.0,-2.0
2025-09-29,53.289676666259766,0.28616009645756874,0.28590277821072907,101.04390314965502,99.56420309032427,XLF,金融,value,Weakening,7.0,-1.0,-1.0
2025-09-30,53.033714294433594,0.28403499441265545,0.2852801836113712,100.537009154174,99.46446022815154,XLF,金融,value,Weakening,6.0,-2.0,-2.0
2025-10-01,52.56116485595703,0.2808674675807546,0.28380927826783237,99.19812811036063,98.26875563762582,XLF,金融,value,Lagging,4.0,-3.0,-2.0
2025-10-02,52.521785736083984,0.27999435385660226,0.28253763679742233,98.03573313392667,96.90896054652495,XLF,金融,value,Lagging,3.0,-4.0,-3.0
2025-10-03,52.88604736328125,0.28094854604989317,0.2820079398815793,97.60421484641049,96.81069409957634,XLF,金融,value,Lagging,1.0,-6.0,-5.0
2025-10-06,52.86635208129883,0.28093202410892154,0.28164930129069343,97.43061592847279,96.80072611104676,XLF,金融,value,Lagging,1.0,-6.0,-5.0
2025-10-07,52.935264587402344,0.2825395929522725,0.28194606517788645,97.83003965904443,97.72674600156955,XLF,金融,value,Lagging,1.0,-5.0,-3.0
2025-10-08,52.679298400878906,0.28026053325955813,0.28138422120511036,97.51070859548506,98.63782115624345,XLF,金融,value,Lagging,1.0,-3.0,0.0
2025-10-09,52.49224853515625,0.2815952018018782,0.28145454807069964,97.71390725236982,99.80330152157082,XLF,金融,value,Lagging,1.0,-2.0,2.0
2025-10-10,51.350257873535156,0.28182298187360516,0.28157735933833483,97.9279040495548,100.35193437627493,XLF,金融,value,Improving,1.0,0.0,6.0
2025-10-13,51.842498779296875,0.28178460792788806,0.28164644220151924,98.07688902747215,100.61976538145446,XLF,金融,value,Improving,1.0,0.0,6.0
2025-10-14,52.41349792480469,0.28254525162861777,0.28194604534388545,98.3709780394163,100.51335742387847,XLF,金融,value,Improving,2.0,1.0,6.0
2025-10-15,52.41349792480469,0.2819767169818074,0.2819562692231928,98.44102466417438,100.8466290783207,XLF,金融,value,Improving,2.0,1.0,4.0
2025-10-16,50.95647048950195,0.2767613947617702,0.2802246444027186,97.3844301465979,99.74096582034655,XLF,金融,value,Lagging,1.0,0.0,2.0
2025-10-17,51.36995315551758,0.2775973692666684,0.2793488860240352,97.0586506645167,99.28230092665578,XLF,金融,value,Lagging,1.0,0.0,0.0
2025-10-20,51.970481872558594,0.27806206776005465,0.27891994660270836,97.06636743345068,99.18029324767568,XLF,金融,value,Lagging,1.0,0.0,0.0
2025-10-21,51.91141128540039,0.27647932861528896,0.27810640727356856,96.91100652147054,98.81703752938549,XLF,金融,value,Lagging,1.0,-1.0,-2.0
2025-10-22,51.61606979370117,0.2762386028562721,0.2774838058011364,96.90226497391521,98.78378674143468,XLF,金融,value,Lagging,1.0,-1.0,-2.0
2025-10-23,51.72435760498047,0.2755119448931814,0.2768265188318181,96.90249725227628,99.70596102705314,XLF,金融,value,Lagging,1.0,0.0,0.0
2025-10-24,52.28551483154297,0.2777437929645357,0.2771322768760573,97.2755537088856,100.30579908323234,XLF,金融,value,Improving,1.0,0.0,0.0
2025-10-27,52.502098083496094,0.27766029644836526,0.27730828340015995,97.53077158163606,100.51127007058099,XLF,金融,value,Improving,1.0,0.0,0.0
2025-10-28,52.16737365722656,0.27828018591185605,0.27763225090405863,97.7983977424709,100.86263156700919,XLF,金融,value,Improving,1.0,0.0,1.0
2025-10-29,51.28134536743164,0.27664769130596195,0.27730406437135974,97.79989773368753,100.8608501231137,XLF,金融,value,Improving,1.0,0.0,1.0
2025-10-30,51.41917419433594,0.27858941686490085,0.27773251520254016,98.0628250801518,101.06053733070638,XLF,金融,value,Improving,1.0,0.0,0.0
2025-10-31,51.55699920654297,0.27872675956790105,0.27806392999099383,98.26326626548048,100.8916384457473,XLF,金融,value,Improving,3.0,2.0,2.0
2025-11-03,51.340415954589844,0.27823688714969985,0.27812158237722917,98.35195296855476,100.73352257266313,XLF,金融,value,Improving,3.0,2.0,2.0
2025-11-04,51.60622024536133,0.28153963497117646,0.2792609332418783,98.7953160646387,100.8601095441732,XLF,金融,value,Improving,4.0,3.0,3.0
2025-11-05,51.78342819213867,0.280862502473504,0.2797947896524202,99.00861345301485,101.0050656329533,XLF,金融,value,Improving,4.0,3.0,3.0
2025-11-06,51.596378326416016,0.28183398948900706,0.2804745229312825,99.26352850038207,100.97034715391926,XLF,金融,value,Improving,4.0,3.0,3.0
2025-11-07,51.96063232421875,0.28146302930245887,0.28080402505500796,99.39420082907827,100.89275083518292,XLF,金融,value,Improving,4.0,1.0,-1.0
2025-11-10,52.14768981933594,0.28085904521512495,0.2808223651083803,99.41729361279332,100.82619290837161,XLF,金融,value,Improving,4.0,1.0,-1.0
2025-11-11,52.38395690917969,0.2805106794793291,0.28071846989869664,99.39573688952028,100.43660407322852,XLF,金融,value,Improving,4.0,0.0,-3.0
2025-11-12,52.836814880371094,0.28226621544897534,0.2812343850821229,99.5868902391772,100.41849762414178,XLF,金融,value,Improving,5.0,1.0,-2.0
2025-11-13,52.15753173828125,0.2818234000266142,0.28143072339695335,99.66490790023873,100.27245995844265,XLF,金融,value,Improving,5.0,1.0,-2.0
2025-11-14,51.63575744628906,0.2800316938850662,0.2809643802263243,99.5168177283748,100.04382118836179,XLF,金融,value,Improving,6.0,2.0,1.0
2025-11-17,50.65127944946289,0.2783476759249313,0.2800921454591933,99.23490746570502,99.7937611405546,XLF,金融,value,Lagging,5.0,1.0,0.0
2025-11-18,50.5725212097168,0.2777496037171603,0.27931129821184897,98.99589312059501,99.625769623952,XLF,金融,value,Lagging,3.0,-1.0,-1.0
2025-11-19,50.75957489013672,0.2796234247969658,0.2794153404068879,99.05852641760423,99.52972868593969,XLF,金融,value,Lagging,3.0,-2.0,-3.0
2025-11-20,50.316558837890625,0.28060627128184856,0.2798123173652082,99.21448751020093,99.60181435589026,XLF,金融,value,Lagging,3.0,-2.0,-3.0
2025-11-21,50.867862701416016,0.2782136357449276,0.2792794234917813,99.06249449335091,99.60912840474778,XLF,金融,value,Lagging,2.0,-4.0,-6.0
2025-11-24,51.08445358276367,0.2782448777445537,0.2789345749093721,98.97949198221256,99.7850086642213,XLF,金融,value,Lagging,2.0,-3.0,-4.0
2025-11-25,51.72435760498047,0.27778385549830203,0.2785510017723488,98.88817611326373,99.91850908180673,XLF,金融,value,Lagging,2.0,-1.0,0.0
2025-11-26,52.12799835205078,0.27801176040045616,0.27837125464838464,98.86581721864323,99.86435192310894,XLF,金融,value,Lagging,3.0,0.0,2.0
2025-11-28,52.502098083496094,0.2785011235061973,0.27841454426765555,98.91456507039918,99.79715379750584,XLF,金融,value,Lagging,4.0,1.0,3.0
2025-12-01,52.06892395019531,0.27810547977302597,0.2783115227694457,98.91344782090779,99.94719505079114,XLF,金融,value,Lagging,4.0,2.0,6.0
2025-12-02,52.01970291137695,0.27810575164330686,0.2782429323940661,98.92183327034913,100.04742533732185,XLF,金融,value,Improving,3.0,1.0,4.0
2025-12-03,52.71867752075195,0.2797083957015384,0.27873142016322355,99.11175824614995,100.3172013419449,XLF,金融,value,Improving,3.0,1.0,2.0
2025-12-04,52.82697296142578,0.2801951890741901,0.27921934313354574,99.30436687768645,100.50420408132771,XLF,金融,value,Improving,5.0,2.0,2.0
2025-12-05,52.84666442871094,0.2796426855058852,0.2793604572576589,99.37643694750152,100.50751056423259,XLF,金融,value,Improving,6.0,2.0,1.0
2025-12-08,52.6497688293457,0.28027956106376184,0.27966682519302655,99.50496564375578,100.60036917391729,XLF,金融,value,Improving,7.0,3.0,1.0
2025-12-09,52.4528694152832,0.27975906409923157,0.2796975714950949,99.53697137810339,100.59780536213516,XLF,金融,value,Improving,7.0,4.0,3.0
2025-12-10,53.053401947021484,0.2790362720663798,0.2794771383521899,99.48105827105441,100.35517163518676,XLF,金融,value,Improving,7.0,4.0,3.0
2025-12-11,54.0181884765625,0.2818345802840242,0.280262952329468,99.78284103019772,100.44185138086536,XLF,金融,value,Improving,8.0,3.0,1.0
2025-12-12,54.09695053100586,0.2841717713764389,0.28156589201179166,100.27597550594425,100.8135948378486,XLF,金融,value,Leading,9.0,3.0,1.0
2025-12-15,54.13632583618164,0.2840262153665057,0.2823859997966964,100.59982935291814,100.97415866553713,XLF,金融,value,Leading,10.0,3.0,0.0
2025-12-16,53.7917594909668,0.2842144650969674,0.2829954882301201,100.86194552631105,101.18000891201811,XLF,金融,value,Leading,11.0,4.0,0.0
2025-12-17,53.78191375732422,0.2849329840073332,0.28364132015585786,101.14417332781275,101.46820154059078,XLF,金融,value,Leading,11.0,4.0,0.0
2025-12-18,53.69330978393555,0.283856687108369,0.28371310914002823,101.21990095601844,101.26444523324291,XLF,金融,value,Leading,11.0,3.0,0.0
2025-12-19,53.98865509033203,0.2843821937966882,0.28393613735891493,101.36250455739489,100.95866954617097,XLF,金融,value,Leading,11.0,2.0,-1.0
2025-12-22,54.651546478271484,0.2857558899333074,0.2845427215503791,101.64811899180302,100.91801019418261,XLF,金融,value,Leading,11.0,1.0,-2.0
2025-12-23,54.76021957397461,0.28699137674167313,0.2853589399474771,101.99470206939299,100.96643104872324,XLF,金融,value,Leading,11.0,0.0,-4.0
2025-12-24,55.05659103393555,0.2875023535633407,0.28607341115276497,102.28360188805331,100.94883571298408,XLF,金融,value,Leading,11.0,0.0,-4.0
2025-12-26,54.94791793823242,0.28686085721930793,0.28633589317494595,102.36914990901191,100.93073815251985,XLF,金融,value,Leading,11.0,0.0,-3.0
2025-12-29,54.651546478271484,0.28578539435524886,0.2861523935683803,102.28306073055548,100.71278253290413,XLF,金融,value,Leading,11.0,0.0,-2.0
2025-12-30,54.51323699951172,0.2855195156737735,0.28594143427017804,102.17218519215233,100.35649827767458,XLF,金融,value,Leading,11.0,0.0,-1.0
2025-12-31,54.108192443847656,0.2858391073587861,0.2859073252997141,102.0953041425348,99.96743263799087,XLF,金融,value,Weakening,11.0,0.0,0.0
2026-01-02,54.266258239746094,0.284741756353198,0.28551880231754206,101.87385606848417,99.45299035900776,XLF,金融,value,Weakening,10.0,-1.0,-1.0
2026-01-05,55.45176315307617,0.288286582547274,0.28644139572745275,102.12683699798035,99.52282358247267,XLF,金融,value,Weakening,10.0,-1.0,-1.0
2026-01-06,55.71849822998047,0.2862177959983236,0.2863668624844097,102.0032470657308,99.3435230312207,XLF,金融,value,Weakening,10.0,-1.0,-1.0
2026-01-07,54.938045501708984,0.28541054294610807,0.2860480893049758,101.81514580305505,99.11928819715115,XLF,金融,value,Weakening,10.0,-1.0,-1.0
2026-01-08,55.22453689575195,0.2844601231844736,0.2855187672648084,101.57220448032305,98.82157260773872,XLF,金融,value,Weakening,10.0,-1.0,-1.0
2026-01-09,55.05659103393555,0.28195891413987495,0.28433214955649727,101.13325906763738,98.54725934493075,XLF,金融,value,Weakening,9.0,-1.0,0.0
2026-01-12,54.621910095214844,0.27947819568196725,0.2827141649316539,100.57076947502524,97.59962121182569,XLF,金融,value,Weakening,9.0,-1.0,0.0
2026-01-13,53.57471466064453,0.2741201206884356,0.2798494835172478,99.60072455597629,96.8516102100602,XLF,金融,value,Lagging,6.0,-4.0,-3.0
2026-01-14,53.49568557739258,0.27247588406194484,0.2773916170321468,98.79871253079236,96.57251293864083,XLF,金融,value,Lagging,5.0,-5.0,-4.0
2026-01-15,53.7130241394043,0.2723764416530039,0.27571989190576585,98.30664280121029,96.69980469191125,XLF,金融,value,Lagging,2.0,-8.0,-7.0
2026-01-16,53.78218078613281,0.27342591951881207,0.27495523444344794,98.13643528730827,97.19762490290474,XLF,金融,value,Lagging,2.0,-7.0,-6.0
2026-01-20,52.557167053222656,0.27124521682731784,0.2737185619047379,97.85077971563508,97.58501947395273,XLF,金融,value,Lagging,2.0,-7.0,-6.0
2026-01-21,52.814022064208984,0.2680325637727544,0.27182322919407675,97.44253344107476,98.13230394460601,XLF,金融,value,Lagging,2.0,-4.0,0.0
2026-01-22,53.159793853759766,0.2694360433983271,0.2710275005954935,97.38994020562025,98.76868402845335,XLF,金融,value,Lagging,2.0,-3.0,2.0
2026-01-23,52.42873764038086,0.26692052953894746,0.2696585102433115,97.22275007161552,99.03242966565853,XLF,金融,value,Lagging,1.0,-1.0,7.0
2026-01-26,52.764625549316406,0.26799690058233433,0.26910464035631915,97.27357479548714,99.2298549616804,XLF,金融,value,Lagging,1.0,-1.0,6.0
2026-01-27,52.359580993652344,0.266354081412144,0.26818778737492743,97.25623822655123,99.47159637533788,XLF,金融,value,Lagging,1.0,-1.0,6.0
2026-01-28,52.34970474243164,0.26720378482136753,0.2678597865237408,97.36907840352089,99.92377726944396,XLF,金融,value,Lagging,1.0,-1.0,3.0
2026-01-29,52.90293502807617,0.26967391286593234,0.26846449530447136,97.6430888640213,100.21248374387683,XLF,金融,value,Improving,1.0,-1.0,2.0
2026-01-30,52.79426574707031,0.2697177918988583,0.2688822608359337,97.84080081303989,100.53088962656992,XLF,金融,value,Improving,1.0,0.0,1.0
2026-02-02,53.377132415771484,0.271298505979873,0.2696876758839135,98.0860779564957,100.70590012651488,XLF,金融,value,Improving,1.0,0.0,1.0
2026-02-03,52.883174896240234,0.26950530802518474,0.2696268865976706,98.15301531754311,100.7807878308396,XLF,金融,value,Improving,1.0,0.0,1.0
2026-02-04,53.307979583740234,0.2693237926269739,0.26952585527410505,98.20798931813631,100.7303537363536,XLF,金融,value,Improving,3.0,2.0,3.0
2026-02-05,52.64607620239258,0.2683105374200076,0.2691207493227392,98.21170446885935,100.50451174470187,XLF,金融,value,Improving,3.0,2.0,3.0
2026-02-06,53.60435485839844,0.26819678398845315,0.26881276087797723,98.23434302889174,100.36669113495323,XLF,金融,value,Improving,4.0,3.0,3.0
2026-02-09,53.2882194519043,0.2664569539202925,0.2680274918920823,98.18163853316103,100.1222678971004,XLF,金融,value,Improving,4.0,3.0,3.0
2026-02-10,52.90293502807617,0.26359262783860987,0.2665492038742582,98.03178702172073,99.9477475910899,XLF,金融,value,Lagging,4.0,3.0,3.0
2026-02-11,52.102725982666016,0.25914618851954824,0.26408153208935486,97.76320843724476,99.6781664446456,XLF,金融,value,Lagging,4.0,1.0,-1.0
2026-02-12,51.065406799316406,0.2573642192928968,0.26184242782386885,97.57830015331871,99.52566864249914,XLF,金融,value,Lagging,2.0,-1.0,-3.0
2026-02-13,51.02589797973633,0.25452843367925715,0.25940442977566497,97.41224451224411,99.37595219126962,XLF,金融,value,Lagging,3.0,-1.0,-4.0
2026-02-17,51.56924819946289,0.2576833408994528,0.25883073348359426,97.51179237320828,99.52820070026613,XLF,金融,value,Lagging,3.0,-1.0,-4.0
2026-02-18,51.95453643798828,0.25826949273739186,0.25864365323486016,97.64422303491021,99.78941896739242,XLF,金融,value,Lagging,3.0,-1.0,-4.0
2026-02-19,51.51985168457031,0.2566507986917852,0.2579793683871685,97.70603122889781,100.08489402353074,XLF,金融,value,Improving,3.0,-1.0,-2.0
2026-02-20,51.85574722290039,0.2571216309522422,0.2576934559088597,97.80323004403444,100.32962690197604,XLF,金融,value,Improving,3.0,1.0,2.0
2026-02-23,50.117008209228516,0.2512579466018344,0.2555482861398513,97.69717176869486,100.3719189218763,XLF,金融,value,Improving,2.0,-1.0,0.0
2026-02-24,50.363990783691406,0.2504981458085209,0.25386490602940787,97.66069419702414,100.24110894258905,XLF,金融,value,Improving,1.0,-2.0,-1.0
2026-02-25,51.24323272705078,0.25472107267121774,0.2541502949100112,97.82174987877828,100.25788415758554,XLF,金融,value,Improving,1.0,-2.0,-1.0
2026-02-26,51.865623474121094,0.25636667466398627,0.2548890881613362,98.00456662348311,100.35849659595694,XLF,金融,value,Improving,2.0,-1.0,0.0
2026-02-27,50.80855178833008,0.2508476059336973,0.2535419274187899,97.97697649533885,100.24221791225902,XLF,金融,value,Improving,2.0,-1.0,-2.0
2026-03-02,50.680118560791016,0.2506782687280813,0.25258737452188706,97.99064574512322,100.34252409204589,XLF,金融,value,Improving,2.0,0.0,1.0
2026-03-03,50.591209411621094,0.253346663109954,0.2528404707179094,98.10810551366214,100.4693195823334,XLF,金融,value,Improving,2.0,1.0,3.0
2026-03-04,50.87770462036133,0.25376416088680737,0.25314836744087543,98.21840438015374,100.4154999671198,XLF,金融,value,Improving,2.0,1.0,3.0
2026-03-05,50.61096954345703,0.2553919002764094,0.25389621171938676,98.3549902092389,100.3679247009858,XLF,金融,value,Improving,1.0,-1.0,0.0
2026-03-06,49.958946228027344,0.25514240077852457,0.2543116080724327,98.45313609890955,100.4760989746998,XLF,金融,value,Improving,1.0,-1.0,0.0
2026-03-09,49.72184371948242,0.25321587278201,0.2539463629756251,98.48111045772269,100.48796355796881,XLF,金融,value,Improving,1.0,-1.0,-1.0
2026-03-10,49.455108642578125,0.2537602807837084,0.2538843355783196,98.53180143451098,100.42902691109651,XLF,金融,value,Improving,1.0,-1.0,-2.0
2026-03-11,49.04018020629883,0.25246328462406237,0.25341065192690054,98.54699022233909,100.34846968662544,XLF,金融,value,Improving,1.0,-1.0,-2.0
2026-03-12,48.23997116088867,0.2522447833093346,0.25302202905437854,98.56831251761893,100.25173379711832,XLF,金融,value,Improving,1.0,0.0,1.0
2026-03-13,48.29924392700195,0.25256775630725353,0.25287060480533685,98.60695451213721,100.20164776307382,XLF,金融,value,Improving,1.0,0.0,1.0
2026-03-16,48.704288482666016,0.2528046933721108,0.25284863432759486,98.6532615401838,100.22281213906827,XLF,金融,value,Improving,1.0,0.0,1.0
2026-03-17,48.961151123046875,0.25272500724610286,0.2528074253004309,98.69524793141564,100.22682688743446,XLF,金融,value,Improving,1.0,0.0,1.0
2026-03-18,48.37827682495117,0.25304643600109983,0.2528870955339872,98.74389948829989,100.2723580897994,XLF,金融,value,Improving,2.0,1.0,2.0
2026-03-19,48.39803695678711,0.2533462114569852,0.25304013417498655,98.79547694285503,100.3200488902179,XLF,金融,value,Improving,3.0,2.0,2.0
2026-03-20,48.4869499206543,0.25759590533471877,0.254558724561564,98.94865341757955,100.4547477839141,XLF,金融,value,Improving,3.0,2.0,2.0
2026-03-23,48.92485809326172,0.2571806234678378,0.2554326908636553,99.04806459164155,100.52897985994765,XLF,金融,value,Improving,3.0,2.0,2.0
2026-03-24,48.93478775024414,0.25692454615066257,0.25592997595932443,99.11603549893589,100.56921309839831,XLF,金融,value,Improving,3.0,2.0,2.0
2026-03-25,48.99436569213867,0.25599682859681155,0.25595226017182016,99.14523149068113,100.56530165851824,XLF,金融,value,Improving,3.0,1.0,0.0
2026-03-26,48.706398010253906,0.2568495961486994,0.25625137216411326,99.19560034021056,100.5817390647584,XLF,金融,value,Improving,4.0,1.0,-1.0
2026-03-27,47.4750862121582,0.2538368698148809,0.2554465380477025,99.15516095807587,100.41048279451576,XLF,金融,value,Improving,4.0,1.0,-1.0
2026-03-30,48.02123260498047,0.25728938471011853,0.25606082026850785,99.23113623729971,100.40800296714283,XLF,金融,value,Improving,5.0,2.0,0.0
2026-03-31,49.02415466308594,0.25739375332572895,0.25650513128758157,99.2930772358995,100.41786323152505,XLF,金融,value,Improving,5.0,2.0,0.0
2026-04-01,49.093666076660156,0.2569287006240742,0.2566463210664125,99.32905215385337,100.43179581878093,XLF,金融,value,Improving,5.0,2.0,1.0
2026-04-02,49.18303680419922,0.25666325140120244,0.2566519645113425,99.35279191762385,100.40337430155786,XLF,金融,value,Improving,5.0,1.0,0.0
2026-04-06,49.53058624267578,0.25737064039771324,0.25689152314013275,99.39817386052036,100.48008647247025,XLF,金融,value,Improving,5.0,1.0,0.0
2026-04-07,49.53058624267578,0.25794259165182876,0.2572418793106981,99.45465695575169,100.45176358644767,XLF,金融,value,Improving,4.0,-1.0,-3.0
2026-04-08,50.841339111328125,0.25879007485867445,0.25775794449335687,99.53006446468854,100.45638515456325,XLF,金融,value,Improving,4.0,-1.0,-3.0
2026-04-09,50.970428466796875,0.25929001501529475,0.2582686346673362,99.6093315390119,100.48941444678907,XLF,金融,value,Improving,4.0,-1.0,-3.0
2026-04-10,50.41434860229492,0.2583261277548095,0.2582877990298273,99.63862850391651,100.48149884753478,XLF,金融,value,Improving,5.0,0.0,-1.0
2026-04-13,51.29811477661133,0.25997263070129606,0.25884940958698355,99.73480116974291,100.51605390751266,XLF,金融,value,Improving,5.0,0.0,-1.0
2026-04-14,51.41727066040039,0.2594932665928671,0.25906402858894473,99.79507329724446,100.49643420490557,XLF,金融,value,Improving,5.0,1.0,2.0
2026-04-15,51.804542541503906,0.26135611844579804,0.25982805854122915,99.93297980589838,100.53855272359142,XLF,金融,value,Improving,4.0,0.0,1.0
2026-04-16,51.66551971435547,0.25947253061528514,0.25970954923258116,99.95319063040363,100.45517975523592,XLF,金融,value,Improving,4.0,0.0,1.0
2026-04-17,52.062721252441406,0.2582241053135937,0.25921440125958534,99.91577630188361,100.3546524006792,XLF,金融,value,Improving,3.0,-2.0,-2.0
2026-04-20,52.261322021484375,0.25839513067105974,0.2589413110634101,99.90888476885257,100.1726492367504,XLF,金融,value,Improving,4.0,-1.0,-1.0
2026-04-21,51.933631896972656,0.25835958725592356,0.25874740312758127,99.91209232003746,100.01346068343496,XLF,金融,value,Improving,5.0,0.0,-1.0
2026-04-22,51.844261169433594,0.258029627572975,0.2585081446093792,99.90403533479342,99.60217933050029,XLF,金融,value,Lagging,6.0,2.0,2.0
2026-04-23,51.4371337890625,0.25601598653126234,0.2576774252500069,99.790589836831,99.1599870986379,XLF,金融,value,Lagging,4.0,0.0,0.0
2026-04-24,51.05979537963867,0.25466621668405537,0.25667368906135646,99.63809121730031,98.73407878643546,XLF,金融,value,Lagging,4.0,1.0,3.0
2026-04-27,51.44706726074219,0.2569029571268496,0.2567501117498542,99.67846123836388,98.76434072212881,XLF,金融,value,Lagging,4.0,0.0,1.0
2026-04-28,51.486785888671875,0.25842037556845215,0.2573068663560535,99.81091465950344,99.08932070960428,XLF,金融,value,Lagging,5.0,0.0,0.0
2026-04-29,51.55629348754883,0.25922115426221254,0.25794496232477315,99.96434742652039,99.57885210654803,XLF,金融,value,Lagging,7.0,1.0,-1.0
2026-04-30,51.76482391357422,0.2563932040214422,0.2574277095569962,99.89212495971148,99.71402835585603,XLF,金融,value,Lagging,7.0,3.0,3.0
2026-05-01,51.55629348754883,0.2561409552830428,0.2569987914656784,99.83526178815593,100.03106028805063,XLF,金融,value,Improving,7.0,3.0,2.0
2026-05-04,51.21867752075195,0.2559527495039423,0.25665011081176636,99.79298819030484,99.80008242935001,XLF,金融,value,Lagging,6.0,2.0,2.0
2026-05-05,51.228607177734375,0.25398697957743205,0.2557624004003216,99.6152739962513,98.80975099034472,XLF,金融,value,Lagging,6.0,1.0,1.0
2026-05-06,51.47685623168945,0.2532119216009815,0.2549122408005416,99.42125442167305,97.71679570880531,XLF,金融,value,Lagging,6.0,-1.0,-2.0
2026-05-07,51.18888473510742,0.2534160058468157,0.2544134958159663,99.29251252188999,97.65940716132074,XLF,金融,value,Lagging,6.0,-1.0,-4.0
2026-05-08,50.88106155395508,0.25120093958309825,0.2533426437383436,98.95603428011606,97.03292267055458,XLF,金融,value,Lagging,4.0,-3.0,-6.0
2026-05-11,50.821475982666016,0.2510420589234659,0.2525757821333844,98.65372388055684,96.65839685344244,XLF,金融,value,Lagging,3.0,-3.0,-5.0
2026-05-12,51.21867752075195,0.2532275760105061,0.25279304675909164,98.67596176429005,97.39419653152142,XLF,金融,value,Lagging,3.0,-3.0,-4.0
2026-05-13,50.6328125,0.2514289853550454,0.25233835962440954,98.47096159644947,97.4889467688677,XLF,金融,value,Lagging,3.0,-3.0,-2.0
2026-05-14,50.93070602416992,0.2519892749245967,0.25222199805780526,98.4366105885258,97.77229376391773,XLF,金融,value,Lagging,2.0,-4.0,-3.0
2026-05-15,50.742034912109375,0.25367148671707557,0.2527051609442287,98.68505904792528,99.1552169668116,XLF,金融,value,Lagging,3.0,-1.0,2.0
2026-05-18,51.37755584716797,0.25527813173268804,0.25356281787371515,99.08881242865003,100.91799500213826,XLF,金融,value,Improving,5.0,2.0,5.0
2026-05-19,50.742034912109375,0.253596002959178,0.25357387956886945,99.12188695806074,100.91657924116852,XLF,金融,value,Improving,5.0,2.0,5.0
2026-05-20,51.29811477661133,0.25359542777813443,0.2535810623052911,99.15295359560362,101.47497510952805,XLF,金融,value,Improving,6.0,3.0,6.0
2026-05-21,51.36762619018555,0.25284743862339326,0.2533365210779918,99.07373919229057,101.32504657603623,XLF,金融,value,Improving,6.0,4.0,8.0
2026-05-22,51.576148986816406,0.2515757467813532,0.25274959631244565,98.84415013285582,100.12444459877835,XLF,金融,value,Improving,5.0,2.0,3.0
2026-05-26,51.486785888671875,0.2498577895557925,0.2517856607268946,98.4580052448729,98.2092261773767,XLF,金融,value,Lagging,5.0,0.0,-2.0
2026-05-27,51.05979537963867,0.24796478353010798,0.2505120349946324,97.9943937701035,97.2303333560541,XLF,金融,value,Lagging,4.0,-1.0,-3.0
2026-05-28,50.91084671020508,0.2463391448274803,0.24912107160558172,97.57297253021025,96.61954116938404,XLF,金融,value,Lagging,1.0,-5.0,-8.0
2026-05-29,51.21867752075195,0.24714030250704036,0.24846081523940128,97.47474346493858,96.91079068307525,XLF,金融,value,Lagging,1.0,-5.0,-9.0
2026-06-01,51.06972885131836,0.24597401876789785,0.24763188308223347,97.33771451064665,97.31073591107565,XLF,金融,value,Lagging,1.0,-4.0,-6.0
2026-06-02,51.09951400756836,0.24514491432264182,0.24680289349570295,97.24738152822816,97.95202725555728,XLF,金融,value,Lagging,3.0,-2.0,-2.0
2026-06-03,50.513648986816406,0.2432491801406783,0.24561832237736142,97.10036020666476,98.55812929859522,XLF,金融,value,Lagging,3.0,-1.0,0.0
2026-06-04,51.82440185546875,0.24769087291319467,0.2463091725559725,97.49434779521529,99.97369089425341,XLF,金融,value,Lagging,3.0,2.0,7.0
2026-06-05,51.933631896972656,0.25179585073365435,0.24813806528186647,98.1267158377357,101.22538430364447,XLF,金融,value,Improving,5.0,4.0,9.0
2026-06-08,51.6059455871582,0.25047223948010927,0.24891612334794744,98.40939574804784,101.8879491761255,XLF,金融,value,Improving,7.0,6.0,10.0
2026-06-09,52.09251022338867,0.25092417050116117,0.24958547239901868,98.63987879026148,102.30642695253864,XLF,金融,value,Improving,7.0,4.0,6.0
2026-06-10,51.86412048339844,0.2530416474563335,0.250737530751457,98.98248717850784,102.85391808752563,XLF,金融,value,Improving,7.0,4.0,5.0
2026-06-11,52.25138854980469,0.25101749276821805,0.2508308514237107,99.02460011565464,102.2012319952434,XLF,金融,value,Improving,8.0,5.0,3.0
2026-06-12,52.966346740722656,0.25216794756781824,0.2512765501384132,99.15836837971385,101.43500944290476,XLF,金融,value,Improving,8.0,3.0,-1.0
2026-06-15,53.18480682373047,0.2517449791043086,0.251432693127045,99.21043053801428,101.08240042147114,XLF,金融,value,Improving,9.0,2.0,-4.0
2026-06-16,53.969268798828125,0.2563130382580688,0.25305947483738633,99.65459544891529,101.34467146731099,XLF,金融,value,Improving,10.0,3.0,-1.0
2026-06-17,53.67137145996094,0.25877679321057684,0.25496524762844985,100.167746570071,101.53016518570728,XLF,金融,value,Leading,10.0,3.0,-1.0
2026-06-18,53.19473648071289,0.25529377342092474,0.2550747562259415,100.18906365974351,101.45616886139906,XLF,金融,value,Leading,9.0,1.0,-4.0
2026-06-22,53.510616302490234,0.25624618347649275,0.25546523197612525,100.2920652798266,101.37760772389997,XLF,金融,value,Leading,9.0,1.0,-2.0
2026-06-23,53.68998336791992,0.25799130156670635,0.25630725517298564,100.51835409072184,101.55859313772449,XLF,金融,value,Leading,9.0,0.0,-2.0
2026-06-24,53.530548095703125,0.25540340442453024,0.2560059715901672,100.43547171863604,100.86438551268226,XLF,金融,value,Leading,9.0,-1.0,-4.0
2026-06-25,53.261497497558594,0.252475591993478,0.25482917839127084,100.11835599619127,99.80317125288012,XLF,金融,value,Weakening,9.0,-1.0,-4.0
2026-06-26,53.38107681274414,0.25477501665724656,0.25481112447992943,100.11991371070489,99.78711155930759,XLF,金融,value,Weakening,8.0,-1.0,-2.0
2026-06-29,53.530548095703125,0.25220261712358816,0.25394162202781567,99.88757856142286,99.36860599807662,XLF,金融,value,Lagging,8.0,-1.0,-2.0
2026-06-30,53.420936584472656,0.2520174021132927,0.25330021538964137,99.72301027328446,98.89651598591813,XLF,金融,value,Lagging,8.0,-1.0,-1.0
2026-07-01,54.58680725097656,0.2567452117038579,0.25444854749438023,100.04811695351552,99.42934525526907,XLF,金融,value,Weakening,8.0,-1.0,0.0
2026-07-02,55.42384338378906,0.2588626755127962,0.2559199235005189,100.4582062966949,100.35037646109058,XLF,金融,value,Leading,8.0,-1.0,0.0
2026-07-06,55.942012786865234,0.26117348542718477,0.2576711108094075,100.93452365112631,100.93354267898657,XLF,金融,value,Leading,9.0,1.0,2.0
2026-07-07,55.85232925415039,0.26108264749004,0.2588082897029517,101.22920712538406,101.54566516689069,XLF,金融,value,Leading,10.0,2.0,3.0
2026-07-08,54.77613830566406,0.2591048066138036,0.25890712867323573,101.23969886631451,101.6957393533026,XLF,金融,value,Leading,10.0,2.0,3.0
2026-07-09,55.3441276550293,0.26019748645902036,0.25933724793516394,101.3390497913141,101.38107951295932,XLF,金融,value,Leading,10.0,2.0,3.0
2026-07-10,55.513526916503906,0.26001960438171867,0.25956470008401555,101.38521867271588,100.92985423801606,XLF,金融,value,Leading,10.0,2.0,3.0
2026-07-13,55.872257232666016,0.2617853831921602,0.2603049277867304,101.55686099381009,100.56251963455286,XLF,金融,value,Leading,10.0,1.0,0.0
2026-07-14,55.98187255859375,0.2632574720658816,0.26128910921311416,101.77935186281482,100.4728265893558,XLF,金融,value,Leading,11.0,1.0,-1.0
2026-07-15,56.360530853271484,0.2656354751486055,0.26273789785827795,102.0881011026226,100.81009270875869,XLF,金融,value,Leading,11.0,1.0,-1.0
2026-07-16,56.549861907958984,0.26393765047921536,0.26313781539859044,102.12607628244773,100.72844011391975,XLF,金融,value,Leading,11.0,1.0,-1.0
2026-07-17,56.061588287353516,0.2637311796311118,0.2633356034760976,102.10893202395502,100.6456073699201,XLF,金融,value,Leading,11.0,1.0,-1.0
2026-07-20,55.84236526489258,0.2638747506673865,0.26351531920652727,102.07995842641817,100.4073618720512,XLF,金融,value,Leading,11.0,1.0,0.0
2026-07-21,55.91211700439453,0.2637821568181691,0.2636042650770746,102.02874399331178,100.08819125580472,XLF,金融,value,Leading,11.0,0.0,-1.0
2026-07-22,55.85232925415039,0.26357441202594745,0.2635943140600322,101.95812613588852,99.65265002528824,XLF,金融,value,Weakening,11.0,0.0,-1.0
2026-07-23,55.63310623168945,0.2635061899870038,0.26356493936902275,101.88678541935762,99.53038056113229,XLF,金融,value,Weakening,11.0,0.0,-1.0
2026-07-24,56.111412048339844,0.2637183748146529,0.26361608451756613,101.83053692127498,99.48771209930243,XLF,金融,value,Weakening,11.0,0.0,-1.0
2026-07-27,56.67940139770508,0.26439474419407477,0.26387563774306905,101.81249362973004,99.50012389646724,XLF,金融,value,Weakening,11.0,0.0,-1.0
2026-07-28,57.3968620300293,0.2646543981768938,0.26413522455434396,101.79439342173974,99.53853255487624,XLF,金融,value,Weakening,11.0,0.0,0.0
2026-07-29,56.480106353759766,0.2627933811071033,0.26368794340526375,101.64809835082224,99.45569897913768,XLF,金融,value,Weakening,10.0,-1.0,-1.0
2026-07-30,56.798980712890625,0.2647065014474178,0.26402746275264843,101.66091276098851,99.55882588332793,XLF,金融,value,Weakening,10.0,-1.0,-1.0
2026-07-31,56.73918914794922,0.2648828981874076,0.26431260789756816,101.65830880973218,99.62613761662439,XLF,金融,value,Weakening,11.0,0.0,0.0
2026-08-03,57.17763900756836,0.2643478729844164,0.2643243629265176,101.60456460415296,99.59295434377208,XLF,金融,value,Weakening,11.0,0.0,0.0
2026-08-04,57.67587661743164,0.26287372096822414,0.2638408156070865,101.46755861127798,99.46543706206539,XLF,金融,value,Weakening,11.0,0.0,0.0
2026-08-05,57.79545211791992,0.26401812857923346,0.2638999199311355,101.43020478849901,99.590979802938,XLF,金融,value,Weakening,11.0,1.0,2.0
2026-08-06,57.60612487792969,0.2645377611182903,0.2641125336601871,101.41852007440076,99.55586234100922,XLF,金融,value,Weakening,11.0,1.0,2.0
2026-08-07,57.3968620300293,0.26176844677470157,0.26333117136502526,101.2408761241193,99.34926150275926,XLF,金融,value,Weakening,11.0,0.0,0.0
2026-08-10,57.60612487792969,0.26256773232421937,0.26307669168475667,101.15910918232322,99.30365732308302,XLF,金融,value,Weakening,11.0,0.0,0.0
2026-08-11,57.59615707397461,0.2619632018289709,0.2627055283994948,101.06118595036949,99.32546367003516,XLF,金融,value,Weakening,10.0,-1.0,-1.0
2026-08-12,57.71573257446289,0.2620439899296405,0.26248501557621007,100.99224989081885,99.2716729960588,XLF,金融,value,Weakening,10.0,-1.0,-2.0
2026-08-13,58.054534912109375,0.2616296097232813,0.2621998802919005,100.91468930789418,99.17698028164459,XLF,金融,value,Weakening,10.0,-1.0,-2.0
2026-08-14,57.95488739013672,0.26113363274428125,0.2618444644426941,100.82771264958811,99.27149935148431,XLF,金融,value,Weakening,10.0,-1.0,-1.0
2026-08-17,57.37693405151367,0.2608479376893144,0.26151228885823424,100.74724406531189,99.2770678792161,XLF,金融,value,Weakening,10.0,-1.0,-1.0
2026-08-18,57.636016845703125,0.26321793784971165,0.26208083852206004,100.81887182475323,99.49632151216349,XLF,金融,value,Weakening,9.0,-1.0,0.0
2026-08-19,57.277286529541016,0.2588939965699888,0.2610185578713696,100.61866489141508,99.35477528054138,XLF,金融,value,Weakening,9.0,-1.0,0.0
2026-08-20,56.7491569519043,0.25859122257166633,0.2602094461048019,100.46431398218306,99.2844297769887,XLF,金融,value,Weakening,9.0,-1.0,0.0
2026-08-21,57.277286529541016,0.25936118047993084,0.25992669089651155,100.39959652560835,99.33218256495236,XLF,金融,value,Weakening,9.0,-1.0,0.0
2026-08-24,58.014678955078125,0.2623924451845443,0.2607486089925225,100.51975472502617,99.58205008530823,XLF,金融,value,Weakening,9.0,-1.0,0.0
2026-08-25,58.1043586730957,0.2629876457673823,0.26149495458414246,100.62428499234797,99.6111948573613,XLF,金融,value,Weakening,9.0,0.0,1.0
2026-08-26,58.054534912109375,0.2623599223511137,0.2617832771731329,100.64941255342471,99.85904686356476,XLF,金融,value,Weakening,9.0,0.0,1.0
2026-08-27,57.67587661743164,0.2614255207472758,0.2616640250311806,100.60437017210344,99.95866714817818,XLF,金融,value,Weakening,9.0,0.0,1.0
2026-08-28,57.89509963989258,0.26332287503824875,0.2622169750335367,100.67769877269484,100.10187699883373,XLF,金融,value,Leading,9.0,0.0,1.0
2026-08-31,57.506473541259766,0.2631051523729346,0.2625130341466693,100.70813466680234,99.94308392321854,XLF,金融,value,Weakening,9.0,0.0,1.0
2026-09-01,56.99827575683594,0.2629373186051305,0.26265446229948974,100.7138726655197,99.76790012420862,XLF,金融,value,Weakening,9.0,0.0,0.0
2026-09-02,57.45664978027344,0.26382720080266137,0.26304537513388027,100.77527672064684,99.79237009916511,XLF,金融,value,Weakening,9.0,0.0,0.0
2026-09-03,58.353477478027344,0.2661796241171987,0.26409012479498645,100.97932298031213,100.15153746399815,XLF,金融,value,Leading,9.0,0.0,0.0
2026-09-04,57.89509963989258,0.2653549086780026,0.2645117194226585,101.0569063445286,100.16469064868784,XLF,金融,value,Leading,9.0,0.0,0.0
2026-09-08,57.09791946411133,0.2644421623773023,0.2644885337408731,101.03878257981538,100.11116081131964,XLF,金融,value,Leading,9.0,0.0,0.0
2026-09-09,56.858768463134766,0.2658987079249283,0.26495859180222486,101.13552063947694,100.27819000900715,XLF,金融,value,Leading,9.0,0.0,0.0
2026-09-10,56.669437408447266,0.2668408093638795,0.26558599765610974,101.27000031812385,100.44860308400278,XLF,金融,value,Leading,10.0,1.0,1.0
2026-09-11,57.048095703125,0.2664985385614141,0.26589017795787784,101.33233299337205,100.2577765101693,XLF,金融,value,Leading,10.0,1.0,1.0
2026-09-14,56.82887268066406,0.2653015794273395,0.2656939784476984,101.26993934293988,100.04343168326376,XLF,金融,value,Leading,9.0,0.0,0.0
2026-09-15,56.649505615234375,0.2657620433897331,0.26571666676170996,101.26891577223606,100.08928882688362,XLF,金融,value,Leading,9.0,0.0,0.0
2026-09-16,55.73275375366211,0.2635304893987922,0.26498794097407075,101.04809535308989,99.56094036676939,XLF,金融,value,Weakening,8.0,-1.0,-1.0
2026-09-17,55.68292999267578,0.26202354512041676,0.26399980902285275,100.73773524887389,98.80506744133653,XLF,金融,value,Weakening,7.0,-3.0,-4.0
2026-09-18,55.66299819946289,0.26318825260437256,0.26372929021669267,100.63375371352919,98.54371995675092,XLF,金融,value,Weakening,7.0,-3.0,-4.0
2026-09-21,55.900001525878906,0.26283620204508534,0.26343159415949025,100.51838629654924,98.48645825783414,XLF,金融,value,Weakening,7.0,-2.0,-2.0
2026-09-22,54.79999923706055,0.2575187897141709,0.26146065934438384,99.86950393152301,97.41529260564923,XLF,金融,value,Lagging,7.0,-2.0,-2.0
2026-09-23,54.540000915527344,0.25810421440378867,0.2603418443641855,99.47205537846573,97.2980280283311,XLF,金融,value,Lagging,6.0,-2.0,-1.0
2026-09-24,54.529998779296875,0.2593455731186372,0.2600097539490027,99.30496660533885,97.69035648240381,XLF,金融,value,Lagging,6.0,-1.0,2.0
2026-09-25,54.84000015258789,0.25976978823379754,0.25992976537726764,99.21163533450257,97.83177429653202,XLF,金融,value,Lagging,6.0,-1.0,2.0
2026-09-28,54.189998626708984,0.25836748930797165,0.25940900668750233,98.91948174287309,97.68511776957081,XLF,金融,value,Lagging,5.0,-2.0,0.0
2026-09-29,54.189998626708984,0.25836748930797165,0.25906183422765877,98.62620728288226,98.26071068094979,XLF,金融,value,Lagging,3.0,-4.0,-2.0
2024-09-30,131.88284301757812,0.7604962408859798,0.7604962408859798,,,XLI,資本財・サービス,value,,,,
2024-10-01,131.9510040283203,0.7649454009816377,0.7619792942511991,,,XLI,資本財・サービス,value,,,,
2024-10-02,131.7075653076172,0.7643491457511418,0.7627692447511801,,,XLI,資本財・サービス,value,,,,
2024-10-03,131.03570556640625,0.7640553685850241,0.7631979526957948,,,XLI,資本財・サービス,value,,,,
2024-10-04,131.9510040283203,0.7634032359315758,0.7632663804410551,,,XLI,資本財・サービス,value,,,,
2024-10-07,131.6296844482422,0.7675187967516537,0.764683852544588,,,XLI,資本財・サービス,value,,,,
2024-10-08,131.92178344726562,0.7674027370816504,0.7655901473902755,,,XLI,資本財・サービス,value,,,,
2024-10-09,133.10000610351562,0.7689742748189113,0.7667181898664875,,,XLI,資本財・サービス,value,,,,
2024-10-10,132.41842651367188,0.7679137419558932,0.7671167072296229,,,XLI,資本財・サービス,value,,,,
2024-10-11,134.78460693359375,0.7740321447993365,0.7694218530861942,,,XLI,資本財・サービス,value,,,,
2024-10-14,135.5927734375,0.7730013628549266,0.7706150230091051,,,XLI,資本財・サービス,value,,,,
2024-10-15,134.55087280273438,0.7705483094064919,0.7705927851415675,,,XLI,資本財・サービス,value,,,,
2024-10-16,135.5927734375,0.7712989756007546,0.7708281819612965,,,XLI,資本財・サービス,value,,,,
2024-10-17,135.20330810546875,0.7703135386150275,0.7706566341792069,,,XLI,資本財・サービス,value,,,,
2024-10-18,135.6123046875,0.7703496755165771,0.770554314624997,,,XLI,資本財・サービス,value,,,,
2024-10-21,135.13511657714844,0.774237319133732,0.7717819827945754,,,XLI,資本財・サービス,value,,,,
2024-10-22,133.49928283691406,0.7683164332871677,0.7706267996254396,,,XLI,資本財・サービス,value,,,,
2024-10-23,133.10977172851562,0.7686010471709767,0.7699515488072853,,,XLI,資本財・サービス,value,,,,
2024-10-24,132.19444274902344,0.763144978338421,0.7676826919843306,,,XLI,資本財・サービス,value,,,,
2024-10-25,131.84388732910156,0.7647536557490209,0.7667063465725608,,,XLI,資本財・サービス,value,,,,
2024-10-28,132.23338317871094,0.7626878678545265,0.7653668536665493,,,XLI,資本財・サービス,value,,,,
2024-10-29,132.05813598632812,0.7639803563691909,0.7649046879007633,,,XLI,資本財・サービス,value,,,,
2024-10-30,131.8341522216797,0.7643537898350716,0.7647210552121995,,,XLI,資本財・サービス,value,,,,
2024-10-31,130.31515502929688,0.7636900165742867,0.7643773756662287,,,XLI,資本財・サービス,value,,,,
2024-11-01,130.49038696289062,0.7642399921930044,0.764331581175154,,,XLI,資本財・サービス,value,,,,
2024-11-04,130.3443603515625,0.762477213152609,0.7637134585009724,,,XLI,資本財・サービス,value,,,,
2024-11-05,132.52552795410156,0.766298119430621,0.7645750121441887,,,XLI,資本財・サービス,value,,,,
2024-11-06,137.71551513671875,0.7778915388348732,0.7690138543744168,,,XLI,資本財・サービス,value,,,,
2024-11-07,136.88784790039062,0.7724562411543117,0.7701613166343818,,,XLI,資本財・サービス,value,,,,
2024-11-08,138.3582000732422,0.7764276039537561,0.7722500790741733,,,XLI,資本財・サービス,value,,,,
2024-11-11,139.42930603027344,0.7785478171896142,0.7743493251126536,,,XLI,資本財・サービス,value,,,,
2024-11-12,138.2316131591797,0.7777874414136116,0.7754953638796397,,,XLI,資本財・サービス,value,,,,
2024-11-13,138.52371215820312,0.7790066892209272,0.7766658056600688,,,XLI,資本財・サービス,value,,,,
2024-11-14,136.186767578125,0.7720422043307231,0.7751246052169537,,,XLI,資本財・サービス,value,,,,
2024-11-15,135.45645141601562,0.7734192115514613,0.7745561406617896,,,XLI,資本財・サービス,value,,,,
2024-11-18,135.2714385986328,0.769259317686697,0.7727905330034255,,,XLI,資本財・サービス,value,,,,
2024-11-19,135.1546173095703,0.7706736915851502,0.7720849191973338,,,XLI,資本財・サービス,value,,,,
2024-11-20,135.30067443847656,0.7689176905964492,0.7710291763303723,,,XLI,資本財・サービス,value,,,,
2024-11-21,136.99497985839844,0.7688611385745403,0.7703064970784284,,,XLI,資本財・サービス,value,,,,
2024-11-22,138.90350341796875,0.7734796302223605,0.7713642081264058,,,XLI,資本財・サービス,value,,,,
2024-11-25,139.77012634277344,0.7713210433038162,0.7713498198522093,,,XLI,資本財・サービス,value,,,,
2024-11-26,139.93565368652344,0.772151995720119,0.7716172118081793,,,XLI,資本財・サービス,value,,,,
2024-11-27,139.4195556640625,0.7700445019479927,0.7710929751881173,,,XLI,資本財・サービス,value,,,,
2024-11-29,140.20831298828125,0.77204830971291,0.7714114200297149,,,XLI,資本財・サービス,value,,,,
2024-12-02,139.17613220214844,0.7682893793658803,0.7703707398084367,,,XLI,資本財・サービス,value,,,,
2024-12-03,138.2997589111328,0.7668525020942549,0.7691979939037096,,,XLI,資本財・サービス,value,,,,
2024-12-04,138.90350341796875,0.770158802031223,0.7695182632795474,,,XLI,資本財・サービス,value,,,,
2024-12-05,137.21890258789062,0.7646348542485643,0.7678904602692198,,,XLI,資本財・サービス,value,,,,
2024-12-06,136.86837768554688,0.7635463673772569,0.7664424293052322,,,XLI,資本財・サービス,value,,,,
2024-12-09,135.68043518066406,0.7600383371791317,0.7643077319298655,,,XLI,資本財・サービス,value,,,,
2024-12-10,135.34934997558594,0.762857673856673,0.7638243792388014,,,XLI,資本財・サービス,value,,,,
2024-12-11,135.03773498535156,0.7603963174471373,0.7626816919749134,,,XLI,資本財・サービス,value,,,,
2024-12-12,134.17111206054688,0.7582853287816288,0.7612162375771518,,,XLI,資本財・サービス,value,,,,
2024-12-13,133.82058715820312,0.7589615199885767,0.7604646650476269,,,XLI,資本財・サービス,value,,,,
2024-12-16,133.93743896484375,0.762134627526897,0.7610213192073836,,,XLI,資本財・サービス,value,,,,
2024-12-17,132.71051025390625,0.76114804644891,0.7610635616212258,,,XLI,資本財・サービス,value,,,,
2024-12-18,128.96165466308594,0.7622000622628843,0.7614423951684454,,,XLI,資本財・サービス,value,,,,
2024-12-19,128.79611206054688,0.763755970362499,0.7622135868997966,,,XLI,資本財・サービス,value,,,,
2024-12-20,130.305419921875,0.7620335992038875,0.7621535910011603,,,XLI,資本財・サービス,value,,,,
2024-12-23,130.2760467529297,0.7608245748829905,0.7617105856284371,,,XLI,資本財・サービス,value,,,,
2024-12-24,131.2938232421875,0.7610265405387142,0.7614825705985295,,,XLI,資本財・サービス,value,,,,
2024-12-26,131.3916778564453,0.7603523787179375,0.7611058399716656,,,XLI,資本財・サービス,value,,,,
2024-12-27,130.41305541992188,0.7598573414350406,0.7606896737927906,98.54582628290659,,XLI,資本財・サービス,value,,4.0,,
2024-12-30,129.10166931152344,0.7598715275005494,0.7604169583620436,98.48629149061722,,XLI,資本財・サービス,value,,4.0,,
2024-12-31,128.94508361816406,0.7575639676687173,0.7594659614642681,98.30618448457416,,XLI,資本財・サービス,value,,2.0,,
2025-01-02,128.49493408203125,0.7571229514136574,0.7586849581140647,98.1860128924355,,XLI,資本財・サービス,value,,1.0,,
2025-01-03,129.8845672607422,0.7583661030612024,0.7585786730964439,98.21655037821043,,XLI,資本財・サービス,value,,2.0,,
2025-01-06,129.6007843017578,0.7572245100427998,0.7581272854118959,98.18052762362039,,XLI,資本財・サービス,value,,1.0,-3.0,
2025-01-07,129.47357177734375,0.7590229001788429,0.758425823667545,98.300723702832,,XLI,資本財・サービス,value,,1.0,-3.0,
2025-01-08,129.98243713378906,0.7610958026806098,0.7593158166719,98.52557492242042,,XLI,資本財・サービス,value,,3.0,1.0,
2025-01-10,128.5242919921875,0.7637214001207198,0.7607843444881732,98.84666269494952,,XLI,資本財・サービス,value,,3.0,2.0,
2025-01-13,130.03138732910156,0.7663954281779793,0.7626547057181087,99.22918054031805,,XLI,資本財・サービス,value,,4.0,2.0,
2025-01-14,131.5678253173828,0.7692414543239443,0.7648502885867206,99.66911950225591,,XLI,資本財・サービス,value,,5.0,4.0,7.0
2025-01-15,132.39968872070312,0.7667459072904143,0.7654821614879519,99.80692152425532,,XLI,資本財・サービス,value,,6.0,5.0,8.0
2025-01-16,134.00462341308594,0.7699764889649989,0.7669802706469676,100.11148099415206,,XLI,資本財・サービス,value,,6.0,3.0,2.0
2025-01-17,134.80712890625,0.7708445906240514,0.7682683773059955,100.37440488202627,,XLI,資本財・サービス,value,,7.0,4.0,2.0
2025-01-21,137.57666015625,0.7776537399894446,0.771396831533812,100.98766269394962,,XLI,資本財・サービス,value,,9.0,5.0,3.0
2025-01-22,137.2537384033203,0.7785642420635457,0.7737859683770566,101.43168208151897,,XLI,資本財・サービス,value,,11.0,6.0,2.0
2025-01-23,138.64340209960938,0.7827380126810992,0.7767699831450708,101.95152669536415,,XLI,資本財・サービス,value,,11.0,5.0,0.0
2025-01-24,138.0561981201172,0.7801073068299874,0.7778824243733764,102.07481572479955,,XLI,資本財・サービス,value,,11.0,5.0,2.0
2025-01-27,136.2065887451172,0.7691492104326223,0.7749713530597917,101.49965676073629,,XLI,資本財・サービス,value,,10.0,3.0,-1.0
2025-01-28,135.30624389648438,0.76785560892751,0.7725994383490311,101.04573553653616,,XLI,資本財・サービス,value,,10.0,1.0,-4.0
2025-01-29,134.8462677001953,0.7677847158341173,0.77099453084406,100.74136979373431,,XLI,資本財・サービス,value,,9.0,-2.0,-8.0
2025-01-30,136.35336303710938,0.7681662351202002,0.7700517656027734,100.55808759797829,,XLI,資本財・サービス,value,,7.0,-4.0,-9.0
2025-01-31,135.39430236816406,0.7690761094211119,0.769726546875553,100.48585141682452,,XLI,資本財・サービス,value,,7.0,-4.0,-9.0
2025-02-03,134.05355834960938,0.7656425457618524,0.7683652131709862,100.23259741253173,,XLI,資本財・サービス,value,,7.0,-3.0,-6.0
2025-02-04,134.09271240234375,0.7649325445072552,0.7672209902830759,100.02001635016728,,XLI,資本財・サービス,value,,7.0,-3.0,-4.0
2025-02-05,134.19056701660156,0.7617762527780586,0.7654060777814035,99.6915142599768,,XLI,資本財・サービス,value,,5.0,-4.0,-2.0
2025-02-06,134.79733276367188,0.7662347924249764,0.7656823159959278,99.73478494511909,,XLI,資本財・サービス,value,,5.0,-2.0,2.0
2025-02-07,134.3961181640625,0.7677268582596597,0.7663638300838386,99.85196736010754,,XLI,資本財・サービス,value,,6.0,-1.0,3.0
2025-02-10,135.5998077392578,0.7724169851147521,0.7683815484274765,100.21720511094448,,XLI,資本財・サービス,value,,6.0,-1.0,2.0
2025-02-11,135.64874267578125,0.7726102458064669,0.7697911142204733,100.4724621069754,,XLI,資本財・サービス,value,,7.0,0.0,3.0
2025-02-12,134.80712890625,0.7723029992356275,0.7706284092255248,100.63032566651104,,XLI,資本財・サービス,value,,7.0,2.0,6.0
2025-02-13,134.94410705566406,0.7664343798675646,0.7692303994395382,100.39716839022188,,XLI,資本財・サービス,value,,6.0,1.0,3.0
2025-02-14,134.6114044189453,0.7653046963749952,0.7679218317513573,100.18297059601586,,XLI,資本財・サービス,value,,3.0,-3.0,-2.0
2025-02-18,135.66831970214844,0.7654378986656171,0.7670938540561106,100.05821955674705,,XLI,資本財・サービス,value,,3.0,-3.0,-2.0
2025-02-19,135.8053436279297,0.7646605037710921,0.7662827372944379,99.92779479571551,,XLI,資本財・サービス,value,,2.0,-5.0,-5.0
2025-02-20,134.91476440429688,0.7615618981239792,0.7647091242376184,99.6427925775185,,XLI,資本財・サービス,value,,2.0,-5.0,-7.0
2025-02-21,131.9593048095703,0.7554835352857487,0.7616339279203286,99.05737416165901,,XLI,資本財・サービス,value,,1.0,-5.0,-6.0
2025-02-24,131.3623046875,0.751438860663612,0.7582355721680898,98.43239108397061,,XLI,資本財・サービス,value,,1.0,-2.0,1.0
2025-02-25,132.03756713867188,0.7545469638715838,0.7570060360692545,98.26210426041678,,XLI,資本財・サービス,value,,1.0,-2.0,1.0
2025-02-26,132.11587524414062,0.7565902335426792,0.7568674352270628,98.30720344592079,,XLI,資本財・サービス,value,,1.0,-1.0,4.0
2025-02-27,131.65591430664062,0.76059890207633,0.7581112575101518,98.59619890191608,,XLI,資本財・サービス,value,,2.0,0.0,5.0
2025-02-28,133.41746520996094,0.7623054882979988,0.7595093344394342,98.89898234476593,,XLI,資本財・サービス,value,,3.0,2.0,7.0
2025-03-03,131.51890563964844,0.7595516056094859,0.7595234248294516,98.93534171563174,,XLI,資本財・サービス,value,,3.0,2.0,4.0
2025-03-04,128.95486450195312,0.756973434050712,0.758673427903205,98.81083494408453,,XLI,資本財・サービス,value,,3.0,2.0,4.0
2025-03-05,130.99044799804688,0.7618418372757684,0.7597295643607263,99.04370131714442,,XLI,資本財・サービス,value,,3.0,2.0,3.0
2025-03-06,129.86500549316406,0.7637530976758962,0.7610707421324496,99.32663526094828,,XLI,資本財・サービス,value,,3.0,1.0,1.0
2025-03-07,131.38189697265625,0.7655023388945517,0.7625479410531504,99.63169040528872,,XLI,資本財・サービス,value,,3.0,0.0,-2.0
2025-03-10,129.32676696777344,0.7642989090859904,0.7631315970640971,99.76355855733847,,XLI,資本財・サービス,value,,3.0,0.0,-2.0
2025-03-11,127.3401107788086,0.7627159903038275,0.7629930614773406,99.75072860985664,,XLI,資本財・サービス,value,,3.0,0.0,-2.0
2025-03-12,127.33033752441406,0.7662685304066804,0.7640848844537872,99.97352297136551,,XLI,資本財・サービス,value,,4.0,1.0,-1.0
2025-03-13,126.02877044677734,0.7657771810602065,0.7646489833225937,100.08393138444234,,XLI,資本財・サービス,value,,4.0,1.0,0.0
2025-03-14,128.3285675048828,0.7651640739927639,0.7648206802126505,100.11473044652904,,XLI,資本財・サービス,value,,4.0,1.0,1.0
2025-03-17,130.0998992919922,0.7653967815949148,0.7650127140067386,100.14545434533116,,XLI,資本財・サービス,value,,5.0,2.0,2.0
2025-03-18,129.06251525878906,0.7632629400198724,0.7644294560111167,100.02010309570599,,XLI,資本財・サービス,value,,4.0,1.0,1.0
2025-03-19,130.775146484375,0.7677023409399985,0.7655204176540773,100.22153118536643,,XLI,資本財・サービス,value,,4.0,0.0,-1.0
2025-03-20,130.1194610595703,0.7670461490995819,0.7660289948025789,100.30792031251659,,XLI,資本財・サービス,value,,4.0,0.0,-1.0
2025-03-21,129.42465209960938,0.7664614178748351,0.7661731358266644,100.32147874066547,,XLI,資本財・サービス,value,,4.0,0.0,-1.0
2025-03-24,131.82473754882812,0.7687619434066612,0.7670360716866633,100.47726345131615,,XLI,資本財・サービス,value,,4.0,-1.0,-3.0
2025-03-25,132.0210723876953,0.7717516995759177,0.7686079476497482,100.77008129740223,,XLI,資本財・サービス,value,,5.0,1.0,0.0
2025-03-26,131.14739990234375,0.7680907874067398,0.7684355609020788,100.7142322445425,,XLI,資本財・サービス,value,,5.0,1.0,1.0
2025-03-27,130.450439453125,0.7659793083804992,0.7676168100615522,100.53250110479871,,XLI,資本財・サービス,value,,4.0,0.0,0.0
2025-03-28,127.76073455810547,0.7619319642463083,0.7657218614564709,100.14082577530559,,XLI,資本財・サービス,value,,4.0,0.0,0.0
2025-03-31,128.66387939453125,0.7609840746057368,0.764142599172893,99.81340163063194,,XLI,資本財・サービス,value,,4.0,0.0,1.0
2025-04-01,129.39027404785156,0.7644858839077369,0.7642570274178411,99.82397182834006,,XLI,資本財・サービス,value,,4.0,-1.0,-2.0
2025-04-02,130.60751342773438,0.7652788551323743,0.7645976366560189,99.8787080997666,,XLI,資本財・サービス,value,,4.0,-1.0,-2.0
2025-04-03,123.5396728515625,0.7600741345601222,0.7630898026240533,99.5545057159336,,XLI,資本財・サービス,value,,4.0,0.0,0.0
2025-04-04,115.77489471435547,0.7546734526128923,0.760284352620333,98.9637530690255,,XLI,資本財・サービス,value,,3.0,-1.0,-1.0
2025-04-07,115.23499298095703,0.7574671345579187,0.7593452799328616,98.76202436651751,98.87716572737037,XLI,資本財・サービス,value,Lagging,2.0,-2.0,-2.0
2025-04-08,114.28279113769531,0.7656498126264942,0.7614467908307392,99.17833342248181,99.28496069779915,XLI,資本財・サービス,value,Lagging,3.0,-1.0,0.0
2025-04-09,124.43297576904297,0.7719204642177769,0.7649380152930851,99.89164399394934,99.93188249812754,XLI,資本財・サービス,value,Lagging,4.0,0.0,1.0
2025-04-10,121.2229995727539,0.7782052069463435,0.769360412510838,100.81488626672015,101.13551743578435,XLI,資本財・サービス,value,Leading,6.0,2.0,2.0
2025-04-11,123.36298370361328,0.7801142625230099,0.772945029181562,101.53378124528163,102.28688554895228,XLI,資本財・サービス,value,Leading,9.0,6.0,7.0
2025-04-14,124.64894104003906,0.7783025006883634,0.7747308530171625,101.83033123779579,102.58429579143068,XLI,資本財・サービス,value,Leading,9.0,7.0,9.0
2025-04-15,124.0304946899414,0.7769505889261974,0.7754707649868409,101.89269064715312,102.18732431072328,XLI,資本財・サービス,value,Leading,9.0,6.0,7.0
2025-04-16,122.33226013183594,0.7762792703572262,0.7757402667769694,101.85960809997437,101.5235223415517,XLI,資本財・サービス,value,Leading,9.0,5.0,5.0
2025-04-17,122.99978637695312,0.7747571229205993,0.7754125521581794,101.72508911811428,100.63266080002082,XLI,資本財・サービス,value,Leading,9.0,3.0,1.0
2025-04-21,120.24134826660156,0.7729202675983922,0.7745817906382504,101.51791759640962,99.85264323504597,XLI,資本財・サービス,value,Weakening,8.0,-1.0,-7.0
2025-04-22,122.34207153320312,0.7674999985641341,0.7722211932802117,101.06655440398637,99.22586587085684,XLI,資本財・サービス,value,Weakening,6.0,-3.0,-10.0
2025-04-23,123.87344360351562,0.7696610481069797,0.7713678115558011,100.92060749121175,99.07048184435614,XLI,資本財・サービス,value,Weakening,7.0,-2.0,-8.0
2025-04-24,126.65149688720703,0.7738293129520482,0.7721883120212168,101.11451663296235,99.29672381177525,XLI,資本財・サービス,value,Weakening,7.0,-2.0,-7.0
2025-04-25,126.64166259765625,0.7748781373619038,0.7730849204681125,101.33956577752733,99.65100918784572,XLI,資本財・サービス,value,Weakening,10.0,1.0,-2.0
2025-04-28,127.06378936767578,0.7752849320815318,0.7738182576725856,101.4986342132094,100.01188951684738,XLI,資本財・サービス,value,Leading,11.0,3.0,4.0
2025-04-29,127.88836669921875,0.7757885396856485,0.7744750183436067,101.61058206986215,100.53703034452663,XLI,資本財・サービス,value,Leading,11.0,5.0,8.0
2025-04-30,128.81112670898438,0.7802774193268114,0.776409152004675,101.93068114915249,100.94808680164893,XLI,資本財・サービス,value,Leading,11.0,4.0,6.0
2025-05-01,129.782958984375,0.7872347633118844,0.7800176891070781,102.47685139656363,101.2404676629245,XLI,資本財・サービス,value,Leading,11.0,4.0,6.0
2025-05-02,132.10943603515625,0.7874540318082197,0.7824964700074588,102.72351594284206,101.2254109205381,XLI,資本財・サービス,value,Leading,11.0,1.0,0.0
2025-05-05,132.17813110351562,0.7904847544872541,0.785159231500724,102.91506538247242,101.21772752145303,XLI,資本財・サービス,value,Leading,11.0,0.0,-3.0
2025-05-06,131.01979064941406,0.7894092903307185,0.7865759177773889,102.87671466525568,101.04133530946542,XLI,資本財・サービス,value,Leading,11.0,0.0,-5.0
2025-05-07,131.6873016357422,0.7882396169215627,0.7871304841587803,102.72720811550596,100.57102574999593,XLI,資本財・サービス,value,Leading,11.0,0.0,-4.0
2025-05-08,133.50335693359375,0.7924433593864985,0.7889014425680196,102.74059781170499,100.0430009441242,XLI,資本財・サービス,value,Leading,11.0,0.0,-4.0
2025-05-09,133.611328125,0.7932679659455671,0.7903569503605355,102.70517141049842,99.7591482403084,XLI,資本財・サービス,value,Weakening,11.0,0.0,-1.0
2025-05-12,137.7244110107422,0.7958737409925405,0.7921958805712039,102.70715967822758,99.57803955466582,XLI,資本財・サービス,value,Weakening,11.0,0.0,0.0
2025-05-13,138.68641662597656,0.7996288203940275,0.7946735271788119,102.75915031705394,99.67483349735653,XLI,資本財・サービス,value,Weakening,11.0,0.0,0.0
2025-05-14,138.0189208984375,0.8006009546980034,0.7966493363518758,102.74290568087433,99.81790416999974,XLI,資本財・サービス,value,Weakening,11.0,0.0,0.0
2025-05-15,139.55027770996094,0.8021719311436202,0.7984902012824573,102.70466109150598,99.77806775889644,XLI,資本財・サービス,value,Weakening,11.0,0.0,0.0
2025-05-16,141.14051818847656,0.8034249629677627,0.8001351218442259,102.64737316794655,99.76281501687656,XLI,資本財・サービス,value,Weakening,11.0,0.0,0.0
2025-05-19,141.62155151367188,0.8062527542719067,0.8021743326534528,102.62149265820969,99.73437272617878,XLI,資本財・サービス,value,Weakening,11.0,0.0,0.0
2025-05-20,141.11106872558594,0.8054499542354764,0.8032662065141274,102.5248564990332,99.58322454060992,XLI,資本財・サービス,value,Weakening,11.0,0.0,0.0
2025-05-21,138.72569274902344,0.8094670007509239,0.8053331379263929,102.50616643571337,99.56504629138904,XLI,資本財・サービス,value,Weakening,11.0,0.0,0.0
2025-05-22,138.69622802734375,0.8118842992908246,0.8075168583812036,102.49406093732502,99.56546134966561,XLI,資本財・サービス,value,Weakening,11.0,0.0,0.0
2025-05-23,138.24468994140625,0.8124906117468693,0.8091747761697589,102.45052538857372,99.5401565359256,XLI,資本財・サービス,value,Weakening,11.0,0.0,0.0
2025-05-27,140.67913818359375,0.8116664549363493,0.8100053357586223,102.36231556211705,99.43008053104757,XLI,資本財・サービス,value,Weakening,11.0,0.0,0.0
2025-05-28,139.98219299316406,0.8145718026925993,0.8115274914032814,102.32511066202827,99.45216198870526,XLI,資本財・サービス,value,Weakening,11.0,0.0,0.0
2025-05-29,140.1098175048828,0.8133281935483356,0.8121277254516329,102.23583894082155,99.35020861992295,XLI,資本財・サービス,value,Weakening,11.0,0.0,0.0
2025-05-30,140.19815063476562,0.8141638229792393,0.8128064246275017,102.15904399863207,99.28174328055592,XLI,資本財・サービス,value,Weakening,11.0,0.0,0.0
2025-06-02,140.02145385742188,0.8124930495200008,0.8127019662583348,102.04775912928676,99.22509306866107,XLI,資本財・サービス,value,Weakening,10.0,-1.0,-1.0
2025-06-03,141.1012725830078,0.8119986702038915,0.812467534240187,101.94244792562172,99.22643038127647,XLI,資本財・サービス,value,Weakening,11.0,0.0,0.0
2025-06-04,141.17979431152344,0.8142800629256004,0.8130717104686582,101.89079360517064,99.23307406711928,XLI,資本財・サービス,value,Weakening,10.0,-1.0,-1.0
2025-06-05,141.0816192626953,0.8159183736142247,0.8140205981838471,101.86019256424883,99.31904904268403,XLI,資本財・サービス,value,Weakening,9.0,-2.0,-2.0
2025-06-06,142.2694091796875,0.8157427928022118,0.8145946630566354,101.8113058769934,99.369669638294,XLI,資本財・サービス,value,Weakening,9.0,-2.0,-2.0
2025-06-09,142.14183044433594,0.8148745414836122,0.8146879558656277,101.7416587765298,99.43534011571685,XLI,資本財・サービス,value,Weakening,9.0,-1.0,0.0
2025-06-10,141.52337646484375,0.8073087179365767,0.8122282098892775,101.54956089293212,99.36086064023169,XLI,資本財・サービス,value,Weakening,9.0,-2.0,-2.0
2025-06-11,141.5920867919922,0.8100006686444343,0.8114856961409964,101.45645854866466,99.33734659073228,XLI,資本財・サービス,value,Weakening,9.0,-1.0,0.0
2025-06-12,141.2190704345703,0.8059767067126633,0.809649366331552,101.31393817615681,99.23619209478166,XLI,資本財・サービス,value,Weakening,9.0,0.0,2.0
2025-06-13,140.03126525878906,0.808976261356477,0.8094249980065271,101.25964414903346,99.25104465718516,XLI,資本財・サービス,value,Weakening,9.0,0.0,2.0
2025-06-16,140.9932861328125,0.8067552710727661,0.8085350890286068,101.17445097583114,99.25342504546079,XLI,資本財・サービス,value,Weakening,9.0,0.0,1.0
2025-06-17,139.93313598632812,0.808454968278133,0.8085083821117822,101.1363738735001,99.43752568133203,XLI,資本財・サービス,value,Weakening,9.0,0.0,2.0
2025-06-18,139.599365234375,0.8064357009906639,0.8078174884047429,101.06601715412671,99.47496420318485,XLI,資本財・サービス,value,Weakening,9.0,0.0,1.0
2025-06-20,139.75640869140625,0.8060249579654301,0.8072199782583054,101.0026268014123,99.57226065123548,XLI,資本財・サービス,value,Weakening,9.0,0.0,0.0
2025-06-23,141.6488800048828,0.8097903927959709,0.808076783104194,101.01516156236667,99.65411800997563,XLI,資本財・サービス,value,Weakening,9.0,0.0,0.0
2025-06-24,142.83041381835938,0.808886284162478,0.8083466167902886,100.99745940008569,99.73733279066829,XLI,資本財・サービス,value,Weakening,9.0,0.0,0.0
2025-06-25,141.57008361816406,0.8075752957227117,0.808089509767763,100.95321603138308,99.74579024631903,XLI,資本財・サービス,value,Weakening,9.0,0.0,0.0
2025-06-26,143.1061248779297,0.8102228902709269,0.808800636602151,100.9600056730935,99.84137465518971,XLI,資本財・サービス,value,Weakening,9.0,0.0,0.0
2025-06-27,144.53384399414062,0.815320415086359,0.810973896096887,101.04231581743474,100.00612123920912,XLI,資本財・サービス,value,Leading,9.0,0.0,0.0
2025-06-30,145.25262451171875,0.8155428938793478,0.8124968953577072,101.09001102988353,100.04062778739777,XLI,資本財・サービス,value,Leading,9.0,0.0,0.0
2025-07-01,145.735107421875,0.808773086082558,0.8112556255993242,100.99401898181999,99.9418664801133,XLI,資本財・サービス,value,Weakening,9.0,0.0,0.0
2025-07-02,145.88278198242188,0.8077474551779882,0.8100862354588789,100.90337285281228,99.87300738837102,XLI,資本財・サービス,value,Weakening,9.0,0.0,0.0
2025-07-03,147.1234130859375,0.8107017323773178,0.8102914010983586,100.88776951757248,99.83277814800046,XLI,資本財・サービス,value,Weakening,9.0,0.0,0.0
2025-07-07,146.61138916015625,0.8143889745893441,0.8116572589286872,100.93765962658381,99.77770034135193,XLI,資本財・サービス,value,Weakening,9.0,0.0,0.0
2025-07-08,146.57200622558594,0.8121366698732522,0.8118170625768756,100.92396934667936,99.6834977778832,XLI,資本財・サービス,value,Weakening,9.0,0.0,0.0
2025-07-09,147.5960235595703,0.8153753999703449,0.8130031750413654,100.97272517273132,99.8309462624604,XLI,資本財・サービス,value,Weakening,8.0,-1.0,-1.0
2025-07-10,148.42312622070312,0.8152221611714858,0.8137428370847389,100.99665749314036,99.95255044159678,XLI,資本財・サービス,value,Weakening,9.0,0.0,0.0
2025-07-11,147.89141845703125,0.818292057852287,0.815259244007255,101.06733836825013,100.05238728692942,XLI,資本財・サービス,value,Leading,9.0,0.0,0.0
2025-07-14,148.68896484375,0.8218581919133272,0.8174588933092791,101.17803876115786,100.14646071139273,XLI,資本財・サービス,value,Leading,10.0,1.0,1.0
2025-07-15,147.57632446289062,0.8271786329193518,0.8206988065126367,101.34954070628149,100.44478604884408,XLI,資本財・サービス,value,Leading,10.0,1.0,1.0
2025-07-16,148.09820556640625,0.8268790444024227,0.8227588858092321,101.44113148480743,100.63819092387412,XLI,資本財・サービス,value,Leading,10.0,2.0,3.0
2025-07-17,149.46682739257812,0.8277718454789967,0.8244298723658203,101.50513173943429,100.87037342412404,XLI,資本財・サービス,value,Leading,10.0,1.0,1.0
2025-07-18,149.13204956054688,0.8262317072882066,0.8250304840066158,101.50072278486255,100.86406657401993,XLI,資本財・サービス,value,Leading,10.0,1.0,1.0
2025-07-21,148.34434509277344,0.8246885159738683,0.8249164946623666,101.45394400333439,100.59410971018245,XLI,資本財・サービス,value,Leading,10.0,0.0,-1.0
2025-07-22,148.69882202148438,0.8162530507534476,0.8220286800260603,101.23354307772077,99.82416688982165,XLI,資本財・サービス,value,Weakening,10.0,0.0,-1.0
2025-07-23,151.36717224121094,0.8240735671813998,0.8227103090778403,101.25723317045889,99.66657298136226,XLI,資本財・サービス,value,Weakening,10.0,0.0,-2.0
2025-07-24,151.1111602783203,0.8253217186943324,0.8235807789500044,101.3003229525465,99.58821447428305,XLI,資本財・サービス,value,Weakening,11.0,1.0,0.0
2025-07-25,152.60780334472656,0.829500022725335,0.8255538602084479,101.42528057316109,99.83024559861813,XLI,資本財・サービス,value,Weakening,11.0,1.0,0.0
2025-07-28,152.1351776123047,0.8318496392837587,0.8276524532335516,101.56447872482968,100.20637911481539,XLI,資本財・サービス,value,Leading,11.0,1.0,1.0
2025-07-29,150.4022216796875,0.8227708310830472,0.8260252458500502,101.43166098630748,100.38402742623204,XLI,資本財・サービス,value,Leading,11.0,1.0,1.0
2025-07-30,149.66375732421875,0.824076802317546,0.8253757646725488,101.3773622718504,100.23566316661689,XLI,資本財・サービス,value,Leading,10.0,0.0,0.0
2025-07-31,149.67359924316406,0.831715718827605,0.8274890827242343,101.54991922187612,100.55777927285607,XLI,資本財・サービス,value,Leading,11.0,0.0,-1.0
2025-08-01,147.43850708007812,0.8286365970922814,0.8278715875135834,101.57278348412191,100.4054772690282,XLI,資本財・サービス,value,Leading,11.0,0.0,-1.0
2025-08-04,148.79727172851562,0.826171206823019,0.827304793950062,101.50979410840648,99.97272731489815,XLI,資本財・サービス,value,Weakening,10.0,-1.0,-2.0
2025-08-05,148.49203491210938,0.8267707725267304,0.8271267868089515,101.47718549736767,100.3418926864924,XLI,資本財・サービス,value,Leading,10.0,-1.0,-2.0
2025-08-06,148.6101837158203,0.829283932927512,0.8278458355151384,101.52900787891357,100.8402079225212,XLI,資本財・サービス,value,Leading,10.0,0.0,0.0
2025-08-07,148.3936004638672,0.8285737167813236,0.8280884626038668,101.53995079292172,100.33752448187296,XLI,資本財・サービス,value,Leading,9.0,-2.0,-2.0
2025-08-08,148.5117645263672,0.8277388405323557,0.8279719219133632,101.51411053224821,100.17059098961553,XLI,資本財・サービス,value,Leading,9.0,-2.0,-2.0
2025-08-11,148.02928161621094,0.8273089954962654,0.8277509464409973,101.4773247635476,100.27521581430966,XLI,資本財・サービス,value,Leading,7.0,-3.0,-2.0
2025-08-12,149.56527709960938,0.825405163385324,0.826969018755773,101.3777358216749,100.00335849146495,XLI,資本財・サービス,value,Leading,7.0,-3.0,-2.0
2025-08-13,150.1363983154297,0.8168934791497593,0.8236105055537685,100.98127393674285,98.29593064435666,XLI,資本財・サービス,value,Weakening,7.0,-3.0,-3.0
2025-08-14,148.80715942382812,0.8149627095511633,0.8207279068862335,100.62153154001172,97.1298082206793,XLI,資本財・サービス,value,Weakening,7.0,-2.0,0.0
2025-08-15,148.1277313232422,0.8132494234068786,0.8182350790597819,100.29061981794216,96.50735565284427,XLI,資本財・サービス,value,Weakening,7.0,-2.0,0.0
2025-08-18,148.7086639404297,0.8166146013049047,0.8176949198081562,100.19371919342022,96.7111297241261,XLI,資本財・サービス,value,Weakening,7.0,0.0,3.0
2025-08-19,149.03358459472656,0.8145850197752604,0.8166582864638576,100.02944875843929,96.86642755547454,XLI,資本財・サービス,value,Weakening,7.0,0.0,3.0
2025-08-20,148.895751953125,0.8145734543252264,0.8159633424176473,99.90684710999778,97.73781784132215,XLI,資本財・サービス,value,Lagging,7.0,0.0,3.0
2025-08-21,148.36404418945312,0.8145031562964212,0.815476613710572,99.81402356605312,98.47631527011677,XLI,資本財・サービス,value,Lagging,7.0,0.0,2.0
2025-08-22,150.78622436523438,0.8119863626025303,0.8143131966745581,99.63075765725307,98.87799401651647,XLI,資本財・サービス,value,Lagging,6.0,-1.0,1.0
2025-08-25,149.27975463867188,0.8100727187636468,0.8128997040375877,99.417092704231,98.63132124173715,XLI,資本財・サービス,value,Lagging,6.0,-1.0,-1.0
2025-08-26,150.81578063964844,0.8178426379117021,0.8145473486622925,99.64026043231877,99.58793698555382,XLI,資本財・サービス,value,Lagging,7.0,0.0,0.0
2025-08-27,150.7960662841797,0.8147912257282384,0.8146286410176079,99.64340405455623,99.89867177398706,XLI,資本財・サービス,value,Lagging,4.0,-3.0,-3.0
2025-08-28,151.0619354248047,0.8166170097284706,0.8152914305878955,99.73118700515859,100.3338184649271,XLI,資本財・サービス,value,Improving,5.0,-2.0,-2.0
2025-08-29,149.67359924316406,0.8097125296150703,0.8134317969302872,99.45881731406436,100.10930035001053,XLI,資本財・サービス,value,Improving,4.0,-2.0,-1.0
2025-09-02,148.2458953857422,0.8083744775655317,0.8117460238087021,99.21689730217928,100.03223193202128,XLI,資本財・サービス,value,Improving,3.0,-3.0,-2.0
2025-09-03,147.49757385253906,0.8055424118902661,0.8096781531692234,98.9289383424934,98.80069290159655,XLI,資本財・サービス,value,Lagging,3.0,-4.0,-4.0
2025-09-04,149.16159057617188,0.8086573858342545,0.8093378973909005,98.89643136379196,98.73992046020413,XLI,資本財・サービス,value,Lagging,3.0,-1.0,2.0
2025-09-05,148.6101837158203,0.8047274525830258,0.8078010824549423,98.7062492835593,98.14854384898923,XLI,資本財・サービス,value,Lagging,2.0,-3.0,-1.0
2025-09-08,148.94497680664062,0.8071829027617148,0.8075950225572,98.70959556252733,98.82117408177783,XLI,資本財・サービス,value,Lagging,3.0,-1.0,1.0
2025-09-09,147.94064331054688,0.8042173091930287,0.8064691181024762,98.59273309818465,99.12744883700452,XLI,資本財・サービス,value,Lagging,2.0,-1.0,2.0
2025-09-10,149.03358459472656,0.8109795117565507,0.8079725826538344,98.81905618861815,100.29956084261829,XLI,資本財・サービス,value,Improving,2.0,-1.0,3.0
2025-09-11,150.4514617919922,0.8066080263494484,0.8075177305523724,98.77586792423388,100.26382643612713,XLI,資本財・サービス,value,Improving,2.0,-1.0,0.0
2025-09-12,149.25021362304688,0.8059691038895269,0.8070015216647572,98.71987823230852,100.55322605407561,XLI,資本財・サービス,value,Improving,2.0,0.0,3.0
2025-09-15,149.93943786621094,0.8111074920395099,0.8083701784563415,98.90878937764194,100.95095189629129,XLI,資本財・サービス,value,Improving,2.0,-1.0,0.0
2025-09-16,149.49636840820312,0.8108601061449916,0.8092001543525582,99.01730486060715,101.41688829487461,XLI,資本財・サービス,value,Improving,2.0,0.0,1.0
2025-09-17,148.8169708251953,0.806403573656898,0.8082679607873382,98.89316102113801,100.6018669345293,XLI,資本財・サービス,value,Improving,2.0,0.0,1.0
2025-09-18,150.4022216796875,0.8097048657818048,0.8087469291188272,98.95318203312786,100.8127554722452,XLI,資本財・サービス,value,Improving,3.0,1.0,2.0
2025-09-19,150.76654052734375,0.8130817418776469,0.8101918667051005,99.13544460350828,101.30795631375516,XLI,資本財・サービス,value,Improving,4.0,2.0,2.0
2025-09-22,151.2707977294922,0.8154117418110353,0.8119318250737455,99.35814539857891,101.33898990017238,XLI,資本財・サービス,value,Improving,4.0,2.0,3.0
2025-09-23,151.31033325195312,0.8146307116328861,0.8128314539267925,99.46690588669998,101.29930924972058,XLI,資本財・サービス,value,Improving,4.0,2.0,2.0
2025-09-24,150.52926635742188,0.8123195816059513,0.8126608298198454,99.42830513811575,101.43533825475473,XLI,資本財・サービス,value,Improving,4.0,2.0,2.0
2025-09-25,149.5109100341797,0.8135217335784938,0.8129477977393949,99.45484028532059,101.32397936304933,XLI,資本財・サービス,value,Improving,5.0,2.0,1.0
2025-09-26,150.85552978515625,0.8127851313564993,0.8128935756117631,99.44130787959658,100.8985392812762,XLI,資本財・サービス,value,Improving,5.0,1.0,-1.0
2025-09-29,151.32022094726562,0.8125740618288755,0.8127870710174673,99.4254771363403,100.40035222820633,XLI,資本財・サービス,value,Improving,5.0,1.0,-1.0
2025-09-30,152.48687744140625,0.8166806711220502,0.8140849377189949,99.60000555026123,100.53231544803565,XLI,資本財・サービス,value,Improving,4.0,0.0,-2.0
2025-10-01,152.06173706054688,0.8125618053018838,0.8135772269132913,99.51780515611765,100.43614230281537,XLI,資本財・サービス,value,Improving,5.0,1.0,-1.0
2025-10-02,152.4572296142578,0.8127515639150185,0.8133020059138671,99.46927572490027,100.27673827172492,XLI,資本財・サービス,value,Improving,5.0,0.0,-2.0
2025-10-03,152.6648406982422,0.811007196898002,0.8125370695752454,99.35729467590046,100.07106203979396,XLI,資本財・サービス,value,Improving,5.0,0.0,-1.0
2025-10-06,153.376708984375,0.8150444963534332,0.8133728785013081,99.47191306554225,100.33537158354578,XLI,資本財・サービス,value,Improving,5.0,0.0,-1.0
2025-10-07,152.5066680908203,0.8139974790102806,0.8135810786709657,99.50003782624789,100.0334021556727,XLI,資本財・サービス,value,Improving,5.0,1.0,1.0
2025-10-08,153.83152770996094,0.8184031924655786,0.8151884499358368,99.72662585278013,100.67074186611855,XLI,資本財・サービス,value,Improving,5.0,0.0,-1.0
2025-10-09,151.5574951171875,0.813031725884793,0.8144695419188223,99.6255461987703,100.56264324678249,XLI,資本財・サービス,value,Improving,5.0,0.0,0.0
2025-10-10,148.205810546875,0.8133903351017281,0.8141098063131242,99.58219613496867,100.70599988276913,XLI,資本財・サービス,value,Improving,6.0,1.0,1.0
2025-10-13,149.74819946289062,0.8139410458048549,0.8140535528103678,99.58888040342808,100.4960221668298,XLI,資本財・サービス,value,Improving,6.0,1.0,1.0
2025-10-14,151.50807189941406,0.8167340092432148,0.8149470382879835,99.73325391299223,100.75344332399598,XLI,資本財・サービス,value,Improving,6.0,1.0,0.0
2025-10-15,150.8753204345703,0.8116864779899512,0.8138601848553062,99.59744462865915,100.00937427951031,XLI,資本財・サービス,value,Improving,6.0,1.0,1.0
2025-10-16,149.88661193847656,0.8140836164222806,0.8139346620442977,99.6297110367333,100.31346006341614,XLI,資本財・サービス,value,Improving,6.0,1.0,1.0
2025-10-17,150.01513671875,0.8106646929817509,0.8128446723567821,99.49235346483461,100.1229760781536,XLI,資本財・サービス,value,Improving,5.0,-1.0,-2.0
2025-10-20,151.78492736816406,0.812107743435929,0.8125990293831645,99.4761275470142,100.07284627671304,XLI,資本財・サービス,value,Improving,5.0,-1.0,-2.0
2025-10-21,153.12953186035156,0.815565385559657,0.8135878147753288,99.64258966887067,100.11783134523881,XLI,資本財・サービス,value,Improving,5.0,-1.0,-2.0
2025-10-22,151.14224243164062,0.808882234713953,0.8120192880882036,99.43013569348277,99.94920863850037,XLI,資本財・サービス,value,Lagging,5.0,-1.0,-2.0
2025-10-23,153.03065490722656,0.8151241564710622,0.8130542442158231,99.61016518495846,100.26976925677167,XLI,資本財・サービス,value,Improving,5.0,-1.0,-2.0
2025-10-24,153.1591796875,0.8135907551221062,0.8132330811845842,99.6635666968709,100.68307485383846,XLI,資本財・サービス,value,Improving,5.0,0.0,1.0
2025-10-27,154.0292510986328,0.8145923512190083,0.8136861711960589,99.76073007984057,100.9248722011907,XLI,資本財・サービス,value,Improving,5.0,0.0,1.0
2025-10-28,152.93179321289062,0.8157951007223331,0.8143891477048171,99.90063732986943,100.85941677741255,XLI,資本財・サービス,value,Improving,6.0,1.0,2.0
2025-10-29,153.32728576660156,0.8271553586907042,0.8186445513667795,100.65046244807186,102.74159446042718,XLI,資本財・サービス,value,Leading,7.0,2.0,3.0
2025-10-30,152.94168090820312,0.8286390119281128,0.8219760382205574,101.27381851509206,103.27408622596379,XLI,資本財・サービス,value,Leading,9.0,4.0,5.0
2025-10-31,153.3074951171875,0.8288089297109947,0.8242536687173699,101.71335604456866,103.51030637654007,XLI,資本財・サービス,value,Leading,9.0,4.0,4.0
2025-11-03,152.6549530029297,0.8273060929051876,0.8252711434466425,101.9226785917847,103.30061288657039,XLI,資本財・サービス,value,Leading,10.0,5.0,5.0
2025-11-04,150.8852081298828,0.8231598093692118,0.8245673654208324,101.84184958973313,102.74143519694175,XLI,資本財・サービス,value,Leading,9.0,3.0,2.0
2025-11-05,151.46852111816406,0.8215336329097404,0.8235561212504685,101.71693325271286,101.4583045159539,XLI,資本財・サービス,value,Leading,8.0,1.0,-1.0
2025-11-06,150.8654022216797,0.8240694320638211,0.8237272248549194,101.81433570225353,100.7138930924342,XLI,資本財・サービス,value,Leading,10.0,1.0,-3.0
2025-11-07,151.59706115722656,0.8211787685804429,0.8228777394300939,101.72035347744331,99.97728354776862,XLI,資本財・サービス,value,Weakening,10.0,1.0,-3.0
2025-11-10,152.4572296142578,0.8211100452186587,0.8222885080262823,101.66999588546912,99.62286464839629,XLI,資本財・サービス,value,Weakening,10.0,0.0,-5.0
2025-11-11,152.49676513671875,0.8166044287388391,0.8203938149304679,101.30613735174896,99.23248028386132,XLI,資本財・サービス,value,Weakening,9.0,0.0,-3.0
2025-11-12,152.6450653076172,0.8154644633461707,0.8187506977357022,100.96942304069603,98.9320687333171,XLI,資本財・サービス,value,Weakening,8.0,0.0,-1.0
2025-11-13,150.28208923339844,0.8120209668544227,0.816507454108609,100.49402405279653,98.14842069177479,XLI,資本財・サービス,value,Weakening,7.0,-3.0,-4.0
2025-11-14,150.29196166992188,0.815065270370355,0.8160267261958578,100.39708298472888,98.14819248830698,XLI,資本財・サービス,value,Weakening,7.0,-3.0,-4.0
2025-11-17,148.81883239746094,0.8178150005672638,0.8166228176529933,100.52662592468256,98.3784493912756,XLI,資本財・サービス,value,Weakening,7.0,-3.0,-3.0
2025-11-18,148.15638732910156,0.8136904564868243,0.815645363930937,100.31566687380884,98.58488935199937,XLI,資本財・サービス,value,Weakening,7.0,-2.0,-2.0
2025-11-19,148.65074157714844,0.8188845069797432,0.8167250782805391,100.54484845188121,99.35901268520375,XLI,資本財・サービス,value,Weakening,7.0,-1.0,-1.0
2025-11-20,146.1592254638672,0.8151033420825673,0.8161844995478819,100.4206214566812,99.83726896794147,XLI,資本財・サービス,value,Weakening,8.0,1.0,4.0
2025-11-21,147.93887329101562,0.8091279959587506,0.8138323316848382,99.90822867467102,99.23890060621324,XLI,資本財・サービス,value,Lagging,6.0,-1.0,2.0
2025-11-24,148.3046875,0.8077803861702635,0.8118150165133133,99.48182534334615,98.48738191976972,XLI,資本財・サービス,value,Lagging,5.0,-2.0,1.0
2025-11-25,150.20298767089844,0.8066598978615165,0.8100966436293812,99.13136612300897,98.34836252621626,XLI,資本財・サービス,value,Lagging,3.0,-4.0,-2.0
2025-11-26,151.07305908203125,0.8057107203853587,0.8086346692147071,98.85206262571758,97.78163397565692,XLI,資本財・サービス,value,Lagging,2.0,-5.0,-4.0
2025-11-28,151.95298767089844,0.8060454597293791,0.8077715993862644,98.70566867902015,97.86795685662086,XLI,資本財・サービス,value,Lagging,3.0,-5.0,-6.0
2025-12-01,149.72842407226562,0.799714917329693,0.8050860387007407,98.21048049130941,97.98910502709441,XLI,資本財・サービス,value,Lagging,1.0,-5.0,-4.0
2025-12-02,151.0334930419922,0.8074494999964922,0.8058738591326579,98.40832266712087,98.76809030494316,XLI,資本財・サービス,value,Lagging,2.0,-3.0,-1.0
2025-12-03,152.4671173095703,0.8089416272460751,0.8068964485037969,98.6342644166969,99.46088818535034,XLI,資本財・サービス,value,Lagging,2.0,-1.0,3.0
2025-12-04,153.258056640625,0.8128834144806897,0.8088921038294279,99.02535321420667,100.25677025705303,XLI,資本財・サービス,value,Improving,2.0,0.0,5.0
2025-12-05,152.8329315185547,0.8087286466535497,0.8088376181041352,99.00604076525562,100.39470779052172,XLI,資本財・サービス,value,Improving,2.0,-1.0,4.0
2025-12-08,152.6450653076172,0.8126017047034372,0.810092313637236,99.23688890660863,101.25014625688212,XLI,資本財・サービス,value,Improving,5.0,4.0,9.0
2025-12-09,151.52783203125,0.8081785600407306,0.8094543957717343,99.09740767364742,100.81632381479497,XLI,資本財・サービス,value,Improving,4.0,2.0,5.0
2025-12-10,154.2961883544922,0.8115263416186379,0.8101450443873689,99.22339684847435,100.67817483082747,XLI,資本財・サービス,value,Improving,6.0,4.0,5.0
2025-12-11,155.94732666015625,0.813639823829902,0.8113099708682132,99.44219470134425,100.46005143968763,XLI,資本財・サービス,value,Improving,7.0,5.0,5.0
2025-12-12,154.968505859375,0.814050965633974,0.8122236357901336,99.61716280565172,100.68554954493007,XLI,資本財・サービス,value,Improving,7.0,5.0,6.0
2025-12-15,155.21568298339844,0.8143390287827378,0.8129287667876683,99.75207071535478,100.56722652688002,XLI,資本財・サービス,value,Improving,8.0,3.0,-1.0
2025-12-16,154.2961883544922,0.8152402720167048,0.8136992685306805,99.89700362480332,100.89122843996496,XLI,資本財・サービス,value,Improving,8.0,4.0,2.0
2025-12-17,151.79478454589844,0.8041986217257457,0.810532386262369,99.20046761259846,99.90733498025493,XLI,資本財・サービス,value,Lagging,4.0,-2.0,-6.0
2025-12-18,152.78347778320312,0.8077097877361725,0.8095915200869702,98.99960579105574,99.42041408000279,XLI,資本財・サービス,value,Lagging,4.0,-3.0,-8.0
2025-12-19,154.0984649658203,0.8117049675410347,0.8102960025716585,99.16157803551901,99.42249829071868,XLI,資本財・サービス,value,Lagging,5.0,-2.0,-7.0
2025-12-22,155.80682373046875,0.8146652829025346,0.8117524293486171,99.48144716982068,99.65749266296729,XLI,資本財・サービス,value,Lagging,7.0,-1.0,-4.0
2025-12-23,155.74729919433594,0.8162518734826809,0.8132522440599719,99.80358460206415,99.88173444485638,XLI,資本財・サービス,value,Lagging,7.0,-1.0,-5.0
2025-12-24,156.25326538085938,0.8159455699185004,0.8141500193461482,99.9936631221056,100.939252584107,XLI,資本財・サービス,value,Improving,7.0,3.0,5.0
2025-12-26,155.965576171875,0.8142331967456992,0.8141777451459986,99.99524928590228,101.1570559443333,XLI,資本財・サービス,value,Improving,7.0,3.0,6.0
2025-12-29,155.6282501220703,0.8138155953489107,0.8140570285469694,99.96471147864133,100.90860989030881,XLI,資本財・サービス,value,Improving,6.0,1.0,3.0
2025-12-30,155.1818084716797,0.8127830456410272,0.8136323675783221,99.8742397994037,100.41964058525627,XLI,資本財・サービス,value,Improving,6.0,-1.0,0.0
2025-12-31,153.89210510253906,0.812970826880319,0.8134118540123212,99.82703434559713,99.98621117326319,XLI,資本財・サービス,value,Lagging,6.0,-1.0,0.0
2026-01-02,156.72946166992188,0.8223788342108029,0.8164008474118152,100.46342363110692,100.50192727881375,XLI,資本財・サービス,value,Leading,7.0,0.0,-3.0
2026-01-05,158.5846710205078,0.8244613020992775,0.8190876656409694,101.01481131963176,101.11572135912319,XLI,資本財・サービス,value,Leading,9.0,2.0,-1.0
2026-01-06,160.73748779296875,0.8256850229616657,0.8212867847478682,101.43584855199944,101.58103228665664,XLI,資本財・サービス,value,Leading,9.0,3.0,2.0
2026-01-07,157.7116241455078,0.819333120885811,0.8206355634605159,101.25837839842819,101.43103526694188,XLI,資本財・サービス,value,Leading,9.0,3.0,4.0
2026-01-08,158.9021453857422,0.8185007315866218,0.8199239528358846,101.08386613119318,101.25354165696817,XLI,資本財・サービス,value,Leading,9.0,3.0,4.0
2026-01-09,160.648193359375,0.8227205736407213,0.8208561597708302,101.23956737143358,100.70843609491672,XLI,資本財・サービス,value,Leading,10.0,3.0,3.0
2026-01-12,161.87838745117188,0.8282661585048325,0.823326159348831,101.6738600518451,100.57047775381267,XLI,資本財・サービス,value,Leading,10.0,1.0,-1.0
2026-01-13,162.71173095703125,0.8325300397750934,0.8263941194909186,102.15903656852869,100.62829329222899,XLI,資本財・サービス,value,Leading,10.0,1.0,-2.0
2026-01-14,162.9696807861328,0.830072694054047,0.8276203110119615,102.25505911335495,100.90819364708626,XLI,資本財・サービス,value,Leading,10.0,1.0,-2.0
2026-01-15,164.46771240234375,0.8340087155527793,0.8297497791922341,102.46758946576699,101.28608224152663,XLI,資本財・サービス,value,Leading,10.0,1.0,-2.0
2026-01-16,165.578857421875,0.8417946368423159,0.8337647317422615,102.89238281003182,101.51774392590791,XLI,資本財・サービス,value,Leading,11.0,1.0,-2.0
2026-01-20,162.23553466796875,0.8372904257481422,0.8349399630775551,102.82638295078966,100.96358952419797,XLI,資本財・サービス,value,Leading,11.0,1.0,0.0
2026-01-21,165.0431365966797,0.8375982988253314,0.8358260749934807,102.72840690771791,100.34246664818659,XLI,資本財・サービス,value,Leading,11.0,1.0,0.0
2026-01-22,164.18994140625,0.8321832153826973,0.8346117884565529,102.39175827589266,99.88607922385616,XLI,資本財・サービス,value,Weakening,10.0,0.0,-1.0
2026-01-23,162.92007446289062,0.8294442037960846,0.8328892602363969,102.04733964398675,99.30893464950653,XLI,資本財・サービス,value,Weakening,9.0,-1.0,-2.0
2026-01-26,163.0788116455078,0.8282938733412958,0.8313574646046965,101.76604559295802,98.61153755276588,XLI,資本財・サービス,value,Weakening,9.0,-2.0,-3.0
2026-01-27,163.75343322753906,0.8330165073454986,0.8319104788516305,101.7572100523625,98.70855283889185,XLI,資本財・サービス,value,Weakening,9.0,-2.0,-3.0
2026-01-28,162.84071350097656,0.8311728821500853,0.8316646132844487,101.65604113951576,98.74366146063726,XLI,資本財・サービス,value,Weakening,9.0,-2.0,-3.0
2026-01-29,164.54708862304688,0.8387825215392036,0.8340372493693671,101.85696580184049,99.29719885455829,XLI,資本財・サービス,value,Weakening,9.0,-1.0,-1.0
2026-01-30,164.13043212890625,0.8385171592176299,0.8355305526521215,101.94023059687522,99.74241486755176,XLI,資本財・サービス,value,Weakening,9.0,0.0,1.0
2026-02-02,166.203857421875,0.8447598468838575,0.8386069840627003,102.17764135882126,100.2893231447174,XLI,資本財・サービス,value,Leading,9.0,0.0,2.0
2026-02-03,167.6027069091797,0.854143482119577,0.8437858167483259,102.57352862470597,100.74473202584223,XLI,資本財・サービス,value,Leading,9.0,0.0,2.0
2026-02-04,168.04913330078125,0.849021671458117,0.8455311016515896,102.57881148159328,100.90716567119112,XLI,資本財・サービス,value,Leading,9.0,0.0,2.0
2026-02-05,167.0372314453125,0.8513046473956434,0.8474556168996077,102.58524316983286,100.73809820087314,XLI,資本財・サービス,value,Leading,9.0,0.0,1.0
2026-02-06,171.8091278076172,0.8596065685257416,0.8515059341083191,102.74118405239676,100.82827768135401,XLI,資本財・サービス,value,Leading,9.0,0.0,0.0
2026-02-09,172.3250274658203,0.8616764150698665,0.854896094428835,102.79945341798002,100.62426899269204,XLI,資本財・サービス,value,Leading,9.0,0.0,0.0
2026-02-10,172.5333709716797,0.8596597640592687,0.8564839843056463,102.70792647796584,100.07280125724485,XLI,資本財・サービス,value,Leading,10.0,1.0,1.0
2026-02-11,173.4560089111328,0.8627276737898008,0.8585652141336978,102.65610108337566,100.00255677993727,XLI,資本財・サービス,value,Leading,10.0,1.0,1.0
2026-02-12,171.38253784179688,0.8637497636204057,0.8602933972959338,102.58219811228713,99.9020319838658,XLI,資本財・サービス,value,Weakening,9.0,0.0,0.0
2026-02-13,172.7913055419922,0.8619211438564571,0.8608359794827749,102.44564331852604,99.56021394709978,XLI,資本財・サービス,value,Weakening,9.0,0.0,0.0
2026-02-17,173.69410705566406,0.8679218597008147,0.863197939555455,102.4288156811364,99.44706588761832,XLI,資本財・サービス,value,Weakening,10.0,1.0,1.0
2026-02-18,173.6544189453125,0.8632477886920206,0.8632145559343102,102.28387529380747,99.35596175374958,XLI,資本財・サービス,value,Weakening,11.0,1.0,0.0
2026-02-19,174.94412231445312,0.8714999607012598,0.8659763575232934,102.29962415045772,99.4119326532931,XLI,資本財・サービス,value,Weakening,11.0,1.0,0.0
2026-02-20,175.82708740234375,0.8718213486374761,0.8679246878946877,102.26755606047377,99.4423514046234,XLI,資本財・サービス,value,Weakening,11.0,2.0,2.0
2026-02-23,173.44607543945312,0.8695591839626037,0.8684695199173263,102.1688871791376,99.48473380639612,XLI,資本財・サービス,value,Weakening,11.0,2.0,2.0
2026-02-24,175.57907104492188,0.87328726447503,0.8700754347698942,102.13058427712892,99.46383936885896,XLI,資本財・サービス,value,Weakening,11.0,1.0,0.0
2026-02-25,174.20999145507812,0.8659671439904315,0.8687060045100734,101.96072423617969,99.42904109803312,XLI,資本財・サービス,value,Weakening,11.0,0.0,-1.0
2026-02-26,175.30128479003906,0.8664970058322106,0.8679696716174525,101.83841204624679,99.23953620146621,XLI,資本財・サービス,value,Weakening,11.0,0.0,-1.0
2026-02-27,175.73779296875,0.8676374957888082,0.8678589463412378,101.75618544231986,99.1499965677846,XLI,資本財・サービス,value,Weakening,10.0,-1.0,-3.0
2026-03-02,177.48387145996094,0.8778856657837683,0.8712011861554148,101.83201300548062,99.31350058561507,XLI,資本財・サービス,value,Weakening,10.0,-1.0,-3.0
2026-03-03,174.05125427246094,0.8716001256514962,0.871334165987442,101.76316113227605,99.20769201959895,XLI,資本財・サービス,value,Weakening,9.0,-2.0,-3.0
2026-03-04,174.5770721435547,0.8707429816881971,0.8711371045543603,101.68823307301356,99.26778794909148,XLI,資本財・サービス,value,Weakening,8.0,-3.0,-3.0
2026-03-05,170.69801330566406,0.8613723543491628,0.8678821878192946,101.48859830216584,99.11743876974602,XLI,資本財・サービス,value,Weakening,8.0,-3.0,-3.0
2026-03-06,168.59478759765625,0.8610205401466077,0.8655949719283991,101.34118747385862,99.01619070937008,XLI,資本財・サービス,value,Weakening,8.0,-2.0,-1.0
2026-03-09,169.58688354492188,0.8636463879231123,0.8649454439266369,101.27033653610924,98.82762093549302,XLI,資本財・サービス,value,Weakening,8.0,-2.0,-1.0
2026-03-10,168.67416381835938,0.86548800207575,0.865126296643008,101.2386007644156,98.91246327810917,XLI,資本財・サービス,value,Weakening,8.0,-1.0,1.0
2026-03-11,168.1483612060547,0.8656429767519757,0.8652985233459973,101.20760326629345,99.00836533929989,XLI,資本財・サービス,value,Weakening,8.0,0.0,3.0
2026-03-12,163.93202209472656,0.8571936590267145,0.8625969019062364,101.05348080611333,99.10350788656659,XLI,資本財・サービス,value,Weakening,8.0,0.0,3.0
2026-03-13,163.34666442871094,0.8541769431709249,0.859790248994466,100.89809836737773,99.11883723957119,XLI,資本財・サービス,value,Weakening,7.0,-1.0,1.0
2026-03-16,164.74549865722656,0.8551287077584233,0.8582364019157851,100.80063740808514,99.10540307871962,XLI,資本財・サービス,value,Weakening,7.0,-1.0,1.0
2026-03-17,165.18202209472656,0.8526275786674732,0.8563667941663479,100.68978091617197,99.02125500680584,XLI,資本財・サービス,value,Weakening,7.0,-1.0,0.0
2026-03-18,163.87246704101562,0.8571480107379487,0.8566271996902148,100.67697710222896,99.07574208283214,XLI,資本財・サービス,value,Weakening,7.0,-1.0,-1.0
2026-03-19,162.76133728027344,0.8519967082228374,0.8550837025344223,100.58077676658546,99.18611245062586,XLI,資本財・サービス,value,Weakening,7.0,-1.0,-1.0
2026-03-20,160.39024353027344,0.8521028865838646,0.8540900972175698,100.50966538383608,99.31868474203534,XLI,資本財・サービス,value,Weakening,7.0,0.0,1.0
2026-03-23,162.21385192871094,0.8527006760984585,0.8536269568445327,100.4630577324779,99.38846125894177,XLI,資本財・サービス,value,Weakening,8.0,1.0,2.0
2026-03-24,163.15899658203125,0.856641115134432,0.8546316762744992,100.48830010452734,99.57736828878696,XLI,資本財・サービス,value,Weakening,8.0,1.0,2.0
2026-03-25,164.25335693359375,0.858228040456638,0.8558304643352123,100.52444182971915,99.64504847830779,XLI,資本財・サービス,value,Weakening,9.0,2.0,3.0
2026-03-26,160.4429931640625,0.8460842863067461,0.8525817383257236,100.33250506865328,99.51058783775564,XLI,資本財・サービス,value,Weakening,8.0,1.0,2.0
2026-03-27,158.38360595703125,0.8468357189803342,0.8506663985439272,100.20602096240293,99.452342089101,XLI,資本財・サービス,value,Weakening,6.0,-1.0,-1.0
2026-03-30,155.806884765625,0.8347861006547835,0.8453729659142127,99.89134213736128,99.09094224189009,XLI,資本財・サービス,value,Lagging,6.0,-2.0,-3.0
2026-03-31,160.900634765625,0.8447839351731014,0.8451766223338424,99.84894500491816,99.02304566301397,XLI,資本財・サービス,value,Lagging,6.0,-2.0,-3.0
2026-04-01,163.58676147460938,0.8561213171438724,0.8488248539371858,100.02551380224727,99.25206531314798,XLI,資本財・サービス,value,Weakening,6.0,-3.0,-5.0
2026-04-02,162.93017578125,0.8502563360181667,0.8493020146308462,100.02081173329523,99.53549282132289,XLI,資本財・サービス,value,Weakening,6.0,-2.0,-3.0
2026-04-06,163.765869140625,0.8509595749483659,0.8498545347366862,100.02286989243647,99.7381514910525,XLI,資本財・サービス,value,Weakening,6.0,0.0,1.0
2026-04-07,163.43756103515625,0.8511409063504896,0.8502833252746207,100.01927925493348,100.22024784680094,XLI,資本財・サービス,value,Leading,7.0,1.0,3.0
2026-04-08,169.5659637451172,0.8631162990218065,0.8545609831903493,100.27035083020938,100.71142157024876,XLI,資本財・サービス,value,Leading,7.0,1.0,3.0
2026-04-09,171.30699157714844,0.8714502458459548,0.8601907374088846,100.6233068873052,101.03878365674801,XLI,資本財・サービス,value,Leading,7.0,1.0,4.0
2026-04-10,170.6404266357422,0.8743717190314608,0.8649177312830767,100.92925540203962,101.57326148036061,XLI,資本財・サービス,value,Leading,8.0,2.0,4.0
2026-04-13,171.84420776367188,0.870885625283655,0.8669070292832695,101.05231360257412,101.74640376005931,XLI,資本財・サービス,value,Leading,9.0,3.0,3.0
2026-04-14,172.46104431152344,0.8703783606872985,0.8680641397512792,101.11717214872981,101.81504619846041,XLI,資本財・サービス,value,Leading,9.0,2.0,1.0
2026-04-15,170.3021697998047,0.8591816832686974,0.865103320923752,100.8715039398501,101.03139127947556,XLI,資本財・サービス,value,Leading,8.0,1.0,0.0
2026-04-16,169.45652770996094,0.8510378743362512,0.8604148387279185,100.48181522625728,99.87149480448748,XLI,資本財・サービス,value,Weakening,8.0,1.0,0.0
2026-04-17,172.62020874023438,0.8561730522086864,0.8590009098881746,100.34146734070278,99.15863391289727,XLI,資本財・サービス,value,Weakening,7.0,-1.0,-3.0
2026-04-20,173.00820922851562,0.8554027548784652,0.8578015248849381,100.21537527827498,98.72095532114102,XLI,資本財・サービス,value,Weakening,7.0,-2.0,-5.0
2026-04-21,170.5608367919922,0.8485065608933998,0.8547032035544254,99.92217005701781,98.10617494501922,XLI,資本財・サービス,value,Lagging,6.0,-3.0,-5.0
2026-04-22,170.16287231445312,0.8469030434545534,0.8521031501878015,99.66386932819239,98.15901830050848,XLI,資本財・サービス,value,Lagging,4.0,-4.0,-5.0
2026-04-23,173.17735290527344,0.8619487048157359,0.8553850017304463,99.92644736343435,99.36986532317424,XLI,資本財・サービス,value,Lagging,7.0,-1.0,-2.0
2026-04-24,171.58555603027344,0.8558014004357916,0.8555238012988948,99.90227424337075,99.58254199052661,XLI,資本財・サービス,value,Lagging,6.0,-1.0,0.0
2026-04-27,171.62535095214844,0.8570179511706579,0.8560218512561493,99.90799421491889,99.79465689019354,XLI,資本財・サービス,value,Lagging,7.0,0.0,2.0
2026-04-28,170.1031951904297,0.8537750187310923,0.8552729070811302,99.78304728281375,100.0831055235371,XLI,資本財・サービス,value,Improving,4.0,-2.0,1.0
2026-04-29,169.05857849121094,0.8500137789192356,0.8535198643604988,99.52937598206663,100.06507758864143,XLI,資本財・サービス,value,Improving,4.0,0.0,4.0
2026-04-30,173.6847381591797,0.8602673232426445,0.8557690173212141,99.7300430461217,99.93320070730046,XLI,資本財・サービス,value,Lagging,5.0,-2.0,-1.0
2026-05-01,172.0730438232422,0.8548898852472886,0.8554759732965724,99.63340243981771,99.79595823899729,XLI,資本財・サービス,value,Lagging,5.0,-1.0,0.0
2026-05-04,170.1031951904297,0.8500489004378545,0.8536669490103332,99.33438184128777,99.22388578002997,XLI,資本財・サービス,value,Lagging,5.0,-2.0,-2.0
2026-05-05,171.52586364746094,0.8504103161751383,0.8525814047319349,99.14345665553613,99.11622697338778,XLI,資本財・サービス,value,Lagging,5.0,1.0,3.0
2026-05-06,175.96299743652344,0.865552638083244,0.8569051491823714,99.71667028836093,100.84871316368614,XLI,資本財・サービス,value,Improving,7.0,3.0,3.0
2026-05-07,173.10769653320312,0.8569880212041494,0.8569327731896308,99.69227957259434,100.41304832248792,XLI,資本財・サービス,value,Improving,7.0,2.0,4.0
2026-05-08,172.3118133544922,0.8507072787782919,0.8548576083858512,99.37416319236952,99.96622667239602,XLI,資本財・サービス,value,Lagging,7.0,2.0,3.0
2026-05-11,174.14236450195312,0.8602083447021853,0.8566411871579627,99.63408394498192,101.27196246961137,XLI,資本財・サービス,value,Improving,8.0,3.0,5.0
2026-05-12,173.45591735839844,0.8575742995228559,0.8569522246129271,99.67912169254839,101.76838274065366,XLI,資本財・サービス,value,Improving,8.0,3.0,2.0
2026-05-13,172.72964477539062,0.857729151952874,0.8572112003929095,99.72102527980385,100.56553924487551,XLI,資本財・サービス,value,Improving,8.0,1.0,-2.0
2026-05-14,173.61508178710938,0.8589933655101197,0.8578052554319797,99.81526057732609,100.82818289496853,XLI,資本財・サービス,value,Improving,8.0,1.0,-1.0
2026-05-15,170.52102661132812,0.8524751207148507,0.8560285438596035,99.5627837436616,100.95254206266638,XLI,資本財・サービス,value,Improving,7.0,0.0,-2.0
2026-05-18,169.87437438964844,0.8440497452320713,0.8520356109837595,99.00082304982989,99.11707646178093,XLI,資本財・サービス,value,Lagging,4.0,-4.0,-7.0
2026-05-19,167.8746795654297,0.8389956731058504,0.8476889650244566,98.42218236393033,97.8358309158453,XLI,資本財・サービス,value,Lagging,3.0,-5.0,-8.0
2026-05-20,169.85446166992188,0.8396861181894294,0.845021349412781,98.12114467389739,97.3132184899713,XLI,資本財・サービス,value,Lagging,3.0,-5.0,-6.0
2026-05-21,169.65550231933594,0.8350971690026289,0.8417132892760636,97.76945089602658,96.78057937693296,XLI,資本財・サービス,value,Lagging,2.0,-6.0,-7.0
2026-05-22,170.88914489746094,0.8335551430060214,0.8389939071860495,97.54191141460194,97.10059857179247,XLI,資本財・サービス,value,Lagging,2.0,-5.0,-5.0
2026-05-26,173.4061737060547,0.8415146237950617,0.8398341460557204,97.7604383683011,98.49099933555485,XLI,資本財・サービス,value,Lagging,2.0,-2.0,2.0
2026-05-27,173.4061737060547,0.8421229267783727,0.8405970729632712,97.9511211733493,99.78699654791501,XLI,資本財・サービス,value,Lagging,3.0,0.0,5.0
2026-05-28,172.9087371826172,0.8366427432099152,0.839278963045486,97.88094579508393,100.16868288561174,XLI,資本財・サービス,value,Improving,3.0,0.0,5.0
2026-05-29,172.24217224121094,0.8311027268307664,0.8365535509739128,97.66336550481817,100.38284242696331,XLI,資本財・サービス,value,Improving,3.0,1.0,7.0
2026-06-01,171.5159149169922,0.8260952196870008,0.8330674405449422,97.38042819378164,100.28502297319456,XLI,資本財・サービス,value,Improving,2.0,0.0,5.0
2026-06-02,173.29673767089844,0.8313741281851251,0.8325030030916698,97.44659138880876,100.0281001371632,XLI,資本財・サービス,value,Improving,4.0,2.0,4.0
2026-06-03,173.15745544433594,0.8338421380540889,0.8329493814124762,97.60831786236909,99.98141255848668,XLI,資本財・サービス,value,Lagging,4.0,1.0,1.0
2026-06-04,175.2566375732422,0.8376260601214635,0.834508274315472,97.88268670962093,100.54852089808928,XLI,資本財・サービス,value,Improving,6.0,3.0,3.0
2026-06-05,173.28677368164062,0.8401663624569726,0.8363943036959722,98.17110461252271,101.35013408529784,XLI,資本財・サービス,value,Improving,6.0,3.0,2.0
2026-06-08,172.73960876464844,0.8384010051928198,0.8370632041949215,98.30980050585657,101.94549839038736,XLI,資本財・サービス,value,Improving,6.0,4.0,4.0
2026-06-09,174.6995086669922,0.8415092517377603,0.8385452200425345,98.52367782593345,102.06706510963876,XLI,資本財・サービス,value,Improving,6.0,2.0,0.0
2026-06-10,168.7899627685547,0.8235151749410252,0.8335352050086982,98.04655827403128,101.05007326050945,XLI,資本財・サービス,value,Improving,4.0,0.0,-1.0
2026-06-11,174.25180053710938,0.8371117265042773,0.8347273788405579,98.24926479129945,100.9151844285032,XLI,資本財・サービス,value,Improving,4.0,-2.0,-5.0
2026-06-12,175.27651977539062,0.8344755296216851,0.8346434291009337,98.31093218889218,100.55525496804816,XLI,資本財・サービス,value,Improving,3.0,-3.0,-6.0
2026-06-15,177.76368713378906,0.8414266850929526,0.8369045144316067,98.60392372147197,100.76826320875149,XLI,資本財・サービス,value,Improving,5.0,-1.0,-5.0
2026-06-16,178.92770385742188,0.849770701455781,0.8411932434396648,99.08674873306299,101.13856548557729,XLI,資本財・サービス,value,Improving,7.0,1.0,-1.0
2026-06-17,178.67898559570312,0.8615016469454041,0.8479627112749113,99.81538673890037,102.7172196417891,XLI,資本財・サービス,value,Improving,9.0,5.0,5.0
2026-06-18,179.98228454589844,0.8637763735759976,0.8532339320419401,100.37789712198325,102.93819856444118,XLI,資本財・サービス,value,Leading,10.0,6.0,8.0
2026-06-22,181.3126983642578,0.8682517635197456,0.8582398758678753,100.89804313098486,103.17844894736444,XLI,資本財・サービス,value,Leading,10.0,7.0,10.0
2026-06-23,177.67247009277344,0.8537523935832465,0.8567440484396658,100.73253922422083,102.4545831246958,XLI,資本財・サービス,value,Leading,10.0,5.0,6.0
2026-06-24,179.7269744873047,0.8575081478506834,0.8569987482433383,100.75349671062459,101.84317656522417,XLI,資本財・サービス,value,Leading,10.0,3.0,2.0
2026-06-25,183.62648010253906,0.8704450015077453,0.8614808326648073,101.20442636385016,101.48236681228724,XLI,資本財・サービス,value,Leading,11.0,2.0,-3.0
2026-06-26,180.7143096923828,0.8625058543421468,0.8618225065572539,101.21070045462676,100.85591750826754,XLI,資本財・サービス,value,Leading,11.0,1.0,-5.0
2026-06-29,182.27012634277344,0.858743362853489,0.8607961253226657,101.07808202005029,100.14358844859484,XLI,資本財・サービス,value,Leading,11.0,1.0,-6.0
2026-06-30,184.73350524902344,0.8714946059121172,0.8643622855191496,101.39125902395247,100.63957685178823,XLI,資本財・サービス,value,Leading,11.0,1.0,-4.0
2026-07-01,182.86851501464844,0.8601092089071775,0.8629445933151589,101.20852148353002,100.40218486147886,XLI,資本財・サービス,value,Leading,11.0,1.0,-2.0
2026-07-02,183.41705322265625,0.8566679290555502,0.8608523718952894,100.97382635522855,99.6536393917169,XLI,資本財・サービス,value,Weakening,10.0,-1.0,-3.0
2026-07-06,185.0626220703125,0.8639919734841164,0.8618989057582318,101.04817475696076,99.72476586895685,XLI,資本財・サービス,value,Weakening,10.0,-1.0,-2.0
2026-07-07,181.89114379882812,0.8502531946679867,0.8580170020614835,100.6530019761248,99.44445094447853,XLI,資本財・サービス,value,Weakening,9.0,-2.0,-3.0
2026-07-08,179.9364013671875,0.8511440915908438,0.8557260319046036,100.4203186109884,98.88249425486228,XLI,資本財・サービス,value,Weakening,9.0,-2.0,-3.0
2026-07-09,180.62454223632812,0.8491967237364682,0.8535495958485586,100.20976735928691,98.8869858627158,XLI,資本財・サービス,value,Weakening,8.0,-3.0,-4.0
2026-07-10,181.432373046875,0.8498104242708392,0.8523032053226522,100.10100832715489,99.05029803022799,XLI,資本財・サービス,value,Weakening,8.0,-2.0,-1.0
2026-07-13,179.8865203857422,0.8428451614937343,0.8491505240463464,99.81350195408282,98.71135694780706,XLI,資本財・サービス,value,Lagging,8.0,-2.0,-1.0
2026-07-14,179.96630859375,0.8463002985087907,0.8482004488671613,99.74328703110636,99.08312626487184,XLI,資本財・サービス,value,Lagging,8.0,-1.0,1.0
2026-07-15,179.57736206054688,0.8463745315152161,0.8475918097498463,99.7071121791895,99.31541869362829,XLI,資本財・サービス,value,Lagging,8.0,-1.0,1.0
2026-07-16,179.6671142578125,0.8385682016831524,0.8445839403942816,99.41781260239097,99.25539816274443,XLI,資本財・サービス,value,Lagging,8.0,0.0,3.0
2026-07-17,178.92910766601562,0.841738275291525,0.8436353853600296,99.3413090267805,99.3029412400903,XLI,資本財・サービス,value,Lagging,7.0,-1.0,1.0
2026-07-20,177.64256286621094,0.8394233797562107,0.84223138349209,99.21765583538996,99.47678578844402,XLI,資本財・サービス,value,Lagging,5.0,-3.0,-1.0
2026-07-21,178.18112182617188,0.8406228048187553,0.8416951906009784,99.1868350555621,99.5123378446623,XLI,資本財・サービス,value,Lagging,6.0,-2.0,-1.0
2026-07-22,178.37060546875,0.841754105638207,0.8417148289467213,99.21286180324422,99.56241193330912,XLI,資本財・サービス,value,Lagging,5.0,-3.0,-2.0
2026-07-23,181.45233154296875,0.8594489106903556,0.8476261895279328,99.85198167741538,100.5361904019794,XLI,資本財・サービス,value,Improving,8.0,0.0,0.0
2026-07-24,182.17039489746094,0.8561837731033064,0.8504787173863907,100.16590140857322,100.93113567676758,XLI,資本財・サービス,value,Leading,8.0,1.0,2.0
2026-07-27,182.7089385986328,0.8522899305833596,0.8510824551187137,100.23912212481174,101.10885854402008,XLI,資本財・サービス,value,Leading,9.0,4.0,7.0
2026-07-28,182.0008544921875,0.8391979092534672,0.8471209398302983,99.82688359105262,100.68282000837638,XLI,資本財・サービス,value,Improving,7.0,1.0,3.0
2026-07-29,176.1864776611328,0.819768997599242,0.8380036257532797,98.87714124313807,99.64614284198022,XLI,資本財・サービス,value,Lagging,4.0,-1.0,2.0
2026-07-30,177.91183471679688,0.8291419800652583,0.8350497438572726,98.61014853368555,98.7170973012407,XLI,資本財・サービス,value,Lagging,3.0,-5.0,-5.0
2026-07-31,179.3579559326172,0.8373199528199134,0.835806480178153,98.7341007898254,98.5626263019131,XLI,資本財・サービス,value,Lagging,5.0,-3.0,-4.0
2026-08-03,182.66905212402344,0.8445290191620782,0.8387139931727948,99.06973812588848,98.8603471555876,XLI,資本財・サービス,value,Lagging,6.0,-3.0,-7.0
2026-08-04,185.90036010742188,0.8472921827425006,0.8415733896960301,99.39004680744551,99.60688422918408,XLI,資本財・サービス,value,Lagging,8.0,1.0,0.0
2026-08-05,185.8505096435547,0.8489924717861012,0.8440464170593872,99.66360392283335,100.83376122642639,XLI,資本財・サービス,value,Improving,8.0,4.0,5.0
2026-08-06,184.26475524902344,0.8461771367173108,0.8447566569453617,99.756680183475,101.17285215486254,XLI,資本財・サービス,value,Improving,9.0,6.0,11.0
2026-08-07,184.6836395263672,0.8422820996420132,0.8439318045109123,99.68849880495887,100.95570994455409,XLI,資本財・サービス,value,Improving,9.0,4.0,7.0
2026-08-10,184.10519409179688,0.8391483270959204,0.8423373120392483,99.53721891822887,100.45564722714012,XLI,資本財・サービス,value,Improving,8.0,2.0,5.0
2026-08-11,185.20223999023438,0.842350848363489,0.8423418241473286,99.55859521995119,100.15856534578242,XLI,資本財・サービス,value,Improving,8.0,0.0,-1.0
2026-08-12,185.38177490234375,0.8416800374659494,0.842121228586869,99.55615275556535,99.89213920380412,XLI,資本財・サービス,value,Lagging,8.0,0.0,-4.0
2026-08-13,185.2919921875,0.8350402199286777,0.839760892367472,99.32291220865709,99.57224118564115,XLI,資本財・サービス,value,Lagging,7.0,-2.0,-8.0
2026-08-14,186.01007080078125,0.8381257854621531,0.8392158567323658,99.28820281085828,99.6145269795356,XLI,資本財・サービス,value,Lagging,7.0,-2.0,-6.0
2026-08-17,185.82058715820312,0.8447805331828472,0.8410707488825262,99.51665141408404,99.99799724111777,XLI,資本財・サービス,value,Lagging,7.0,-1.0,-3.0
2026-08-18,183.0779571533203,0.8360987622833526,0.839413420016135,99.3522281285041,99.804596822584,XLI,資本財・サービス,value,Lagging,7.0,-1.0,-1.0
2026-08-19,181.46229553222656,0.8202116713904153,0.8330128371408951,98.67708255900044,99.11724285451493,XLI,資本財・サービス,value,Lagging,3.0,-5.0,-5.0
2026-08-20,179.28814697265625,0.8169696892160091,0.8276651211659332,98.16713546764049,98.81844993925313,XLI,資本財・サービス,value,Lagging,2.0,-5.0,-3.0
2026-08-21,179.76686096191406,0.8140145613603187,0.8231149345640618,97.79936542287639,98.4432274956381,XLI,資本財・サービス,value,Lagging,1.0,-6.0,-4.0
2026-08-24,178.52020263671875,0.807422420125084,0.8178840964177359,97.43597318034729,97.8341736828688,XLI,資本財・サービス,value,Lagging,1.0,-6.0,-5.0
2026-08-25,177.92181396484375,0.8052965397747752,0.8136882442034157,97.24940572991707,97.87783691698105,XLI,資本財・サービス,value,Lagging,1.0,-6.0,-5.0
2026-08-26,179.8566131591797,0.8128075977908504,0.8133946953992273,97.41477053016924,98.75445582217857,XLI,資本財・サービス,value,Lagging,1.0,-2.0,3.0
2026-08-27,178.32073974609375,0.8082684647756625,0.811685951858039,97.44979718534094,99.30958130841414,XLI,資本財・サービス,value,Lagging,1.0,-1.0,4.0
2026-08-28,176.66519165039062,0.8035219988205964,0.8089646341788915,97.41152684427462,99.64282596145411,XLI,資本財・サービス,value,Lagging,1.0,0.0,6.0
2026-08-31,174.66058349609375,0.7991117626316322,0.8056803436631386,97.34623183001028,99.93852184852801,XLI,資本財・サービス,value,Lagging,1.0,0.0,6.0
2026-09-01,172.2670135498047,0.794680646483713,0.8020137779366634,97.28268192172652,100.05558114172621,XLI,資本財・サービス,value,Improving,1.0,0.0,6.0
2026-09-02,172.31687927246094,0.7912379173404557,0.7984218244045942,97.25210229172336,99.85737410824257,XLI,資本財・サービス,value,Lagging,1.0,0.0,2.0
2026-09-03,174.09210205078125,0.7941218293819579,0.7969884927303822,97.35918457690391,99.93069122490404,XLI,資本財・サービス,value,Lagging,1.0,0.0,1.0
2026-09-04,174.80020141601562,0.8011747414228881,0.7983839089612176,97.60176100885785,100.2161735617223,XLI,資本財・サービス,value,Improving,1.0,0.0,0.0
2026-09-08,173.95248413085938,0.8056400563488336,0.8008026247570896,97.86046007926873,100.54920665791121,XLI,資本財・サービス,value,Improving,1.0,0.0,0.0
2026-09-09,171.32952880859375,0.8012185555712303,0.8009412683618032,97.97342213297027,100.73687035943229,XLI,資本財・サービス,value,Improving,1.0,0.0,0.0
2026-09-10,170.0928497314453,0.8009204919790154,0.8009343429008741,98.06233976372363,100.84817376706343,XLI,資本財・サービス,value,Improving,1.0,0.0,0.0
2026-09-11,171.90797424316406,0.803063158168606,0.8016439479901181,98.1781922445638,100.84589491591635,XLI,資本財・サービス,value,Improving,1.0,0.0,0.0
2026-09-14,169.47450256347656,0.7911797486359646,0.7981558815387337,98.08961509326359,100.50781456479463,XLI,資本財・サービス,value,Improving,1.0,0.0,0.0
2026-09-15,168.3974151611328,0.7900093861143348,0.7954403830639342,98.05163796404872,100.2130379175789,XLI,資本財・サービス,value,Improving,1.0,0.0,0.0
2026-09-16,168.25779724121094,0.7956014491608623,0.7954940717629103,98.14281663223723,100.19799799101033,XLI,資本財・サービス,value,Improving,1.0,0.0,0.0
2026-09-17,168.55697631835938,0.7931676098137075,0.7947185844465094,98.19142945613632,100.1887193821854,XLI,資本財・サービス,value,Improving,1.0,0.0,0.0
2026-09-18,169.2949981689453,0.8004681059953237,0.7966350916294476,98.34739607594962,100.27346533669268,XLI,資本財・サービス,value,Improving,1.0,0.0,0.0
2026-09-21,169.97999572753906,0.7992288959058977,0.797499693054931,98.4450444461968,100.54882998659787,XLI,資本財・サービス,value,Improving,1.0,0.0,0.0
2026-09-22,170.27000427246094,0.8001409860461675,0.7983801240520099,98.53734831289178,100.76912975319824,XLI,資本財・サービス,value,Improving,1.0,0.0,0.0
2026-09-23,170.10000610351562,0.8049785058387922,0.800579584647604,98.67862196961637,100.88232017719727,XLI,資本財・サービス,value,Improving,3.0,2.0,2.0
2026-09-24,168.8300018310547,0.8029582718626282,0.8013724803859454,98.75244679445461,100.95408840960967,XLI,資本財・サービス,value,Improving,3.0,2.0,2.0
2026-09-25,170.42999267578125,0.8073042119418401,0.8033497242379104,98.8729159981612,100.92111571389187,XLI,資本財・サービス,value,Improving,4.0,3.0,3.0
2026-09-28,168.77999877929688,0.8047105671731177,0.8038033385496461,98.9254271843019,100.85265398516549,XLI,資本財・サービス,value,Improving,6.0,5.0,5.0
2026-09-29,168.77999877929688,0.8047105671731177,0.8041057480908034,98.96808911089592,100.79661609834967,XLI,資本財・サービス,value,Improving,6.0,5.0,5.0
2024-09-30,46.40788650512695,0.2676089052001114,0.2676089052001114,,,XLB,素材,value,,,,
2024-10-01,46.292327880859375,0.26836554654481615,0.26786111898167964,,,XLB,素材,value,,,,
2024-10-02,46.11416244506836,0.2676180414511002,0.26778009313815315,,,XLB,素材,value,,,,
2024-10-03,45.603759765625,0.26591070980214143,0.2671569653594826,,,XLB,素材,value,,,,
2024-10-04,45.82525634765625,0.2651222644405678,0.2664787317198444,,,XLB,素材,value,,,,
2024-10-07,45.69043731689453,0.26641611745494126,0.26645786029821,,,XLB,素材,value,,,,
2024-10-08,45.478572845458984,0.2645535890145354,0.2658231032036518,,,XLB,素材,value,,,,
2024-10-09,45.76748275756836,0.26441784560413,0.26535468400381124,,,XLB,素材,value,,,,
2024-10-10,45.873409271240234,0.26602658177723604,0.26557864992828617,,,XLB,素材,value,,,,
2024-10-11,46.17194747924805,0.26515321259594954,0.265436837484174,,,XLB,素材,value,,,,
2024-10-14,46.43677520751953,0.2647315901281877,0.2652017550321786,,,XLB,素材,value,,,,
2024-10-15,46.38861846923828,0.2656591577044598,0.26535422258960567,,,XLB,素材,value,,,,
2024-10-16,46.749755859375,0.26592891265360735,0.2655457859442729,,,XLB,素材,value,,,,
2024-10-17,46.82197952270508,0.26676569705646447,0.2659524229816701,,,XLB,素材,value,,,,
2024-10-18,47.00977325439453,0.26704039619473185,0.2663150807193574,,,XLB,素材,value,,,,
2024-10-21,46.648643493652344,0.26726672973365434,0.2666322970574564,,,XLB,素材,value,,,,
2024-10-22,46.22010040283203,0.266006392941156,0.26642366235202297,,,XLB,素材,value,,,,
2024-10-23,46.09490966796875,0.266160743722939,0.266336022808995,,,XLB,素材,value,,,,
2024-10-24,45.53153610229492,0.2628488944763722,0.2651736466981207,,,XLB,素材,value,,,,
2024-10-25,45.242637634277344,0.262427581797376,0.26425829173120585,,,XLB,素材,value,,,,
2024-10-28,45.61820602416992,0.26311398416617177,0.2638768558761945,,,XLB,素材,value,,,,
2024-10-29,45.32448959350586,0.2622104231085255,0.26332137828697155,,,XLB,素材,value,,,,
2024-10-30,45.5700569152832,0.2642080608037519,0.26361693912589834,,,XLB,素材,value,,,,
2024-10-31,44.968170166015625,0.2635283870987934,0.26358742178353,,,XLB,素材,value,,,,
2024-11-01,44.842979431152344,0.2626308270518118,0.26326855687295725,,,XLB,素材,value,,,,
2024-11-04,45.0403938293457,0.26347341667616536,0.26333684347402664,,,XLB,素材,value,,,,
2024-11-05,45.10781478881836,0.26082547398919054,0.26249972031241464,,,XLB,素材,value,,,,
2024-11-06,45.72895812988281,0.2583018302161185,0.26110042361364927,,,XLB,素材,value,,,,
2024-11-07,45.90711212158203,0.2590532016946524,0.260418016307317,,,XLB,素材,value,,,,
2024-11-08,45.48820114135742,0.2552670893496326,0.2587010406547555,,,XLB,素材,value,,,,
2024-11-11,45.29078674316406,0.25289549350575324,0.2567658582717548,,,XLB,素材,value,,,,
2024-11-12,44.52037048339844,0.25050264738785627,0.2546781213104553,,,XLB,素材,value,,,,
2024-11-13,44.626304626464844,0.2509620142111406,0.2534394189440171,,,XLB,素材,value,,,,
2024-11-14,44.26036071777344,0.250911796062861,0.25259687798363173,,,XLB,素材,value,,,,
2024-11-15,43.95219039916992,0.2509549607208041,0.25204957222935587,,,XLB,素材,value,,,,
2024-11-18,44.29405975341797,0.2518907060978981,0.2519966168522033,,,XLB,素材,value,,,,
2024-11-19,44.14960861206055,0.2517482756298473,0.25191383644475135,,,XLB,素材,value,,,,
2024-11-20,44.51073455810547,0.2529558065043699,0.25226115979795755,,,XLB,素材,value,,,,
2024-11-21,45.05484390258789,0.2528626860418364,0.2524616685459172,,,XLB,素材,value,,,,
2024-11-22,45.30522918701172,0.2522806916774711,0.25240134292310185,,,XLB,素材,value,,,,
2024-11-25,45.77229309082031,0.2525942687827081,0.2524656515429706,,,XLB,素材,value,,,,
2024-11-26,45.430419921875,0.2506808557000163,0.2518707195953192,,,XLB,素材,value,,,,
2024-11-27,45.40634536743164,0.25078911231069984,0.25151018383377943,,,XLB,素材,value,,,,
2024-11-29,45.63746643066406,0.2512998556677505,0.25144007444510313,,,XLB,素材,value,,,,
2024-12-02,45.60858154296875,0.25177153764059473,0.2515505621769337,,,XLB,素材,value,,,,
2024-12-03,45.46412658691406,0.2520921186211735,0.2517310809916803,,,XLB,素材,value,,,,
2024-12-04,45.02113723754883,0.24962239445192055,0.2510281854784271,,,XLB,素材,value,,,,
2024-12-05,44.42887496948242,0.24757424593859012,0.24987687229848143,,,XLB,素材,value,,,,
2024-12-06,44.25553512573242,0.2468879492326874,0.24888056460988345,,,XLB,素材,value,,,,
2024-12-09,44.24591064453125,0.24785141872863342,0.24853751598280013,,,XLB,素材,value,,,,
2024-12-10,43.79328918457031,0.24682827604196095,0.24796776933585374,,,XLB,素材,value,,,,
2024-12-11,43.639198303222656,0.24573194810854507,0.24722249559341752,,,XLB,素材,value,,,,
2024-12-12,43.335853576660156,0.24491816064385932,0.2464543839435648,,,XLB,素材,value,,,,
2024-12-13,42.96509552001953,0.2436759163504351,0.24552822807918825,,,XLB,素材,value,,,,
2024-12-16,42.58470153808594,0.2423166808019388,0.2444577123201051,,,XLB,素材,value,,,,
2024-12-17,42.34876251220703,0.24288715184671245,0.24393419216230758,,,XLB,素材,value,,,,
2024-12-18,41.14498519897461,0.24317856623656217,0.2436823168537258,,,XLB,素材,value,,,,
2024-12-19,40.70199203491211,0.24136124084007546,0.2429086248491757,,,XLB,素材,value,,,,
2024-12-20,41.207584381103516,0.2409843263561647,0.24226719201817204,,,XLB,素材,value,,,,
2024-12-23,41.175636291503906,0.24046965468972978,0.2416680129086913,,,XLB,素材,value,,,,
2024-12-24,41.39828109741211,0.23995942741112514,0.2410984844095026,,,XLB,素材,value,,,,
2024-12-26,41.33536148071289,0.23920419420600395,0.2404670543416697,,,XLB,素材,value,,,,
2024-12-27,41.11272048950195,0.23954505467052103,0.2401597211179535,98.178307613438,,XLB,素材,value,,2.0,,
2024-12-30,40.560935974121094,0.23873510342562496,0.23968484855384398,98.20045275284741,,XLB,素材,value,,1.0,,
2024-12-31,40.72549819946289,0.2392659660652953,0.23954522105766107,98.25443221415381,,XLB,素材,value,,1.0,,
2025-01-02,40.27535629272461,0.23731205314380155,0.23880083175304126,98.2428164777074,,XLB,素材,value,,2.0,,
2025-01-03,40.265682220458984,0.23510205374383858,0.23756790574997372,98.18502353446576,,XLB,素材,value,,1.0,,
2025-01-06,40.53672790527344,0.23684581919920247,0.23732721023304998,98.2317374233513,,XLB,素材,value,,2.0,0.0,
2025-01-07,40.51252746582031,0.23749971263295924,0.23738471103301975,98.30366606854832,,XLB,素材,value,,2.0,1.0,
2025-01-08,40.73517990112305,0.2385197194931263,0.2377630471863886,98.40238683465468,,XLB,素材,value,,2.0,1.0,
2025-01-10,40.31892013549805,0.23958445255710728,0.2383701823099615,98.51727661076912,,XLB,素材,value,,2.0,0.0,
2025-01-13,41.21919631958008,0.24294290987255157,0.23989442483082488,98.7150963712585,,XLB,素材,value,,2.0,1.0,
2025-01-14,41.732261657714844,0.24399723543630378,0.24126202836598454,98.88998775896445,,XLB,素材,value,,3.0,1.0,1.0
2025-01-15,42.1291618347168,0.24397612053670603,0.24216672575622505,99.0139920214492,,XLB,素材,value,,3.0,1.0,0.0
2025-01-16,42.477657318115234,0.24407215667804225,0.2428018693968308,99.10816184027604,,XLB,素材,value,,3.0,1.0,0.0
2025-01-17,42.75354766845703,0.24447031264301103,0.24335801714555755,99.19297844234556,,XLB,素材,value,,3.0,1.0,1.0
2025-01-21,43.30048751831055,0.24475653082243207,0.2438241883711824,99.2677687722354,,XLB,素材,value,,3.0,1.0,0.0
2025-01-22,42.95199203491211,0.24364279991787696,0.24376372555341394,99.28568535631287,,XLB,素材,value,,3.0,0.0,-1.0
2025-01-23,43.18916320800781,0.2438327339551842,0.24378672835400406,99.3121017976972,,XLB,素材,value,,3.0,0.0,-1.0
2025-01-24,43.077842712402344,0.24341782781226037,0.24366376150675617,99.32168371521666,,XLB,素材,value,,3.0,0.0,-1.0
2025-01-27,43.10204315185547,0.24339426428422978,0.24357392909924738,99.33430684274516,,XLB,素材,value,,3.0,0.0,-1.0
2025-01-28,42.961673736572266,0.24380517260370008,0.2436510102673983,99.36703104441307,,XLB,素材,value,,4.0,1.0,0.0
2025-01-29,42.88422775268555,0.24417327361307123,0.2438250980492893,99.41230575091929,,XLB,素材,value,,4.0,1.0,1.0
2025-01-30,43.29080581665039,0.24388496608217558,0.24384505406025142,99.43870158839862,,XLB,素材,value,,5.0,2.0,2.0
2025-01-31,42.976200103759766,0.24411639334443974,0.2439355004883142,99.47465664457482,,XLB,素材,value,,6.0,3.0,3.0
2025-02-03,43.01975631713867,0.2457059413432912,0.2445256474399732,99.57970736454584,,XLB,素材,value,,5.0,2.0,2.0
2025-02-04,43.14560317993164,0.24612430782739972,0.24505853423578206,99.68217535362825,,XLB,素材,value,,6.0,2.0,1.0
2025-02-05,43.111717224121094,0.24473763788296107,0.24495156878484176,99.69522809457638,,XLB,素材,value,,6.0,2.0,1.0
2025-02-06,43.26176834106445,0.24591489612683615,0.24527267789883989,99.77635883588525,,XLB,素材,value,,6.0,1.0,-1.0
2025-02-07,42.734188079833984,0.24411556228698608,0.24488697269488863,99.74539855755971,,XLB,素材,value,,4.0,-2.0,-5.0
2025-02-10,42.95199203491211,0.24466736896909738,0.2448137714529582,99.7646143203422,,XLB,素材,value,,2.0,-3.0,-5.0
2025-02-11,43.20368576049805,0.2460738641341152,0.24523380234667722,99.87667851430326,,XLB,素材,value,,1.0,-5.0,-7.0
2025-02-12,42.89391326904297,0.24573698835817953,0.245401531017178,99.9461491091254,,XLB,素材,value,,2.0,-4.0,-6.0
2025-02-13,43.639305114746094,0.24785568249879342,0.24621958151104983,100.1499739095966,,XLB,素材,value,,3.0,-3.0,-4.0
2025-02-14,43.4892578125,0.24724898599367848,0.24656271633859272,100.25642701451056,,XLB,素材,value,,5.0,1.0,3.0
2025-02-18,44.041038513183594,0.24847864297717046,0.24720135855145198,100.42560115757922,,XLB,素材,value,,5.0,3.0,6.0
2025-02-19,43.523136138916016,0.24505974740479136,0.24648748816923177,100.29551896671094,,XLB,素材,value,,5.0,4.0,9.0
2025-02-20,43.42149353027344,0.2451040490512834,0.24602634179658234,100.21727776715078,,XLB,素材,value,,4.0,2.0,6.0
2025-02-21,42.6276969909668,0.24404890030528292,0.24536719463281587,100.091716725364,,XLB,素材,value,,3.0,0.0,3.0
2025-02-24,42.57929992675781,0.24356866074276268,0.2447676833361315,99.9769550312083,,XLB,素材,value,,3.0,-2.0,-3.0
2025-02-25,42.90842819213867,0.24520615547904567,0.24491384071710293,100.04119412973388,,XLB,素材,value,,4.0,-1.0,-4.0
2025-02-26,42.88907241821289,0.2456135816937996,0.2451470877093352,100.13136631880835,,XLB,素材,value,,4.0,-1.0,-5.0
2025-02-27,42.59865951538086,0.2460997960323901,0.2454646571503535,100.24815459641117,,XLB,素材,value,,4.0,0.0,-2.0
2025-02-28,42.961673736572266,0.245469508990581,0.24546627443042934,100.28808903215368,,XLB,素材,value,,4.0,1.0,1.0
2025-03-03,42.10011672973633,0.24313775348795155,0.24469010078293674,100.11137672265056,,XLB,素材,value,,4.0,1.0,3.0
2025-03-04,41.52897644042969,0.24377779023797158,0.24438599726794835,100.05949709045011,,XLB,素材,value,,4.0,0.0,1.0
2025-03-05,42.61317825317383,0.24783869746778658,0.24553689733456113,100.43937211638581,,XLB,素材,value,,5.0,1.0,2.0
2025-03-06,42.390525817871094,0.2493042315946564,0.24679267542125957,100.87559772697453,,XLB,素材,value,,5.0,1.0,1.0
2025-03-07,42.506690979003906,0.24766708437668228,0.24708414507306714,101.03328498955753,,XLB,素材,value,,8.0,4.0,3.0
2025-03-10,41.62092971801758,0.2459725231247168,0.24671360442361703,100.97096096594224,,XLB,素材,value,,7.0,3.0,2.0
2025-03-11,41.30147933959961,0.24737923127956082,0.24693548004226498,101.0905741366645,,XLB,素材,value,,7.0,3.0,3.0
2025-03-12,41.10787582397461,0.2473854401723992,0.24708546675230972,101.17065067467311,,XLB,素材,value,,7.0,2.0,1.0
2025-03-13,41.07883834838867,0.2496036176512692,0.24792485038529624,101.48107535982142,,XLB,素材,value,,7.0,2.0,1.0
2025-03-14,41.61609649658203,0.248137593663929,0.24799576481150717,101.50592873380961,,XLB,素材,value,,7.0,-1.0,-5.0
2025-03-17,42.13883972167969,0.24790897209482157,0.24796683390594532,101.48271263329435,,XLB,素材,value,,7.0,0.0,-3.0
2025-03-18,42.06624221801758,0.24877559256095214,0.24823642012428093,101.54877225406953,,XLB,素材,value,,7.0,0.0,-3.0
2025-03-19,42.206600189208984,0.247769600259983,0.2480808135028483,101.45814973400147,,XLB,素材,value,,7.0,0.0,-2.0
2025-03-20,41.94039535522461,0.24723602823878205,0.24779921841482622,101.32339311668144,,XLB,素材,value,,7.0,0.0,-2.0
2025-03-21,41.524131774902344,0.24590867659214052,0.24716903780726432,101.08038830826973,,XLB,素材,value,,7.0,0.0,1.0
2025-03-24,42.08681869506836,0.24543757972467264,0.24659188511306712,100.86448994721195,,XLB,素材,value,,7.0,0.0,0.0
2025-03-25,42.077083587646484,0.24596876986882207,0.24638418003165213,100.77327209916787,,XLB,素材,value,,6.0,-1.0,-1.0
2025-03-26,42.15489959716797,0.24688853952690645,0.24655229986340357,100.80488104592602,,XLB,素材,value,,6.0,-1.0,-1.0
2025-03-27,42.13545227050781,0.2474110836557243,0.2468385611275105,100.87246140439193,,XLB,素材,value,,7.0,0.0,0.0
2025-03-28,41.362186431884766,0.24667337787757387,0.2467835000441983,100.82675775156831,,XLB,素材,value,,5.0,-2.0,-2.0
2025-03-31,41.81447219848633,0.24731220277852833,0.246959734288975,100.85783031851368,,XLB,素材,value,,5.0,-2.0,-2.0
2025-04-01,41.970096588134766,0.2479749472978727,0.24729813862527425,100.9429871470842,,XLB,素材,value,,6.0,0.0,1.0
2025-04-02,42.31539535522461,0.24794191744441835,0.24751273156498896,100.98824023246026,,XLB,素材,value,,6.0,0.0,1.0
2025-04-03,40.404117584228516,0.24858512246828807,0.247870195199422,101.08388096499675,,XLB,素材,value,,5.0,-2.0,-2.0
2025-04-04,37.875213623046875,0.24688787930991268,0.24754275656958558,100.94826360318582,,XLB,素材,value,,6.0,1.0,3.0
2025-04-07,37.267303466796875,0.24496688756999288,0.24668413356972135,100.62019884443207,98.786594016597,XLB,素材,value,Weakening,7.0,2.0,4.0
2025-04-08,36.119571685791016,0.24198694324900283,0.24511840346281522,99.96892282401444,97.07839498830457,XLB,素材,value,Lagging,5.0,-1.0,-1.0
2025-04-09,39.27583694458008,0.24364781200020597,0.24462820630861215,99.68973813849927,96.67364645338776,XLB,素材,value,Lagging,3.0,-3.0,-3.0
2025-04-10,38.02111053466797,0.24408096067778992,0.24444579109833808,99.50869011774152,96.51866012350649,XLB,素材,value,Lagging,4.0,-1.0,1.0
2025-04-11,39.14939498901367,0.24757022311857294,0.2454872684384164,99.97719839226842,97.86225234362887,XLB,素材,value,Lagging,4.0,-2.0,-3.0
2025-04-14,39.62113571166992,0.24739262722336605,0.24612238803339961,100.31039589451778,99.1737428249046,XLB,素材,value,Weakening,5.0,-2.0,-4.0
2025-04-15,39.30988693237305,0.24624460201565532,0.24616312602748486,100.30630586976801,100.44391285475291,XLB,素材,value,Leading,5.0,0.0,1.0
2025-04-16,39.003501892089844,0.24750307038828842,0.24660977414775273,100.58284200985406,101.51398334701804,XLB,素材,value,Leading,5.0,2.0,5.0
2025-04-17,39.270973205566406,0.24736194355486696,0.2468604972834575,100.73607357455586,102.09143322449727,XLB,素材,value,Leading,5.0,1.0,2.0
2025-04-21,38.67279052734375,0.2485915538546374,0.24743751614051748,101.1234591923872,101.88408525879215,XLB,素材,value,Leading,7.0,3.0,5.0
2025-04-22,39.57735824584961,0.24828435562837417,0.24771979596980306,101.29201100577889,101.54339436850645,XLB,素材,value,Leading,8.0,3.0,5.0
2025-04-23,39.62599563598633,0.24620761679229097,0.2472157362439657,100.89413048441166,100.81611600170564,XLB,素材,value,Leading,6.0,1.0,1.0
2025-04-24,40.481929779052734,0.247340968546118,0.24725748034468314,100.89907048360845,100.32163532945818,XLB,素材,value,Leading,6.0,1.0,-1.0
2025-04-25,40.1804084777832,0.24585053165814413,0.24678849744917014,100.5180469251161,99.36470600239024,XLB,素材,value,Weakening,6.0,1.0,0.0
2025-04-28,40.25335693359375,0.2456075114052435,0.24639483543452795,100.18172718396339,98.13930743306283,XLB,素材,value,Weakening,6.0,-1.0,-4.0
2025-04-29,40.58892059326172,0.24621801221780415,0.2463358943622867,100.10330711440828,97.82951137783,XLB,素材,value,Weakening,6.0,-2.0,-5.0
2025-04-30,40.79804611206055,0.2471354373431973,0.24660240868925692,100.29893553094401,98.86466829953748,XLB,素材,value,Weakening,6.0,0.0,-1.0
2025-05-01,40.61810302734375,0.24638044141649124,0.24652841959833505,100.20559551763058,98.73873196622593,XLB,素材,value,Weakening,6.0,0.0,-1.0
2025-05-02,41.303829193115234,0.24619639446936475,0.24641774455534496,100.0738807071973,99.17062899168447,XLB,素材,value,Weakening,4.0,-2.0,-3.0
2025-05-05,40.99744415283203,0.2451831804943289,0.24600622320167295,99.66122915589746,99.07117950780383,XLB,素材,value,Lagging,4.0,-2.0,-1.0
2025-05-06,40.70077896118164,0.24522686898215956,0.2457464384618352,99.3974979750771,98.80752446431785,XLB,素材,value,Lagging,3.0,-3.0,-1.0
2025-05-07,40.47706985473633,0.24228326983765125,0.24459204892044056,98.30702624616242,97.02648679452477,XLB,素材,value,Lagging,3.0,-3.0,-3.0
2025-05-08,41.01689147949219,0.24346626198896193,0.2442167866099477,98.01414814468073,97.02399998154404,XLB,素材,value,Lagging,2.0,-4.0,-4.0
2025-05-09,41.12388610839844,0.24415790145029212,0.24419715822339583,98.03984085234818,97.43851108748005,XLB,素材,value,Lagging,2.0,-2.0,0.0
2025-05-12,42.077083587646484,0.24315258042631266,0.2438489656243681,97.79206608733853,97.78936532862377,XLB,素材,value,Lagging,2.0,-2.0,0.0
2025-05-13,41.86796188354492,0.241399480841229,0.2430324706966551,97.25836253521766,97.61300996819686,XLB,素材,value,Lagging,2.0,-1.0,2.0
2025-05-14,41.4837646484375,0.24063325061384633,0.2422327306690522,96.89169920074671,98.53684291312804,XLB,素材,value,Lagging,2.0,-1.0,2.0
2025-05-15,41.90687942504883,0.24089183445741544,0.2417857652651733,96.88213221210418,98.90669811523786,XLB,素材,value,Lagging,2.0,0.0,4.0
2025-05-16,42.334842681884766,0.2409858618240238,0.24151913078479015,96.99723740466743,99.04230955379087,XLB,素材,value,Lagging,2.0,0.0,2.0
2025-05-19,42.441829681396484,0.2416217144299655,0.24155332533318194,97.25314394187562,99.65182624318638,XLB,素材,value,Lagging,2.0,0.0,2.0
2025-05-20,42.36888885498047,0.2418380067379105,0.24164821913475815,97.49665640475578,100.57411258017301,XLB,素材,value,Improving,2.0,0.0,1.0
2025-05-21,41.804744720458984,0.2439314639952747,0.24240930075493033,98.04073296212252,101.60537633885536,XLB,素材,value,Improving,3.0,1.0,2.0
2025-05-22,41.76097869873047,0.24445569580907062,0.2430914324396438,98.47681631348517,102.02195264336684,XLB,素材,value,Improving,4.0,2.0,2.0
2025-05-23,41.67829513549805,0.2449513505767201,0.24371140515200257,98.8408038873348,102.17415854958027,XLB,素材,value,Improving,4.0,2.0,2.0
2025-05-27,42.40779113769531,0.2446772274755698,0.24403334592652498,99.03176946774305,101.99913213517192,XLB,素材,value,Improving,4.0,2.0,2.0
2025-05-28,41.829063415527344,0.24340792827122723,0.24382487337475908,98.93772059417172,101.58681227982518,XLB,素材,value,Improving,4.0,2.0,2.0
2025-05-29,41.98468780517578,0.2437183267909433,0.24378935784682051,98.94243962989717,101.01358135687191,XLB,素材,value,Improving,4.0,1.0,0.0
2025-05-30,41.98955154418945,0.243843257957525,0.2438073245503887,98.9750733837385,100.5989106797709,XLB,素材,value,Improving,4.0,0.0,-2.0
2025-06-02,42.237579345703125,0.24508915385122113,0.24423460098399952,99.20954045854309,100.46368836573672,XLB,素材,value,Improving,4.0,0.0,-2.0
2025-06-03,42.670406341552734,0.24555634809046406,0.24467518335282104,99.44121985947298,100.49753854896662,XLB,素材,value,Improving,4.0,0.0,-2.0
2025-06-04,42.830894470214844,0.24703495011055984,0.24546177227206734,99.86210265689333,100.99922328696375,XLB,素材,value,Improving,5.0,1.0,-1.0
2025-06-05,42.578006744384766,0.24624170176220736,0.2457217487687807,100.01009261832563,101.12816780141615,XLB,素材,value,Leading,6.0,2.0,1.0
2025-06-06,42.68986129760742,0.24477466294434658,0.24540605349396932,99.85462906086933,100.93740893927128,XLB,素材,value,Improving,6.0,2.0,2.0
2025-06-09,42.9767951965332,0.2463785373435481,0.24573021477716225,100.03751368127547,100.88715912034718,XLB,素材,value,Leading,7.0,3.0,3.0
2025-06-10,43.24427795410156,0.24668350533518513,0.24604797829650324,100.21725704952193,100.84297262239131,XLB,素材,value,Leading,7.0,3.0,3.0
2025-06-11,42.816307067871094,0.24493768076749906,0.24567787912016853,100.02918166666178,100.24651620462252,XLB,素材,value,Leading,7.0,2.0,1.0
2025-06-12,42.996253967285156,0.24539163915251566,0.2455824657976176,99.99747346622372,100.07678846006633,XLB,素材,value,Improving,7.0,1.0,-1.0
2025-06-13,42.49532699584961,0.24550025092389624,0.24555506083971052,100.00377547459019,100.24497774358518,XLB,素材,value,Leading,7.0,1.0,-1.0
2025-06-16,42.85520935058594,0.24521498139950074,0.24544170102630725,99.96222824209958,100.02850009097813,XLB,素材,value,Improving,7.0,0.0,-3.0
2025-06-17,42.43697738647461,0.24517699088909295,0.24535346431390248,99.93686015733252,99.83280986379961,XLB,素材,value,Lagging,6.0,-1.0,-4.0
2025-06-18,42.31539535522461,0.24444699629325228,0.2450513083070191,99.78569084540733,99.87854940213043,XLB,素材,value,Lagging,6.0,-1.0,-3.0
2025-06-20,42.0284538269043,0.24239305407441838,0.2441652235628189,99.28798179713385,99.41675193729496,XLB,素材,value,Lagging,6.0,-1.0,-2.0
2025-06-23,42.496734619140625,0.24294895532244057,0.2437598008160261,99.07559215622551,99.20732368787327,XLB,素材,value,Lagging,4.0,-3.0,-4.0
2025-06-24,42.848670959472656,0.24266331873676453,0.2433943067896056,98.89281525209658,99.07716965965301,XLB,素材,value,Lagging,4.0,-3.0,-3.0
2025-06-25,42.438072204589844,0.24208461162571634,0.24295774173497586,98.67929690514141,98.9038443138188,XLB,素材,value,Lagging,1.0,-5.0,-4.0
2025-06-26,42.907325744628906,0.24292808926426937,0.24294785757807372,98.71801267802144,99.1033533334784,XLB,素材,value,Lagging,3.0,-3.0,-2.0
2025-06-27,42.96109390258789,0.24234501723099536,0.24274691079571425,98.64806306453077,99.5302535578445,XLB,素材,value,Lagging,3.0,-3.0,-2.0
2025-06-30,42.92198944091797,0.2409920206080746,0.24216194739983438,98.37396745202668,99.47741746745734,XLB,素材,value,Lagging,2.0,-2.0,1.0
2025-07-01,44.03158187866211,0.24435813024801092,0.24289400834922656,98.83113478915132,100.1096082515592,XLB,素材,value,Improving,4.0,0.0,3.0
2025-07-02,44.691463470458984,0.2474549456480276,0.24441432078216024,99.72297843215128,101.17412884978518,XLB,素材,value,Improving,7.0,6.0,11.0
2025-07-03,44.66213607788086,0.24610407229242262,0.24497757128558106,100.07467468965713,101.4378628581594,XLB,素材,value,Leading,7.0,4.0,7.0
2025-07-07,44.23198699951172,0.24569743689715381,0.24521752648943865,100.24802326272909,101.6161883281127,XLB,素材,value,Leading,7.0,4.0,7.0
2025-07-08,44.59370803833008,0.24708801138881792,0.24584102145589842,100.65593430529893,102.14110492717742,XLB,素材,value,Leading,8.0,6.0,8.0
2025-07-09,44.862548828125,0.24783742686440194,0.2465064899253996,101.07209711608589,101.99977715208138,XLB,素材,value,Leading,10.0,6.0,6.0
2025-07-10,45.10205841064453,0.24772552948476792,0.24691283644518905,101.28920994436373,101.36052387228479,XLB,素材,value,Leading,10.0,3.0,-3.0
2025-07-11,44.73545837402344,0.24752396503980223,0.24711654597672678,101.36842879754614,101.08947133314388,XLB,素材,value,Leading,11.0,4.0,0.0
2025-07-14,44.486175537109375,0.24589133316307718,0.24670814170551025,101.09023204816503,100.6731959207473,XLB,素材,value,Leading,9.0,2.0,-2.0
2025-07-15,43.57210159301758,0.24422556639970017,0.24588061660357358,100.59103309860807,99.86344224474351,XLB,素材,value,Weakening,8.0,0.0,-6.0
2025-07-16,43.689414978027344,0.24393179896655498,0.24523101072456738,100.2129315583139,99.17305679686092,XLB,素材,value,Weakening,7.0,-3.0,-9.0
2025-07-17,43.99736404418945,0.24366463024877458,0.24470888389930312,99.91368413209534,98.7582215328523,XLB,素材,value,Lagging,7.0,-3.0,-6.0
2025-07-18,44.100013732910156,0.24432594968918833,0.24458123916259822,99.85494287738324,98.68476767078118,XLB,素材,value,Lagging,7.0,-4.0,-8.0
2025-07-21,44.32486343383789,0.246414555425995,0.2451923445837305,100.245064085732,99.28454052556032,XLB,素材,value,Weakening,7.0,-2.0,-4.0
2025-07-22,44.93586730957031,0.24666663986342408,0.24568377634362837,100.5753029950128,100.017516318326,XLB,素材,value,Leading,7.0,-1.0,-1.0
2025-07-23,45.08739471435547,0.2454649158535239,0.24561082284692687,100.56522247483765,100.34888369767494,XLB,素材,value,Leading,8.0,1.0,4.0
2025-07-24,44.6230354309082,0.24371701089028666,0.24497955219471346,100.18577071202613,100.2835191510938,XLB,素材,value,Leading,7.0,0.0,3.0
2025-07-25,45.150943756103516,0.24541804580697665,0.2451257167321345,100.31111717905605,100.44286172527741,XLB,素材,value,Leading,8.0,1.0,5.0
2025-07-28,44.495941162109375,0.24329634464697497,0.24451592603708133,99.92407798910662,99.76253375884838,XLB,素材,value,Lagging,7.0,0.0,2.0
2025-07-29,44.32486343383789,0.24247783256001398,0.24383656154472558,99.48211875652059,99.08901000362555,XLB,素材,value,Lagging,5.0,-2.0,-1.0
2025-07-30,43.43034744262695,0.23913566306188455,0.24226959538377857,98.4564568276527,98.24410638477649,XLB,素材,value,Lagging,1.0,-7.0,-8.0
2025-07-31,42.88288497924805,0.2382943263626084,0.2409445057100552,97.6788173757076,97.99384535968551,XLB,素材,value,Lagging,1.0,-6.0,-6.0
2025-08-01,42.38919448852539,0.23823652701106798,0.24004184614372615,97.28124300374544,97.6922618685424,XLB,素材,value,Lagging,1.0,-7.0,-8.0
2025-08-04,42.95132064819336,0.238479805458422,0.23952116591529143,97.18050322141961,98.01582562463513,XLB,素材,value,Lagging,1.0,-6.0,-6.0
2025-08-05,43.25437545776367,0.2408307855269361,0.23995770578583966,97.59843810313703,98.71284334227136,XLB,素材,value,Lagging,1.0,-4.0,-2.0
2025-08-06,42.78512191772461,0.23875223950037164,0.23955588369068365,97.53713197321687,99.45020939780797,XLB,素材,value,Lagging,1.0,0.0,7.0
2025-08-07,42.97087097167969,0.2399330844661646,0.23968161728251064,97.74742771939455,100.17918629957134,XLB,素材,value,Improving,1.0,0.0,6.0
2025-08-08,43.185943603515625,0.24069933449159955,0.24002085635220693,98.0274693019919,100.67753657710483,XLB,素材,value,Improving,1.0,0.0,7.0
2025-08-11,43.08818435668945,0.24081210236709583,0.24028460502383658,98.24005146346589,100.89589500318857,XLB,素材,value,Improving,2.0,1.0,7.0
2025-08-12,43.65031051635742,0.24089275520533385,0.24048732175100235,98.40209532975337,100.66771614766517,XLB,素材,value,Improving,3.0,2.0,6.0
2025-08-13,44.47150802612305,0.24196987087815722,0.2409815047933873,98.67686095387832,100.91228402786491,XLB,素材,value,Improving,5.0,4.0,4.0
2025-08-14,44.00713348388672,0.24101107018285844,0.24099135992321102,98.70368730660223,100.73627221784285,XLB,素材,value,Improving,4.0,3.0,3.0
2025-08-15,44.00713348388672,0.24160753433442292,0.241196751393615,98.81163252144023,100.57216120717058,XLB,素材,value,Improving,4.0,3.0,3.0
2025-08-18,43.752960205078125,0.24026378293662717,0.2408857619079524,98.67653973469343,100.26592122890852,XLB,素材,value,Improving,4.0,2.0,1.0
2025-08-19,44.01691818237305,0.24058686010631652,0.2407861279740738,98.64466671518824,100.0937469880189,XLB,素材,value,Improving,4.0,1.0,-1.0
2025-08-20,44.05113220214844,0.240993328917388,0.24085519495517854,98.69174681291697,99.90600879722854,XLB,素材,value,Lagging,4.0,-1.0,-5.0
2025-08-21,44.183109283447266,0.24256067002597764,0.24142368664544492,98.96951113276154,100.12869280522973,XLB,素材,value,Improving,4.0,0.0,-3.0
2025-08-22,45.058067321777344,0.24263845284626276,0.2418286087123842,99.17019375825663,100.22617402378323,XLB,素材,value,Improving,4.0,0.0,-3.0
2025-08-25,44.808780670166016,0.2431566883923723,0.24227130193904692,99.38617210890055,100.54984864292062,XLB,素材,value,Improving,5.0,1.0,-1.0
2025-08-26,44.93098449707031,0.24365139197769983,0.24273133195193125,99.60691332121202,100.79035820498291,XLB,素材,value,Improving,6.0,2.0,1.0
2025-08-27,45.04340744018555,0.2433815023397305,0.24294805541453102,99.71271095724971,100.85303746181901,XLB,素材,value,Improving,6.0,2.0,3.0
2025-08-28,45.04340744018555,0.24349756004612652,0.24313122362506284,99.80138095454247,100.68737551636873,XLB,素材,value,Improving,6.0,2.0,2.0
2025-08-29,45.10694885253906,0.24402207098173406,0.24342817274395329,99.94001691074779,100.62744345240242,XLB,素材,value,Improving,6.0,2.0,2.0
2025-09-02,44.76967239379883,0.24412588583277453,0.2436607437735604,100.05065795081809,100.52941819369356,XLB,素材,value,Leading,6.0,1.0,0.0
2025-09-03,44.46661376953125,0.242849711821782,0.24339039978963428,99.93604611179556,100.23508192385803,XLB,素材,value,Improving,6.0,0.0,-2.0
2025-09-04,44.6376953125,0.2419966283655233,0.24292580931493063,99.73974783711948,99.98124298614145,XLB,素材,value,Lagging,5.0,-1.0,-3.0
2025-09-05,44.95052719116211,0.243408105247885,0.24308657462591543,99.83185451971562,99.9988611704797,XLB,素材,value,Lagging,5.0,-1.0,-3.0
2025-09-08,44.9896354675293,0.2438139595537714,0.2433290362685341,99.95983932147492,100.00153941129933,XLB,素材,value,Improving,8.0,2.0,0.0
2025-09-09,44.25642776489258,0.2405815227994224,0.24241319844549689,99.55149956149023,99.5542496813999,XLB,素材,value,Lagging,5.0,-1.0,-2.0
2025-09-10,44.33952713012695,0.24127748226206894,0.24203462638435425,99.39642717586459,99.53561507380127,XLB,素材,value,Lagging,5.0,-1.0,-1.0
2025-09-11,45.26825714111328,0.24269448175488686,0.24225457817453178,99.5232411867761,99.83201425601503,XLB,素材,value,Lagging,5.0,0.0,1.0
2025-09-12,44.81367111206055,0.24199921374591649,0.2421694566983267,99.50413453699377,99.7365333545312,XLB,素材,value,Lagging,5.0,0.0,1.0
2025-09-15,44.45195007324219,0.24046581908853545,0.24160157749506297,99.25392723401148,99.40998237118932,XLB,素材,value,Lagging,4.0,-4.0,-6.0
2025-09-16,44.315086364746094,0.2403625988788284,0.2411885846229848,99.08161286554918,99.62785684830976,XLB,素材,value,Lagging,3.0,-2.0,-1.0
2025-09-17,44.41773223876953,0.24068906800389409,0.24102207908328788,99.03097396048244,99.7227715166579,XLB,素材,value,Lagging,3.0,-2.0,-1.0
2025-09-18,44.41773223876953,0.23912714532449156,0.24039043449702244,98.7617297346179,99.37703309875161,XLB,素材,value,Lagging,2.0,-3.0,-3.0
2025-09-19,44.3981819152832,0.23943874391236003,0.24007320430213497,98.65430732589262,99.30100908319032,XLB,素材,value,Lagging,2.0,-3.0,-3.0
2025-09-22,44.382957458496094,0.239242373221792,0.23979626060868733,98.57278828963462,99.44674906816753,XLB,素材,value,Lagging,2.0,-2.0,2.0
2025-09-23,44.24053192138672,0.23818397083380605,0.23925883068372691,98.38249946655769,99.42313509445272,XLB,素材,value,Lagging,2.0,-1.0,1.0
2025-09-24,43.70029830932617,0.2358252909729725,0.23811431744680878,97.9574618826486,99.08183285817304,XLB,素材,value,Lagging,2.0,-1.0,1.0
2025-09-25,43.13058853149414,0.23468301506813397,0.23697054998725053,97.60548101506357,99.00980960241652,XLB,素材,value,Lagging,1.0,-1.0,2.0
2025-09-26,43.63153839111328,0.23507965344732504,0.2363402511406087,97.51475376567245,99.03715548466565,XLB,素材,value,Lagging,1.0,-1.0,2.0
2025-09-29,43.79852294921875,0.23519357473945723,0.23595802567355822,97.5322465432404,99.13358326059112,XLB,素材,value,Lagging,1.0,-1.0,1.0
2025-09-30,44.01461410522461,0.2357310031510433,0.2358823514993866,97.658046639009,99.42627569973646,XLB,素材,value,Lagging,1.0,-1.0,0.0
2025-10-01,43.55295944213867,0.232730942278088,0.23483188175895375,97.45909444607871,99.64648500980816,XLB,素材,value,Lagging,1.0,-1.0,0.0
2025-10-02,44.058815002441406,0.23487814181117642,0.23484730177636132,97.61874595372583,100.12545890593272,XLB,素材,value,Improving,1.0,0.0,1.0
2025-10-03,44.132484436035156,0.2344466632324314,0.23471375559505137,97.71087279012954,100.31794733543579,XLB,素材,value,Improving,2.0,1.0,2.0
2025-10-06,44.09319305419922,0.23431141901170677,0.23457964340060317,97.786505924237,100.41877378918173,XLB,素材,value,Improving,3.0,2.0,3.0
2025-10-07,43.91638946533203,0.23440175278582231,0.23452034652900958,97.86762550857524,100.42566408982569,XLB,素材,value,Improving,2.0,1.0,2.0
2025-10-08,44.15212631225586,0.23489489876368105,0.2346451972739001,97.98647012462283,100.78061951941586,XLB,素材,value,Improving,4.0,3.0,4.0
2025-10-09,43.54804229736328,0.233613916359284,0.23430143696902805,97.95866431405642,100.6132606743467,XLB,素材,value,Improving,3.0,2.0,2.0
2025-10-10,42.654197692871094,0.23409684159398383,0.23423323851067998,98.01395462360372,100.58817907610776,XLB,素材,value,Improving,2.0,0.0,-1.0
2025-10-13,43.33195114135742,0.23552639534408276,0.23466429078848092,98.21111350189636,100.70608907064725,XLB,素材,value,Improving,2.0,-1.0,-3.0
2025-10-14,43.76414108276367,0.23591919532407105,0.23508259230034428,98.39421342970682,100.78924313136208,XLB,素材,value,Improving,3.0,1.0,0.0
2025-10-15,43.567691802978516,0.23438761363921812,0.23485093274663557,98.38539842211735,100.63060922379093,XLB,素材,value,Improving,1.0,-3.0,-6.0
2025-10-16,43.24354934692383,0.23486997660424205,0.23485728069917106,98.44376557699992,100.69713603839605,XLB,素材,value,Improving,2.0,-1.0,-3.0
2025-10-17,43.160057067871094,0.23323202696269962,0.2343155294536806,98.34280609735525,100.50994886977155,XLB,素材,value,Improving,2.0,0.0,0.0
2025-10-20,43.67573547363281,0.23368198406395904,0.23410434765710675,98.33443137951386,100.28552533310463,XLB,素材,value,Improving,2.0,0.0,1.0
2025-10-21,43.50875473022461,0.23172691704652035,0.2333118707869113,98.16660212405169,99.91659892644778,XLB,素材,value,Lagging,2.0,-1.0,-2.0
2025-10-22,43.37615203857422,0.23214025562789348,0.23292133240057203,98.12541013317714,99.89054030465266,XLB,素材,value,Lagging,2.0,1.0,4.0
2025-10-23,43.89674758911133,0.23381785415536244,0.23322017298550218,98.27025278860661,99.9950241636141,XLB,素材,value,Lagging,2.0,0.0,1.0
2025-10-24,43.71503448486328,0.23221688696228726,0.23288574431109724,98.23853831952495,100.06658092215852,XLB,素材,value,Improving,2.0,0.0,0.0
2025-10-27,43.69538497924805,0.2310854992398346,0.23228566262067638,98.14378340912938,99.95670918620915,XLB,素材,value,Lagging,2.0,0.0,0.0
2025-10-28,43.75431823730469,0.23340181726470657,0.23265771416868647,98.31925671500721,100.30533954144295,XLB,素材,value,Improving,2.0,0.0,1.0
2025-10-29,42.89484786987305,0.2314050176939648,0.23224014867711257,98.2790980904922,100.27554607373932,XLB,素材,value,Improving,2.0,0.0,-1.0
2025-10-30,42.32023620605469,0.22929131225776006,0.23125720320399507,98.10494176606505,99.81152755753656,XLB,素材,value,Lagging,2.0,0.0,0.0
2025-10-31,42.07467269897461,0.2274635328228517,0.2299926464102806,97.89010821529457,99.44311914385142,XLB,素材,value,Lagging,1.0,-1.0,-1.0
2025-11-03,41.81437301635742,0.22661096077753118,0.22886541786603082,97.7442557553414,99.2770280446273,XLB,素材,value,Lagging,1.0,-1.0,-1.0
2025-11-04,41.60810470581055,0.22699454745999043,0.2282417943973507,97.73484735180928,98.94730240063753,XLB,素材,value,Lagging,1.0,-1.0,-1.0
2025-11-05,41.85366439819336,0.22700553692479084,0.2278297085731641,97.77520906231489,99.10446362023336,XLB,素材,value,Lagging,1.0,-1.0,-1.0
2025-11-06,41.64739227294922,0.22748981802254808,0.22771641172295878,97.87240190241992,99.58109065980787,XLB,素材,value,Lagging,1.0,-1.0,-1.0
2025-11-07,42.148338317871094,0.2283112897662619,0.22791470440405984,98.01894194213357,100.2241661873266,XLB,素材,value,Improving,1.0,0.0,1.0
2025-11-10,42.54615020751953,0.2291467017285291,0.22832537017888294,98.18988822793618,100.79368262660851,XLB,素材,value,Improving,1.0,0.0,1.0
2025-11-11,42.9881591796875,0.23019715295593796,0.22894929777123463,98.38454569905578,101.19282501776203,XLB,素材,value,Improving,1.0,0.0,1.0
2025-11-12,43.29266357421875,0.23127920052463635,0.22972593202236857,98.59312930864351,101.50917357426478,XLB,素材,value,Improving,2.0,1.0,2.0
2025-11-13,43.00780487060547,0.2323845740464601,0.2306121460303991,98.81010224246025,101.70949787845902,XLB,素材,value,Improving,2.0,1.0,2.0
2025-11-14,42.61491012573242,0.23110972042352299,0.2307780041614404,98.87990583249544,101.53720787038404,XLB,素材,value,Improving,2.0,1.0,1.0
2025-11-17,41.96662139892578,0.23062224014434746,0.23072608282240942,98.90540988375669,101.25182443413286,XLB,素材,value,Improving,2.0,1.0,1.0
2025-11-18,42.000999450683594,0.23067390500022417,0.23070869021501433,98.93654082826957,100.9434621238227,XLB,素材,value,Improving,2.0,1.0,1.0
2025-11-19,42.10905075073242,0.23196957443701965,0.2311289849556828,99.04985314851376,100.77000541701057,XLB,素材,value,Improving,2.0,0.0,-1.0
2025-11-20,41.480411529541016,0.23132868938914633,0.23119555310017065,99.09231309799742,100.47014472634613,XLB,素材,value,Improving,2.0,0.0,-1.0
2025-11-21,42.40863800048828,0.23194725979273156,0.231446121997691,99.16925490285544,100.49914302029106,XLB,素材,value,Improving,3.0,1.0,0.0
2025-11-24,42.49212646484375,0.23144451401758395,0.23144558600432197,99.19570224649237,100.53069520529769,XLB,素材,value,Improving,3.0,1.0,0.0
2025-11-25,43.12567901611328,0.23160495253641716,0.23149870818168705,99.23214383614696,100.57548058615905,XLB,素材,value,Improving,5.0,3.0,2.0
2025-11-26,43.65609359741211,0.23282895597210557,0.23194212411182658,99.34739669307281,100.60504965608602,XLB,素材,value,Improving,6.0,4.0,4.0
2025-11-28,43.90656661987305,0.232905513861325,0.23226325402832604,99.43854031228038,100.71881067057207,XLB,素材,value,Improving,6.0,4.0,4.0
2025-12-01,43.79852294921875,0.23393241715141452,0.2328196417360222,99.58230475098719,100.86034747405952,XLB,素材,value,Improving,6.0,3.0,2.0
2025-12-02,43.40070724487305,0.23202720574451358,0.23255549640551934,99.54928964828707,100.74546412697346,XLB,素材,value,Improving,6.0,3.0,2.0
2025-12-03,43.705204010009766,0.23188579593325706,0.23233226291476528,99.52357145375318,100.61675550695932,XLB,素材,value,Improving,6.0,1.0,-2.0
2025-12-04,43.44982147216797,0.23045861347239546,0.231707713100642,99.40186588570617,100.1643862065258,XLB,素材,value,Improving,6.0,0.0,-4.0
2025-12-05,43.307395935058594,0.2291648230302858,0.23086008307718994,99.21873092229505,99.6492602145449,XLB,素材,value,Lagging,4.0,-2.0,-6.0
2025-12-08,42.708221435546875,0.227356013595583,0.2296920599166543,98.94986776372318,98.87230239244457,XLB,素材,value,Lagging,3.0,-3.0,-6.0
2025-12-09,42.61981964111328,0.2273141772374003,0.22889943235690297,98.77028810455232,98.6134748129276,XLB,素材,value,Lagging,3.0,-3.0,-6.0
2025-12-10,43.454734802246094,0.22855173764276712,0.2287835341188577,98.75776840612411,98.67305679948437,XLB,素材,value,Lagging,3.0,-3.0,-4.0
2025-12-11,44.31910705566406,0.23123057784537301,0.2295992153610295,98.99245719474776,99.33730223732908,XLB,素材,value,Lagging,4.0,-2.0,-2.0
2025-12-12,44.34857940673828,0.23296348951903018,0.23072064008036308,99.32711003350448,100.27532451855816,XLB,素材,value,Improving,5.0,1.0,3.0
2025-12-15,44.31910705566406,0.2325201803228083,0.23132048682784484,99.52737974280943,101.11742029835199,XLB,素材,value,Improving,6.0,3.0,6.0
2025-12-16,44.20124053955078,0.23354194128341255,0.23206097164636744,99.7883939798951,101.84997115203704,XLB,素材,value,Improving,7.0,4.0,7.0
2025-12-17,44.38786697387695,0.23516395209839333,0.2330952984637094,100.17202832172315,102.42180885904448,XLB,素材,value,Leading,8.0,5.0,8.0
2025-12-18,44.368221282958984,0.23455839017843186,0.23358299570195024,100.39669370791412,102.28459587577699,XLB,素材,value,Leading,8.0,4.0,6.0
2025-12-19,44.56467056274414,0.2347418871474972,0.2339692928504659,100.6050789821471,101.97651679086987,XLB,素材,value,Leading,8.0,3.0,2.0
2025-12-22,45.09091567993164,0.23576633358672558,0.23456830642921914,100.91257389169789,102.05758475997958,XLB,素材,value,Leading,10.0,4.0,1.0
2025-12-23,45.16990280151367,0.23672974091679777,0.23528878459174535,101.26662954781611,102.13273141125879,XLB,素材,value,Leading,10.0,3.0,-1.0
2025-12-24,45.25876235961914,0.23633865543426322,0.23563874153925132,101.44522839888134,101.75934103232447,XLB,素材,value,Leading,10.0,2.0,-3.0
2025-12-26,45.525333404541016,0.237669354101855,0.23631561239345256,101.73533912278631,101.82984216874395,XLB,素材,value,Leading,10.0,2.0,-2.0
2025-12-29,45.160030364990234,0.2361520930077428,0.2362611059315493,101.70411205367999,101.4022562155305,XLB,素材,value,Leading,10.0,2.0,-1.0
2025-12-30,45.1501579284668,0.2364792834526721,0.23633383177192357,101.72332114038896,100.8792172268025,XLB,素材,value,Leading,10.0,0.0,-4.0
2025-12-31,44.77497100830078,0.23653419504468148,0.23640061952950958,101.71525917735022,100.21899175393517,XLB,素材,value,Leading,10.0,0.0,-3.0
2026-01-02,45.53520965576172,0.2389288665529587,0.23724336853732597,102.0017192070435,100.39708042160244,XLB,素材,value,Leading,11.0,1.0,-1.0
2026-01-05,45.9893798828125,0.23909286929768037,0.23785986879077745,102.1622080459593,100.15831975915171,XLB,素材,value,Leading,11.0,1.0,-1.0
2026-01-06,46.897708892822266,0.2409066881392017,0.2388754752402522,102.42584882901278,100.6711348443299,XLB,素材,value,Leading,11.0,1.0,-1.0
2026-01-07,46.08810806274414,0.23943392644242356,0.239061625640976,102.36490956189671,100.51487463508595,XLB,素材,value,Leading,11.0,1.0,1.0
2026-01-08,46.897708892822266,0.2415688532419002,0.2398973681746174,102.5094123469453,100.77609956924229,XLB,素材,value,Leading,11.0,1.0,1.0
2026-01-09,47.648075103759766,0.24401800519815017,0.24127091384912835,102.76168335876768,100.70072628612854,XLB,素材,value,Leading,11.0,0.0,-1.0
2026-01-12,47.90477752685547,0.2451093483258563,0.24255039200803769,102.91209293771148,100.6679680216869,XLB,素材,value,Leading,11.0,0.0,-1.0
2026-01-13,48.112117767333984,0.24617022437724645,0.24375700279777396,102.99187137890655,100.33973618479074,XLB,素材,value,Leading,11.0,0.0,-1.0
2026-01-14,48.13186264038086,0.24515569214479246,0.24422323258011347,102.87309746291247,100.23846184047358,XLB,素材,value,Leading,11.0,0.0,-1.0
2026-01-15,48.33919906616211,0.24512600519058145,0.24452415678360281,102.73186037372896,99.74040976890767,XLB,素材,value,Weakening,11.0,0.0,-1.0
2026-01-16,48.062747955322266,0.24434860881791026,0.24446564079503863,102.53809707555664,98.9836300120581,XLB,素材,value,Weakening,10.0,-1.0,-1.0
2026-01-20,47.57896423339844,0.24555293204518389,0.2448280712117537,102.45324224589555,98.61697925044543,XLB,素材,value,Weakening,10.0,-1.0,-1.0
2026-01-21,48.61565399169922,0.24672573437111597,0.2454606255982078,102.42617336179096,98.4799729431288,XLB,素材,value,Weakening,10.0,-1.0,-1.0
2026-01-22,48.89209747314453,0.2478055752595383,0.246242275485318,102.42086246647337,98.6865025960784,XLB,素材,value,Weakening,11.0,0.0,0.0
2026-01-23,49.33639144897461,0.25117705143749935,0.2478872008027118,102.5519480277433,99.1389272696443,XLB,素材,value,Weakening,11.0,0.0,0.0
2026-01-26,49.3956298828125,0.2508854288851745,0.2488866101635327,102.54600655778351,99.44751828715276,XLB,素材,value,Weakening,11.0,1.0,2.0
2026-01-27,49.34626770019531,0.25102530530174977,0.2495995085429384,102.48982904451933,99.4908451475331,XLB,素材,value,Weakening,11.0,1.0,2.0
2026-01-28,49.316646575927734,0.25172242488513275,0.2503071473236699,102.43620198952718,99.43838290387838,XLB,素材,value,Weakening,10.0,0.0,1.0
2026-01-29,49.36601257324219,0.2516443703199042,0.25075288832241466,102.35020431116939,99.30972074078264,XLB,素材,value,Weakening,10.0,-1.0,-1.0
2026-01-30,48.64527130126953,0.2485212167654289,0.25000899780341945,102.11575797416256,98.72404963067946,XLB,素材,value,Weakening,10.0,-1.0,-1.0
2026-02-02,49.020450592041016,0.24915491721228852,0.24972430427304249,101.9717209748358,98.52315492043276,XLB,素材,value,Weakening,8.0,-3.0,-4.0
2026-02-03,50.05713653564453,0.2551031405993882,0.25151724971515776,102.10998159517189,98.84549400898598,XLB,素材,value,Weakening,8.0,-3.0,-4.0
2026-02-04,51.2320442199707,0.2588357045436394,0.25395673465798496,102.30504099298425,99.24267157700243,XLB,素材,value,Weakening,8.0,-2.0,-2.0
2026-02-05,49.85967254638672,0.2541096412404357,0.2540077035188019,102.1894218627532,99.17142299817161,XLB,素材,value,Weakening,8.0,-2.0,-1.0
2026-02-06,50.85686492919922,0.2544503642246409,0.25415525708741493,102.0997265731696,99.39353671077698,XLB,素材,value,Weakening,8.0,-2.0,-1.0
2026-02-09,51.51837158203125,0.2576071879277484,0.25530590070085946,102.13264986873193,99.68202146949528,XLB,素材,value,Weakening,8.0,0.0,3.0
2026-02-10,52.239112854003906,0.2602850867506082,0.25696562938410905,102.21343095022034,99.58425551757178,XLB,素材,value,Weakening,8.0,0.0,3.0
2026-02-11,52.94010925292969,0.2633111276609486,0.2590807954763889,102.32524387686462,99.45431785991919,XLB,素材,value,Weakening,8.0,0.0,2.0
2026-02-12,52.16012954711914,0.2628815055144216,0.26034769882239983,102.32868585837521,99.6713799352555,XLB,素材,value,Weakening,8.0,0.0,2.0
2026-02-13,52.6340446472168,0.26255022395843797,0.2610818738677459,102.27422100213782,99.74791917276653,XLB,素材,value,Weakening,8.0,0.0,2.0
2026-02-17,52.03178024291992,0.25999454004220657,0.2607194292592328,102.11934842612605,99.44676019739379,XLB,素材,value,Weakening,8.0,0.0,0.0
2026-02-18,52.34771728515625,0.260224021156163,0.2605542932248762,102.00078467221559,99.1294563302356,XLB,素材,value,Weakening,8.0,0.0,0.0
2026-02-19,52.16012954711914,0.25984040074681286,0.2603163290655218,101.88808302298484,98.78096250654482,XLB,素材,value,Weakening,8.0,0.0,0.0
2026-02-20,52.28847885131836,0.25926728824236245,0.2599666487911354,101.77606596381221,98.63109449009431,XLB,素材,value,Weakening,9.0,1.0,1.0
2026-02-23,52.28847885131836,0.26214445547642434,0.26069258435289844,101.76976779023059,98.75380238656662,XLB,素材,value,Weakening,8.0,0.0,0.0
2026-02-24,52.683406829833984,0.2620343527269247,0.2611398404775739,101.73863579112879,98.98782543492649,XLB,素材,value,Weakening,8.0,0.0,0.0
2026-02-25,52.38721466064453,0.26040760511138655,0.2608957620221781,101.64913727959866,99.05996558899703,XLB,素材,value,Weakening,8.0,0.0,0.0
2026-02-26,52.327972412109375,0.258652019981885,0.2601478480087471,101.52264999608448,99.06112449815889,XLB,素材,value,Weakening,8.0,0.0,0.0
2026-02-27,52.73277282714844,0.2603477043203965,0.2602144667792969,101.4751495248844,99.18686549335133,XLB,素材,value,Weakening,7.0,-2.0,-3.0
2026-03-02,52.57480239868164,0.2600499134234225,0.2601596156606721,101.41974671809692,99.1287475409241,XLB,素材,value,Weakening,7.0,-1.0,-1.0
2026-03-03,51.281410217285156,0.2568029961967575,0.2590407425060339,101.27550655927138,98.97441366673424,XLB,素材,value,Weakening,6.0,-2.0,-2.0
2026-03-04,51.26166534423828,0.255679252607929,0.2579202458733323,101.13731101937519,98.92856329771708,XLB,素材,value,Weakening,6.0,-2.0,-2.0
2026-03-05,50.18548583984375,0.2532448342829564,0.25636177534320703,100.96564004137473,98.88999724745351,XLB,素材,value,Weakening,6.0,-2.0,-2.0
2026-03-06,49.227787017822266,0.2514083405084863,0.2547106303983001,100.78938352488781,98.72754914237593,XLB,素材,value,Weakening,6.0,-1.0,1.0
2026-03-09,49.35614013671875,0.25135347298019556,0.2535915779255986,100.66258670350518,98.65638181031211,XLB,素材,value,Weakening,6.0,-1.0,0.0
2026-03-10,49.247535705566406,0.2526951983640159,0.2532927847384044,100.61072379037381,98.8203928421604,XLB,素材,value,Weakening,6.0,0.0,2.0
2026-03-11,49.20804214477539,0.25332745307068877,0.25330434084916587,100.58752062181333,98.99142285447668,XLB,素材,value,Weakening,6.0,0.0,2.0
2026-03-12,49.05006790161133,0.25648074514566455,0.2543631422813321,100.66418755548325,99.35140446636923,XLB,素材,value,Weakening,6.0,0.0,2.0
2026-03-13,48.566280364990234,0.253964150712452,0.2542301450917054,100.62732236487655,99.54576019444583,XLB,素材,value,Weakening,6.0,0.0,1.0
2026-03-16,48.77362060546875,0.25316456899276013,0.25387495305872365,100.56776013912106,99.64157342808714,XLB,素材,value,Weakening,6.0,0.0,1.0
2026-03-17,48.89209747314453,0.25236856987133444,0.25337282532959393,100.49184465021986,99.60986699042617,XLB,素材,value,Weakening,6.0,0.0,0.0
2026-03-18,47.86528396606445,0.2503631859319624,0.2523696121970501,100.36095876634586,99.45969699455317,XLB,素材,value,Weakening,6.0,0.0,0.0
2026-03-19,47.13467025756836,0.24673294391446554,0.25049072276952195,100.13019470802284,99.00570800306784,XLB,素材,value,Weakening,6.0,0.0,0.0
2026-03-20,46.384307861328125,0.2464252298075238,0.2491355584488559,99.95014571292374,98.80062375243209,XLB,素材,value,Lagging,5.0,-1.0,-1.0
2026-03-23,47.15585708618164,0.24788161270629722,0.2487175765346697,99.871517667595,98.78939744507117,XLB,素材,value,Lagging,5.0,-1.0,-1.0
2026-03-24,48.048397064208984,0.25227068873772995,0.24990194726902312,99.98022386387977,99.11979409277343,XLB,素材,value,Lagging,6.0,0.0,0.0
2026-03-25,49.00044250488281,0.2560285801006529,0.2519441582128997,100.19931804560521,99.75640168050067,XLB,素材,value,Weakening,6.0,0.0,0.0
2026-03-26,48.6830940246582,0.2567267043001244,0.25353834024197464,100.3719852559379,100.55983223302594,XLB,素材,value,Leading,9.0,3.0,3.0
2026-03-27,48.50458526611328,0.25934133201144277,0.25547267083179737,100.59576622959239,101.41664712886596,XLB,素材,value,Leading,9.0,4.0,5.0
2026-03-30,48.6830940246582,0.26083552270355664,0.25726028812238383,100.80799393817438,102.08254144930625,XLB,素材,value,Leading,9.0,4.0,5.0
2026-03-31,49.5557975769043,0.260185062343848,0.2582352128628719,100.9178731587845,102.11635289912675,XLB,素材,value,Leading,9.0,3.0,3.0
2026-04-01,50.0417366027832,0.2618903697729296,0.2594535984995578,101.06663268963845,101.95900400865123,XLB,素材,value,Leading,9.0,3.0,3.0
2026-04-02,49.99215316772461,0.26088565103567585,0.2599309493449305,101.11684087738969,101.66884839444783,XLB,素材,value,Leading,9.0,0.0,-3.0
2026-04-06,49.80372619628906,0.2587899291667826,0.25955060928554785,101.04289903371209,101.0601193234875,XLB,素材,value,Leading,9.0,0.0,-4.0
2026-04-07,49.664886474609375,0.25864199282012235,0.25924773713040605,100.97960444168139,100.49848203984206,XLB,素材,value,Leading,9.0,0.0,-4.0
2026-04-08,51.321044921875,0.2612318496976441,0.2599091079861521,101.06686220685629,100.48009724299563,XLB,素材,value,Leading,9.0,0.0,-3.0
2026-04-09,51.24170684814453,0.2606700264785843,0.2601627474836295,101.09373063319741,100.24491007075672,XLB,素材,value,Leading,10.0,1.0,-2.0
2026-04-10,51.529300689697266,0.26403920871997105,0.2614549012290767,101.29803692345156,100.61912327234884,XLB,素材,value,Leading,11.0,2.0,2.0
2026-04-13,51.75739288330078,0.2623001965024862,0.2617366663202132,101.32799950880008,100.89051974217276,XLB,素材,value,Leading,11.0,2.0,2.0
2026-04-14,51.57888412475586,0.2603088992636088,0.26126074396801174,101.22040911520111,100.82923762412648,XLB,素材,value,Leading,10.0,1.0,1.0
2026-04-15,50.9541130065918,0.2570656653049712,0.25986238441366494,100.93873614963941,99.98427700014696,XLB,素材,value,Weakening,9.0,0.0,0.0
2026-04-16,51.321044921875,0.25774252293061944,0.2591557639193165,100.78201087316283,99.56542201314662,XLB,素材,value,Weakening,9.0,-1.0,-2.0
2026-04-17,51.44996643066406,0.2551849236914339,0.2578321505100223,100.49693687655363,98.42718191753445,XLB,素材,value,Weakening,9.0,-2.0,-4.0
2026-04-20,51.797061920166016,0.25609969410525296,0.25725466504176586,100.35192611165431,98.09194610529235,XLB,素材,value,Weakening,9.0,-2.0,-4.0
2026-04-21,51.34088134765625,0.2554107700507083,0.25664003337808006,100.1895126283093,98.04125854122104,XLB,素材,value,Weakening,8.0,-2.0,-3.0
2026-04-22,51.4003791809082,0.25582042058261506,0.2563668291129251,100.09435135034357,98.4951951785663,XLB,素材,value,Weakening,8.0,-1.0,-1.0
2026-04-23,51.38054656982422,0.25573433723062755,0.2561559984854926,100.00900336078946,98.6823566321353,XLB,素材,value,Weakening,8.0,-1.0,0.0
2026-04-24,51.48963165283203,0.2568100712896964,0.2563740227535606,100.03028433686272,99.37681371690866,XLB,素材,value,Weakening,8.0,-1.0,1.0
2026-04-27,51.35079574584961,0.2564222215246113,0.25639008901057747,100.0044782012616,99.65380220819542,XLB,素材,value,Weakening,8.0,-1.0,1.0
2026-04-28,50.97394561767578,0.25584634859920224,0.25620884220678575,99.928508756094,99.85603744833735,XLB,素材,value,Lagging,7.0,-1.0,1.0
2026-04-29,50.53759002685547,0.2540991901125667,0.2555056248420461,99.71338389873533,99.60268016614921,XLB,素材,value,Lagging,5.0,-3.0,-2.0
2026-04-30,51.043365478515625,0.2528197920836019,0.25461034725589804,99.44333698799848,99.21239558646825,XLB,素材,value,Lagging,4.0,-4.0,-3.0
2026-05-01,50.92435836791992,0.2530013877488146,0.2540740274202036,99.25967175817823,98.7823651675628,XLB,素材,value,Lagging,4.0,-4.0,-3.0
2026-05-04,50.230159759521484,0.2510128750056617,0.25305364328202296,98.930630074247,98.17665308420149,XLB,素材,value,Lagging,3.0,-5.0,-4.0
2026-05-05,51.102867126464844,0.25336357133751913,0.253156952633855,98.942608647078,98.41789046060426,XLB,素材,value,Lagging,3.0,-4.0,-3.0
2026-05-06,51.97557067871094,0.25566507147657047,0.2539929922480935,99.18734937244562,99.39927344469818,XLB,素材,value,Lagging,4.0,-1.0,2.0
2026-05-07,50.97394561767578,0.2523519269374659,0.2534459704778843,99.03190521615632,99.64816921548896,XLB,素材,value,Lagging,3.0,-1.0,3.0
2026-05-08,51.16237258911133,0.2525897784592567,0.2531605731383418,98.95747543368678,99.88632649642193,XLB,素材,value,Lagging,5.0,1.0,5.0
2026-05-11,51.826812744140625,0.2560081053759168,0.2541097505508668,99.24190546651084,101.16278117213257,XLB,素材,value,Improving,6.0,3.0,8.0
2026-05-12,51.70780944824219,0.2556458675077341,0.2546217895364893,99.40304191623864,101.44348545061618,XLB,素材,value,Improving,6.0,3.0,7.0
2026-05-13,51.628475189208984,0.2563731795908226,0.2552055862212671,99.58873856333028,101.2942854045595,XLB,素材,value,Improving,6.0,2.0,3.0
2026-05-14,51.24170684814453,0.25352801016414206,0.25464639420222546,99.44881328002114,101.30461933276368,XLB,素材,value,Improving,6.0,3.0,4.0
2026-05-15,49.883060455322266,0.24937726935108698,0.25289001925184595,98.96748778540234,100.49040780583722,XLB,素材,value,Improving,4.0,-1.0,-2.0
2026-05-18,49.80372619628906,0.24745829121444698,0.25107944323937964,98.48887482269548,98.97606095797909,XLB,素材,value,Lagging,2.0,-4.0,-7.0
2026-05-19,48.633506774902344,0.24305810654550744,0.24840566434142225,97.8238497247678,97.4974070997927,XLB,素材,value,Lagging,1.0,-5.0,-8.0
2026-05-20,49.30786895751953,0.2437565235206558,0.24685595073450012,97.54377397115945,96.92566280391495,XLB,素材,value,Lagging,1.0,-5.0,-7.0
2026-05-21,49.605384826660156,0.2441731383286149,0.2459616799325384,97.47538566681528,97.26943474618241,XLB,素材,value,Lagging,1.0,-5.0,-8.0
2026-05-22,49.873146057128906,0.24326891809748855,0.24506409265418844,97.41946230040682,98.05786997252903,XLB,素材,value,Lagging,1.0,-3.0,-2.0
2026-05-26,50.567344665527344,0.24539587670424834,0.24517468733754177,97.5904701718044,99.11269348984611,XLB,素材,value,Lagging,1.0,-1.0,3.0
2026-05-27,50.755767822265625,0.24648831604936955,0.2456125635748177,97.80993152121343,100.50462804300201,XLB,素材,value,Improving,2.0,1.0,6.0
2026-05-28,50.93427658081055,0.24645251348389302,0.24589254687784282,97.97448957191432,101.17423494133538,XLB,素材,value,Improving,4.0,3.0,8.0
2026-05-29,50.726016998291016,0.24476311753374735,0.245516070429811,97.98359729357684,101.25864996860656,XLB,素材,value,Improving,4.0,3.0,8.0
2026-06-01,50.497920989990234,0.24321994349126114,0.24475069478362774,97.91400127211041,101.2024105232099,XLB,素材,value,Improving,6.0,5.0,8.0
2026-06-02,51.092952728271484,0.24511343722775517,0.24487160893167023,98.03631432973542,101.09583442434007,XLB,素材,value,Improving,7.0,6.0,7.0
2026-06-03,51.20204162597656,0.2465641444809953,0.24543578744811193,98.23696519690947,101.03671893037573,XLB,素材,value,Improving,7.0,5.0,4.0
2026-06-04,51.19211959838867,0.2446689269075185,0.24518016726791414,98.26069302890994,100.80263799657241,XLB,素材,value,Improving,8.0,4.0,1.0
2026-06-05,50.2103271484375,0.24344055245427385,0.24460029566336738,98.22095179470115,100.70737300377228,XLB,素材,value,Improving,7.0,3.0,0.0
2026-06-08,49.54587936401367,0.2404735969880949,0.24322472943827655,98.04108079086429,100.52333861734643,XLB,素材,value,Improving,3.0,-3.0,-8.0
2026-06-09,50.34916687011719,0.2425266680014265,0.2429920422926599,98.08758513902737,100.39384765587009,XLB,素材,value,Improving,3.0,-4.0,-10.0
2026-06-10,49.18886184692383,0.2399892357613929,0.24199110678223756,98.00078165016049,99.95528660475524,XLB,素材,value,Lagging,3.0,-4.0,-9.0
2026-06-11,50.79543685913086,0.24402305007247543,0.24266842121231685,98.20698442876126,100.22349778425799,XLB,素材,value,Improving,3.0,-5.0,-9.0
2026-06-12,51.74747848510742,0.24636502693448425,0.243900623119706,98.48451208870651,100.6872845839746,XLB,素材,value,Improving,5.0,-2.0,-5.0
2026-06-15,52.06482696533203,0.24644366613753932,0.24474830412565046,98.67713564742621,101.21266613602464,XLB,素材,value,Improving,6.0,3.0,6.0
2026-06-16,52.28300476074219,0.2483045647596005,0.24593372433696714,98.912658848631,101.44472953674524,XLB,素材,value,Improving,5.0,2.0,6.0
2026-06-17,51.58880615234375,0.2487356938815088,0.2468677141851477,99.09350323623732,101.7571103024234,XLB,素材,value,Improving,7.0,4.0,8.0
2026-06-18,51.38054656982422,0.24658705883421245,0.24677416240150263,99.09317191106639,101.41258309082457,XLB,素材,value,Improving,7.0,4.0,9.0
2026-06-22,51.3835334777832,0.24606022612013526,0.24653618364104685,99.06473841938158,100.95505453229335,XLB,素材,value,Improving,7.0,2.0,4.0
2026-06-23,50.636966705322266,0.24332093489717527,0.24546443405975632,98.90145471373755,100.44091558530815,XLB,素材,value,Improving,5.0,-1.0,-4.0
2026-06-24,50.92564010620117,0.24297494268821448,0.24463460360257572,98.7904899368693,99.94777725945143,XLB,素材,value,Lagging,4.0,-1.0,-3.0
2026-06-25,51.60252380371094,0.24461155539790552,0.24462692086768567,98.82200625401443,99.7410073450664,XLB,素材,value,Lagging,5.0,-2.0,-6.0
2026-06-26,51.363624572753906,0.2451462032511071,0.2448000149954928,98.88371818060457,99.83773098415655,XLB,素材,value,Lagging,4.0,-3.0,-7.0
2026-06-29,50.42792892456055,0.23758500712824449,0.2423950123730767,98.5500962542539,99.4317570040369,XLB,素材,value,Lagging,4.0,-3.0,-5.0
2026-06-30,50.59715270996094,0.23869598317750604,0.24116200264121984,98.41694124781866,99.49807098847657,XLB,素材,value,Lagging,4.0,-1.0,0.0
2026-07-01,50.78628158569336,0.238869706327023,0.2403979038698209,98.3621343624375,99.60250237075465,XLB,素材,value,Lagging,4.0,0.0,1.0
2026-07-02,51.77174377441406,0.24180517429304915,0.240866994010897,98.48770679978009,99.76362798383578,XLB,素材,value,Lagging,6.0,1.0,3.0
2026-07-06,51.74188232421875,0.2415645608009362,0.24109951627424342,98.56974960558742,99.81612261404251,XLB,素材,value,Lagging,6.0,2.0,5.0
2026-07-07,51.2740364074707,0.23968134098486824,0.24062679117778502,98.54458984758627,100.29544404134954,XLB,素材,value,Improving,6.0,2.0,5.0
2026-07-08,49.93022155761719,0.23618241082783697,0.23914533106113567,98.37444398464442,100.24481685052235,XLB,素材,value,Improving,3.0,-1.0,0.0
2026-07-09,50.029762268066406,0.2352122789148392,0.23783431367903685,98.23763297021145,100.12659516523931,XLB,素材,value,Improving,2.0,-2.0,-2.0
2026-07-10,50.65687561035156,0.23727155320592033,0.2376467268546647,98.26816580270997,99.98722472605314,XLB,素材,value,Lagging,2.0,-4.0,-5.0
2026-07-13,50.34830093383789,0.23590328914316583,0.23706558095083177,98.23213457065067,99.81858267481765,XLB,素材,value,Lagging,1.0,-5.0,-7.0
2026-07-14,50.40802001953125,0.23704616004580278,0.2370591073158221,98.27589753578904,99.9375700137919,XLB,素材,value,Lagging,1.0,-5.0,-7.0
2026-07-15,50.2686653137207,0.23692361646592497,0.23701394369918977,98.3114687329594,100.26332939246387,XLB,素材,value,Improving,1.0,-2.0,-1.0
2026-07-16,50.65687561035156,0.23643305709526927,0.23682031483121627,98.32855826486511,100.49534978084993,XLB,素材,value,Improving,1.0,-1.0,1.0
2026-07-17,50.298526763916016,0.2366199425025393,0.23675352405499062,98.3647787266365,100.49320206210828,XLB,素材,value,Improving,1.0,-1.0,3.0
2026-07-20,49.80081558227539,0.23532631063296164,0.23627778624764764,98.34286272955,100.49489493318649,XLB,素材,value,Improving,1.0,0.0,5.0
2026-07-21,49.8704948425293,0.23527899489332185,0.23594485579620572,98.3444029185673,100.40797058281595,XLB,素材,value,Improving,1.0,0.0,5.0
2026-07-22,50.587196350097656,0.2387275644914546,0.23687242536128872,98.53446898163531,100.62564805721794,XLB,素材,value,Improving,2.0,1.0,3.0
2026-07-23,50.059627532958984,0.23710740990163756,0.23695075354140502,98.58829637586159,100.65987909517159,XLB,素材,value,Improving,2.0,1.0,2.0
2026-07-24,51.02518081665039,0.23981356498386272,0.23790502402222424,98.77343808690648,100.86873273897078,XLB,素材,value,Improving,3.0,2.0,3.0
2026-07-27,51.15458679199219,0.23862291336354852,0.23814432046933234,98.84193085271886,100.9829083019956,XLB,素材,value,Improving,3.0,2.0,2.0
2026-07-28,52.10023498535156,0.24023188458820222,0.2388401751756223,98.9811024412812,101.16455430816049,XLB,素材,value,Improving,4.0,3.0,3.0
2026-07-29,51.502986907958984,0.23963559809685886,0.23910531614936784,99.04961587253531,100.94774564769591,XLB,素材,value,Improving,5.0,3.0,2.0
2026-07-30,51.4034423828125,0.23956108410269628,0.23925723880047733,99.09994070402135,100.91536612089185,XLB,素材,value,Improving,6.0,4.0,3.0
2026-07-31,50.1989860534668,0.23435042184405525,0.23762163314833668,98.84730203793839,100.22142537204105,XLB,素材,value,Improving,6.0,3.0,1.0
2026-08-03,50.77632522583008,0.23475284751852826,0.2366653712717339,98.71364226671379,99.8895035042019,XLB,素材,value,Lagging,3.0,0.0,-2.0
2026-08-04,51.76179122924805,0.23591864506313157,0.2364164625355331,98.70602867654247,99.6312065360235,XLB,素材,value,Lagging,2.0,-2.0,-5.0
2026-08-05,52.398860931396484,0.23936570605183302,0.2373995437076331,98.9107862579801,99.82511513888498,XLB,素材,value,Lagging,4.0,-1.0,-4.0
2026-08-06,51.93101119995117,0.2384766110297274,0.23775856614833124,98.99997654909066,99.876991216631,XLB,素材,value,Lagging,5.0,-1.0,-5.0
2026-08-07,52.617855072021484,0.2399729481310877,0.23849669347591673,99.16008927495315,100.53743811365882,XLB,素材,value,Improving,5.0,-1.0,-4.0
2026-08-10,52.93638610839844,0.2412831428493931,0.2394255099337422,99.35992004936882,101.05390182003333,XLB,素材,value,Improving,7.0,4.0,4.0
2026-08-11,52.99611282348633,0.24104093232989407,0.23996398406579283,99.48888625952407,101.25117043647097,XLB,素材,value,Improving,7.0,5.0,7.0
2026-08-12,52.33913803100586,0.23763289396748333,0.239186954033023,99.34920660510214,100.6952326532116,XLB,素材,value,Improving,6.0,2.0,3.0
2026-08-13,52.07037353515625,0.23466128058338478,0.23767839621647696,99.02972627698637,100.04402630781662,XLB,素材,value,Improving,5.0,0.0,1.0
2026-08-14,52.299320220947266,0.23565072928908315,0.23700250724067903,98.87125320528945,99.54437323194607,XLB,素材,value,Lagging,4.0,-1.0,0.0
2026-08-17,52.000694274902344,0.23640639020277127,0.23680380156137648,98.82447841840181,99.16237146926915,XLB,素材,value,Lagging,4.0,-3.0,-7.0
2026-08-18,51.54280090332031,0.23539082863915278,0.23633281058730193,98.71535834827826,98.77883411534148,XLB,素材,value,Lagging,4.0,-3.0,-8.0
2026-08-19,52.27941131591797,0.23630354288734773,0.2363230546873172,98.74136998583089,98.97512566695605,XLB,素材,value,Lagging,5.0,-1.0,-3.0
2026-08-20,52.179866790771484,0.23777014975725563,0.23680541971063002,98.90251688122449,99.70679825975783,XLB,素材,value,Lagging,5.0,0.0,0.0
2026-08-21,53.29473876953125,0.24132753484238642,0.2383127914212155,99.33832315105022,100.85636902331431,XLB,素材,value,Improving,8.0,4.0,5.0
2026-08-24,53.334556579589844,0.24122489283424767,0.23928349189222622,99.62773458919904,101.63166601007306,XLB,素材,value,Improving,8.0,4.0,7.0
2026-08-25,53.334556579589844,0.2413989207217298,0.2399886348353941,99.84556121388978,102.32166412895647,XLB,素材,value,Improving,8.0,4.0,7.0
2026-08-26,53.42414093017578,0.2414342563821359,0.24047050868430803,100.00507505530828,102.45738543937519,XLB,素材,value,Leading,8.0,3.0,4.0
2026-08-27,52.98615646362305,0.2401685827469982,0.24036986670520477,100.00136655398616,102.00466964444341,XLB,素材,value,Leading,8.0,3.0,3.0
2026-08-28,52.93638610839844,0.2407692787628157,0.24050300405774178,100.06509166580739,101.18771607890434,XLB,素材,value,Leading,8.0,0.0,-4.0
2026-08-31,52.448631286621094,0.23996437751512328,0.24032346187686895,100.03285436933356,100.50441280382502,XLB,素材,value,Leading,8.0,0.0,-4.0
2026-09-01,51.83147048950195,0.23910245860790103,0.239916460787213,99.9319300404757,99.83385606942494,XLB,素材,value,Lagging,8.0,0.0,-4.0
2026-09-02,52.70743942260742,0.24201996213702975,0.24061762790381858,100.17613224451297,100.02440909488453,XLB,素材,value,Leading,8.0,0.0,-3.0
2026-09-03,52.37895202636719,0.23892680204502048,0.2400540192842192,100.02427295972694,99.7146071832884,XLB,素材,value,Weakening,8.0,0.0,-3.0
2026-09-04,52.19977569580078,0.23925110758816434,0.23978638205220093,99.96180413424028,99.45588202913478,XLB,素材,value,Lagging,8.0,0.0,0.0
2026-09-08,51.702064514160156,0.2394519076669494,0.23967489059045044,99.94309982456498,99.49338792738612,XLB,素材,value,Lagging,6.0,-2.0,-2.0
2026-09-09,51.15458679199219,0.23922323504497547,0.23952433874195878,99.91056152247562,99.64263840091436,XLB,素材,value,Lagging,6.0,-2.0,-2.0
2026-09-10,50.527469635009766,0.2379199707831417,0.23898954942235312,99.74621390034615,98.78274699618784,XLB,素材,value,Lagging,6.0,-2.0,-2.0
2026-09-11,50.71660232543945,0.2369211493204961,0.23830008272173414,99.53456192550789,98.68734204048505,XLB,素材,value,Lagging,6.0,-2.0,-2.0
2026-09-14,50.25871276855469,0.2346292517961443,0.2370764724132042,99.14735597477376,98.09924875612855,XLB,素材,value,Lagging,5.0,-3.0,-3.0
2026-09-15,50.49760818481445,0.2369014061418632,0.23701811698942388,99.15211924856757,98.22426208551337,XLB,素材,value,Lagging,5.0,-1.0,1.0
2026-09-16,50.12930679321289,0.23703477511318097,0.23702366969734293,99.1722916923663,98.38601733885633,XLB,素材,value,Lagging,5.0,-1.0,1.0
2026-09-17,50.477699279785156,0.23752962921583567,0.23719232287017386,99.24436214565232,98.8805307580366,XLB,素材,value,Lagging,5.0,-1.0,1.0
2026-09-18,49.76100158691406,0.23528217090594478,0.23655560554876418,98.99455872559423,98.83313360631213,XLB,素材,value,Lagging,5.0,-1.0,1.0
2026-09-21,49.709999084472656,0.23373143124117354,0.23561421411290065,98.58039435580189,98.81568532657235,XLB,素材,value,Lagging,2.0,-3.0,0.0
2026-09-22,50.529998779296875,0.23745299837710448,0.23622714220096863,98.84367181173921,99.36966179992372,XLB,素材,value,Lagging,4.0,-1.0,0.0
2026-09-23,50.279998779296875,0.23794424949228835,0.23679951129807522,99.1194703575613,99.89600068284389,XLB,素材,value,Lagging,5.0,0.0,1.0
2026-09-24,49.68000030517578,0.23627890042373512,0.23662597433996188,99.02418257624778,99.54767330529198,XLB,素材,value,Lagging,5.0,0.0,1.0
2026-09-25,49.79999923706055,0.23589597410393193,0.23638264092795191,98.85533936614165,99.71276842578081,XLB,素材,value,Lagging,3.0,-2.0,-1.0
2026-09-28,49.470001220703125,0.23586344962842806,0.23620957716144397,98.76110195639914,100.35588724821308,XLB,素材,value,Improving,3.0,1.0,4.0
2026-09-29,49.470001220703125,0.23586344962842806,0.23609420131710535,98.7189615981813,99.70328050816585,XLB,素材,value,Lagging,4.0,0.0,1.0
2024-09-30,78.6690444946289,0.45364136261669,0.45364136261669,,,XLP,生活必需品,defensive,,,,
2024-10-01,78.40367126464844,0.45452119288987614,0.45393463937441875,,,XLP,生活必需品,defensive,,,,
2024-10-02,77.74017333984375,0.45115582346444544,0.4530083674044277,,,XLP,生活必需品,defensive,,,,
2024-10-03,76.96296691894531,0.44876293680771695,0.4515932238721908,,,XLP,生活必需品,defensive,,,,
2024-10-04,77.2188720703125,0.4467501952528594,0.44997888099908034,,,XLP,生活必需品,defensive,,,,
2024-10-07,76.4511489868164,0.44577858046689506,0.4485787808216853,,,XLP,生活必需品,defensive,,,,
2024-10-08,76.83026885986328,0.44692966599672096,0.44802907588003055,,,XLP,生活必需品,defensive,,,,
2024-10-09,77.29471588134766,0.446563826946535,0.4475406595688654,,,XLP,生活必需品,defensive,,,,
2024-10-10,76.95350646972656,0.4462645922143886,0.44711530378403985,,,XLP,生活必需品,defensive,,,,
2024-10-11,77.38001251220703,0.44437282870834227,0.446201145425474,,,XLP,生活必需品,defensive,,,,
2024-10-14,77.69278717041016,0.442919108770994,0.445107133207314,,,XLP,生活必需品,defensive,,,,
2024-10-15,78.1856689453125,0.4477550666947578,0.4459897777031286,,,XLP,生活必需品,defensive,,,,
2024-10-16,78.12879180908203,0.44442381079435683,0.445467788733538,,,XLP,生活必需品,defensive,,,,
2024-10-17,77.7780990600586,0.4431365145811878,0.44469069734942124,,,XLP,生活必需品,defensive,,,,
2024-10-18,77.9487075805664,0.4427899203541871,0.4440571050176766,,,XLP,生活必需品,defensive,,,,
2024-10-21,77.29471588134766,0.4428490175091757,0.44365440918150967,,,XLP,生活必需品,defensive,,,,
2024-10-22,77.730712890625,0.44735659110582215,0.4448884698229472,,,XLP,生活必需品,defensive,,,,
2024-10-23,77.57904815673828,0.44795612581629063,0.4459110218207284,,,XLP,生活必需品,defensive,,,,
2024-10-24,77.47479248046875,0.4472540418475175,0.4463586951629914,,,XLP,生活必需品,defensive,,,,
2024-10-25,76.83026885986328,0.4456500045094733,0.44612246494515206,,,XLP,生活必需品,defensive,,,,
2024-10-28,76.97245788574219,0.44395717917206307,0.4454007030207891,,,XLP,生活必需品,defensive,,,,
2024-10-29,76.21419525146484,0.44091299346095053,0.4439047998341763,,,XLP,生活必需品,defensive,,,,
2024-10-30,76.09098052978516,0.44116360108578634,0.44299106691804635,,,XLP,生活必需品,defensive,,,,
2024-10-31,75.9393310546875,0.4450296588969761,0.4436705975776897,,,XLP,生活必需品,defensive,,,,
2024-11-01,75.96776580810547,0.44491863423331834,0.4440866097962326,,,XLP,生活必需品,defensive,,,,
2024-11-04,76.17627716064453,0.4456094253800426,0.44459421499083596,,,XLP,生活必需品,defensive,,,,
2024-11-05,76.65967559814453,0.4432667890775343,0.4441517396864021,,,XLP,生活必需品,defensive,,,,
2024-11-06,75.4085464477539,0.4259481597212137,0.438083879698006,,,XLP,生活必需品,defensive,,,,
2024-11-07,75.68341827392578,0.42708048737918264,0.43441608225839823,,,XLP,生活必需品,defensive,,,,
2024-11-08,76.6028060913086,0.4298735684485924,0.432901910988463,,,XLP,生活必需品,defensive,,,,
2024-11-11,76.33740234375,0.42625413305684623,0.43068598501125743,,,XLP,生活必需品,defensive,,,,
2024-11-12,76.4227066040039,0.43000743518042334,0.43045980173431275,,,XLP,生活必需品,defensive,,,,
2024-11-13,76.65019226074219,0.4310526448568923,0.430657416108506,,,XLP,生活必需品,defensive,,,,
2024-11-14,76.46063232421875,0.43345499841052554,0.43158994354251257,,,XLP,生活必需品,defensive,,,,
2024-11-15,75.78768157958984,0.43272688985907687,0.431968925648034,,,XLP,生活必需品,defensive,,,,
2024-11-18,76.31845092773438,0.43400646947927096,0.432648106925113,,,XLP,生活必需品,defensive,,,,
2024-11-19,76.4227066040039,0.43577474889025514,0.43369032091349374,,,XLP,生活必需品,defensive,,,,
2024-11-20,76.03411865234375,0.4321041204216694,0.433161587416219,,,XLP,生活必需品,defensive,,,,
2024-11-21,76.85871124267578,0.43135650880416404,0.432559894545534,,,XLP,生活必需品,defensive,,,,
2024-11-22,77.56957244873047,0.4319436352415944,0.4323544747775542,,,XLP,生活必需品,defensive,,,,
2024-11-25,77.99609375,0.43042122075024314,0.43171005676845053,,,XLP,生活必需品,defensive,,,,
2024-11-26,78.31835174560547,0.43215342201030127,0.4318578451824008,,,XLP,生活必需品,defensive,,,,
2024-11-27,78.47948455810547,0.43345924688855497,0.4323916457511189,,,XLP,生活必需品,defensive,,,,
2024-11-29,78.87757873535156,0.4343344559174962,0.4330392491399113,,,XLP,生活必需品,defensive,,,,
2024-12-02,78.78279876708984,0.43490206698343736,0.43366018842108667,,,XLP,生活必需品,defensive,,,,
2024-12-03,78.37523651123047,0.43457954441906116,0.43396664042041155,,,XLP,生活必需品,defensive,,,,
2024-12-04,78.15721893310547,0.4333473859366014,0.4337602222591415,,,XLP,生活必需品,defensive,,,,
2024-12-05,78.47000885009766,0.4372641279618641,0.43492819082671574,,,XLP,生活必需品,defensive,,,,
2024-12-06,78.0813980102539,0.4355919812788342,0.43514945431075525,,,XLP,生活必需品,defensive,,,,
2024-12-09,77.95818328857422,0.43669677147820546,0.4356652266999054,,,XLP,生活必需品,defensive,,,,
2024-12-10,78.32784271240234,0.4414723521064028,0.4376009351687379,,,XLP,生活必需品,defensive,,,,
2024-12-11,77.730712890625,0.43770097181342393,0.43763428071696664,,,XLP,生活必需品,defensive,,,,
2024-12-12,77.95818328857422,0.44059071836207625,0.4386197599320032,,,XLP,生活必需品,defensive,,,,
2024-12-13,77.75914001464844,0.4410098352711082,0.43941645171170485,,,XLP,生活必需品,defensive,,,,
2024-12-16,77.35157012939453,0.4401481060471875,0.4396603364901991,,,XLP,生活必需品,defensive,,,,
2024-12-17,77.2188720703125,0.4428812270622451,0.4407339666808811,,,XLP,生活必需品,defensive,,,,
2024-12-18,76.04359436035156,0.4494392733062854,0.4436357355560159,,,XLP,生活必需品,defensive,,,,
2024-12-19,75.50334167480469,0.44773190016281694,0.44500112375828293,,,XLP,生活必需品,defensive,,,,
2024-12-20,75.76873016357422,0.44309989705933794,0.4443673815253013,,,XLP,生活必需品,defensive,,,,
2024-12-23,75.36952209472656,0.4401652186729787,0.4429666605745271,,,XLP,生活必需品,defensive,,,,
2024-12-24,75.86613464355469,0.439747587251895,0.44189363613364974,,,XLP,生活必需品,defensive,,,,
2024-12-26,76.10487365722656,0.44041238122039644,0.4413998844958987,,,XLP,生活必需品,defensive,,,,
2024-12-27,75.73243713378906,0.44125833993830815,0.44135270297670187,100.11773562716849,,XLP,生活必需品,defensive,,7.0,,
2024-12-30,74.84426879882812,0.4405212508878916,0.4410755522804318,100.10953012050045,,XLP,生活必需品,defensive,,7.0,,
2024-12-31,75.07347869873047,0.44106344184565466,0.44107151546883944,100.1463548648867,,XLP,生活必需品,defensive,,7.0,,
2025-01-02,74.84426879882812,0.44100037168150186,0.4410478008730603,100.17988454894818,,XLP,生活必需品,defensive,,7.0,,
2025-01-03,74.80607604980469,0.4367754659050797,0.4396236892170668,99.97064292146958,,XLP,生活必需品,defensive,,7.0,,
2025-01-06,74.02296447753906,0.43249740586376867,0.4372482614326341,99.58131012255929,,XLP,生活必需品,defensive,,6.0,-1.0,
2025-01-07,73.76510620117188,0.4324388681969711,0.4356451303540798,99.31936402134568,,XLP,生活必需品,defensive,,4.0,-3.0,
2025-01-08,73.8988037109375,0.43270514515450725,0.4346651352875557,99.16721178179066,,XLP,生活必需品,defensive,,4.0,-3.0,
2025-01-10,72.90558624267578,0.4332220433882085,0.43418410465444,99.10561708510144,,XLP,生活必需品,defensive,,4.0,-3.0,
2025-01-13,73.02974700927734,0.43043195476526597,0.43293338802471537,98.90317652607813,,XLP,生活必需品,defensive,,3.0,-4.0,
2025-01-14,73.04883575439453,0.4270967656174921,0.43098784722230765,98.58129153135084,,XLP,生活必需品,defensive,,2.0,-4.0,-3.0
2025-01-15,72.80054473876953,0.42159857221957225,0.42785808888806254,98.07699157307452,,XLP,生活必需品,defensive,,1.0,-3.0,0.0
2025-01-16,73.34490966796875,0.42143214607984003,0.42571610795198844,97.79336482751404,,XLP,生活必需品,defensive,,1.0,-3.0,0.0
2025-01-17,73.76510620117188,0.4217984134320197,0.42441020977866556,97.68821129466986,,XLP,生活必需品,defensive,,1.0,-3.0,0.0
2025-01-21,74.10890197753906,0.41890146718121407,0.42257396224618177,97.52748796271142,,XLP,生活必需品,defensive,,1.0,-2.0,2.0
2025-01-22,73.74600219726562,0.4183201199024079,0.42115601479825715,97.46495345665075,,XLP,生活必需品,defensive,,1.0,-1.0,3.0
2025-01-23,74.0134048461914,0.4178569231837447,0.42005631759341966,97.46603444395505,,XLP,生活必需品,defensive,,1.0,0.0,3.0
2025-01-24,74.39541625976562,0.42038248632927333,0.4201650405053709,97.6265097666951,,XLP,生活必需品,defensive,,1.0,0.0,3.0
2025-01-27,76.41048431396484,0.43148473374396284,0.42393827158490155,98.25462462983756,,XLP,生活必需品,defensive,,1.0,0.0,3.0
2025-01-28,75.21672821044922,0.4268508605246277,0.4249091345648103,98.44783427340988,,XLP,生活必需品,defensive,,1.0,0.0,2.0
2025-01-29,75.39817810058594,0.4293004896218176,0.42637291958381274,98.70175888763791,,XLP,生活必需品,defensive,,1.0,0.0,1.0
2025-01-30,76.1430892944336,0.428963018813168,0.42723628599359786,98.86319578924653,,XLP,生活必需品,defensive,,2.0,1.0,1.0
2025-01-31,75.42683410644531,0.4284447359003235,0.4276391026291731,98.95574962476987,,XLP,生活必需品,defensive,,2.0,1.0,1.0
2025-02-03,75.72288513183594,0.43248879968981546,0.4292556683160539,99.22692571351868,,XLP,生活必需品,defensive,,3.0,2.0,2.0
2025-02-04,75.08302307128906,0.42831147836647265,0.4289409383328602,99.20521612252854,,XLP,生活必需品,defensive,,3.0,2.0,2.0
2025-02-05,75.55097198486328,0.42888958301554087,0.4289238198937538,99.22821567071225,,XLP,生活必需品,defensive,,1.0,0.0,0.0
2025-02-06,75.894775390625,0.43141222660192097,0.42975328879647623,99.38269458521856,,XLP,生活必需品,defensive,,1.0,-1.0,-2.0
2025-02-07,75.78018188476562,0.4328881053373579,0.4307982276434368,99.57466416475772,,XLP,生活必需品,defensive,,2.0,0.0,-1.0
2025-02-10,76.24812316894531,0.4343320717095979,0.4319761756654905,99.78265253759166,,XLP,生活必需品,defensive,,3.0,0.0,-2.0
2025-02-11,76.98350524902344,0.43847251172576246,0.4341416210189145,100.1399040219066,,XLP,生活必需品,defensive,,6.0,3.0,1.0
2025-02-12,76.92620086669922,0.44070618617261953,0.43632980940348287,100.49029732587145,,XLP,生活必需品,defensive,,6.0,5.0,5.0
2025-02-13,77.75704956054688,0.44163229770149337,0.4380973055028198,100.75902088361876,,XLP,生活必需品,defensive,,7.0,6.0,7.0
2025-02-14,76.98350524902344,0.4376734524448277,0.43795602115015575,100.71479782228351,,XLP,生活必需品,defensive,,7.0,5.0,5.0
2025-02-18,77.26045227050781,0.4359018993212768,0.43727131387386275,100.58516981032467,,XLP,生活必需品,defensive,,6.0,3.0,3.0
2025-02-19,77.88121032714844,0.4385150387470623,0.437685888831596,100.63556921492423,,XLP,生活必需品,defensive,,6.0,0.0,-3.0
2025-02-20,77.57561492919922,0.4378959768745242,0.43775591817923876,100.6304037617437,,XLP,生活必需品,defensive,,6.0,0.0,-5.0
2025-02-21,78.48285675048828,0.44932417734958924,0.4416120045693556,101.21918650367678,,XLP,生活必需品,defensive,,7.0,0.0,-6.0
2025-02-24,78.72161865234375,0.450315511519352,0.44451317355268777,101.62136727248604,,XLP,生活必需品,defensive,,9.0,2.0,-3.0
2025-02-25,79.83897399902344,0.45625087416459514,0.44842574042332356,102.11612755832928,,XLP,生活必需品,defensive,,11.0,5.0,2.0
2025-02-26,78.31096649169922,0.4484647459468377,0.448438742264495,102.01117549179081,,XLP,生活必需品,defensive,,10.0,4.0,4.0
2025-02-27,78.30140686035156,0.452360719248079,0.44974606792568966,102.08548345871012,,XLP,生活必需品,defensive,,11.0,5.0,5.0
2025-02-28,79.34236907958984,0.45333737459899753,0.45094317015012564,102.13106838874444,,XLP,生活必需品,defensive,,11.0,4.0,4.0
2025-03-03,79.7625732421875,0.4606470094850287,0.45417778326176006,102.40437024336231,,XLP,生活必需品,defensive,,10.0,1.0,-1.0
2025-03-04,78.40645599365234,0.46025099149603715,0.4562021860065191,102.48523807058899,,XLP,生活必需品,defensive,,9.0,-2.0,-7.0
2025-03-05,78.73116302490234,0.457901280638753,0.4567685508839304,102.39078383569591,,XLP,生活必需品,defensive,,9.0,-1.0,-5.0
2025-03-06,78.87442016601562,0.4638707902904266,0.4591359640194292,102.48663450260587,,XLP,生活必需品,defensive,,9.0,-2.0,-7.0
2025-03-07,79.13226318359375,0.4610675743376392,0.4597798341254992,102.39371026169277,,XLP,生活必需品,defensive,,9.0,-2.0,-6.0
2025-03-10,78.96036529541016,0.46664215360267647,0.46206727395122504,102.45948374598369,,XLP,生活必需品,defensive,,10.0,0.0,-1.0
2025-03-11,77.80480194091797,0.4660194356657966,0.46338466118941557,102.42255229685901,,XLP,生活必需品,defensive,,11.0,2.0,4.0
2025-03-12,76.11443328857422,0.45805340716693016,0.4616075765152538,102.12970759108978,,XLP,生活必需品,defensive,,8.0,-1.0,0.0
2025-03-13,75.7610855102539,0.4603402087510171,0.46118512059384165,101.98698017270623,,XLP,生活必需品,defensive,,9.0,0.0,2.0
2025-03-14,75.93299102783203,0.45275341176937267,0.45837455098568536,101.66762924168678,,XLP,生活必需品,defensive,,8.0,-1.0,1.0
2025-03-17,77.04080200195312,0.4532423331969133,0.4566638117227614,101.46588766001108,,XLP,生活必需品,defensive,,6.0,-4.0,-4.0
2025-03-18,76.16217803955078,0.4504155820318693,0.45458106849246405,101.24958416753766,,XLP,生活必需品,defensive,,6.0,-5.0,-7.0
2025-03-19,76.16217803955078,0.44710240396509937,0.45208818031667586,101.01320026327096,,XLP,生活必需品,defensive,,6.0,-2.0,-1.0
2025-03-20,75.78972625732422,0.4467757335728392,0.45031736473539696,100.84558106957192,,XLP,生活必需品,defensive,,6.0,-3.0,-3.0
2025-03-21,75.7610855102539,0.4486621990317182,0.44976564283417075,100.78369484769422,,XLP,生活必需品,defensive,,6.0,-2.0,-1.0
2025-03-24,76.22959899902344,0.44454793357652833,0.44802640641495667,100.63201705911618,,XLP,生活必需品,defensive,,5.0,-1.0,3.0
2025-03-25,75.53833770751953,0.44157223884473795,0.44587501722488376,100.4527347987129,,XLP,生活必需品,defensive,,4.0,-2.0,3.0
2025-03-26,76.7096176147461,0.4492651065842997,0.44700504701135574,100.54185056009496,,XLP,生活必需品,defensive,,4.0,-2.0,0.0
2025-03-27,77.58329010009766,0.45555381140828216,0.4498546351436646,100.76459170376467,,XLP,生活必需品,defensive,,5.0,-1.0,2.0
2025-03-28,77.19927215576172,0.46039648469047667,0.45336858499260196,101.02939407891368,,XLP,生活必需品,defensive,,7.0,1.0,3.0
2025-03-31,78.40895080566406,0.46375069017382003,0.45682928671967465,101.27407645972374,,XLP,生活必需品,defensive,,9.0,4.0,5.0
2025-04-01,78.52415466308594,0.46394992380583694,0.4592028324150621,101.41810716354459,,XLP,生活必需品,defensive,,9.0,5.0,7.0
2025-04-02,78.29374694824219,0.458752696962772,0.45905278726429877,101.3624874902187,,XLP,生活必需品,defensive,,9.0,5.0,7.0
2025-04-03,78.74497985839844,0.484476128480127,0.46752723433624155,101.92778226275269,,XLP,生活必需品,defensive,,10.0,5.0,6.0
2025-04-04,75.32713317871094,0.4910165352485539,0.4753570013070123,102.36137694649625,,XLP,生活必需品,defensive,,10.0,3.0,2.0
2025-04-07,74.4534683227539,0.48940043166969954,0.4800381447612414,102.51182475190446,101.18579583278917,XLP,生活必需品,defensive,Leading,10.0,1.0,-3.0
2025-04-08,73.30138397216797,0.49109048129505567,0.48372225693917953,102.56540012616927,101.05380530571726,XLP,生活必需品,defensive,Leading,10.0,1.0,-4.0
2025-04-09,76.14318084716797,0.4723545277552281,0.47993301387786247,102.18987777659348,100.68441507366016,XLP,生活必需品,defensive,Leading,10.0,1.0,-4.0
2025-04-10,76.18159484863281,0.489056647613327,0.48297422512301735,102.23988015737113,100.10487010203586,XLP,生活必需品,defensive,Leading,10.0,0.0,-5.0
2025-04-11,77.14166259765625,0.4878230845303948,0.4845905115921432,102.20354405215654,99.56592116298013,XLP,生活必需品,defensive,Weakening,10.0,0.0,-3.0
2025-04-14,78.45696258544922,0.4898818206329894,0.4863542812724253,102.17694983601137,99.3463270760465,XLP,生活必需品,defensive,Weakening,10.0,0.0,-1.0
2025-04-15,77.79450225830078,0.4873195458576925,0.4866760361341811,102.08168447980455,99.15973912399194,XLP,生活必需品,defensive,Weakening,10.0,0.0,-1.0
2025-04-16,76.9592514038086,0.48835745748998516,0.4872365099194491,102.01085091418781,99.47737918972805,XLP,生活必需品,defensive,Weakening,10.0,0.0,-1.0
2025-04-17,78.60096740722656,0.4950956514718716,0.4898562237702566,102.04627628195962,99.422245462468,XLP,生活必需品,defensive,Weakening,10.0,0.0,0.0
2025-04-21,77.85211181640625,0.5004391248576057,0.49338385746603963,102.11893220523478,99.51172263930111,XLP,生活必需品,defensive,Weakening,10.0,0.0,0.0
2025-04-22,78.9561996459961,0.4953233368987479,0.4940303506102757,102.05487776807723,99.42067335311422,XLP,生活必需品,defensive,Weakening,10.0,0.0,0.0
2025-04-23,78.50495910644531,0.4877737096003961,0.49194480360698256,101.87768165636109,99.2787508608755,XLP,生活必需品,defensive,Weakening,10.0,0.0,0.0
2025-04-24,77.81371307373047,0.4754348239541011,0.48644147705602214,101.56177194154196,98.94753681785798,XLP,生活必需品,defensive,Weakening,10.0,0.0,0.0
2025-04-25,77.61209106445312,0.47488252544387316,0.48258849318530583,101.33746816816404,98.63086864978087,XLP,生活必需品,defensive,Weakening,9.0,-1.0,-1.0
2025-04-28,77.35286712646484,0.47197169732535277,0.47904956123198816,101.13168904076335,98.33617637871056,XLP,生活必需品,defensive,Weakening,9.0,-1.0,-1.0
2025-04-29,77.9961166381836,0.47313524278715813,0.47707812175037817,101.0049885216174,98.32715804397284,XLP,生活必需品,defensive,Weakening,8.0,-2.0,-2.0
2025-04-30,78.56256866455078,0.4758952110694136,0.4766838181900567,100.95676163352545,98.54085601862491,XLP,生活必需品,defensive,Weakening,7.0,-3.0,-3.0
2025-05-01,77.88091278076172,0.47240841493572233,0.47525868377194525,100.85799153568975,98.84688547723188,XLP,生活必需品,defensive,Weakening,7.0,-3.0,-3.0
2025-05-02,78.3033447265625,0.4667364145933666,0.4724179273790857,100.68765678770583,98.9466935278961,XLP,生活必需品,defensive,Weakening,7.0,-2.0,-1.0
2025-05-05,78.23613739013672,0.4678873376446793,0.4709077308009503,100.58469335249772,99.10604575461386,XLP,生活必需品,defensive,Weakening,7.0,-2.0,-1.0
2025-05-06,78.10173034667969,0.4705718977337511,0.47079578644521725,100.55452523581455,99.25281234727709,XLP,生活必需品,defensive,Weakening,6.0,-2.0,0.0
2025-05-07,78.2265396118164,0.4682399658190103,0.4699438462364816,100.48404091629868,99.24670429014068,XLP,生活必需品,defensive,Weakening,6.0,-1.0,2.0
2025-05-08,78.13053131103516,0.46376377437134797,0.4678838222814371,100.34485369986481,99.21858214694853,XLP,生活必需品,defensive,Weakening,5.0,-2.0,1.0
2025-05-09,77.6792984008789,0.4611921751192753,0.4656532732273832,100.19181161331674,99.26350831080255,XLP,生活必需品,defensive,Weakening,5.0,-2.0,0.0
2025-05-12,77.79450225830078,0.44955430258574336,0.4602869496801699,99.8494418744738,98.99291886913116,XLP,生活必需品,defensive,Lagging,4.0,-3.0,-1.0
2025-05-13,76.74803161621094,0.442508642748647,0.4543608473696623,99.46442967260928,98.59734213883276,XLP,生活必需品,defensive,Lagging,5.0,-1.0,1.0
2025-05-14,76.335205078125,0.4427946376104917,0.4505054441166054,99.201543398237,98.41045327778389,XLP,生活必需品,defensive,Lagging,5.0,-1.0,0.0
2025-05-15,77.9001235961914,0.4477905283095194,0.4496004721809101,99.12152942018331,98.52561573566054,XLP,生活必需品,defensive,Lagging,5.0,0.0,2.0
2025-05-16,78.79297637939453,0.4485192837764665,0.4492400760460956,99.07400706547264,98.69706455799088,XLP,生活必需品,defensive,Lagging,5.0,0.0,2.0
2025-05-19,79.02339935302734,0.44988091642363054,0.449453689505274,99.05971056317452,99.13805249451292,XLP,生活必需品,defensive,Lagging,5.0,1.0,4.0
2025-05-20,79.30181884765625,0.45264802356396117,0.4505184675248364,99.0998917576041,99.69121256849499,XLP,生活必需品,defensive,Lagging,5.0,0.0,1.0
2025-05-21,78.3801498413086,0.457349634038131,0.45279552302926795,99.21895512436033,100.1782429497234,XLP,生活必需品,defensive,Improving,5.0,0.0,1.0
2025-05-22,78.0537338256836,0.4569021226850109,0.4541643895811823,99.28700629644213,100.37335298973153,XLP,生活必需品,defensive,Improving,5.0,0.0,0.0
2025-05-23,78.34174346923828,0.46042948270646783,0.4562527539562775,99.41003063562319,100.60895359077608,XLP,生活必需品,defensive,Improving,5.0,0.0,0.0
2025-05-27,79.05220031738281,0.4561018784660935,0.4562024621262162,99.39333667871614,100.65332393144631,XLP,生活必需品,defensive,Improving,5.0,0.0,-1.0
2025-05-28,78.51455688476562,0.45688485636424775,0.4564299268722267,99.3955911582938,100.6459481163503,XLP,生活必需品,defensive,Improving,5.0,0.0,0.0
2025-05-29,78.83139038085938,0.4576109902586489,0.45682361466770083,99.41151034412377,100.5533876363793,XLP,生活必需品,defensive,Improving,5.0,0.0,0.0
2025-05-30,79.52263641357422,0.46180675980906016,0.45848466304815394,99.51801713007595,100.63526861558421,XLP,生活必需品,defensive,Improving,5.0,0.0,0.0
2025-06-02,79.57063293457031,0.4617191467750127,0.45956282429044026,99.58752763707146,100.57950333063708,XLP,生活必需品,defensive,Improving,5.0,0.0,0.0
2025-06-03,79.49383544921875,0.45746496464941117,0.4588635377434306,99.5334455355905,100.53149150246352,XLP,生活必需品,defensive,Improving,5.0,0.0,0.0
2025-06-04,78.9369888305664,0.45528339622226377,0.457670157236375,99.44618825843327,100.4081343677323,XLP,生活必需品,defensive,Improving,4.0,-1.0,-1.0
2025-06-05,78.17853546142578,0.45213050316962944,0.4558236058807932,99.31847782934184,100.20640869103048,XLP,生活必需品,defensive,Improving,4.0,-1.0,-1.0
2025-06-06,78.42816925048828,0.4496905848393177,0.45377926553363473,99.18187962447271,99.85392052470033,XLP,生活必需品,defensive,Lagging,4.0,-1.0,-1.0
2025-06-09,78.32254028320312,0.4490095836081173,0.4521893715584623,99.0852877192725,99.61586355881786,XLP,生活必需品,defensive,Lagging,4.0,-1.0,-1.0
2025-06-10,78.49535369873047,0.44777043158125995,0.4507163915660616,99.00297119409927,99.58468911703979,XLP,生活必需品,defensive,Lagging,4.0,-1.0,-1.0
2025-06-11,78.2265396118164,0.44750770206810153,0.4496468284000749,98.95009339212778,99.64269584975557,XLP,生活必需品,defensive,Lagging,3.0,-1.0,0.0
2025-06-12,78.68736267089844,0.44909077244478496,0.4494614764149783,98.95900472854298,99.84559096132098,XLP,生活必需品,defensive,Lagging,3.0,-1.0,0.0
2025-06-13,77.72730255126953,0.44903930923600044,0.44932075402198574,98.9668389084521,100.05192405238029,XLP,生活必需品,defensive,Improving,2.0,-2.0,-1.0
2025-06-16,77.97692108154297,0.44617934534344916,0.4482736177958069,98.91214236122057,100.09677034374079,XLP,生活必需品,defensive,Improving,2.0,-2.0,-1.0
2025-06-17,77.31446075439453,0.4466794764232393,0.44774223733828433,98.89065189396301,100.1670787592318,XLP,生活必需品,defensive,Improving,2.0,-2.0,-1.0
2025-06-18,77.21847534179688,0.4460746306915043,0.44718636845602433,98.86416143230348,100.1856849177329,XLP,生活必需品,defensive,Improving,2.0,-1.0,0.0
2025-06-20,77.784912109375,0.4486132772039306,0.44766200470532647,98.90231642003079,100.20850138401502,XLP,生活必需品,defensive,Improving,2.0,-1.0,0.0
2025-06-23,78.68584442138672,0.44983794336588423,0.4483873175921791,98.95416518345611,100.2598225963212,XLP,生活必需品,defensive,Improving,3.0,1.0,3.0
2025-06-24,78.6181640625,0.44523538717086214,0.44733667411840683,98.88521340105713,100.21768668949248,XLP,生活必需品,defensive,Improving,2.0,0.0,2.0
2025-06-25,77.56449890136719,0.4424605222866356,0.44571129017448313,98.77652386687399,100.05681744924297,XLP,生活必需品,defensive,Improving,2.0,0.0,2.0
2025-06-26,77.49683380126953,0.4387632515580324,0.4433952773023329,98.63160637087562,99.8534708394412,XLP,生活必需品,defensive,Lagging,2.0,0.0,1.0
2025-06-27,77.86417388916016,0.43923449914083884,0.4420083512485016,98.56173570754598,99.68072423951357,XLP,生活必需品,defensive,Lagging,2.0,0.0,1.0
2025-06-30,78.27017211914062,0.4394597542664619,0.44115881892115505,98.5388601920913,99.57299671733564,XLP,生活必需品,defensive,Lagging,3.0,0.0,-1.0
2025-07-01,79.24649810791016,0.4397872000082648,0.44070161261685836,98.5490979524396,99.72703233167054,XLP,生活必需品,defensive,Lagging,3.0,1.0,1.0
2025-07-02,79.47848510742188,0.44006937086418635,0.4404908653659677,98.57797892955593,99.99059474839933,XLP,生活必需品,defensive,Lagging,3.0,1.0,1.0
2025-07-03,79.4398193359375,0.4377413343297527,0.43957435502056275,98.56378867709587,100.24966100982704,XLP,生活必需品,defensive,Improving,3.0,1.0,1.0
2025-07-07,79.37216186523438,0.4408921699920327,0.44001362667771937,98.63834525042942,100.56638411965575,XLP,生活必需品,defensive,Improving,3.0,1.0,1.0
2025-07-08,78.63749694824219,0.4357202752647124,0.4385825095400504,98.6019348497016,100.62233662096811,XLP,生活必需品,defensive,Improving,3.0,0.0,0.0
2025-07-09,78.12516021728516,0.43159247941531476,0.4362524994984719,98.51516271318332,100.50463898159495,XLP,生活必需品,defensive,Improving,3.0,0.0,-1.0
2025-07-10,78.4054946899414,0.4306464798067146,0.4343838262678862,98.4567935326007,100.38917403389668,XLP,生活必需品,defensive,Improving,4.0,1.0,0.0
2025-07-11,78.11549377441406,0.43221769604829813,0.43366178286135687,98.46987672621417,100.51822356903827,XLP,生活必需品,defensive,Improving,4.0,1.0,0.0
2025-07-14,78.18316650390625,0.43214690430108216,0.4331568233412653,98.49110573521942,100.40973116827604,XLP,生活必需品,defensive,Improving,3.0,0.0,-1.0
2025-07-15,77.40017700195312,0.43383498561309397,0.43338287743187487,98.54952620922327,100.64737151627946,XLP,生活必需品,defensive,Improving,3.0,0.0,0.0
2025-07-16,77.67084503173828,0.43366085275742666,0.4334755358737255,98.59430836668466,100.96013842774465,XLP,生活必需品,defensive,Improving,2.0,-1.0,-1.0
2025-07-17,78.4054946899414,0.43422251055560457,0.43372452743435186,98.64442523593988,101.19667723656408,XLP,生活必需品,defensive,Improving,1.0,-3.0,-4.0
2025-07-18,78.19283294677734,0.43320934737833067,0.4335528007490115,98.6658324788449,101.18935533950865,XLP,生活必需品,defensive,Improving,1.0,-3.0,-4.0
2025-07-21,78.18316650390625,0.43464251716451346,0.4339160395541788,98.7115772087193,101.21935877190451,XLP,生活必需品,defensive,Improving,1.0,-2.0,-2.0
2025-07-22,78.89849090576172,0.43309780821509336,0.4336432957744837,98.7062230983103,101.04554666733033,XLP,生活必需品,defensive,Improving,1.0,-2.0,-2.0
2025-07-23,78.92749786376953,0.42969729664798906,0.4323279627323188,98.62382131296383,100.72684330873031,XLP,生活必需品,defensive,Improving,2.0,0.0,1.0
2025-07-24,78.64717864990234,0.4295461998587409,0.4314007084411262,98.56178775827793,100.44863356977636,XLP,生活必需品,defensive,Improving,1.0,0.0,3.0
2025-07-25,78.78248596191406,0.4282223612651476,0.4303412593824667,98.49847596927106,100.23220566322057,XLP,生活必需品,defensive,Improving,1.0,0.0,3.0
2025-07-28,77.97050476074219,0.4263296449771925,0.42900405458070867,98.42055523330652,99.91444661341843,XLP,生活必需品,defensive,Lagging,1.0,0.0,2.0
2025-07-29,78.48283386230469,0.42933798265402934,0.42911536393848226,98.4553609909605,99.98394388902199,XLP,生活必需品,defensive,Lagging,1.0,0.0,2.0
2025-07-30,77.78683471679688,0.4283089450771682,0.4288465576513776,98.46244644328833,100.1803506426136,XLP,生活必需品,defensive,Improving,2.0,0.0,0.0
2025-07-31,77.11984252929688,0.42854441658023634,0.42874584396099724,98.47859057311659,100.35922546948969,XLP,生活必需品,defensive,Improving,2.0,1.0,1.0
2025-08-01,77.48717498779297,0.4354948396574939,0.4309955091931628,98.68050228167323,101.03847254852911,XLP,生活必需品,defensive,Improving,2.0,1.0,1.0
2025-08-04,77.86417388916016,0.4323274060270069,0.4314394748044442,98.73976712438406,101.36231803187869,XLP,生活必需品,defensive,Improving,3.0,2.0,2.0
2025-08-05,77.78683471679688,0.43309987279304685,0.4319929408006451,98.80888852267695,101.40384429801291,XLP,生活必需品,defensive,Improving,4.0,3.0,3.0
2025-08-06,78.89849090576172,0.4402743419353592,0.43475340784554983,99.0701228020748,101.9786908168834,XLP,生活必需品,defensive,Improving,5.0,3.0,3.0
2025-08-07,79.4978256225586,0.4438857784042767,0.4377975313651255,99.36872613982817,102.52536917600786,XLP,生活必需品,defensive,Improving,6.0,4.0,3.0
2025-08-08,79.72982025146484,0.4443787277140837,0.4399912634814449,99.60324318095022,102.43944478664528,XLP,生活必需品,defensive,Improving,6.0,4.0,3.0
2025-08-11,79.66216278076172,0.445217480958136,0.4417333359736753,99.80589963208854,102.58337738793422,XLP,生活必需品,defensive,Improving,6.0,3.0,1.0
2025-08-12,79.87480926513672,0.4408047193196686,0.4414237970890065,99.80004010024726,102.29046440402225,XLP,生活必需品,defensive,Improving,6.0,2.0,-1.0
2025-08-13,79.87480926513672,0.43459954793863753,0.4391490473722168,99.58152621332839,101.22662763875101,XLP,生活必需品,defensive,Improving,6.0,1.0,-2.0
2025-08-14,79.15949249267578,0.43352775994322135,0.437275284895885,99.40300996787859,100.11531837077743,XLP,生活必需品,defensive,Improving,6.0,0.0,-4.0
2025-08-15,79.28515625,0.43529059028341216,0.43661372002506077,99.35387206381863,99.35062351267733,XLP,生活必需品,defensive,Lagging,6.0,0.0,-4.0
2025-08-18,79.1788330078125,0.43480043082334213,0.4360092902911546,99.3116257940988,98.61405929861851,XLP,生活必需品,defensive,Lagging,6.0,0.0,-3.0
2025-08-19,79.99080657958984,0.4372122762574942,0.43641028561326783,99.37571394782911,98.75505593865313,XLP,生活必需品,defensive,Lagging,6.0,0.0,-2.0
2025-08-20,80.44514465332031,0.440096366111084,0.4376389791125399,99.52686367454852,99.78072498789092,XLP,生活必需品,defensive,Lagging,5.0,-1.0,-2.0
2025-08-21,79.72014617919922,0.43765530279327436,0.4376444203394514,99.54907823089401,100.34536663279236,XLP,生活必需品,defensive,Improving,5.0,-1.0,-1.0
2025-08-22,79.72014617919922,0.429294332388063,0.43486105768898864,99.27264018875655,99.71060289561406,XLP,生活必需品,defensive,Lagging,5.0,-1.0,-1.0
2025-08-25,78.35717010498047,0.42520840133484167,0.43164350557093967,98.94926290136152,98.94568723620907,XLP,生活必需品,defensive,Lagging,3.0,-3.0,-3.0
2025-08-26,77.8448257446289,0.4221363133535844,0.42847444149848796,98.63514345605957,97.97846900304421,XLP,生活必需品,defensive,Lagging,1.0,-5.0,-5.0
2025-08-27,78.07683563232422,0.4218698947090357,0.4262729259020039,98.4333360803684,97.23936394381037,XLP,生活必需品,defensive,Lagging,1.0,-4.0,-3.0
2025-08-28,77.5838394165039,0.41940600568497705,0.42398395249632825,98.22854214885751,96.96300180161033,XLP,生活必需品,defensive,Lagging,1.0,-4.0,-3.0
2025-08-29,78.08650207519531,0.4224366851857248,0.4234681967261271,98.2124438837926,97.72958599974798,XLP,生活必需品,defensive,Lagging,1.0,-4.0,-3.0
2025-09-02,77.9608383178711,0.42511498737820125,0.42401712694348515,98.30153191770903,98.72327781797208,XLP,生活必需品,defensive,Lagging,1.0,-2.0,1.0
2025-09-03,77.90283203125,0.42545808428194115,0.42449744605630385,98.37903110670841,99.62923055624675,XLP,生活必需品,defensive,Lagging,1.0,0.0,5.0
2025-09-04,77.951171875,0.42260068847257215,0.42386519352839336,98.3271014916356,99.97664350824907,XLP,生活必需品,defensive,Lagging,1.0,0.0,4.0
2025-09-05,78.17350006103516,0.42331124281437055,0.4236805432903858,98.33351553349205,100.45074755644866,XLP,生活必需品,defensive,Improving,1.0,0.0,4.0
2025-09-08,77.88349914550781,0.4220768653321088,0.42314598397096015,98.30409745877611,100.40540393826937,XLP,生活必需品,defensive,Improving,1.0,0.0,4.0
2025-09-09,78.03816986083984,0.42422180663424836,0.42350459152538955,98.38815053726375,100.37494689583791,XLP,生活必需品,defensive,Improving,1.0,0.0,2.0
2025-09-10,77.27450561523438,0.4204960982820584,0.42250176044427923,98.30603056532532,99.99179679915767,XLP,生活必需品,defensive,Lagging,1.0,0.0,0.0
2025-09-11,77.90283203125,0.4176566238926611,0.4208867149270732,98.15671221975515,99.75238483973826,XLP,生活必需品,defensive,Lagging,1.0,0.0,0.0
2025-09-12,77.64183807373047,0.4192752635829884,0.420349564479045,98.14651886593039,99.70630012877142,XLP,生活必需品,defensive,Lagging,1.0,0.0,0.0
2025-09-15,76.75252532958984,0.41519795734682907,0.4186323621016397,97.99405290621229,99.42271427106616,XLP,生活必需品,defensive,Lagging,1.0,0.0,0.0
2025-09-16,77.10051727294922,0.41818897867185184,0.41848456762504377,98.04451280452102,99.35240576099787,XLP,生活必需品,defensive,Lagging,1.0,0.0,0.0
2025-09-17,77.56449890136719,0.4203034691281282,0.419090868126072,98.18157848966547,99.86368452921765,XLP,生活必需品,defensive,Lagging,1.0,0.0,0.0
2025-09-18,76.8878402709961,0.4139331034581902,0.41737161323677807,98.03243111029309,99.86551906126465,XLP,生活必需品,defensive,Lagging,1.0,0.0,0.0
2025-09-19,76.73318481445312,0.4138209403129439,0.41618805559550004,97.95477683703055,99.71351426196016,XLP,生活必需品,defensive,Lagging,1.0,0.0,0.0
2025-09-22,75.8776626586914,0.409011772276858,0.4137959611559527,97.73828084263496,99.57397752690797,XLP,生活必需品,defensive,Lagging,1.0,0.0,0.0
2025-09-23,76.25724029541016,0.41055682446729463,0.4127162489264,97.69992669428873,99.38106811038504,XLP,生活必需品,defensive,Lagging,1.0,0.0,0.0
2025-09-24,76.42269897460938,0.41240920359532063,0.4126139004827069,97.78432245378677,99.27251408393961,XLP,生活必需品,defensive,Lagging,1.0,0.0,0.0
2025-09-25,75.69273376464844,0.4118608065286668,0.41236286916469356,97.85434655713458,99.77631879466222,XLP,生活必需品,defensive,Lagging,2.0,1.0,1.0
2025-09-26,75.8776626586914,0.40881654188547356,0.41118076007162024,97.82217272328678,99.87338444810618,XLP,生活必需品,defensive,Lagging,2.0,1.0,1.0
2025-09-29,76.0236587524414,0.40823924787350063,0.4102002560055804,97.82015397288409,100.35329610802088,XLP,生活必需品,defensive,Improving,2.0,1.0,1.0
2025-09-30,76.27671813964844,0.4085185716076597,0.40963969453960686,97.86466225282349,100.52795945104566,XLP,生活必需品,defensive,Improving,2.0,1.0,1.0
2025-10-01,76.15992736816406,0.4069705454521735,0.4087499781771291,97.87275970033424,100.33973047855294,XLP,生活必需品,defensive,Improving,2.0,1.0,1.0
2025-10-02,75.85820007324219,0.4044010959749204,0.4073003507763929,97.82982677372131,100.0752495214011,XLP,生活必需品,defensive,Improving,2.0,0.0,-1.0
2025-10-03,75.94579315185547,0.40344970419237447,0.40601680191505346,97.809320996145,100.10578133691793,XLP,生活必需品,defensive,Improving,3.0,1.0,0.0
2025-10-06,75.3910140991211,0.4006281757046472,0.40422059317825143,97.75132893323634,99.98029496230718,XLP,生活必需品,defensive,Lagging,2.0,0.0,-1.0
2025-10-07,76.09178161621094,0.4061364606832213,0.4048592156799081,97.92612515318082,100.28020345452958,XLP,生活必需品,defensive,Improving,3.0,1.0,0.0
2025-10-08,75.71220397949219,0.4027985054029288,0.4041723122542483,97.96696449189817,100.34820644227766,XLP,生活必需品,defensive,Improving,3.0,1.0,0.0
2025-10-09,75.95552062988281,0.40746416388342865,0.40526959613064184,98.15821279611042,100.87210762893389,XLP,生活必需品,defensive,Improving,4.0,2.0,2.0
2025-10-10,76.013916015625,0.4171832696180854,0.4092408206264564,98.57913121574039,101.80946011562311,XLP,生活必需品,defensive,Improving,4.0,1.0,0.0
2025-10-13,75.76085662841797,0.4117903994597777,0.4100906802375635,98.70235799194744,102.10109717277288,XLP,生活必需品,defensive,Improving,4.0,2.0,2.0
2025-10-14,76.97747802734375,0.4149622093563655,0.41171452327716423,98.88631593714076,102.02024768479349,XLP,生活必需品,defensive,Improving,4.0,1.0,0.0
2025-10-15,77.11373901367188,0.41486029023406645,0.4127631122627983,99.01283671163614,102.09445920442302,XLP,生活必需品,defensive,Improving,5.0,2.0,1.0
2025-10-16,76.57842254638672,0.41592266554176965,0.4138162966891221,99.13578724538478,101.87698154408267,XLP,生活必需品,defensive,Improving,4.0,0.0,-2.0
2025-10-17,77.60038757324219,0.41934364587000084,0.4156587464160817,99.32568306744638,101.38630621271882,XLP,生活必需品,defensive,Improving,4.0,0.0,-1.0
2025-10-20,77.5322494506836,0.4148273562906656,0.41538161637427634,99.32429746377431,101.1197616202013,XLP,生活必需品,defensive,Improving,4.0,0.0,-2.0
2025-10-21,77.17213439941406,0.4110175273265888,0.4139269200250472,99.21773169976646,100.55256135847841,XLP,生活必需品,defensive,Improving,4.0,0.0,-1.0
2025-10-22,77.61011505126953,0.4153533935257789,0.41440241119195775,99.28472374567303,100.42759529834638,XLP,生活必需品,defensive,Improving,4.0,-1.0,-3.0
2025-10-23,77.23053741455078,0.4113716738780663,0.41339216542066065,99.21763731915888,100.05730408622895,XLP,生活必需品,defensive,Improving,4.0,0.0,0.0
2025-10-24,76.97747802734375,0.408908983473573,0.41189777143829814,99.10912662947534,99.48385991232544,XLP,生活必需品,defensive,Lagging,3.0,-1.0,-1.0
2025-10-27,77.10401153564453,0.4077688984218902,0.4105214804328288,99.01523091544513,99.3093203452453,XLP,生活必需品,defensive,Lagging,3.0,-1.0,-1.0
2025-10-28,76.3351058959961,0.407199864036022,0.4094142749672266,98.94876276249245,99.39028975879242,XLP,生活必需品,defensive,Lagging,3.0,-1.0,-1.0
2025-10-29,74.5345230102539,0.4020917073379535,0.40697341909080226,98.77109791910951,98.94546911600708,XLP,生活必需品,defensive,Lagging,4.0,0.0,1.0
2025-10-30,74.45665740966797,0.4034066492603069,0.4057844958139705,98.7098297098826,98.98529777831216,XLP,生活必需品,defensive,Lagging,4.0,0.0,0.0
2025-10-31,74.24253845214844,0.40136901843264144,0.4043126700201942,98.628318213627,99.06437745315536,XLP,生活必需品,defensive,Lagging,4.0,1.0,2.0
2025-11-03,73.65856170654297,0.3991889925332867,0.4026047775245584,98.5321244798132,99.08824443378852,XLP,生活必需品,defensive,Lagging,4.0,1.0,2.0
2025-11-04,73.96028900146484,0.403493080268881,0.40290087843933264,98.6040139957532,99.36949472743498,XLP,生活必需品,defensive,Lagging,3.0,0.0,1.0
2025-11-05,73.91162109375,0.4008812005500924,0.4022276524762526,98.58636979185304,99.69453575411758,XLP,生活必需品,defensive,Lagging,3.0,-1.0,-1.0
2025-11-06,73.58069610595703,0.4019185416799502,0.4021246155441518,98.61055886999408,99.88650574085348,XLP,生活必需品,defensive,Lagging,3.0,-1.0,-1.0
2025-11-07,74.66104125976562,0.404427773563771,0.40289233488402487,98.70206778960804,100.26948902417297,XLP,生活必需品,defensive,Improving,3.0,-1.0,-2.0
2025-11-10,74.3885269165039,0.4006446060623393,0.40214309194346304,98.65561712665334,100.41544579275664,XLP,生活必需品,defensive,Improving,3.0,-1.0,-2.0
2025-11-11,75.36181640625,0.4035547441283332,0.40261364267175315,98.72301297657691,100.4239303357209,XLP,生活必需品,defensive,Improving,2.0,-1.0,-1.0
2025-11-12,75.2547607421875,0.4020279526180666,0.40241841265385764,98.7298781975331,100.47242895964442,XLP,生活必需品,defensive,Improving,3.0,0.0,1.0
2025-11-13,75.2547607421875,0.40662492709536213,0.4038205841343592,98.88896572426196,100.74251141484704,XLP,生活必需品,defensive,Improving,3.0,0.0,1.0
2025-11-14,75.19636535644531,0.4078058811603438,0.4051490164763541,99.04246884392944,100.8480358380435,XLP,生活必需品,defensive,Improving,4.0,1.0,2.0
2025-11-17,74.71943664550781,0.4106111782911298,0.40696973708127937,99.24984145755005,101.345560116293,XLP,生活必需品,defensive,Improving,6.0,3.0,4.0
2025-11-18,75.04063415527344,0.4121310526101872,0.4086901755909153,99.45579347491801,101.58049864463379,XLP,生活必需品,defensive,Improving,6.0,4.0,5.0
2025-11-19,74.46638488769531,0.4102190693995053,0.4091998068604453,99.53613396436997,101.67380185649819,XLP,生活必需品,defensive,Improving,6.0,3.0,3.0
2025-11-20,75.00169372558594,0.4182707661699501,0.41222345996361365,99.94213387253737,102.06454191640671,XLP,生活必需品,defensive,Improving,6.0,3.0,3.0
2025-11-21,75.81926727294922,0.41468135060717637,0.4130427568448013,100.0899504063931,101.95377654704701,XLP,生活必需品,defensive,Leading,7.0,3.0,2.0
2025-11-24,74.94330596923828,0.4081983763103072,0.4114279633333033,99.904210301152,101.16765265027672,XLP,生活必需品,defensive,Improving,7.0,1.0,-2.0
2025-11-25,75.97498321533203,0.40802099312958084,0.4102923065987292,99.77243946359276,100.49369154717367,XLP,生活必需品,defensive,Improving,7.0,1.0,-3.0
2025-11-26,76.80228424072266,0.4096059491933188,0.41006352079692576,99.76531493089595,100.28816611722233,XLP,生活必需品,defensive,Improving,7.0,1.0,-2.0
2025-11-28,77.25,0.40977813413549435,0.40996839190978196,99.77743270055976,99.3850609861437,XLP,生活必需品,defensive,Lagging,7.0,1.0,-2.0
2025-12-01,77.17213439941406,0.4121843094508002,0.4107070310901214,99.92074374756818,99.34437490719193,XLP,生活必需品,defensive,Lagging,7.0,0.0,-3.0
2025-12-02,76.666015625,0.4098689286482848,0.4104276636095092,99.90848961170906,99.73176576929362,XLP,生活必需品,defensive,Lagging,7.0,0.0,-1.0
2025-12-03,76.72442626953125,0.4070751997624361,0.4093101756604849,99.75359465067741,99.67473006796617,XLP,生活必需品,defensive,Lagging,8.0,1.0,0.0
2025-12-04,76.35456848144531,0.40498596745186943,0.40786877292427975,99.53203681277326,99.19570615472465,XLP,生活必需品,defensive,Lagging,8.0,1.0,0.0
2025-12-05,76.36431121826172,0.4040883430720397,0.4066086296401998,99.32876519836636,98.73694318864342,XLP,生活必需品,defensive,Lagging,5.0,-2.0,-3.0
2025-12-08,75.7316665649414,0.40315539337407436,0.4054575508848247,99.1301221853352,98.05568241048482,XLP,生活必需品,defensive,Lagging,4.0,-3.0,-3.0
2025-12-09,75.9068603515625,0.40485167822824125,0.4052555933326303,99.10532476479233,98.10937219638322,XLP,生活必需品,defensive,Lagging,5.0,-2.0,-2.0
2025-12-10,76.1307144165039,0.4004122254355092,0.40364113736692325,98.79631394776273,97.88395189720028,XLP,生活必需品,defensive,Lagging,4.0,-4.0,-5.0
2025-12-11,76.69523620605469,0.4001498442565513,0.4024773729967993,98.57346803495763,97.97354650288513,XLP,生活必需品,defensive,Lagging,3.0,-5.0,-6.0
2025-12-12,77.29866790771484,0.40605060301475715,0.4036684496694519,98.8524277375766,98.94546877340854,XLP,生活必需品,defensive,Lagging,3.0,-2.0,0.0
2025-12-15,77.51278686523438,0.40667081032545976,0.40466923655478787,99.09301800393385,99.8065802832663,XLP,生活必需品,defensive,Lagging,3.0,-1.0,2.0
2025-12-16,77.16239929199219,0.4076957185989608,0.40567806390284555,99.34162402785027,100.3404493351919,XLP,生活必需品,defensive,Improving,4.0,-1.0,1.0
2025-12-17,77.52252197265625,0.41070913937931175,0.4073550890616677,99.76879673621625,101.73196967139671,XLP,生活必需品,defensive,Improving,7.0,3.0,7.0
2025-12-18,77.0748062133789,0.40746601837897856,0.40739206550077134,99.80626881283384,102.11761383497645,XLP,生活必需品,defensive,Improving,7.0,4.0,9.0
2025-12-19,76.6757583618164,0.40388522991495784,0.4062231203055002,99.53235442345398,101.04552555449682,XLP,生活必需品,defensive,Improving,7.0,4.0,6.0
2025-12-22,76.40792083740234,0.3995131853318449,0.4039864753142818,98.98668313020612,99.56701171084845,XLP,生活必需品,defensive,Lagging,4.0,1.0,2.0
2025-12-23,76.04491424560547,0.39854176632850813,0.40217157231902395,98.56590477009136,98.34641575910503,XLP,生活必需品,defensive,Lagging,3.0,-1.0,0.0
2025-12-24,76.64338684082031,0.40022736039395324,0.40152350167733375,98.455603970701,97.51525449688849,XLP,生活必需品,defensive,Lagging,3.0,-4.0,-7.0
2025-12-26,76.75131225585938,0.4006875611041732,0.4012448548196136,98.44517181445727,97.58607245322585,XLP,生活必需品,defensive,Lagging,3.0,-4.0,-8.0
2025-12-29,76.80035400390625,0.4016065577276094,0.4013654224556122,98.53156792330205,98.26270709188738,XLP,生活必需品,defensive,Lagging,3.0,-4.0,-8.0
2025-12-30,76.67282104492188,0.4015829537013934,0.40143793287087265,98.60095951935978,99.28378607403414,XLP,生活必需品,defensive,Lagging,3.0,-1.0,-2.0
2025-12-31,76.2116928100586,0.4026059873601661,0.40182728436730386,98.73879222789628,100.18972117571943,XLP,生活必需品,defensive,Improving,3.0,0.0,1.0
2026-01-02,76.22151184082031,0.3999436824548749,0.4011994170631609,98.63124976873672,100.18901162822645,XLP,生活必需品,defensive,Improving,3.0,0.0,4.0
2026-01-05,75.88793182373047,0.3945315942732135,0.3989768094665118,98.17739989415857,99.4761253180476,XLP,生活必需品,defensive,Lagging,1.0,-2.0,2.0
2026-01-06,76.00566864013672,0.3904300304679345,0.39612788313365277,97.6510997846464,98.52973271367814,XLP,生活必需品,defensive,Lagging,1.0,-2.0,2.0
2026-01-07,75.17174530029297,0.39052733755691693,0.39426103460807416,97.42233421698623,98.14105970927818,XLP,生活必需品,defensive,Lagging,1.0,-2.0,-1.0
2026-01-08,76.95733642578125,0.39640519649718714,0.3949757552377785,97.70464218744672,98.42518539885674,XLP,生活必需品,defensive,Lagging,1.0,-2.0,-2.0
2026-01-09,77.75202178955078,0.39818803206411574,0.3960465141798909,98.01629850052619,99.0877583626237,XLP,生活必需品,defensive,Lagging,1.0,-2.0,-2.0
2026-01-12,78.66444396972656,0.4024941058754807,0.3981957114117542,98.49392210905482,100.50834121521758,XLP,生活必需品,defensive,Improving,4.0,3.0,5.0
2026-01-13,79.57686614990234,0.40716260070056504,0.40118467450802453,99.09608109171911,102.16657613001694,XLP,生活必需品,defensive,Improving,5.0,4.0,6.0
2026-01-14,80.67570495605469,0.4109150820848879,0.4044281437003123,99.73683894037714,103.18639067844727,XLP,生活必需品,defensive,Improving,7.0,6.0,8.0
2026-01-15,80.81305694580078,0.4097995456906498,0.4062186110304249,100.10471018633152,103.06435928811611,XLP,生活必需品,defensive,Leading,8.0,7.0,9.0
2026-01-16,80.55796813964844,0.40955268438705417,0.407329968815968,100.35012182821927,102.79039605041946,XLP,生活必需品,defensive,Leading,8.0,7.0,9.0
2026-01-20,80.80323791503906,0.4170219404409508,0.4105606260242956,101.03982710287819,102.8273381394315,XLP,生活必需品,defensive,Leading,8.0,4.0,1.0
2026-01-21,80.88172912597656,0.41047692208808967,0.41053272471222696,101.07691249241346,102.08232869937646,XLP,生活必需品,defensive,Leading,8.0,3.0,-1.0
2026-01-22,80.7149429321289,0.40909705042463157,0.41005416661636185,101.00761015610514,101.2613794781303,XLP,生活必需品,defensive,Leading,8.0,1.0,-5.0
2026-01-23,81.34284973144531,0.4141254873129287,0.4114112735152175,101.33191612589371,101.18345393103223,XLP,生活必需品,defensive,Leading,8.0,0.0,-7.0
2026-01-26,81.21530151367188,0.4125007779157036,0.4117744416487129,101.42990432674378,100.99829033764155,XLP,生活必需品,defensive,Leading,8.0,0.0,-7.0
2026-01-27,81.58812713623047,0.4150401940791394,0.4128630257921885,101.65769805276034,100.48722175642433,XLP,生活必需品,defensive,Leading,8.0,0.0,-4.0
2026-01-28,80.76399993896484,0.4122362593482259,0.41265410364420096,101.58806966475711,100.35898961401004,XLP,生活必需品,defensive,Leading,8.0,0.0,-3.0
2026-01-29,80.57758331298828,0.41074606105997763,0.4120180894494599,101.42598484825699,100.24783009700087,XLP,生活必需品,defensive,Leading,8.0,0.0,-1.0
2026-01-30,81.93150329589844,0.4185754616191448,0.4142038801726882,101.82108811001572,100.30813229636308,XLP,生活必需品,defensive,Leading,8.0,0.0,0.0
2026-02-02,82.90279388427734,0.4213677862491578,0.4165918488648448,102.19276169576445,100.58340834278985,XLP,生活必需品,defensive,Leading,10.0,2.0,2.0
2026-02-03,84.24689483642578,0.4293423265075279,0.4208420080790725,102.79644084606238,100.96005868201888,XLP,生活必需品,defensive,Leading,10.0,2.0,2.0
2026-02-04,85.34571838378906,0.43118558870699913,0.42428986828838144,103.10917715490194,101.326146667041,XLP,生活必需品,defensive,Leading,11.0,3.0,3.0
2026-02-05,85.27704620361328,0.434614158299654,0.42773129829213896,103.30321591515533,101.63840152115363,XLP,生活必需品,defensive,Leading,11.0,3.0,3.0
2026-02-06,86.27777099609375,0.4316705381861195,0.4290443782567992,103.16058406685703,101.04129733623326,XLP,生活必需品,defensive,Leading,11.0,3.0,3.0
2026-02-09,85.77740478515625,0.4289125482015684,0.4290004349050556,102.8861090651751,100.3543774277968,XLP,生活必需品,defensive,Leading,11.0,1.0,-1.0
2026-02-10,85.50270080566406,0.4260232741473099,0.42800804798580705,102.55843981280097,99.38875197195374,XLP,生活必需品,defensive,Weakening,9.0,-1.0,-3.0
2026-02-11,86.72907257080078,0.4313691494382782,0.4291284151366308,102.51663013411715,99.03828659929549,XLP,生活必需品,defensive,Weakening,9.0,-2.0,-5.0
2026-02-12,87.52376556396484,0.44111046999915177,0.4331224334241378,102.76248306917932,99.1081832632841,XLP,生活必需品,defensive,Weakening,11.0,0.0,-3.0
2026-02-13,87.8180923461914,0.4380560142705001,0.4347669603729253,102.72180584606096,99.22605528061614,XLP,生活必需品,defensive,Weakening,11.0,0.0,-3.0
2026-02-17,86.53285217285156,0.43239091559397796,0.43397494544660953,102.46112941844088,99.25499199196486,XLP,生活必需品,defensive,Weakening,11.0,0.0,-1.0
2026-02-18,86.37586975097656,0.42938025425291504,0.4324433817153781,102.17550454015164,99.31216990987299,XLP,生活必需品,defensive,Weakening,9.0,0.0,1.0
2026-02-19,86.01287078857422,0.4284808916146826,0.43112255168181296,101.946691456102,99.14574274051301,XLP,生活必需品,defensive,Weakening,9.0,0.0,2.0
2026-02-20,86.22871398925781,0.42755661162358455,0.42993390499573686,101.75605180235152,98.74740619456476,XLP,生活必需品,defensive,Weakening,8.0,-3.0,-3.0
2026-02-23,87.28829193115234,0.4376134525317552,0.43249375417440966,101.90048464640188,98.96442862597456,XLP,生活必需品,defensive,Weakening,9.0,-2.0,-2.0
2026-02-24,88.04373931884766,0.43790797961470856,0.43429849598784265,101.9659045836885,99.310920533635,XLP,生活必需品,defensive,Weakening,9.0,-2.0,-2.0
2026-02-25,87.3275375366211,0.4340897880808696,0.4342289266855184,101.87440562953589,99.52304845956235,XLP,生活必需品,defensive,Weakening,9.0,0.0,0.0
2026-02-26,87.18038177490234,0.430924050931738,0.4331273014342583,101.70982953105752,99.60097564630104,XLP,生活必需品,defensive,Weakening,9.0,0.0,0.0
2026-02-27,88.30864715576172,0.4359898470350498,0.4340814833011888,101.71488294712313,99.80187680342483,XLP,生活必需品,defensive,Weakening,9.0,1.0,4.0
2026-03-02,87.03321075439453,0.43049099357547604,0.4328846533926179,101.55816855375265,99.51149741375967,XLP,生活必需品,defensive,Weakening,8.0,-1.0,1.0
2026-03-03,86.08154296875,0.4310723526897818,0.43228055315833924,101.45733666438016,99.35314128907946,XLP,生活必需品,defensive,Weakening,7.0,-2.0,0.0
2026-03-04,85.51251220703125,0.42651316657190114,0.4303580909628599,101.26766718178426,99.26525780466463,XLP,生活必需品,defensive,Weakening,7.0,-2.0,-2.0
2026-03-05,83.79559326171875,0.42284737856135607,0.42785452016235864,101.04609245322314,99.22312417265509,XLP,生活必需品,defensive,Weakening,7.0,-2.0,-2.0
2026-03-06,84.1585922241211,0.4298014047013052,0.4285034816753408,101.0633527056423,99.24840688131027,XLP,生活必需品,defensive,Weakening,7.0,-2.0,-3.0
2026-03-09,84.34500885009766,0.4295394827126124,0.42884881535443137,101.0565668062712,99.4007171337141,XLP,生活必需品,defensive,Weakening,7.0,-1.0,0.0
2026-03-10,84.0997314453125,0.43152612644396043,0.4297412523842744,101.08835375473762,99.52889463402971,XLP,生活必需品,defensive,Weakening,7.0,0.0,2.0
2026-03-11,82.99108123779297,0.42724559485008706,0.4289093665395453,100.99506642074503,99.61316824362805,XLP,生活必需品,defensive,Weakening,7.0,0.0,2.0
2026-03-12,82.65751647949219,0.4322126823774238,0.43001047181883817,101.04284093859597,99.86477903432815,XLP,生活必需品,defensive,Weakening,7.0,0.0,2.0
2026-03-13,83.13825225830078,0.4347488724237858,0.4315899386871541,101.12210260153745,99.90934944549186,XLP,生活必需品,defensive,Weakening,8.0,1.0,3.0
2026-03-16,83.37371826171875,0.4327599876127544,0.43197995499568753,101.11431835520311,99.89112919999494,XLP,生活必需品,defensive,Weakening,8.0,1.0,2.0
2026-03-17,83.09900665283203,0.42893593342406716,0.43096528113848076,101.00758257427843,99.74412046156765,XLP,生活必需品,defensive,Weakening,8.0,1.0,1.0
2026-03-18,81.07794952392578,0.42408468246072534,0.42867174824589566,100.8133337686146,99.64440600148681,XLP,生活必需品,defensive,Weakening,8.0,1.0,1.0
2026-03-19,80.42061614990234,0.42097282670381136,0.4261054410652009,100.60377545520006,99.39653004248864,XLP,生活必需品,defensive,Weakening,8.0,1.0,1.0
2026-03-20,79.75346374511719,0.4237050532281843,0.42530531178619535,100.52551276945776,99.26187573601666,XLP,生活必需品,defensive,Weakening,8.0,0.0,-1.0
2026-03-23,80.0938491821289,0.42102495278235397,0.4238785254515816,100.40278206446968,99.17313931140482,XLP,生活必需品,defensive,Weakening,7.0,-1.0,-2.0
2026-03-24,80.0247802734375,0.420157750708888,0.4226382672040171,100.29364770687674,99.1951923360262,XLP,生活必需品,defensive,Weakening,7.0,-1.0,-2.0
2026-03-25,80.41943359375,0.42019362158729134,0.4218233853317752,100.21405603869215,99.32158267197747,XLP,生活必需品,defensive,Weakening,7.0,-1.0,-2.0
2026-03-26,80.05438232421875,0.42216087844517614,0.42193588303624224,100.20153165858483,99.51241804436343,XLP,生活必需品,defensive,Weakening,7.0,-1.0,-2.0
2026-03-27,80.6858139038086,0.4314059451789611,0.42509257041714854,100.41875321348458,99.7889942735951,XLP,生活必需品,defensive,Weakening,8.0,0.0,0.0
2026-03-30,80.78447723388672,0.43282913232592873,0.427671424386742,100.59334664348492,100.0711159756987,XLP,生活必需品,defensive,Leading,8.0,1.0,2.0
2026-03-31,80.88314819335938,0.42466447891586007,0.4266691092297814,100.49136721878295,100.05934034019677,XLP,生活必需品,defensive,Leading,8.0,1.0,2.0
2026-04-01,80.37010192871094,0.4206120159232744,0.4246500781276124,100.30740266722137,99.94033692044307,XLP,生活必需品,defensive,Weakening,7.0,0.0,1.0
2026-04-02,80.79434967041016,0.42162789914352405,0.42364268513291636,100.20183315290842,99.84427296061841,XLP,生活必需品,defensive,Weakening,7.0,0.0,1.0
2026-04-06,81.5540542602539,0.42377086088083993,0.42368541038222424,100.17993543144685,99.59740756870936,XLP,生活必需品,defensive,Weakening,7.0,-1.0,-1.0
2026-04-07,80.17278289794922,0.4175192940239919,0.42163003826281353,99.97556656641919,99.2036067828973,XLP,生活必需品,defensive,Lagging,6.0,-2.0,-3.0
2026-04-08,81.67243957519531,0.4157250206426206,0.4196616990560826,99.76205433188288,99.08063487155256,XLP,生活必需品,defensive,Lagging,6.0,-2.0,-3.0
2026-04-09,82.3334732055664,0.418835943622474,0.4193864472448797,99.68394204638624,99.17490394472097,XLP,生活必需品,defensive,Lagging,5.0,-2.0,-2.0
2026-04-10,81.26792907714844,0.41642171348409707,0.4183982026579522,99.52615246833972,99.10680405065523,XLP,生活必需品,defensive,Lagging,4.0,-3.0,-3.0
2026-04-13,80.45890045166016,0.40775595954821825,0.4148507882880409,99.08215147909331,98.67131840351698,XLP,生活必需品,defensive,Lagging,2.0,-5.0,-4.0
2026-04-14,80.37996673583984,0.40566253068296676,0.4117880357530162,98.6636398398786,98.49794807795449,XLP,生活必需品,defensive,Lagging,2.0,-4.0,-2.0
2026-04-15,79.97545623779297,0.40347957510666904,0.4090185488709005,98.28286320987463,98.38039670622578,XLP,生活必需品,defensive,Lagging,2.0,-4.0,-2.0
2026-04-16,80.34049987792969,0.403482882384153,0.40717332670865136,98.0404594770404,98.23779056268047,XLP,生活必需品,defensive,Lagging,2.0,-3.0,-1.0
2026-04-17,81.35671997070312,0.4035184047299149,0.40595501938240586,97.89903272076126,98.2702322254844,XLP,生活必需品,defensive,Lagging,2.0,-2.0,1.0
2026-04-20,81.28765869140625,0.40190975614577146,0.40460659830352774,97.76894269622389,98.61962890322583,XLP,生活必需品,defensive,Lagging,2.0,0.0,5.0
2026-04-21,80.74501037597656,0.40169051906667486,0.40363457189124347,97.7248952803869,99.0443216956118,XLP,生活必需品,defensive,Lagging,2.0,0.0,4.0
2026-04-22,81.01140594482422,0.4031949232874844,0.40348802235665715,97.77461598971523,99.60413091541191,XLP,生活必需品,defensive,Lagging,2.0,0.0,4.0
2026-04-23,82.36307525634766,0.4099424367612449,0.4056394938248531,98.04873283295116,100.32134399133597,XLP,生活必需品,defensive,Improving,2.0,0.0,3.0
2026-04-24,82.11642456054688,0.40956449227752667,0.406947826642411,98.22205690877355,100.79082975472397,XLP,生活必需品,defensive,Improving,2.0,0.0,2.0
2026-04-27,81.23832702636719,0.40566678639498244,0.4065208132266015,98.20985036801449,100.99024018248872,XLP,生活必需品,defensive,Improving,2.0,0.0,0.0
2026-04-28,81.96842956542969,0.4114125981539487,0.40815140820238394,98.40989418306194,101.33465178887984,XLP,生活必需品,defensive,Improving,2.0,0.0,0.0
2026-04-29,81.8105697631836,0.4113373730014813,0.40921339646874977,98.5391761089323,101.43180723196654,XLP,生活必需品,defensive,Improving,2.0,0.0,0.0
2026-04-30,83.18196868896484,0.4120035548576908,0.41014344926506346,98.64546463975816,101.18520891946125,XLP,生活必需品,defensive,Improving,2.0,0.0,0.0
2026-05-01,83.0438461303711,0.41257679013229176,0.41095456288747295,98.74329937420788,101.07731370657781,XLP,生活必需品,defensive,Improving,2.0,0.0,0.0
2026-05-04,82.42227172851562,0.41188504058362707,0.41126472211952436,98.79448614601068,101.17671360051422,XLP,生活必需品,defensive,Improving,2.0,0.0,0.0
2026-05-05,82.93531036376953,0.41118605677739434,0.4112385003388144,98.82072028593464,100.97084157509786,XLP,生活必需品,defensive,Improving,2.0,0.0,0.0
2026-05-06,83.11289978027344,0.4088279394621868,0.4104349800466052,98.77623742603112,100.78883610971467,XLP,生活必需品,defensive,Improving,2.0,0.0,0.0
2026-05-07,82.85638427734375,0.41018932276273373,0.41035309428531475,98.80726671131389,100.78512681819228,XLP,生活必需品,defensive,Improving,2.0,0.0,0.0
2026-05-08,83.0537109375,0.4100380295965211,0.41024807272238356,98.83534969323601,100.74628440260413,XLP,生活必需品,defensive,Improving,3.0,1.0,1.0
2026-05-11,82.25454711914062,0.4063115142828458,0.408935886575871,98.74826923810654,100.53380419713832,XLP,生活必需品,defensive,Improving,4.0,2.0,2.0
2026-05-12,83.31023406982422,0.41188975685328755,0.4099205100016765,98.88122037220249,100.71778434447837,XLP,生活必需品,defensive,Improving,5.0,3.0,3.0
2026-05-13,83.58648681640625,0.41506810568032143,0.41163637522789154,99.07772839927517,101.12198636815445,XLP,生活必需品,defensive,Improving,5.0,3.0,3.0
2026-05-14,83.84300994873047,0.4148291067170747,0.4127006190576193,99.20792643162164,101.2593665564217,XLP,生活必需品,defensive,Improving,5.0,3.0,3.0
2026-05-15,83.50755310058594,0.41747409586199735,0.414291777992412,99.38784812298246,101.47633397331164,XLP,生活必需品,defensive,Improving,6.0,3.0,2.0
2026-05-18,84.75069427490234,0.42109825079851193,0.416560602261112,99.6350483206266,101.96283502638902,XLP,生活必需品,defensive,Improving,7.0,3.0,1.0
2026-05-19,84.93815612792969,0.42449966640232545,0.41920695697484983,99.92103991107076,102.10461691132838,XLP,生活必需品,defensive,Improving,7.0,2.0,-1.0
2026-05-20,84.37577056884766,0.4171168808970043,0.41851026494890137,99.86916507266852,101.62943768427292,XLP,生活必需品,defensive,Improving,7.0,2.0,-1.0
2026-05-21,83.52729034423828,0.4111473117425917,0.41605594721346484,99.6366310750144,101.0148820108896,XLP,生活必需品,defensive,Improving,7.0,2.0,-1.0
2026-05-22,83.66542053222656,0.40809930682399487,0.41340373375030826,99.38598026436225,100.30131220585484,XLP,生活必需品,defensive,Improving,7.0,1.0,-2.0
2026-05-26,82.51106262207031,0.40041403565620515,0.40907383438560724,98.96167943518512,99.21638877869977,XLP,生活必需品,defensive,Lagging,6.0,-1.0,-4.0
2026-05-27,83.44835662841797,0.40525531944376825,0.407800996071661,98.85809351284921,98.62582818754628,XLP,生活必需品,defensive,Lagging,6.0,-1.0,-3.0
2026-05-28,83.30036926269531,0.403060311386894,0.40622076784340533,98.72505899324395,98.54513452329472,XLP,生活必需品,defensive,Lagging,6.0,-1.0,-3.0
2026-05-29,81.80070495605469,0.39470466530373843,0.40238206699684975,98.35979957012587,98.40129143340504,XLP,生活必需品,defensive,Lagging,6.0,-1.0,-3.0
2026-06-01,80.93247985839844,0.38980601165083933,0.39819004854817963,97.98733074208816,98.28260961055639,XLP,生活必需品,defensive,Lagging,7.0,0.0,-1.0
2026-06-02,80.73515319824219,0.38731899114886054,0.3945663627484066,97.71410958941522,98.55048811471787,XLP,生活必需品,defensive,Lagging,6.0,0.0,1.0
2026-06-03,81.06073760986328,0.3903491107986298,0.393160612098481,97.69324184571802,98.70111881673195,XLP,生活必需品,defensive,Lagging,5.0,-1.0,0.0
2026-06-04,80.94233703613281,0.38685787772383357,0.3910597006402652,97.62522204717904,98.81658413363431,XLP,生活必需品,defensive,Lagging,4.0,-2.0,-1.0
2026-06-05,82.32361602783203,0.39913913539343665,0.393752845557989,97.98556397773335,99.85780088621597,XLP,生活必需品,defensive,Lagging,3.0,-3.0,-2.0
2026-06-08,81.95855712890625,0.39779027619918206,0.3950986557717201,98.18889741639708,100.67310156801483,XLP,生活必需品,defensive,Improving,5.0,-2.0,-2.0
2026-06-09,82.97477722167969,0.39968081894277024,0.39662604349540354,98.38968398758405,101.31449532229033,XLP,生活必需品,defensive,Improving,5.0,-1.0,-1.0
2026-06-10,84.34618377685547,0.4115195071394693,0.4015905313767588,98.89426316590522,101.96372754366693,XLP,生活必需品,defensive,Improving,6.0,1.0,2.0
2026-06-11,84.12911987304688,0.40415922572469193,0.40244676282606984,99.00462288248738,102.10050457779133,XLP,生活必需品,defensive,Improving,7.0,3.0,5.0
2026-06-12,84.67176055908203,0.40311453198114494,0.40266935254442826,99.05116172821513,101.6278222969317,XLP,生活必需品,defensive,Improving,7.0,4.0,7.0
2026-06-15,84.33631896972656,0.3991975551802695,0.4015120867563754,98.96029642530773,101.2167354852501,XLP,生活必需品,defensive,Improving,7.0,2.0,4.0
2026-06-16,84.44483947753906,0.4010488534203177,0.4013576756443562,98.96852152884344,100.94890952860824,XLP,生活必需品,defensive,Improving,6.0,1.0,2.0
2026-06-17,82.56039428710938,0.3980653651781035,0.400260238822272,98.88242071491335,100.19201472854833,XLP,生活必需品,defensive,Improving,6.0,0.0,-1.0
2026-06-18,82.18548583984375,0.39442704651978205,0.3983158413881087,98.71329328292575,99.83251960113203,XLP,生活必需品,defensive,Lagging,5.0,-2.0,-5.0
2026-06-22,81.64305114746094,0.39096391911560485,0.3958652006306075,98.49863769506375,99.49807484488169,XLP,生活必需品,defensive,Lagging,5.0,-2.0,-6.0
2026-06-23,83.17298889160156,0.3996631459595259,0.39713118240691364,98.67395812620225,99.8286436710739,XLP,生活必需品,defensive,Lagging,4.0,-3.0,-5.0
2026-06-24,83.88829040527344,0.40024538741048865,0.3981692507414387,98.8209704236164,99.99497520649821,XLP,生活必需品,defensive,Lagging,5.0,-1.0,-2.0
2026-06-25,83.39155578613281,0.3953011725839312,0.3972132246889363,98.75665546222022,100.01337971021991,XLP,生活必需品,defensive,Improving,4.0,-2.0,-2.0
2026-06-26,84.1565170288086,0.4016587770052583,0.39869507546104366,98.94834348718942,100.46566680435828,XLP,生活必需品,defensive,Improving,5.0,0.0,2.0
2026-06-29,83.8187484741211,0.39490176135323274,0.3974306374251067,98.83917741559549,100.59086523595168,XLP,生活必需品,defensive,Improving,5.0,0.0,2.0
2026-06-30,82.52723693847656,0.3893286263136815,0.39472996705463165,98.56461508973182,100.0184560016475,XLP,生活必需品,defensive,Improving,6.0,2.0,5.0
2026-07-01,82.7557373046875,0.3892357945814962,0.39289857623025315,98.38755315275246,99.61398086116384,XLP,生活必需品,defensive,Lagging,5.0,0.0,1.0
2026-07-02,84.4346923828125,0.39436078485144743,0.3933859791039846,98.47629046337438,99.81866117363761,XLP,生活必需品,defensive,Lagging,5.0,1.0,3.0
2026-07-06,83.55050659179688,0.39006778499235584,0.3922799144001084,98.38391407032566,99.46531576720452,XLP,生活必需品,defensive,Lagging,4.0,-1.0,-1.0
2026-07-07,84.3055419921875,0.394087666447097,0.3928824984157713,98.48512312548789,99.73828491853251,XLP,生活必需品,defensive,Lagging,5.0,0.0,0.0
2026-07-08,83.83861541748047,0.3965775775082174,0.39411419144658666,98.66354349934313,100.30651561658087,XLP,生活必需品,defensive,Improving,6.0,0.0,-2.0
2026-07-09,82.65638732910156,0.3886046295078072,0.3922776708003268,98.47762972223751,100.27951052863459,XLP,生活必需品,defensive,Improving,5.0,0.0,0.0
2026-07-10,83.57038116455078,0.3914350007182794,0.3919967807729777,98.48211765431378,100.15813228590656,XLP,生活必需品,defensive,Improving,3.0,-2.0,-3.0
2026-07-13,84.03730010986328,0.39375063584925046,0.3925813991317353,98.5919999970943,100.40357116239863,XLP,生活必需品,defensive,Improving,4.0,0.0,1.0
2026-07-14,82.87494659423828,0.3897234576274446,0.3916287519636384,98.51988487479152,100.15675310240269,XLP,生活必需品,defensive,Improving,4.0,-1.0,-1.0
2026-07-15,82.92462158203125,0.39083594355787665,0.3913644824950512,98.53947427729771,99.92058787508614,XLP,生活必需品,defensive,Lagging,2.0,-4.0,-4.0
2026-07-16,85.24932861328125,0.39788793004909556,0.393538965013066,98.85121427126143,100.56782140671851,XLP,生活必需品,defensive,Improving,3.0,-2.0,-2.0
2026-07-17,84.63338470458984,0.39814181271332744,0.3950732475798199,99.07143936835956,100.84837605726953,XLP,生活必需品,defensive,Improving,4.0,1.0,3.0
2026-07-20,84.3055419921875,0.3983732380879866,0.3961732444158754,99.23037178577998,100.90288105856429,XLP,生活必需品,defensive,Improving,6.0,2.0,2.0
2026-07-21,83.5107650756836,0.39398704448032,0.3954445111040237,99.16230468633805,100.88705504130269,XLP,生活必需品,defensive,Improving,5.0,1.0,2.0
2026-07-22,83.82867431640625,0.3955984260445061,0.39549581608418455,99.18879964166813,100.87079789825854,XLP,生活必需品,defensive,Improving,4.0,2.0,6.0
2026-07-23,82.66632080078125,0.3915490022027441,0.39418021145703774,99.05216962580339,100.15389689234287,XLP,生活必需品,defensive,Improving,4.0,1.0,3.0
2026-07-24,83.58030700683594,0.3928196052411527,0.3937266760517428,99.02595216211179,99.76760453401988,XLP,生活必需品,defensive,Lagging,4.0,0.0,-1.0
2026-07-27,84.80227661132812,0.3955806814966662,0.3943446778667173,99.12775125223341,99.68831378922503,XLP,生活必需品,defensive,Lagging,5.0,-1.0,-3.0
2026-07-28,86.49116516113281,0.3988069461247208,0.3958321006193852,99.3285071191926,100.11832052583247,XLP,生活必需品,defensive,Improving,5.0,0.0,-1.0
2026-07-29,86.7892074584961,0.4038170383173466,0.3984937465187057,99.66689296856407,100.61778334295903,XLP,生活必需品,defensive,Improving,7.0,3.0,1.0
2026-07-30,84.91156005859375,0.39572262941069886,0.3975700408160368,99.57461537072295,100.69790423077804,XLP,生活必需品,defensive,Improving,7.0,3.0,2.0
2026-07-31,84.49430084228516,0.3944556773461073,0.39653191965939366,99.47011020728038,100.57871599978856,XLP,生活必需品,defensive,Improving,7.0,3.0,3.0
2026-08-03,84.3055419921875,0.3897675925982754,0.39427714397235425,99.21917930297165,100.02666991860104,XLP,生活必需品,defensive,Improving,7.0,2.0,3.0
2026-08-04,84.81221008300781,0.3865550478919069,0.3917031119455385,98.93297898273967,99.2703349726037,XLP,生活必需品,defensive,Lagging,7.0,2.0,2.0
2026-08-05,84.77247619628906,0.38725314363329133,0.39021978917478944,98.78562627359192,98.54587383944113,XLP,生活必需品,defensive,Lagging,3.0,-4.0,-7.0
2026-08-06,84.55390930175781,0.38828686893770914,0.389575482429096,98.74486582226322,98.67257386752784,XLP,生活必需品,defensive,Lagging,3.0,-4.0,-7.0
2026-08-07,84.5638427734375,0.3856682228467727,0.3882730625683216,98.62651214292234,98.69399229361058,XLP,生活必需品,defensive,Lagging,3.0,-4.0,-7.0
2026-08-10,84.39495086669922,0.3846707431829515,0.38707228943986494,98.52576620132291,98.9534431975586,XLP,生活必需品,defensive,Lagging,3.0,-4.0,-6.0
2026-08-11,84.13665771484375,0.3826767160500013,0.3856070983099104,98.40235914209856,99.21717439365503,XLP,生活必需品,defensive,Lagging,3.0,-4.0,-6.0
2026-08-12,84.52410888671875,0.3837607832378672,0.3849916599525627,98.38366115854292,99.42488165989897,XLP,生活必需品,defensive,Lagging,3.0,0.0,4.0
2026-08-13,85.43809509277344,0.385036853855845,0.38500672458699015,98.4333033385816,99.57610690802414,XLP,生活必需品,defensive,Lagging,3.0,0.0,4.0
2026-08-14,85.52750396728516,0.3853705669408154,0.38512800537159864,98.48747534022662,99.84960492305659,XLP,生活必需品,defensive,Lagging,3.0,0.0,4.0
2026-08-17,84.12671661376953,0.38245822813699554,0.38423807962673096,98.40875168934895,99.8985026981313,XLP,生活必需品,defensive,Lagging,3.0,0.0,4.0
2026-08-18,85.02083587646484,0.38828167382858025,0.3855859443606807,98.58967861540089,100.38661368280543,XLP,生活必需品,defensive,Improving,3.0,0.0,4.0
2026-08-19,85.97456359863281,0.38860602032763736,0.38659263634966634,98.7066385958793,100.62814510263938,XLP,生活必需品,defensive,Improving,4.0,1.0,1.0
2026-08-20,84.76253509521484,0.38624093741378235,0.38647540337103836,98.66222869796145,100.49988889850287,XLP,生活必需品,defensive,Improving,4.0,1.0,1.0
2026-08-21,85.42815399169922,0.3868330399010956,0.3865946155477241,98.65470748170597,100.40908305487457,XLP,生活必需品,defensive,Improving,4.0,1.0,1.0
2026-08-24,86.87861633300781,0.39294007972567446,0.38870977027370757,98.99383035728958,101.05893474408138,XLP,生活必需品,defensive,Improving,5.0,2.0,2.0
2026-08-25,85.9546890258789,0.38904174877417996,0.3888204297738651,99.02202518390447,100.78840526447263,XLP,生活必需品,defensive,Improving,5.0,2.0,2.0
2026-08-26,85.70632934570312,0.38732384896683414,0.38832156950485486,98.93785175213847,100.44170189362194,XLP,生活必需品,defensive,Improving,5.0,1.0,0.0
2026-08-27,84.52410888671875,0.3831196069715478,0.38658758199375254,98.61311693949014,99.95333155318595,XLP,生活必需品,defensive,Lagging,4.0,0.0,-1.0
2026-08-28,84.89168548583984,0.3861107905162178,0.38642865150124095,98.61647484945759,99.9361892827263,XLP,生活必需品,defensive,Lagging,4.0,0.0,-1.0
2026-08-31,84.42475891113281,0.38626240994285227,0.3863732376484448,98.65230709146589,99.34655692486051,XLP,生活必需品,defensive,Lagging,4.0,-1.0,-3.0
2026-09-01,84.6929931640625,0.39069512597546374,0.38781386709078447,98.97441613142921,99.8432262183855,XLP,生活必需品,defensive,Lagging,5.0,0.0,-2.0
2026-09-02,84.97116088867188,0.39016725847993206,0.388598330887167,99.15190480060278,100.31694480917436,XLP,生活必需品,defensive,Improving,5.0,0.0,-1.0
2026-09-03,84.70292663574219,0.38637274328711857,0.38785646835381754,99.0204151851219,100.68483125462369,XLP,生活必需品,defensive,Improving,5.0,1.0,1.0
2026-09-04,84.02737426757812,0.3851289032044735,0.3869472799707029,98.87279501007583,100.35030509985661,XLP,生活必需品,defensive,Improving,5.0,1.0,1.0
2026-09-08,83.47102355957031,0.38658602928279334,0.3868268630747331,98.8843946955272,100.29818151912629,XLP,生活必需品,defensive,Improving,5.0,1.0,2.0
2026-09-09,82.50736999511719,0.38584379628640536,0.3864991741452905,98.85822887682794,99.58695632566366,XLP,生活必需品,defensive,Lagging,4.0,-1.0,-1.0
2026-09-10,82.54710388183594,0.38869163022941816,0.3872299928399997,99.02586104721804,99.59175416955519,XLP,生活必需品,defensive,Lagging,5.0,0.0,0.0
2026-09-11,82.83521270751953,0.38696231409471177,0.38714076659157043,99.03010188806384,99.93882229276345,XLP,生活必需品,defensive,Lagging,5.0,0.0,-1.0
2026-09-14,83.86841583251953,0.391533777371709,0.3886051035182833,99.34912820469442,101.13424643467826,XLP,生活必需品,defensive,Improving,6.0,1.0,0.0
2026-09-15,83.18292999267578,0.39023933589375537,0.38914984764344074,99.48811378911188,101.47847309486181,XLP,生活必需品,defensive,Improving,6.0,1.0,0.0
2026-09-16,82.78553771972656,0.3914486868323492,0.3899161273730769,99.68292831751394,101.99673333205455,XLP,生活必需品,defensive,Improving,6.0,2.0,3.0
2026-09-17,82.94448852539062,0.39030648951988106,0.39004624808867827,99.74043906496578,101.65400287761608,XLP,生活必需品,defensive,Improving,6.0,1.0,1.0
2026-09-18,82.25900268554688,0.388940658571934,0.3896777182497635,99.6788543784377,101.4392274049042,XLP,生活必需品,defensive,Improving,6.0,1.0,1.0
2026-09-21,81.91999816894531,0.38517961721875627,0.3881783512394278,99.34302992425305,99.83228040339448,XLP,生活必需品,defensive,Lagging,6.0,0.0,-1.0
2026-09-22,82.7300033569336,0.3887688071922244,0.38837516989036003,99.41488421356976,99.65703834041875,XLP,生活必需品,defensive,Lagging,6.0,0.0,-1.0
2026-09-23,82.43000030517578,0.3900903944798869,0.3889469114202023,99.5805191603611,99.58274868249414,XLP,生活必需品,defensive,Lagging,7.0,1.0,-1.0
2026-09-24,81.69999694824219,0.38856653230620136,0.38882011838220204,99.57291031614415,99.42371270580011,XLP,生活必需品,defensive,Lagging,7.0,1.0,0.0
2026-09-25,82.05999755859375,0.38870729629740725,0.3887825110206038,99.58890625598373,99.62821230819469,XLP,生活必需品,defensive,Lagging,7.0,1.0,0.0
2026-09-28,82.27999877929688,0.3922952065621958,0.38995340953446783,99.9323543004301,101.28615003966432,XLP,生活必需品,defensive,Improving,7.0,1.0,1.0
2026-09-29,82.27999877929688,0.3922952065621958,0.3907340085437105,100.16764214063664,101.61947260415425,XLP,生活必需品,defensive,Leading,7.0,1.0,1.0
2024-09-30,38.14936447143555,0.21998652447042666,0.21998652447042666,,,XLU,公益事業,defensive,,,,
2024-10-01,38.45633316040039,0.2229387749361288,0.22097060795899404,,,XLU,公益事業,defensive,,,,
2024-10-02,38.475223541259766,0.22328637066260695,0.22174252886019835,,,XLU,公益事業,defensive,,,,
2024-10-03,38.461055755615234,0.22426235661877164,0.22258247144638946,,,XLU,公益事業,defensive,,,,
2024-10-04,38.399662017822266,0.22216144893291345,0.22244213060856416,,,XLU,公益事業,defensive,,,,
2024-10-07,37.51653289794922,0.2187549435283353,0.2212130682484879,,,XLU,公益事業,defensive,,,,
2024-10-08,37.53541946411133,0.21834743953246588,0.22025785867648057,,,XLU,公益事業,defensive,,,,
2024-10-09,37.214290618896484,0.2150024855694599,0.21850606764080702,,,XLU,公益事業,defensive,,,,
2024-10-10,37.10093307495117,0.21515371461311966,0.2173886166315779,,,XLU,公益事業,defensive,,,,
2024-10-11,37.42679977416992,0.21493215554242706,0.21656979626852765,,,XLU,公益事業,defensive,,,,
2024-10-14,37.89906692504883,0.21605893619025723,0.21639950957577087,,,XLU,公益事業,defensive,,,,
2024-10-15,38.06907653808594,0.21801465836713868,0.2169378925062268,,,XLU,公益事業,defensive,,,,
2024-10-16,38.82469940185547,0.22084842810934446,0.2182414043739327,,,XLU,公益事業,defensive,,,,
2024-10-17,38.47994613647461,0.2192374128226265,0.218573407190164,,,XLU,公益事業,defensive,,,,
2024-10-18,38.701904296875,0.21984730283637283,0.2189980390722336,,,XLU,公益事業,defensive,,,,
2024-10-21,38.55078887939453,0.22087123013234713,0.21962243609227147,,,XLU,公益事業,defensive,,,,
2024-10-22,38.41382598876953,0.2210796428671478,0.22010817168389693,,,XLU,公益事業,defensive,,,,
2024-10-23,38.782188415527344,0.2239357054007386,0.22138401625617748,,,XLU,公益事業,defensive,,,,
2024-10-24,38.53189468383789,0.22244068148661272,0.22173623799965592,,,XLU,公益事業,defensive,,,,
2024-10-25,37.96045684814453,0.22018766843590842,0.22122004814507346,,,XLU,公益事業,defensive,,,,
2024-10-28,38.25798416137695,0.22066213286714517,0.22103407638576403,,,XLU,公益事業,defensive,,,,
2024-10-29,37.44095993041992,0.2166027689002681,0.21955697389059875,,,XLU,公益事業,defensive,,,,
2024-10-30,37.351234436035156,0.2165566138597797,0.21855685388032575,,,XLU,公益事業,defensive,,,,
2024-10-31,37.738494873046875,0.22116009276592966,0.21942460017552706,,,XLU,公益事業,defensive,,,,
2024-11-01,36.89786148071289,0.216098840889926,0.2183160137469934,,,XLU,公益事業,defensive,,,,
2024-11-04,36.45866394042969,0.2132727522816303,0.2166349265918724,,,XLU,公益事業,defensive,,,,
2024-11-05,37.00648498535156,0.21398141391169426,0.21575042236514635,,,XLU,公益事業,defensive,,,,
2024-11-06,36.623958587646484,0.20687187987269065,0.21279090820099444,,,XLU,公益事業,defensive,,,,
2024-11-07,36.6900749206543,0.20704158766161612,0.2108744680212017,,,XLU,公益事業,defensive,,,,
2024-11-08,37.39373779296875,0.20984322014958537,0.21053071873066292,,,XLU,公益事業,defensive,,,,
2024-11-11,37.497642517089844,0.20937999738088145,0.21014714494740244,,,XLU,公益事業,defensive,,,,
2024-11-12,37.0678825378418,0.2085697537547232,0.20962134788317605,,,XLU,公益事業,defensive,,,,
2024-11-13,37.00176239013672,0.20808437751047437,0.20910902442560883,,,XLU,公益事業,defensive,,,,
2024-11-14,36.87424850463867,0.20903995744101103,0.20908600209740957,,,XLU,公益事業,defensive,,,,
2024-11-15,37.42679977416992,0.21369676873736873,0.21062292431072932,,,XLU,公益事業,defensive,,,,
2024-11-18,37.752662658691406,0.21469120028989264,0.2119790163037838,,,XLU,公益事業,defensive,,,,
2024-11-19,37.9935188293457,0.216645246721056,0.21353442644287454,,,XLU,公益事業,defensive,,,,
2024-11-20,38.01240539550781,0.21602561178673588,0.214364821557495,,,XLU,公益事業,defensive,,,,
2024-11-21,38.67357635498047,0.21704890193621815,0.2152595150170694,,,XLU,公益事業,defensive,,,,
2024-11-22,38.465782165527344,0.21419545391939437,0.21490482798451108,,,XLU,公益事業,defensive,,,,
2024-11-25,38.536617279052734,0.21266421246685563,0.21415795614529262,,,XLU,公益事業,defensive,,,,
2024-11-26,39.15056228637695,0.21602918203184213,0.2147816981074758,,,XLU,公益事業,defensive,,,,
2024-11-27,39.15056228637695,0.2162370629658234,0.21526681972692502,,,XLU,公益事業,defensive,,,,
2024-11-29,39.16472625732422,0.21565811657589257,0.21539725200991422,,,XLU,公益事業,defensive,,,,
2024-12-02,38.32410430908203,0.21155927994615853,0.21411792798866233,,,XLU,公益事業,defensive,,,,
2024-12-03,37.9935188293457,0.2106686606472718,0.21296817220819883,,,XLU,公益事業,defensive,,,,
2024-12-04,37.988792419433594,0.21063113701550457,0.21218916047730077,,,XLU,公益事業,defensive,,,,
2024-12-05,38.10686111450195,0.21234562909796112,0.21224131668418758,,,XLU,公益事業,defensive,,,,
2024-12-06,37.63459777832031,0.20995178657966307,0.21147813998267942,,,XLU,公益事業,defensive,,,,
2024-12-09,37.16233444213867,0.20817149383025446,0.21037592459853777,,,XLU,公益事業,defensive,,,,
2024-12-10,36.89314270019531,0.2079375854158878,0.2095631448709878,,,XLU,公益事業,defensive,,,,
2024-12-11,36.6617317199707,0.2064418941425867,0.20852272796152077,,,XLU,公益事業,defensive,,,,
2024-12-12,36.64284133911133,0.20709173953766094,0.20804573182023417,,,XLU,公益事業,defensive,,,,
2024-12-13,36.66646194458008,0.20795330734248638,0.20801492366098492,,,XLU,公益事業,defensive,,,,
2024-12-16,36.3736572265625,0.20697441967240898,0.20766808899812628,,,XLU,公益事業,defensive,,,,
2024-12-17,36.22252655029297,0.20775072952737547,0.20769563584120934,,,XLU,公益事業,defensive,,,,
2024-12-18,35.36773681640625,0.20903338495453114,0.20814155221231662,,,XLU,公益事業,defensive,,,,
2024-12-19,35.5283088684082,0.21068149947238762,0.20898820129900697,,,XLU,公益事業,defensive,,,,
2024-12-20,36.09501647949219,0.21108573486568813,0.20968737915456737,,,XLU,公益事業,defensive,,,,
2024-12-23,36.217872619628906,0.21151584060003562,0.2102968663030568,,,XLU,公益事業,defensive,,,,
2024-12-24,36.41787338256836,0.21109118090794932,0.210561637838021,,,XLU,公益事業,defensive,,,,
2024-12-26,36.332157135009766,0.21025107946137264,0.21045811837913822,,,XLU,公益事業,defensive,,,,
2024-12-27,36.22739791870117,0.21108051016039975,0.2106655823062254,99.12498644854095,,XLU,公益事業,defensive,,6.0,,
2024-12-30,36.07502365112305,0.21233174964028545,0.21122097141757876,99.26985173923245,,XLU,公益事業,defensive,,6.0,,
2024-12-31,36.04169464111328,0.2117481987500911,0.21139671386174955,99.332684541291,,XLU,公益事業,defensive,,6.0,,
2025-01-02,36.31786346435547,0.2139935568013669,0.21226232817495533,99.54639774758542,,XLU,公益事業,defensive,,6.0,,
2025-01-03,36.703575134277344,0.21430373007378112,0.21294279547456396,99.72492096208538,,XLU,公益事業,defensive,,6.0,,
2025-01-06,36.2940673828125,0.21205702989744793,0.21264754028219196,99.68346010114257,,XLU,公益事業,defensive,,7.0,1.0,
2025-01-07,36.203590393066406,0.212239098680992,0.212511393081792,99.67633179066479,,XLU,公益事業,defensive,,7.0,1.0,
2025-01-08,36.194061279296875,0.21192977089115317,0.21231751901824575,99.65327966693548,,XLU,公益事業,defensive,,6.0,0.0,
2025-01-10,35.98931121826172,0.21385690383466127,0.21283064729038426,99.80015178113294,,XLU,公益事業,defensive,,6.0,0.0,
2025-01-13,35.57027053833008,0.20964855701058066,0.21176995053044972,99.5547601371487,,XLU,公益事業,defensive,,5.0,-1.0,
2025-01-14,36.036922454833984,0.2106981290573416,0.21141267670608035,99.48418122175808,,XLU,公益事業,defensive,,4.0,-3.0,-4.0
2025-01-15,36.56548309326172,0.2117560455070107,0.21152713297305714,99.53125476580638,,XLU,公益事業,defensive,,4.0,-3.0,-4.0
2025-01-16,37.48926544189453,0.2154093809871338,0.21282121564441603,99.87404015727472,,XLU,公益事業,defensive,,5.0,-1.0,-1.0
2025-01-17,37.54164123535156,0.2146679578759125,0.2134367963882482,100.05071147562067,,XLU,公益事業,defensive,,5.0,-1.0,-1.0
2025-01-21,38.11781692504883,0.2154614224413598,0.21411167173928541,100.24664114361256,,XLU,公益事業,defensive,,6.0,1.0,2.0
2025-01-22,37.294029235839844,0.21154831878003663,0.21325722075286915,100.04779521542562,,XLU,公益事業,defensive,,5.0,1.0,4.0
2025-01-23,37.47021484375,0.21154531017969974,0.21268658389514603,99.92295930447146,,XLU,公益事業,defensive,,5.0,1.0,4.0
2025-01-24,37.85115432739258,0.21388363916162131,0.21308560231730445,100.06476435732381,,XLU,公益事業,defensive,,5.0,0.0,1.0
2025-01-27,36.97499465942383,0.2087952441218874,0.21165548291883213,99.6891325504513,,XLU,公益事業,defensive,,4.0,-1.0,0.0
2025-01-28,36.46548843383789,0.20693967269999128,0.21008354617921854,99.23405335010871,,XLU,公益事業,defensive,,3.0,-3.0,-4.0
2025-01-29,36.54167175292969,0.2080601676370022,0.20940908666514643,99.0261138031003,,XLU,公益事業,defensive,,3.0,-2.0,-3.0
2025-01-30,37.303550720214844,0.21015490542440196,0.2096576929182316,99.11097126473179,,XLU,公益事業,defensive,,3.0,-2.0,-3.0
2025-01-31,37.08451461791992,0.21065003270644606,0.20998847284763644,99.2418556776176,,XLU,公益事業,defensive,,3.0,-2.0,-2.0
2025-02-03,37.284507751464844,0.21294925538537374,0.21097540036021556,99.64164489356367,,XLU,公益事業,defensive,,6.0,2.0,3.0
2025-02-04,36.95594787597656,0.21081538837567843,0.21092206303203653,99.64737365066998,,XLU,公益事業,defensive,,5.0,2.0,5.0
2025-02-05,37.327362060546875,0.2119008707449264,0.2112483322696665,99.82406656601039,,XLU,公益事業,defensive,,7.0,4.0,6.0
2025-02-06,37.284507751464844,0.2119380737873947,0.21147824610890925,99.96637600657843,,XLU,公益事業,defensive,,7.0,4.0,6.0
2025-02-07,37.208316802978516,0.21254947353025033,0.21183532191602295,100.17475364576184,,XLU,公益事業,defensive,,7.0,4.0,6.0
2025-02-10,37.61306381225586,0.21425523999751414,0.21264196127652002,100.57959585215752,,XLU,公益事業,defensive,,8.0,2.0,0.0
2025-02-11,37.80353546142578,0.2153163991723482,0.21353344057512944,100.99699711990804,,XLU,公益事業,defensive,,8.0,3.0,1.0
2025-02-12,37.73686981201172,0.21619255579465024,0.2144198123149697,101.38689927902632,,XLU,公益事業,defensive,,8.0,1.0,-3.0
2025-02-13,37.82258605957031,0.21481879367727172,0.21455280610240374,101.40052102576557,,XLU,公益事業,defensive,,8.0,1.0,-3.0
2025-02-14,37.66544723510742,0.2141389415296477,0.2144148512448184,101.2894862282357,,XLU,公益事業,defensive,,8.0,1.0,-3.0
2025-02-18,38.017818450927734,0.21449575796926612,0.21444182015296764,101.26175561227032,,XLU,公益事業,defensive,,9.0,1.0,-1.0
2025-02-19,38.21781539916992,0.215187806278263,0.2146904821947328,101.33783238386005,,XLU,公益事業,defensive,,9.0,1.0,-2.0
2025-02-20,38.21304702758789,0.21570360186986226,0.2150281887531093,101.44571617417866,,XLU,公益事業,defensive,,9.0,1.0,0.0
2025-02-21,38.22256851196289,0.21882898844299764,0.2162951219830721,101.94979166419643,,XLU,公益事業,defensive,,11.0,3.0,2.0
2025-02-24,38.032100677490234,0.2175570721732055,0.21671577204644993,102.05296894992084,,XLU,公益事業,defensive,,11.0,3.0,2.0
2025-02-25,37.84163284301758,0.21625125173394144,0.21656093194228043,101.9241078201435,,XLU,公益事業,defensive,,9.0,0.0,-1.0
2025-02-26,37.998775482177734,0.2176082349170353,0.2169100329338654,102.02467048836792,,XLU,公益事業,defensive,,11.0,2.0,1.0
2025-02-27,37.15593719482422,0.21465625137187566,0.21615877241320217,101.67561403706098,,XLU,公益事業,defensive,,8.0,-1.0,-2.0
2025-02-28,37.72258377075195,0.21553499458239073,0.21595084646959836,101.55352937694254,,XLU,公益事業,defensive,,7.0,-4.0,-7.0
2025-03-03,37.77497100830078,0.21815905281192494,0.21668691525037392,101.81291323373406,,XLU,公益事業,defensive,,8.0,-3.0,-6.0
2025-03-04,37.160701751708984,0.21813573396682073,0.21716985482252288,101.95813418063757,,XLU,公益事業,defensive,,8.0,-1.0,-1.0
2025-03-05,36.8988037109375,0.21460383441728298,0.21631451468744292,101.59735498679005,,XLU,公益事業,defensive,,8.0,-3.0,-5.0
2025-03-06,36.13216018676758,0.2124979640478901,0.21504233114092533,101.08203902554577,,XLU,公益事業,defensive,,8.0,0.0,1.0
2025-03-07,36.803565979003906,0.21443757843176042,0.21484074690453703,100.98361818251654,,XLU,公益事業,defensive,,7.0,0.0,4.0
2025-03-10,37.208316802978516,0.21989474111363858,0.21652541164090422,101.58187494652321,,XLU,公益事業,defensive,,8.0,0.0,3.0
2025-03-11,36.860713958740234,0.22078083471422055,0.21794388599867634,102.01928276149658,,XLU,公益事業,defensive,,8.0,0.0,1.0
2025-03-12,36.746429443359375,0.22113844221811532,0.2190087380718227,102.26930583305314,,XLU,公益事業,defensive,,11.0,3.0,6.0
2025-03-13,36.83689880371094,0.22382870534167923,0.22061539382844156,102.6318186590659,,XLU,公益事業,defensive,,11.0,3.0,3.0
2025-03-14,37.55592727661133,0.223928676804208,0.2217198214870304,102.7725009760347,,XLU,公益事業,defensive,,11.0,4.0,4.0
2025-03-17,37.71305847167969,0.22187145213340817,0.22177036503582298,102.60820453017466,,XLU,公益事業,defensive,,11.0,3.0,3.0
2025-03-18,37.45116424560547,0.22148247825443906,0.22167440277536168,102.43676260214356,,XLU,公益事業,defensive,,11.0,3.0,3.0
2025-03-19,37.589256286621094,0.22066394740288392,0.2213375843178691,102.2270953011807,,XLU,公益事業,defensive,,11.0,0.0,-3.0
2025-03-20,37.74163818359375,0.22248461524277177,0.22171992795950335,102.23203917881494,,XLU,公益事業,defensive,,10.0,-1.0,-4.0
2025-03-21,37.49878692626953,0.22207031604747593,0.22183672398882756,102.16893758173516,,XLU,公益事業,defensive,,10.0,-1.0,-5.0
2025-03-24,37.486793518066406,0.21861162610969403,0.22076169136244975,101.80522693589438,,XLU,公益事業,defensive,,10.0,-1.0,-4.0
2025-03-25,36.88735580444336,0.215631330817716,0.21905157118087185,101.29216662868377,,XLU,公益事業,defensive,,10.0,-1.0,-4.0
2025-03-26,37.131927490234375,0.2174705060499975,0.21852454947058042,101.11113680039988,,XLU,公益事業,defensive,,9.0,-2.0,-2.0
2025-03-27,37.12233352661133,0.21797503695188045,0.21834137863101377,101.0273560073456,,XLU,公益事業,defensive,,9.0,-1.0,0.0
2025-03-28,37.39567947387695,0.2230181566692374,0.21990030464375498,101.4143301162465,,XLU,公益事業,defensive,,10.0,0.0,1.0
2025-03-31,37.81289291381836,0.22364481358402866,0.2211484742905129,101.69441694311855,,XLU,公益事業,defensive,,10.0,0.0,1.0
2025-04-01,37.9088020324707,0.22397930789573114,0.22209208549225232,101.87058831620968,,XLU,公益事業,defensive,,10.0,0.0,1.0
2025-04-02,38.086238861083984,0.22316168884139587,0.22244861994196685,101.88003998224599,,XLU,公益事業,defensive,,10.0,1.0,3.0
2025-04-03,37.84646224975586,0.23284922467950095,0.22591548818781157,102.60412539526855,,XLU,公益事業,defensive,,11.0,2.0,3.0
2025-04-04,35.74121856689453,0.23297752835810445,0.2282695015779092,102.92248869459371,,XLU,公益事業,defensive,,11.0,1.0,1.0
2025-04-07,35.19451904296875,0.2313419804349455,0.22929366119692132,102.89262004924566,101.2512587315558,XLU,公益事業,defensive,Leading,11.0,1.0,1.0
2025-04-08,35.050655364990234,0.2348256237486028,0.2311376487141485,102.99877171602091,101.13730328637727,XLU,公益事業,defensive,Leading,11.0,1.0,1.0
2025-04-09,36.43177032470703,0.2260046333177842,0.22942664358202708,102.47516130567305,100.44262961227855,XLU,公益事業,defensive,Leading,11.0,1.0,0.0
2025-04-10,36.15842819213867,0.23212325378262816,0.23032551364889411,102.47473757520606,99.51583199262616,XLU,公益事業,defensive,Weakening,11.0,0.0,-2.0
2025-04-11,36.59961700439453,0.23144611431096224,0.23069904720291684,102.38382997093007,99.0117856998083,XLU,公益事業,defensive,Weakening,11.0,0.0,-1.0
2025-04-14,37.25661087036133,0.23262863820288093,0.2313422442029049,102.34772030119991,99.01711811811396,XLU,公益事業,defensive,Weakening,11.0,0.0,-1.0
2025-04-15,37.25181198120117,0.23335242941435616,0.2320123059400553,102.31834239031038,98.86374528589295,XLU,公益事業,defensive,Weakening,11.0,0.0,-1.0
2025-04-16,36.9161262512207,0.23425728846854726,0.23276063344955267,102.30034508091181,99.50284560490292,XLU,公益事業,defensive,Weakening,11.0,0.0,-1.0
2025-04-17,37.29497528076172,0.2349154303355106,0.23347889907820532,102.27327378180765,99.47883451348841,XLU,公益事業,defensive,Weakening,11.0,0.0,0.0
2025-04-21,36.41259002685547,0.2340628181006933,0.23367353875236802,102.17555129389886,99.48056664750048,XLU,公益事業,defensive,Weakening,11.0,0.0,0.0
2025-04-22,37.4052734375,0.23465801216044405,0.23400169655506003,102.10516963325317,99.4557888060558,XLU,公益事業,defensive,Weakening,11.0,0.0,0.0
2025-04-23,37.56352996826172,0.23339292914554718,0.23379877408522243,101.97552361770782,99.348894487704,XLU,公益事業,defensive,Weakening,11.0,0.0,0.0
2025-04-24,37.62107467651367,0.22986139986463028,0.23248631601169173,101.72040542575934,99.0765573983974,XLU,公益事業,defensive,Weakening,11.0,0.0,0.0
2025-04-25,37.505977630615234,0.22948658040506664,0.23148640414281674,101.52578557309448,98.89729778127803,XLU,公益事業,defensive,Weakening,11.0,0.0,0.0
2025-04-28,37.736167907714844,0.2302487791285138,0.23107386247138245,101.42036330991898,98.90292176703979,XLU,公益事業,defensive,Weakening,10.0,-1.0,-1.0
2025-04-29,38.02869415283203,0.2306873241439086,0.23094501636222453,101.3595839531371,98.90221932631526,XLU,公益事業,defensive,Weakening,10.0,-1.0,-1.0
2025-04-30,37.83687210083008,0.22919803337280428,0.23036268869908444,101.24534633198483,98.90750038681675,XLU,公益事業,defensive,Weakening,10.0,-1.0,-1.0
2025-05-01,37.947166442871094,0.2301791300397678,0.23030150247931225,101.20228317871056,99.16042046138338,XLU,公益事業,defensive,Weakening,9.0,-2.0,-2.0
2025-05-02,38.24448776245117,0.2279608254096857,0.22952127678943676,101.06613464384165,99.22065257663158,XLU,公益事業,defensive,Weakening,9.0,-2.0,-2.0
2025-05-05,38.148582458496094,0.2281457044896815,0.22906275268951837,100.97414123591264,99.24864162336132,XLU,公益事業,defensive,Weakening,8.0,-2.0,-1.0
2025-05-06,38.613746643066406,0.23265225950541948,0.23025925496148542,101.10699872137621,99.50556502348786,XLU,公益事業,defensive,Weakening,9.0,-1.0,0.0
2025-05-07,38.72404861450195,0.23179022477033048,0.23076957823110045,101.14502668631891,99.71298336576528,XLU,公益事業,defensive,Weakening,9.0,-1.0,0.0
2025-05-08,38.41233825683594,0.22800626942496005,0.22984847529572033,100.986959483645,99.58719240384414,XLU,公益事業,defensive,Weakening,9.0,0.0,2.0
2025-05-09,38.47947311401367,0.2284576749304786,0.2293848751739731,100.89401406626311,99.66145387248957,XLU,公益事業,defensive,Weakening,9.0,0.0,2.0
2025-05-12,38.249290466308594,0.2210327542541239,0.22660083486735672,100.4689812098766,99.26149014732299,XLU,公益事業,defensive,Weakening,8.0,0.0,2.0
2025-05-13,38.196537017822266,0.22023102609298492,0.22447756527589946,100.1344271588468,98.6975942173635,XLU,公益事業,defensive,Weakening,7.0,-2.0,-1.0
2025-05-14,38.02869415283203,0.22059155836379515,0.22318222963853138,99.91914554697159,98.40785302459194,XLU,公益事業,defensive,Lagging,6.0,-3.0,-2.0
2025-05-15,38.839141845703125,0.223257666911148,0.22320737539607027,99.90056202019495,98.62325481321595,XLU,公益事業,defensive,Lagging,6.0,-3.0,-3.0
2025-05-16,39.409812927246094,0.22433549131056163,0.2235834140342341,99.9349224004398,98.82618787898514,XLU,公益事業,defensive,Lagging,6.0,-3.0,-3.0
2025-05-19,39.57765197753906,0.22531592524902788,0.2241609177724987,100.00127348247189,99.5065237827835,XLU,公益事業,defensive,Weakening,6.0,-2.0,-2.0
2025-05-20,39.692745208740234,0.22656280687684582,0.22496154747394775,100.1050592418897,100.10674413502284,XLU,公益事業,defensive,Leading,6.0,-1.0,1.0
2025-05-21,38.96862030029297,0.22738262518499314,0.22576857337762957,100.21258977779505,100.53785084112654,XLU,公益事業,defensive,Leading,6.0,0.0,3.0
2025-05-22,38.41233825683594,0.22485380297166432,0.2254636499089745,100.14000958886211,100.47368329632741,XLU,公益事業,defensive,Leading,6.0,0.0,3.0
2025-05-23,38.87270736694336,0.22846237206080977,0.22646322395958626,100.28624739967336,100.63976702292778,XLU,公益事業,defensive,Leading,6.0,0.0,3.0
2025-05-27,39.16523742675781,0.22596889509964488,0.22629844767293913,100.23545524158577,100.49230732411579,XLU,公益事業,defensive,Leading,6.0,0.0,2.0
2025-05-28,38.6185417175293,0.2247255488113649,0.22577414805241441,100.12202708470596,100.20942387505346,XLU,公益事業,defensive,Leading,6.0,0.0,1.0
2025-05-29,38.88709259033203,0.22573699211148704,0.22576176273877196,100.09490887525776,100.02957636458108,XLU,公益事業,defensive,Leading,6.0,0.0,0.0
2025-05-30,39.285125732421875,0.22813801756809565,0.2265538476818799,100.21200116455148,100.28412321420534,XLU,公益事業,defensive,Leading,6.0,0.0,0.0
2025-06-02,39.409812927246094,0.22868066431359715,0.227262786559119,100.31817907437907,100.2220935597261,XLU,公益事業,defensive,Leading,6.0,0.0,0.0
2025-06-03,39.515316009521484,0.22739967872041722,0.22730841727955176,100.3025273085328,100.27038137672598,XLU,公益事業,defensive,Leading,6.0,0.0,0.0
2025-06-04,38.82475280761719,0.22392880166334803,0.2261818787408172,100.05792399406273,100.07930323848444,XLU,公益事業,defensive,Leading,6.0,0.0,0.0
2025-06-05,38.762413024902344,0.22417495034382512,0.22551290260848653,99.88900578881153,99.87200841776439,XLU,公益事業,defensive,Lagging,5.0,-1.0,-1.0
2025-06-06,38.93505096435547,0.22324537224615432,0.22475705915437583,99.68821813855453,99.42465091904194,XLU,公益事業,defensive,Lagging,5.0,-1.0,-1.0
2025-06-09,38.6856803894043,0.22177831797123562,0.22376414542666245,99.43179768718048,98.9398913837391,XLU,公益事業,defensive,Lagging,5.0,-1.0,-1.0
2025-06-10,38.776798248291016,0.22119912668483882,0.22290913917938793,99.20594029989432,98.69107764995482,XLU,公益事業,defensive,Lagging,5.0,-1.0,-1.0
2025-06-11,38.800777435302734,0.2219661873667403,0.22259482190850538,99.10648463036155,98.92477156137589,XLU,公益事業,defensive,Lagging,4.0,-2.0,-2.0
2025-06-12,39.2707405090332,0.2241290925385524,0.22310624545185442,99.20761252038389,99.31477593507779,XLU,公益事業,defensive,Lagging,5.0,0.0,1.0
2025-06-13,39.04534912109375,0.22556934336746834,0.22392727809039242,99.38661546221695,99.90051381071208,XLU,公益事業,defensive,Lagging,5.0,0.0,1.0
2025-06-16,38.853519439697266,0.22231754764675396,0.22339070127584626,99.25014173747336,100.11877738513301,XLU,公益事業,defensive,Improving,5.0,0.0,1.0
2025-06-17,38.532222747802734,0.22261751442706473,0.22313297232625243,99.17922811440042,100.37984567649457,XLU,公益事業,defensive,Improving,5.0,0.0,1.0
2025-06-18,38.632930755615234,0.2231741852330195,0.22314670996184144,99.16967968357974,100.52087859031252,XLU,公益事業,defensive,Improving,5.0,1.0,3.0
2025-06-20,38.73843002319336,0.22341831564974365,0.2232372451911422,99.18080899060824,100.36681204505746,XLU,公益事業,defensive,Improving,5.0,0.0,0.0
2025-06-23,39.22952651977539,0.22427070153010598,0.22358173063746345,99.25227528576566,100.18297592261318,XLU,公益事業,defensive,Improving,5.0,0.0,0.0
2025-06-24,39.398536682128906,0.2231242988539876,0.22342925337630484,99.19565675555556,100.2938578134305,XLU,公益事業,defensive,Improving,5.0,0.0,0.0
2025-06-25,38.8721923828125,0.2217433334546126,0.2228672800690741,99.02180559454305,100.10409563800282,XLU,公益事業,defensive,Improving,5.0,0.0,0.0
2025-06-26,39.19572067260742,0.22191412224110624,0.22254956079308483,98.897594012821,99.89155858232049,XLU,公益事業,defensive,Lagging,4.0,-1.0,-2.0
2025-06-27,39.27299118041992,0.221540302160655,0.22221314124894156,98.76097003511747,99.6148456514803,XLU,公益事業,defensive,Lagging,4.0,-1.0,-1.0
2025-06-30,39.432342529296875,0.22139886867372874,0.22194171705720395,98.66194127782899,99.31594550153633,XLU,公益事業,defensive,Lagging,4.0,-1.0,-1.0
2025-07-01,39.56754684448242,0.21958447443614962,0.2211559695168525,98.45093427353378,99.07435371172528,XLU,公益事業,defensive,Lagging,2.0,-3.0,-3.0
2025-07-02,39.22469711303711,0.21718566675675832,0.21983253526348778,98.13423890992838,98.86564352133345,XLU,公益事業,defensive,Lagging,1.0,-4.0,-4.0
2025-07-03,39.51925277709961,0.21776497714838633,0.21914334922512066,98.01041660078445,98.89568877777275,XLU,公益事業,defensive,Lagging,1.0,-3.0,-2.0
2025-07-07,39.601348876953125,0.21997541997931888,0.21942070614318676,98.16107455555138,99.40522269497309,XLU,公益事業,defensive,Lagging,2.0,-2.0,-1.0
2025-07-08,39.18123245239258,0.21709817900999193,0.21864653043212184,98.06469719463786,99.4168051319981,XLU,公益事業,defensive,Lagging,1.0,-3.0,-2.0
2025-07-09,39.5482292175293,0.21847914624439027,0.218590735702878,98.14067527720489,100.0772314563268,XLU,公益事業,defensive,Improving,2.0,0.0,3.0
2025-07-10,39.871761322021484,0.21899783586500196,0.2187264357569193,98.24695698739228,101.19414956857547,XLU,公益事業,defensive,Improving,2.0,1.0,5.0
2025-07-11,39.813812255859375,0.22029220289923349,0.21924835813769072,98.4320852173101,102.01322427474965,XLU,公益事業,defensive,Improving,3.0,2.0,5.0
2025-07-14,39.973167419433594,0.22094628969209162,0.21981433532249106,98.61211137472918,102.0018835357715,XLU,公益事業,defensive,Improving,4.0,2.0,4.0
2025-07-15,39.5916862487793,0.22191497874357405,0.2205145497961854,98.81110744144026,102.54410235644525,XLU,公益事業,defensive,Improving,4.0,3.0,6.0
2025-07-16,39.61100387573242,0.2211607420043981,0.22072994719892297,98.89478577184107,102.39725467314977,XLU,公益事業,defensive,Improving,4.0,2.0,2.0
2025-07-17,39.775184631347656,0.22028150701346447,0.22058046713710347,98.89319730686128,102.0454277304852,XLU,公益事業,defensive,Improving,4.0,2.0,1.0
2025-07-18,40.441566467285156,0.22405716682723212,0.22173936703381303,99.18577692245388,102.16109478506851,XLU,公益事業,defensive,Improving,5.0,2.0,0.0
2025-07-21,40.571937561035156,0.22555097032158108,0.22300990146306907,99.50914774555852,102.31655406159891,XLU,公益事業,defensive,Improving,6.0,2.0,0.0
2025-07-22,41.06931686401367,0.2254419687182706,0.22382059054813624,99.73397259224814,102.23501032163652,XLU,公益事業,defensive,Improving,6.0,2.0,-1.0
2025-07-23,40.76027297973633,0.2219071880405647,0.22318278971227906,99.59962572750723,101.74250094486952,XLU,公益事業,defensive,Improving,6.0,2.0,0.0
2025-07-24,40.7071533203125,0.2223296921259498,0.2228984238501693,99.54951265961733,101.588720502397,XLU,公益事業,defensive,Improving,6.0,2.0,0.0
2025-07-25,40.81338119506836,0.22184121576229232,0.22254602115421032,99.47600966146561,100.88986102572117,XLU,公益事業,defensive,Improving,6.0,1.0,-1.0
2025-07-28,40.37879180908203,0.22078446239893298,0.22195883490245122,99.33042561891777,100.01619331440357,XLU,公益事業,defensive,Improving,6.0,0.0,-2.0
2025-07-29,40.84236145019531,0.22342691017781532,0.2224481933275726,99.49938652299939,99.89705574849512,XLU,公益事業,defensive,Lagging,6.0,0.0,-2.0
2025-07-30,41.14657211303711,0.22656076647724863,0.22381905104413127,99.95065513610538,100.95554568156003,XLU,公益事業,defensive,Improving,8.0,2.0,0.0
2025-07-31,41.36869812011719,0.22988019709499238,0.22583943306108498,100.63328233416556,102.1959466245025,XLU,公益事業,defensive,Leading,9.0,3.0,1.0
2025-08-01,41.431480407714844,0.23285396479834028,0.22817761030683675,101.43743499449343,103.3612044730968,XLU,公益事業,defensive,Leading,10.0,4.0,3.0
2025-08-04,42.165462493896484,0.2341164634953265,0.23015722803633334,102.08042291956563,103.95163632900659,XLU,公益事業,defensive,Leading,11.0,5.0,5.0
2025-08-05,41.71637725830078,0.23226755208301916,0.23086066938522865,102.26080392012072,103.49370986622867,XLU,公益事業,defensive,Leading,11.0,5.0,5.0
2025-08-06,41.34455871582031,0.23071351773961876,0.23081161883669202,102.2281453739037,102.66176663912414,XLU,公益事業,defensive,Leading,11.0,3.0,1.0
2025-08-07,41.793643951416016,0.2333598942165434,0.23166104396330917,102.47115976666787,102.02857139587994,XLU,公益事業,defensive,Leading,11.0,2.0,-1.0
2025-08-08,41.61497497558594,0.23194345070863934,0.2317551795450859,102.43956840825867,101.03413829548764,XLU,公益事業,defensive,Leading,11.0,1.0,-3.0
2025-08-11,41.484596252441406,0.23184993725198844,0.23178676544738674,102.37861656081445,100.22014261948365,XLU,公益事業,defensive,Leading,11.0,0.0,-5.0
2025-08-12,41.663265228271484,0.229926858090228,0.23116679632833384,102.09834771360617,99.68556621690766,XLU,公益事業,defensive,Weakening,10.0,-1.0,-6.0
2025-08-13,41.75501251220703,0.2271893946155299,0.2298409957573992,101.6436286458525,99.18776273184767,XLU,公益事業,defensive,Weakening,9.0,-2.0,-5.0
2025-08-14,41.46528244018555,0.22709027617085709,0.22892408922855184,101.33317279903167,98.54217039975423,XLU,公益事業,defensive,Weakening,8.0,-3.0,-5.0
2025-08-15,41.34455871582031,0.22698949235427174,0.22827922360379183,101.11562661082316,98.34211770026779,XLU,公益事業,defensive,Weakening,8.0,-3.0,-4.0
2025-08-18,41.16588592529297,0.22605719553577996,0.22753854758112121,100.88336443296699,98.1822669903473,XLU,公益事業,defensive,Weakening,8.0,-3.0,-3.0
2025-08-19,41.56669235229492,0.22719446092544981,0.22742385202923077,100.83190607984213,98.48049177845141,XLU,公益事業,defensive,Weakening,8.0,-2.0,-1.0
2025-08-20,41.610145568847656,0.22763926818854,0.22749565741566719,100.83603426686932,99.01459572121337,XLU,公益事業,defensive,Weakening,9.0,0.0,2.0
2025-08-21,41.32524490356445,0.22687129211505158,0.22728753564879534,100.7686401415469,99.30154918581856,XLU,公益事業,defensive,Weakening,9.0,1.0,4.0
2025-08-22,41.54737091064453,0.2237332934321463,0.22610278824324567,100.43784838975904,99.19661629714506,XLU,公益事業,defensive,Weakening,9.0,1.0,4.0
2025-08-25,41.07897186279297,0.22291672773347018,0.22504076807332052,100.15108969737284,99.159797068086,XLU,公益事業,defensive,Weakening,8.0,0.0,3.0
2025-08-26,41.170719146728516,0.22326025439031774,0.22444726351231958,99.99493123547786,99.0702114387526,XLU,公益事業,defensive,Lagging,8.0,0.0,2.0
2025-08-27,41.18037796020508,0.2225085273173852,0.22380101811400813,99.82422627153139,98.90888187044406,XLU,公益事業,defensive,Lagging,8.0,-1.0,-1.0
2025-08-28,40.86650466918945,0.22091788210683996,0.2228399727782854,99.5704902539053,98.74335225266992,XLU,公益事業,defensive,Lagging,4.0,-5.0,-6.0
2025-08-29,40.7168083190918,0.2202720454950877,0.22198399701721952,99.35340129826962,98.89468829676935,XLU,公益事業,defensive,Lagging,3.0,-6.0,-7.0
2025-09-02,40.581600189208984,0.22128862162668814,0.22175220522037575,99.31226258634527,99.17198829874549,XLU,公益事業,defensive,Lagging,4.0,-4.0,-4.0
2025-09-03,40.480201721191406,0.22107834370817142,0.22152758471630765,99.27411934514376,99.3109981524761,XLU,公益事業,defensive,Lagging,4.0,-4.0,-4.0
2025-09-04,40.43190383911133,0.21919555521326511,0.22075024154862682,99.08567562807258,99.30642643736627,XLU,公益事業,defensive,Lagging,4.0,-4.0,-3.0
2025-09-05,40.306358337402344,0.21825982753497836,0.21992010354407734,98.89010894854474,99.37644727090117,XLU,公益事業,defensive,Lagging,4.0,0.0,5.0
2025-09-08,39.895904541015625,0.2162093192140838,0.2186831754340795,98.5993721893881,99.3056305748354,XLU,公益事業,defensive,Lagging,2.0,-1.0,5.0
2025-09-09,40.1711540222168,0.2183736441317931,0.21857999833331737,98.61596769246306,99.36058413594368,XLU,公益事業,defensive,Lagging,3.0,-1.0,3.0
2025-09-10,40.861671447753906,0.2223524211027305,0.21983747258978842,98.97203475667523,99.75298632291185,XLU,公益事業,defensive,Lagging,4.0,0.0,4.0
2025-09-11,41.07897186279297,0.22023467252529919,0.21996987256829204,99.02492018248556,99.98985474135432,XLU,公益事業,defensive,Lagging,3.0,-1.0,3.0
2025-09-12,41.28661346435547,0.22295267824904133,0.22096414112854182,99.29702516250514,100.46375176590192,XLU,公益事業,defensive,Improving,4.0,0.0,0.0
2025-09-15,41.3831901550293,0.22386515553826913,0.22193114593178426,99.55833135769525,101.01554110103727,XLU,公益事業,defensive,Improving,5.0,3.0,4.0
2025-09-16,40.629886627197266,0.22037427754251981,0.22141218980202945,99.43278303231136,100.84581363539301,XLU,公益事業,defensive,Improving,5.0,2.0,3.0
2025-09-17,40.73129653930664,0.2207131546008782,0.2211791780683124,99.38215780500438,100.41584499723379,XLU,公益事業,defensive,Improving,5.0,1.0,1.0
2025-09-18,40.76027297973633,0.2194368606640366,0.22059840560022045,99.24563656423481,100.21683136362395,XLU,公益事業,defensive,Improving,5.0,2.0,3.0
2025-09-19,41.021026611328125,0.22122579488848085,0.22080753536297393,99.31216940649888,100.00311674580946,XLU,公益事業,defensive,Improving,5.0,1.0,1.0
2025-09-22,41.41868591308594,0.22326373186917528,0.22162626753170772,99.53132877942042,99.95766849629283,XLU,公益事業,defensive,Lagging,5.0,0.0,-3.0
2025-09-23,41.6325798034668,0.22414317240275655,0.22246523582205735,99.75053343060023,100.30863415331346,XLU,公益事業,defensive,Improving,5.0,0.0,-2.0
2025-09-24,41.92912292480469,0.22626727955020368,0.22373258373143948,100.07186791303573,100.67756311124757,XLU,公益事業,defensive,Leading,6.0,1.0,0.0
2025-09-25,41.525630950927734,0.2259500879997091,0.2244717518208627,100.25351217969629,100.97800622706364,XLU,公益事業,defensive,Leading,6.0,1.0,-1.0
2025-09-26,42.201358795166016,0.22737407770601228,0.22543919378257923,100.48784150943516,101.11465513906874,XLU,公益事業,defensive,Leading,6.0,1.0,0.0
2025-09-29,42.32289123535156,0.2272695838280348,0.2260493237977311,100.62620654125811,101.00087713425066,XLU,公益事業,defensive,Leading,6.0,1.0,1.0
2025-09-30,42.39581298828125,0.22706111886472874,0.22638658882006366,100.69068728439835,100.81776716848313,XLU,公益事業,defensive,Leading,7.0,2.0,2.0
2025-10-01,42.80417251586914,0.22872970127981004,0.22716762630664578,100.862023517132,100.64243580249419,XLU,公益事業,defensive,Leading,6.0,0.0,-1.0
2025-10-02,42.72638702392578,0.22777495014173113,0.22737006758500758,100.88509072614778,100.45999920892272,XLU,公益事業,defensive,Leading,7.0,1.0,0.0
2025-10-03,43.22224044799805,0.22961113972973837,0.2281170916332512,101.04396343790316,100.36532754702438,XLU,公益事業,defensive,Leading,9.0,3.0,2.0
2025-10-06,43.640316009521484,0.23190482843329635,0.22937967056659958,101.32764053516959,100.49552138695546,XLU,公益事業,defensive,Leading,9.0,3.0,2.0
2025-10-07,43.83963394165039,0.23399207363172944,0.23091713825497623,101.66487582147178,100.75470944433717,XLU,公益事業,defensive,Leading,9.0,2.0,0.0
2025-10-08,44.14104080200195,0.23483592244642693,0.2322233996521265,101.91969720635349,100.82089252789655,XLU,公益事業,defensive,Leading,9.0,3.0,3.0
2025-10-09,44.02922821044922,0.23619524309000894,0.23354734746475397,102.14625769011256,101.00770957245739,XLU,公益事業,defensive,Leading,9.0,2.0,1.0
2025-10-10,43.84935760498047,0.24065617633142536,0.2359169570869778,102.55555562426224,101.23017608852231,XLU,公益事業,defensive,Leading,10.0,1.0,-2.0
2025-10-13,44.18478775024414,0.240161901639502,0.23733193860448587,102.68204992572666,101.05461352561089,XLU,公益事業,defensive,Leading,10.0,1.0,-2.0
2025-10-14,44.57855987548828,0.24030947973232744,0.23832445231376642,102.69251572580337,100.72243230996396,XLU,公益事業,defensive,Leading,11.0,2.0,0.0
2025-10-15,45.161922454833984,0.24296433420014885,0.23987107960922724,102.78875378103187,100.5602192109214,XLU,公益事業,defensive,Leading,11.0,2.0,-1.0
2025-10-16,44.670921325683594,0.24262250451464368,0.24078822124436605,102.74308980478108,100.29253939650943,XLU,公益事業,defensive,Leading,11.0,2.0,0.0
2025-10-17,44.51536560058594,0.24055595973108873,0.24071080073994028,102.53812968606132,99.69556688399683,XLU,公益事業,defensive,Weakening,11.0,1.0,0.0
2025-10-20,44.50077438354492,0.23809625957202965,0.23983928701730342,102.24226835069443,99.29682682251234,XLU,公益事業,defensive,Weakening,11.0,1.0,0.0
2025-10-21,44.04867172241211,0.23460250612822134,0.2380936933876094,101.85259785089208,98.93130915288461,XLU,公益事業,defensive,Weakening,10.0,-1.0,-3.0
2025-10-22,43.94658660888672,0.2351931042727795,0.2371268303493328,101.62283411307124,98.65631004706898,XLU,公益事業,defensive,Weakening,10.0,-1.0,-3.0
2025-10-23,43.91255569458008,0.2339020566874854,0.23605190579538368,101.39461659065839,98.53042048787373,XLU,公益事業,defensive,Weakening,9.0,-2.0,-4.0
2025-10-24,44.427860260009766,0.2360034602637063,0.23603575728482457,101.34434172395447,98.71051066971546,XLU,公益事業,defensive,Weakening,9.0,-2.0,-3.0
2025-10-27,44.54939270019531,0.23560196706918313,0.23589116054627746,101.27678972087362,98.94565741181894,XLU,公益事業,defensive,Weakening,9.0,-2.0,-3.0
2025-10-28,43.81532669067383,0.23372725906013436,0.23516986005089643,101.12437821464756,99.18831773897641,XLU,公益事業,defensive,Weakening,9.0,-1.0,0.0
2025-10-29,43.800743103027344,0.2362920545496003,0.23554392488379772,101.14808480610135,99.44563893473283,XLU,公益事業,defensive,Weakening,9.0,-1.0,0.0
2025-10-30,43.61600875854492,0.23631181629042816,0.23579988868600787,101.15649721207818,99.69246760378583,XLU,公益事業,defensive,Weakening,8.0,-1.0,1.0
2025-10-31,43.31460952758789,0.23416686272232382,0.23525554669811322,101.04996722104,99.66676622333519,XLU,公益事業,defensive,Weakening,8.0,-1.0,1.0
2025-11-03,43.33891677856445,0.23487315154542765,0.23512808164721805,101.0122990474094,99.72833852090949,XLU,公益事業,defensive,Weakening,7.0,-2.0,0.0
2025-11-04,43.183353424072266,0.23558837485172004,0.2352815127153854,101.01725691405605,99.93663023417479,XLU,公益事業,defensive,Weakening,7.0,-2.0,-1.0
2025-11-05,43.193077087402344,0.2342702316904632,0.23494441904041136,100.9524668597387,99.8672101929015,XLU,公益事業,defensive,Weakening,7.0,-2.0,-1.0
2025-11-06,43.003482818603516,0.23489716754952839,0.23492866854345038,100.93732561107393,99.86035316272122,XLU,公益事業,defensive,Weakening,7.0,-1.0,0.0
2025-11-07,43.6014289855957,0.23618246613372637,0.23534660107354238,100.98562320245378,100.05406367861379,XLU,公益事業,defensive,Leading,7.0,-1.0,0.0
2025-11-10,43.586849212646484,0.23475173869083588,0.23514831361264021,100.9405590357573,100.0433910697412,XLU,公益事業,defensive,Leading,6.0,-1.0,1.0
2025-11-11,43.61115264892578,0.23353321864624457,0.23460994862384169,100.84431801691633,99.91302186532735,XLU,公益事業,defensive,Weakening,6.0,-1.0,1.0
2025-11-12,43.71323776245117,0.23352600296147275,0.23424863340305205,100.77448348377217,99.88699717050402,XLU,公益事業,defensive,Weakening,7.0,0.0,2.0
2025-11-13,43.11043167114258,0.2329390986356671,0.23381212181392375,100.6945459841104,99.78235963439741,XLU,公益事業,defensive,Weakening,8.0,1.0,2.0
2025-11-14,43.14932632446289,0.23400797312226143,0.23387740558336967,100.68697779372114,99.68057269376415,XLU,公益事業,defensive,Weakening,8.0,1.0,2.0
2025-11-17,43.53823471069336,0.23925884157945354,0.2356712175820643,100.9241103619901,100.01760848782843,XLU,公益事業,defensive,Leading,9.0,3.0,4.0
2025-11-18,43.37294387817383,0.2382087680432825,0.23651706773580372,101.01802030691805,100.24824920990042,XLU,公益事業,defensive,Leading,9.0,3.0,4.0
2025-11-19,43.00834655761719,0.23692359885450018,0.23665257810870255,101.0084287413849,100.31216054357677,XLU,公益事業,defensive,Leading,9.0,2.0,2.0
2025-11-20,42.789581298828125,0.23862969040986665,0.23731161554242391,101.06930074755249,100.47886358619358,XLU,公益事業,defensive,Leading,9.0,1.0,0.0
2025-11-21,42.852787017822266,0.23437646177533394,0.23633323095339395,100.90224009127363,100.24840310778353,XLU,公益事業,defensive,Leading,9.0,1.0,0.0
2025-11-24,43.33891677856445,0.2360567796050931,0.23624108050396037,100.86174066939287,99.8578824344242,XLU,公益事業,defensive,Weakening,9.0,0.0,-3.0
2025-11-25,43.17362594604492,0.23186244984856233,0.23478153695216103,100.63283678909227,99.39809256526834,XLU,公益事業,defensive,Weakening,9.0,0.0,-3.0
2025-11-26,43.74726486206055,0.23331519531725875,0.23429275640719363,100.54142996794538,99.25460574862078,XLU,公益事業,defensive,Weakening,9.0,0.0,-2.0
2025-11-28,44.05839157104492,0.23371088014231428,0.23409879765223385,100.49128736052096,99.07396467681724,XLU,公益事業,defensive,Weakening,10.0,1.0,0.0
2025-12-01,43.02778625488281,0.2298158331720337,0.2326711428255005,100.26368935235705,98.9777317915815,XLU,公益事業,defensive,Weakening,9.0,0.0,-1.0
2025-12-02,42.721527099609375,0.22839619875622771,0.23124616146907623,100.03321697660915,98.71197201400783,XLU,公益事業,defensive,Weakening,8.0,-1.0,-1.0
2025-12-03,42.58540725708008,0.2259445134883311,0.22947894547549455,99.74534000605699,98.63703314886253,XLU,公益事業,defensive,Lagging,7.0,-2.0,-2.0
2025-12-04,42.497901916503906,0.22540961549029506,0.22812250214709473,99.50944332222171,98.4558079161416,XLU,公益事業,defensive,Lagging,7.0,-2.0,-2.0
2025-12-05,42.09926986694336,0.22277191967924925,0.2263389746578129,99.19313225436188,98.12848536594824,XLU,公益事業,defensive,Lagging,3.0,-7.0,-8.0
2025-12-08,41.53535461425781,0.221112290115568,0.22459674647706462,98.87324961942953,98.06105909961299,XLU,公益事業,defensive,Lagging,2.0,-7.0,-7.0
2025-12-09,41.56452560424805,0.22168573258996796,0.22362640851469906,98.68412944457147,98.18685685399603,XLU,公益事業,defensive,Lagging,2.0,-6.0,-5.0
2025-12-10,41.54507827758789,0.21850783059793755,0.2219202158757786,98.38137242796728,98.24068278462444,XLU,公益事業,defensive,Lagging,2.0,-5.0,-3.0
2025-12-11,41.84648513793945,0.21832991641935437,0.22072344939030386,98.18399825224508,98.35916383279897,XLU,公益事業,defensive,Lagging,2.0,-5.0,-3.0
2025-12-12,41.64230728149414,0.21874741752035945,0.2200647721003224,98.09577659234299,98.68893932118264,XLU,公益事業,defensive,Lagging,2.0,-1.0,6.0
2025-12-15,42.02149200439453,0.22046574372591138,0.22019842930885208,98.1318431467244,99.16282425615951,XLU,公益事業,defensive,Lagging,2.0,0.0,7.0
2025-12-16,41.84648513793945,0.22110034143175597,0.2204990666831534,98.1888642008217,99.49025917198333,XLU,公益事業,defensive,Lagging,2.0,0.0,6.0
2025-12-17,41.574249267578125,0.22025759356810737,0.22041857564480474,98.17769279937566,99.8659762410943,XLU,公益事業,defensive,Lagging,2.0,0.0,5.0
2025-12-18,41.982601165771484,0.22194649819619228,0.22092788316193393,98.25991577192683,100.21737884362247,XLU,公益事業,defensive,Improving,2.0,0.0,5.0
2025-12-19,41.44784927368164,0.21832420690758803,0.220059991077152,98.13510875930685,100.16988512516525,XLU,公益事業,defensive,Improving,2.0,0.0,1.0
2025-12-22,41.60164260864258,0.21752201305129565,0.21921399840186656,98.03461624396286,100.00602409422076,XLU,公益事業,defensive,Improving,2.0,0.0,0.0
2025-12-23,41.748573303222656,0.21879898624414684,0.21907566101596,98.061497775484,99.98419693984471,XLU,公益事業,defensive,Lagging,2.0,0.0,0.0
2025-12-24,41.9346923828125,0.2189805530927635,0.21904395837489452,98.10902200697187,100.0821414670338,XLU,公益事業,defensive,Improving,2.0,0.0,0.0
2025-12-26,41.90530014038086,0.2187706244632412,0.2189528470710101,98.15205590959665,100.0591642738759,XLU,公益事業,defensive,Improving,2.0,0.0,0.0
2025-12-29,41.98366928100586,0.21954217684805924,0.21914929033002647,98.23603850411162,100.36520560716441,XLU,公益事業,defensive,Improving,2.0,0.0,0.0
2025-12-30,42.08162307739258,0.22040746983950044,0.21956868349985115,98.34570095144129,100.67406696561085,XLU,公益事業,defensive,Improving,1.0,-1.0,-1.0
2025-12-31,41.81714630126953,0.22090879830168403,0.22001538843379545,98.4541737611231,100.80275108953792,XLU,公益事業,defensive,Improving,1.0,-1.0,-1.0
2026-01-02,42.29712677001953,0.2219382458982228,0.22065634092193792,98.5817262052542,100.92093918260701,XLU,公益事業,defensive,Improving,2.0,0.0,0.0
2026-01-05,41.826942443847656,0.21745289256631048,0.21958852480339547,98.47875467348885,100.72551123922425,XLU,公益事業,defensive,Improving,3.0,1.0,1.0
2026-01-06,42.032649993896484,0.2159155903945155,0.21836421333376882,98.37033067833478,100.47356801489823,XLU,公益事業,defensive,Improving,3.0,1.0,1.0
2026-01-07,41.013912200927734,0.21307279577768476,0.2166004074817408,98.21181569162468,100.12098211017528,XLU,公益事業,defensive,Improving,2.0,1.0,2.0
2026-01-08,41.1314582824707,0.21186704945802226,0.21502262147383466,98.09838334862593,99.82661457499304,XLU,公益事業,defensive,Lagging,2.0,1.0,2.0
2026-01-09,41.64082336425781,0.21325332933235183,0.21443285742667373,98.11586986107635,99.69039813939295,XLU,公益事業,defensive,Lagging,2.0,0.0,0.0
2026-01-12,41.70939636230469,0.21341009162808688,0.21409193549381145,98.16040295244927,99.96300599795532,XLU,公益事業,defensive,Lagging,3.0,0.0,-1.0
2026-01-13,41.973873138427734,0.21476331219583716,0.21431572772782004,98.26247381616241,100.37602038992821,XLU,公益事業,defensive,Improving,2.0,-1.0,-2.0
2026-01-14,42.28732681274414,0.2153870285716684,0.21467282800910284,98.36917796325851,100.90998867597031,XLU,公益事業,defensive,Improving,2.0,0.0,-1.0
2026-01-15,42.71833419799805,0.21662284052367597,0.21532283218062723,98.49756329742735,101.40855657807747,XLU,公益事業,defensive,Improving,4.0,2.0,1.0
2026-01-16,42.502830505371094,0.21608226634201044,0.21557597690108832,98.57227631390018,101.53272352915725,XLU,公益事業,defensive,Improving,4.0,2.0,2.0
2026-01-20,42.08162307739258,0.21718139724909147,0.21611111701708938,98.6746107318946,101.59807184021264,XLU,公益事業,defensive,Improving,5.0,2.0,2.0
2026-01-21,42.14039611816406,0.2138636287957576,0.21536195427664545,98.62904024501933,101.2788682687656,XLU,公益事業,defensive,Improving,5.0,3.0,4.0
2026-01-22,41.836734771728516,0.21204604962557622,0.21425665272628905,98.5481471697079,100.90106596488637,XLU,公益事業,defensive,Improving,5.0,3.0,3.0
2026-01-23,41.68980407714844,0.2122474253905495,0.21358691028104254,98.52158640232253,100.588562339565,XLU,公益事業,defensive,Improving,4.0,0.0,-2.0
2026-01-26,41.99346160888672,0.21328906324534108,0.21348762793580875,98.56102226636769,100.49729709370826,XLU,公益事業,defensive,Improving,4.0,0.0,-2.0
2026-01-27,42.542015075683594,0.21641195616670414,0.2144624040127739,98.71675564900588,100.57772276725757,XLU,公益事業,defensive,Improving,3.0,-2.0,-4.0
2026-01-28,42.444061279296875,0.2166433196293779,0.21518937588497522,98.83820548134517,100.88513233680342,XLU,公益事業,defensive,Improving,5.0,0.0,-3.0
2026-01-29,42.444061279296875,0.21635956638388493,0.21557943938461183,98.91802140892155,101.17250322976761,XLU,公益事業,defensive,Improving,5.0,0.0,-3.0
2026-01-30,42.365692138671875,0.21643981167677287,0.21586623014866552,98.98339379225958,101.3126367191905,XLU,公益事業,defensive,Improving,5.0,1.0,1.0
2026-02-02,41.748573303222656,0.21219434337032494,0.21464226788921867,98.87560344078683,100.9927100803766,XLU,公益事業,defensive,Improving,5.0,1.0,1.0
2026-02-03,42.355899810791016,0.21585579624499182,0.21504677734114308,98.95553042191672,100.82132978482787,XLU,公益事業,defensive,Improving,6.0,3.0,5.0
2026-02-04,42.19916915893555,0.2131996067443968,0.21443105380889432,98.91664724014841,100.49340779687182,XLU,公益事業,defensive,Improving,7.0,2.0,2.0
2026-02-05,42.21875762939453,0.21516774593418012,0.21467661785065625,98.97695922109327,100.44912187755065,XLU,公益事業,defensive,Improving,7.0,2.0,2.0
2026-02-06,42.46364974975586,0.21245688581423716,0.2139367071718499,98.92163540389772,100.20753758632081,XLU,公益事業,defensive,Improving,6.0,1.0,0.0
2026-02-09,42.59099197387695,0.21296763341934716,0.21361368258768232,98.9153960613666,100.39859532479642,XLU,公益事業,defensive,Improving,6.0,1.0,0.0
2026-02-10,43.29627227783203,0.2157267489842089,0.21431803805319122,99.02912208680993,100.4599988879005,XLU,公益事業,defensive,Improving,6.0,0.0,-3.0
2026-02-11,43.67829513549805,0.21724513433638706,0.2152937368142565,99.17444108223793,100.80674876549541,XLU,公益事業,defensive,Improving,6.0,-1.0,-3.0
2026-02-12,44.32480239868164,0.22339228999936864,0.21799325454262722,99.53324663475631,101.34597526162933,XLU,公益事業,defensive,Improving,6.0,-1.0,-3.0
2026-02-13,45.54924011230469,0.2272096562743375,0.22106538845319734,99.94684194368301,102.12682960854396,XLU,公益事業,defensive,Improving,6.0,0.0,-1.0
2026-02-17,45.431697845458984,0.22701497679918228,0.22304858456852567,100.22959013255064,102.48097270745943,XLU,公益事業,defensive,Leading,6.0,0.0,-1.0
2026-02-18,44.67744064331055,0.22209456041485837,0.22273057651730324,100.21582824366205,102.13385723034479,XLU,公益事業,defensive,Leading,6.0,0.0,0.0
2026-02-19,45.16722106933594,0.2250045949880956,0.22348858267423405,100.35507909337151,102.02051120025664,XLU,公益事業,defensive,Leading,6.0,0.0,1.0
2026-02-20,45.382720947265625,0.22502576574305438,0.22400097703050753,100.47168923406275,101.57446648408984,XLU,公益事業,defensive,Leading,6.0,0.0,1.0
2026-02-23,45.725563049316406,0.22924175822746726,0.2257479040961608,100.78003626227546,101.37151320217168,XLU,公益事業,defensive,Leading,6.0,0.0,0.0
2026-02-24,46.23493576049805,0.22996123816564557,0.22715234878598908,101.06304420535925,101.34476423236148,XLU,公益事業,defensive,Leading,6.0,0.0,0.0
2026-02-25,46.391658782958984,0.23060475421478227,0.22830315059558684,101.31604338563687,101.69922500278477,XLU,公益事業,defensive,Leading,7.0,1.0,1.0
2026-02-26,46.21533966064453,0.22843787760842785,0.2283480595998672,101.40320228378981,101.56092060850237,XLU,公益事業,defensive,Leading,7.0,1.0,1.0
2026-02-27,46.754093170166016,0.23083028203986214,0.22917546707986552,101.61157331802536,101.62970840851489,XLU,公益事業,defensive,Leading,8.0,2.0,2.0
2026-03-02,46.40145492553711,0.22951478247323567,0.22928857221098892,101.69678327051126,101.25957245834192,XLU,公益事業,defensive,Leading,9.0,3.0,3.0
2026-03-03,46.10758972167969,0.23089394651528378,0.22982369697908722,101.8586197628786,101.04965871383003,XLU,公益事業,defensive,Leading,10.0,4.0,4.0
2026-03-04,46.30350112915039,0.2309492772489927,0.23019889040238906,101.9684777105157,100.81533633297747,XLU,公益事業,defensive,Leading,11.0,4.0,3.0
2026-03-05,45.94106674194336,0.23182674510662682,0.230741508637135,102.08032365861574,100.82407221071672,XLU,公益事業,defensive,Leading,11.0,4.0,3.0
2026-03-06,45.784339904785156,0.23382251395073392,0.23176851040833463,102.2375950990451,100.72377899465565,XLU,公益事業,defensive,Leading,11.0,3.0,1.0
2026-03-09,45.892086029052734,0.23371226302858103,0.23241642794841677,102.28938940538876,100.64991216804678,XLU,公益事業,defensive,Leading,11.0,2.0,-1.0
2026-03-10,45.6080207824707,0.23402039703103236,0.23295108430928863,102.29024671753447,100.37879088173372,XLU,公益事業,defensive,Leading,11.0,1.0,-3.0
2026-03-11,45.225990295410156,0.23282748987306284,0.23290988616388003,102.18116088645702,99.99136792793013,XLU,公益事業,defensive,Weakening,11.0,0.0,-4.0
2026-03-12,45.54924011230469,0.2381750636565158,0.23466494532809198,102.34587892884308,100.03918054336087,XLU,公益事業,defensive,Leading,11.0,0.0,-4.0
2026-03-13,45.99983596801758,0.24054362793966536,0.23662450619861647,102.49318687618843,99.97409284089446,XLU,公益事業,defensive,Weakening,11.0,0.0,-3.0
2026-03-16,46.293701171875,0.24029228830601249,0.23784710023441516,102.50210694555395,99.83267600585322,XLU,公益事業,defensive,Weakening,11.0,0.0,-2.0
2026-03-17,46.16636276245117,0.2382990206734465,0.23799774038075894,102.36600923634593,99.47500983401065,XLU,公益事業,defensive,Weakening,11.0,0.0,-1.0
2026-03-18,45.774539947509766,0.23942738256715507,0.23847428777622431,102.28768834679722,99.49110983372476,XLU,公益事業,defensive,Weakening,11.0,0.0,0.0
2026-03-19,45.58842849731445,0.2386389277809874,0.23852916777781202,102.16820541853428,98.79717265382553,XLU,公益事業,defensive,Weakening,11.0,0.0,0.0
2026-03-20,43.7370719909668,0.23236129875440165,0.23647321143667524,101.81867320143515,97.71267403163878,XLU,公益事業,defensive,Weakening,10.0,-1.0,-1.0
2026-03-23,44.171085357666016,0.23219172654279402,0.23504604980538152,101.57813014630246,97.33899938037528,XLU,公益事業,defensive,Weakening,10.0,-1.0,-1.0
2026-03-24,44.47686767578125,0.23351892523016327,0.2345370082803088,101.46174567209327,97.53890256106642,XLU,公益事業,defensive,Weakening,10.0,-1.0,-1.0
2026-03-25,44.63469314575195,0.23321742672418638,0.23409714776160134,101.3605515678418,97.62398205355355,XLU,公益事業,defensive,Weakening,10.0,-1.0,-1.0
2026-03-26,44.71360778808594,0.23579391151658158,0.2346627356799281,101.37866870069985,97.97620422678568,XLU,公益事業,defensive,Weakening,10.0,-1.0,-1.0
2026-03-27,44.97007369995117,0.24044322304815002,0.23658956480266874,101.54418303898267,98.97288192653684,XLU,公益事業,defensive,Weakening,10.0,0.0,1.0
2026-03-30,45.29558181762695,0.24268582341085895,0.23862165100539884,101.70424575833316,99.72692256026428,XLU,公益事業,defensive,Weakening,10.0,0.0,1.0
2026-03-31,45.2659912109375,0.23766209648823855,0.23830179949967875,101.60226450426207,99.75313373490921,XLU,公益事業,defensive,Weakening,10.0,0.0,1.0
2026-04-01,45.483001708984375,0.23803250935312695,0.23821203611749484,101.5320601321498,99.81658692315627,XLU,公益事業,defensive,Weakening,10.0,0.0,1.0
2026-04-02,45.70987319946289,0.23853843598997032,0.2383208360749867,101.48707196762032,99.70478997637335,XLU,公益事業,defensive,Weakening,10.0,0.0,1.0
2026-04-06,45.54218292236328,0.2366461145121553,0.23776259555404292,101.37818551531116,99.20348825634821,XLU,公益事業,defensive,Weakening,10.0,0.0,0.0
2026-04-07,45.64082717895508,0.23768572392808615,0.23773697167872399,101.32866203862447,98.83903750810451,XLU,公益事業,defensive,Weakening,10.0,0.0,0.0
2026-04-08,46.143890380859375,0.2348793531929674,0.2367844321834718,101.18963021920746,98.79970821158471,XLU,公益事業,defensive,Weakening,10.0,0.0,0.0
2026-04-09,46.50886154174805,0.2365937224828268,0.23672086228325684,101.14519149088562,98.86291779737086,XLU,公益事業,defensive,Weakening,11.0,1.0,1.0
2026-04-10,46.321441650390625,0.23735382852930592,0.2369318510319399,101.13023024830365,98.91841703044913,XLU,公益事業,defensive,Weakening,9.0,-1.0,-1.0
2026-04-13,45.759193420410156,0.23190204833214156,0.23525525013200715,100.92798186585449,98.744869133569,XLU,公益事業,defensive,Weakening,8.0,-2.0,-2.0
2026-04-14,45.83810806274414,0.2313362853154931,0.23394892852650248,100.76680619022862,98.55861027732634,XLU,公益事業,defensive,Weakening,7.0,-3.0,-3.0
2026-04-15,45.39422607421875,0.22901579947557302,0.23230455217619267,100.5719568939146,98.49527000612966,XLU,公益事業,defensive,Weakening,7.0,-3.0,-3.0
2026-04-16,45.71973419189453,0.22961184161925438,0.23140698199054657,100.45489196440572,98.42172559376884,XLU,公益事業,defensive,Weakening,7.0,-4.0,-5.0
2026-04-17,45.53232192993164,0.2258342017159882,0.2295493885656938,100.23580983535996,98.15000981050447,XLU,公益事業,defensive,Weakening,6.0,-3.0,-2.0
2026-04-20,45.127899169921875,0.22312541956226556,0.22740806556455107,99.98417016412243,98.15379068467625,XLU,公益事業,defensive,Lagging,5.0,-3.0,-1.0
2026-04-21,44.338775634765625,0.2205766736121301,0.22513093491374409,99.71587626600372,98.07217832740801,XLU,公益事業,defensive,Lagging,3.0,-4.0,-1.0
2026-04-22,44.25986099243164,0.22028195967506634,0.22351460983418484,99.51595749668707,98.15239185472367,XLU,公益事業,defensive,Lagging,3.0,-4.0,-1.0
2026-04-23,45.46327209472656,0.22628252390582457,0.22443724785806474,99.59415670899023,98.51437554784165,XLU,公益事業,defensive,Lagging,3.0,-4.0,0.0
2026-04-24,45.55205154418945,0.2271957524056553,0.22535674937392827,99.6708168517418,98.99581984618963,XLU,公益事業,defensive,Lagging,5.0,-1.0,2.0
2026-04-27,45.561912536621094,0.2275152051659238,0.22607623463792678,99.72499000864794,99.4733552289344,XLU,公益事業,defensive,Lagging,5.0,0.0,3.0
2026-04-28,45.621097564697266,0.22897955199623318,0.2270440070906956,99.8126801318777,100.01843418885036,XLU,公益事業,defensive,Improving,6.0,3.0,7.0
2026-04-29,45.05884552001953,0.22655247604723622,0.22688016340954248,99.76474551829811,100.25070654544315,XLU,公益事業,defensive,Improving,6.0,3.0,7.0
2026-04-30,46.21293640136719,0.2288944873253709,0.22755160471481864,99.82103479336556,100.22082284363984,XLU,公益事業,defensive,Improving,6.0,3.0,7.0
2026-05-01,45.91701889038086,0.22812402301907309,0.2277424108162368,99.81712035746972,100.10500214172842,XLU,公益事業,defensive,Improving,6.0,1.0,2.0
2026-05-04,45.739463806152344,0.22857172595441255,0.22801884919562876,99.82016892590472,100.03164037357317,XLU,公益事業,defensive,Improving,7.0,2.0,2.0
2026-05-05,45.739463806152344,0.22677228407383157,0.22760332748836304,99.72881764562662,99.76339864503181,XLU,公益事業,defensive,Lagging,7.0,1.0,-2.0
2026-05-06,45.08843994140625,0.2217876411909862,0.22566476538923744,99.41363891761421,99.36385287911443,XLU,公益事業,defensive,Lagging,5.0,-1.0,-4.0
2026-05-07,44.50646209716797,0.22033396346495593,0.22388783141447693,99.10649057008146,98.83714665594681,XLU,公益事業,defensive,Lagging,4.0,-2.0,-5.0
2026-05-08,44.111900329589844,0.21778143912816234,0.22185236731903876,98.73996248858765,98.34825326213493,XLU,公益事業,defensive,Lagging,2.0,-4.0,-5.0
2026-05-11,44.52619171142578,0.21994534056960136,0.22121669173589298,98.56887335888948,98.17212561670853,XLU,公益事業,defensive,Lagging,2.0,-5.0,-7.0
2026-05-12,44.57550811767578,0.22038343074169162,0.22093893807115922,98.4528222977187,98.21573123486044,XLU,公益事業,defensive,Lagging,2.0,-5.0,-6.0
2026-05-13,44.06258010864258,0.2188029710741707,0.22022694907216306,98.27276757496476,98.46573286226375,XLU,公益事業,defensive,Lagging,1.0,-4.0,-3.0
2026-05-14,44.28945541381836,0.21913043481543293,0.21986144431991972,98.18665058258425,98.81085294801925,XLU,公益事業,defensive,Lagging,1.0,-3.0,-1.0
2026-05-15,43.273460388183594,0.21633430845011964,0.2186857323633197,98.01332058760947,99.10372966943876,XLU,公益事業,defensive,Lagging,1.0,-1.0,3.0
2026-05-18,43.342506408691406,0.21535462086861204,0.21757536186508383,97.89167006024748,99.1952824189417,XLU,公益事業,defensive,Lagging,1.0,-1.0,4.0
2026-05-19,43.73706817626953,0.2185869307343854,0.2179125514881844,98.00283581354758,99.54393267302059,XLU,公益事業,defensive,Lagging,2.0,0.0,5.0
2026-05-20,43.904754638671875,0.21704589111263872,0.21762366469633584,98.01800057154254,99.85887932332749,XLU,公益事業,defensive,Lagging,2.0,1.0,5.0
2026-05-21,44.38809585571289,0.21849201870712573,0.21791311603326582,98.1216307829696,100.17368127581842,XLU,公益事業,defensive,Improving,3.0,2.0,5.0
2026-05-22,44.733333587646484,0.21819817928260193,0.21800813711637787,98.1990030414077,100.587527697459,XLU,公益事業,defensive,Improving,3.0,2.0,3.0
2026-05-26,44.71360778808594,0.2169885537068239,0.21766827597985988,98.21607463741078,100.83172371279069,XLU,公益事業,defensive,Improving,4.0,3.0,4.0
2026-05-27,44.52619171142578,0.21623524745942516,0.21719059980638167,98.21886081713326,100.70328611347578,XLU,公益事業,defensive,Improving,5.0,3.0,3.0
2026-05-28,44.023128509521484,0.21301197152338827,0.21579772371205053,98.10403732527882,100.53175141815716,XLU,公益事業,defensive,Improving,5.0,3.0,2.0
2026-05-29,43.81597900390625,0.21142081033388893,0.21433875258599666,98.00100677684296,100.22272223817322,XLU,公益事業,defensive,Improving,5.0,2.0,0.0
2026-06-01,42.5139274597168,0.20476555928695658,0.2111476881529833,97.7117070661535,99.5918138086861,XLU,公益事業,defensive,Lagging,5.0,2.0,0.0
2026-06-02,43.30305099487305,0.2077421465197277,0.21001250760856477,97.71000764822556,99.58237250802706,XLU,公益事業,defensive,Lagging,5.0,1.0,-2.0
2026-06-03,43.11563491821289,0.20762394036980614,0.20921631852897857,97.75103806530225,99.68132042773625,XLU,公益事業,defensive,Lagging,6.0,1.0,-2.0
2026-06-04,43.342506408691406,0.2071522846815384,0.2085283072464985,97.80188212093782,100.0387888282294,XLU,公益事業,defensive,Improving,5.0,0.0,-3.0
2026-06-05,43.74692916870117,0.21210331041107372,0.2097199749680236,98.03937370864774,100.76865053325275,XLU,公益事業,defensive,Improving,4.0,-1.0,-3.0
2026-06-08,42.92822265625,0.20835444333544675,0.20926479775716467,98.08497635449619,101.49238822113617,XLU,公益事業,defensive,Improving,4.0,-1.0,-3.0
2026-06-09,43.381961822509766,0.20896637037350638,0.2091653219626119,98.16177054843834,101.65546666253827,XLU,公益事業,defensive,Improving,4.0,-1.0,-2.0
2026-06-10,43.40169143676758,0.21175401030981636,0.2100282180783467,98.32439445052405,101.8650913268914,XLU,公益事業,defensive,Improving,5.0,-1.0,-2.0
2026-06-11,43.451011657714844,0.20874017528100627,0.20959887047923326,98.34905391427351,101.77654624859231,XLU,公益事業,defensive,Improving,5.0,0.0,0.0
2026-06-12,43.92448425292969,0.20912046466516615,0.20943940187454424,98.3956721214339,101.37800501831414,XLU,公益事業,defensive,Improving,4.0,0.0,1.0
2026-06-15,44.131629943847656,0.20889266919544186,0.2092571576481768,98.43507169569872,101.35353684497089,XLU,公益事業,defensive,Improving,3.0,-1.0,0.0
2026-06-16,44.44728088378906,0.21109082741326907,0.20986838090320756,98.5456807392977,101.39655789437647,XLU,公益事業,defensive,Improving,4.0,0.0,1.0
2026-06-17,43.855438232421875,0.21144922072835215,0.2103953275115891,98.6413638775816,101.24725671621421,XLU,公益事業,defensive,Improving,4.0,-1.0,0.0
2026-06-18,44.1513557434082,0.21189250958073816,0.21089438820130546,98.72967258168912,101.33674835918184,XLU,公益事業,defensive,Improving,6.0,1.0,1.0
2026-06-22,44.393577575683594,0.21258743798297725,0.2114587381285294,98.8228785004461,101.37781107117364,XLU,公益事業,defensive,Improving,6.0,2.0,2.0
2026-06-23,44.741024017333984,0.21498972984514186,0.2126357353674002,98.97260058010993,101.53546516717037,XLU,公益事業,defensive,Improving,6.0,3.0,4.0
2026-06-24,45.20759201049805,0.2156931568246581,0.21365487585315285,99.10324514971336,101.51923502126927,XLU,公益事業,defensive,Improving,7.0,3.0,3.0
2026-06-25,45.51532745361328,0.21575640534993906,0.21435538568541496,99.20020894883676,101.4711907015472,XLU,公益事業,defensive,Improving,7.0,3.0,4.0
2026-06-26,45.86277389526367,0.21889196847980677,0.21586757995021222,99.37648842150581,101.57766395675822,XLU,公益事業,defensive,Improving,6.0,0.0,-1.0
2026-06-29,45.68408966064453,0.21523498979918054,0.215656716566535,99.37947611772456,101.36233047157441,XLU,公益事業,defensive,Improving,7.0,1.0,-1.0
2026-06-30,45.00905227661133,0.21233368696927615,0.2145490400341154,99.28941958981001,100.90897390180359,XLU,公益事業,defensive,Improving,7.0,1.0,-2.0
2026-07-01,44.443214416503906,0.2090355356689433,0.21271120524572473,99.12039639846685,100.36071436916406,XLU,公益事業,defensive,Improving,7.0,0.0,-3.0
2026-07-02,45.42598342895508,0.21216665771068982,0.2125296894007131,99.12478972110813,100.19759892664491,XLU,公益事業,defensive,Improving,7.0,0.0,-3.0
2026-07-06,44.96934509277344,0.20994597816857777,0.21166845232333464,99.05281866362536,99.74991876756859,XLU,公益事業,defensive,Lagging,7.0,1.0,1.0
2026-07-07,45.366424560546875,0.21206611057397567,0.21180100507354835,99.09001304346293,99.81709493911285,XLU,公益事業,defensive,Lagging,7.0,0.0,-1.0
2026-07-08,45.028907775878906,0.21299797324510308,0.21219999446406662,99.15709759490072,100.10161374110386,XLU,公益事業,defensive,Improving,7.0,0.0,-1.0
2026-07-09,44.80058670043945,0.2106275867966356,0.21167585857492296,99.11486732668651,100.32528524100586,XLU,公益事業,defensive,Improving,7.0,0.0,0.0
2026-07-10,45.07854080200195,0.2111432113306608,0.21149830949350226,99.1116265684509,100.30021551760903,XLU,公益事業,defensive,Improving,7.0,0.0,0.0
2026-07-13,45.38628005981445,0.21265410251187533,0.21188357383295997,99.17753251858258,100.54154796061015,XLU,公益事業,defensive,Improving,7.0,0.0,-1.0
2026-07-14,45.35649490356445,0.213291118077265,0.21235275524772834,99.25915782349838,100.6053324810838,XLU,公益事業,defensive,Improving,7.0,0.0,0.0
2026-07-15,44.889930725097656,0.21157284888946615,0.21209278646164095,99.24209492966285,100.43152552386366,XLU,公益事業,defensive,Improving,7.0,0.0,0.0
2026-07-16,45.13810348510742,0.21067504992917013,0.211620207617484,99.19363783328204,100.40137166256208,XLU,公益事業,defensive,Improving,6.0,-1.0,-1.0
2026-07-17,44.84029006958008,0.21094269635095703,0.2113943705286417,99.17977973578107,100.3618166962772,XLU,公益事業,defensive,Improving,5.0,-2.0,-2.0
2026-07-20,44.611968994140625,0.21080719162357783,0.21119864422695378,99.17161486183426,100.19902690914462,XLU,公益事業,defensive,Improving,4.0,-3.0,-3.0
2026-07-21,44.59211730957031,0.21037666808578828,0.21092465217989864,99.15278269384643,99.98047275831844,XLU,公益事業,defensive,Lagging,4.0,-3.0,-3.0
2026-07-22,45.59474563598633,0.2151675397062281,0.21233894802200848,99.40732966603179,100.48806383860818,XLU,公益事業,defensive,Improving,6.0,-1.0,-1.0
2026-07-23,45.852848052978516,0.2171820002315635,0.21395329875852684,99.69559706821548,101.14138151452003,XLU,公益事業,defensive,Improving,6.0,0.0,1.0
2026-07-24,45.952117919921875,0.21597064509253658,0.2146257475365301,99.83132413547172,101.4093451660622,XLU,公益事業,defensive,Improving,6.0,1.0,3.0
2026-07-27,45.3465690612793,0.21153001322136986,0.21359383609814336,99.68035593176467,101.07867517874284,XLU,公益事業,defensive,Improving,6.0,2.0,5.0
2026-07-28,45.187740325927734,0.20835867672827296,0.21184878297485327,99.40040297714442,100.52037040643754,XLU,公益事業,defensive,Improving,6.0,2.0,5.0
2026-07-29,44.582191467285156,0.20743418504685968,0.21037725033218874,99.15794807284544,99.50182830747949,XLU,公益事業,defensive,Lagging,6.0,0.0,1.0
2026-07-30,44.334014892578125,0.20661465804559204,0.2091230529033232,98.94495515249002,98.52056886047487,XLU,公益事業,defensive,Lagging,5.0,-1.0,-1.0
2026-07-31,44.026275634765625,0.20553355910895799,0.20792655497186813,98.7279444057601,97.91825444950854,XLU,公益事業,defensive,Lagging,4.0,-2.0,-3.0
2026-08-03,44.03620529174805,0.20359142848899106,0.2064815128109091,98.44577181198476,97.79405353210684,XLU,公益事業,defensive,Lagging,2.0,-4.0,-6.0
2026-08-04,43.78803253173828,0.199576039768709,0.20417968846350906,97.97128051532124,97.59315907621598,XLU,公益事業,defensive,Lagging,1.0,-5.0,-7.0
2026-08-05,43.34131622314453,0.1979895092099718,0.20211629537899667,97.54770156866553,97.45724010757783,XLU,公益事業,defensive,Lagging,1.0,-5.0,-5.0
2026-08-06,43.063358306884766,0.1977547425187514,0.20066244442558157,97.30712742267082,97.5687765732011,XLU,公益事業,defensive,Lagging,1.0,-4.0,-3.0
2026-08-07,43.29167938232422,0.1974392896993292,0.19958805951683078,97.20250387312547,97.84274200583185,XLU,公益事業,defensive,Lagging,1.0,-3.0,-1.0
2026-08-10,42.815185546875,0.1951508837281763,0.19810900092061265,97.08064184033432,98.12399558594531,XLU,公益事業,defensive,Lagging,1.0,-1.0,3.0
2026-08-11,43.3115348815918,0.1969928017790576,0.1977369345400943,97.19048023427808,99.00164798088899,XLU,公益事業,defensive,Lagging,1.0,0.0,5.0
2026-08-12,43.52000045776367,0.1975917839555951,0.19768855101192792,97.34225568456287,99.87726694781435,XLU,公益事業,defensive,Lagging,2.0,1.0,6.0
2026-08-13,43.718544006347656,0.19702277562583684,0.1974666258832309,97.44983276104254,100.41562960395432,XLU,公益事業,defensive,Improving,1.0,0.0,4.0
2026-08-14,43.986572265625,0.1981950776708154,0.19770944314575908,97.62211352752988,100.84511740446501,XLU,公益事業,defensive,Improving,1.0,0.0,3.0
2026-08-17,43.857521057128906,0.1993857655350957,0.19826821727553795,97.83214209044822,101.3508630175086,XLU,公益事業,defensive,Improving,2.0,1.0,2.0
2026-08-18,43.69868850708008,0.1995675500332225,0.19870132819476616,98.00344291287416,101.40237576586787,XLU,公益事業,defensive,Improving,2.0,1.0,1.0
2026-08-19,43.69868850708008,0.19751857669846318,0.1983070776959985,98.02217411917046,101.14612471192008,XLU,公益事業,defensive,Improving,2.0,0.0,-1.0
2026-08-20,43.45051193237305,0.1979927386671087,0.19820229801970193,98.08654540075639,101.0443552164703,XLU,公益事業,defensive,Improving,1.0,0.0,0.0
2026-08-21,42.45781326293945,0.19225611469553466,0.1962202369116462,97.85237338859987,100.37862853609047,XLU,公益事業,defensive,Improving,2.0,1.0,1.0
2026-08-24,42.9045295715332,0.19405130953985514,0.1954972611210492,97.83679248432043,100.01861035217027,XLU,公益事業,defensive,Improving,2.0,0.0,-1.0
2026-08-25,42.99386978149414,0.19459566983397414,0.1951967306920242,97.88805493452281,99.83537134483684,XLU,公益事業,defensive,Lagging,2.0,0.0,-1.0
2026-08-26,43.19240951538086,0.19519503900545654,0.19519616679650165,97.97996979813715,99.96061056354354,XLU,公益事業,defensive,Lagging,2.0,0.0,0.0
2026-08-27,42.86481857299805,0.19429193233617342,0.19489475530972558,98.02519137164134,99.93331556570811,XLU,公益事業,defensive,Lagging,2.0,1.0,1.0
2026-08-28,42.4181022644043,0.19292922391367548,0.1942395781777089,98.02152305701102,100.29986021608816,XLU,公益事業,defensive,Improving,2.0,0.0,-1.0
2026-08-31,41.9217529296875,0.19180152273451895,0.19342689302997892,98.0039134741587,100.28088588976847,XLU,公益事業,defensive,Improving,2.0,0.0,0.0
2026-09-01,42.24934387207031,0.19489939025420341,0.19391772543805377,98.16343433593906,100.43876190759065,XLU,公益事業,defensive,Improving,2.0,0.0,0.0
2026-09-02,42.35853958129883,0.19450028796596536,0.19411191294735763,98.26787782361455,100.44111857166216,XLU,公益事業,defensive,Improving,3.0,1.0,1.0
2026-09-03,42.715911865234375,0.19484880517005726,0.19435754368825753,98.36918623195766,100.51637907275715,XLU,公益事業,defensive,Improving,3.0,1.0,0.0
2026-09-04,42.76554870605469,0.19601051456936172,0.19490853398195895,98.50206987427973,100.72582316196885,XLU,公益事業,defensive,Improving,3.0,1.0,1.0
2026-09-08,43.13284683227539,0.1997646042599707,0.19652722407462955,98.76039280957765,101.15680971254918,XLU,公益事業,defensive,Improving,3.0,1.0,1.0
2026-09-09,42.62656784057617,0.19934215281909073,0.19746553365611663,98.91832372528613,101.13830911577524,XLU,公益事業,defensive,Improving,5.0,3.0,3.0
2026-09-10,42.20963668823242,0.19875358097633625,0.19789488276285652,99.0056367591061,101.10197358225172,XLU,公益事業,defensive,Improving,4.0,1.0,0.0
2026-09-11,42.08058547973633,0.19657824496925472,0.1974560034983226,98.97980022420575,100.89543013877658,XLU,公益事業,defensive,Improving,4.0,1.0,0.0
2026-09-14,41.51474380493164,0.19380865010044787,0.19624021903236438,98.85856455778816,100.48888453906024,XLU,公益事業,defensive,Improving,4.0,1.0,0.0
2026-09-15,41.018394470214844,0.19243119975329237,0.1949705459393404,98.73783619464538,99.8917506762719,XLU,公益事業,defensive,Lagging,4.0,1.0,0.0
2026-09-16,41.018394470214844,0.19395412645258261,0.19463173944375448,98.73798800180025,99.65274179604766,XLU,公益事業,defensive,Lagging,4.0,-1.0,-4.0
2026-09-17,41.38569259643555,0.19474596420856785,0.19466981436535893,98.78396139433526,99.59997357993595,XLU,公益事業,defensive,Lagging,4.0,0.0,-1.0
2026-09-18,40.79999923706055,0.19291236284080213,0.19408399719050667,98.75323833531901,99.60706219368593,XLU,公益事業,defensive,Lagging,4.0,0.0,-1.0
2026-09-21,40.65999984741211,0.19117924227783853,0.19311574555295064,98.6790801261416,99.69738303547064,XLU,公益事業,defensive,Lagging,3.0,-1.0,-2.0
2026-09-22,40.529998779296875,0.19046051784801457,0.19223066965130528,98.61821777457133,99.8096364703703,XLU,公益事業,defensive,Lagging,2.0,-2.0,-3.0
2026-09-23,39.75,0.18811225431479076,0.19085786453913378,98.50286017228134,99.64068604717322,XLU,公益事業,defensive,Lagging,1.0,-3.0,-2.0
2026-09-24,39.36000061035156,0.18719681175047256,0.18963751360958006,98.41063917627741,99.43685188268054,XLU,公益事業,defensive,Lagging,1.0,-3.0,-3.0
2026-09-25,39.5099983215332,0.18715360810621812,0.18880954510845943,98.36420990290844,99.43380834835013,XLU,公益事業,defensive,Lagging,1.0,-3.0,-3.0
2026-09-28,39.25,0.18713644975697902,0.18825184665796596,98.35078296732202,99.55433928255754,XLU,公益事業,defensive,Lagging,1.0,-2.0,-1.0
2026-09-29,39.25,0.18713644975697902,0.18788004769097033,98.36161815025987,99.68783892912788,XLU,公益事業,defensive,Lagging,1.0,-1.0,1.0
2024-09-30,148.83018493652344,0.858222294764341,0.858222294764341,,,XLV,ヘルスケア,defensive,,,,
2024-10-01,148.04750061035156,0.8582598939103824,0.8582348278130215,,,XLV,ヘルスケア,defensive,,,,
2024-10-02,147.7479248046875,0.8574374588673348,0.8579690381644594,,,XLV,ヘルスケア,defensive,,,,
2024-10-03,146.41441345214844,0.8537269910730444,0.8565550224673211,,,XLV,ヘルスケア,defensive,,,,
2024-10-04,146.53038024902344,0.8477522946349096,0.8536207798565173,,,XLV,ヘルスケア,defensive,,,,
2024-10-07,145.8829345703125,0.8506279938096571,0.852623184507564,,,XLV,ヘルスケア,defensive,,,,
2024-10-08,146.67532348632812,0.8532256141817474,0.8528239943989585,,,XLV,ヘルスケア,defensive,,,,
2024-10-09,148.17311096191406,0.8560578912444571,0.8539019600141247,,,XLV,ヘルスケア,defensive,,,,
2024-10-10,147.622314453125,0.8560833025469041,0.8546290741917179,,,XLV,ヘルスケア,defensive,,,,
2024-10-11,148.70457458496094,0.8539708162978819,0.8544096548937725,,,XLV,ヘルスケア,defensive,,,,
2024-10-14,149.5259246826172,0.8524329183006442,0.8537507426960631,,,XLV,ヘルスケア,defensive,,,,
2024-10-15,147.69960021972656,0.8458486732834642,0.8511167195585302,,,XLV,ヘルスケア,defensive,,,,
2024-10-16,148.11512756347656,0.8425304923299819,0.8482546438156808,,,XLV,ヘルスケア,defensive,,,,
2024-10-17,147.255126953125,0.838978124958162,0.8451624708631746,,,XLV,ヘルスケア,defensive,,,,
2024-10-18,147.9701690673828,0.8405488866947798,0.8436246094737098,,,XLV,ヘルスケア,defensive,,,,
2024-10-21,146.23085021972656,0.8378087377764,0.8416859855746066,,,XLV,ヘルスケア,defensive,,,,
2024-10-22,146.01824951171875,0.8403657178947642,0.8412458963479925,,,XLV,ヘルスケア,defensive,,,,
2024-10-23,145.33216857910156,0.8391754828139094,0.8405557585032981,,,XLV,ヘルスケア,defensive,,,,
2024-10-24,144.37551879882812,0.8334650827607798,0.8381921999224587,,,XLV,ヘルスケア,defensive,,,,
2024-10-25,143.58314514160156,0.8328466140936132,0.8364103379795103,,,XLV,ヘルスケア,defensive,,,,
2024-10-28,143.79574584960938,0.829376577776667,0.8340657512452292,,,XLV,ヘルスケア,defensive,,,,
2024-10-29,143.39955139160156,0.8295925090649466,0.8325746705184685,,,XLV,ヘルスケア,defensive,,,,
2024-10-30,143.1289825439453,0.8298394490279261,0.831662930021621,,,XLV,ヘルスケア,defensive,,,,
2024-10-31,141.92112731933594,0.8317048623422101,0.8316769074618173,,,XLV,ヘルスケア,defensive,,,,
2024-11-01,142.76181030273438,0.8361097497722066,0.8331545215652805,,,XLV,ヘルスケア,defensive,,,,
2024-11-04,141.82447814941406,0.8296326175104208,0.831980553546994,,,XLV,ヘルスケア,defensive,,,,
2024-11-05,142.86810302734375,0.8261016603109892,0.8300209224683257,,,XLV,ヘルスケア,defensive,,,,
2024-11-06,143.05165100097656,0.8080329134995838,0.8226915861454118,,,XLV,ヘルスケア,defensive,,,,
2024-11-07,144.08563232421875,0.8130732395654136,0.8194854706187458,,,XLV,ヘルスケア,defensive,,,,
2024-11-08,145.1195831298828,0.8143705986103935,0.8177805132826284,,,XLV,ヘルスケア,defensive,,,,
2024-11-11,144.26922607421875,0.805573048060144,0.813711358208467,,,XLV,ヘルスケア,defensive,,,,
2024-11-12,142.25929260253906,0.8004499743718089,0.809290896929581,,,XLV,ヘルスケア,defensive,,,,
2024-11-13,141.88246154785156,0.7978950672551849,0.8054922870381157,,,XLV,ヘルスケア,defensive,,,,
2024-11-14,139.65028381347656,0.7916768630911061,0.8008871457224459,,,XLV,ヘルスケア,defensive,,,,
2024-11-15,137.06060791015625,0.7825785054642554,0.7947842656363825,,,XLV,ヘルスケア,defensive,,,,
2024-11-18,137.15724182128906,0.7799834713985255,0.7898506675570969,,,XLV,ヘルスケア,defensive,,,,
2024-11-19,136.4518280029297,0.7780705987254009,0.7859239779465317,,,XLV,ヘルスケア,defensive,,,,
2024-11-20,138.06558227539062,0.7846307427116381,0.7854928995349006,,,XLV,ヘルスケア,defensive,,,,
2024-11-21,139.1768035888672,0.7811062549964054,0.7840306846887356,,,XLV,ヘルスケア,defensive,,,,
2024-11-22,139.3024139404297,0.7757009504613214,0.7812541066129308,,,XLV,ヘルスケア,defensive,,,,
2024-11-25,140.49098205566406,0.7752990834980044,0.7792690989079554,,,XLV,ヘルスケア,defensive,,,,
2024-11-26,141.2447052001953,0.7793752209107949,0.7793044729089019,,,XLV,ヘルスケア,defensive,,,,
2024-11-27,141.99842834472656,0.784288176155033,0.7809657073242791,,,XLV,ヘルスケア,defensive,,,,
2024-11-29,142.4429168701172,0.7843530162818675,0.7820948103101419,,,XLV,ヘルスケア,defensive,,,,
2024-12-02,142.19168090820312,0.7849360127157512,0.7830418777786785,,,XLV,ヘルスケア,defensive,,,,
2024-12-03,141.872802734375,0.786664522140554,0.7842494258993038,,,XLV,ヘルスケア,defensive,,,,
2024-12-04,141.79551696777344,0.7861937445356862,0.7848975321114313,,,XLV,ヘルスケア,defensive,,,,
2024-12-05,140.21075439453125,0.7813065673067464,0.7837005438432031,,,XLV,ヘルスケア,defensive,,,,
2024-12-06,139.4183807373047,0.7777720460905964,0.7817243779256676,,,XLV,ヘルスケア,defensive,,,,
2024-12-09,139.82423400878906,0.7832505708865144,0.7822331089126167,,,XLV,ヘルスケア,defensive,,,,
2024-12-10,139.2444610595703,0.7848113469365781,0.7830925215872706,,,XLV,ヘルスケア,defensive,,,,
2024-12-11,137.35049438476562,0.7734194456168039,0.7798681629304485,,,XLV,ヘルスケア,defensive,,,,
2024-12-12,136.25856018066406,0.7700828108160875,0.7766063788923282,,,XLV,ヘルスケア,defensive,,,,
2024-12-13,136.2392578125,0.7726789755394687,0.775297244441375,,,XLV,ヘルスケア,defensive,,,,
2024-12-16,134.6158447265625,0.7659949113020357,0.7721964667282619,,,XLV,ヘルスケア,defensive,,,,
2024-12-17,134.51922607421875,0.7715217576988942,0.7719715637184728,,,XLV,ヘルスケア,defensive,,,,
2024-12-18,132.69293212890625,0.7842529734495334,0.7760653669621598,,,XLV,ヘルスケア,defensive,,,,
2024-12-19,131.68792724609375,0.7809043227297512,0.7776783522180236,,,XLV,ヘルスケア,defensive,,,,
2024-12-20,133.3499755859375,0.7798383360448655,0.7783983468269711,,,XLV,ヘルスケア,defensive,,,,
2024-12-23,134.68177795410156,0.7865544665378809,0.7811170533972744,,,XLV,ヘルスケア,defensive,,,,
2024-12-24,135.2350616455078,0.783871385432784,0.7820351640757777,,,XLV,ヘルスケア,defensive,,,,
2024-12-26,135.50685119628906,0.7841665341411255,0.782745620764227,,,XLV,ヘルスケア,defensive,,,,
2024-12-27,134.8759002685547,0.7858603011157258,0.7837838475480601,99.08635256919402,,XLV,ヘルスケア,defensive,,5.0,,
2024-12-30,133.21603393554688,0.7840880116732437,0.783885235589788,99.11717149102239,,XLV,ヘルスケア,defensive,,5.0,,
2024-12-31,133.536376953125,0.7845382290982083,0.7841029000925948,99.15093019795692,,XLV,ヘルスケア,defensive,,5.0,,
2025-01-02,133.5751953125,0.7870570683050622,0.7850876228300839,99.20903661631631,,XLV,ヘルスケア,defensive,,5.0,,
2025-01-03,134.88560485839844,0.78756601090386,0.7859137521880093,99.26178676704694,,XLV,ヘルスケア,defensive,,5.0,,
2025-01-06,134.94386291503906,0.788442763133319,0.7867567558364459,99.31528628603911,,XLV,ヘルスケア,defensive,,4.0,-1.0,
2025-01-07,135.6136016845703,0.7950180708024084,0.7895105274917669,99.43479516151743,,XLV,ヘルスケア,defensive,,5.0,0.0,
2025-01-08,136.31248474121094,0.7981605998256146,0.7923938849363829,99.56082870209895,,XLV,ヘルスケア,defensive,,5.0,0.0,
2025-01-10,135.54568481445312,0.8054441583160673,0.7967439760629444,99.74366155953685,,XLV,ヘルスケア,defensive,,5.0,0.0,
2025-01-13,137.3123016357422,0.8093086013139563,0.8009321844799484,99.92793254779494,,XLV,ヘルスケア,defensive,,6.0,1.0,
2025-01-14,135.89512634277344,0.7945420118579691,0.7988021269392886,99.87644214568502,,XLV,ヘルスケア,defensive,,6.0,2.0,3.0
2025-01-15,136.4484100341797,0.7901926429048478,0.7959322989278085,99.79247117099233,,XLV,ヘルスケア,defensive,,5.0,0.0,0.0
2025-01-16,136.9919891357422,0.7871415785850383,0.7930020588135518,99.70041841021681,,XLV,ヘルスケア,defensive,,4.0,-1.0,-1.0
2025-01-17,136.06985473632812,0.7780650201625656,0.7880230459298898,99.51483822610852,,XLV,ヘルスケア,defensive,,4.0,-1.0,-1.0
2025-01-21,138.3218231201172,0.7818657826796424,0.7859706248464741,99.44911749500992,,XLV,ヘルスケア,defensive,,4.0,-2.0,-3.0
2025-01-22,138.01116943359375,0.7828607277029196,0.7849339924652894,99.4258639074605,,XLV,ヘルスケア,defensive,,4.0,-2.0,-4.0
2025-01-23,139.85548400878906,0.7895810544012987,0.786483013110626,99.52255981614115,,XLV,ヘルスケア,defensive,,4.0,-1.0,-1.0
2025-01-24,140.0787353515625,0.7915359575828743,0.7881673279347088,99.63022781628186,,XLV,ヘルスケア,defensive,,4.0,0.0,1.0
2025-01-27,143.22372436523438,0.8087744912023476,0.795036382357255,100.0106729400027,,XLV,ヘルスケア,defensive,,6.0,2.0,3.0
2025-01-28,142.2239532470703,0.8071132349823835,0.7990619998989645,100.26482933075123,,XLV,ヘルスケア,defensive,,7.0,3.0,5.0
2025-01-29,141.38916015625,0.8050384931227405,0.8010541643068898,100.42242700303608,,XLV,ヘルスケア,defensive,,7.0,3.0,5.0
2025-01-30,143.01991271972656,0.8057231992967574,0.8026105093035123,100.56340478259482,,XLV,ヘルスケア,defensive,,8.0,4.0,5.0
2025-01-31,142.56369018554688,0.8098001634845596,0.8050070606971949,100.76401981430854,,XLV,ヘルスケア,defensive,,9.0,5.0,5.0
2025-02-03,143.11697387695312,0.8174079492549496,0.8091406902164465,101.0864647176624,,XLV,ヘルスケア,defensive,,9.0,3.0,1.0
2025-02-04,142.7286834716797,0.8141964844038333,0.8108259549455754,101.27008882609,,XLV,ヘルスケア,defensive,,9.0,2.0,-1.0
2025-02-05,144.0973663330078,0.8180154104778881,0.813222440123013,101.52512120760844,,XLV,ヘルスケア,defensive,,9.0,2.0,-1.0
2025-02-06,142.80636596679688,0.8117609149980419,0.8127352650813561,101.59059574476943,,XLV,ヘルスケア,defensive,,9.0,1.0,-3.0
2025-02-07,142.13658142089844,0.8119436229908453,0.8124713843845193,101.67256081177608,,XLV,ヘルスケア,defensive,,10.0,1.0,-4.0
2025-02-10,142.01039123535156,0.8089335824420916,0.8112921170703769,101.64321260885768,,XLV,ヘルスケア,defensive,,9.0,0.0,-3.0
2025-02-11,141.74832153320312,0.8073514238475519,0.8099785526627686,101.58767329293943,,XLV,ヘルスケア,defensive,,9.0,0.0,-2.0
2025-02-12,141.5444793701172,0.8109009280867399,0.8102860111374257,101.65519678279874,,XLV,ヘルスケア,defensive,,9.0,0.0,-2.0
2025-02-13,142.09774780273438,0.8070645068838894,0.809212176386247,101.58778073254375,,XLV,ヘルスケア,defensive,,9.0,0.0,-1.0
2025-02-14,140.5543975830078,0.7990923282522049,0.8058388936748997,101.31373329228597,,XLV,ヘルスケア,defensive,,9.0,-1.0,-2.0
2025-02-18,140.28257751464844,0.7914714473353105,0.8010497448950367,100.91454266240868,,XLV,ヘルスケア,defensive,,8.0,-1.0,-1.0
2025-02-19,142.10748291015625,0.8001450942124352,0.8007481946675028,100.88880447918828,,XLV,ヘルスケア,defensive,,8.0,-1.0,-1.0
2025-02-20,142.9033966064453,0.8066558352489863,0.802717408194664,101.04012146611018,,XLV,ヘルスケア,defensive,,8.0,-1.0,-1.0
2025-02-21,142.13658142089844,0.8137497176137228,0.8063948446676836,101.31428482622145,,XLV,ヘルスケア,defensive,,8.0,-1.0,-1.0
2025-02-24,143.29168701171875,0.819679148343222,0.8108229458928631,101.62178750143083,,XLV,ヘルスケア,defensive,,10.0,1.0,2.0
2025-02-25,144.5244598388672,0.8259050415709954,0.8158503111189073,101.9396173465154,,XLV,ヘルスケア,defensive,,10.0,2.0,3.0
2025-02-26,143.48582458496094,0.8217027161360319,0.8178011127912822,101.99183801446351,,XLV,ヘルスケア,defensive,,9.0,1.0,2.0
2025-02-27,142.9033966064453,0.8255775453329429,0.8203932569718358,102.08076181598761,,XLV,ヘルスケア,defensive,,10.0,2.0,3.0
2025-02-28,144.5632781982422,0.8259891626890453,0.8222585588775724,102.10819802112422,,XLV,ヘルスケア,defensive,,10.0,2.0,3.0
2025-03-03,145.1942138671875,0.8385296222749511,0.8276822466766987,102.35754610292483,,XLV,ヘルスケア,defensive,,9.0,-1.0,-2.0
2025-03-04,143.844970703125,0.844379325003435,0.8332479394522776,102.56236978220255,,XLV,ヘルスケア,defensive,,10.0,0.0,-2.0
2025-03-05,145.29129028320312,0.8450156879467493,0.8371705222837682,102.62350238706591,,XLV,ヘルスケア,defensive,,10.0,1.0,0.0
2025-03-06,144.893310546875,0.8521365270224127,0.842159190529983,102.71731118371711,,XLV,ヘルスケア,defensive,,11.0,1.0,-1.0
2025-03-07,144.9030303955078,0.8442838110623067,0.8428673973740909,102.56623869548903,,XLV,ヘルスケア,defensive,,11.0,1.0,-1.0
2025-03-10,143.3402099609375,0.8471159425844224,0.844283579110868,102.47129135453453,,XLV,ヘルスケア,defensive,,11.0,2.0,3.0
2025-03-11,141.77740478515625,0.8491895682519901,0.8459189088245754,102.39882899116861,,XLV,ヘルスケア,defensive,,10.0,0.0,0.0
2025-03-12,140.36026000976562,0.8446820471559697,0.8455066216017069,102.24316389796559,,XLV,ヘルスケア,defensive,,10.0,0.0,-1.0
2025-03-13,139.61282348632812,0.8483167298245302,0.846443324342648,102.16676816076203,,XLV,ヘルスケア,defensive,,10.0,-1.0,-2.0
2025-03-14,140.68055725097656,0.8388132931791179,0.8438999806214713,101.94655331818274,,XLV,ヘルスケア,defensive,,10.0,-1.0,-2.0
2025-03-17,142.46661376953125,0.8381519759611125,0.8419839790680184,101.77881456840343,,XLV,ヘルスケア,defensive,,10.0,-1.0,-3.0
2025-03-18,142.53453063964844,0.8429351054582213,0.842301021198086,101.72483515615774,,XLV,ヘルスケア,defensive,,9.0,-1.0,-1.0
2025-03-19,142.61221313476562,0.8371906498554346,0.8405975640838689,101.58950290880122,,XLV,ヘルスケア,defensive,,9.0,-1.0,-1.0
2025-03-20,142.69956970214844,0.8412051089582171,0.8408000790419851,101.5487327258791,,XLV,ヘルスケア,defensive,,9.0,-1.0,0.0
2025-03-21,142.30160522460938,0.8427195927277932,0.8414399169372544,101.53057858499687,,XLV,ヘルスケア,defensive,,9.0,-1.0,0.0
2025-03-24,143.38809204101562,0.8361959245926395,0.8396919194890495,101.40617419573836,,XLV,ヘルスケア,defensive,,9.0,-1.0,0.0
2025-03-25,141.55616760253906,0.8274907252070995,0.8356248547283995,101.18370114496598,,XLV,ヘルスケア,defensive,,9.0,0.0,1.0
2025-03-26,141.0397186279297,0.826027116185439,0.8324256085474128,101.0055669279823,,XLV,ヘルスケア,defensive,,8.0,-1.0,0.0
2025-03-27,141.26382446289062,0.8294733771299465,0.8314415314082574,100.93060406893399,,XLV,ヘルスケア,defensive,,8.0,-1.0,0.0
2025-03-28,140.82533264160156,0.8398458468979418,0.8342429699048189,101.03122689705107,,XLV,ヘルスケア,defensive,,8.0,-1.0,0.0
2025-03-31,142.2772216796875,0.8415003526000804,0.8366620974699062,101.1125305214677,,XLV,ヘルスケア,defensive,,6.0,-3.0,-2.0
2025-04-01,139.6754913330078,0.8252547746554133,0.8328596565317419,100.90257409200512,,XLV,ヘルスケア,defensive,,5.0,-4.0,-4.0
2025-04-02,140.6109619140625,0.8238928460436141,0.829870719702366,100.73286822315015,,XLV,ヘルスケア,defensive,,5.0,-3.0,-2.0
2025-04-03,139.4708709716797,0.8580903535135527,0.8392772643060951,101.15902296786098,,XLV,ヘルスケア,defensive,,7.0,-1.0,0.0
2025-04-04,131.82156372070312,0.8592729439951557,0.8459424908691153,101.44240651328136,,XLV,ヘルスケア,defensive,,8.0,0.0,1.0
2025-04-07,131.0322723388672,0.8613064252065897,0.8510638023149402,101.63896473132607,100.6025628160498,XLV,ヘルスケア,defensive,Leading,8.0,2.0,5.0
2025-04-08,129.58035278320312,0.8681374670749512,0.8567550239016106,101.84706839511301,101.25414120023667,XLV,ヘルスケア,defensive,Leading,9.0,4.0,8.0
2025-04-09,135.21258544921875,0.8387918161000315,0.850767287967751,101.50496443136147,100.95616195654281,XLV,ヘルスケア,defensive,Leading,9.0,4.0,7.0
2025-04-10,131.4415283203125,0.8438042459629322,0.8484462739661448,101.34832839375173,100.02369351843164,XLV,ヘルスケア,defensive,Leading,9.0,2.0,3.0
2025-04-11,133.37091064453125,0.8434016953533955,0.846764747761895,101.22642670795481,99.38993341721552,XLV,ヘルスケア,defensive,Weakening,8.0,0.0,0.0
2025-04-14,134.99819946289062,0.8429228146963913,0.8454841034067272,101.1272923973049,98.9476100393895,XLV,ヘルスケア,defensive,Weakening,8.0,0.0,-2.0
2025-04-15,134.1699676513672,0.8404661744156737,0.8438114604097093,101.01377823826716,98.49026770338384,XLV,ヘルスケア,defensive,Weakening,6.0,-3.0,-7.0
2025-04-16,132.8057403564453,0.8427404440337253,0.843454454951048,100.96614873896269,98.98570886674091,XLV,ヘルスケア,defensive,Weakening,6.0,-3.0,-7.0
2025-04-17,132.02621459960938,0.8316132343499506,0.8395073814173489,100.74753218383984,98.91742558696576,XLV,ヘルスケア,defensive,Weakening,6.0,-3.0,-5.0
2025-04-21,129.18084716796875,0.8303840268014271,0.8364662632120416,100.57251856694953,98.8554505091121,XLV,ヘルスケア,defensive,Weakening,5.0,-3.0,-3.0
2025-04-22,131.60719299316406,0.8256237545059865,0.8328520936433566,100.36249949039079,98.70167058622252,XLV,ヘルスケア,defensive,Weakening,5.0,-3.0,-3.0
2025-04-23,132.26004028320312,0.8217693661028767,0.8291578511298634,100.13676308515556,98.55764557344658,XLV,ヘルスケア,defensive,Weakening,5.0,-1.0,2.0
2025-04-24,133.8776092529297,0.817980212899653,0.8254319717197933,99.89506270609175,98.32005654623963,XLV,ヘルスケア,defensive,Lagging,5.0,-1.0,2.0
2025-04-25,134.52073669433594,0.823087566509785,0.8246505033164573,99.8097199570669,98.56199923154779,XLV,ヘルスケア,defensive,Lagging,5.0,-1.0,2.0
2025-04-28,135.0566864013672,0.8240539217735434,0.8244516428021528,99.76276543911187,98.7889186154566,XLV,ヘルスケア,defensive,Lagging,5.0,0.0,3.0
2025-04-29,135.71929931640625,0.8232920612041678,0.8240651156028245,99.7070951006077,99.04211504961549,XLV,ヘルスケア,defensive,Lagging,5.0,0.0,3.0
2025-04-30,136.8788604736328,0.8291479683432621,0.8257593998496371,99.78371626219443,99.502731362781,XLV,ヘルスケア,defensive,Lagging,5.0,0.0,1.0
2025-05-01,133.1467742919922,0.8076389239832072,0.8197192412274938,99.36281657556664,99.26504971562203,XLV,ヘルスケア,defensive,Lagging,2.0,-3.0,-2.0
2025-05-02,134.98846435546875,0.8046148230927788,0.8146844351825888,99.00733671880266,98.89116414246341,XLV,ヘルスケア,defensive,Lagging,2.0,-3.0,-2.0
2025-05-05,134.60842895507812,0.8050190301990113,0.8114626335213964,98.78559095858176,98.66208093044368,XLV,ヘルスケア,defensive,Lagging,2.0,-3.0,-3.0
2025-05-06,130.8958282470703,0.7886624026156883,0.803862556552827,98.3022347856827,98.08004197850947,XLV,ヘルスケア,defensive,Lagging,2.0,-3.0,-3.0
2025-05-07,131.89950561523438,0.7895098045662821,0.7990783058906454,98.04481510100815,97.67890340743918,XLV,ヘルスケア,defensive,Lagging,1.0,-4.0,-4.0
2025-05-08,130.71067810058594,0.7758666990916037,0.7913411036242982,97.65539391595422,97.81912424969907,XLV,ヘルスケア,defensive,Lagging,1.0,-1.0,2.0
2025-05-09,129.2880096435547,0.7675998575146525,0.7834273549210831,97.33557675645854,97.95644129249523,XLV,ヘルスケア,defensive,Lagging,1.0,-1.0,2.0
2025-05-12,132.4841766357422,0.7655917822235633,0.7774821640219098,97.19122098906676,98.15038821158686,XLV,ヘルスケア,defensive,Lagging,1.0,-1.0,2.0
2025-05-13,128.4987335205078,0.7408893618200557,0.7652845632879586,96.82324014266747,98.38176742518189,XLV,ヘルスケア,defensive,Lagging,1.0,-1.0,2.0
2025-05-14,125.47799682617188,0.727855307074521,0.7528081445501461,96.58751090703348,98.4725714833094,XLV,ヘルスケア,defensive,Lagging,1.0,0.0,4.0
2025-05-15,127.12476348876953,0.7307467867309253,0.7454543586104059,96.63679415134858,99.10862143785238,XLV,ヘルスケア,defensive,Lagging,1.0,0.0,1.0
2025-05-16,129.68753051757812,0.7382302455792794,0.7430463209333638,96.85051865645008,99.84940645066982,XLV,ヘルスケア,defensive,Lagging,1.0,0.0,1.0
2025-05-19,130.93479919433594,0.7454129781248808,0.7438352066638695,97.1151106458124,100.40088226089394,XLV,ヘルスケア,defensive,Improving,1.0,0.0,1.0
2025-05-20,131.25637817382812,0.7492002204222216,0.7456235445833203,97.36107229661523,101.21062374661821,XLV,ヘルスケア,defensive,Improving,1.0,0.0,1.0
2025-05-21,128.21617126464844,0.748143747165338,0.7464636121106596,97.54228120276323,101.7071388363789,XLV,ヘルスケア,defensive,Improving,1.0,0.0,0.0
2025-05-22,127.21247100830078,0.7446619807516811,0.7458630683243335,97.66150670743575,101.72920748060777,XLV,ヘルスケア,defensive,Improving,1.0,0.0,0.0
2025-05-23,127.00782775878906,0.7464494131103104,0.7460585165863258,97.79188697540485,101.58223136504915,XLV,ヘルスケア,defensive,Improving,1.0,0.0,0.0
2025-05-27,128.7813262939453,0.743020492765558,0.7450458419794033,97.8779246078835,101.36964511675433,XLV,ヘルスケア,defensive,Improving,1.0,0.0,0.0
2025-05-28,128.1186981201172,0.7455368190397562,0.745209500999521,97.98638051222315,101.21985450280901,XLV,ヘルスケア,defensive,Improving,1.0,0.0,0.0
2025-05-29,128.97621154785156,0.7486983497445948,0.7463724505812124,98.10946827637018,101.17059364972222,XLV,ヘルスケア,defensive,Improving,1.0,0.0,0.0
2025-05-30,129.24905395507812,0.7505798286787243,0.7477749099470498,98.22663413742356,101.1804080901977,XLV,ヘルスケア,defensive,Improving,1.0,0.0,0.0
2025-06-02,129.32701110839844,0.7504371276402084,0.7486623158447694,98.32170290550359,101.14387883590138,XLV,ヘルスケア,defensive,Improving,1.0,0.0,0.0
2025-06-03,129.6290740966797,0.7459793512800781,0.7477679943232056,98.36705216556491,101.09554033457961,XLV,ヘルスケア,defensive,Improving,1.0,0.0,0.0
2025-06-04,129.88243103027344,0.7491204717219833,0.7482188201227982,98.44101586036284,101.0573870775055,XLV,ヘルスケア,defensive,Improving,1.0,0.0,0.0
2025-06-05,129.70701599121094,0.7501355462673417,0.748857728837646,98.51386805632514,100.99986245856702,XLV,ヘルスケア,defensive,Improving,1.0,0.0,0.0
2025-06-06,130.94456481933594,0.7508085232369557,0.7495079936374159,98.58215246385986,100.93725461296789,XLV,ヘルスケア,defensive,Improving,1.0,0.0,0.0
2025-06-09,130.72042846679688,0.7493976183959229,0.7494712018902516,98.63044073299953,100.86601204588007,XLV,ヘルスケア,defensive,Improving,1.0,0.0,0.0
2025-06-10,132.21131896972656,0.7541888349495971,0.7510437462433668,98.7126097226208,100.89968201852383,XLV,ヘルスケア,defensive,Improving,1.0,0.0,0.0
2025-06-11,132.27955627441406,0.7567268161508881,0.7529381028792073,98.79802587574176,100.89349346331136,XLV,ヘルスケア,defensive,Improving,1.0,0.0,0.0
2025-06-12,133.31243896484375,0.7608513509547562,0.7555758522377236,98.89663037380002,100.90300712570348,XLV,ヘルスケア,defensive,Improving,1.0,0.0,0.0
2025-06-13,132.6498260498047,0.7663328625149495,0.7591615223301323,99.01355640730951,100.94058318256504,XLV,ヘルスケア,defensive,Improving,3.0,2.0,2.0
2025-06-16,132.24058532714844,0.7566728330732663,0.7583319592445104,99.02530594282997,100.86559325463963,XLV,ヘルスケア,defensive,Improving,4.0,3.0,3.0
2025-06-17,130.05783081054688,0.7514010083539936,0.7560216422810048,99.0026135605014,100.70455029540705,XLV,ヘルスケア,defensive,Improving,3.0,2.0,2.0
2025-06-18,129.83372497558594,0.7500216841038595,0.7540216562219564,98.98777062307322,100.55347588413633,XLV,ヘルスケア,defensive,Improving,3.0,2.0,2.0
2025-06-20,129.2100830078125,0.7452005435761162,0.7510812853400097,98.951755746939,100.36076418155145,XLV,ヘルスケア,defensive,Improving,3.0,2.0,2.0
2025-06-23,129.39610290527344,0.7397426721222026,0.7473017476007408,98.8975815933837,100.12680817945163,XLV,ヘルスケア,defensive,Improving,2.0,-1.0,-3.0
2025-06-24,130.9822235107422,0.7417868592167075,0.7454634514727297,98.88982773387451,100.09586167772966,XLV,ヘルスケア,defensive,Improving,3.0,-1.0,-4.0
2025-06-25,131.09970092773438,0.7478478294286336,0.7462582441246978,98.9428655056749,100.18678249512459,XLV,ヘルスケア,defensive,Improving,3.0,0.0,-2.0
2025-06-26,131.41302490234375,0.7440201525018235,0.7455122135837398,98.9588452693397,100.21651845929878,XLV,ヘルスケア,defensive,Improving,5.0,2.0,0.0
2025-06-27,131.12905883789062,0.7397035581917186,0.7435759951197327,98.94703656082643,100.23637022936494,XLV,ヘルスケア,defensive,Improving,5.0,2.0,0.0
2025-06-30,131.9710693359375,0.7409715876486572,0.742707859296041,98.95988337425467,100.31437337595393,XLV,ヘルスケア,defensive,Improving,5.0,3.0,4.0
2025-07-01,133.8509521484375,0.7428206528904744,0.7427454571608522,98.9927946413981,100.36011232807458,XLV,ヘルスケア,defensive,Improving,5.0,2.0,3.0
2025-07-02,132.5291748046875,0.7338090364785069,0.7397666502667372,98.95535447631755,100.23270753715319,XLV,ヘルスケア,defensive,Improving,4.0,1.0,1.0
2025-07-03,132.66624450683594,0.7310376505937989,0.7368569837090911,98.92076421250134,100.16004630965948,XLV,ヘルスケア,defensive,Improving,4.0,-1.0,-3.0
2025-07-07,131.55007934570312,0.7307272295773931,0.7348137323318585,98.90556383328533,100.1615596983262,XLV,ヘルスケア,defensive,Improving,4.0,-1.0,-3.0
2025-07-08,132.14732360839844,0.732211355303489,0.733946273322402,98.9156710268328,100.168356204123,XLV,ヘルスケア,defensive,Improving,4.0,-1.0,-4.0
2025-07-09,132.65647888183594,0.7328437915759896,0.7335787794069313,98.93456493841363,100.1631179017426,XLV,ヘルスケア,defensive,Improving,5.0,0.0,-2.0
2025-07-10,133.46910095214844,0.7330863572165379,0.7334146386768002,98.95419220887483,100.26584806028171,XLV,ヘルスケア,defensive,Improving,5.0,1.0,0.0
2025-07-11,132.3627471923828,0.7323709915900632,0.7330667563145546,98.969938979128,100.35616335393689,XLV,ヘルスケア,defensive,Improving,5.0,1.0,2.0
2025-07-14,132.20606994628906,0.7307512142559058,0.7322949089616717,98.97394288288734,100.38626339236006,XLV,ヘルスケア,defensive,Improving,5.0,1.0,2.0
2025-07-15,129.826904296875,0.7276915291344362,0.73076044901926,98.95655272461872,100.34162895689232,XLV,ヘルスケア,defensive,Improving,5.0,1.0,2.0
2025-07-16,131.4423828125,0.7338843268107184,0.7318017416164129,99.00620390432042,100.37191846469828,XLV,ヘルスケア,defensive,Improving,5.0,0.0,0.0
2025-07-17,129.94439697265625,0.7196534185421012,0.7277523005916423,98.9141986883245,100.19894635986824,XLV,ヘルスケア,defensive,Improving,5.0,0.0,-1.0
2025-07-18,129.08279418945312,0.7151534344157441,0.7235526785330096,98.81259125522298,100.02482004313045,XLV,ヘルスケア,defensive,Improving,3.0,-2.0,-3.0
2025-07-21,128.3484649658203,0.7135257163593943,0.7202103578084713,98.7331317146511,99.8983988555012,XLV,ヘルスケア,defensive,Lagging,2.0,-3.0,-4.0
2025-07-22,130.73744201660156,0.7176575741691791,0.7193594299287073,98.72547317931684,99.90231107869417,XLV,ヘルスケア,defensive,Lagging,2.0,-3.0,-4.0
2025-07-23,133.42015075683594,0.7263663444333783,0.721695068096931,98.81553191927657,99.94654817220889,XLV,ヘルスケア,defensive,Lagging,3.0,-2.0,-2.0
2025-07-24,132.92080688476562,0.7259717190068525,0.7231206184002381,98.8778801341648,100.14983959743671,XLV,ヘルスケア,defensive,Improving,3.0,-2.0,-2.0
2025-07-25,133.62574768066406,0.7263230208970237,0.7241880858991667,98.92947201289678,100.34883531263846,XLV,ヘルスケア,defensive,Improving,4.0,1.0,3.0
2025-07-28,132.4606475830078,0.724272608351076,0.7242162600498032,98.94307761966606,100.4631822424943,XLV,ヘルスケア,defensive,Improving,3.0,1.0,4.0
2025-07-29,131.6186065673828,0.7200156294370982,0.7228160498455682,98.89970819808967,100.39022903191143,XLV,ヘルスケア,defensive,Improving,3.0,1.0,4.0
2025-07-30,131.38363647460938,0.7234230180944855,0.7230183725952074,98.9087154860708,100.25293699839816,XLV,ヘルスケア,defensive,Improving,4.0,1.0,3.0
2025-07-31,127.70225524902344,0.7096239654649633,0.7185535702184594,98.7125978338899,99.86058281292598,XLV,ヘルスケア,defensive,Lagging,3.0,0.0,2.0
2025-08-01,128.3876495361328,0.7215666187023707,0.7195579197130966,98.73834570602222,99.81295561812752,XLV,ヘルスケア,defensive,Lagging,3.0,-1.0,-2.0
2025-08-04,130.2283172607422,0.7230702874051391,0.7207287089437775,98.77242214930428,99.8269892505837,XLV,ヘルスケア,defensive,Lagging,4.0,1.0,0.0
2025-08-05,129.72898864746094,0.722302285281876,0.7212532343898104,98.7694046065228,99.86580098528964,XLV,ヘルスケア,defensive,Lagging,3.0,0.0,-1.0
2025-08-06,127.78060150146484,0.7130493827234079,0.7185186171676763,98.58812718370656,99.52809444458492,XLV,ヘルスケア,defensive,Lagging,2.0,-2.0,-3.0
2025-08-07,126.31197357177734,0.7052782673187822,0.714105167218045,98.28533521482362,99.2805368334093,XLV,ヘルスケア,defensive,Lagging,3.0,0.0,0.0
2025-08-08,127.43791961669922,0.7102825568048112,0.7128309637469671,98.17447949109462,98.95023058363641,XLV,ヘルスケア,defensive,Lagging,2.0,-1.0,0.0
2025-08-11,127.56519317626953,0.712938890702481,0.7128669393988051,98.16823091479951,98.7610346239816,XLV,ヘルスケア,defensive,Lagging,1.0,-3.0,-4.0
2025-08-12,128.44638061523438,0.7088564126241835,0.711530097140598,98.08457577211915,98.47073251892823,XLV,ヘルスケア,defensive,Lagging,1.0,-2.0,-2.0
2025-08-13,130.50247192382812,0.7100651109501384,0.7110417684104449,98.10498332802206,98.76714255799446,XLV,ヘルスケア,defensive,Lagging,2.0,0.0,2.0
2025-08-14,131.15846252441406,0.7183072132639963,0.7134635833616287,98.34725339794716,99.94435163715433,XLV,ヘルスケア,defensive,Lagging,2.0,-1.0,-1.0
2025-08-15,133.3614044189453,0.7321794796935593,0.7197022154722723,98.83637418151139,101.46666946998525,XLV,ヘルスケア,defensive,Improving,5.0,3.0,4.0
2025-08-18,133.048095703125,0.7306165945415748,0.7233403418287065,99.12328527578302,102.14626557926054,XLV,ヘルスケア,defensive,Improving,5.0,4.0,7.0
2025-08-19,133.89988708496094,0.731867534862122,0.7261827395065117,99.34663406107033,102.71859202112385,XLV,ヘルスケア,defensive,Improving,5.0,4.0,6.0
2025-08-20,134.62440490722656,0.7364982889255354,0.7296212559795197,99.60879798350483,103.03865557180632,XLV,ヘルスケア,defensive,Improving,6.0,4.0,4.0
2025-08-21,134.17404174804688,0.7366015202260227,0.731948010728354,99.79072557040564,102.76968185202108,XLV,ヘルスケア,defensive,Improving,6.0,4.0,5.0
2025-08-22,135.28042602539062,0.728487376894649,0.7307944661171191,99.72370834524642,101.57051327584101,XLV,ヘルスケア,defensive,Improving,7.0,2.0,-1.0
2025-08-25,133.3516082763672,0.7236379784345999,0.728408970222946,99.56982426291573,100.62806822170404,XLV,ヘルスケア,defensive,Improving,7.0,2.0,-2.0
2025-08-26,134.183837890625,0.7276510686092933,0.7281563363517285,99.56946316972154,100.14554019519672,XLV,ヘルスケア,defensive,Improving,5.0,0.0,-4.0
2025-08-27,134.1055145263672,0.7246077384534422,0.7269734703856331,99.50273947742956,99.41630225636477,XLV,ヘルスケア,defensive,Lagging,3.0,-3.0,-7.0
2025-08-28,133.57679748535156,0.7220951103588332,0.7253473503766998,99.40591206436375,98.81423780347014,XLV,ヘルスケア,defensive,Lagging,3.0,-3.0,-7.0
2025-08-29,134.55589294433594,0.7279279245070264,0.7262075417534755,99.49056040862669,99.18876600281793,XLV,ヘルスケア,defensive,Lagging,5.0,-2.0,-4.0
2025-09-02,134.6831512451172,0.7344177843262046,0.7289442892777185,99.7128917010698,100.06813141352477,XLV,ヘルスケア,defensive,Improving,5.0,-2.0,-4.0
2025-09-03,134.0467529296875,0.73208217491762,0.7299902511576857,99.81010699541106,100.30485576706502,XLV,ヘルスケア,defensive,Improving,5.0,0.0,0.0
2025-09-04,134.55589294433594,0.7294747677110285,0.7298184233421333,99.81710648587546,100.48331261650796,XLV,ヘルスケア,defensive,Improving,6.0,3.0,6.0
2025-09-05,135.0160369873047,0.731114845469926,0.7302505640513977,99.87087294193945,100.83141102021635,XLV,ヘルスケア,defensive,Improving,6.0,3.0,6.0
2025-09-08,134.9670867919922,0.7314320175797656,0.730644381894187,99.92326294370315,100.75187907734403,XLV,ヘルスケア,defensive,Improving,7.0,2.0,4.0
2025-09-09,135.6916046142578,0.7376305435815492,0.732973102456641,100.12855085375945,100.70660137372312,XLV,ヘルスケア,defensive,Leading,8.0,3.0,5.0
2025-09-10,134.45797729492188,0.731665047679914,0.7325370841977321,100.11963408139802,100.46180148728465,XLV,ヘルスケア,defensive,Leading,8.0,3.0,3.0
2025-09-11,136.79800415039062,0.7334084150597681,0.7328275278184109,100.17377532405489,100.57135685920632,XLV,ヘルスケア,defensive,Leading,8.0,2.0,-1.0
2025-09-12,135.22166442871094,0.7302132510263244,0.7319561022210488,100.13719614505968,100.36652150675107,XLV,ヘルスケア,defensive,Leading,8.0,2.0,-1.0
2025-09-15,134.06634521484375,0.7252409278147646,0.7297177107522874,99.98283132154943,99.89833503164483,XLV,ヘルスケア,defensive,Lagging,7.0,0.0,-2.0
2025-09-16,134.06634521484375,0.7271685062913824,0.7288679759319858,99.94474807814056,99.35026109370118,XLV,ヘルスケア,defensive,Lagging,6.0,-2.0,-5.0
2025-09-17,134.3306884765625,0.7279058741662793,0.728547275343417,99.95332400960633,99.40882295789929,XLV,ヘルスケア,defensive,Lagging,6.0,-2.0,-5.0
2025-09-18,134.5950469970703,0.7246054163731617,0.7272333223533319,99.85392535927917,99.07494196596531,XLV,ヘルスケア,defensive,Lagging,6.0,-2.0,-4.0
2025-09-19,134.41880798339844,0.7249186600287918,0.726461768245152,99.80263610218688,99.06196144292076,XLV,ヘルスケア,defensive,Lagging,6.0,-2.0,-4.0
2025-09-22,134.3843994140625,0.7243871179578424,0.7257702181493821,99.75281002612864,99.30878980973878,XLV,ヘルスケア,defensive,Lagging,6.0,-1.0,-1.0
2025-09-23,134.68930053710938,0.7251457212983488,0.725562052532371,99.75680945374803,99.40810577937758,XLV,ヘルスケア,defensive,Lagging,6.0,0.0,2.0
2025-09-24,134.14833068847656,0.7239211250738101,0.7250150767128508,99.71835973344761,99.3086726993269,XLV,ヘルスケア,defensive,Lagging,5.0,-1.0,1.0
2025-09-25,131.9254608154297,0.7178354379702098,0.7226218637986372,99.43015324575727,98.90121759908097,XLV,ヘルスケア,defensive,Lagging,4.0,-2.0,0.0
2025-09-26,133.27296447753906,0.7180531207136781,0.7210989494369843,99.24291806218662,98.63396319774345,XLV,ヘルスケア,defensive,Lagging,4.0,-2.0,0.0
2025-09-29,133.66636657714844,0.7177746750538538,0.7199908579759409,99.10394407515594,98.48911847740712,XLV,ヘルスケア,defensive,Lagging,4.0,-2.0,-1.0
2025-09-30,136.8826446533203,0.7331083957922236,0.7243633705813686,99.77585551466841,99.9558177163753,XLV,ヘルスケア,defensive,Lagging,5.0,-1.0,-1.0
2025-10-01,141.11196899414062,0.7540502857068309,0.7342590089565226,101.34606700089412,103.13727434278965,XLV,ヘルスケア,defensive,Leading,8.0,3.0,4.0
2025-10-02,140.83657836914062,0.7508017141304154,0.7397732440144869,102.17730700632941,104.38435944784246,XLV,ヘルスケア,defensive,Leading,10.0,6.0,8.0
2025-10-03,142.43978881835938,0.7566882677633523,0.7454115852641088,102.86412480179023,104.62717671891957,XLV,ヘルスケア,defensive,Leading,11.0,7.0,9.0
2025-10-06,141.7512969970703,0.7532670066626146,0.7480300590636108,103.00351853317349,104.16270975030481,XLV,ヘルスケア,defensive,Leading,11.0,7.0,9.0
2025-10-07,141.85946655273438,0.757168519863687,0.7510762126636362,103.12748410804973,103.18095184362417,XLV,ヘルスケア,defensive,Leading,11.0,6.0,7.0
2025-10-08,142.1348876953125,0.7561755875551122,0.7527760042941283,103.05991455215066,101.43090176832622,XLV,ヘルスケア,defensive,Leading,11.0,3.0,0.0
2025-10-09,141.8201446533203,0.7607956101647383,0.7554492062509983,103.07696448463537,100.58527144412936,XLV,ヘルスケア,defensive,Leading,11.0,1.0,-5.0
2025-10-10,139.77432250976562,0.7671162325236681,0.7593382150085549,103.16476729711837,99.97181070127934,XLV,ヘルスケア,defensive,Weakening,11.0,0.0,-7.0
2025-10-13,139.61692810058594,0.7588735549265384,0.7591833283145495,102.8870601270038,99.5500159275336,XLV,ヘルスケア,defensive,Weakening,11.0,0.0,-7.0
2025-10-14,140.0005340576172,0.7547003670733872,0.7576890079008288,102.56323992470764,99.11004500990391,XLV,ヘルスケア,defensive,Weakening,10.0,-1.0,-7.0
2025-10-15,140.2169189453125,0.7543458848372738,0.7565746335463106,102.31660492858684,98.94876464189466,XLV,ヘルスケア,defensive,Weakening,10.0,-1.0,-4.0
2025-10-16,139.9808807373047,0.7602823237299949,0.7578105302742054,102.27517043750994,98.90920826281823,XLV,ヘルスケア,defensive,Weakening,10.0,-1.0,-2.0
2025-10-17,140.91526794433594,0.7614900397598232,0.7590370334360781,102.23668202444107,98.80578278728139,XLV,ヘルスケア,defensive,Weakening,10.0,-1.0,-1.0
2025-10-20,142.41026306152344,0.7619496835577642,0.7600079168099736,102.18371395033795,99.03999461712154,XLV,ヘルスケア,defensive,Weakening,10.0,-1.0,-1.0
2025-10-21,142.74468994140625,0.760255887119313,0.7600905735797534,102.07504731194223,99.25763878011998,XLV,ヘルスケア,defensive,Weakening,11.0,1.0,2.0
2025-10-22,143.56105041503906,0.768309252326466,0.762830133161991,102.14720928159325,99.57167388991236,XLV,ヘルスケア,defensive,Weakening,11.0,1.0,2.0
2025-10-23,143.63973999023438,0.7651030570720861,0.7635877744653561,102.08319485186821,99.55504924231498,XLV,ヘルスケア,defensive,Weakening,11.0,1.0,2.0
2025-10-24,143.62989807128906,0.7629706392288046,0.763382062719839,101.96735174562897,99.48810870072012,XLV,ヘルスケア,defensive,Weakening,11.0,1.0,2.0
2025-10-27,143.9643096923828,0.7613633429201326,0.762709156119937,101.83641385711577,99.42183580946529,XLV,ヘルスケア,defensive,Weakening,10.0,0.0,1.0
2025-10-28,143.05941772460938,0.7631321757239996,0.7628501626546245,101.76529286253016,99.46564537090734,XLV,ヘルスケア,defensive,Weakening,10.0,-1.0,-2.0
2025-10-29,141.6135711669922,0.7639633328696162,0.7632212193929551,101.71541671251902,99.35293830648176,XLV,ヘルスケア,defensive,Weakening,10.0,-1.0,-2.0
2025-10-30,141.92832946777344,0.7689686029106242,0.7651370138988448,101.75551112423896,99.45621112368603,XLV,ヘルスケア,defensive,Weakening,10.0,-1.0,-2.0
2025-10-31,141.87916564941406,0.7670252477890531,0.7657664251955809,101.71908123904538,99.5343182314683,XLV,ヘルスケア,defensive,Weakening,10.0,-1.0,-2.0
2025-11-03,142.07586669921875,0.769973249232163,0.7671686998744417,101.72674644007877,99.66772223714824,XLV,ヘルスケア,defensive,Weakening,9.0,-1.0,-1.0
2025-11-04,142.71517944335938,0.778587917004849,0.7709751055845775,101.86193989778211,99.86014546747515,XLV,ヘルスケア,defensive,Weakening,10.0,0.0,1.0
2025-11-05,143.26597595214844,0.7770447405669805,0.7729983172453785,101.89516013231453,99.93096771715189,XLV,ヘルスケア,defensive,Weakening,10.0,0.0,1.0
2025-11-06,143.5413818359375,0.7840635643776439,0.7766867329561338,102.01125861645512,99.99206653319447,XLV,ヘルスケア,defensive,Weakening,11.0,1.0,2.0
2025-11-07,143.7380828857422,0.7786078503184806,0.7773271054102494,101.96263996266788,99.96685290045176,XLV,ヘルスケア,defensive,Weakening,11.0,1.0,2.0
2025-11-10,144.85935974121094,0.780189143725119,0.7782811181818726,101.93695671201206,99.91959937951182,XLV,ヘルスケア,defensive,Weakening,11.0,2.0,3.0
2025-11-11,148.20346069335938,0.7936142268206003,0.7833921543947819,102.11777971337712,99.9528844110181,XLV,ヘルスケア,defensive,Weakening,11.0,1.0,1.0
2025-11-12,150.30828857421875,0.8029808735162577,0.7899217274352739,102.33684320218852,100.13153950821415,XLV,ヘルスケア,defensive,Leading,11.0,1.0,1.0
2025-11-13,150.22959899902344,0.8117373457583558,0.7971936002096346,102.53827042992546,100.21858688303128,XLV,ヘルスケア,defensive,Leading,11.0,0.0,-1.0
2025-11-14,149.33457946777344,0.809873183083906,0.8014201278343918,102.56279182900265,100.29770535294848,XLV,ヘルスケア,defensive,Leading,11.0,0.0,-1.0
2025-11-17,149.20669555664062,0.8199464533184679,0.8075955696624172,102.6482116250535,100.41974523743386,XLV,ヘルスケア,defensive,Leading,11.0,0.0,-2.0
2025-11-18,150.0820770263672,0.8242665467726885,0.8131525620325077,102.68016378560584,100.2887274906964,XLV,ヘルスケア,defensive,Leading,11.0,0.0,-1.0
2025-11-19,149.82635498046875,0.8253607047569141,0.8172219429406433,102.64202748905483,100.04661647227046,XLV,ヘルスケア,defensive,Leading,11.0,0.0,-1.0
2025-11-20,148.93130493164062,0.83056272366816,0.8216688698498156,102.61620445675992,99.82597788379526,XLV,ヘルスケア,defensive,Weakening,11.0,0.0,0.0
2025-11-21,152.06887817382812,0.8317163968285907,0.8250180455094073,102.55441612755997,99.74458236320329,XLV,ヘルスケア,defensive,Weakening,11.0,0.0,0.0
2025-11-24,152.7082061767578,0.8317653058459777,0.8272671322882641,102.46439674438469,99.57124554149844,XLV,ヘルスケア,defensive,Weakening,11.0,0.0,0.0
2025-11-25,156.16050720214844,0.8386545483748312,0.8310629376504532,102.43116248443916,99.50705622050428,XLV,ヘルスケア,defensive,Weakening,11.0,0.0,0.0
2025-11-26,155.81625366210938,0.8310073731788099,0.8310444161599055,102.2915100566583,99.40203047366869,XLV,ヘルスケア,defensive,Weakening,11.0,0.0,0.0
2025-11-28,155.05889892578125,0.8225209874810466,0.8282032732669526,102.09002475402554,99.22867898564832,XLV,ヘルスケア,defensive,Weakening,11.0,0.0,0.0
2025-12-01,152.73768615722656,0.8157876957243712,0.8240647474194255,101.874370043645,99.0906326431841,XLV,ヘルスケア,defensive,Weakening,11.0,0.0,0.0
2025-12-02,151.82298278808594,0.8116702399654641,0.8199332449347718,101.67952750918727,99.00862672263823,XLV,ヘルスケア,defensive,Weakening,11.0,0.0,0.0
2025-12-03,152.53115844726562,0.809281408984276,0.8163826329512732,101.51647886279831,98.90801704852879,XLV,ヘルスケア,defensive,Weakening,11.0,0.0,0.0
2025-12-04,151.37054443359375,0.8028720167026049,0.8118790942017172,101.33753220957738,98.90153412798617,XLV,ヘルスケア,defensive,Weakening,11.0,0.0,0.0
2025-12-05,150.74105834960938,0.7976593192508581,0.8071391692180976,101.16099834646825,98.95642768349417,XLV,ヘルスケア,defensive,Weakening,11.0,0.0,0.0
2025-12-08,148.94113159179688,0.7928839179180039,0.8023874187847331,100.99064599037635,99.02815154371652,XLV,ヘルスケア,defensive,Weakening,11.0,0.0,0.0
2025-12-09,147.49530029296875,0.7866709224676506,0.7971485866790389,100.8110713619713,99.06769197765448,XLV,ヘルスケア,defensive,Weakening,10.0,-1.0,-1.0
2025-12-10,149.63946533203125,0.7870341397136452,0.793777104357241,100.68803996470538,99.12963608210805,XLV,ヘルスケア,defensive,Weakening,10.0,-1.0,-1.0
2025-12-11,151.05581665039062,0.788118851923272,0.7918910202125847,100.6091835436331,99.24452888440923,XLV,ヘルスケア,defensive,Weakening,11.0,0.0,0.0
2025-12-12,151.52792358398438,0.7959775557621227,0.7932531987290975,100.6255037153775,99.4398471394743,XLV,ヘルスケア,defensive,Weakening,11.0,0.0,0.0
2025-12-15,153.53439331054688,0.8055181430772719,0.7973415135118224,100.72224714469293,99.69654557567155,XLV,ヘルスケア,defensive,Weakening,11.0,0.0,0.0
2025-12-16,151.53775024414062,0.8006657717687938,0.7984495995974795,100.73010645968591,99.87432575134468,XLV,ヘルスケア,defensive,Weakening,10.0,0.0,1.0
2025-12-17,151.26235961914062,0.8013778700539939,0.799425689749651,100.7343623407651,99.9904163898169,XLV,ヘルスケア,defensive,Weakening,10.0,0.0,1.0
2025-12-18,151.38037109375,0.8002920811702994,0.7997144868898671,100.7181022230265,100.04361919860982,XLV,ヘルスケア,defensive,Leading,10.0,-1.0,-1.0
2025-12-19,152.39346313476562,0.8027239666190553,0.8007176467995966,100.7246002397437,100.02922629180144,XLV,ヘルスケア,defensive,Leading,9.0,-2.0,-2.0
2025-12-22,153.3979949951172,0.8020702687936295,0.8011685207976076,100.71436439292323,99.92392022539936,XLV,ヘルスケア,defensive,Weakening,8.0,-3.0,-3.0
2025-12-23,153.091796875,0.8023347220816094,0.8015572545589416,100.7028546822018,99.90212495275024,XLV,ヘルスケア,defensive,Weakening,8.0,-2.0,-2.0
2025-12-24,153.89187622070312,0.8036145314638052,0.8022430135272296,100.70250205905566,99.89154144998231,XLV,ヘルスケア,defensive,Weakening,8.0,-2.0,-2.0
2025-12-26,154.1387939453125,0.8046963055380326,0.8030607775308307,100.70855775325944,99.90430636976383,XLV,ヘルスケア,defensive,Weakening,8.0,-2.0,-1.0
2025-12-29,153.90174865722656,0.8047873256332229,0.8036362935649615,100.70856561367371,99.8879095203914,XLV,ヘルスケア,defensive,Weakening,9.0,0.0,2.0
2025-12-30,153.77333068847656,0.8054059769393277,0.8042261880230837,100.70962727984187,99.899214761506,XLV,ヘルスケア,defensive,Weakening,9.0,1.0,4.0
2025-12-31,152.9041290283203,0.807751613552511,0.8054013298662261,100.73156733875823,99.95535597635092,XLV,ヘルスケア,defensive,Weakening,8.0,0.0,2.0
2026-01-02,153.60540771484375,0.8059865374325524,0.8055963990550016,100.7154700088744,99.98153691545456,XLV,ヘルスケア,defensive,Weakening,9.0,1.0,3.0
2026-01-05,153.1411590576172,0.7961611837332507,0.8024513272810847,100.56494916522233,99.86328195632413,XLV,ヘルスケア,defensive,Weakening,8.0,0.0,2.0
2026-01-06,156.15382385253906,0.8021394100628445,0.8023473548750046,100.53644005116735,99.88295020766472,XLV,ヘルスケア,defensive,Weakening,8.0,-1.0,-1.0
2026-01-07,157.70460510253906,0.819296656012582,0.8079971219208637,100.74802927535508,100.36672406727405,XLV,ヘルスケア,defensive,Leading,8.0,-1.0,-2.0
2026-01-08,156.18344116210938,0.8044967583198722,0.8068303340538665,100.67364458804164,100.26239676624657,XLV,ヘルスケア,defensive,Leading,8.0,0.0,0.0
2026-01-09,155.3833770751953,0.7957581000339146,0.8031395893805493,100.48950830031266,99.92049822946677,XLV,ヘルスケア,defensive,Weakening,8.0,-1.0,-2.0
2026-01-12,155.4525146484375,0.7953875694284069,0.8005555827298353,100.35213472747556,99.97057593373394,XLV,ヘルスケア,defensive,Weakening,8.0,0.0,0.0
2026-01-13,154.8203582763672,0.7921530812542091,0.7977547489046266,100.20253712501257,99.68913258157589,XLV,ヘルスケア,defensive,Weakening,8.0,0.0,1.0
2026-01-14,155.9266357421875,0.7941995221501038,0.7965696733197858,100.12274157560095,98.99649214915026,XLV,ヘルスケア,defensive,Weakening,8.0,0.0,1.0
2026-01-15,155.03765869140625,0.7861893176407266,0.7931095547600995,99.93196103007197,98.71845077267427,XLV,ヘルスケア,defensive,Lagging,7.0,-1.0,-1.0
2026-01-16,153.83261108398438,0.7820773074427552,0.7894321389876514,99.72435597184752,98.65841092124447,XLV,ヘルスケア,defensive,Lagging,7.0,-1.0,0.0
2026-01-20,153.49676513671875,0.7921900223358443,0.7903514334370492,99.73847188420066,98.99208085684253,XLV,ヘルスケア,defensive,Lagging,7.0,-1.0,-1.0
2026-01-21,156.3217315673828,0.7933369368169417,0.7913466012303467,99.75724542051394,99.38598626908795,XLV,ヘルスケア,defensive,Lagging,7.0,-1.0,-1.0
2026-01-22,156.35137939453125,0.7924541084531271,0.7917157703046069,99.7430528840049,99.54169345810932,XLV,ヘルスケア,defensive,Lagging,7.0,-1.0,-1.0
2026-01-23,155.55128479003906,0.7919288767052457,0.7917868057714866,99.71479915041361,99.94367794530562,XLV,ヘルスケア,defensive,Lagging,7.0,0.0,1.0
2026-01-26,156.16371154785156,0.7931713765151531,0.792248329352709,99.70719016720902,100.42856405815324,XLV,ヘルスケア,defensive,Improving,7.0,0.0,1.0
2026-01-27,153.546142578125,0.7810918457451499,0.7885295014835226,99.4595804945281,99.78559058137448,XLV,ヘルスケア,defensive,Lagging,7.0,0.0,1.0
2026-01-28,152.4201202392578,0.7779840060462934,0.7850143363377795,99.21152823687636,99.14167515296248,XLV,ヘルスケア,defensive,Lagging,7.0,0.0,1.0
2026-01-29,151.93614196777344,0.7744979345372487,0.781508869070936,98.95417362551825,98.58820764056135,XLV,ヘルスケア,defensive,Lagging,6.0,-1.0,0.0
2026-01-30,152.84486389160156,0.7808609251131027,0.7812928877516583,98.8903561453525,98.54006814684317,XLV,ヘルスケア,defensive,Lagging,3.0,-4.0,-4.0
2026-02-02,153.78321838378906,0.7816298010788426,0.7814051921940531,98.84948661133771,98.508143604707,XLV,ヘルスケア,defensive,Lagging,4.0,-3.0,-3.0
2026-02-03,152.21270751953125,0.7757123642044254,0.7795075828641773,98.67790315884248,98.72228951572617,XLV,ヘルスケア,defensive,Lagging,4.0,-3.0,-3.0
2026-02-04,154.11904907226562,0.7786437815937383,0.7792196491073644,98.61385255981247,99.1671045236218,XLV,ヘルスケア,defensive,Lagging,4.0,-3.0,-3.0
2026-02-05,152.94363403320312,0.7794766790341107,0.7793053257496132,98.5887858128789,99.71365107643446,XLV,ヘルスケア,defensive,Lagging,4.0,-2.0,-1.0
2026-02-06,155.7784881591797,0.7794010327936923,0.7793372280976396,98.56724869887177,99.82771725024595,XLV,ヘルスケア,defensive,Lagging,5.0,2.0,6.0
2026-02-09,154.40550231933594,0.7720734571301698,0.7769159711084831,98.39575786673261,99.54744291631249,XLV,ヘルスケア,defensive,Lagging,5.0,1.0,4.0
2026-02-10,153.42762756347656,0.764464041759443,0.7727653279921365,98.1251302756003,99.34058624741694,XLV,ヘルスケア,defensive,Lagging,5.0,1.0,4.0
2026-02-11,154.3363494873047,0.7676311740956134,0.7710539433599621,98.04113264693414,99.31823530352936,XLV,ヘルスケア,defensive,Lagging,5.0,1.0,4.0
2026-02-12,154.08941650390625,0.7765942712583408,0.7729007193260884,98.21010743591498,99.79910009006343,XLV,ヘルスケア,defensive,Lagging,5.0,1.0,3.0
2026-02-13,155.7389678955078,0.7768603225172003,0.7742205870564591,98.34892756729307,100.21469743472423,XLV,ヘルスケア,defensive,Improving,5.0,0.0,-2.0
2026-02-17,155.44264221191406,0.7767221893264191,0.7750544544797792,98.45838671604247,100.95151653868385,XLV,ヘルスケア,defensive,Improving,5.0,0.0,-1.0
2026-02-18,155.7389678955078,0.7741888773433008,0.7747659287676197,98.49547219687919,101.7746951404611,XLV,ヘルスケア,defensive,Improving,5.0,0.0,-1.0
2026-02-19,155.333984375,0.7738102857497295,0.7744473810949897,98.53109443791855,102.14024551373416,XLV,ヘルスケア,defensive,Improving,5.0,0.0,-1.0
2026-02-20,154.89938354492188,0.7680533839261409,0.7723160487053735,98.45660834227931,101.55080885980655,XLV,ヘルスケア,defensive,Improving,5.0,0.0,-1.0
2026-02-23,156.59829711914062,0.7850940824567014,0.7765753932891496,98.76139222790358,101.97938312565512,XLV,ヘルスケア,defensive,Improving,5.0,0.0,0.0
2026-02-24,155.9365234375,0.7755900471169472,0.7762469445650821,98.77593222753745,101.68944367793335,XLV,ヘルスケア,defensive,Improving,5.0,0.0,0.0
2026-02-25,155.8970184326172,0.7749365847568437,0.775810157962336,98.77813446532744,101.5614354330765,XLV,ヘルスケア,defensive,Improving,5.0,0.0,0.0
2026-02-26,155.4920196533203,0.768581756955047,0.7734006909599064,98.65125872725311,101.11379325784961,XLV,ヘルスケア,defensive,Improving,5.0,0.0,0.0
2026-02-27,158.23797607421875,0.7812389070126664,0.7760134296441599,98.83414432161743,101.7120398147339,XLV,ヘルスケア,defensive,Improving,5.0,0.0,0.0
2026-03-02,156.58843994140625,0.7745309234085224,0.7755192608989474,98.80806356960277,100.85514962385743,XLV,ヘルスケア,defensive,Improving,5.0,0.0,0.0
2026-03-03,154.8203582763672,0.7752971634197655,0.7754452284058868,98.81099191713511,100.80160929546625,XLV,ヘルスケア,defensive,Improving,4.0,-1.0,-1.0
2026-03-04,155.12657165527344,0.7737291723572275,0.7748732097230004,98.78163927097101,100.69821799315046,XLV,ヘルスケア,defensive,Improving,4.0,-1.0,-1.0
2026-03-05,152.02500915527344,0.7671450740410332,0.7722971644956781,98.60530767715248,100.55044944746935,XLV,ヘルスケア,defensive,Improving,4.0,-1.0,-1.0
2026-03-06,150.829833984375,0.7702941886754695,0.771629505888942,98.58062835779057,99.99561034217868,XLV,ヘルスケア,defensive,Lagging,3.0,-2.0,-2.0
2026-03-09,152.3707275390625,0.7759705568825431,0.7730765228868091,98.72833438090726,100.42306486467814,XLV,ヘルスケア,defensive,Improving,3.0,-2.0,-2.0
2026-03-10,151.27432250976562,0.7762072637000322,0.7741201031578835,98.84707269245403,100.70902970905449,XLV,ヘルスケア,defensive,Improving,3.0,-1.0,0.0
2026-03-11,150.97801208496094,0.7772484659851406,0.7751628907669692,98.96571398929002,101.08742305977893,XLV,ヘルスケア,defensive,Improving,3.0,-1.0,0.0
2026-03-12,148.32095336914062,0.7755640362647259,0.7752966059328881,99.00843900338225,101.65208137302902,XLV,ヘルスケア,defensive,Improving,3.0,-1.0,0.0
2026-03-13,147.95547485351562,0.773692904460467,0.7747620387754144,98.9954275652829,101.63752935539839,XLV,ヘルスケア,defensive,Improving,3.0,0.0,2.0
2026-03-16,149.16053771972656,0.7742333411743647,0.7745858062417312,99.01023853044185,101.22792548328567,XLV,ヘルスケア,defensive,Improving,3.0,0.0,2.0
2026-03-17,147.80731201171875,0.7629437450379948,0.7707051191738192,98.73845434945767,100.09865268099156,XLV,ヘルスケア,defensive,Improving,2.0,-1.0,0.0
2026-03-18,145.3379364013672,0.7602016697534079,0.7672039693670155,98.5140994625885,99.12613207501585,XLV,ヘルスケア,defensive,Lagging,1.0,-2.0,-1.0
2026-03-19,144.81442260742188,0.7580511036982491,0.7641530141440935,98.34052762939723,98.55929658098256,XLV,ヘルスケア,defensive,Lagging,1.0,-2.0,-1.0
2026-03-20,143.55010986328125,0.7626365562618852,0.7636475281833575,98.36590016618625,98.71174366954506,XLV,ヘルスケア,defensive,Lagging,1.0,-2.0,-2.0
2026-03-23,143.58482360839844,0.7547744826512499,0.7606898463393217,98.21432078102187,98.32123767105972,XLV,ヘルスケア,defensive,Lagging,1.0,-2.0,-2.0
2026-03-24,143.60464477539062,0.7539740107253305,0.7584512344679913,98.1267358794247,98.86109728782338,XLV,ヘルスケア,defensive,Lagging,1.0,-1.0,0.0
2026-03-25,145.04278564453125,0.7578523083482815,0.7582515924280882,98.18698519594459,99.64592555533946,XLV,ヘルスケア,defensive,Lagging,1.0,0.0,2.0
2026-03-26,144.54685974121094,0.7622571995834431,0.7595867948132066,98.34626445587168,100.54724367963941,XLV,ヘルスケア,defensive,Improving,1.0,0.0,2.0
2026-03-27,142.087158203125,0.7597028748509447,0.7596254881591193,98.40401083222574,100.63097044149778,XLV,ヘルスケア,defensive,Improving,1.0,0.0,2.0
2026-03-30,142.64259338378906,0.7642541245674809,0.7611683669619065,98.56013619917671,101.4271948728498,XLV,ヘルスケア,defensive,Improving,1.0,0.0,2.0
2026-03-31,145.4097442626953,0.7634514068243917,0.7619293802494016,98.6532289593695,101.83642353769588,XLV,ヘルスケア,defensive,Improving,1.0,0.0,1.0
2026-04-01,146.52056884765625,0.7668064411801111,0.7635550672263048,98.803405158956,101.98089562107646,XLV,ヘルスケア,defensive,Improving,1.0,0.0,0.0
2026-04-02,145.6081085205078,0.7598605737184134,0.7623235693903411,98.73945929838975,101.38528618021408,XLV,ヘルスケア,defensive,Improving,1.0,0.0,0.0
2026-04-06,145.08245849609375,0.7538769089198063,0.7595080159001629,98.55526859137737,100.77689208252643,XLV,ヘルスケア,defensive,Improving,1.0,0.0,0.0
2026-04-07,145.37008666992188,0.757050133034422,0.7586887216115827,98.52815005386269,100.31908999392462,XLV,ヘルスケア,defensive,Improving,1.0,0.0,0.0
2026-04-08,148.4447021484375,0.7556058957701249,0.7576611129977635,98.48343249015461,99.9784735218804,XLV,ヘルスケア,defensive,Lagging,1.0,0.0,0.0
2026-04-09,148.1074676513672,0.7534326994370196,0.7562516418108489,98.38653061135616,99.38648119396603,XLV,ヘルスケア,defensive,Lagging,1.0,0.0,0.0
2026-04-10,146.10400390625,0.7486456261949409,0.753716303272213,98.19725615230858,99.10156304226656,XLV,ヘルスケア,defensive,Lagging,1.0,0.0,0.0
2026-04-13,146.75860595703125,0.7437548345558256,0.7503958137000839,97.96131664434147,98.99717760556804,XLV,ヘルスケア,defensive,Lagging,1.0,0.0,0.0
2026-04-14,147.611572265625,0.7449677624296097,0.7485864632765926,97.86730817635117,98.86387261855857,XLV,ヘルスケア,defensive,Lagging,1.0,0.0,0.0
2026-04-15,146.5602569580078,0.7394027241197156,0.745525216890967,97.69486494766981,98.59557483141548,XLV,ヘルスケア,defensive,Lagging,1.0,0.0,0.0
2026-04-16,145.4097442626953,0.7302710691494236,0.7404405009771192,97.3988745762596,98.1733164353125,XLV,ヘルスケア,defensive,Lagging,1.0,0.0,0.0
2026-04-17,147.58181762695312,0.7319859949788322,0.7376223323110236,97.33317964477841,98.47486333319341,XLV,ヘルスケア,defensive,Lagging,1.0,0.0,0.0
2026-04-20,146.21311950683594,0.7229200613268194,0.7327215753162889,97.16317709885423,98.63063505098104,XLV,ヘルスケア,defensive,Lagging,1.0,0.0,0.0
2026-04-21,144.72540283203125,0.7199803667748199,0.728474505802466,97.07916434494855,98.66989711732589,XLV,ヘルスケア,defensive,Lagging,1.0,0.0,0.0
2026-04-22,145.181640625,0.7225710968948795,0.7265067028332706,97.15491059421726,99.24325942697064,XLV,ヘルスケア,defensive,Lagging,1.0,0.0,0.0
2026-04-23,145.04278564453125,0.7219156496609272,0.7249763517758229,97.24611962347475,100.11960106028675,XLV,ヘルスケア,defensive,Improving,1.0,0.0,0.0
2026-04-24,142.9996337890625,0.713226041222801,0.7210595815914823,97.19556202184022,100.15130200066001,XLV,ヘルスケア,defensive,Improving,1.0,0.0,0.0
2026-04-27,142.28553771972656,0.7105084379508384,0.7175425337112677,97.18289478956144,100.50936454074866,XLV,ヘルスケア,defensive,Improving,1.0,0.0,0.0
2026-04-28,142.66241455078125,0.7160453718635903,0.717043479762042,97.34141824443708,101.03496075274596,XLV,ヘルスケア,defensive,Improving,1.0,0.0,0.0
2026-04-29,141.6706085205078,0.7123091320477715,0.7154653638572852,97.43104651983369,101.0331168978039,XLV,ヘルスケア,defensive,Improving,1.0,0.0,0.0
2026-04-30,144.79483032226562,0.7171744761278261,0.7160350679474656,97.61587098062209,101.20719117884055,XLV,ヘルスケア,defensive,Improving,1.0,0.0,0.0
2026-05-01,143.97161865234375,0.7152769417794418,0.715782359224791,97.73703274535193,101.54515997084863,XLV,ヘルスケア,defensive,Improving,1.0,0.0,0.0
2026-05-04,143.54513549804688,0.7173315260581459,0.7162987481692427,97.87776117310852,101.8253087461759,XLV,ヘルスケア,defensive,Improving,1.0,0.0,0.0
2026-05-05,144.1104736328125,0.7144871965088231,0.7156948976157695,97.95432719966293,101.58737510563203,XLV,ヘルスケア,defensive,Improving,1.0,0.0,0.0
2026-05-06,144.2096405029297,0.7093595619122977,0.7135831190479456,97.95841105276757,101.34919648421621,XLV,ヘルスケア,defensive,Improving,1.0,0.0,0.0
2026-05-07,143.53521728515625,0.7105863245700343,0.7125841875553085,98.01073687545278,101.02106286059701,XLV,ヘルスケア,defensive,Improving,1.0,0.0,0.0
2026-05-08,142.31529235839844,0.7026137833143168,0.709260719474978,97.9628984383417,100.62597690310032,XLV,ヘルスケア,defensive,Improving,1.0,0.0,0.0
2026-05-11,141.86895751953125,0.7007878953609356,0.7064364447702973,97.94507899689691,100.25711707392925,XLV,ヘルスケア,defensive,Improving,1.0,0.0,0.0
2026-05-12,144.65597534179688,0.7151860173741749,0.7093529689715898,98.15811769148459,100.53945576684171,XLV,ヘルスケア,defensive,Improving,1.0,0.0,0.0
2026-05-13,145.50892639160156,0.7225583552709494,0.7137547644047098,98.40923580009583,101.06204762837733,XLV,ヘルスケア,defensive,Improving,2.0,1.0,1.0
2026-05-14,145.42958068847656,0.7195402822981899,0.7156832703692032,98.54412776951982,101.20768755229763,XLV,ヘルスケア,defensive,Improving,3.0,2.0,2.0
2026-05-15,143.912109375,0.7194508222813614,0.7169391210065893,98.64390180650376,101.4821476544523,XLV,ヘルスケア,defensive,Improving,2.0,1.0,1.0
2026-05-18,144.5270233154297,0.7181071167845996,0.7173284529325927,98.70423735814363,101.59597489803217,XLV,ヘルスケア,defensive,Improving,3.0,2.0,2.0
2026-05-19,146.11395263671875,0.7302410009653705,0.7216326356101853,98.9144900716877,101.55255623455963,XLV,ヘルスケア,defensive,Improving,4.0,3.0,3.0
2026-05-20,145.9254913330078,0.7213917618508849,0.7215523443570853,98.94523359761189,101.08054344527974,XLV,ヘルスケア,defensive,Improving,4.0,2.0,1.0
2026-05-21,146.9371337890625,0.7232702905069381,0.7221249930737029,99.0007374031138,100.90046333637405,XLV,ヘルスケア,defensive,Improving,5.0,2.0,0.0
2026-05-22,148.66290283203125,0.7251410105902241,0.7231303322458766,99.07135948087762,100.83801153329067,XLV,ヘルスケア,defensive,Improving,6.0,4.0,3.0
2026-05-26,147.29417419433594,0.7147969356296513,0.7203525333738016,98.98970039990952,100.5395228434225,XLV,ヘルスケア,defensive,Improving,7.0,4.0,2.0
2026-05-27,147.57188415527344,0.7166622983429493,0.7191224550301842,98.97146429501163,100.06435633111343,XLV,ヘルスケア,defensive,Improving,7.0,3.0,0.0
2026-05-28,149.64479064941406,0.7240769332770637,0.7207739477791442,99.06937170889299,100.20648793852466,XLV,ヘルスケア,defensive,Improving,7.0,3.0,1.0
2026-05-29,148.246337890625,0.7153180551568465,0.718955316905045,99.0242623257222,100.00529512527808,XLV,ヘルスケア,defensive,Improving,9.0,4.0,2.0
2026-06-01,146.6296844482422,0.706232313459244,0.7147143157564447,98.8812275239064,99.55935338462109,XLV,ヘルスケア,defensive,Lagging,9.0,3.0,-1.0
2026-06-02,145.2014617919922,0.6965897935007412,0.7086728083378769,98.66897804278776,99.29676794679023,XLV,ヘルスケア,defensive,Lagging,8.0,1.0,-3.0
2026-06-03,146.34205627441406,0.7047122099245468,0.707352608866767,98.65502607551164,99.31917763854297,XLV,ヘルスケア,defensive,Lagging,9.0,2.0,-1.0
2026-06-04,150.8349609375,0.720904473622874,0.7118698971188027,98.87958802829655,99.59148059695315,XLV,ヘルスケア,defensive,Lagging,9.0,2.0,-1.0
2026-06-05,151.75733947753906,0.7357827096442758,0.7198408346272938,99.24372666634636,100.43759541896232,XLV,ヘルスケア,defensive,Improving,10.0,1.0,-3.0
2026-06-08,151.40029907226562,0.7348295149934276,0.7248370614160051,99.4822856840505,101.20462582013123,XLV,ヘルスケア,defensive,Improving,10.0,1.0,-2.0
2026-06-09,153.30458068847656,0.7384521225474155,0.7293754151264753,99.70532633245601,102.00818378594013,XLV,ヘルスケア,defensive,Improving,10.0,2.0,1.0
2026-06-10,151.59866333007812,0.7396399507729087,0.7327969270086199,99.88526245753971,102.2649465083182,XLV,ヘルスケア,defensive,Improving,10.0,1.0,-1.0
2026-06-11,152.82850646972656,0.7341934747050001,0.7332624429074133,99.935363269144,101.86066771431534,XLV,ヘルスケア,defensive,Improving,10.0,1.0,-1.0
2026-06-12,152.55079650878906,0.7262804331921415,0.7309351063356561,99.85413789684921,101.01306990632015,XLV,ヘルスケア,defensive,Improving,10.0,0.0,-1.0
2026-06-15,151.63833618164062,0.7177649417808234,0.7265450514840452,99.66743426552318,100.22109466625194,XLV,ヘルスケア,defensive,Improving,10.0,0.0,-1.0
2026-06-16,151.6879425048828,0.7204025230630138,0.7244975420103681,99.58999114112075,99.6590415890517,XLV,ヘルスケア,defensive,Lagging,9.0,-1.0,-3.0
2026-06-17,149.4761962890625,0.7207002482851492,0.7232317774352952,99.54937353653054,99.24063081487418,XLV,ヘルスケア,defensive,Lagging,8.0,-2.0,-3.0
2026-06-18,148.17689514160156,0.7111349956252137,0.7191995168319347,99.36016774088213,98.78431069232684,XLV,ヘルスケア,defensive,Lagging,8.0,-2.0,-3.0
2026-06-22,149.48788452148438,0.7158523398061182,0.7180837911566627,99.32395887317666,98.86191630613529,XLV,ヘルスケア,defensive,Lagging,8.0,-2.0,-2.0
2026-06-23,151.59979248046875,0.7284678691602654,0.7215451504911969,99.53976616117714,99.59436017593632,XLV,ヘルスケア,defensive,Lagging,8.0,-2.0,-2.0
2026-06-24,152.76535034179688,0.7288696257255931,0.7239866422359957,99.7024117968568,100.03635470773723,XLV,ヘルスケア,defensive,Improving,8.0,-1.0,0.0
2026-06-25,155.03665161132812,0.7349205755630682,0.7276312866783532,99.93957918625667,100.56025471099395,XLV,ヘルスケア,defensive,Improving,8.0,0.0,2.0
2026-06-26,159.72869873046875,0.7623465900182074,0.7392030544583046,100.65915017657406,102.21290975663125,XLV,ヘルスケア,defensive,Leading,9.0,1.0,3.0
2026-06-29,160.12718200683594,0.7544195942576349,0.7442752343914147,101.00330016161244,102.70372125553696,XLV,ヘルスケア,defensive,Leading,10.0,2.0,4.0
2026-06-30,158.0550994873047,0.7456371623242246,0.7447292103690181,101.07533080844819,102.30998679002897,XLV,ヘルスケア,defensive,Leading,10.0,2.0,4.0
2026-07-01,158.93173217773438,0.7475242330408187,0.7456608845929517,101.18431077162415,102.1176473085671,XLV,ヘルスケア,defensive,Leading,10.0,2.0,3.0
2026-07-02,163.11573791503906,0.7618485791853501,0.7510567827904179,101.5920333323006,102.27590400627098,XLV,ヘルスケア,defensive,Leading,11.0,3.0,3.0
2026-07-06,161.342529296875,0.7532512440095165,0.7517882698634508,101.69153563464447,101.27060420387966,XLV,ヘルスケア,defensive,Leading,11.0,2.0,1.0
2026-07-07,163.8130645751953,0.7657469108966611,0.7564411502078543,102.02967663766796,101.22452753804501,XLV,ヘルスケア,defensive,Leading,11.0,1.0,-1.0
2026-07-08,161.6812286376953,0.7647925679879549,0.7592249561345545,102.2190710798064,101.35644475116979,XLV,ヘルスケア,defensive,Leading,11.0,1.0,-1.0
2026-07-09,161.5517120361328,0.7595268221945376,0.7593255781545489,102.21530292095281,101.14861597129035,XLV,ヘルスケア,defensive,Leading,11.0,1.0,-1.0
2026-07-10,160.22679138183594,0.7504856783666398,0.7563789448919126,102.01148061730154,100.2145535912254,XLV,ヘルスケア,defensive,Leading,11.0,0.0,-3.0
2026-07-13,160.79461669921875,0.7533914402733528,0.7553831100190594,101.93429269465831,99.92801108993956,XLV,ヘルスケア,defensive,Weakening,11.0,0.0,-2.0
2026-07-14,157.68650817871094,0.7415284559939376,0.7507648920106855,101.61569293526047,98.91336709216775,XLV,ヘルスケア,defensive,Weakening,10.0,-1.0,-2.0
2026-07-15,157.68650817871094,0.7431997160144738,0.748243166678615,101.4438088940707,98.36780428595567,XLV,ヘルスケア,defensive,Weakening,10.0,-1.0,-2.0
2026-07-16,161.18313598632812,0.7522971192811311,0.7495944842127871,101.52262052170636,98.48622517486467,XLV,ヘルスケア,defensive,Weakening,10.0,-1.0,-2.0
2026-07-17,160.475830078125,0.7549283076293604,0.751372425351645,101.60781234916415,98.89135629491655,XLV,ヘルスケア,defensive,Weakening,10.0,-1.0,-1.0
2026-07-20,158.64285278320312,0.7496430895209353,0.7507959800747417,101.53072843179525,98.8602153175707,XLV,ヘルスケア,defensive,Weakening,10.0,-1.0,-1.0
2026-07-21,159.6390380859375,0.7531449716950748,0.7515789772815193,101.53372297451786,99.34160580984124,XLV,ヘルスケア,defensive,Weakening,10.0,0.0,1.0
2026-07-22,158.82215881347656,0.7495024412584012,0.7508867986071467,101.4405408392452,99.43603203961946,XLV,ヘルスケア,defensive,Weakening,10.0,0.0,1.0
2026-07-23,160.8245086669922,0.7617452341935151,0.7545062771359363,101.60817760503903,99.56133354812003,XLV,ヘルスケア,defensive,Weakening,10.0,0.0,1.0
2026-07-24,161.9501953125,0.7611507311905502,0.756721095154141,101.67588915293877,99.5236237477334,XLV,ヘルスケア,defensive,Weakening,10.0,0.0,1.0
2026-07-27,162.7770233154297,0.7593127023020843,0.7575849642034554,101.65805984633229,99.61619863309853,XLV,ヘルスケア,defensive,Weakening,10.0,0.0,1.0
2026-07-28,166.622314453125,0.7682881397133139,0.7611526893734083,101.7892367763814,99.82985757563299,XLV,ヘルスケア,defensive,Weakening,10.0,0.0,0.0
2026-07-29,165.606201171875,0.7705405734485328,0.7642819840651165,101.88116561675814,100.14419470276128,XLV,ヘルスケア,defensive,Leading,11.0,1.0,1.0
2026-07-30,162.89657592773438,0.7591647274368801,0.7625762318557044,101.71046107078999,99.56608235099327,XLV,ヘルスケア,defensive,Weakening,11.0,1.0,1.0
2026-07-31,161.93026733398438,0.7559600191649513,0.7603708276254535,101.52772932938879,99.15394757459791,XLV,ヘルスケア,defensive,Weakening,10.0,0.0,0.0
2026-08-03,161.6214599609375,0.7472202404799299,0.7559872985769457,101.24313128632,98.73882296021144,XLV,ヘルスケア,defensive,Weakening,10.0,0.0,0.0
2026-08-04,161.48199462890625,0.7359987448312438,0.7493244473283784,100.84909423953368,97.96117007900413,XLV,ヘルスケア,defensive,Weakening,10.0,0.0,0.0
2026-08-05,163.5341339111328,0.7470479840862082,0.7485656262476551,100.78114564769761,97.82830030355039,XLV,ヘルスケア,defensive,Weakening,10.0,-1.0,-2.0
2026-08-06,163.82302856445312,0.7523050246461163,0.7498120923804755,100.8226654282307,98.24221638264459,XLV,ヘルスケア,defensive,Weakening,10.0,-1.0,-2.0
2026-08-07,165.04832458496094,0.7527318052120691,0.7507853299910068,100.84889677430752,98.61169915168922,XLV,ヘルスケア,defensive,Weakening,10.0,0.0,0.0
2026-08-10,167.79782104492188,0.7648195995490423,0.7554634198436854,101.078610421244,99.40146196429912,XLV,ヘルスケア,defensive,Weakening,10.0,0.0,0.0
2026-08-11,167.36944580078125,0.761242383827804,0.757389741171725,101.15633345644025,100.10785966568379,XLV,ヘルスケア,defensive,Leading,11.0,1.0,1.0
2026-08-12,167.79782104492188,0.7618444498020013,0.7588746440484838,101.20708609849305,100.28160523829864,XLV,ヘルスケア,defensive,Leading,11.0,1.0,2.0
2026-08-13,167.73805236816406,0.7559313194613541,0.757893535852774,101.11666389725825,100.08631168619182,XLV,ヘルスケア,defensive,Leading,11.0,1.0,2.0
2026-08-14,166.7318878173828,0.7512619818751483,0.7556830178602322,100.95850225127165,99.81773300999025,XLV,ヘルスケア,defensive,Weakening,11.0,1.0,1.0
2026-08-17,166.41311645507812,0.756549978651459,0.7559720047906412,100.94555966485045,99.46948651471317,XLV,ヘルスケア,defensive,Weakening,11.0,1.0,1.0
2026-08-18,169.0828857421875,0.7721846676164782,0.7613762257325869,101.22484763088917,99.7903079478851,XLV,ヘルスケア,defensive,Weakening,11.0,0.0,-1.0
2026-08-19,175.0102081298828,0.7910481618210482,0.7712668710954074,101.73502048273343,100.49717974474882,XLV,ヘルスケア,defensive,Leading,11.0,0.0,-1.0
2026-08-20,171.73275756835938,0.7825417348991198,0.7750251590299783,101.86899057429336,100.83188780710282,XLV,ヘルスケア,defensive,Leading,11.0,0.0,-1.0
2026-08-21,173.95425415039062,0.7876941007441394,0.7792481396013654,102.01035528330229,101.25848907916885,XLV,ヘルスケア,defensive,Leading,11.0,0.0,-1.0
2026-08-24,174.03395080566406,0.7871317176879375,0.7818759989635562,102.05176718328127,101.3065034790155,XLV,ヘルスケア,defensive,Leading,11.0,0.0,-1.0
2026-08-25,174.62168884277344,0.7903597578119286,0.7847039185796805,102.09936698972314,100.94175799840967,XLV,ヘルスケア,defensive,Leading,11.0,0.0,0.0
2026-08-26,172.87835693359375,0.7812714781016198,0.7835597717536603,101.95208667996093,99.96888988738014,XLV,ヘルスケア,defensive,Weakening,11.0,0.0,0.0
2026-08-27,170.92584228515625,0.7747498598930449,0.7806231344667885,101.73092280340079,99.4524797342618,XLV,ヘルスケア,defensive,Weakening,11.0,0.0,0.0
2026-08-28,170.5074462890625,0.775514875205922,0.7789203813798331,101.58830344888734,99.05130904540408,XLV,ヘルスケア,defensive,Weakening,11.0,0.0,0.0
2026-08-31,169.88980102539062,0.7772843513578062,0.7783750380391574,101.51648158039059,98.90143333708573,XLV,ヘルスケア,defensive,Weakening,10.0,-1.0,-1.0
2026-09-01,171.0155029296875,0.7889073341810159,0.781885803419777,101.6605906809155,99.04655246913129,XLV,ヘルスケア,defensive,Weakening,10.0,-1.0,-1.0
2026-09-02,172.29061889648438,0.7911173359715032,0.7849629809370191,101.78593881979398,99.43660400274469,XLV,ヘルスケア,defensive,Weakening,10.0,-1.0,-1.0
2026-09-03,172.59942626953125,0.7873129827535529,0.7857463148758638,101.7845582178516,99.74943849011088,XLV,ヘルスケア,defensive,Weakening,10.0,-1.0,-1.0
2026-09-04,170.7963409423828,0.782823550442154,0.7847720600646273,101.68072120184779,99.80886516428451,XLV,ヘルスケア,defensive,Weakening,10.0,-1.0,-1.0
2026-09-08,166.49281311035156,0.7710914851609414,0.7802118684300654,101.39284868091143,99.51105182507393,XLV,ヘルスケア,defensive,Weakening,10.0,0.0,1.0
2026-09-09,165.9449005126953,0.7760374666163454,0.7788204011588256,101.27733684191432,99.16085051904012,XLV,ヘルスケア,defensive,Weakening,10.0,0.0,1.0
2026-09-10,165.02841186523438,0.7770734456522177,0.778238082656623,101.20692139668007,98.90589211457396,XLV,ヘルスケア,defensive,Weakening,9.0,-1.0,0.0
2026-09-11,164.72955322265625,0.7695293707990991,0.7753351787041151,101.01725687991775,98.67051696309754,XLV,ヘルスケア,defensive,Weakening,9.0,-1.0,0.0
2026-09-14,167.11044311523438,0.7801433040279023,0.7769378871453775,101.0721594133052,98.93928354880873,XLV,ヘルスケア,defensive,Weakening,8.0,-2.0,-1.0
2026-09-15,167.0207977294922,0.783551206865894,0.7791423270522163,101.1621848368335,99.50563858936268,XLV,ヘルスケア,defensive,Weakening,8.0,-2.0,-2.0
2026-09-16,167.13037109375,0.7902704517779839,0.7828517019608057,101.33657288314673,99.92699687098876,XLV,ヘルスケア,defensive,Weakening,9.0,-1.0,-1.0
2026-09-17,168.16639709472656,0.7913296865427857,0.7856776968214658,101.46473220788842,100.20549114581965,XLV,ヘルスケア,defensive,Leading,9.0,0.0,1.0
2026-09-18,167.7480010986328,0.7931535259531088,0.7881696398653468,101.58621620791824,100.64058622504876,XLV,ヘルスケア,defensive,Leading,9.0,0.0,1.0
2026-09-21,169.00999450683594,0.7946680474288065,0.7903357757198335,101.69943456280345,100.70255771150377,XLV,ヘルスケア,defensive,Leading,9.0,1.0,3.0
2026-09-22,169.88999938964844,0.7983552488405149,0.7930089334267274,101.83814053933241,100.7535524055351,XLV,ヘルスケア,defensive,Leading,9.0,1.0,3.0
2026-09-23,168.8000030517578,0.7988263925134521,0.7949480864556356,101.92893482829587,100.61643862778486,XLV,ヘルスケア,defensive,Leading,9.0,0.0,1.0
2026-09-24,169.8699951171875,0.8079044970757132,0.7992668899956615,102.14948704364645,100.743308384731,XLV,ヘルスケア,defensive,Leading,9.0,0.0,0.0
2026-09-25,170.6999969482422,0.8085831862759801,0.8023723220891011,102.24256681926349,100.72979181927147,XLV,ヘルスケア,defensive,Leading,9.0,0.0,0.0
2026-09-28,171.25999450683594,0.8165347097429047,0.8070931179737023,102.39762498577943,100.84745907516688,XLV,ヘルスケア,defensive,Leading,10.0,1.0,0.0
2026-09-29,171.25999450683594,0.8165347097429047,0.8102403152301031,102.43971511993222,100.74561213699347,XLV,ヘルスケア,defensive,Leading,10.0,1.0,0.0
2024-09-30,41.30893325805664,0.23820602998052362,0.23820602998052362,,,XLE,エネルギー,rate_sensitive,,,,
2024-10-01,42.24991226196289,0.24493088411612007,0.24044764802572244,,,XLE,エネルギー,rate_sensitive,,,,
2024-10-02,42.682762145996094,0.2477043190980957,0.2428665383831802,,,XLE,エネルギー,rate_sensitive,,,,
2024-10-03,43.4355354309082,0.25326802255841524,0.24633369977492522,,,XLE,エネルギー,rate_sensitive,,,,
2024-10-04,43.84016036987305,0.2536374810981902,0.2487682935493469,,,XLE,エネルギー,rate_sensitive,,,,
2024-10-07,43.99542236328125,0.256532664166068,0.25135641708825396,,,XLE,エネルギー,rate_sensitive,,,,
2024-10-08,42.84743118286133,0.2492479642665639,0.25065359948102395,,,XLE,エネルギー,rate_sensitive,,,,
2024-10-09,43.106201171875,0.24904251139223008,0.2501165701180927,,,XLE,エネルギー,rate_sensitive,,,,
2024-10-10,43.39789962768555,0.2516707407989134,0.2506346270116996,,,XLE,エネルギー,rate_sensitive,,,,
2024-10-11,43.666080474853516,0.25076268495247017,0.25067731299195645,,,XLE,エネルギー,rate_sensitive,,,,
2024-10-14,43.64725875854492,0.24882882509065765,0.2500611503581902,,,XLE,エネルギー,rate_sensitive,,,,
2024-10-15,42.24049377441406,0.24190360410437076,0.24734196827358373,,,XLE,エネルギー,rate_sensitive,,,,
2024-10-16,42.44281005859375,0.24142950313572653,0.24537114656096468,,,XLE,エネルギー,rate_sensitive,,,,
2024-10-17,42.64512634277344,0.2429683018714392,0.24457019833112287,,,XLE,エネルギー,rate_sensitive,,,,
2024-10-18,42.50397491455078,0.24144507652930544,0.2435284910638504,,,XLE,エネルギー,rate_sensitive,,,,
2024-10-21,42.37693786621094,0.24279260341556608,0.24328319518108898,,,XLE,エネルギー,rate_sensitive,,,,
2024-10-22,42.475746154785156,0.2444568472081092,0.24367441252342908,,,XLE,エネルギー,rate_sensitive,,,,
2024-10-23,42.254608154296875,0.24398611501964174,0.2437783133555,,,XLE,エネルギー,rate_sensitive,,,,
2024-10-24,42.24991226196289,0.24390441615741856,0.2438203476228062,,,XLE,エネルギー,rate_sensitive,,,,
2024-10-25,42.23579025268555,0.24498651893177792,0.24420907139246345,,,XLE,エネルギー,rate_sensitive,,,,
2024-10-28,41.96760940551758,0.24205828941990623,0.24349214406827774,,,XLE,エネルギー,rate_sensitive,,,,
2024-10-29,41.3277473449707,0.23908854163908078,0.24202427659187875,,,XLE,エネルギー,rate_sensitive,,,,
2024-10-30,41.42184829711914,0.2401573962006325,0.24140198312813002,,,XLE,エネルギー,rate_sensitive,,,,
2024-10-31,41.68061447143555,0.2442622206861585,0.24235539564747288,,,XLE,エネルギー,rate_sensitive,,,,
2024-11-01,41.41714096069336,0.24256679914251736,0.24242586347915437,,,XLE,エネルギー,rate_sensitive,,,,
2024-11-04,42.141693115234375,0.2465168468921119,0.24378952461680692,,,XLE,エネルギー,rate_sensitive,,,,
2024-11-05,42.423988342285156,0.24530687021068803,0.244295306481434,,,XLE,エネルギー,rate_sensitive,,,,
2024-11-06,44.018943786621094,0.24864274650584095,0.24574445315623633,,,XLE,エネルギー,rate_sensitive,,,,
2024-11-07,43.81663513183594,0.2472566688213042,0.2462485250445923,,,XLE,エネルギー,rate_sensitive,,,,
2024-11-08,44.10833740234375,0.24752367915711843,0.24667357641543436,,,XLE,エネルギー,rate_sensitive,,,,
2024-11-11,44.357704162597656,0.24768533054187894,0.24701082779091588,,,XLE,エネルギー,rate_sensitive,,,,
2024-11-12,44.12245559692383,0.24826370077949195,0.24742845212044123,,,XLE,エネルギー,rate_sensitive,,,,
2024-11-13,44.46591567993164,0.2500600454414634,0.2483056498941153,,,XLE,エネルギー,rate_sensitive,,,,
2024-11-14,44.63528823852539,0.25303725857829623,0.24988285278884229,,,XLE,エネルギー,rate_sensitive,,,,
2024-11-15,44.56942367553711,0.25447919355697296,0.2514149663782192,,,XLE,エネルギー,rate_sensitive,,,,
2024-11-18,45.16223907470703,0.2568278535049434,0.2532192620871273,,,XLE,エネルギー,rate_sensitive,,,,
2024-11-19,44.8752326965332,0.25588590261600314,0.25410814226341927,,,XLE,エネルギー,rate_sensitive,,,,
2024-11-20,45.326908111572266,0.2575941446831123,0.25527014306998363,,,XLE,エネルギー,rate_sensitive,,,,
2024-11-21,45.69388961791992,0.256449221963074,0.2556631693676804,,,XLE,エネルギー,rate_sensitive,,,,
2024-11-22,45.76446533203125,0.254837933178901,0.2553880906380873,,,XLE,エネルギー,rate_sensitive,,,,
2024-11-25,44.861122131347656,0.24756597444343686,0.25278071857320383,,,XLE,エネルギー,rate_sensitive,,,,
2024-11-26,44.79996109008789,0.2472020421713761,0.2509211597725946,,,XLE,エネルギー,rate_sensitive,,,,
2024-11-27,44.75291442871094,0.24718007124491848,0.24967413026336926,,,XLE,エネルギー,rate_sensitive,,,,
2024-11-29,44.94580841064453,0.24749128402264348,0.24894651484979402,,,XLE,エネルギー,rate_sensitive,,,,
2024-12-02,44.47061538696289,0.24548966087118396,0.24779423019025734,,,XLE,エネルギー,rate_sensitive,,,,
2024-12-03,44.46591567993164,0.24655718105031973,0.24738188047694482,,,XLE,エネルギー,rate_sensitive,,,,
2024-12-04,43.39320373535156,0.24059621955360946,0.24511999350249972,,,XLE,エネルギー,rate_sensitive,,,,
2024-12-05,43.56256866455078,0.24274686441379084,0.2443289504729301,,,XLE,エネルギー,rate_sensitive,,,,
2024-12-06,42.82391357421875,0.2389013751707908,0.24251975870555037,,,XLE,エネルギー,rate_sensitive,,,,
2024-12-09,42.75333023071289,0.23949046134878627,0.24150999291996234,,,XLE,エネルギー,rate_sensitive,,,,
2024-12-10,42.46162414550781,0.23932272914248404,0.24078090499413624,,,XLE,エネルギー,rate_sensitive,,,,
2024-12-11,42.53221130371094,0.23949851389119925,0.24035344129315725,,,XLE,エネルギー,rate_sensitive,,,,
2024-12-12,42.188743591308594,0.23843512074777148,0.239714001111362,,,XLE,エネルギー,rate_sensitive,,,,
2024-12-13,41.977027893066406,0.23807210512879315,0.23916670245050575,,,XLE,エネルギー,rate_sensitive,,,,
2024-12-16,41.05487060546875,0.23361159328480802,0.23731499939527317,,,XLE,エネルギー,rate_sensitive,,,,
2024-12-17,40.749046325683594,0.23371213738918814,0.23611404539324485,,,XLE,エネルギー,rate_sensitive,,,,
2024-12-18,39.54459762573242,0.23371982044769396,0.23531597041139457,,,XLE,エネルギー,rate_sensitive,,,,
2024-12-19,39.201141357421875,0.23246125428600228,0.23436439836959716,,,XLE,エネルギー,rate_sensitive,,,,
2024-12-20,39.586944580078125,0.23150673147692724,0.2334118427387072,,,XLE,エネルギー,rate_sensitive,,,,
2024-12-23,39.81941604614258,0.2325491987245465,0.23312429473398696,,,XLE,エネルギー,rate_sensitive,,,,
2024-12-24,40.15626525878906,0.23276025388094285,0.2330029477829723,,,XLE,エネルギー,rate_sensitive,,,,
2024-12-26,40.1230583190918,0.23218869971119294,0.23273153175904587,,,XLE,エネルギー,rate_sensitive,,,,
2024-12-27,40.11831283569336,0.23375109521076723,0.233071386242953,98.05762009737597,,XLE,エネルギー,rate_sensitive,,1.0,,
2024-12-30,40.11356735229492,0.23610196413443127,0.23408157887344577,98.26474924832682,,XLE,エネルギー,rate_sensitive,,2.0,,
2024-12-31,40.64019775390625,0.23876481827302154,0.23564265867330436,98.5540381291891,,XLE,エネルギー,rate_sensitive,,4.0,,
2025-01-02,41.114627838134766,0.24225724225991704,0.23784751986884195,98.9344864967452,,XLE,エネルギー,rate_sensitive,,4.0,,
2025-01-03,41.49892044067383,0.24230264795556633,0.23933256256441676,99.19517458850854,,XLE,エネルギー,rate_sensitive,,4.0,,
2025-01-06,41.309146881103516,0.24135886735451953,0.240007997494451,99.32545241651357,,XLE,エネルギー,rate_sensitive,,5.0,4.0,
2025-01-07,41.72190856933594,0.24458956070010393,0.24153518522966866,99.59142712575489,,XLE,エネルギー,rate_sensitive,,6.0,4.0,
2025-01-08,41.76459884643555,0.24454735257766996,0.24253924101233576,99.77274288556055,,XLE,エネルギー,rate_sensitive,,7.0,3.0,
2025-01-10,41.935401916503906,0.24918996533545795,0.24475614912004318,100.14991778739382,,XLE,エネルギー,rate_sensitive,,7.0,3.0,
2025-01-13,42.817848205566406,0.25236524644708275,0.24729251489572307,100.58068604317937,,XLE,エネルギー,rate_sensitive,,7.0,3.0,
2025-01-14,43.278053283691406,0.2530350605700668,0.249206696787171,100.90580583511036,,XLE,エネルギー,rate_sensitive,,11.0,6.0,2.0
2025-01-15,43.918540954589844,0.2543386759929187,0.25091735652242025,101.185472130418,,XLE,エネルギー,rate_sensitive,,11.0,5.0,1.0
2025-01-16,44.236412048339844,0.25417777660097907,0.2520041632152732,101.33760413989025,,XLE,エネルギー,rate_sensitive,,11.0,4.0,1.0
2025-01-17,44.57801055908203,0.2549028273137348,0.25297038458142707,101.4514558797263,,XLE,エネルギー,rate_sensitive,,11.0,4.0,1.0
2025-01-21,44.350284576416016,0.2506905214247511,0.2522104301958684,101.29130807195678,,XLE,エネルギー,rate_sensitive,,10.0,3.0,0.0
2025-01-22,43.543739318847656,0.24699945366712955,0.25047343801962213,100.98928019996524,,XLE,エネルギー,rate_sensitive,,9.0,-2.0,-8.0
2025-01-23,43.74299621582031,0.24695950480274967,0.2493021269473313,100.78535645917178,,XLE,エネルギー,rate_sensitive,,9.0,-2.0,-7.0
2025-01-24,43.32075119018555,0.24479041869184373,0.24779822419550213,100.53750028728781,,XLE,エネルギー,rate_sensitive,,6.0,-5.0,-9.0
2025-01-27,42.87004089355469,0.24208416353628026,0.24589353730909486,100.2335151589375,,XLE,エネルギー,rate_sensitive,,7.0,-4.0,-8.0
2025-01-28,42.46202850341797,0.240969712955253,0.2442522625244809,99.97520292140854,,XLE,エネルギー,rate_sensitive,,6.0,-4.0,-7.0
2025-01-29,42.556907653808594,0.2423095856268247,0.2436047035585955,99.87522342252713,,XLE,エネルギー,rate_sensitive,,6.0,-3.0,-1.0
2025-01-30,42.775150299072266,0.2409799467358677,0.24272978461768627,99.74010272172089,,XLE,エネルギー,rate_sensitive,,6.0,-3.0,-1.0
2025-01-31,41.57957077026367,0.23618316251181692,0.24054757724906317,99.40298797623085,,XLE,エネルギー,rate_sensitive,,5.0,-1.0,4.0
2025-02-03,41.84051513671875,0.2389707436315734,0.24002196604323325,99.3255553913459,,XLE,エネルギー,rate_sensitive,,4.0,-3.0,1.0
2025-02-04,42.71821975708008,0.24368629696711414,0.2412434096845269,99.51947095069916,,XLE,エネルギー,rate_sensitive,,4.0,-2.0,2.0
2025-02-05,42.80836486816406,0.24301555989991064,0.24183412642298818,99.61322213260605,,XLE,エネルギー,rate_sensitive,,4.0,-2.0,1.0
2025-02-06,42.02080154418945,0.2388608104374933,0.2408430210944899,99.46729240357371,,XLE,エネルギー,rate_sensitive,,2.0,-4.0,-1.0
2025-02-07,42.016056060791016,0.24001329172793248,0.24056644463897076,99.43498055907651,,XLE,エネルギー,rate_sensitive,,1.0,-4.0,-3.0
2025-02-10,42.94120788574219,0.24460593923606358,0.24191294283800172,99.6533734139203,,XLE,エネルギー,rate_sensitive,,1.0,-3.0,0.0
2025-02-11,43.28754425048828,0.24655149427860662,0.24345912665153668,99.89977556190297,,XLE,エネルギー,rate_sensitive,,2.0,-2.0,0.0
2025-02-12,42.2437858581543,0.24201244238358355,0.242976898562219,99.83390582480675,,XLE,エネルギー,rate_sensitive,,1.0,-3.0,-1.0
2025-02-13,42.5616569519043,0.24173502543992406,0.24256294085478736,99.78030033595985,,XLE,エネルギー,rate_sensitive,,1.0,-1.0,3.0
2025-02-14,42.73244857788086,0.24294630700437528,0.24269072957131668,99.81146886943631,,XLE,エネルギー,rate_sensitive,,1.0,0.0,4.0
2025-02-18,43.31600570678711,0.24438802263920092,0.2432564939272781,99.9117627317604,,XLE,エネルギー,rate_sensitive,,2.0,1.0,4.0
2025-02-19,43.65760040283203,0.24581685687514424,0.2441099482432335,100.06000651529462,,XLE,エネルギー,rate_sensitive,,4.0,2.0,4.0
2025-02-20,44.05613327026367,0.24868644010496765,0.24563544553047822,100.31838892811248,,XLE,エネルギー,rate_sensitive,,5.0,4.0,7.0
2025-02-21,43.140464782714844,0.24698456008804337,0.24608515038299994,100.41552890790642,,XLE,エネルギー,rate_sensitive,,4.0,3.0,4.0
2025-02-24,43.14995574951172,0.2468330139550587,0.24633443824035287,100.48698393566991,,XLE,エネルギー,rate_sensitive,,5.0,4.0,4.0
2025-02-25,42.5284423828125,0.24303467394576186,0.24523451680882255,100.34157296404142,,XLE,エネルギー,rate_sensitive,,5.0,3.0,2.0
2025-02-26,42.28648376464844,0.24216272698547628,0.24421058686770714,100.20493858890168,,XLE,エネルギー,rate_sensitive,,5.0,1.0,-1.0
2025-02-27,42.514217376708984,0.24561195924738086,0.24467771099426505,100.33145575318433,,XLE,エネルギー,rate_sensitive,,5.0,0.0,-4.0
2025-02-28,43.173683166503906,0.24668086427868727,0.24534542875573911,100.48985297292177,,XLE,エネルギー,rate_sensitive,,5.0,1.0,-2.0
2025-03-03,41.664974212646484,0.2406247064403269,0.24377185465060172,100.21619107800818,,XLE,エネルギー,rate_sensitive,,5.0,0.0,-4.0
2025-03-04,41.26170349121094,0.24220888065879154,0.24325086331999834,100.1369276624374,,XLE,エネルギー,rate_sensitive,,5.0,0.0,-3.0
2025-03-05,40.6591682434082,0.23647415449044457,0.24099196037681378,99.71301660337893,,XLE,エネルギー,rate_sensitive,,4.0,-1.0,-2.0
2025-03-06,40.78252410888672,0.23984736304380114,0.24061042793247622,99.65671728358976,,XLE,エネルギー,rate_sensitive,,4.0,-1.0,-1.0
2025-03-07,41.47993850708008,0.24168466642691683,0.2409685074306231,99.7472533706207,,XLE,エネルギー,rate_sensitive,,4.0,-1.0,-2.0
2025-03-10,41.788330078125,0.2469618304089744,0.2429662817567402,100.15999814715587,,XLE,エネルギー,rate_sensitive,,4.0,-1.0,-1.0
2025-03-11,41.45621871948242,0.24830605785953236,0.2447462071243376,100.52044618483151,,XLE,エネルギー,rate_sensitive,,6.0,1.0,1.0
2025-03-12,41.645992279052734,0.2506238020053858,0.24670540541802033,100.89930163361288,,XLE,エネルギー,rate_sensitive,,6.0,2.0,3.0
2025-03-13,41.36133575439453,0.2513201310034275,0.24824364727982273,101.17509768842747,,XLE,エネルギー,rate_sensitive,,6.0,2.0,3.0
2025-03-14,42.58537673950195,0.25391696480422543,0.2501347531212903,101.49614985098663,,XLE,エネルギー,rate_sensitive,,6.0,2.0,3.0
2025-03-17,43.263824462890625,0.25452742226236325,0.2515989761683146,101.7085495804736,,XLE,エネルギー,rate_sensitive,,8.0,4.0,5.0
2025-03-18,43.334983825683594,0.25627880484262006,0.25315891905974974,101.91196379257991,,XLE,エネルギー,rate_sensitive,,10.0,4.0,3.0
2025-03-19,44.041893005371094,0.2585435020995528,0.25495378007301744,102.12524253658779,,XLE,エネルギー,rate_sensitive,,10.0,4.0,2.0
2025-03-20,44.203208923339844,0.26057517381638673,0.2568275779874739,102.31939999986331,,XLE,エネルギー,rate_sensitive,,11.0,5.0,3.0
2025-03-21,43.89482116699219,0.25994805721495695,0.2578677377299683,102.35777178273808,,XLE,エネルギー,rate_sensitive,,11.0,5.0,3.0
2025-03-24,44.39494705200195,0.2588978852356246,0.2582111202318538,102.28935871848692,,XLE,エネルギー,rate_sensitive,,11.0,3.0,-1.0
2025-03-25,44.57664489746094,0.2605803818952617,0.25900087411965644,102.29875528024205,,XLE,エネルギー,rate_sensitive,,11.0,1.0,-3.0
2025-03-26,44.83961868286133,0.26261212991475724,0.26020462605135675,102.37042167598487,,XLE,エネルギー,rate_sensitive,,11.0,1.0,-3.0
2025-03-27,44.40451431274414,0.26073456942603607,0.26038127384291654,102.29293127575139,,XLE,エネルギー,rate_sensitive,,11.0,0.0,-5.0
2025-03-28,44.19413757324219,0.2635624017490098,0.26144164981161433,102.34668721372603,,XLE,エネルギー,rate_sensitive,,11.0,0.0,-5.0
2025-03-31,44.68183135986328,0.2642712333024865,0.26238484430857173,102.38060874488293,,XLE,エネルギー,rate_sensitive,,11.0,0.0,-3.0
2025-04-01,44.94480514526367,0.2655506323128343,0.2634401069766593,102.4223112633799,,XLE,エネルギー,rate_sensitive,,11.0,0.0,-1.0
2025-04-02,45.00696563720703,0.2637128464656153,0.2635310201396447,102.32668252399809,,XLE,エネルギー,rate_sensitive,,11.0,0.0,-1.0
2025-04-03,41.473533630371094,0.25516467264026543,0.2607422376398516,101.85925778339835,,XLE,エネルギー,rate_sensitive,,9.0,-2.0,-2.0
2025-04-04,37.65801239013672,0.24547206282606698,0.2556521793685901,101.10098555659033,,XLE,エネルギー,rate_sensitive,,7.0,-4.0,-4.0
2025-04-07,37.41416549682617,0.24593224677368575,0.25241220183695534,100.61271048015627,97.67999490228371,XLE,エネルギー,rate_sensitive,Weakening,6.0,-5.0,-5.0
2025-04-08,36.54874038696289,0.24486220497796682,0.24989553621729252,100.22831923317226,97.38075706921923,XLE,エネルギー,rate_sensitive,Weakening,6.0,-5.0,-5.0
2025-04-09,39.37930679321289,0.24428968762116218,0.2480269200185824,99.93928391858474,97.36145988527052,XLE,エネルギー,rate_sensitive,Lagging,5.0,-6.0,-6.0
2025-04-10,36.80693054199219,0.23628639037511992,0.24411341013742824,99.35636140890523,97.42537301287929,XLE,エネルギー,rate_sensitive,Lagging,3.0,-6.0,-4.0
2025-04-11,37.72016906738281,0.23853218356766048,0.242253001280839,99.09092952615525,98.01492226770648,XLE,エネルギー,rate_sensitive,Lagging,2.0,-5.0,-1.0
2025-04-14,37.85404968261719,0.2363590198467784,0.2402883408028188,98.83092160018093,98.30328577962943,XLE,エネルギー,rate_sensitive,Lagging,1.0,-5.0,0.0
2025-04-15,37.79668045043945,0.23676558904997866,0.23911409021853877,98.70132608470935,98.592578410845,XLE,エネルギー,rate_sensitive,Lagging,1.0,-5.0,0.0
2025-04-16,38.10746383666992,0.24181711504728456,0.24001509849478736,98.86630370229453,99.06161806578693,XLE,エネルギー,rate_sensitive,Lagging,1.0,-4.0,2.0
2025-04-17,38.968101501464844,0.24545420032217016,0.24182813243724832,99.15015358125238,99.94429145992544,XLE,エネルギー,rate_sensitive,Lagging,3.0,0.0,6.0
2025-04-21,37.949676513671875,0.24394332356606657,0.24253319614685442,99.27365768639821,100.36155247378827,XLE,エネルギー,rate_sensitive,Improving,4.0,2.0,7.0
2025-04-22,38.91550827026367,0.2441323100650945,0.24306623411960113,99.3697785051549,100.73227728237386,XLE,エネルギー,rate_sensitive,Improving,4.0,3.0,8.0
2025-04-23,38.84379196166992,0.24134756218902642,0.24249334347607623,99.30817065265838,100.79016684225984,XLE,エネルギー,rate_sensitive,Improving,4.0,3.0,8.0
2025-04-24,39.465370178222656,0.24112988034882876,0.24203885576699374,99.26300437290685,100.56040304697336,XLE,エネルギー,rate_sensitive,Improving,4.0,3.0,7.0
2025-04-25,39.39364242553711,0.24103657232912856,0.24170476128770538,99.23321523398313,100.22565040613425,XLE,エネルギー,rate_sensitive,Improving,1.0,-2.0,-2.0
2025-04-28,39.67096710205078,0.24205403591675292,0.24182118616405457,99.26175212510039,100.10954189182905,XLE,エネルギー,rate_sensitive,Improving,1.0,-3.0,-5.0
2025-04-29,39.55621337890625,0.23995346726797362,0.24119861319869426,99.18492474413063,99.91031899766895,XLE,エネルギー,rate_sensitive,Lagging,1.0,-3.0,-6.0
2025-04-30,38.48997116088867,0.2331542013077265,0.2385171425683717,98.83395513922984,99.59227593233251,XLE,エネルギー,rate_sensitive,Lagging,1.0,-3.0,-6.0
2025-05-01,38.63341522216797,0.23434176355938025,0.23712534956537457,98.67023166358578,99.45578489720315,XLE,エネルギー,rate_sensitive,Lagging,1.0,-3.0,-6.0
2025-05-02,39.19761657714844,0.23364206325681586,0.23596425412918834,98.53907606242711,99.33579888078877,XLE,エネルギー,rate_sensitive,Lagging,1.0,0.0,2.0
2025-05-05,38.48997116088867,0.23018736268489517,0.2340386236477573,98.3209145987641,99.07210429027643,XLE,エネルギー,rate_sensitive,Lagging,1.0,0.0,3.0
2025-05-06,38.499534606933594,0.23196411886694082,0.2333471220541518,98.28149649467048,99.12420630405923,XLE,エネルギー,rate_sensitive,Lagging,1.0,0.0,3.0
2025-05-07,38.51387405395508,0.2305321846021875,0.23240880957016374,98.2214303241614,99.44187338120554,XLE,エネルギー,rate_sensitive,Lagging,2.0,1.0,4.0
2025-05-08,39.02070617675781,0.23161739298978298,0.23214500404337018,98.24415674979656,99.64326310765121,XLE,エネルギー,rate_sensitive,Lagging,3.0,2.0,5.0
2025-05-09,39.41276931762695,0.233998776807502,0.23276292829808082,98.36615205877332,99.91608656293782,XLE,エネルギー,rate_sensitive,Lagging,3.0,2.0,2.0
2025-05-12,40.440765380859375,0.2336967208359,0.2330741924773539,98.44913258545188,100.24020305127038,XLE,エネルギー,rate_sensitive,Improving,3.0,2.0,2.0
2025-05-13,41.009742736816406,0.23645121856267537,0.23419986783912775,98.62220313260677,100.4674158329499,XLE,エネルギー,rate_sensitive,Improving,3.0,2.0,2.0
2025-05-14,40.76111602783203,0.236441411032709,0.23494704890365484,98.74071179928816,100.65102776307737,XLE,エネルギー,rate_sensitive,Improving,4.0,2.0,1.0
2025-05-15,40.93324661254883,0.2352951353591078,0.23506307772213916,98.78175945791884,100.66530888120151,XLE,エネルギー,rate_sensitive,Improving,4.0,1.0,-1.0
2025-05-16,40.871089935302734,0.23265363014944399,0.23425992853124078,98.72098576115866,100.47187281393938,XLE,エネルギー,rate_sensitive,Improving,4.0,1.0,-1.0
2025-05-19,40.340362548828125,0.22965804332527803,0.23272596679591986,98.58848972225819,100.24540825349332,XLE,エネルギー,rate_sensitive,Improving,4.0,1.0,-1.0
2025-05-20,39.9674072265625,0.22813055426677864,0.23119416261953946,98.47006669382462,99.94116775101897,XLE,エネルギー,rate_sensitive,Lagging,4.0,1.0,-1.0
2025-05-21,39.231082916259766,0.22891409943713653,0.23043414155873848,98.4448910567035,99.80113545531978,XLE,エネルギー,rate_sensitive,Lagging,4.0,0.0,-2.0
2025-05-22,39.07808303833008,0.22875086450763726,0.22987304920837143,98.44385531042805,99.7716779800814,XLE,エネルギー,rate_sensitive,Lagging,3.0,-1.0,-2.0
2025-05-23,39.202392578125,0.2303999954084436,0.23004869794172883,98.51669460572761,99.92921175074623,XLE,エネルギー,rate_sensitive,Lagging,3.0,-1.0,-2.0
2025-05-27,39.541866302490234,0.2281419040357207,0.22941309997305948,98.50497482766454,100.068241798372,XLE,エネルギー,rate_sensitive,Improving,3.0,-1.0,-2.0
2025-05-28,39.039825439453125,0.22717704520154716,0.22866774838255538,98.48372905798983,100.17554772769718,XLE,エネルギー,rate_sensitive,Improving,3.0,-1.0,-2.0
2025-05-29,39.331485748291016,0.2283166649054754,0.22855072055686204,98.52454442719022,100.24565965513497,XLE,エネルギー,rate_sensitive,Improving,3.0,-1.0,-1.0
2025-05-30,38.98244857788086,0.22638029973691276,0.22782724695021228,98.50856469683043,100.22968809797678,XLE,エネルギー,rate_sensitive,Improving,2.0,-1.0,0.0
2025-06-02,39.49406051635742,0.2291695221186409,0.22827467200635518,98.59828902993522,100.24180703063958,XLE,エネルギー,rate_sensitive,Improving,2.0,-1.0,0.0
2025-06-03,39.96263122558594,0.22997385366552714,0.22884106589274586,98.69215961571052,100.34880025868054,XLE,エネルギー,rate_sensitive,Improving,2.0,-1.0,0.0
2025-06-04,39.183265686035156,0.22599658969648298,0.22789290716065824,98.64375597927545,100.30846180122323,XLE,エネルギー,rate_sensitive,Improving,2.0,-1.0,0.0
2025-06-05,39.145023345947266,0.2263877034473581,0.2273911725895582,98.6377588681561,100.24501181740912,XLE,エネルギー,rate_sensitive,Improving,2.0,-1.0,0.0
2025-06-06,39.881343841552734,0.22867121606531843,0.22781785374814495,98.71284821739195,100.32825438810859,XLE,エネルギー,rate_sensitive,Improving,2.0,0.0,1.0
2025-06-09,39.957847595214844,0.22907143263906257,0.22823571337845083,98.78586261257625,100.30569115762574,XLE,エネルギー,rate_sensitive,Improving,2.0,0.0,1.0
2025-06-10,40.67026901245117,0.2320002783620266,0.2294905683729761,98.92749124423146,100.36044411433139,XLE,エネルギー,rate_sensitive,Improving,3.0,1.0,2.0
2025-06-11,41.25838088989258,0.236025309501193,0.23166881541571507,99.14241098279618,100.66646465079808,XLE,エネルギー,rate_sensitive,Improving,5.0,3.0,4.0
2025-06-12,41.401817321777344,0.23629174356012983,0.23320979146385334,99.2979666233561,100.87688208690167,XLE,エネルギー,rate_sensitive,Improving,6.0,4.0,5.0
2025-06-13,42.12380599975586,0.243353932629336,0.23659117185234757,99.60873594503883,101.18675848504235,XLE,エネルギー,rate_sensitive,Improving,6.0,4.0,4.0
2025-06-16,41.999488830566406,0.24031859903246672,0.23783364757905395,99.73432654678773,101.28129856658768,XLE,エネルギー,rate_sensitive,Improving,6.0,4.0,4.0
2025-06-17,42.391563415527344,0.24491461450352306,0.24019396988721034,99.95890212728561,101.4005402459027,XLE,エネルギー,rate_sensitive,Improving,7.0,4.0,3.0
2025-06-18,42.1142463684082,0.24328500158135294,0.24122431378525788,100.0703180034592,101.29423780324191,XLE,エネルギー,rate_sensitive,Leading,7.0,2.0,-1.0
2025-06-20,42.54457092285156,0.2453696850887764,0.24260610421976408,100.2183221764706,101.2974466251041,XLE,エネルギー,rate_sensitive,Leading,7.0,1.0,-3.0
2025-06-23,41.468685150146484,0.237071714476754,0.24076130763876075,100.07633559740603,100.7662026096667,XLE,エネルギー,rate_sensitive,Leading,7.0,1.0,-3.0
2025-06-24,40.92881774902344,0.23179068392445779,0.2377710997339931,99.8234259071343,100.318751371,XLE,エネルギー,rate_sensitive,Improving,7.0,1.0,-3.0
2025-06-25,40.750465393066406,0.23245779263226593,0.23599999736675073,99.68018754207895,99.88272516372638,XLE,エネルギー,rate_sensitive,Lagging,7.0,0.0,-4.0
2025-06-26,41.333717346191406,0.23401880221716223,0.23533959898355455,99.64175769114702,99.71197553915509,XLE,エネルギー,rate_sensitive,Lagging,7.0,0.0,-2.0
2025-06-27,41.1168098449707,0.2319413470466297,0.23420684833791294,99.55144931110081,99.43362324750443,XLE,エネルギー,rate_sensitive,Lagging,6.0,-1.0,-2.0
2025-06-30,40.88060760498047,0.229530372630355,0.23264802310206031,99.40687373200215,99.44439472773767,XLE,エネルギー,rate_sensitive,Lagging,6.0,-1.0,-2.0
2025-07-01,41.19392776489258,0.2286102551105218,0.23130210043821414,99.26977812025648,99.59830103355485,XLE,エネルギー,rate_sensitive,Lagging,6.0,-1.0,-2.0
2025-07-02,41.90250778198242,0.23201260331428622,0.23153893473023818,99.30437627881568,99.82474980741922,XLE,エネルギー,rate_sensitive,Lagging,5.0,-2.0,-2.0
2025-07-03,41.950706481933594,0.23116314192283152,0.23141367046110264,99.28540812917163,99.85454966696389,XLE,エネルギー,rate_sensitive,Lagging,5.0,-2.0,-2.0
2025-07-07,41.54581069946289,0.2307764108084284,0.2312012505768779,99.24869252337463,99.917466159403,XLE,エネルギー,rate_sensitive,Lagging,5.0,-1.0,0.0
2025-07-08,42.66411209106445,0.23639636796271005,0.2329329563721553,99.53939551862233,100.42759905676306,XLE,エネルギー,rate_sensitive,Improving,6.0,0.0,1.0
2025-07-09,42.44719314575195,0.23449410257903794,0.23345333844111618,99.65541404883659,100.71734569744224,XLE,エネルギー,rate_sensitive,Improving,6.0,0.0,1.0
2025-07-10,42.7701530456543,0.23491741137204247,0.23394136275142496,99.77723802866238,100.81511411684188,XLE,エネルギー,rate_sensitive,Improving,6.0,1.0,3.0
2025-07-11,42.96296310424805,0.23771664276938018,0.2351997894240767,100.06334846124406,101.2366348075017,XLE,エネルギー,rate_sensitive,Leading,6.0,1.0,3.0
2025-07-14,42.490577697753906,0.23486093535405128,0.2350868380674016,100.07165051490145,101.34611862087615,XLE,エネルギー,rate_sensitive,Leading,6.0,1.0,2.0
2025-07-15,41.8784065246582,0.23473225250719945,0.23496864288066757,100.07260579316002,100.89580991664745,XLE,エネルギー,rate_sensitive,Leading,6.0,0.0,0.0
2025-07-16,41.516883850097656,0.23180187169210523,0.23391305248448013,99.86600857285077,100.3181427088948,XLE,エネルギー,rate_sensitive,Improving,6.0,0.0,0.0
2025-07-17,41.77235794067383,0.23134218090908507,0.2330560952926818,99.69837222493581,99.72209852179834,XLE,エネルギー,rate_sensitive,Lagging,6.0,0.0,-1.0
2025-07-18,41.434940338134766,0.22956072553044934,0.23189097203860431,99.46608298525702,98.64079440653697,XLE,エネルギー,rate_sensitive,Lagging,6.0,0.0,-1.0
2025-07-21,41.00593566894531,0.2279636895615633,0.23058187787959067,99.20172473221125,98.15466723398183,XLE,エネルギー,rate_sensitive,Lagging,5.0,-1.0,-2.0
2025-07-22,41.19874572753906,0.226152443107186,0.22910539962212245,98.89507619287514,97.69256069229422,XLE,エネルギー,rate_sensitive,Lagging,4.0,-2.0,-2.0
2025-07-23,41.84466552734375,0.22781084087162734,0.2286738800386241,98.81798010972089,98.03648328192071,XLE,エネルギー,rate_sensitive,Lagging,4.0,-2.0,-2.0
2025-07-24,42.143524169921875,0.23017469878262972,0.22917415295329263,98.95737570513566,98.65198682227002,XLE,エネルギー,rate_sensitive,Lagging,4.0,-2.0,-2.0
2025-07-25,41.98444747924805,0.2282065489107266,0.2288516182724373,98.90096983120436,99.00795914448031,XLE,エネルギー,rate_sensitive,Lagging,3.0,-3.0,-3.0
2025-07-28,42.46165466308594,0.23217320720452986,0.22995881458313483,99.19771871941883,100.04161699301274,XLE,エネルギー,rate_sensitive,Improving,5.0,0.0,1.0
2025-07-29,42.87620162963867,0.2345529717216037,0.2314902002959578,99.61817915886287,101.3367350788267,XLE,エネルギー,rate_sensitive,Improving,7.0,3.0,5.0
2025-07-30,42.26403045654297,0.23271370233094682,0.23189803430762082,99.75731280460147,101.65864020119142,XLE,エネルギー,rate_sensitive,Improving,7.0,3.0,5.0
2025-07-31,42.037471771240234,0.23359648080026427,0.23246418313850198,99.94134737679117,101.66738692545755,XLE,エネルギー,rate_sensitive,Improving,6.0,2.0,4.0
2025-08-01,41.256591796875,0.23187105262548563,0.23226647296749653,99.90561163981494,101.63798604786966,XLE,エネルギー,rate_sensitive,Improving,6.0,3.0,6.0
2025-08-04,41.165008544921875,0.22856161536677166,0.23103152043392158,99.56769106036377,100.52435814975958,XLE,エネルギー,rate_sensitive,Improving,6.0,1.0,1.0
2025-08-05,41.2180290222168,0.22949285944460016,0.23051863343748114,99.43497593842262,99.53093224855634,XLE,エネルギー,rate_sensitive,Lagging,6.0,-1.0,-4.0
2025-08-06,40.83722686767578,0.22788247251910276,0.229639913131355,99.19990012309708,98.83813514389058,XLE,エネルギー,rate_sensitive,Lagging,6.0,-1.0,-4.0
2025-08-07,40.67816162109375,0.22713146295299938,0.22880376307190314,98.9827722442664,98.15239212697892,XLE,エネルギー,rate_sensitive,Lagging,4.0,-2.0,-4.0
2025-08-08,40.93845748901367,0.22817284168166377,0.22859345594182334,98.94815657972688,98.20634029808242,XLE,エネルギー,rate_sensitive,Lagging,5.0,-1.0,-4.0
2025-08-11,40.610679626464844,0.2269657746181479,0.2280508955005982,98.82813014088856,98.62160146400552,XLE,エネルギー,rate_sensitive,Lagging,5.0,-1.0,-2.0
2025-08-12,40.808311462402344,0.22520862892307889,0.22710347330809177,98.60980209375555,98.52727028675511,XLE,エネルギー,rate_sensitive,Lagging,4.0,-2.0,-1.0
2025-08-13,41.28069305419922,0.22460861822400907,0.2262718549467309,98.44166797248062,98.685968295218,XLE,エネルギー,rate_sensitive,Lagging,4.0,-2.0,-1.0
2025-08-14,41.242130279541016,0.225868152919629,0.22613728760436363,98.46526273825228,99.1154209541511,XLE,エネルギー,rate_sensitive,Lagging,3.0,-1.0,1.0
2025-08-15,41.242130279541016,0.2264271407540651,0.2262339053209308,98.54568417251946,99.33005638423616,XLE,エネルギー,rate_sensitive,Lagging,2.0,-3.0,-2.0
2025-08-18,40.99630355834961,0.22512595566514765,0.2258645887690031,98.50539746888683,99.48074845577186,XLE,エネルギー,rate_sensitive,Lagging,2.0,-3.0,-2.0
2025-08-19,41.01075744628906,0.22415584216288023,0.22529500656696216,98.41942128940359,99.71060345581833,XLE,エネルギー,rate_sensitive,Lagging,2.0,-2.0,0.0
2025-08-20,41.35299301147461,0.22623244734778242,0.22560748682723558,98.54798704654998,100.19926295184109,XLE,エネルギー,rate_sensitive,Improving,2.0,-2.0,0.0
2025-08-21,41.637393951416016,0.22858495788966043,0.2265999771813772,98.82632767891184,100.60659242124494,XLE,エネルギー,rate_sensitive,Improving,2.0,-1.0,0.0
2025-08-22,42.48575973510742,0.2287865330864324,0.22732882914972896,99.02469327633521,100.779810038062,XLE,エネルギー,rate_sensitive,Improving,3.0,1.0,4.0
2025-08-25,42.59662628173828,0.23115234176080063,0.22860333335341954,99.34764190260674,101.33798178908263,XLE,エネルギー,rate_sensitive,Improving,4.0,2.0,5.0
2025-08-26,42.52914810180664,0.23062673232336145,0.2292777996767335,99.51478361219597,101.68270439941595,XLE,エネルギー,rate_sensitive,Improving,4.0,2.0,4.0
2025-08-27,43.006351470947266,0.23237474751547144,0.2303101156229795,99.76242981853594,101.79383230728381,XLE,エネルギー,rate_sensitive,Improving,7.0,5.0,7.0
2025-08-28,43.33412170410156,0.23425743080610864,0.23162588735068923,100.07626988479322,101.77275048212755,XLE,エネルギー,rate_sensitive,Leading,8.0,6.0,7.0
2025-08-29,43.570316314697266,0.2357091111438184,0.23298696194839896,100.39596132186114,101.86964433849597,XLE,エネルギー,rate_sensitive,Leading,9.0,6.0,5.0
2025-09-02,43.63298034667969,0.23792758376611778,0.2346338358876386,100.7818521200764,101.87443521019088,XLE,エネルギー,rate_sensitive,Leading,9.0,5.0,3.0
2025-09-03,42.65447235107422,0.23295289297397154,0.23407352158308292,100.62153426441805,101.36332555415834,XLE,エネルギー,rate_sensitive,Leading,8.0,4.0,2.0
2025-09-04,42.938865661621094,0.232786675996747,0.23364457305430428,100.49408057873967,100.81696323708702,XLE,エネルギー,rate_sensitive,Leading,8.0,1.0,-4.0
2025-09-05,42.109779357910156,0.22802539250152942,0.231771512870046,100.00657523498738,99.69718043529996,XLE,エネルギー,rate_sensitive,Weakening,7.0,-1.0,-7.0
2025-09-08,42.01337814331055,0.22768462053317814,0.23040921542442339,99.64843168553907,98.78319936782086,XLE,エネルギー,rate_sensitive,Lagging,6.0,-3.0,-9.0
2025-09-09,42.215824127197266,0.22948863628822908,0.23010235571235862,99.56027511335124,98.20687588833462,XLE,エネルギー,rate_sensitive,Lagging,6.0,-3.0,-8.0
2025-09-10,42.95332717895508,0.2337343518820586,0.23131302110225863,99.86307463491659,98.86423602408655,XLE,エネルギー,rate_sensitive,Lagging,7.0,-1.0,-5.0
2025-09-11,42.96296310424805,0.2303352221565864,0.2309870881203679,99.78208837567314,98.95869813606731,XLE,エネルギー,rate_sensitive,Lagging,7.0,-1.0,-2.0
2025-09-12,42.70749282836914,0.23062559770389418,0.2308665913148767,99.76053219961734,99.59369185655905,XLE,エネルギー,rate_sensitive,Lagging,6.0,-1.0,0.0
2025-09-15,42.56288528442383,0.23024679582845226,0.23065999281940192,99.72835041624116,100.04484805521555,XLE,エネルギー,rate_sensitive,Improving,6.0,0.0,3.0
2025-09-16,43.276275634765625,0.23472814643195347,0.23201604402358578,100.10781422624066,100.68732491710657,XLE,エネルギー,rate_sensitive,Leading,7.0,1.0,4.0
2025-09-17,43.377506256103516,0.23505233218551783,0.23302814007756315,100.42527501265116,100.72497266881034,XLE,エネルギー,rate_sensitive,Leading,7.0,0.0,1.0
2025-09-18,43.24253845214844,0.2328003762340044,0.2329522187963769,100.46879833183229,100.90584176147675,XLE,エネルギー,rate_sensitive,Leading,7.0,0.0,1.0
2025-09-19,42.66892623901367,0.23011289341200955,0.23200577700158778,100.26374824081799,100.66815440587914,XLE,エネルギー,rate_sensitive,Leading,7.0,1.0,2.0
2025-09-22,42.61982345581055,0.22973835665180609,0.23124997021832724,100.07242655147762,100.45045704001016,XLE,エネルギー,rate_sensitive,Leading,7.0,1.0,1.0
2025-09-23,43.35389709472656,0.23341047027850712,0.23197013690505386,100.37932898054747,100.34516040271217,XLE,エネルギー,rate_sensitive,Leading,7.0,0.0,-1.0
2025-09-24,43.917816162109375,0.23699910929707918,0.233646461035729,101.04095168135969,100.8007574535644,XLE,エネルギー,rate_sensitive,Leading,8.0,1.0,1.0
2025-09-25,44.31159591674805,0.24110913591243302,0.23613401932796368,101.967280867276,101.9262727336712,XLE,エネルギー,rate_sensitive,Leading,9.0,2.0,2.0
2025-09-26,44.719947814941406,0.2409438269236018,0.23773728852650974,102.4539845658139,102.6519631690566,XLE,エネルギー,rate_sensitive,Leading,11.0,4.0,3.0
2025-09-29,43.89837646484375,0.23572977787391852,0.23706811830897936,102.11032443289825,102.31377211938567,XLE,エネルギー,rate_sensitive,Leading,10.0,3.0,2.0
2025-09-30,43.43168258666992,0.23260897119800283,0.23558173593865386,101.5343654927862,101.18830695352504,XLE,エネルギー,rate_sensitive,Leading,9.0,2.0,2.0
2025-10-01,43.43168258666992,0.23208288351902104,0.23441545179877626,101.10615832860093,99.84626961122893,XLE,エネルギー,rate_sensitive,Weakening,7.0,-1.0,-2.0
2025-10-02,42.99415969848633,0.2292024499105085,0.232677784502687,100.50613173983575,98.05042221113607,XLE,エネルギー,rate_sensitive,Weakening,6.0,-3.0,-5.0
2025-10-03,43.22264099121094,0.22961326755057018,0.23165627885198142,100.15625345336883,97.2668092424939,XLE,エネルギー,rate_sensitive,Weakening,6.0,-5.0,-9.0
2025-10-06,43.43653869628906,0.23082195490750765,0.23137817087049017,100.07028348208158,97.70080495536811,XLE,エネルギー,rate_sensitive,Weakening,6.0,-4.0,-7.0
2025-10-07,43.50460433959961,0.23220386820519198,0.2316534033153908,100.17469615387239,98.48721188910643,XLE,エネルギー,rate_sensitive,Weakening,6.0,-3.0,-5.0
2025-10-08,43.25181198120117,0.23010511260133534,0.23113730641070568,100.0132356903477,98.80631285938625,XLE,エネルギー,rate_sensitive,Weakening,6.0,-1.0,0.0
2025-10-09,42.66358184814453,0.22886921927288034,0.23038127736476394,99.77502592129433,99.20813529575516,XLE,エネルギー,rate_sensitive,Lagging,6.0,0.0,3.0
2025-10-10,41.42878341674805,0.22737146338501735,0.22937800603818176,99.4468822898196,99.25526741968956,XLE,エネルギー,rate_sensitive,Lagging,5.0,-1.0,4.0
2025-10-13,41.992706298828125,0.22824706676699905,0.22900102628112087,99.33745767118204,99.25335004006239,XLE,エネルギー,rate_sensitive,Lagging,5.0,-1.0,3.0
2025-10-14,41.98784637451172,0.22634372993479937,0.22811526083234704,99.04845835858369,98.87791017267158,XLE,エネルギー,rate_sensitive,Lagging,5.0,-1.0,2.0
2025-10-15,41.963539123535156,0.22575751406570843,0.2273293452434675,98.80429309350019,98.82479897041989,XLE,エネルギー,rate_sensitive,Lagging,4.0,-2.0,-1.0
2025-10-16,41.45795822143555,0.2251718423807152,0.2266101776225501,98.59670077791841,98.87433284461584,XLE,エネルギー,rate_sensitive,Lagging,3.0,-3.0,-3.0
2025-10-17,41.798255920410156,0.22587300884455905,0.22636445469655309,98.55853870830433,99.16738686865754,XLE,エネルギー,rate_sensitive,Lagging,3.0,-2.0,-1.0
2025-10-20,42.24063491821289,0.22600364410047352,0.22624418449785993,98.55498904555255,99.26344249763882,XLE,エネルギー,rate_sensitive,Lagging,3.0,-2.0,-1.0
2025-10-21,42.14341354370117,0.22445513218778415,0.2256478337278347,98.3967999117458,99.3865662834937,XLE,エネルギー,rate_sensitive,Lagging,3.0,-2.0,-1.0
2025-10-22,42.68302917480469,0.22843080443835717,0.2265754906313422,98.73797158093609,99.97260586977832,XLE,エネルギー,rate_sensitive,Lagging,3.0,-1.0,1.0
2025-10-23,43.25181198120117,0.2303825777808699,0.22784451968118477,99.16850365069769,100.60730769137034,XLE,エネルギー,rate_sensitive,Improving,3.0,0.0,3.0
2025-10-24,42.81428527832031,0.22743205311411574,0.2277070308254951,99.13991490076889,100.60576763767908,XLE,エネルギー,rate_sensitive,Improving,4.0,1.0,3.0
2025-10-27,42.91637420654297,0.22696565698625892,0.22745990621241638,99.08477795425992,100.55741534334742,XLE,エネルギー,rate_sensitive,Improving,4.0,1.0,3.0
2025-10-28,42.46912384033203,0.22654611204802497,0.22715530815761925,99.01519324971757,100.65606747063974,XLE,エネルギー,rate_sensitive,Improving,4.0,1.0,3.0
2025-10-29,42.785118103027344,0.23081305805546662,0.22837455812356838,99.43252233347418,100.74215916373201,XLE,エネルギー,rate_sensitive,Improving,5.0,2.0,3.0
2025-10-30,42.53232192993164,0.23044039407531208,0.22906317010748298,99.67288196615826,100.55796524783055,XLE,エネルギー,rate_sensitive,Improving,5.0,2.0,2.0
2025-10-31,42.843448638916016,0.23161967902746716,0.22991533974747771,99.95773551604516,100.87185066789131,XLE,エネルギー,rate_sensitive,Improving,5.0,1.0,0.0
2025-11-03,42.84831237792969,0.2322143448584055,0.23068167478445367,100.20803327458813,101.15353092481412,XLE,エネルギー,rate_sensitive,Leading,6.0,2.0,1.0
2025-11-04,42.386478424072266,0.23124099394393458,0.23086811450428063,100.26263315705924,101.23861007236206,XLE,エネルギー,rate_sensitive,Leading,6.0,2.0,1.0
2025-11-05,42.498291015625,0.23050185710392423,0.23074602870416186,100.21276116601348,100.74054994249212,XLE,エネルギー,rate_sensitive,Leading,6.0,1.0,-1.0
2025-11-06,42.91150665283203,0.23439476775756454,0.2319622750552961,100.59351905859855,100.85513779059852,XLE,エネルギー,rate_sensitive,Leading,6.0,1.0,-1.0
2025-11-07,43.528907775878906,0.2357896295098723,0.23323805987348817,100.98054052890907,100.92942097950876,XLE,エネルギー,rate_sensitive,Leading,6.0,1.0,0.0
2025-11-10,43.92267608642578,0.23656044805943882,0.2343455226021384,101.2974098147088,100.9659733223079,XLE,エネルギー,rate_sensitive,Leading,8.0,2.0,0.0
2025-11-11,44.4963264465332,0.23827323291921457,0.23565475937449712,101.65973709612895,101.23685149529346,XLE,エネルギー,rate_sensitive,Leading,10.0,4.0,2.0
2025-11-12,43.87406921386719,0.23438520095096452,0.2352315732333196,101.47452843650616,101.06574556430871,XLE,エネルギー,rate_sensitive,Leading,10.0,4.0,3.0
2025-11-13,43.98588180541992,0.23766942856450293,0.2360441916770474,101.67410210905514,100.8573091601575,XLE,エネルギー,rate_sensitive,Leading,10.0,4.0,3.0
2025-11-14,44.73453140258789,0.24260487738273057,0.23823108691227513,102.25697688273213,101.02188278560666,XLE,エネルギー,rate_sensitive,Leading,10.0,4.0,3.0
2025-11-17,43.917816162109375,0.24134478325702316,0.23926898569385782,102.44903591998141,100.872218969935,XLE,エネルギー,rate_sensitive,Leading,10.0,2.0,0.0
2025-11-18,44.26783752441406,0.24312361803823337,0.24055386314198302,102.665739695248,100.71085456129785,XLE,エネルギー,rate_sensitive,Leading,10.0,0.0,-4.0
2025-11-19,43.69419479370117,0.2407017871683276,0.24060317115076457,102.51755478453717,100.73350864138457,XLE,エネルギー,rate_sensitive,Leading,10.0,0.0,-4.0
2025-11-20,43.198333740234375,0.2409092282222575,0.24070519017459555,102.39623520845471,100.413681043162,XLE,エネルギー,rate_sensitive,Leading,10.0,0.0,-4.0
2025-11-21,43.4705696105957,0.2377553248159201,0.23972190172170374,102.02330206510211,99.49150605424792,XLE,エネルギー,rate_sensitive,Weakening,10.0,0.0,-4.0
2025-11-24,43.349037170410156,0.23611190297422677,0.2385185688058781,101.63691717638916,98.95688968080454,XLE,エネルギー,rate_sensitive,Weakening,10.0,0.0,-2.0
2025-11-25,43.07679748535156,0.23134243598316484,0.23612652453164035,100.98630189014868,98.19005132616931,XLE,エネルギー,rate_sensitive,Weakening,10.0,0.0,0.0
2025-11-26,43.40251159667969,0.231476539216078,0.2345765294264529,100.5730491020225,98.03322015936168,XLE,エネルギー,rate_sensitive,Weakening,10.0,0.0,0.0
2025-11-28,43.971290588378906,0.23324884676809748,0.23413396854033444,100.45383295840728,98.12068605753728,XLE,エネルギー,rate_sensitive,Weakening,9.0,-1.0,-1.0
2025-12-01,44.39423370361328,0.23711416957854953,0.23512736888640615,100.70610170246223,98.73596835082536,XLE,エネルギー,rate_sensitive,Weakening,10.0,0.0,0.0
2025-12-02,43.820594787597656,0.23427199251067463,0.23484224342782897,100.62875198678296,99.0501117396178,XLE,エネルギー,rate_sensitive,Weakening,10.0,0.0,0.0
2025-12-03,44.64216613769531,0.23685701649289384,0.2355138344495173,100.78977709222868,99.80770248715493,XLE,エネルギー,rate_sensitive,Weakening,10.0,0.0,0.0
2025-12-04,44.831764221191406,0.2377884619976,0.23627204363221155,100.95786165140107,100.33581413731095,XLE,エネルギー,rate_sensitive,Leading,10.0,0.0,0.0
2025-12-05,44.64702606201172,0.23625359145749872,0.2362658929073073,100.92826956526437,100.4015045175028,XLE,エネルギー,rate_sensitive,Leading,10.0,1.0,2.0
2025-12-08,44.160888671875,0.2350892467022556,0.2358736775056234,100.80465726901076,100.03597605149989,XLE,エネルギー,rate_sensitive,Leading,10.0,0.0,0.0
2025-12-09,44.433128356933594,0.23698551752661354,0.23624429084595347,100.87348526732224,100.1581610264378,XLE,エネルギー,rate_sensitive,Leading,11.0,1.0,1.0
2025-12-10,44.89982223510742,0.23615222687205845,0.23621360285465515,100.84148992441791,99.96583474361385,XLE,エネルギー,rate_sensitive,Weakening,11.0,1.0,1.0
2025-12-11,44.68592071533203,0.23314439200187373,0.23519053257039468,100.56924067830101,99.55398521937406,XLE,エネルギー,rate_sensitive,Weakening,10.0,0.0,0.0
2025-12-12,44.248390197753906,0.2324371946963012,0.2342727532790302,100.32713286954728,99.36643443571658,XLE,エネルギー,rate_sensitive,Weakening,10.0,0.0,-1.0
2025-12-15,43.9372673034668,0.230516858190803,0.23302078824962114,100.01108943451062,99.20886388108492,XLE,エネルギー,rate_sensitive,Weakening,9.0,-1.0,-1.0
2025-12-16,42.59552001953125,0.22505794665279977,0.23036650771734735,99.36184132504349,98.58996604611882,XLE,エネルギー,rate_sensitive,Lagging,5.0,-6.0,-7.0
2025-12-17,43.53862762451172,0.2306647387932861,0.23046591807599362,99.39815263157722,98.69831968914717,XLE,エネルギー,rate_sensitive,Lagging,6.0,-5.0,-6.0
2025-12-18,42.90665054321289,0.22683160578334916,0.22925448064511214,99.11416857141862,98.73069718242755,XLE,エネルギー,rate_sensitive,Lagging,5.0,-5.0,-5.0
2025-12-19,42.90665054321289,0.22600836026626245,0.22817244051882893,98.87023612878895,98.76909981792174,XLE,エネルギー,rate_sensitive,Lagging,3.0,-7.0,-7.0
2025-12-22,43.35084533691406,0.22666804851599595,0.22767097651788462,98.77928494583794,98.99805876774255,XLE,エネルギー,rate_sensitive,Lagging,3.0,-6.0,-5.0
2025-12-23,43.63521194458008,0.2286866204667557,0.22800952450084166,98.89331950697633,99.68616349022086,XLE,エネルギー,rate_sensitive,Lagging,4.0,-1.0,5.0
2025-12-24,43.50774002075195,0.22719491743464743,0.22773798881211027,98.8659104533026,99.65280416222319,XLE,エネルギー,rate_sensitive,Lagging,4.0,-2.0,3.0
2025-12-26,43.341041564941406,0.22626604979050624,0.22724734247157563,98.78814860963757,99.86931188981947,XLE,エネルギー,rate_sensitive,Lagging,4.0,-1.0,4.0
2025-12-29,43.75287628173828,0.22879376354563613,0.22776281616292915,98.9445196653361,100.2819423727553,XLE,エネルギー,rate_sensitive,Improving,4.0,1.0,8.0
2025-12-30,44.086273193359375,0.2309070615297048,0.2288108979518544,99.21932952342253,100.65400892942814,XLE,エネルギー,rate_sensitive,Improving,4.0,1.0,7.0
2025-12-31,43.84112548828125,0.23160093895540446,0.22974091161970445,99.45838964081688,100.76537354647454,XLE,エネルギー,rate_sensitive,Improving,5.0,1.0,2.0
2026-01-02,44.76286315917969,0.23487626913637596,0.23145269745859495,99.87066206777469,101.15677037799567,XLE,エネルギー,rate_sensitive,Improving,6.0,2.0,4.0
2026-01-05,45.978763580322266,0.23903767650686236,0.23398102380801744,100.46322610059617,101.7664437845804,XLE,エネルギー,rate_sensitive,Leading,7.0,3.0,4.0
2026-01-06,44.7530517578125,0.2298898973452193,0.23261731498708477,100.1343310083342,101.25932224921074,XLE,エネルギー,rate_sensitive,Leading,7.0,3.0,2.0
2026-01-07,44.252967834472656,0.22990012588308412,0.23171158528575123,99.9187592028948,100.74219791575506,XLE,エネルギー,rate_sensitive,Improving,7.0,3.0,2.0
2026-01-08,45.64537048339844,0.23511809134803716,0.2328470873065132,100.1823152017448,100.74147072179542,XLE,エネルギー,rate_sensitive,Leading,7.0,2.0,1.0
2026-01-09,45.763038635253906,0.23436425029264993,0.23335280830189212,100.29154526869188,100.41614026419377,XLE,エネルギー,rate_sensitive,Leading,7.0,1.0,-1.0
2026-01-12,45.439453125,0.2324952816555358,0.23306696608644,100.2102588614247,99.72068716388793,XLE,エネルギー,rate_sensitive,Weakening,7.0,0.0,-3.0
2026-01-13,46.08662414550781,0.2358065937058448,0.23398017529290827,100.41076250180343,100.24717123121656,XLE,エネルギー,rate_sensitive,Leading,9.0,2.0,-1.0
2026-01-14,47.12602615356445,0.24003254654886272,0.23599763237822644,100.86571032628513,100.90714988214488,XLE,エネルギー,rate_sensitive,Leading,9.0,2.0,-1.0
2026-01-15,46.68477249145508,0.23673647898879221,0.23624391458174837,100.89587333246119,100.6415859799774,XLE,エネルギー,rate_sensitive,Leading,9.0,2.0,0.0
2026-01-16,46.763214111328125,0.23774184369522242,0.23674322428623973,100.9863811087195,100.59802849605077,XLE,エネルギー,rate_sensitive,Leading,9.0,2.0,1.0
2026-01-20,46.674964904785156,0.24088743145507124,0.23812462667585024,101.28516632153493,100.96863747788508,XLE,エネルギー,rate_sensitive,Leading,9.0,2.0,2.0
2026-01-21,47.802616119384766,0.24259954558935928,0.2396162663136866,101.59977337242792,101.05531062818311,XLE,エネルギー,rate_sensitive,Leading,9.0,0.0,-2.0
2026-01-22,47.959510803222656,0.24307883641700234,0.24077045634812522,101.82397490599146,100.78530193783061,XLE,エネルギー,rate_sensitive,Leading,9.0,0.0,-2.0
2026-01-23,48.234066009521484,0.24556499012789304,0.2423686342747145,102.12164269361385,101.03849412986965,XLE,エネルギー,rate_sensitive,Leading,10.0,1.0,-1.0
2026-01-26,48.263484954833984,0.24513514962990587,0.2432908060597783,102.22568295901316,101.03346967238467,XLE,エネルギー,rate_sensitive,Leading,10.0,1.0,-1.0
2026-01-27,48.70473861694336,0.24776183591513523,0.2447811493448973,102.42945419488947,100.91954953920717,XLE,エネルギー,rate_sensitive,Leading,10.0,1.0,-1.0
2026-01-28,49.077354431152344,0.2505010279913661,0.24668777556038693,102.67515251965303,100.83488355351679,XLE,エネルギー,rate_sensitive,Leading,11.0,2.0,2.0
2026-01-29,49.52841567993164,0.25247222384484164,0.24861592498853852,102.86892949706757,100.79326549711634,XLE,エネルギー,rate_sensitive,Leading,11.0,2.0,2.0
2026-01-30,50.057918548583984,0.2557382144996724,0.2509900214922498,103.06594140232932,100.6842290070044,XLE,エネルギー,rate_sensitive,Leading,11.0,1.0,0.0
2026-02-02,49.077354431152344,0.24944414081491992,0.25047472793313985,102.74643764992221,100.24993254896019,XLE,エネルギー,rate_sensitive,Leading,11.0,1.0,0.0
2026-02-03,50.665870666503906,0.2582053953290747,0.25305161706511814,102.9427686321115,100.24776169558864,XLE,エネルギー,rate_sensitive,Leading,11.0,1.0,0.0
2026-02-04,51.80332946777344,0.2617219649273851,0.25594173301920714,103.1089765337137,100.17845699522793,XLE,エネルギー,rate_sensitive,Leading,10.0,-1.0,-3.0
2026-02-05,51.195377349853516,0.2609170559521208,0.25760017399684504,103.057650612642,99.94214551335094,XLE,エネルギー,rate_sensitive,Weakening,10.0,-1.0,-3.0
2026-02-06,52.21516799926758,0.26124631421856015,0.2588155540707501,102.95264826274699,99.64173826171036,XLE,エネルギー,rate_sensitive,Weakening,10.0,-1.0,-2.0
2026-02-09,52.59758758544922,0.2630035890807711,0.2602115657407571,102.87629701637138,99.90815227832132,XLE,エネルギー,rate_sensitive,Weakening,10.0,-1.0,-2.0
2026-02-10,52.538753509521484,0.26177806757961597,0.2607337330203767,102.71390432368518,99.5512167725983,XLE,エネルギー,rate_sensitive,Weakening,11.0,0.0,-1.0
2026-02-11,53.91154861450195,0.26814282894300956,0.2632034316612544,102.76646843512246,99.45293046043679,XLE,エネルギー,rate_sensitive,Weakening,11.0,1.0,2.0
2026-02-12,52.93098449707031,0.2667665324791907,0.26439113193389985,102.67767251005638,99.43682741340727,XLE,エネルギー,rate_sensitive,Weakening,10.0,0.0,1.0
2026-02-13,53.29378890991211,0.26584117385763234,0.2648744792418107,102.53684976192861,99.42179515965033,XLE,エネルギー,rate_sensitive,Weakening,10.0,0.0,1.0
2026-02-17,52.70545196533203,0.2633607706187937,0.26436990970080504,102.3326484948648,99.30825530988403,XLE,エネルギー,rate_sensitive,Weakening,9.0,-1.0,0.0
2026-02-18,53.715431213378906,0.2670230190237226,0.26525427947511093,102.273445822633,99.4435512352145,XLE,エネルギー,rate_sensitive,Weakening,10.0,-1.0,-1.0
2026-02-19,54.107662200927734,0.26954221072364565,0.26668358989128915,102.26257161267375,99.39756470063229,XLE,エネルギー,rate_sensitive,Weakening,10.0,-1.0,-2.0
2026-02-20,53.81349182128906,0.2668289153148006,0.2667320316991263,102.14490814319102,99.38877747375565,XLE,エネルギー,rate_sensitive,Weakening,10.0,0.0,0.0
2026-02-23,54.0782470703125,0.2711173272352554,0.268193796877836,102.14481217846331,99.56677574287245,XLE,エネルギー,rate_sensitive,Weakening,10.0,0.0,0.0
2026-02-24,54.02921676635742,0.26872808148955823,0.26837189174841014,102.04948751007025,99.70561147329056,XLE,エネルギー,rate_sensitive,Weakening,10.0,1.0,2.0
2026-02-25,53.80368423461914,0.2674486255561894,0.26806413635100323,101.9294913918759,99.63917507665431,XLE,エネルギー,rate_sensitive,Weakening,10.0,0.0,1.0
2026-02-26,53.980186462402344,0.2668187514994974,0.26764900806716796,101.81383467312425,99.51222804240737,XLE,エネルギー,rate_sensitive,Weakening,10.0,0.0,1.0
2026-02-27,54.83327865600586,0.2707181407897092,0.26867205230801505,101.8044490905449,99.59956731963118,XLE,エネルギー,rate_sensitive,Weakening,11.0,1.0,1.0
2026-03-02,55.931514739990234,0.27665316657738054,0.2713324237311369,101.900170541981,99.66569855951873,XLE,エネルギー,rate_sensitive,Weakening,11.0,1.0,1.0
2026-03-03,55.4216194152832,0.27753600885031554,0.2734002854375298,101.94493257059146,99.79070375173522,XLE,エネルギー,rate_sensitive,Weakening,11.0,1.0,0.0
2026-03-04,55.0980339050293,0.2748140161737376,0.27387152901626577,101.88438858082725,99.83676551031205,XLE,エネルギー,rate_sensitive,Weakening,10.0,0.0,0.0
2026-03-05,55.38239288330078,0.2794693460313178,0.2757374680212831,101.91192023849898,100.0017289160115,XLE,エネルギー,rate_sensitive,Leading,9.0,-1.0,-1.0
2026-03-06,55.47064971923828,0.2832908980408228,0.27825527802779637,101.97102348371229,100.0855924422029,XLE,エネルギー,rate_sensitive,Leading,9.0,-2.0,-3.0
2026-03-09,55.22550582885742,0.2812440893619316,0.2792515484725081,101.93495925036608,99.91673547314902,XLE,エネルギー,rate_sensitive,Weakening,9.0,-2.0,-3.0
2026-03-10,54.519500732421875,0.2797463031379512,0.2794164666943225,101.85571778438394,99.76235025721083,XLE,エネルギー,rate_sensitive,Weakening,9.0,-2.0,-3.0
2026-03-11,55.872684478759766,0.28763763479114984,0.2821568560599316,101.92111405781928,99.93250854212963,XLE,エネルギー,rate_sensitive,Weakening,9.0,-1.0,-1.0
2026-03-12,56.39237976074219,0.2948733855085512,0.2863956992094715,102.05249291544408,100.07396515543377,XLE,エネルギー,rate_sensitive,Leading,9.0,0.0,1.0
2026-03-13,56.57868957519531,0.2958628649013448,0.2895514211067626,102.1090554757199,100.06871914588615,XLE,エネルギー,rate_sensitive,Leading,9.0,0.0,2.0
2026-03-16,56.774803161621094,0.294695542254843,0.29126612815612274,102.086366638334,100.07540868252349,XLE,エネルギー,rate_sensitive,Leading,9.0,0.0,2.0
2026-03-17,57.37294387817383,0.2961445416367371,0.2928922659829942,102.06048187332819,100.13091215671251,XLE,エネルギー,rate_sensitive,Leading,10.0,1.0,3.0
2026-03-18,57.29450225830078,0.2996834643651988,0.29515599877706244,102.06517416674093,100.02884572477281,XLE,エネルギー,rate_sensitive,Leading,10.0,1.0,2.0
2026-03-19,58.2064323425293,0.3046896122992271,0.2983338699511173,102.10928082973076,99.86948654908556,XLE,エネルギー,rate_sensitive,Weakening,10.0,1.0,1.0
2026-03-20,58.15740203857422,0.3089719739962473,0.3018799046328273,102.16050700195939,99.82008895757083,XLE,エネルギー,rate_sensitive,Weakening,11.0,2.0,2.0
2026-03-23,58.85321807861328,0.3093704899397759,0.3043767664018102,102.16036555275869,99.80799937867367,XLE,エネルギー,rate_sensitive,Weakening,11.0,2.0,2.0
2026-03-24,60.047454833984375,0.31526988855994115,0.3080078071211872,102.20453936419813,99.87094641289454,XLE,エネルギー,rate_sensitive,Weakening,11.0,1.0,0.0
2026-03-25,59.78097152709961,0.3123571232156871,0.3094575791526872,102.1562822885356,99.73446816751576,XLE,エネルギー,rate_sensitive,Weakening,11.0,1.0,0.0
2026-03-26,60.71859359741211,0.3201950232683816,0.31303672719125203,102.19304397488276,99.70257105950617,XLE,エネルギー,rate_sensitive,Weakening,11.0,1.0,0.0
2026-03-27,61.745052337646484,0.3301346466629551,0.31873603368181974,102.30041974619994,99.77996961769107,XLE,エネルギー,rate_sensitive,Weakening,11.0,0.0,-2.0
2026-03-30,61.152862548828125,0.32764636651202095,0.3217061446252202,102.29302170225601,99.75154207620503,XLE,エネルギー,rate_sensitive,Weakening,11.0,0.0,-2.0
2026-03-31,60.461978912353516,0.3174462832190348,0.3202861908231584,102.13125318775201,99.38197491747447,XLE,エネルギー,rate_sensitive,Weakening,11.0,0.0,-1.0
2026-04-01,58.201812744140625,0.3045956294844101,0.31505600371024234,101.85337473066787,98.99365226504702,XLE,エネルギー,rate_sensitive,Weakening,11.0,0.0,-1.0
2026-04-02,58.47816848754883,0.3051701935314442,0.311760733650643,101.66666164520025,98.63932308884912,XLE,エネルギー,rate_sensitive,Weakening,11.0,0.0,-1.0
2026-04-06,58.902565002441406,0.30606928013067874,0.3098635824773216,101.54136578490204,98.29026234461654,XLE,エネルギー,rate_sensitive,Weakening,11.0,0.0,0.0
2026-04-07,59.376312255859375,0.3092166079150614,0.3096479242899015,101.48198715847097,98.21327184104926,XLE,エネルギー,rate_sensitive,Weakening,11.0,0.0,0.0
2026-04-08,57.29379653930664,0.2916340551706901,0.30364330125016437,101.2204564342461,98.09530549094487,XLE,エネルギー,rate_sensitive,Weakening,11.0,0.0,0.0
2026-04-09,56.58317947387695,0.2878424587886669,0.29837635376299854,100.9933826130546,98.26201410285016,XLE,エネルギー,rate_sensitive,Weakening,9.0,-2.0,-2.0
2026-04-10,56.19825744628906,0.28796322148664816,0.29490530967088174,100.83530849526963,98.37720399811565,XLE,エネルギー,rate_sensitive,Weakening,7.0,-4.0,-4.0
2026-04-13,56.36604690551758,0.2856562967288843,0.2918223053568826,100.69221904635674,98.41071229293013,XLE,エネルギー,rate_sensitive,Weakening,7.0,-4.0,-4.0
2026-04-14,55.221153259277344,0.27869074457332627,0.2874451184290305,100.49777936315598,98.23858753278583,XLE,エネルギー,rate_sensitive,Weakening,6.0,-5.0,-5.0
2026-04-15,55.03363037109375,0.27764700375930185,0.28417908020578764,100.34378323424029,98.47962250642247,XLE,エネルギー,rate_sensitive,Weakening,6.0,-5.0,-5.0
2026-04-16,55.84294891357422,0.28045225039319926,0.2829368036015915,100.26886856008136,98.7688405827304,XLE,エネルギー,rate_sensitive,Weakening,5.0,-4.0,-2.0
2026-04-17,54.30327224731445,0.2693369373389355,0.27840351484737286,100.05485164139097,98.71767534402218,XLE,エネルギー,rate_sensitive,Weakening,4.0,-3.0,1.0
2026-04-20,54.35261535644531,0.2687350913466928,0.27518070701381286,99.88987202532047,98.72329320808011,XLE,エネルギー,rate_sensitive,Lagging,3.0,-4.0,0.0
2026-04-21,55.14219665527344,0.2743215648099489,0.2748943262791916,99.84843109481905,99.00357376563197,XLE,エネルギー,rate_sensitive,Lagging,4.0,-2.0,3.0
2026-04-22,55.803466796875,0.27773465047213136,0.2758411010101715,99.86158835874085,99.30968722338787,XLE,エネルギー,rate_sensitive,Lagging,5.0,-1.0,4.0
2026-04-23,56.237735748291016,0.2799098304529689,0.27719734415777064,99.8944248884958,99.52427631013883,XLE,エネルギー,rate_sensitive,Lagging,5.0,0.0,4.0
2026-04-24,56.12916946411133,0.2799502647193059,0.2781149843449491,99.90852479479092,99.9756729206362,XLE,エネルギー,rate_sensitive,Lagging,7.0,3.0,6.0
2026-04-27,56.03047180175781,0.27979036826591086,0.27867344565193636,99.90595758664705,100.34146737397485,XLE,エネルギー,rate_sensitive,Improving,6.0,3.0,7.0
2026-04-28,56.95822525024414,0.2858824008301341,0.28107643071133565,99.99575799654677,100.6752466283038,XLE,エネルギー,rate_sensitive,Improving,8.0,4.0,6.0
2026-04-29,58.26102828979492,0.2929320550444807,0.28502830548905067,100.16886372920389,101.09809135517482,XLE,エネルギー,rate_sensitive,Leading,8.0,3.0,4.0
2026-04-30,58.872955322265625,0.29160005780158094,0.28721888959322744,100.25675968033173,101.31306509834755,XLE,エネルギー,rate_sensitive,Leading,8.0,3.0,3.0
2026-05-01,58.0833740234375,0.2885686674124193,0.2876688155329581,100.2554853191141,101.36266196939795,XLE,エネルギー,rate_sensitive,Leading,8.0,1.0,-2.0
2026-05-04,58.6163444519043,0.29292077137790956,0.2894194674812752,100.32510748460948,101.55671679574155,XLE,エネルギー,rate_sensitive,Leading,8.0,2.0,-1.0
2026-05-05,58.67556381225586,0.29090834298838786,0.28991575931697944,100.32773613389655,101.36150097077973,XLE,エネルギー,rate_sensitive,Leading,8.0,0.0,-4.0
2026-05-06,56.257476806640625,0.2767275402856241,0.2855196863065277,100.0514413126144,100.25122572428643,XLE,エネルギー,rate_sensitive,Leading,8.0,0.0,-3.0
2026-05-07,55.221153259277344,0.27337817906439615,0.2814725172258172,99.78932054805587,99.36920893574282,XLE,エネルギー,rate_sensitive,Lagging,8.0,0.0,-3.0
2026-05-08,54.97441482543945,0.27140991629149586,0.2781183169143767,99.56355848797575,98.82191405712892,XLE,エネルギー,rate_sensitive,Lagging,8.0,0.0,-1.0
2026-05-11,56.425262451171875,0.27872299627563946,0.2783198767014643,99.55047972550167,98.65651272858483,XLE,エネルギー,rate_sensitive,Lagging,7.0,-1.0,-3.0
2026-05-12,56.82005310058594,0.28092104310229327,0.2791869321684073,99.578277064924,98.75786675471302,XLE,エネルギー,rate_sensitive,Lagging,7.0,-1.0,-1.0
2026-05-13,56.8792724609375,0.282447232465838,0.28027369893421755,99.62361907231636,99.57264336222892,XLE,エネルギー,rate_sensitive,Lagging,7.0,-1.0,-1.0
2026-05-14,57.31353759765625,0.2835695381042462,0.28137231199089374,99.67155819664367,100.34292261579787,XLE,エネルギー,rate_sensitive,Improving,7.0,-1.0,-1.0
2026-05-15,58.665687561035156,0.2932837086384912,0.2853427775400929,99.90619031922772,101.44825743347207,XLE,エネルギー,rate_sensitive,Improving,8.0,0.0,0.0
2026-05-18,59.79084396362305,0.2970809858522241,0.28925551364413665,100.14026421705503,101.96048494790428,XLE,エネルギー,rate_sensitive,Leading,8.0,1.0,2.0
2026-05-19,60.49159240722656,0.30232185354173663,0.29361096027667,100.40875659738143,102.3787471152048,XLE,エネルギー,rate_sensitive,Leading,9.0,2.0,3.0
2026-05-20,59.02100372314453,0.2917740106482414,0.2929986437338605,100.34401790030542,102.01811332479552,XLE,エネルギー,rate_sensitive,Leading,9.0,2.0,3.0
2026-05-21,58.35973358154297,0.2872647667268711,0.2910873513981974,100.18822993705322,101.5053686467754,XLE,エネルギー,rate_sensitive,Leading,9.0,2.0,3.0
2026-05-22,58.71504211425781,0.28639750848728085,0.2895240704278919,100.05508418864483,100.67627129831206,XLE,エネルギー,rate_sensitive,Leading,8.0,0.0,0.0
2026-05-26,57.09640121459961,0.2770804266150419,0.2853761891569419,99.73379529522022,99.46201536683965,XLE,エネルギー,rate_sensitive,Lagging,8.0,0.0,-1.0
2026-05-27,56.24760818481445,0.27315867374579644,0.2813036840198934,99.41166826740536,98.23460874992715,XLE,エネルギー,rate_sensitive,Lagging,8.0,-1.0,-3.0
2026-05-28,56.208126068115234,0.27197076070626863,0.27819270958201847,99.15545481075105,97.92180562572955,XLE,エネルギー,rate_sensitive,Lagging,8.0,-1.0,-3.0
2026-05-29,55.55672836303711,0.26807226032689807,0.2748192264969783,98.8827742677557,97.80236827665678,XLE,エネルギー,rate_sensitive,Lagging,8.0,-1.0,-3.0
2026-06-01,56.553565979003906,0.27238656269372286,0.27400833856255985,98.81282502843247,98.02540794808517,XLE,エネルギー,rate_sensitive,Lagging,8.0,0.0,0.0
2026-06-02,57.20497131347656,0.27443524784588696,0.2741506416570022,98.82147498536472,98.70164784916082,XLE,エネルギー,rate_sensitive,Lagging,9.0,1.0,1.0
2026-06-03,57.94519805908203,0.2790359081886883,0.2757790638342309,98.9409254036829,99.55147852260679,XLE,エネルギー,rate_sensitive,Lagging,10.0,2.0,3.0
2026-06-04,57.98468017578125,0.2771334648181009,0.2762305308288543,98.97430345127368,100.10857676748512,XLE,エネルギー,rate_sensitive,Improving,10.0,2.0,3.0
2026-06-05,56.91874694824219,0.2759657622050823,0.27614227462093033,98.9726537253684,100.6267548788464,XLE,エネルギー,rate_sensitive,Improving,9.0,1.0,2.0
2026-06-08,57.570152282714844,0.279419838264736,0.27723479583553223,99.06077880400008,100.91676419296824,XLE,エネルギー,rate_sensitive,Improving,9.0,1.0,1.0
2026-06-09,56.64239501953125,0.2728404894393744,0.27577002703681297,98.95753993412865,100.69576879106086,XLE,エネルギー,rate_sensitive,Improving,9.0,0.0,-1.0
2026-06-10,57.49119567871094,0.28049577883870846,0.2773452776374448,99.0871793156411,100.71027517105604,XLE,エネルギー,rate_sensitive,Improving,8.0,-2.0,-4.0
2026-06-11,56.375911712646484,0.27083184587797593,0.2751741337176219,98.94547231962548,100.38663090430661,XLE,エネルギー,rate_sensitive,Improving,6.0,-4.0,-6.0
2026-06-12,56.80031204223633,0.270421106802333,0.2735897914125256,98.85791299678165,100.23277490077119,XLE,エネルギー,rate_sensitive,Improving,6.0,-3.0,-4.0
2026-06-15,54.82636642456055,0.2595151377659558,0.26889824019700237,98.56046366362777,99.52020959901459,XLE,エネルギー,rate_sensitive,Lagging,4.0,-5.0,-6.0
2026-06-16,54.63883972167969,0.2594929916164339,0.2657631573368129,98.39650422160533,99.4259609077541,XLE,エネルギー,rate_sensitive,Lagging,3.0,-6.0,-6.0
2026-06-17,53.957828521728516,0.26015794740545406,0.26389475402636,98.33407688125226,99.0886231577992,XLE,エネルギー,rate_sensitive,Lagging,3.0,-5.0,-3.0
2026-06-18,53.06955337524414,0.2546929909097593,0.26082749965415974,98.20209888833104,99.13384920818851,XLE,エネルギー,rate_sensitive,Lagging,2.0,-4.0,0.0
2026-06-22,53.74056625366211,0.2573473443572666,0.2596674478885287,98.20251508258208,99.32236210008529,XLE,エネルギー,rate_sensitive,Lagging,3.0,-3.0,0.0
2026-06-23,54.13819885253906,0.2601450682286707,0.259826654668576,98.2826618492043,100.04947798077065,XLE,エネルギー,rate_sensitive,Improving,3.0,-1.0,4.0
2026-06-24,53.25345993041992,0.25408136937619574,0.25791155957111594,98.22314511203638,100.2594284860865,XLE,エネルギー,rate_sensitive,Improving,3.0,0.0,6.0
2026-06-25,53.7703857421875,0.2548878760421399,0.2569036650614573,98.22028221177918,100.3811209607324,XLE,エネルギー,rate_sensitive,Improving,3.0,0.0,5.0
2026-06-26,53.52186584472656,0.2554469687816727,0.25641809963486245,98.23974911511758,100.67432737589073,XLE,エネルギー,rate_sensitive,Improving,3.0,1.0,5.0
2026-06-29,53.26340103149414,0.2509439864697429,0.2545933952464893,98.15338168224416,100.51521070540892,XLE,エネルギー,rate_sensitive,Improving,3.0,0.0,3.0
2026-06-30,52.79617691040039,0.24907005000620508,0.25275228016639456,98.04788358577862,100.16880864619323,XLE,エネルギー,rate_sensitive,Improving,2.0,-1.0,0.0
2026-07-01,52.49795150756836,0.24692042551340776,0.250808328615399,97.93375011280699,100.06945373409225,XLE,エネルギー,rate_sensitive,Improving,1.0,-2.0,-2.0
2026-07-02,52.9055290222168,0.24710063315667966,0.2495724301291592,97.88741556129895,99.985730499063,XLE,エネルギー,rate_sensitive,Lagging,1.0,-2.0,-2.0
2026-07-06,52.81605911254883,0.246579512566115,0.24857479094147783,97.86807069407404,99.90526071467724,XLE,エネルギー,rate_sensitive,Lagging,2.0,-1.0,-2.0
2026-07-07,54.317134857177734,0.25390635559808256,0.25035197916034607,98.03921412976567,100.38916499998334,XLE,エネルギー,rate_sensitive,Improving,1.0,-2.0,-2.0
2026-07-08,55.271461486816406,0.26144780889606817,0.2540505890722534,98.33293582645014,101.13390125398062,XLE,エネルギー,rate_sensitive,Improving,2.0,0.0,1.0
2026-07-09,54.49607467651367,0.2562104102732817,0.25477052947259615,98.42093023838541,101.47619204450693,XLE,エネルギー,rate_sensitive,Improving,3.0,2.0,4.0
2026-07-10,54.754539489746094,0.25646458596732224,0.2553352149708382,98.50526936640219,101.66346658634062,XLE,エネルギー,rate_sensitive,Improving,4.0,3.0,5.0
2026-07-13,56.40473175048828,0.26428025368052604,0.2583168945407342,98.77127112846492,102.09982259923031,XLE,エネルギー,rate_sensitive,Improving,6.0,4.0,5.0
2026-07-14,56.613487243652344,0.2662276707696527,0.2609538199503737,99.00760639857425,102.11078191647637,XLE,エネルギー,rate_sensitive,Improving,6.0,5.0,7.0
2026-07-15,56.16614532470703,0.26471930754939216,0.26220898248337987,99.13470489020466,101.74203631445465,XLE,エネルギー,rate_sensitive,Improving,6.0,4.0,4.0
2026-07-16,56.683074951171875,0.2645594015578656,0.2629924555082085,99.22217064703156,101.67638334191187,XLE,エネルギー,rate_sensitive,Improving,7.0,4.0,2.0
2026-07-17,57.339176177978516,0.2697413511544356,0.2652420873902842,99.42084106417788,101.80071669945977,XLE,エネルギー,rate_sensitive,Improving,8.0,4.0,1.0
2026-07-20,57.59763717651367,0.2721690257367786,0.26755106683911567,99.61734233228489,101.61661951321821,XLE,エネルギー,rate_sensitive,Improving,9.0,3.0,-1.0
2026-07-21,58.154327392578125,0.2743604558331873,0.2698208631704729,99.80413053590607,101.47863645188366,XLE,エネルギー,rate_sensitive,Improving,9.0,3.0,-2.0
2026-07-22,58.85019302368164,0.27772172138510676,0.2724544825753509,100.01614614385598,101.56429993263264,XLE,エネルギー,rate_sensitive,Leading,9.0,3.0,-1.0
2026-07-23,59.02912902832031,0.27959145088403914,0.2748334720115803,100.20628302456838,101.66821531020541,XLE,エネルギー,rate_sensitive,Leading,9.0,2.0,-2.0
2026-07-24,59.2677116394043,0.27855268691263724,0.27607321031193266,100.30627364508479,101.44861834130828,XLE,エネルギー,rate_sensitive,Leading,9.0,1.0,-3.0
2026-07-27,58.01515579223633,0.27062569287629745,0.27425737116672094,100.16717218513438,100.87233233665442,XLE,エネルギー,rate_sensitive,Leading,8.0,-1.0,-4.0
2026-07-28,57.22982406616211,0.26388419349607284,0.2707996452765049,99.90183516643324,100.12940926714045,XLE,エネルギー,rate_sensitive,Improving,8.0,-1.0,-4.0
2026-07-29,58.303443908691406,0.2712770946107368,0.2709587950545822,99.92701757283423,99.82946246814308,XLE,エネルギー,rate_sensitive,Lagging,8.0,-1.0,-4.0
2026-07-30,58.611610412597656,0.2731540978691655,0.2716905626594433,100.00257638381872,99.65471125069608,XLE,エネルギー,rate_sensitive,Weakening,9.0,0.0,-2.0
2026-07-31,59.198123931884766,0.2763622616010143,0.273247795639967,100.14822294523009,99.74255028415116,XLE,エネルギー,rate_sensitive,Weakening,9.0,0.0,-1.0
2026-08-03,58.4426155090332,0.2701962055378686,0.27223059893926754,100.08627381078381,99.88021228036757,XLE,エネルギー,rate_sensitive,Weakening,9.0,1.0,2.0
2026-08-04,58.17420959472656,0.26514501100672005,0.26986873629508507,99.91426006583369,100.04481456055264,XLE,エネルギー,rate_sensitive,Improving,9.0,1.0,2.0
2026-08-05,56.97136306762695,0.26025356855127363,0.26666368038048127,99.66731595239834,99.60953926545223,XLE,エネルギー,rate_sensitive,Lagging,9.0,1.0,2.0
2026-08-06,57.81633758544922,0.26550309595245364,0.2662768189044721,99.65582895938618,99.47244311185031,XLE,エネルギー,rate_sensitive,Lagging,8.0,-1.0,-1.0
2026-08-07,57.16023635864258,0.26068927393710783,0.2644143039153507,99.51348082344391,99.004462410037,XLE,エネルギー,rate_sensitive,Lagging,8.0,-1.0,-1.0
2026-08-10,59.82440185546875,0.27267860086282864,0.26716906956451003,99.77062607789712,99.51641734197298,XLE,エネルギー,rate_sensitive,Lagging,9.0,0.0,-1.0
2026-08-11,60.569969177246094,0.2754889191647679,0.269942352764596,100.02780386844499,100.20816398322356,XLE,エネルギー,rate_sensitive,Leading,9.0,0.0,-1.0
2026-08-12,60.669376373291016,0.2754542781015405,0.2717796612102442,100.20265554799933,100.88857223049894,XLE,エネルギー,rate_sensitive,Leading,9.0,0.0,-1.0
2026-08-13,60.69920349121094,0.27354812064142564,0.2723691476873047,100.26843127477548,100.98784008748616,XLE,エネルギー,rate_sensitive,Leading,9.0,1.0,2.0
2026-08-14,61.5441780090332,0.2773062894518659,0.27401486160882516,100.43052361766767,101.44852870993239,XLE,エネルギー,rate_sensitive,Leading,9.0,1.0,2.0
2026-08-17,62.21022415161133,0.2828211186496762,0.2769502806224422,100.71856114247352,101.46058831344156,XLE,エネルギー,rate_sensitive,Leading,9.0,0.0,0.0
2026-08-18,63.3037223815918,0.2891017834924424,0.28100078157910896,101.12359471897717,101.6605853548852,XLE,エネルギー,rate_sensitive,Leading,10.0,1.0,1.0
2026-08-19,63.204315185546875,0.2856842345423619,0.28256193256685996,101.32663016901044,101.67972037096767,XLE,エネルギー,rate_sensitive,Leading,10.0,1.0,1.0
2026-08-20,63.37330627441406,0.288775756823987,0.2846332073192357,101.57997746697049,101.9193546640461,XLE,エネルギー,rate_sensitive,Leading,10.0,1.0,0.0
2026-08-21,63.26395797729492,0.28646983502546575,0.28524541655464575,101.68052469609324,101.76585297966402,XLE,エネルギー,rate_sensitive,Leading,10.0,1.0,0.0
2026-08-24,62.737091064453125,0.28375126820772234,0.2847473671056713,101.66231810116446,101.26513362203441,XLE,エネルギー,rate_sensitive,Leading,10.0,1.0,1.0
2026-08-25,61.693294525146484,0.2792316214706719,0.28290878522733814,101.48764357295862,100.37997390218483,XLE,エネルギー,rate_sensitive,Leading,10.0,0.0,-1.0
2026-08-26,62.06110763549805,0.2804664167049783,0.28209466238655156,101.39984713740574,99.91540190355049,XLE,エネルギー,rate_sensitive,Weakening,10.0,0.0,-1.0
2026-08-27,61.92193603515625,0.28067149253831475,0.2816202724371393,101.33650237874116,99.3860257667824,XLE,エネルギー,rate_sensitive,Weakening,10.0,0.0,-1.0
2026-08-28,62.30963134765625,0.28340138234657464,0.2822139757402844,101.36842242642454,99.22122424300247,XLE,エネルギー,rate_sensitive,Weakening,10.0,0.0,-1.0
2026-08-31,63.58206558227539,0.2909023632132115,0.28511010489792676,101.61178787028949,99.60508895439168,XLE,エネルギー,rate_sensitive,Weakening,11.0,1.0,0.0
2026-09-01,64.38727569580078,0.29702332919628205,0.28908117966404523,101.92515561679667,100.42369043160303,XLE,エネルギー,rate_sensitive,Leading,11.0,1.0,1.0
2026-09-02,64.71533203125,0.29715733451415727,0.2917732312807493,102.08840832323799,100.84250861445348,XLE,エネルギー,rate_sensitive,Leading,11.0,1.0,1.0
2026-09-03,64.23816680908203,0.29302265836098373,0.2921897069741608,102.03764543020053,100.8386161412673,XLE,エネルギー,rate_sensitive,Leading,11.0,1.0,1.0
2026-09-04,63.68147277832031,0.2918760223003089,0.2920851454162102,101.94763173793406,100.60539505460115,XLE,エネルギー,rate_sensitive,Leading,11.0,1.0,1.0
2026-09-08,64.38727569580078,0.2982019410581703,0.2941240772968636,102.03697144679901,100.32561090239449,XLE,エネルギー,rate_sensitive,Leading,11.0,0.0,-1.0
2026-09-09,64.92408752441406,0.3036159848790874,0.2972880464909382,102.18932516651016,100.03530724794273,XLE,エネルギー,rate_sensitive,Leading,11.0,0.0,-1.0
2026-09-10,64.54633331298828,0.30393094779764207,0.2995023469265062,102.24807557941182,99.84879459169746,XLE,エネルギー,rate_sensitive,Weakening,11.0,0.0,-1.0
2026-09-11,64.75509643554688,0.3025015708549122,0.30050208823597485,102.2037905762903,99.85456260692004,XLE,エネルギー,rate_sensitive,Weakening,11.0,0.0,-1.0
2026-09-14,64.14869689941406,0.2994736619403473,0.3001592794707657,102.07007298442808,99.76917126496562,XLE,エネルギー,rate_sensitive,Weakening,11.0,0.0,-1.0
2026-09-15,65.5404281616211,0.3074723763906296,0.3025969784440537,102.12551542751108,99.68735233244965,XLE,エネルギー,rate_sensitive,Weakening,11.0,0.0,0.0
2026-09-16,63.65165328979492,0.30097474488060255,0.30205623392290337,101.98363993586507,99.13230505207942,XLE,エネルギー,rate_sensitive,Weakening,10.0,-1.0,-1.0
2026-09-17,64.0989990234375,0.30162649424159976,0.30191298736246885,101.88171699624098,98.80463444214736,XLE,エネルギー,rate_sensitive,Weakening,10.0,-1.0,-1.0
2026-09-18,63.929996490478516,0.3022766399510091,0.3020342048919823,101.80664339635194,98.71533550128794,XLE,エネルギー,rate_sensitive,Weakening,10.0,-1.0,-1.0
2026-09-21,62.459999084472656,0.2936806527903611,0.2992496875247752,101.56549298641411,98.49493892214788,XLE,エネルギー,rate_sensitive,Weakening,8.0,-3.0,-3.0
2026-09-22,61.779998779296875,0.2903195389723306,0.296272971340627,101.32957509562918,98.0014163513772,XLE,エネルギー,rate_sensitive,Weakening,8.0,-3.0,-3.0
2026-09-23,62.369998931884766,0.29515876982862727,0.29590157083662716,101.263769565396,98.19925537529448,XLE,エネルギー,rate_sensitive,Weakening,8.0,-2.0,-1.0
2026-09-24,62.599998474121094,0.29772662470076233,0.29650992212467225,101.2606392673902,98.4218173514687,XLE,エネルギー,rate_sensitive,Weakening,8.0,-2.0,-1.0
2026-09-25,62.040000915527344,0.2938752344093607,0.2956316928862351,101.1684994476496,98.44044141542489,XLE,エネルギー,rate_sensitive,Weakening,8.0,-2.0,-1.0
2026-09-28,62.099998474121094,0.29608084699008497,0.29578141092085175,101.14342185978286,98.84289159075858,XLE,エネルギー,rate_sensitive,Weakening,8.0,0.0,3.0
2026-09-29,62.099998474121094,0.29608084699008497,0.2958812229439295,101.11812841951915,99.21058092173092,XLE,エネルギー,rate_sensitive,Weakening,8.0,0.0,3.0
2024-09-30,41.718345642089844,0.24056688732864673,0.24056688732864673,,,XLRE,不動産,rate_sensitive,,,,
2024-10-01,41.466182708740234,0.2403874528495994,0.24050707583563097,,,XLRE,不動産,rate_sensitive,,,,
2024-10-02,41.31675720214844,0.2397768723376672,0.24026367466964305,,,XLRE,不動産,rate_sensitive,,,,
2024-10-03,40.91517639160156,0.23857207501938263,0.23969980811955627,,,XLRE,不動産,rate_sensitive,,,,
2024-10-04,40.64433670043945,0.23514802625335474,0.2381825474974891,,,XLRE,不動産,rate_sensitive,,,,
2024-10-07,40.34547805786133,0.2352502241659328,0.23720510638697034,,,XLRE,不動産,rate_sensitive,,,,
2024-10-08,40.466888427734375,0.2354000994311512,0.23660343740169731,,,XLRE,不動産,rate_sensitive,,,,
2024-10-09,40.485565185546875,0.23390200376833312,0.23570295952390924,,,XLRE,不動産,rate_sensitive,,,,
2024-10-10,40.14935302734375,0.23283194591617096,0.2347459549879965,,,XLRE,不動産,rate_sensitive,,,,
2024-10-11,40.56028747558594,0.23292694190126065,0.2341396172924179,,,XLRE,不動産,rate_sensitive,,,,
2024-10-14,40.84046173095703,0.2328275451361424,0.23370225990699273,,,XLRE,不動産,rate_sensitive,,,,
2024-10-15,41.35411834716797,0.2368274936880134,0.2347440045006663,,,XLRE,不動産,rate_sensitive,,,,
2024-10-16,41.76504898071289,0.2375741617940102,0.2356873902651143,,,XLRE,不動産,rate_sensitive,,,,
2024-10-17,41.494205474853516,0.23641099244716327,0.23592859099246394,,,XLRE,不動産,rate_sensitive,,,,
2024-10-18,41.783721923828125,0.23735365828395072,0.23640361342295954,,,XLRE,不動産,rate_sensitive,,,,
2024-10-21,40.92451095581055,0.23447113120442473,0.23575945268344795,,,XLRE,不動産,rate_sensitive,,,,
2024-10-22,40.98988723754883,0.2359054168228721,0.23580810739658933,,,XLRE,不動産,rate_sensitive,,,,
2024-10-23,41.3914680480957,0.2390021804754931,0.2368727984228906,,,XLRE,不動産,rate_sensitive,,,,
2024-10-24,41.48486328125,0.23948786674979772,0.237744487865193,,,XLRE,不動産,rate_sensitive,,,,
2024-10-25,41.15799331665039,0.2387348134967695,0.23807459640905185,,,XLRE,不動産,rate_sensitive,,,,
2024-10-28,41.28874206542969,0.23814275862336026,0.23809731714715468,,,XLRE,不動産,rate_sensitive,,,,
2024-10-29,40.91517639160156,0.23670174356997,0.2376321259547598,,,XLRE,不動産,rate_sensitive,,,,
2024-10-30,41.06460189819336,0.2380861374689444,0.23778346312615467,,,XLRE,不動産,rate_sensitive,,,,
2024-10-31,40.34547805786133,0.23643787861648746,0.23733493495626562,,,XLRE,不動産,rate_sensitive,,,,
2024-11-01,39.91587829589844,0.23377438926523803,0.23614808639258977,,,XLRE,不動産,rate_sensitive,,,,
2024-11-04,40.36415481567383,0.23611875643951866,0.23613830974156608,,,XLRE,不動産,rate_sensitive,,,,
2024-11-05,40.91517639160156,0.23658251515070503,0.23628637821127907,,,XLRE,不動産,rate_sensitive,,,,
2024-11-06,39.822479248046875,0.22493885043910725,0.23250386895388847,,,XLRE,不動産,rate_sensitive,,,,
2024-11-07,40.31745529174805,0.22751084515721895,0.230839527688332,,,XLRE,不動産,rate_sensitive,,,,
2024-11-08,41.00856018066406,0.23012859451634443,0.23060254996433616,,,XLRE,不動産,rate_sensitive,,,,
2024-11-11,40.65367126464844,0.22700268634317117,0.22940259542394784,,,XLRE,不動産,rate_sensitive,,,,
2024-11-12,40.1400146484375,0.2258557111372306,0.22822030066170876,,,XLRE,不動産,rate_sensitive,,,,
2024-11-13,40.457550048828125,0.22751846327604497,0.22798635486648752,,,XLRE,不動産,rate_sensitive,,,,
2024-11-14,40.093318939208984,0.22728885399974483,0.2277538545775733,,,XLRE,不動産,rate_sensitive,,,,
2024-11-15,40.1400146484375,0.22918848202890427,0.22823206372801697,,,XLRE,不動産,rate_sensitive,,,,
2024-11-18,40.494903564453125,0.23028572926032773,0.2289166189054539,,,XLRE,不動産,rate_sensitive,,,,
2024-11-19,40.66301345825195,0.2318671408840476,0.22990012623165182,,,XLRE,不動産,rate_sensitive,,,,
2024-11-20,40.5976448059082,0.23071760297845675,0.2301726184805868,,,XLRE,不動産,rate_sensitive,,,,
2024-11-21,40.86847686767578,0.22936740958513405,0.22990421551543588,,,XLRE,不動産,rate_sensitive,,,,
2024-11-22,41.176666259765625,0.22929092361735923,0.22969978488274367,,,XLRE,不動産,rate_sensitive,,,,
2024-11-25,41.72768783569336,0.23027412622602278,0.22989123199717007,,,XLRE,不動産,rate_sensitive,,,,
2024-11-26,41.93314743041992,0.23138322952174822,0.2303885645053628,,,XLRE,不動産,rate_sensitive,,,,
2024-11-27,42.22266387939453,0.2332049476349512,0.2313273588818923,,,XLRE,不動産,rate_sensitive,,,,
2024-11-29,42.02654266357422,0.23141652969750723,0.2313570824870973,,,XLRE,不動産,rate_sensitive,,,,
2024-12-02,41.3914680480957,0.22849194610125262,0.2304020370251491,,,XLRE,不動産,rate_sensitive,,,,
2024-12-03,41.148651123046875,0.22816342067369988,0.22965583157466604,,,XLRE,不動産,rate_sensitive,,,,
2024-12-04,41.03657913208008,0.22752977316001846,0.22894714543645017,,,XLRE,不動産,rate_sensitive,,,,
2024-12-05,40.9338493347168,0.22809866082288577,0.2286643172319287,,,XLRE,不動産,rate_sensitive,,,,
2024-12-06,40.87781524658203,0.22804469422115692,0.22845777622833813,,,XLRE,不動産,rate_sensitive,,,,
2024-12-09,40.96186828613281,0.22945526537034372,0.22879027260900667,,,XLRE,不動産,rate_sensitive,,,,
2024-12-10,40.29878234863281,0.2271324935604021,0.22823767959280516,,,XLRE,不動産,rate_sensitive,,,,
2024-12-11,40.19605255126953,0.22634362416707107,0.22760632778422712,,,XLRE,不動産,rate_sensitive,,,,
2024-12-12,40.168033599853516,0.2270148178471637,0.22740915780520599,,,XLRE,不動産,rate_sensitive,,,,
2024-12-13,39.99992752075195,0.2268590090304491,0.22722577488028703,,,XLRE,不動産,rate_sensitive,,,,
2024-12-16,39.794464111328125,0.2264395923762608,0.22696371404561164,,,XLRE,不動産,rate_sensitive,,,,
2024-12-17,39.61701965332031,0.2272195100264506,0.22704897937255797,,,XLRE,不動産,rate_sensitive,,,,
2024-12-18,38.066707611083984,0.22498507007460364,0.2263610096065732,,,XLRE,不動産,rate_sensitive,,,,
2024-12-19,37.4129638671875,0.22185743082903098,0.22485981668072583,,,XLRE,不動産,rate_sensitive,,,,
2024-12-20,38.094722747802734,0.22278013227375362,0.22416658854506843,,,XLRE,不動産,rate_sensitive,,,,
2024-12-23,38.26841735839844,0.22349121802388117,0.22394146503800602,,,XLRE,不動産,rate_sensitive,,,,
2024-12-24,38.523284912109375,0.22329490849520475,0.2237259461904056,,,XLRE,不動産,rate_sensitive,,,,
2024-12-26,38.579917907714844,0.2232586784067372,0.22357019026251612,,,XLRE,不動産,rate_sensitive,,,,
2024-12-27,38.26841735839844,0.2229725987267772,0.2233709930839365,98.2272624088473,,XLRE,不動産,rate_sensitive,,3.0,,
2024-12-30,38.089054107666016,0.2241860068904613,0.2236426643527781,98.33345869437659,,XLRE,不動産,rate_sensitive,,3.0,,
2024-12-31,38.39112854003906,0.22555133428890803,0.22427888766482143,98.50449534820523,,XLRE,不動産,rate_sensitive,,3.0,,
2025-01-02,38.03242874145508,0.22409618638955206,0.22421798723973166,98.52957681971317,,XLRE,不動産,rate_sensitive,,3.0,,
2025-01-03,38.55160140991211,0.22509393028436028,0.22450996825460787,98.62642526330004,,XLRE,不動産,rate_sensitive,,3.0,,
2025-01-06,38.02298355102539,0.22215864853682157,0.22372619501534577,98.50632642616499,,XLRE,不動産,rate_sensitive,,3.0,0.0,
2025-01-07,37.73979187011719,0.22124489101655298,0.22289909368241487,98.38759173344235,,XLRE,不動産,rate_sensitive,,3.0,0.0,
2025-01-08,37.900264739990234,0.22192023053391424,0.222572805966248,98.3786865780154,,XLRE,不動産,rate_sensitive,,1.0,-2.0,
2025-01-10,36.984615325927734,0.2197712336074236,0.22163894851330657,98.25497054263325,,XLRE,不動産,rate_sensitive,,1.0,-2.0,
2025-01-13,37.456600189208984,0.22076644516177946,0.22134811406279753,98.26900342164272,,XLRE,不動産,rate_sensitive,,1.0,-2.0,
2025-01-14,37.77755355834961,0.2208751278659777,0.22119045199719095,98.30887705644345,,XLRE,不動産,rate_sensitive,,1.0,-2.0,-2.0
2025-01-15,37.93802261352539,0.2197046220476741,0.220695175347352,98.28432291762351,,XLRE,不動産,rate_sensitive,,2.0,-1.0,-1.0
2025-01-16,38.78759765625,0.22286946150120623,0.22141993739863675,98.48383830607979,,XLRE,不動産,rate_sensitive,,2.0,1.0,3.0
2025-01-17,38.778160095214844,0.22173853257076487,0.22152613578934613,98.55438720823398,,XLRE,不動産,rate_sensitive,,2.0,1.0,3.0
2025-01-21,39.48612976074219,0.22319582733928364,0.2220826996393253,98.70341219241534,,XLRE,不動産,rate_sensitive,,2.0,1.0,3.0
2025-01-22,38.79703140258789,0.22007401546696745,0.22141313824853937,98.61641471130524,,XLRE,不動産,rate_sensitive,,2.0,1.0,3.0
2025-01-23,39.10854721069336,0.2207948309040327,0.2212070358003705,98.62040345658622,,XLRE,不動産,rate_sensitive,,2.0,0.0,1.0
2025-01-24,39.221824645996094,0.22162881790301517,0.2213476298345854,98.6878352114545,,XLRE,不動産,rate_sensitive,,2.0,0.0,-1.0
2025-01-27,39.60884475708008,0.22366841392721235,0.22212122453212774,98.86860920965155,,XLRE,不動産,rate_sensitive,,2.0,0.0,-1.0
2025-01-28,39.12742614746094,0.22204602511329802,0.2220961580591845,98.88824399563332,,XLRE,不動産,rate_sensitive,,2.0,0.0,-1.0
2025-01-29,38.674320220947266,0.2202029946200331,0.2214651035794674,98.78246818753149,,XLRE,不動産,rate_sensitive,,2.0,0.0,-1.0
2025-01-30,39.18406295776367,0.22074904093701272,0.2212264160319825,98.75167786723355,,XLRE,不動産,rate_sensitive,,1.0,-1.0,-1.0
2025-01-31,39.0991096496582,0.22209347517018663,0.22151543574471722,98.83086898974693,,XLRE,不動産,rate_sensitive,,1.0,-1.0,-1.0
2025-02-03,39.03302764892578,0.22293587000485166,0.2219889138314287,98.94808226913766,,XLRE,不動産,rate_sensitive,,1.0,-1.0,-1.0
2025-02-04,39.03302764892578,0.22266410026614525,0.22221397597633424,99.01146521626525,,XLRE,不動産,rate_sensitive,,1.0,-1.0,-1.0
2025-02-05,39.646602630615234,0.2250667916441126,0.2231649145322604,99.25890964725161,,XLRE,不動産,rate_sensitive,,2.0,0.0,0.0
2025-02-06,39.75988006591797,0.22600894857884823,0.22411292588112303,99.52125910900014,,XLRE,不動産,rate_sensitive,,3.0,2.0,3.0
2025-02-07,39.6182861328125,0.22631622667290416,0.2248473594783834,99.74901493647377,,XLRE,不動産,rate_sensitive,,5.0,4.0,5.0
2025-02-10,39.674922943115234,0.2260002051279377,0.2252316413615682,99.88769632549925,,XLRE,不動産,rate_sensitive,,5.0,4.0,5.0
2025-02-11,39.89202880859375,0.22721176455864828,0.2258916824272616,100.10652027656391,,XLRE,不動産,rate_sensitive,,5.0,4.0,5.0
2025-02-12,39.552215576171875,0.22659257684461698,0.2261253138997134,100.20147781442944,,XLRE,不動産,rate_sensitive,,5.0,3.0,3.0
2025-02-13,39.863712310791016,0.2264116625080717,0.22622076343583286,100.24882535438748,,XLRE,不動産,rate_sensitive,,4.0,1.0,-1.0
2025-02-14,39.703243255615234,0.22572440021705006,0.22605530902957194,100.20960082538922,,XLRE,不動産,rate_sensitive,,4.0,-1.0,-5.0
2025-02-18,39.84483337402344,0.2248037389823379,0.22563811901382727,100.09220320287541,,XLRE,不動産,rate_sensitive,,4.0,-1.0,-5.0
2025-02-19,39.92035675048828,0.2247740721247453,0.22535010338413328,100.01432520476362,,XLRE,不動産,rate_sensitive,,3.0,-2.0,-6.0
2025-02-20,40.19410705566406,0.22688621662622901,0.22586214113149852,100.18783803379547,,XLRE,不動産,rate_sensitive,,3.0,-2.0,-5.0
2025-02-21,39.863712310791016,0.22822474208720017,0.2266496747833991,100.4518460569629,,XLRE,不動産,rate_sensitive,,5.0,1.0,0.0
2025-02-24,40.04307174682617,0.22906053819996344,0.22745329592225388,100.73032971744763,,XLRE,不動産,rate_sensitive,,6.0,2.0,3.0
2025-02-25,40.46784973144531,0.23125913185907473,0.22872190790119418,101.15962101844791,,XLRE,不動産,rate_sensitive,,6.0,2.0,3.0
2025-02-26,40.269622802734375,0.23061273495478465,0.22935218358572435,101.37401962752834,,XLRE,不動産,rate_sensitive,,8.0,5.0,7.0
2025-02-27,40.448974609375,0.233680695926413,0.23079502103262056,101.8237472927754,,XLRE,不動産,rate_sensitive,,9.0,6.0,8.0
2025-02-28,40.7321662902832,0.23273080375560462,0.23144028194028193,101.99666457556845,,XLRE,不動産,rate_sensitive,,9.0,4.0,3.0
2025-03-03,41.0814323425293,0.23725461936248665,0.23337839441435018,102.52024088999279,,XLRE,不動産,rate_sensitive,,11.0,5.0,3.0
2025-03-04,40.60944747924805,0.2383800954852916,0.235045628104664,102.88998474588129,,XLRE,不動産,rate_sensitive,,11.0,5.0,3.0
2025-03-05,40.987037658691406,0.2383810464932081,0.23615743423417873,103.02835316476782,,XLRE,不動産,rate_sensitive,,11.0,3.0,-2.0
2025-03-06,39.863712310791016,0.23444371057936803,0.23558619301590852,102.71223198589415,,XLRE,不動産,rate_sensitive,,10.0,1.0,-5.0
2025-03-07,40.09027099609375,0.23358770821229152,0.23492003141470286,102.41346780425542,,XLRE,不動産,rate_sensitive,,10.0,1.0,-3.0
2025-03-10,39.703243255615234,0.23463932655955164,0.23482646312965244,102.27693422014502,,XLRE,不動産,rate_sensitive,,9.0,-2.0,-7.0
2025-03-11,39.287899017333984,0.2353186959136005,0.2349905407243018,102.20928449121469,,XLRE,不動産,rate_sensitive,,9.0,-2.0,-7.0
2025-03-12,39.14630889892578,0.23558081423505478,0.23518729856121948,102.15188131758192,,XLRE,不動産,rate_sensitive,,9.0,-2.0,-5.0
2025-03-13,38.381690979003906,0.23321518585026504,0.23452992765756803,101.9255375097053,,XLRE,不動産,rate_sensitive,,8.0,-2.0,-3.0
2025-03-14,39.12742614746094,0.23329879993169136,0.2341195517489425,101.76932163788692,,XLRE,不動産,rate_sensitive,,9.0,-1.0,-2.0
2025-03-17,39.8165168762207,0.23424640631720103,0.23416183660502868,101.71464006534339,,XLRE,不動産,rate_sensitive,,9.0,0.0,2.0
2025-03-18,39.57108688354492,0.23401949089520396,0.2341143880350871,101.645025814614,,XLRE,不動産,rate_sensitive,,8.0,-1.0,1.0
2025-03-19,39.6182861328125,0.23257516298652986,0.23360131301890136,101.4892900800135,,XLRE,不動産,rate_sensitive,,8.0,-1.0,1.0
2025-03-20,39.57108688354492,0.23326910181261967,0.23349057595014083,101.42134346518318,,XLRE,不動産,rate_sensitive,,8.0,0.0,2.0
2025-03-21,39.18406295776367,0.23205063305551657,0.2330105949852661,101.28762287097362,,XLRE,不動産,rate_sensitive,,8.0,-1.0,0.0
2025-03-24,39.7293701171875,0.23168965362285374,0.23257028119779533,101.16706117136485,,XLRE,不動産,rate_sensitive,,8.0,-1.0,-1.0
2025-03-25,39.25436019897461,0.2294680587835268,0.23153620705970582,100.93669252558175,,XLRE,不動産,rate_sensitive,,7.0,-1.0,0.0
2025-03-26,39.453861236572266,0.23106937206532807,0.23138059539491326,100.8800453218649,,XLRE,不動産,rate_sensitive,,7.0,-1.0,0.0
2025-03-27,39.35886764526367,0.2311075251562632,0.23128957198202993,100.83697273252344,,XLRE,不動産,rate_sensitive,,6.0,-2.0,-2.0
2025-03-28,39.339866638183594,0.23461278588052226,0.23239730994819405,101.02000210476027,,XLRE,不動産,rate_sensitive,,6.0,-2.0,-1.0
2025-03-31,39.75786209106445,0.23514835736374629,0.23331432575337813,101.15887535708686,,XLRE,不動産,rate_sensitive,,7.0,-1.0,0.0
2025-04-01,39.78636932373047,0.23507267407659374,0.23390044186111666,101.22946794001906,,XLRE,不動産,rate_sensitive,,7.0,0.0,1.0
2025-04-02,39.97636795043945,0.2342366705755416,0.23401251809925833,101.20994494074313,,XLRE,不動産,rate_sensitive,,8.0,1.0,2.0
2025-04-03,38.77935791015625,0.238588837269909,0.23553795782280856,101.44371158222094,,XLRE,不動産,rate_sensitive,,8.0,2.0,4.0
2025-04-04,37.0123405456543,0.24126327990009067,0.23744639851523594,101.72284513571019,,XLRE,不動産,rate_sensitive,,9.0,3.0,5.0
2025-04-07,36.11933517456055,0.2374210177748058,0.2374379382684259,101.65130975629494,100.37779026639183,XLRE,不動産,rate_sensitive,Leading,9.0,2.0,3.0
2025-04-08,35.226322174072266,0.23600252237104105,0.23695946630263096,101.50743359092493,100.0585301966706,XLRE,不動産,rate_sensitive,Leading,8.0,1.0,1.0
2025-04-09,37.24984359741211,0.23107955414586714,0.2349994955837097,101.12499413621003,99.52213190221751,XLRE,不動産,rate_sensitive,Weakening,8.0,0.0,-1.0
2025-04-10,36.461334228515625,0.23406779446842887,0.23468892854528278,101.03698863468024,99.05505573469895,XLRE,不動産,rate_sensitive,Weakening,8.0,0.0,-2.0
2025-04-11,36.97433853149414,0.23381575226060147,0.23439786978372237,100.95551455274988,98.55186720296646,XLRE,不動産,rate_sensitive,Weakening,6.0,-3.0,-6.0
2025-04-14,37.79134750366211,0.23596751020159282,0.23492108325634586,101.01673004931453,98.76063953931518,XLRE,不動産,rate_sensitive,Weakening,6.0,-3.0,-5.0
2025-04-15,37.84834671020508,0.23708923631957043,0.2356438009440874,101.1120760617943,99.11527950443833,XLRE,不動産,rate_sensitive,Weakening,7.0,-1.0,-2.0
2025-04-16,37.82935333251953,0.24005231957135792,0.23711330715317758,101.3364273478158,99.98525163594381,XLRE,不動産,rate_sensitive,Weakening,7.0,-1.0,-1.0
2025-04-17,38.4278564453125,0.24205127810819227,0.23875929747151584,101.58000276165942,100.45471827892594,XLRE,不動産,rate_sensitive,Leading,8.0,0.0,0.0
2025-04-21,37.62984848022461,0.2418874453447959,0.23980201342927587,101.70659902620099,100.74193367655975,XLRE,不動産,rate_sensitive,Leading,9.0,3.0,6.0
2025-04-22,38.399356842041016,0.2408942888720967,0.2401661052435495,101.70902815219058,100.64958637255495,XLRE,不動産,rate_sensitive,Leading,9.0,3.0,6.0
2025-04-23,38.44685363769531,0.2388812711295644,0.23973782720555448,101.58299868822527,100.32778153759307,XLRE,不動産,rate_sensitive,Leading,9.0,2.0,3.0
2025-04-24,38.560855865478516,0.23560337883570853,0.23835967774893918,101.30296722990633,99.61307811345424,XLRE,不動産,rate_sensitive,Weakening,8.0,1.0,2.0
2025-04-25,38.50385284423828,0.23559224635252357,0.23743720061680065,101.1084456651522,99.00873470641176,XLRE,不動産,rate_sensitive,Weakening,7.0,-1.0,-1.0
2025-04-28,38.74135971069336,0.2363819982193287,0.23708546648431,101.01633579174707,98.73719806626245,XLRE,不動産,rate_sensitive,Weakening,7.0,-2.0,-5.0
2025-04-29,39.05486297607422,0.23691220630794724,0.2370277130921891,100.97939113839755,98.71985701265427,XLRE,不動産,rate_sensitive,Weakening,7.0,-2.0,-5.0
2025-04-30,39.2353630065918,0.23766943567149762,0.23724162061862528,100.99651182202425,98.94425893381084,XLRE,不動産,rate_sensitive,Weakening,8.0,-1.0,-3.0
2025-05-01,39.349365234375,0.2386845581975484,0.23772259981159966,101.0687654425732,99.43672782253327,XLRE,不動産,rate_sensitive,Weakening,8.0,0.0,-1.0
2025-05-02,39.83386993408203,0.237434527188276,0.2376265756038251,101.03014984954213,99.65510018188147,XLRE,不動産,rate_sensitive,Weakening,8.0,1.0,2.0
2025-05-05,39.78636932373047,0.23794040757148963,0.2377311862597133,101.03270629349778,99.78587381862441,XLRE,不動産,rate_sensitive,Weakening,9.0,2.0,4.0
2025-05-06,39.5108642578125,0.23805749619591993,0.23783995623844886,101.03868124181894,99.84591637722532,XLRE,不動産,rate_sensitive,Weakening,8.0,1.0,3.0
2025-05-07,39.48237228393555,0.23632931662863502,0.23733640970184425,100.90895456099533,99.65741253293929,XLRE,不動産,rate_sensitive,Weakening,8.0,0.0,1.0
2025-05-08,39.29236602783203,0.233229899595911,0.23596757299986654,100.57459950326448,99.12970294229159,XLRE,不動産,rate_sensitive,Weakening,8.0,0.0,0.0
2025-05-09,39.52986526489258,0.23469399079280848,0.23554304559751385,100.4496554943975,99.04266581135828,XLRE,不動産,rate_sensitive,Weakening,8.0,0.0,-1.0
2025-05-12,39.567867279052734,0.22865246853021431,0.23324618657508067,99.85443772021735,98.29489620882333,XLRE,不動産,rate_sensitive,Lagging,5.0,-4.0,-6.0
2025-05-13,39.03586196899414,0.2250703494886053,0.23052090754625557,99.12439326927633,97.46968443693527,XLRE,不動産,rate_sensitive,Lagging,4.0,-4.0,-5.0
2025-05-14,38.703365325927734,0.22450509704219934,0.22851563737823682,98.56972511628871,97.1604211407133,XLRE,不動産,rate_sensitive,Lagging,3.0,-5.0,-5.0
2025-05-15,39.41586685180664,0.22657283488843002,0.22786803654830123,98.37094356541589,97.50326651406188,XLRE,不動産,rate_sensitive,Lagging,3.0,-5.0,-5.0
2025-05-16,39.90987014770508,0.22718200525981977,0.22763935945214075,98.28054820226872,97.6926134182685,XLRE,不動産,rate_sensitive,Lagging,3.0,-5.0,-5.0
2025-05-19,39.995365142822266,0.22769397001979644,0.22765756297469267,98.24567380674151,98.38447160599262,XLRE,不動産,rate_sensitive,Lagging,3.0,-2.0,2.0
2025-05-20,39.78636932373047,0.2270972053461882,0.22747077709852453,98.14774780712999,99.09705603425137,XLRE,不動産,rate_sensitive,Lagging,3.0,-1.0,3.0
2025-05-21,38.73185729980469,0.2260011086677841,0.22698088762161106,97.98271196158157,99.53088206218041,XLRE,不動産,rate_sensitive,Lagging,2.0,-1.0,4.0
2025-05-22,38.59886169433594,0.22594565278264944,0.2266358093419572,97.88485292819642,99.65208963405814,XLRE,不動産,rate_sensitive,Lagging,2.0,-1.0,4.0
2025-05-23,38.60835266113281,0.2269087086489767,0.2267267757776304,97.92768517957444,99.8108172165654,XLRE,不動産,rate_sensitive,Lagging,2.0,-1.0,4.0
2025-05-27,39.2448616027832,0.22642829706582276,0.22662728287369452,97.94399785733802,99.88855453857961,XLRE,不動産,rate_sensitive,Lagging,2.0,-1.0,1.0
2025-05-28,39.2448616027832,0.22837017322454586,0.22720824632397832,98.14313221993149,100.24701324161698,XLRE,不動産,rate_sensitive,Improving,2.0,-1.0,0.0
2025-05-29,39.605865478515625,0.22990942103280448,0.22810863789358704,98.4242803730089,100.79975133947055,XLRE,不動産,rate_sensitive,Improving,2.0,0.0,1.0
2025-05-30,39.64386749267578,0.23022131582608418,0.2288128638710861,98.64142099367214,101.21313441363789,XLRE,不動産,rate_sensitive,Improving,3.0,1.0,2.0
2025-06-02,39.70086669921875,0.23036954241227167,0.22933175671814798,98.81080169518712,101.43136160989381,XLRE,不動産,rate_sensitive,Improving,3.0,1.0,2.0
2025-06-03,39.55836486816406,0.2276474129564852,0.22877030879759372,98.70606348841115,101.35055754824556,XLRE,不動産,rate_sensitive,Improving,3.0,1.0,2.0
2025-06-04,39.68186950683594,0.22887237764161011,0.2288043317455992,98.75724504756512,101.23096384619836,XLRE,不動産,rate_sensitive,Improving,3.0,1.0,2.0
2025-06-05,39.672367095947266,0.2294374944625467,0.2290153859845817,98.84880630137579,100.9987556662524,XLRE,不動産,rate_sensitive,Improving,3.0,1.0,1.0
2025-06-06,39.78636932373047,0.22812665220679051,0.22871914139198465,98.81102134215796,100.65933021933405,XLRE,不動産,rate_sensitive,Improving,3.0,0.0,-1.0
2025-06-09,39.76736831665039,0.22797944786373547,0.22847257688256828,98.78778689439612,100.39015840181035,XLRE,不動産,rate_sensitive,Improving,3.0,0.0,-1.0
2025-06-10,40.11886978149414,0.22885486579956055,0.22860000652156573,98.8558247365046,100.60802736476496,XLRE,不動産,rate_sensitive,Improving,2.0,-1.0,-2.0
2025-06-11,39.90036392211914,0.22825655153703547,0.22848552152672233,98.86379581153318,100.52914500538974,XLRE,不動産,rate_sensitive,Improving,2.0,-1.0,-2.0
2025-06-12,40.11886978149414,0.22896960335469876,0.22864688213604784,98.93529679984717,100.4836254110221,XLRE,不動産,rate_sensitive,Improving,2.0,-1.0,-2.0
2025-06-13,39.795867919921875,0.22990517430373578,0.2290663128586105,99.06318399252459,100.69056175564376,XLRE,不動産,rate_sensitive,Improving,4.0,1.0,1.0
2025-06-16,39.83386993408203,0.2279270553796164,0.2286865603656125,98.99994565079594,100.61780335091879,XLRE,不動産,rate_sensitive,Improving,3.0,0.0,0.0
2025-06-17,39.672367095947266,0.2292046273100472,0.22885924934709076,99.06742385837997,100.59937663649389,XLRE,不動産,rate_sensitive,Improving,4.0,2.0,3.0
2025-06-18,39.74836730957031,0.2296178238397506,0.22911210751131073,99.14952423083622,100.67958396017482,XLRE,不動産,rate_sensitive,Improving,4.0,2.0,3.0
2025-06-20,39.73887252807617,0.2291882237025869,0.22913747957506947,99.176303735199,100.60130551336441,XLRE,不動産,rate_sensitive,Improving,4.0,2.0,3.0
2025-06-23,40.318817138671875,0.23049805100236967,0.22959100338416955,99.29887335239276,100.57763216003043,XLRE,不動産,rate_sensitive,Improving,6.0,2.0,1.0
2025-06-24,40.510536193847656,0.22942184521668707,0.22953461732834207,99.29977718745099,100.6457398457819,XLRE,不動産,rate_sensitive,Improving,6.0,3.0,3.0
2025-06-25,39.5231819152832,0.22545685152821476,0.228175362061633,99.00201565647204,100.13561336068909,XLRE,不動産,rate_sensitive,Improving,4.0,0.0,-2.0
2025-06-26,39.27394485473633,0.2223570035153188,0.22623590921286163,98.59331547165796,99.46370409437719,XLRE,不動産,rate_sensitive,Lagging,1.0,-3.0,-5.0
2025-06-27,39.4177360534668,0.2223568129979298,0.22494287714121772,98.35756515276371,99.11330005480093,XLRE,不動産,rate_sensitive,Lagging,1.0,-3.0,-5.0
2025-06-30,39.70531463623047,0.22293151197559902,0.2242724220860115,98.27982393642937,98.86865985654939,XLRE,不動産,rate_sensitive,Lagging,1.0,-5.0,-7.0
2025-07-01,39.973724365234375,0.22183860148053405,0.22346114855085236,98.18698708098187,98.78056415339755,XLRE,不動産,rate_sensitive,Lagging,1.0,-5.0,-8.0
2025-07-02,40.0504150390625,0.22175763573334545,0.22289331094501674,98.1548033238515,99.16025131161996,XLRE,不動産,rate_sensitive,Lagging,2.0,-2.0,-2.0
2025-07-03,40.069583892822266,0.22079749508376684,0.22219470565793345,98.10446178092795,99.6524547459756,XLRE,不動産,rate_sensitive,Lagging,2.0,1.0,4.0
2025-07-07,39.76283264160156,0.2208724212167958,0.22175394417755423,98.10820645822349,99.98969934115169,XLRE,不動産,rate_sensitive,Lagging,1.0,0.0,3.0
2025-07-08,39.70531463623047,0.220002051110009,0.22116997982170583,98.0824252994826,100.07998058095174,XLRE,不動産,rate_sensitive,Improving,2.0,1.0,6.0
2025-07-09,39.6861457824707,0.21924104871025343,0.22052700278455503,98.05028725253717,100.17793655416237,XLRE,不動産,rate_sensitive,Improving,1.0,0.0,5.0
2025-07-10,39.887451171875,0.21908401322584678,0.22004600626498563,98.05234060170385,100.23434180868519,XLRE,不動産,rate_sensitive,Improving,1.0,-1.0,1.0
2025-07-11,39.84910583496094,0.22048748438191385,0.22019316563729507,98.16543480368621,100.45648548205237,XLRE,不動産,rate_sensitive,Improving,2.0,0.0,-1.0
2025-07-14,40.11751174926758,0.2217441335001709,0.22071015492492035,98.32949380077879,100.66183536099864,XLRE,不動産,rate_sensitive,Improving,1.0,0.0,0.0
2025-07-15,39.59986877441406,0.22196084253909157,0.2211270507963108,98.4637215884711,100.8551772431078,XLRE,不動産,rate_sensitive,Improving,2.0,0.0,-1.0
2025-07-16,40.0312385559082,0.2235070449149536,0.22192038216919174,98.64980711430316,101.11896581599696,XLRE,不動産,rate_sensitive,Improving,3.0,2.0,2.0
2025-07-17,39.992897033691406,0.2214872340648483,0.22177599946774393,98.67109334853365,101.11230023705127,XLRE,不動産,rate_sensitive,Improving,2.0,1.0,2.0
2025-07-18,40.107933044433594,0.22220874783625502,0.22192024892391432,98.73617381925105,101.0333858237292,XLRE,不動産,rate_sensitive,Improving,2.0,0.0,0.0
2025-07-21,40.26130294799805,0.22382406392770757,0.22255485392517876,98.87607590686035,101.00084884406186,XLRE,不動産,rate_sensitive,Improving,3.0,2.0,2.0
2025-07-22,40.96108627319336,0.2248478580942526,0.22331918864820338,99.03322913078658,101.04017101612916,XLRE,不動産,rate_sensitive,Improving,5.0,3.0,3.0
2025-07-23,41.07611846923828,0.22362671490598873,0.2234216974007985,99.07338802814368,100.85455198024032,XLRE,不動産,rate_sensitive,Improving,5.0,2.0,0.0
2025-07-24,41.01860046386719,0.22403071865057952,0.22362470448405886,99.13188770667445,100.90536679112535,XLRE,不動産,rate_sensitive,Improving,5.0,3.0,2.0
2025-07-25,41.01860046386719,0.22295668551155393,0.2234020314932239,99.11376689836463,100.78022302073163,XLRE,不動産,rate_sensitive,Improving,5.0,3.0,3.0
2025-07-28,40.30923843383789,0.22040415620666465,0.2224027397310375,98.948491566954,100.35695704741705,XLRE,不動産,rate_sensitive,Improving,4.0,1.0,-1.0
2025-07-29,40.980255126953125,0.22418125339003692,0.22299557761737065,99.08920683137259,100.31972333835117,XLRE,不動産,rate_sensitive,Improving,4.0,-1.0,-4.0
2025-07-30,40.405094146728516,0.22247804930918494,0.22282306818130876,99.0786176321803,100.23625572012256,XLRE,不動産,rate_sensitive,Improving,5.0,0.0,-2.0
2025-07-31,39.69572830200195,0.2205837326424336,0.22207662300168374,98.94851210688563,99.97130005432709,XLRE,不動産,rate_sensitive,Lagging,4.0,-1.0,-4.0
2025-08-01,39.58069610595703,0.22245215297771834,0.22220179966036196,98.99262476896006,100.05361605835019,XLRE,不動産,rate_sensitive,Improving,5.0,0.0,-3.0
2025-08-04,39.91621017456055,0.22162787763935932,0.22201049232002776,98.9661221712707,100.240461019016,XLRE,不動産,rate_sensitive,Improving,5.0,1.0,0.0
2025-08-05,40.0504150390625,0.22299184330971542,0.22233760931659033,99.0513222531186,100.16609011872487,XLRE,不動産,rate_sensitive,Improving,5.0,1.0,2.0
2025-08-06,39.71490478515625,0.221619619951859,0.22209827952834657,98.99911796063711,100.1124884178414,XLRE,不動産,rate_sensitive,Improving,4.0,-1.0,-1.0
2025-08-07,39.86827850341797,0.2226093820622236,0.22226864703963892,99.04429670957863,100.34706431275858,XLRE,不動産,rate_sensitive,Improving,5.0,1.0,2.0
2025-08-08,39.542354583740234,0.22039158203694573,0.22164295870540784,98.8808642124781,100.05633420887204,XLRE,不動産,rate_sensitive,Improving,4.0,-1.0,-1.0
2025-08-11,39.312286376953125,0.21970928858184036,0.22099840199755205,98.69686850050577,99.83439350804305,XLRE,不動産,rate_sensitive,Lagging,4.0,-1.0,-2.0
2025-08-12,39.37939453125,0.21732287204224646,0.21977322534578353,98.35926728104724,99.2368709261902,XLRE,不動産,rate_sensitive,Lagging,2.0,-3.0,-4.0
2025-08-13,39.63821029663086,0.21567185492524799,0.21840610187227172,98.02546735303883,98.7792784229474,XLRE,不動産,rate_sensitive,Lagging,1.0,-3.0,-2.0
2025-08-14,39.3602180480957,0.21556160384487688,0.21745793586314013,97.85886190982237,98.33915564746816,XLRE,不動産,rate_sensitive,Lagging,1.0,-4.0,-5.0
2025-08-15,39.619041442871094,0.21751607427941883,0.21747731533523304,97.97101487430795,98.62905290647412,XLRE,不動産,rate_sensitive,Lagging,1.0,-3.0,-2.0
2025-08-18,39.24518585205078,0.2155099168300465,0.2168215158335042,97.9015401394714,98.66235997390234,XLRE,不動産,rate_sensitive,Lagging,1.0,-3.0,-2.0
2025-08-19,39.94496536254883,0.21833045543564872,0.21732449570088574,98.12838865714694,99.6312708495309,XLRE,不動産,rate_sensitive,Lagging,1.0,-1.0,2.0
2025-08-20,40.09834289550781,0.21936855321026286,0.21800584820401148,98.37737188029567,100.75091879169723,XLRE,不動産,rate_sensitive,Improving,1.0,0.0,3.0
2025-08-21,39.95455551147461,0.21934635005608763,0.21845268215470354,98.54966023945303,101.38371950221799,XLRE,不動産,rate_sensitive,Improving,1.0,0.0,4.0
2025-08-22,40.58722686767578,0.21856290155910438,0.2184894219561705,98.61004903615296,101.23838860292682,XLRE,不動産,rate_sensitive,Improving,1.0,0.0,3.0
2025-08-25,40.38592529296875,0.21915588206215847,0.21871157532483315,98.71196944449775,101.51974896981758,XLRE,不動産,rate_sensitive,Improving,1.0,0.0,3.0
2025-08-26,40.27089309692383,0.21838068471191457,0.2186012784538603,98.72797020510565,101.0722354436231,XLRE,不動産,rate_sensitive,Improving,2.0,1.0,2.0
2025-08-27,40.44343566894531,0.21852663224821978,0.21857639638531345,98.76373003969232,100.64273914535158,XLRE,不動産,rate_sensitive,Improving,2.0,1.0,1.0
2025-08-28,40.337989807128906,0.2180608140768346,0.21840453561582052,98.76145079922773,100.31214221119406,XLRE,不動産,rate_sensitive,Improving,2.0,1.0,1.0
2025-08-29,40.558475494384766,0.21941548780780748,0.2187415196798162,98.87997238233369,100.4467164530223,XLRE,不動産,rate_sensitive,Improving,2.0,1.0,1.0
2025-09-02,39.86827850341797,0.21739892846798678,0.21829398927587307,98.80208240906042,100.11893854920936,XLRE,不動産,rate_sensitive,Improving,2.0,1.0,1.0
2025-09-03,39.76283264160156,0.2171605082923426,0.21791616228136293,98.7443101898201,99.99357922060214,XLRE,不動産,rate_sensitive,Lagging,2.0,0.0,-1.0
2025-09-04,40.0312385559082,0.21702340795164066,0.21761857750478886,98.70699116860781,99.86334561124937,XLRE,不動産,rate_sensitive,Lagging,2.0,0.0,-1.0
2025-09-05,40.43385314941406,0.21895021477979823,0.21806245659645868,98.85228484935932,100.18312708707339,XLRE,不動産,rate_sensitive,Improving,3.0,1.0,0.0
2025-09-08,40.16544723510742,0.21767006169026462,0.217931658294394,98.85050018294037,99.93739166583137,XLRE,不動産,rate_sensitive,Lagging,4.0,2.0,1.0
2025-09-09,40.146270751953125,0.218238376660951,0.218033897749913,98.90781223632015,100.21683655762534,XLRE,不動産,rate_sensitive,Improving,4.0,2.0,1.0
2025-09-10,40.127105712890625,0.21835521629394544,0.21814100393125718,98.96415829408835,100.45355946135102,XLRE,不動産,rate_sensitive,Improving,3.0,1.0,1.0
2025-09-11,40.778953552246094,0.21862619910499115,0.2183027356558352,99.03394967150133,100.6685779957039,XLRE,不動産,rate_sensitive,Improving,4.0,2.0,2.0
2025-09-12,40.59681701660156,0.21922769446934276,0.21861105526033772,99.14213747256903,100.5827985414665,XLRE,不動産,rate_sensitive,Improving,3.0,0.0,-1.0
2025-09-15,40.54888153076172,0.2193519068196736,0.21885800578011635,99.23280690765446,100.76904975566308,XLRE,不動産,rate_sensitive,Improving,3.0,-1.0,-3.0
2025-09-16,40.30923843383789,0.21863509932119576,0.21878370362714283,99.23288251767009,100.64506473199216,XLRE,不動産,rate_sensitive,Improving,4.0,0.0,-2.0
2025-09-17,40.290061950683594,0.21832220989132217,0.2186298723818693,99.20617523263688,100.47157271792466,XLRE,不動産,rate_sensitive,Improving,4.0,1.0,0.0
2025-09-18,40.318817138671875,0.2170602405679655,0.2181066617772347,99.05736117642805,100.02702185672932,XLRE,不動産,rate_sensitive,Improving,4.0,0.0,-2.0
2025-09-19,40.11751174926758,0.21635315248860237,0.21752215868102392,98.8735735704869,99.43728954392259,XLRE,不動産,rate_sensitive,Lagging,3.0,0.0,0.0
2025-09-22,40.249847412109375,0.21696321219001397,0.21733584318402063,98.79917166287491,99.1203837649546,XLRE,不動産,rate_sensitive,Lagging,3.0,0.0,1.0
2025-09-23,40.56859588623047,0.2184148526176107,0.21769551299521733,98.91033467497121,99.37049810049037,XLRE,不動産,rate_sensitive,Lagging,3.0,-1.0,-1.0
2025-09-24,40.153255462646484,0.21668394769218025,0.21735832456087165,98.76120333128223,99.13504277966076,XLRE,不動産,rate_sensitive,Lagging,3.0,-1.0,-2.0
2025-09-25,40.05665969848633,0.2179570924411247,0.21755791385428935,98.85460268094133,99.61811042280178,XLRE,不動産,rate_sensitive,Lagging,3.0,-1.0,-1.0
2025-09-26,40.45268630981445,0.2179525139242263,0.217689447210935,98.93331426764092,100.13661861036454,XLRE,不動産,rate_sensitive,Improving,3.0,0.0,0.0
2025-09-29,40.52995681762695,0.2176417099504848,0.21767353479078494,98.95042197960154,100.30286826740604,XLRE,不動産,rate_sensitive,Improving,3.0,0.0,0.0
2025-09-30,40.69417190551758,0.21794756493275655,0.21776487817144216,99.02071406654382,100.17916995968481,XLRE,不動産,rate_sensitive,Improving,3.0,0.0,1.0
2025-10-01,40.69417190551758,0.2174546367022387,0.21766146434837436,99.00188292743246,100.45729318541464,XLRE,不動産,rate_sensitive,Improving,3.0,0.0,1.0
2025-10-02,40.481666564941406,0.21580831485518143,0.2170437478506434,98.7480194790809,99.6021852412759,XLRE,不動産,rate_sensitive,Lagging,4.0,1.0,2.0
2025-10-03,40.645870208740234,0.215924590840319,0.2166706955138686,98.61928163595121,99.10107840722772,XLRE,不動産,rate_sensitive,Lagging,4.0,1.0,1.0
2025-10-06,40.24018859863281,0.2138365366340012,0.21572597588724615,98.25047547275786,98.22417283491954,XLRE,不動産,rate_sensitive,Lagging,4.0,1.0,1.0
2025-10-07,40.11461639404297,0.21410996007577793,0.21518730395009011,98.09577550309719,97.80768073297166,XLRE,不動産,rate_sensitive,Lagging,4.0,1.0,1.0
2025-10-08,39.911773681640625,0.21233568621644316,0.21423676470554115,97.80061332581234,97.37613538633865,XLRE,不動産,rate_sensitive,Lagging,2.0,-1.0,-1.0
2025-10-09,39.728248596191406,0.21312259415191773,0.21386537452100002,97.77674319046363,97.97769676641983,XLRE,不動産,rate_sensitive,Lagging,2.0,-2.0,-3.0
2025-10-10,39.29358673095703,0.2156529731223542,0.21446124072145142,98.11631284271058,98.98231546003728,XLRE,不動産,rate_sensitive,Lagging,3.0,-1.0,-2.0
2025-10-13,39.515743255615234,0.2147837870945627,0.21456875617915522,98.23863118491143,100.0094587044835,XLRE,不動産,rate_sensitive,Improving,3.0,-1.0,-2.0
2025-10-14,39.8924560546875,0.21504811699890486,0.21472854311907177,98.36586766560002,100.61207148205001,XLRE,不動産,rate_sensitive,Improving,1.0,-3.0,-4.0
2025-10-15,40.472007751464844,0.21773330014708883,0.21573012879507747,98.79698298217096,102.07779792245928,XLRE,不動産,rate_sensitive,Improving,3.0,1.0,2.0
2025-10-16,40.346435546875,0.21913479619667686,0.21686501792894394,99.26573043287314,102.87840211222294,XLRE,不動産,rate_sensitive,Improving,5.0,3.0,5.0
2025-10-17,40.607234954833984,0.21943686735569182,0.21772230107119325,99.62667997874057,102.73269766802005,XLRE,不動産,rate_sensitive,Improving,6.0,3.0,4.0
2025-10-20,41.0322380065918,0.2195382558297974,0.2183276193240613,99.89792012319738,102.79932998274985,XLRE,不動産,rate_sensitive,Improving,6.0,3.0,4.0
2025-10-21,40.90666961669922,0.21786825423282666,0.2181744976269831,99.8646257392436,102.38383181521056,XLRE,不動産,rate_sensitive,Improving,6.0,5.0,8.0
2025-10-22,41.09019470214844,0.21990628153170294,0.21875175892855642,100.1498907191726,102.05391287694663,XLRE,不動産,rate_sensitive,Leading,6.0,3.0,2.0
2025-10-23,41.05155944824219,0.2186628410324466,0.21872211962985316,100.17695928824553,101.3207417768598,XLRE,不動産,rate_sensitive,Leading,6.0,1.0,-2.0
2025-10-24,41.196449279785156,0.21883801118729437,0.21876075014900026,100.22827189944776,100.81619385683717,XLRE,不動産,rate_sensitive,Leading,8.0,2.0,-1.0
2025-10-27,41.28337860107422,0.21832946794878003,0.21861698941559354,100.20129754668947,100.34340251548956,XLRE,不動産,rate_sensitive,Leading,6.0,0.0,-3.0
2025-10-28,40.36575698852539,0.21532597046283508,0.2175199830980074,99.68304940941941,99.59094223309368,XLRE,不動産,rate_sensitive,Lagging,5.0,-1.0,-6.0
2025-10-29,39.264610290527344,0.21182095963108968,0.21562030860903486,98.71905562446196,97.76670194462397,XLRE,不動産,rate_sensitive,Lagging,3.0,-3.0,-6.0
2025-10-30,39.48677444458008,0.21393959818987526,0.21506007180264836,98.4472248569572,97.4954128610251,XLRE,不動産,rate_sensitive,Lagging,3.0,-3.0,-4.0
2025-10-31,39.5060920715332,0.21357730658793203,0.21456581673107628,98.21471452069042,97.31302626884842,XLRE,不動産,rate_sensitive,Lagging,2.0,-6.0,-8.0
2025-11-03,39.438472747802734,0.2137348848321104,0.214288839431421,98.0874772132294,97.38365969064691,XLRE,不動産,rate_sensitive,Lagging,2.0,-4.0,-4.0
2025-11-04,39.54472351074219,0.215737695365341,0.21477179140939434,98.37506769356348,98.45120168049252,XLRE,不動産,rate_sensitive,Lagging,2.0,-3.0,-2.0
2025-11-05,39.535064697265625,0.21442993625539092,0.2146578396913932,98.30852061683777,99.56606574453313,XLRE,不動産,rate_sensitive,Lagging,2.0,-1.0,2.0
2025-11-06,39.341880798339844,0.2148964632604915,0.21473738088109265,98.36779793495805,99.97237984664848,XLRE,不動産,rate_sensitive,Lagging,2.0,-1.0,2.0
2025-11-07,39.86347961425781,0.21593454946344356,0.21513643707520963,98.63730919076721,100.5746667730165,XLRE,不動産,rate_sensitive,Improving,2.0,0.0,6.0
2025-11-10,39.834503173828125,0.2145422082316647,0.214938360794028,98.55018324832774,100.6026968867625,XLRE,不動産,rate_sensitive,Improving,2.0,0.0,4.0
2025-11-11,40.27882385253906,0.2156889420761566,0.21518855455473757,98.75668406664144,100.48104198106928,XLRE,不動産,rate_sensitive,Improving,3.0,1.0,4.0
2025-11-12,39.96006774902344,0.21347571987712294,0.2146176096621994,98.44553322928945,100.15424341757213,XLRE,不動産,rate_sensitive,Improving,1.0,-1.0,0.0
2025-11-13,39.438472747802734,0.213098360125908,0.21411119315010227,98.20482026229918,99.7578675988258,XLRE,不動産,rate_sensitive,Lagging,1.0,-1.0,0.0
2025-11-14,39.554386138916016,0.21451184796865366,0.21424474475628608,98.35104399710163,99.5870137898446,XLRE,不動産,rate_sensitive,Lagging,1.0,-1.0,-1.0
2025-11-17,39.29358673095703,0.2159329174740637,0.21480746899554531,98.73352232798314,100.18274200227395,XLRE,不動産,rate_sensitive,Improving,1.0,-1.0,-1.0
2025-11-18,39.438472747802734,0.21660023892199334,0.215405058971028,99.11910754267403,100.41300765164846,XLRE,不動産,rate_sensitive,Improving,4.0,1.0,0.0
2025-11-19,39.12937927246094,0.21555521428275426,0.21545511074160342,99.17605886943707,100.88534633949047,XLRE,不動産,rate_sensitive,Improving,4.0,3.0,4.0
2025-11-20,38.99414825439453,0.21746325257913773,0.21612449135411488,99.59662122155103,101.68801065355842,XLRE,不動産,rate_sensitive,Improving,5.0,4.0,5.0
2025-11-21,39.5060920715332,0.216072249266906,0.21610707732504525,99.60721099144045,101.49136205087316,XLRE,不動産,rate_sensitive,Improving,5.0,4.0,5.0
2025-11-24,39.56404495239258,0.21549594991797777,0.2159033681893561,99.50507777582379,100.88077912145584,XLRE,不動産,rate_sensitive,Improving,6.0,5.0,6.0
2025-11-25,39.8828010559082,0.21418918974288373,0.21533197537386534,99.1814714897625,100.00446832797427,XLRE,不動産,rate_sensitive,Improving,4.0,0.0,-1.0
2025-11-26,40.05665969848633,0.2136322673149424,0.21476540602089103,98.86848785521839,99.55427698993151,XLRE,不動産,rate_sensitive,Lagging,4.0,0.0,-3.0
2025-11-28,40.249847412109375,0.2135081860423629,0.21434633269471498,98.65383738842978,98.80123629798766,XLRE,不動産,rate_sensitive,Lagging,2.0,-3.0,-7.0
2025-12-01,39.689613342285156,0.2119863082079441,0.21355965786579137,98.24387921576967,98.35008276967994,XLRE,不動産,rate_sensitive,Lagging,2.0,-3.0,-7.0
2025-12-02,39.59302520751953,0.21167072126360503,0.21293001233172926,97.9687967345417,98.2197911647575,XLRE,不動産,rate_sensitive,Lagging,1.0,-5.0,-10.0
2025-12-03,39.670291900634766,0.21047784630353172,0.2121126236556634,97.64288100555815,98.28731893138348,XLRE,不動産,rate_sensitive,Lagging,1.0,-3.0,-3.0
2025-12-04,39.60268020629883,0.2100533088721784,0.21142618539450175,97.44186229785163,98.47258298014746,XLRE,不動産,rate_sensitive,Lagging,1.0,-3.0,-3.0
2025-12-05,39.59302520751953,0.20950990977431952,0.21078742685444102,97.31315696567225,98.61455768440807,XLRE,不動産,rate_sensitive,Lagging,1.0,-1.0,2.0
2025-12-08,39.35154724121094,0.209486853089447,0.21035390226610967,97.30699172626548,99.0843064695953,XLRE,不動産,rate_sensitive,Lagging,1.0,-1.0,2.0
2025-12-09,39.11972427368164,0.20864630615301255,0.20978470356174397,97.25660451550145,99.3484012679189,XLRE,不動産,rate_sensitive,Lagging,1.0,0.0,5.0
2025-12-10,39.19699478149414,0.20615800115806737,0.20857580276051846,96.99349847668574,99.43441037481628,XLRE,不動産,rate_sensitive,Lagging,1.0,0.0,3.0
2025-12-11,39.40949630737305,0.20561516711750505,0.20758892421284733,96.88644331713564,99.55168527394133,XLRE,不動産,rate_sensitive,Lagging,1.0,0.0,3.0
2025-12-12,39.36119842529297,0.20676473202688353,0.20731419348419275,97.04180782317624,99.87307423435699,XLRE,不動産,rate_sensitive,Lagging,1.0,0.0,1.0
2025-12-15,39.515743255615234,0.20731933375474407,0.20731590690770987,97.25637916065243,100.12167787886929,XLRE,不動産,rate_sensitive,Improving,1.0,0.0,1.0
2025-12-16,39.16801452636719,0.20694835794302482,0.2071933905861482,97.39978569541168,100.33638182187813,XLRE,不動産,rate_sensitive,Improving,1.0,0.0,0.0
2025-12-17,39.341880798339844,0.20843065464187174,0.20760581193805605,97.68106084250103,100.91678248019946,XLRE,不動産,rate_sensitive,Improving,1.0,0.0,0.0
2025-12-18,39.10040283203125,0.2067093806875685,0.20730700152122689,97.72452400050823,101.05233945117891,XLRE,不動産,rate_sensitive,Improving,1.0,0.0,0.0
2025-12-19,38.95551300048828,0.20519596624547318,0.20660332309597565,97.65691097537949,100.78978440702035,XLRE,不動産,rate_sensitive,Improving,1.0,0.0,0.0
2025-12-22,39.244544982910156,0.20519748477891367,0.20613471032362166,97.66454313431866,100.55326108488838,XLRE,不動産,rate_sensitive,Improving,1.0,0.0,0.0
2025-12-23,39.23478698730469,0.20562455047211523,0.20596465703978617,97.75164815491814,100.47878199598846,XLRE,不動産,rate_sensitive,Improving,1.0,0.0,0.0
2025-12-24,39.488670349121094,0.20620756663741593,0.20604562690566278,97.88947434079371,100.31751166133107,XLRE,不動産,rate_sensitive,Improving,1.0,0.0,0.0
2025-12-26,39.56678771972656,0.20656219686893315,0.2062178168934196,98.03283071751817,100.41994419985329,XLRE,不動産,rate_sensitive,Improving,1.0,0.0,0.0
2025-12-29,39.674198150634766,0.20746542586338992,0.20663368655007636,98.21983801906543,100.68354077810076,XLRE,不動産,rate_sensitive,Improving,1.0,0.0,0.0
2025-12-30,39.762081146240234,0.20825859508503378,0.2071753227283955,98.42040922197545,100.87345877567647,XLRE,不動産,rate_sensitive,Improving,2.0,1.0,1.0
2025-12-31,39.40078353881836,0.20814380017703152,0.20749814854460752,98.55477133456218,100.90874308358698,XLRE,不動産,rate_sensitive,Improving,2.0,1.0,1.0
2026-01-02,39.43008041381836,0.2068944997198134,0.20729693226967616,98.55687073093905,100.74906417345234,XLRE,不動産,rate_sensitive,Improving,1.0,0.0,0.0
2026-01-05,39.478904724121094,0.2052457465456611,0.20661320369500447,98.44637687629509,100.46967545197599,XLRE,不動産,rate_sensitive,Improving,2.0,1.0,1.0
2026-01-06,39.7425537109375,0.20415169991729898,0.2057927024357693,98.31595583210812,100.12377242927421,XLRE,不動産,rate_sensitive,Improving,2.0,1.0,1.0
2026-01-07,39.19572448730469,0.2036270658143399,0.20507082356195952,98.22237537987439,99.80029305695498,XLRE,不動産,rate_sensitive,Lagging,3.0,1.0,0.0
2026-01-08,39.488670349121094,0.20340509243394184,0.2045155798526203,98.17678460630356,99.59063689051291,XLRE,不動産,rate_sensitive,Lagging,3.0,1.0,0.0
2026-01-09,39.54726028442383,0.20253165620316232,0.20385427196946768,98.11639604563499,99.51103464245918,XLRE,不動産,rate_sensitive,Lagging,3.0,2.0,2.0
2026-01-12,39.66443634033203,0.20294685926974534,0.20355180106956025,98.13879443905009,99.65085721848368,XLRE,不動産,rate_sensitive,Lagging,2.0,0.0,-1.0
2026-01-13,39.967140197753906,0.2044956723330521,0.20386642482405753,98.28324296853867,99.94893223066191,XLRE,不動産,rate_sensitive,Lagging,3.0,1.0,0.0
2026-01-14,40.41632080078125,0.20585721300444354,0.20453002088418623,98.48408656568704,100.26797760672527,XLRE,不動産,rate_sensitive,Improving,3.0,0.0,-1.0
2026-01-15,40.71902847290039,0.2064844469421632,0.20518149623684523,98.66797060986076,100.52893894393011,XLRE,不動産,rate_sensitive,Improving,5.0,2.0,1.0
2026-01-16,41.2170295715332,0.20954531864829734,0.20663610370732927,99.00242970203793,100.98368000180758,XLRE,不動産,rate_sensitive,Improving,6.0,3.0,1.0
2026-01-20,40.42608642578125,0.20863724574303438,0.2073031510525643,99.16868770361555,101.16543932756385,XLRE,不動産,rate_sensitive,Improving,6.0,4.0,4.0
2026-01-21,40.57255554199219,0.20590679625784938,0.206837699454326,99.0987404660278,100.96117691369308,XLRE,不動産,rate_sensitive,Improving,6.0,3.0,2.0
2026-01-22,40.172203063964844,0.203609507552357,0.20576163548700302,98.90204028033698,100.53813457608929,XLRE,不動産,rate_sensitive,Improving,6.0,3.0,3.0
2026-01-23,40.27961349487305,0.20506798842692,0.2055304198003087,98.882393352091,100.32786122569331,XLRE,不動産,rate_sensitive,Improving,6.0,1.0,-1.0
2026-01-26,40.25032424926758,0.20443549127730776,0.20516544362597505,98.8330603807693,99.88784225747688,XLRE,不動産,rate_sensitive,Lagging,6.0,0.0,-3.0
2026-01-27,40.27961349487305,0.20490308074397626,0.20507798933197546,98.84196043854548,99.71386092395436,XLRE,不動産,rate_sensitive,Lagging,5.0,-1.0,-5.0
2026-01-28,39.88902282714844,0.20360187177141473,0.20458595014512188,98.76052585949355,99.71192716394278,XLRE,不動産,rate_sensitive,Lagging,3.0,-3.0,-6.0
2026-01-29,40.39678955078125,0.20592355224902445,0.2050318175130894,98.89162534891499,100.10771318181793,XLRE,不動産,rate_sensitive,Improving,3.0,-3.0,-6.0
2026-01-30,40.455379486083984,0.20668031785293747,0.2055813176263721,99.04863320661894,100.29820682778862,XLRE,不動産,rate_sensitive,Improving,6.0,0.0,-1.0
2026-02-02,39.996437072753906,0.20328880798306004,0.2048171477452681,98.90468847674956,100.15027066189305,XLRE,不動産,rate_sensitive,Improving,6.0,0.0,0.0
2026-02-03,39.84996795654297,0.20308496813956242,0.2042397545433662,98.80800807624307,99.97215274024296,XLRE,不動産,rate_sensitive,Lagging,5.0,0.0,1.0
2026-02-04,40.484676361083984,0.2045376070521433,0.20433903871295858,98.8676110468667,100.12502221069266,XLRE,不動産,rate_sensitive,Improving,5.0,2.0,5.0
2026-02-05,40.26008224487305,0.20518536390380923,0.2046211471099088,98.96580352341762,100.04614344393956,XLRE,不動産,rate_sensitive,Improving,6.0,3.0,6.0
2026-02-06,41.0022087097168,0.2051449092413896,0.2047957344870691,99.03702764847803,99.90646323037299,XLRE,不動産,rate_sensitive,Lagging,7.0,1.0,1.0
2026-02-09,41.2560920715332,0.20629273668934767,0.20529473522116196,99.18221688874429,100.33663629192753,XLRE,不動産,rate_sensitive,Improving,7.0,1.0,1.0
2026-02-10,41.832210540771484,0.2084319574875757,0.20634047597663321,99.45696349461345,100.89118755126046,XLRE,不動産,rate_sensitive,Improving,7.0,2.0,2.0
2026-02-11,41.79315185546875,0.20786889371520806,0.20684994855615818,99.60514923633043,101.01295790057783,XLRE,不動産,rate_sensitive,Improving,7.0,2.0,0.0
2026-02-12,41.86150360107422,0.2109775260394377,0.20822580771725138,99.97401793792127,101.38519032884692,XLRE,不動産,rate_sensitive,Improving,7.0,1.0,-2.0
2026-02-13,42.4766845703125,0.2118830715309124,0.2094448956551384,100.31155981374187,101.71069210504874,XLRE,不動産,rate_sensitive,Leading,7.0,0.0,-1.0
2026-02-17,42.906333923339844,0.21439613446272598,0.21109530859100095,100.76388928487822,102.04344659759226,XLRE,不動産,rate_sensitive,Leading,7.0,0.0,-1.0
2026-02-18,42.3302116394043,0.21042632726834715,0.21087231481678304,100.73144663784441,101.55216425075301,XLRE,不動産,rate_sensitive,Leading,7.0,0.0,-2.0
2026-02-19,42.18374252319336,0.21014212689646827,0.21062891884334478,100.69976759695976,101.26830044017663,XLRE,不動産,rate_sensitive,Leading,7.0,0.0,-2.0
2026-02-20,42.535274505615234,0.21090698214942058,0.21072160661203673,100.76783254693386,100.84696350550067,XLRE,不動産,rate_sensitive,Leading,7.0,0.0,-1.0
2026-02-23,42.58409881591797,0.2134922575926418,0.21164515693890512,101.0756644097927,100.80574141363851,XLRE,不動産,rate_sensitive,Leading,7.0,0.0,0.0
2026-02-24,42.70127487182617,0.2123856750151768,0.21189199629766237,101.21022519231013,100.40656556036221,XLRE,不動産,rate_sensitive,Leading,7.0,0.0,0.0
2026-02-25,42.4180908203125,0.21085284864768886,0.2115456137476712,101.17566513196172,100.4289654715168,XLRE,不動産,rate_sensitive,Leading,6.0,-1.0,-1.0
2026-02-26,42.6036262512207,0.21058553352014528,0.21122558700516256,101.14918941571881,100.44558321498823,XLRE,不動産,rate_sensitive,Leading,6.0,-1.0,-1.0
2026-02-27,42.808685302734375,0.2113513541203988,0.21126750937690797,101.23416192535802,100.45959907109706,XLRE,不動産,rate_sensitive,Leading,6.0,-1.0,-1.0
2026-03-02,42.886802673339844,0.21213031363650156,0.21155511079677253,101.39785238916323,100.24362174532162,XLRE,不動産,rate_sensitive,Leading,6.0,-1.0,-1.0
2026-03-03,42.67197799682617,0.21368936144297798,0.21226652767884102,101.70343043327617,100.46077999114212,XLRE,不動産,rate_sensitive,Leading,8.0,1.0,1.0
2026-03-04,42.73056411743164,0.21312843864305117,0.21255383133357775,101.83539126380924,100.6787682555883,XLRE,不動産,rate_sensitive,Leading,9.0,3.0,4.0
2026-03-05,42.32044982910156,0.21355647204359843,0.21288804490358465,101.95955210131979,100.8928442033857,XLRE,不動産,rate_sensitive,Leading,10.0,4.0,5.0
2026-03-06,41.88103485107422,0.21388817390622653,0.2132214212377986,102.05062722393615,100.89753602048374,XLRE,不動産,rate_sensitive,Leading,10.0,4.0,5.0
2026-03-09,41.96891403198242,0.2137329270466602,0.2133919231740858,102.06013663019095,100.62595528565038,XLRE,不動産,rate_sensitive,Leading,10.0,4.0,5.0
2026-03-10,41.91032791137695,0.21504707744938617,0.21394364126585264,102.17347341791236,100.24942790257643,XLRE,不動産,rate_sensitive,Leading,10.0,2.0,1.0
2026-03-11,41.41232681274414,0.21319440522218225,0.2136938959179625,102.01316782209206,99.63299269905318,XLRE,不動産,rate_sensitive,Weakening,10.0,1.0,-2.0
2026-03-12,41.14867401123047,0.21516468832064006,0.21418416005218838,102.08489751707928,99.48004689243957,XLRE,不動産,rate_sensitive,Weakening,10.0,0.0,-4.0
2026-03-13,41.2560920715332,0.21573750976849718,0.214701943290958,102.13822927098747,99.35275628218739,XLRE,不動産,rate_sensitive,Weakening,10.0,0.0,-4.0
2026-03-16,41.57832717895508,0.2158166473808975,0.21507351132093785,102.13333836289625,99.27698745627733,XLRE,不動産,rate_sensitive,Weakening,10.0,0.0,-4.0
2026-03-17,41.715030670166016,0.21532237675324184,0.21515646646503922,102.04738743803804,98.81339796627265,XLRE,不動産,rate_sensitive,Weakening,9.0,-1.0,-3.0
2026-03-18,41.031497955322266,0.21461852308112242,0.21497715200373363,101.90165385634442,98.85150723076265,XLRE,不動産,rate_sensitive,Weakening,9.0,-1.0,-2.0
2026-03-19,40.9338493347168,0.214273890045601,0.21474273135102276,101.7566719170659,98.40674413862975,XLRE,不動産,rate_sensitive,Weakening,9.0,-1.0,-1.0
2026-03-20,39.63513946533203,0.2105690221873678,0.2133514949631378,101.32898452322567,97.51509553391695,XLRE,不動産,rate_sensitive,Weakening,9.0,-1.0,-1.0
2026-03-23,39.9310302734375,0.20990326107558296,0.21220208366728618,100.98843208141983,97.0740749973624,XLRE,不動産,rate_sensitive,Weakening,9.0,-1.0,-1.0
2026-03-24,39.606632232666016,0.2079485061398504,0.21078422449147427,100.58780824359019,96.81123618941224,XLRE,不動産,rate_sensitive,Weakening,9.0,0.0,1.0
2026-03-25,39.586971282958984,0.20684294936829056,0.20947046611707973,100.22016898902898,96.78163331412408,XLRE,不動産,rate_sensitive,Weakening,8.0,-1.0,0.0
2026-03-26,39.606632232666016,0.20886265273873608,0.20926786165763187,100.15184073658946,97.16628814881707,XLRE,不動産,rate_sensitive,Weakening,6.0,-3.0,-2.0
2026-03-27,39.33137893676758,0.21029459683751384,0.20961010671759253,100.23029485710461,98.04235719522114,XLRE,不動産,rate_sensitive,Weakening,7.0,-2.0,-1.0
2026-03-30,39.527984619140625,0.21178404405294124,0.2103347524960421,100.41106263792739,98.85306753340383,XLRE,不動産,rate_sensitive,Weakening,7.0,-2.0,-1.0
2026-03-31,40.137474060058594,0.21073560917740153,0.2104683713898286,100.43156235218639,99.49104620784588,XLRE,不動産,rate_sensitive,Weakening,7.0,-2.0,-2.0
2026-04-01,40.255435943603516,0.2106743634483392,0.21053703540933216,100.43586014318242,100.05281697145578,XLRE,不動産,rate_sensitive,Leading,8.0,0.0,1.0
2026-04-02,40.90424346923828,0.2134601034644679,0.21151139142771075,100.68339503659371,100.5304881068766,XLRE,不動産,rate_sensitive,Leading,8.0,2.0,5.0
2026-04-06,41.05169677734375,0.21331266779746727,0.21211181688429626,100.82333989736635,100.6246968430745,XLRE,不動産,rate_sensitive,Leading,8.0,1.0,3.0
2026-04-07,41.01237487792969,0.2135819312531125,0.21260185500723502,100.92763379124268,100.50754032218558,XLRE,不動産,rate_sensitive,Leading,8.0,1.0,3.0
2026-04-08,41.72016525268555,0.2123619258968948,0.21252187863712163,100.87753010092817,100.39351068719935,XLRE,不動産,rate_sensitive,Leading,8.0,1.0,3.0
2026-04-09,42.005245208740234,0.21368352176969344,0.21290909301464558,100.95200003309003,100.48150399867757,XLRE,不動産,rate_sensitive,Leading,8.0,0.0,0.0
2026-04-10,42.09371566772461,0.21569070855276826,0.21383629819401984,101.16811633808248,100.41614566203963,XLRE,不動産,rate_sensitive,Leading,10.0,2.0,0.0
2026-04-13,42.29032897949219,0.2143222636133707,0.2139982866671368,101.17868849490885,100.20500664532534,XLRE,不動産,rate_sensitive,Leading,10.0,2.0,1.0
2026-04-14,42.69337463378906,0.2154654088655725,0.21448732739994872,101.27916048591574,100.18436362710831,XLRE,不動産,rate_sensitive,Leading,11.0,3.0,2.0
2026-04-15,42.673709869384766,0.2152906796196326,0.2147551114731767,101.31766809813703,100.30749041229402,XLRE,不動産,rate_sensitive,Leading,10.0,2.0,1.0
2026-04-16,43.06692886352539,0.21628902757253152,0.21526641683962833,101.4183995745124,100.34207359745241,XLRE,不動産,rate_sensitive,Leading,10.0,2.0,2.0
2026-04-17,43.725563049316406,0.21687292031845887,0.21580191799923854,101.51835879863953,100.16959205139352,XLRE,不動産,rate_sensitive,Leading,10.0,0.0,-2.0
2026-04-20,43.882850646972656,0.21696953862900065,0.21619112487582592,101.5674677465083,100.24182632943051,XLRE,不動産,rate_sensitive,Leading,10.0,0.0,-2.0
2026-04-21,43.037437438964844,0.21410277246432577,0.2154950074053259,101.32711292086276,99.74171921567377,XLRE,不動産,rate_sensitive,Weakening,10.0,-1.0,-4.0
2026-04-22,42.722862243652344,0.2126322949719367,0.21454076992752952,101.03053327503868,99.24871729854969,XLRE,不動産,rate_sensitive,Weakening,10.0,0.0,-2.0
2026-04-23,43.21438217163086,0.21508921413427604,0.2147235846631117,101.0491437296896,99.14511663701826,XLRE,不動産,rate_sensitive,Weakening,10.0,0.0,-2.0
2026-04-24,43.08658981323242,0.2148989970674518,0.21478205546455842,101.0349967259509,98.99460826451566,XLRE,不動産,rate_sensitive,Weakening,10.0,0.0,0.0
2026-04-27,42.75235366821289,0.21348556227378548,0.21434989106763414,100.88739698609194,98.72068214852379,XLRE,不動産,rate_sensitive,Weakening,10.0,0.0,0.0
2026-04-28,43.16522979736328,0.21665316067413398,0.2151176476031341,101.0788881412106,99.37111974599013,XLRE,不動産,rate_sensitive,Weakening,10.0,0.0,1.0
2026-04-29,42.899810791015625,0.2156970123068151,0.21531076917102776,101.1108059870855,99.85789330454182,XLRE,不動産,rate_sensitive,Weakening,10.0,0.0,0.0
2026-04-30,43.64692306518555,0.21618492258457714,0.21560215364221091,101.17145900484984,99.91860833733439,XLRE,不動産,rate_sensitive,Weakening,10.0,0.0,0.0
2026-05-01,43.568275451660156,0.2164550424269366,0.21588644990378614,101.22876287401338,100.02672091908128,XLRE,不動産,rate_sensitive,Leading,10.0,0.0,0.0
2026-05-04,43.33234786987305,0.21654275581913685,0.2161052185422364,101.27537666029436,100.3145586062218,XLRE,不動産,rate_sensitive,Leading,10.0,0.0,0.0
2026-05-05,43.42082214355469,0.21527666033839785,0.21582903247429025,101.17786963720636,99.8715448518066,XLRE,不動産,rate_sensitive,Weakening,10.0,0.0,0.0
2026-05-06,43.98115539550781,0.21634096732333435,0.21599967742397164,101.22988457770057,99.90185217281005,XLRE,不動産,rate_sensitive,Weakening,10.0,0.0,0.0
2026-05-07,43.64692306518555,0.21607872427618272,0.2160260263747087,101.23867310316105,99.82305316949058,XLRE,不動産,rate_sensitive,Weakening,10.0,0.0,0.0
2026-05-08,43.6567497253418,0.21553435040896016,0.21586213438612584,101.1841866573175,99.65372541857191,XLRE,不動産,rate_sensitive,Weakening,9.0,-1.0,-1.0
2026-05-11,43.81403732299805,0.21642752255102868,0.21605059710776015,101.26690059789289,99.71572873258411,XLRE,不動産,rate_sensitive,Weakening,10.0,0.0,0.0
2026-05-12,43.82386779785156,0.21666728527612916,0.21625615983054983,101.35336434473876,100.00710066091435,XLRE,不動産,rate_sensitive,Leading,10.0,0.0,0.0
2026-05-13,43.46014404296875,0.21581143492883695,0.21610791819664554,101.28972538134971,99.84590789364368,XLRE,不動産,rate_sensitive,Weakening,10.0,0.0,0.0
2026-05-14,43.16522979736328,0.21356811651951665,0.2152613176376026,100.88605245101279,99.238034699931,XLRE,不動産,rate_sensitive,Weakening,9.0,-1.0,-1.0
2026-05-15,42.49676513671875,0.21245142437764505,0.2143246865509501,100.41569875036836,98.62882916613643,XLRE,不動産,rate_sensitive,Weakening,9.0,0.0,1.0
2026-05-18,43.0079460144043,0.2136923006006059,0.2141138912341687,100.29225756122136,98.33199848587694,XLRE,不動産,rate_sensitive,Weakening,9.0,-1.0,-1.0
2026-05-19,43.19472122192383,0.21587641626492468,0.21470139957775403,100.55902286687959,98.65151392205614,XLRE,不動産,rate_sensitive,Weakening,10.0,0.0,0.0
2026-05-20,43.676414489746094,0.21591707735412302,0.21510662550321039,100.73612361533559,99.07008088512707,XLRE,不動産,rate_sensitive,Weakening,10.0,0.0,0.0
2026-05-21,43.74522399902344,0.21532760340544976,0.21518028480395684,100.74786392649307,99.78136166860133,XLRE,不動産,rate_sensitive,Weakening,10.0,1.0,2.0
2026-05-22,43.80420684814453,0.21366612797717244,0.2146755658616954,100.46732668182291,100.12162010288698,XLRE,不動産,rate_sensitive,Leading,10.0,1.0,1.0
2026-05-26,43.95166015625,0.21329093406011596,0.2142140219278356,100.21079135849004,99.9082564013519,XLRE,不動産,rate_sensitive,Weakening,10.0,1.0,2.0
2026-05-27,43.87302017211914,0.2130632108668777,0.21383041824084964,99.99162749893927,99.10314168047346,XLRE,不動産,rate_sensitive,Lagging,9.0,-1.0,-1.0
2026-05-28,43.6567497253418,0.21123919730709018,0.2129666779295965,99.5143904159998,98.07668061953274,XLRE,不動産,rate_sensitive,Lagging,9.0,-1.0,-1.0
2026-05-29,43.243873596191406,0.20866028799374703,0.21153121461764668,98.73999404310396,97.04496372197447,XLRE,不動産,rate_sensitive,Lagging,7.0,-3.0,-4.0
2026-06-01,42.53608703613281,0.2048722894417438,0.20931157289234575,97.64997477855621,96.33294170661007,XLRE,不動産,rate_sensitive,Lagging,4.0,-6.0,-7.0
2026-06-02,42.75235366821289,0.20510023002436106,0.20790779193635087,97.15160635607361,96.47556221706489,XLRE,不動産,rate_sensitive,Lagging,2.0,-8.0,-9.0
2026-06-03,42.77201461791992,0.20596923202854625,0.207261605300416,97.0942463277325,96.9712860840565,XLRE,不動産,rate_sensitive,Lagging,2.0,-7.0,-6.0
2026-06-04,43.64692306518555,0.20860722144253824,0.20771014401445675,97.47461864203761,98.05080802791308,XLRE,不動産,rate_sensitive,Lagging,2.0,-7.0,-6.0
2026-06-05,43.94183349609375,0.21304828766636838,0.20948952523176065,98.30313248988939,99.88618646514075,XLRE,不動産,rate_sensitive,Lagging,8.0,1.0,4.0
2026-06-08,43.28319549560547,0.21007732315125816,0.20968545787159315,98.44157278506734,101.28963355706445,XLRE,不動産,rate_sensitive,Improving,8.0,4.0,10.0
2026-06-09,44.207252502441406,0.21294170921581096,0.21077087498633243,98.91717611375515,102.29167738924156,XLRE,不動産,rate_sensitive,Improving,8.0,6.0,14.0
2026-06-10,44.22691345214844,0.21578021448223744,0.21244065481830077,99.60346660917327,102.86324222272124,XLRE,不動産,rate_sensitive,Improving,9.0,7.0,14.0
2026-06-11,44.15809631347656,0.212137034625615,0.21233944808740554,99.57460412965872,102.30642177824991,XLRE,不動産,rate_sensitive,Improving,9.0,7.0,14.0
2026-06-12,44.590641021728516,0.21229197630384328,0.21232362415955147,99.58311392395547,101.4571634510022,XLRE,不動産,rate_sensitive,Improving,9.0,1.0,0.0
2026-06-15,44.22691345214844,0.20934368417958318,0.21133031083289538,99.20538523006685,100.94146532603594,XLRE,不動産,rate_sensitive,Improving,8.0,0.0,-4.0
2026-06-16,44.33504867553711,0.21055780966209853,0.21107281044262977,99.12871690753587,100.40558150109375,XLRE,不動産,rate_sensitive,Improving,8.0,0.0,-6.0
2026-06-17,43.22421646118164,0.20840578171565421,0.21018380086697125,98.8091339316581,99.45281962436061,XLRE,不動産,rate_sensitive,Lagging,5.0,-4.0,-11.0
2026-06-18,43.11608123779297,0.20692398914900667,0.20909719696098306,98.4360364482787,99.14101556798002,XLRE,不動産,rate_sensitive,Lagging,4.0,-5.0,-12.0
2026-06-22,43.652565002441406,0.20903895252491367,0.20907778214895995,98.48433658795909,99.18567871561308,XLRE,不動産,rate_sensitive,Lagging,4.0,-5.0,-6.0
2026-06-23,44.26738739013672,0.21271380941724882,0.2102897912383896,98.97334672843822,99.99353784107474,XLRE,不動産,rate_sensitive,Lagging,7.0,-1.0,-1.0
2026-06-24,44.13847351074219,0.21059220952849522,0.2103905973350915,99.01663324807103,100.08854911463632,XLRE,不動産,rate_sensitive,Improving,6.0,-2.0,-2.0
2026-06-25,44.21780776977539,0.20960576998120617,0.21012898821712972,98.90700049976991,100.26818698923482,XLRE,不動産,rate_sensitive,Improving,6.0,1.0,5.0
2026-06-26,44.86238098144531,0.21411733416180787,0.2114584368653558,99.3971337876671,101.08191673829766,XLRE,不動産,rate_sensitive,Improving,7.0,3.0,8.0
2026-06-29,44.545047760009766,0.20986853347521528,0.21092846906864232,99.17468475051476,100.78846643893269,XLRE,不動産,rate_sensitive,Improving,6.0,2.0,7.0
2026-06-30,43.662479400634766,0.20598112522743509,0.20927935445490659,98.54393162036976,99.67786342788138,XLRE,不動産,rate_sensitive,Lagging,5.0,-2.0,-1.0
2026-07-01,43.81122970581055,0.20606303999623357,0.20820724963534892,98.17584408711316,99.28420944904796,XLRE,不動産,rate_sensitive,Lagging,3.0,-3.0,-1.0
2026-07-02,44.30705642700195,0.20694059578958862,0.20778503168676218,98.07771513319896,99.31397450562774,XLRE,不動産,rate_sensitive,Lagging,3.0,-3.0,-4.0
2026-07-06,43.920310974121094,0.20504840864164084,0.20687282400505508,97.84596932998781,98.65239641242843,XLRE,不動産,rate_sensitive,Lagging,1.0,-6.0,-9.0
2026-07-07,44.51530075073242,0.20808751808597029,0.20727772203202682,98.07912757022554,99.12292443359537,XLRE,不動産,rate_sensitive,Lagging,2.0,-4.0,-6.0
2026-07-08,43.78147888183594,0.2070973232111073,0.20721758909172033,98.14275102373131,99.81000750400068,XLRE,不動産,rate_sensitive,Lagging,1.0,-4.0,-2.0
2026-07-09,43.860809326171875,0.20620927321981547,0.2068814838010854,98.116317645105,100.15092771190702,XLRE,不動産,rate_sensitive,Improving,1.0,-2.0,1.0
2026-07-10,44.078975677490234,0.2064613519233092,0.2067414398418267,98.15592181427158,100.2932534343846,XLRE,不動産,rate_sensitive,Improving,1.0,-2.0,1.0
2026-07-13,44.32688903808594,0.20769040320367216,0.20705776096244186,98.32865410095708,100.68971366832467,XLRE,不動産,rate_sensitive,Improving,2.0,1.0,7.0
2026-07-14,44.10872268676758,0.20742340868322542,0.2071796435360364,98.43009010242335,100.56070507686577,XLRE,不動産,rate_sensitive,Improving,2.0,0.0,4.0
2026-07-15,44.18805694580078,0.20826481448959053,0.20754136718722113,98.59315961754766,100.65601175437402,XLRE,不動産,rate_sensitive,Improving,3.0,2.0,6.0
2026-07-16,45.080543518066406,0.2104063977707052,0.20849637738171584,98.91811963416008,100.98984464488171,XLRE,不動産,rate_sensitive,Improving,4.0,3.0,5.0
2026-07-17,45.04087448120117,0.21188630792366692,0.2096263542290329,99.28397732416397,101.28455519368647,XLRE,不動産,rate_sensitive,Improving,6.0,5.0,7.0
2026-07-20,44.85246276855469,0.21194360900954531,0.21039877248920372,99.5397857843611,101.33477209852414,XLRE,不動産,rate_sensitive,Improving,8.0,6.0,5.0
2026-07-21,44.822715759277344,0.2114645853330974,0.2107540434371683,99.67047288833761,101.33328022495552,XLRE,不動産,rate_sensitive,Improving,8.0,6.0,6.0
2026-07-22,44.63429641723633,0.21063505482165187,0.21071438056532948,99.67852794853623,101.15931786799823,XLRE,不動産,rate_sensitive,Improving,8.0,5.0,3.0
2026-07-23,44.57480239868164,0.2111285373961307,0.21085243284226324,99.7385805114949,100.890534250448,XLRE,不動産,rate_sensitive,Improving,7.0,3.0,0.0
2026-07-24,45.56645584106445,0.21415806948712676,0.21195431172388443,100.10019081829829,100.86417248745809,XLRE,不動産,rate_sensitive,Leading,7.0,1.0,-4.0
2026-07-27,45.37803649902344,0.21167680067761746,0.21186180804179544,100.0862479793703,100.59977001028902,XLRE,不動産,rate_sensitive,Leading,7.0,-1.0,-7.0
2026-07-28,45.62594985961914,0.21037924155207466,0.2113676192118885,99.94293601482384,100.33482290831957,XLRE,不動産,rate_sensitive,Improving,9.0,1.0,-5.0
2026-07-29,45.57637023925781,0.21205994830720473,0.21159839557699395,100.03560760117536,100.40330105526265,XLRE,不動産,rate_sensitive,Leading,9.0,1.0,-4.0
2026-07-30,44.921878814697266,0.2093543445716215,0.21085037857520314,99.81283918845209,100.14372236648678,XLRE,不動産,rate_sensitive,Improving,8.0,1.0,-2.0
2026-07-31,44.69379806518555,0.2086498404416658,0.21011686586402403,99.59392623859404,99.62021643710109,XLRE,不動産,rate_sensitive,Lagging,8.0,1.0,0.0
2026-08-03,44.80288314819336,0.2071359900367098,0.20912324058825263,99.28677947818682,99.3674408458324,XLRE,不動産,rate_sensitive,Lagging,8.0,1.0,2.0
2026-08-04,44.79296112060547,0.2041562790811536,0.20746758675255297,98.75851912003854,99.04373140004554,XLRE,不動産,rate_sensitive,Lagging,4.0,-5.0,-6.0
2026-08-05,44.822715759277344,0.20475676024574424,0.20656397791695008,98.49413313727116,98.75821144454956,XLRE,不動産,rate_sensitive,Lagging,2.0,-7.0,-8.0
2026-08-06,44.435970306396484,0.20405802547701968,0.2057286604369733,98.26256016580595,98.78832308766842,XLRE,不動産,rate_sensitive,Lagging,2.0,-6.0,-7.0
2026-08-07,44.604549407958984,0.2034268635016683,0.20496139479187164,98.06688055377448,98.8438122215908,XLRE,不動産,rate_sensitive,Lagging,2.0,-6.0,-7.0
2026-08-10,44.02939224243164,0.20068521708770654,0.20353600222381663,97.6883694716739,98.8164067452639,XLRE,不動産,rate_sensitive,Lagging,2.0,-6.0,-7.0
2026-08-11,43.71206283569336,0.19881451334123165,0.20196217259628832,97.32130079414023,98.98445039967275,XLRE,不動産,rate_sensitive,Lagging,2.0,-2.0,3.0
2026-08-12,44.1186408996582,0.20030976262328154,0.20141136927195274,97.30171175054177,99.21706453320122,XLRE,不動産,rate_sensitive,Lagging,1.0,-1.0,6.0
2026-08-13,44.74338150024414,0.20164132668242268,0.2014880217421094,97.46035673486877,99.56397591656743,XLRE,不動産,rate_sensitive,Lagging,2.0,0.0,6.0
2026-08-14,44.89213180541992,0.20227535567568874,0.20175046638663585,97.66049113911959,99.90401564323912,XLRE,不動産,rate_sensitive,Lagging,2.0,0.0,6.0
2026-08-17,44.45580291748047,0.2021056841227553,0.20186887229867567,97.80766477504494,100.34267779503527,XLRE,不動産,rate_sensitive,Improving,1.0,-1.0,5.0
2026-08-18,44.25747299194336,0.20211946301849834,0.20195240253861657,97.93023175136733,100.73981549867123,XLRE,不動産,rate_sensitive,Improving,1.0,-1.0,1.0
2026-08-19,44.61446762084961,0.20165790886841217,0.2018542379818818,97.98610723037737,100.78175737711031,XLRE,不動産,rate_sensitive,Improving,1.0,0.0,1.0
2026-08-20,44.70371627807617,0.20370326656379883,0.20247058084252081,98.219918102545,100.82400201909708,XLRE,不動産,rate_sensitive,Improving,3.0,1.0,1.0
2026-08-21,44.70371627807617,0.20242594103583916,0.2024557009069603,98.26710738376072,100.6815089783379,XLRE,不動産,rate_sensitive,Improving,3.0,1.0,1.0
2026-08-24,44.951629638671875,0.20331006270075572,0.20274048817155876,98.39537688021203,100.65623456127852,XLRE,不動産,rate_sensitive,Improving,3.0,2.0,3.0
2026-08-25,44.981380462646484,0.2035913935096199,0.20302412328424585,98.51942045138098,100.6463243763574,XLRE,不動産,rate_sensitive,Improving,3.0,2.0,3.0
2026-08-26,44.71363067626953,0.20206973822152716,0.2027059949300063,98.47332190562925,100.54569802270434,XLRE,不動産,rate_sensitive,Improving,3.0,2.0,2.0
2026-08-27,44.2872200012207,0.20073920381071553,0.2020503978902427,98.34207463499847,100.22284837777485,XLRE,不動産,rate_sensitive,Improving,3.0,0.0,-1.0
2026-08-28,44.10872268676758,0.20061863170438818,0.2015731424949579,98.27630037937267,100.10255505826684,XLRE,不動産,rate_sensitive,Improving,3.0,0.0,-1.0
2026-08-31,43.74181365966797,0.2001287131567577,0.20109166604889117,98.22093851429298,99.90375338557139,XLRE,不動産,rate_sensitive,Lagging,3.0,0.0,-2.0
2026-09-01,43.67239761352539,0.20146404383434827,0.20121579197737688,98.32465183671131,99.83414140714846,XLRE,不動産,rate_sensitive,Lagging,3.0,0.0,-2.0
2026-09-02,43.36498260498047,0.19912163374092312,0.2005177392318923,98.21296696226453,99.71230305903224,XLRE,不動産,rate_sensitive,Lagging,2.0,-1.0,-3.0
2026-09-03,43.88064193725586,0.2001617261161211,0.20039906819330194,98.2571593905316,99.85538558104967,XLRE,不動産,rate_sensitive,Lagging,2.0,-1.0,-1.0
2026-09-04,43.563316345214844,0.19966698222124124,0.2001550395359484,98.27123478423964,99.93319342544446,XLRE,不動産,rate_sensitive,Lagging,2.0,-1.0,-1.0
2026-09-08,43.533565521240234,0.20162048478257827,0.20064352128482504,98.45566931091808,100.2002492315186,XLRE,不動産,rate_sensitive,Improving,2.0,-1.0,-1.0
2026-09-09,43.04765319824219,0.20131134869785997,0.20086613042250337,98.56351368213946,100.23737213442375,XLRE,不動産,rate_sensitive,Improving,2.0,-1.0,-1.0
2026-09-10,42.69065856933594,0.2010185808412593,0.20091694722875536,98.62008495565011,100.4909032605067,XLRE,不動産,rate_sensitive,Improving,2.0,0.0,1.0
2026-09-11,43.05757141113281,0.20114220665286905,0.20099203370345994,98.67954862033871,100.56848893795548,XLRE,不動産,rate_sensitive,Improving,2.0,0.0,1.0
2026-09-14,42.760074615478516,0.19962238905677296,0.20053548548789762,98.61053146782841,100.4938439680504,XLRE,不動産,rate_sensitive,Improving,2.0,0.0,1.0
2026-09-15,42.71049118041992,0.20036939929154593,0.20048012342244706,98.64191686980304,100.31412277681517,XLRE,不動産,rate_sensitive,Improving,3.0,1.0,2.0
2026-09-16,42.45266342163086,0.2007360199216689,0.20056542225552101,98.70522647387565,100.25879667913087,XLRE,不動産,rate_sensitive,Improving,3.0,1.0,2.0
2026-09-17,42.58157730102539,0.20037336114858392,0.200501401886542,98.73218369253017,100.20400182780718,XLRE,不動産,rate_sensitive,Improving,3.0,1.0,1.0
2026-09-18,42.17499923706055,0.19941369871987635,0.20013883416432016,98.6893582451471,100.04982587548218,XLRE,不動産,rate_sensitive,Improving,3.0,1.0,1.0
2026-09-21,42.59000015258789,0.2002539101903862,0.2001771928396755,98.74187589988531,100.18614070097074,XLRE,不動産,rate_sensitive,Improving,4.0,2.0,2.0
2026-09-22,42.5,0.19971804224863207,0.20002414264266105,98.7461210792475,100.14307657575327,XLRE,不動産,rate_sensitive,Improving,3.0,0.0,-1.0
2026-09-23,41.84000015258789,0.1980029370876603,0.1993504074576608,98.62987366555463,99.90363517252617,XLRE,不動産,rate_sensitive,Lagging,2.0,-1.0,-2.0
2026-09-24,41.650001525878906,0.19808809385527112,0.19892963625686427,98.57794679375596,99.80412891852481,XLRE,不動産,rate_sensitive,Lagging,2.0,-1.0,-2.0
2026-09-25,41.560001373291016,0.196864199958006,0.1982411574905782,98.46200868493884,99.72848448133954,XLRE,不動産,rate_sensitive,Lagging,2.0,-1.0,-2.0
2026-09-28,41.349998474121094,0.19714883851983495,0.1978770511669971,98.42747844413205,99.63032328651695,XLRE,不動産,rate_sensitive,Lagging,2.0,-2.0,-4.0
2026-09-29,41.349998474121094,0.19714883851983495,0.1976343136179431,98.42890116044613,99.623667172405,XLRE,不動産,rate_sensitive,Lagging,2.0,-1.0,-1.0
